Timestamp,Street,Event,Details
2025-10-12T18:41:29.092585,,Session Start,Corrections log recreated after deletion or fresh start.
2025-10-12T18:41:29.094042,,Other LINZ No CSV,No CSV files found in: Street Database\Other
2025-10-12T18:41:29.129134,,Majority Suburb,Detected: Papakura
2025-10-12T18:41:29.688133,,LINZ Miss,"Railway Street West, Papakura, Auckland → not found in LINZ sources (Auckland-gated)"
2025-10-12T18:41:29.689192,,Geocode Fallback,"LINZ failed for Railway Street West, Papakura, Auckland"
2025-10-12T18:41:34.459473,,Geocode Variant Used,geocode.xyz used: Original
2025-10-12T18:41:34.461240,,Geocode Success,"geocode.xyz: Street West, Papakura → lat:-37.06676, lon:174.93896"
2025-10-12T18:41:34.461240,,Geocode Source,"geocode.xyz returned: ('Street West, Papakura, Auckland', -37.06676, 174.93896, '') for input: Street West, Papakura"
2025-10-12T18:41:35.418619,,LINZ Miss,"Waterview Road East, Papakura, Auckland → not found in LINZ sources (Auckland-gated)"
2025-10-12T18:41:35.419935,,Geocode Fallback,"LINZ failed for Waterview Road East, Papakura, Auckland"
2025-10-12T18:41:36.377947,,Geocode Variant Used,geocode.xyz used: Original
2025-10-12T18:41:36.379416,,Geocode Success,"geocode.xyz: Road East, Papakura → lat:-37.06765, lon:174.94224"
2025-10-12T18:41:36.380423,,Geocode Source,"geocode.xyz returned: ('Road East, Papakura, Auckland', -37.06765, 174.94224, '') for input: Road East, Papakura"
2025-10-12T18:41:37.334976,,LINZ Miss,"Tironui Station Road East, Takanini, Auckland → not found in LINZ sources (Auckland-gated)"
2025-10-12T18:41:37.335983,,Geocode Fallback,"LINZ failed for Tironui Station Road East, Takanini, Auckland"
2025-10-12T18:41:38.406677,,Geocode Variant Used,geocode.xyz used: Original
2025-10-12T18:41:38.407891,,Geocode Success,"geocode.xyz: Station Road East, Takanini → lat:-37.04091, lon:174.9201"
2025-10-12T18:41:38.408898,,Geocode Source,"geocode.xyz returned: ('Station Road East, Takanini, Auckland', -37.04091, 174.9201, '') for input: Station Road East, Takanini"
2025-10-12T18:41:39.122657,,Other LINZ No CSV,No CSV files found in: Street Database\Other
2025-10-12T18:41:39.123654,,LINZ Memory Purge,Cleanup failed (ignored)
2025-10-12T18:41:39.125000,,Info,...message text...
2025-10-12T18:41:39.126008,,Info,...message text...
2025-10-12T18:41:39.128038,,Batch Geocoding Start,Starting With 0 Addresses
2025-10-12T18:41:39.129214,,Batch Geocoding Completed,0 address results retrieved
2025-10-12T18:41:39.132556,,Street Fail," Whangamaru Way, Pahurehure, Auckland → Missing number and/or street"
2025-10-12T18:41:39.134062,,Street Fail," Albert Street, Papakura, Auckland → Missing number and/or street"
2025-10-12T18:41:39.136074,,Street Fail," Albion Place, Papakura, Auckland → Missing number and/or street"
2025-10-12T18:41:39.137095,,Street Fail," Alf Walker Place, Papakura, Auckland → Missing number and/or street"
2025-10-12T18:41:39.138099,,Street Fail," Brynbela Court, Papakura, Auckland → Missing number and/or street"
2025-10-12T18:41:39.140114,,Street Fail," Alma Crescent, Papakura, Auckland → Missing number and/or street"
2025-10-12T18:41:39.142129,,Street Fail," Alpha Street, Papakura, Auckland → Missing number and/or street"
2025-10-12T18:41:39.144726,,Street Fail," Ancroft Street, Papakura, Auckland → Missing number and/or street"
2025-10-12T18:41:39.145836,,Street Fail," Arahopu Place, Papakura, Auckland → Missing number and/or street"
2025-10-12T18:41:39.146882,,Street Fail," Aramata Road, Papakura, Auckland → Missing number and/or street"
2025-10-12T18:41:39.147889,,Street Fail," Arapapa Road, Papakura, Auckland → Missing number and/or street"
2025-10-12T18:41:39.148896,,Street Fail," Arawa Street, Papakura, Auckland → Missing number and/or street"
2025-10-12T18:41:39.150948,,Street Fail," Arawa Street, Papakura, Auckland → Missing number and/or street"
2025-10-12T18:41:39.151955,,Street Fail," Arimu Road, Papakura, Auckland → Missing number and/or street"
2025-10-12T18:41:39.153462,,Street Fail," Artillery Drive, Papakura, Auckland → Missing number and/or street"
2025-10-12T18:41:39.154544,,Street Fail," Artistry Lane, Papakura, Auckland → Missing number and/or street"
2025-10-12T18:41:39.155549,,Street Fail," Bates Street, Papakura, Auckland → Missing number and/or street"
2025-10-12T18:41:39.156555,,Street Fail," Beardmore Lane, Papakura, Auckland → Missing number and/or street"
2025-10-12T18:41:39.157578,,Street Fail," Bei Road, Papakura, Auckland → Missing number and/or street"
2025-10-12T18:41:39.158581,,Street Fail," Belgrave Place, Papakura, Auckland → Missing number and/or street"
2025-10-12T18:41:39.159588,,Street Fail," Bellbird Street, Papakura, Auckland → Missing number and/or street"
2025-10-12T18:41:39.160601,,Street Fail," Bhangal Lane, Papakura, Auckland → Missing number and/or street"
2025-10-12T18:41:39.162051,,Street Fail," Bravery Road, Papakura, Auckland → Missing number and/or street"
2025-10-12T18:41:39.163559,,Street Fail," Brightwell Street, Papakura, Auckland → Missing number and/or street"
2025-10-12T18:41:39.164636,,Street Fail," Alliance Lane, Papakura, Auckland → Missing number and/or street"
2025-10-12T18:41:39.165661,,Street Fail," Bunnythorpe Road, Papakura, Auckland → Missing number and/or street"
2025-10-12T18:41:39.166704,,Street Fail," Busing Avenue, Papakura, Auckland → Missing number and/or street"
2025-10-12T18:41:39.168717,,Street Fail," Calvert Street, Papakura, Auckland → Missing number and/or street"
2025-10-12T18:41:39.169723,,Street Fail," Campbell Place, Papakura, Auckland → Missing number and/or street"
2025-10-12T18:41:39.170730,,Street Fail," Captain Rings Drive, Papakura, Auckland → Missing number and/or street"
2025-10-12T18:41:39.171736,,Street Fail," Cargill Street, Papakura, Auckland → Missing number and/or street"
2025-10-12T18:41:39.173243,,Street Fail," Chapel Street, Papakura, Auckland → Missing number and/or street"
2025-10-12T18:41:39.174319,,Street Fail," Charles Henry Way, Papakura, Auckland → Missing number and/or street"
2025-10-12T18:41:39.175379,,Street Fail," Clayden Shuttleworth Street, Papakura, Auckland → Missing number and/or street"
2025-10-12T18:41:39.176386,,Street Fail," Clevedon Road, Papakura, Auckland → Missing number and/or street"
2025-10-12T18:41:39.177893,,Street Fail," Coles Crescent, Papakura, Auckland → Missing number and/or street"
2025-10-12T18:41:39.178930,,Street Fail," Combat Street, Papakura, Auckland → Missing number and/or street"
2025-10-12T18:41:39.180983,,Street Fail," Command Lane, Papakura, Auckland → Missing number and/or street"
2025-10-12T18:41:39.181989,,Street Fail," Cooper Place, Papakura, Auckland → Missing number and/or street"
2025-10-12T18:41:39.183498,,Street Fail," Corkill Place, Papakura, Auckland → Missing number and/or street"
2025-10-12T18:41:39.184565,,Street Fail," Corporal Street, Papakura, Auckland → Missing number and/or street"
2025-10-12T18:41:39.185629,,Street Fail," Cosgrave Road, Papakura, Auckland → Missing number and/or street"
2025-10-12T18:41:39.186662,,Street Fail," Courage Road, Papakura, Auckland → Missing number and/or street"
2025-10-12T18:41:39.187668,,Street Fail," Crestview Rise, Papakura, Auckland → Missing number and/or street"
2025-10-12T18:41:39.189688,,Street Fail," Creswell Lane, Papakura, Auckland → Missing number and/or street"
2025-10-12T18:41:39.189688,,Street Fail," Croskery Road, Papakura, Auckland → Missing number and/or street"
2025-10-12T18:41:39.192138,,Street Fail," Darley Way, Papakura, Auckland → Missing number and/or street"
2025-10-12T18:41:39.192138,,Street Fail," Dignity Street, Papakura, Auckland → Missing number and/or street"
2025-10-12T18:41:39.194673,,Street Fail," Dittmer Place, Papakura, Auckland → Missing number and/or street"
2025-10-12T18:41:39.195681,,Street Fail," Don Street, Papakura, Auckland → Missing number and/or street"
2025-10-12T18:41:39.196688,,Street Fail," Duke Street, Papakura, Auckland → Missing number and/or street"
2025-10-12T18:41:39.197694,,Street Fail," Edmund Hillary Avenue, Papakura, Auckland → Missing number and/or street"
2025-10-12T18:41:39.200150,,Street Fail," Emmerdale Avenue, Papakura, Auckland → Missing number and/or street"
2025-10-12T18:41:39.201157,,Street Fail," Ettrick Lane, Papakura, Auckland → Missing number and/or street"
2025-10-12T18:41:39.202163,,Street Fail," Evans Place, Papakura, Auckland → Missing number and/or street"
2025-10-12T18:41:39.203670,,Street Fail," Fairdale Avenue, Papakura, Auckland → Missing number and/or street"
2025-10-12T18:41:39.204740,,Street Fail," Farmland Road, Papakura, Auckland → Missing number and/or street"
2025-10-12T18:41:39.205743,,Street Fail," Fermi Lane, Papakura, Auckland → Missing number and/or street"
2025-10-12T18:41:39.207790,,Street Fail," Fernaig Street, Papakura, Auckland → Missing number and/or street"
2025-10-12T18:41:39.209005,,Street Fail," Frazen Avenue, Papakura, Auckland → Missing number and/or street"
2025-10-12T18:41:39.210034,,Street Fail," Fredrick Hanson Road, Papakura, Auckland → Missing number and/or street"
2025-10-12T18:41:39.211041,,Street Fail," Gallantry Crescent, Papakura, Auckland → Missing number and/or street"
2025-10-12T18:41:39.212043,,Street Fail," Gills Avenue, Papakura, Auckland → Missing number and/or street"
2025-10-12T18:41:39.213550,,Street Fail," Glenburn Place, Papakura, Auckland → Missing number and/or street"
2025-10-12T18:41:39.215642,,Street Fail," Green Street, Papakura, Auckland → Missing number and/or street"
2025-10-12T18:41:39.216688,,Street Fail," Hapai Lane, Papakura, Auckland → Missing number and/or street"
2025-10-12T18:41:39.217695,,Street Fail," Harper Street, Papakura, Auckland → Missing number and/or street"
2025-10-12T18:41:39.218701,,Street Fail," Heard Road, Papakura, Auckland → Missing number and/or street"
2025-10-12T18:41:39.220714,,Street Fail," Heathdale Crescent, Papakura, Auckland → Missing number and/or street"
2025-10-12T18:41:39.221721,,Street Fail," Heihei Street, Papakura, Auckland → Missing number and/or street"
2025-10-12T18:41:39.221721,,Street Fail," Hill Crescent, Papakura, Auckland → Missing number and/or street"
2025-10-12T18:41:39.224291,,Street Fail," Hoia Street, Papakura, Auckland → Missing number and/or street"
2025-10-12T18:41:39.225751,,Street Fail," Honour Road, Papakura, Auckland → Missing number and/or street"
2025-10-12T18:41:39.226758,,Street Fail," Huahua Crescent, Papakura, Auckland → Missing number and/or street"
2025-10-12T18:41:39.227764,,Street Fail," Huritao Lane, Papakura, Auckland → Missing number and/or street"
2025-10-12T18:41:39.229221,,Street Fail," Imjin Place, Papakura, Auckland → Missing number and/or street"
2025-10-12T18:41:39.230227,,Street Fail," Infantry Lane, Papakura, Auckland → Missing number and/or street"
2025-10-12T18:41:39.231233,,Street Fail," Ingram Street, Papakura, Auckland → Missing number and/or street"
2025-10-12T18:41:39.232239,,Street Fail," Jack Farrell Place, Papakura, Auckland → Missing number and/or street"
2025-10-12T18:41:39.233748,,Street Fail," Ohiwa Road, Papakura, Auckland → Missing number and/or street"
2025-10-12T18:41:39.234756,,Street Fail," Kaipara Road, Papakura, Auckland → Missing number and/or street"
2025-10-12T18:41:39.236769,,Street Fail," Kapuarangi Lane, Papakura, Auckland → Missing number and/or street"
2025-10-12T18:41:39.237775,,Street Fail," Keeney Court, Papakura, Auckland → Missing number and/or street"
2025-10-12T18:41:39.238781,,Street Fail," Kerry Place, Papakura, Auckland → Missing number and/or street"
2025-10-12T18:41:39.240853,,Street Fail," Kirikiri Drive, Papakura, Auckland → Missing number and/or street"
2025-10-12T18:41:39.241857,,Street Fail," Kokako Rise, Papakura, Auckland → Missing number and/or street"
2025-10-12T18:41:39.243364,,Street Fail," Korakora Lane, Papakura, Auckland → Missing number and/or street"
2025-10-12T18:41:39.244433,,Street Fail," Kukutai Lane, Papakura, Auckland → Missing number and/or street"
2025-10-12T18:41:39.245614,,Street Fail," Lamborn Drive, Papakura, Auckland → Missing number and/or street"
2025-10-12T18:41:39.247652,,Street Fail," Lansdown Place, Papakura, Auckland → Missing number and/or street"
2025-10-12T18:41:39.248660,,Street Fail," Papauma Place, Papakura, Auckland → Missing number and/or street"
2025-10-12T18:41:39.249695,,Street Fail," Laurie Avenue, Papakura, Auckland → Missing number and/or street"
2025-10-12T18:41:39.251704,,Street Fail," Leadership Crescent, Papakura, Auckland → Missing number and/or street"
2025-10-12T18:41:39.252710,,Street Fail," Liberation Road, Papakura, Auckland → Missing number and/or street"
2025-10-12T18:41:39.254216,,Street Fail," Liddesdale Place, Papakura, Auckland → Missing number and/or street"
2025-10-12T18:41:39.255229,,Street Fail," Lieutenant Lane, Papakura, Auckland → Missing number and/or street"
2025-10-12T18:41:39.256256,,Street Fail," Loris Place, Papakura, Auckland → Missing number and/or street"
2025-10-12T18:41:39.258290,,Street Fail," Maadi Place, Papakura, Auckland → Missing number and/or street"
2025-10-12T18:41:39.259296,,Street Fail," Mangatiti Street, Papakura, Auckland → Missing number and/or street"
2025-10-12T18:41:39.260469,,Street Fail," Margaret Street, Papakura, Auckland → Missing number and/or street"
2025-10-12T18:41:39.262486,,Street Fail," Margaret Williams Drive, Papakura, Auckland → Missing number and/or street"
2025-10-12T18:41:39.263987,,Street Fail," Markedo Place, Papakura, Auckland → Missing number and/or street"
2025-10-12T18:41:39.265189,,Street Fail," Marne Road, Papakura, Auckland → Missing number and/or street"
2025-10-12T18:41:39.266197,,Street Fail," Marples Place, Papakura, Auckland → Missing number and/or street"
2025-10-12T18:41:39.268266,,Street Fail," Matheson Street, Papakura, Auckland → Missing number and/or street"
2025-10-12T18:41:39.269296,,Street Fail," Maurice Street, Papakura, Auckland → Missing number and/or street"
2025-10-12T18:41:39.270310,,Street Fail," Melgran Avenue, Papakura, Auckland → Missing number and/or street"
2025-10-12T18:41:39.271316,,Street Fail," Menary Street, Papakura, Auckland → Missing number and/or street"
2025-10-12T18:41:39.273849,,Street Fail," Mettle Lane, Papakura, Auckland → Missing number and/or street"
2025-10-12T18:41:39.274856,,Street Fail," Military Lane, Papakura, Auckland → Missing number and/or street"
2025-10-12T18:41:39.275863,,Street Fail," Millfield Lane, Papakura, Auckland → Missing number and/or street"
2025-10-12T18:41:39.277891,,Street Fail," Milson Drive, Papakura, Auckland → Missing number and/or street"
2025-10-12T18:41:39.279243,,Street Fail," Minhas Road, Papakura, Auckland → Missing number and/or street"
2025-10-12T18:41:39.280250,,Street Fail," Montana Place, Papakura, Auckland → Missing number and/or street"
2025-10-12T18:41:39.281256,,Street Fail," Mountbatten Place, Papakura, Auckland → Missing number and/or street"
2025-10-12T18:41:39.282262,,Street Fail," Nagra Lane, Papakura, Auckland → Missing number and/or street"
2025-10-12T18:41:39.284804,,Street Fail," Rollerson Street, Papakura, Auckland → Missing number and/or street"
2025-10-12T18:41:39.285808,,Street Fail," Nykki Place, Papakura, Auckland → Missing number and/or street"
2025-10-12T18:41:39.287863,,Street Fail," John Burn Road, Papakura, Auckland → Missing number and/or street"
2025-10-12T18:41:39.288896,,Street Fail," Okawa Avenue, Papakura, Auckland → Missing number and/or street"
2025-10-12T18:41:39.289903,,Street Fail," Old Villa Way, Papakura, Auckland → Missing number and/or street"
2025-10-12T18:41:39.292126,,Street Fail," Old Wairoa Road, Papakura, Auckland → Missing number and/or street"
2025-10-12T18:41:39.292126,,Street Fail," Olympic Place, Papakura, Auckland → Missing number and/or street"
2025-10-12T18:41:39.294688,,Street Fail," Ope Taua Street, Papakura, Auckland → Missing number and/or street"
2025-10-12T18:41:39.295695,,Street Fail," Oregon Place, Papakura, Auckland → Missing number and/or street"
2025-10-12T18:41:39.297708,,Street Fail," Orion Street, Papakura, Auckland → Missing number and/or street"
2025-10-12T18:41:39.298715,,Street Fail," Osborne Place, Papakura, Auckland → Missing number and/or street"
2025-10-12T18:41:39.299834,,Street Fail," O'Shannessey Street, Papakura, Auckland → Missing number and/or street"
2025-10-12T18:41:39.301872,,Street Fail," Pakaraka Drive, Papakura, Auckland → Missing number and/or street"
2025-10-12T18:41:39.301872,,Street Fail," Lauren Grove, Papakura, Auckland → Missing number and/or street"
2025-10-12T18:41:39.304418,,Street Fail," Papaview Road, Papakura, Auckland → Missing number and/or street"
2025-10-12T18:41:39.305643,,Street Fail," Parachute Crescent, Papakura, Auckland → Missing number and/or street"
2025-10-12T18:41:39.306667,,Street Fail," Parahau Road, Papakura, Auckland → Missing number and/or street"
2025-10-12T18:41:39.308680,,Street Fail," Paretaiuru Crescent, Papakura, Auckland → Missing number and/or street"
2025-10-12T18:41:39.309686,,Street Fail," Parker Street, Papakura, Auckland → Missing number and/or street"
2025-10-12T18:41:39.310692,,Street Fail," Pasla Close, Papakura, Auckland → Missing number and/or street"
2025-10-12T18:41:39.312058,,Street Fail," Patea Place, Papakura, Auckland → Missing number and/or street"
2025-10-12T18:41:39.313565,,Street Fail," Pembrook Street, Papakura, Auckland → Missing number and/or street"
2025-10-12T18:41:39.314641,,Street Fail," Pohuehue Lane, Papakura, Auckland → Missing number and/or street"
2025-10-12T18:41:39.316671,,Street Fail," Poruru Close, Papakura, Auckland → Missing number and/or street"
2025-10-12T18:41:39.318692,,Street Fail," Pratt Street, Papakura, Auckland → Missing number and/or street"
2025-10-12T18:41:39.319748,,Street Fail," President Avenue, Papakura, Auckland → Missing number and/or street"
2025-10-12T18:41:39.320756,,Street Fail," Prosper Way, Papakura, Auckland → Missing number and/or street"
2025-10-12T18:41:39.321762,,Street Fail," Pukeroa Place, Papakura, Auckland → Missing number and/or street"
2025-10-12T18:41:39.323270,,Street Fail," Putiputi Way, Papakura, Auckland → Missing number and/or street"
2025-10-12T18:41:39.325380,,Street Fail," Queen Street, Papakura, Auckland → Missing number and/or street"
2025-10-12T18:41:39.326387,,Street Fail," Railway Street West, Papakura, Auckland → Missing number and/or street"
2025-10-12T18:41:39.328397,,Street Fail," Ray Small Drive, Papakura, Auckland → Missing number and/or street"
2025-10-12T18:41:39.329399,,Street Fail," Tuwhare Street, Papakura, Auckland → Missing number and/or street"
2025-10-12T18:41:39.331422,,Street Fail," Regiment Road, Papakura, Auckland → Missing number and/or street"
2025-10-12T18:41:39.332429,,Street Fail," Renwick Street, Papakura, Auckland → Missing number and/or street"
2025-10-12T18:41:39.334948,,Street Fail," Valour Lane, Papakura, Auckland → Missing number and/or street"
2025-10-12T18:41:39.335955,,Street Fail," Rice Crescent, Papakura, Auckland → Missing number and/or street"
2025-10-12T18:41:39.336978,,Street Fail," Riroriro Close, Papakura, Auckland → Missing number and/or street"
2025-10-12T18:41:39.338991,,Street Fail," Roku Place, Papakura, Auckland → Missing number and/or street"
2025-10-12T18:41:39.339997,,Street Fail," Nola Dawn Avenue, Papakura, Auckland → Missing number and/or street"
2025-10-12T18:41:39.342134,,Street Fail," Romilly Court, Papakura, Auckland → Missing number and/or street"
2025-10-12T18:41:39.343641,,Street Fail," Ron Keat Drive, Papakura, Auckland → Missing number and/or street"
2025-10-12T18:41:39.344711,,Street Fail," Russell Avenue, Papakura, Auckland → Missing number and/or street"
2025-10-12T18:41:39.346892,,Street Fail," Saddleback Crescent, Papakura, Auckland → Missing number and/or street"
2025-10-12T18:41:39.348902,,Street Fail," Settlement Road, Papakura, Auckland → Missing number and/or street"
2025-10-12T18:41:39.350000,,Street Fail," Sheehan Avenue, Papakura, Auckland → Missing number and/or street"
2025-10-12T18:41:39.352014,,Street Fail," Shepherds Road, Papakura, Auckland → Missing number and/or street"
2025-10-12T18:41:39.353522,,Street Fail," Shirley Avenue, Papakura, Auckland → Missing number and/or street"
2025-10-12T18:41:39.354591,,Street Fail," Smiths Avenue, Papakura, Auckland → Missing number and/or street"
2025-10-12T18:41:39.356601,,Street Fail," Snell Avenue, Papakura, Auckland → Missing number and/or street"
2025-10-12T18:41:39.358614,,Street Fail," Stitchbird Crescent, Papakura, Auckland → Missing number and/or street"
2025-10-12T18:41:39.360626,,Street Fail," Sunburst Street, Papakura, Auckland → Missing number and/or street"
2025-10-12T18:41:39.361628,,Street Fail," Sunshine Place, Papakura, Auckland → Missing number and/or street"
2025-10-12T18:41:39.364137,,Street Fail," Swamp Kauri Grove, Papakura, Auckland → Missing number and/or street"
2025-10-12T18:41:39.366202,,Street Fail," Taiaha Street, Papakura, Auckland → Missing number and/or street"
2025-10-12T18:41:39.367226,,Street Fail," Tarapuke Lane, Papakura, Auckland → Missing number and/or street"
2025-10-12T18:41:39.369232,,Street Fail," Tauarai Place, Papakura, Auckland → Missing number and/or street"
2025-10-12T18:41:39.371244,,Street Fail," Te Akitai Green, Papakura, Auckland → Missing number and/or street"
2025-10-12T18:41:39.372250,,Street Fail," Kapuarangi Lane, Papakura, Auckland → Missing number and/or street"
2025-10-12T18:41:39.374762,,Street Fail," Kapuarangi Lane, Papakura, Auckland → Missing number and/or street"
2025-10-12T18:41:39.375769,,Street Fail," Te Aramanu Crescent, Papakura, Auckland → Missing number and/or street"
2025-10-12T18:41:39.377773,,Street Fail," Te Kaapia Road, Papakura, Auckland → Missing number and/or street"
2025-10-12T18:41:39.379249,,Street Fail," Te Rauroha Street, Papakura, Auckland → Missing number and/or street"
2025-10-12T18:41:39.381311,,Street Fail," Tensing Place, Papakura, Auckland → Missing number and/or street"
2025-10-12T18:41:39.382347,,Street Fail," Tiel Lane, Papakura, Auckland → Missing number and/or street"
2025-10-12T18:41:39.383852,,Street Fail," Tilbrook Place, Papakura, Auckland → Missing number and/or street"
2025-10-12T18:41:39.385858,,Street Fail," Trentham Road, Papakura, Auckland → Missing number and/or street"
2025-10-12T18:41:39.387871,,Street Fail," Troop Road, Papakura, Auckland → Missing number and/or street"
2025-10-12T18:41:39.389883,,Street Fail," Tukauri Place, Papakura, Auckland → Missing number and/or street"
2025-10-12T18:41:39.391124,,Street Fail," Tumu Road, Papakura, Auckland → Missing number and/or street"
2025-10-12T18:41:39.392133,,Street Fail," Turehu Road, Papakura, Auckland → Missing number and/or street"
2025-10-12T18:41:39.393640,,Street Fail," Recovery Road, Papakura, Auckland → Missing number and/or street"
2025-10-12T18:41:39.395728,,Street Fail," Wesleydale Place, Red Hill, Auckland → Missing number and/or street"
2025-10-12T18:41:39.397765,,Street Fail," Valentine Street, Papakura, Auckland → Missing number and/or street"
2025-10-12T18:41:39.398773,,Street Fail," Resolute Way, Papakura, Auckland → Missing number and/or street"
2025-10-12T18:41:39.400802,,Street Fail," Vernon Street, Papakura, Auckland → Missing number and/or street"
2025-10-12T18:41:39.401808,,Street Fail," Vigour Lane, Papakura, Auckland → Missing number and/or street"
2025-10-12T18:41:39.404365,,Street Fail," Viola Place, Papakura, Auckland → Missing number and/or street"
2025-10-12T18:41:39.406388,,Street Fail," Wahine Street, Papakura, Auckland → Missing number and/or street"
2025-10-12T18:41:39.407390,,Street Fail," Waitaua Street, Papakura, Auckland → Missing number and/or street"
2025-10-12T18:41:39.409400,,Street Fail," Walsh Road, Papakura, Auckland → Missing number and/or street"
2025-10-12T18:41:39.411412,,Street Fail," Waotapuke Place, Papakura, Auckland → Missing number and/or street"
2025-10-12T18:41:39.412472,,Street Fail," Warbler Crescent, Papakura, Auckland → Missing number and/or street"
2025-10-12T18:41:39.414671,,Street Fail," Waterview Road East, Papakura, Auckland → Missing number and/or street"
2025-10-12T18:41:39.415678,,Street Fail," West Street, Papakura, Auckland → Missing number and/or street"
2025-10-12T18:41:39.417722,,Street Fail," Wharf Street, Papakura, Auckland → Missing number and/or street"
2025-10-12T18:41:39.419735,,Street Fail," Willis Road, Papakura, Auckland → Missing number and/or street"
2025-10-12T18:41:39.420741,,Street Fail," Wilson Place, Papakura, Auckland → Missing number and/or street"
2025-10-12T18:41:39.421746,,Street Fail," Wing Crescent, Papakura, Auckland → Missing number and/or street"
2025-10-12T18:41:39.424318,,Street Fail," Winiata Terrace, Papakura, Auckland → Missing number and/or street"
2025-10-12T18:41:39.426382,,Street Fail," Wood Street, Papakura, Auckland → Missing number and/or street"
2025-10-12T18:41:39.427408,,Street Fail," Yang Place, Papakura, Auckland → Missing number and/or street"
2025-10-12T18:41:39.429437,,Street Fail," Yarrow Lane, Papakura, Auckland → Missing number and/or street"
2025-10-12T18:41:39.430443,,Street Fail," Awanui Rise, Red Hill, Auckland → Missing number and/or street"
2025-10-12T18:41:39.431924,,Street Fail," Berlane Place, Red Hill, Auckland → Missing number and/or street"
2025-10-12T18:41:39.434492,,Street Fail," Carisbrook Crescent, Red Hill, Auckland → Missing number and/or street"
2025-10-12T18:41:39.435773,,Street Fail," Crestlands Place, Red Hill, Auckland → Missing number and/or street"
2025-10-12T18:41:39.437789,,Street Fail," Duckworth Road, Red Hill, Auckland → Missing number and/or street"
2025-10-12T18:41:39.439801,,Street Fail," Eastburn Street, Red Hill, Auckland → Missing number and/or street"
2025-10-12T18:41:39.441123,,Street Fail," Harrier Place, Red Hill, Auckland → Missing number and/or street"
2025-10-12T18:41:39.442132,,Street Fail," Heketara Place, Red Hill, Auckland → Missing number and/or street"
2025-10-12T18:41:39.444700,,Street Fail," Holcroft Street, Red Hill, Auckland → Missing number and/or street"
2025-10-12T18:41:39.446711,,Street Fail," Kereru Rise, Red Hill, Auckland → Missing number and/or street"
2025-10-12T18:41:39.447927,,Street Fail," Kotahitanga Street, Red Hill, Auckland → Missing number and/or street"
2025-10-12T18:41:39.449979,,Street Fail," Liddy Place, Red Hill, Auckland → Missing number and/or street"
2025-10-12T18:41:39.450985,,Street Fail," Mcentee Street, Red Hill, Auckland → Missing number and/or street"
2025-10-12T18:41:39.451989,,Street Fail," Orpheus Place, Red Hill, Auckland → Missing number and/or street"
2025-10-12T18:41:39.454564,,Street Fail," Perkins Street, Red Hill, Auckland → Missing number and/or street"
2025-10-12T18:41:39.456594,,Street Fail," Stewart Street, Red Hill, Auckland → Missing number and/or street"
2025-10-12T18:41:39.457601,,Street Fail," Strummers Lane, Red Hill, Auckland → Missing number and/or street"
2025-10-12T18:41:39.459614,,Street Fail," Tanah Merah Drive, Red Hill, Auckland → Missing number and/or street"
2025-10-12T18:41:39.461783,,Street Fail," Union Street, Papakura, Auckland → Missing number and/or street"
2025-10-12T18:41:39.463285,,Street Fail," Arion Road, Takanini, Auckland → Missing number and/or street"
2025-10-12T18:41:39.465301,,Street Fail," Earlywood Road, Takanini, Auckland → Missing number and/or street"
2025-10-12T18:41:39.467297,,Street Fail," Gum Spear Road, Takanini, Auckland → Missing number and/or street"
2025-10-12T18:41:39.469289,,Street Fail," Kanono Road, Takanini, Auckland → Missing number and/or street"
2025-10-12T18:41:39.471283,,Street Fail," Katipo Road, Takanini, Auckland → Missing number and/or street"
2025-10-12T18:41:39.472280,,Street Fail," Koroheke Road, Takanini, Auckland → Missing number and/or street"
2025-10-12T18:41:39.474777,,Street Fail," Opoka Street, Takanini, Auckland → Missing number and/or street"
2025-10-12T18:41:39.477772,,Street Fail," Takanini Road, Takanini, Auckland → Missing number and/or street"
2025-10-12T18:41:39.478992,,Street Fail," Taukari Road, Takanini, Auckland → Missing number and/or street"
2025-10-12T18:41:39.481127,,Street Fail," Tironui Station Road East, Takanini, Auckland → Missing number and/or street"
2025-10-12T18:41:39.488865,Albert Street,Reclassify To Clean,"Status='Available', Final Status='Fail' → clean"
2025-10-12T18:41:39.491123,Alma Crescent,Reclassify To Clean,"Status='Available', Final Status='Fail' → clean"
2025-10-12T18:41:39.492195,Albion Place,Reclassify To Clean,"Status='Available', Final Status='Fail' → clean"
2025-10-12T18:41:39.494721,Brynbela Court,Reclassify To Clean,"Status='Available', Final Status='Fail' → clean"
2025-10-12T18:41:39.495785,Whangamaru Way,Reclassify To Clean,"Status='Available', Final Status='Fail' → clean"
2025-10-12T18:41:39.499040,Alpha Street,Reclassify To Clean,"Status='Available', Final Status='Fail' → clean"
2025-10-12T18:41:39.500556,Alf Walker Place,Reclassify To Clean,"Status='Available', Final Status='Fail' → clean"
2025-10-12T18:41:39.502085,Ancroft Street,Reclassify To Clean,"Status='Available', Final Status='Fail' → clean"
2025-10-12T18:41:39.503600,Arahopu Place,Reclassify To Clean,"Status='Available', Final Status='Fail' → clean"
2025-10-12T18:41:39.505962,Aramata Road,Reclassify To Clean,"Status='Available', Final Status='Fail' → clean"
2025-10-12T18:41:39.506966,Arapapa Road,Reclassify To Clean,"Status='Available', Final Status='Fail' → clean"
2025-10-12T18:41:39.509019,Arawa Street,Reclassify To Clean,"Status='Available', Final Status='Fail' → clean"
2025-10-12T18:41:39.510026,Arawa Street,Reclassify To Clean,"Status='Available', Final Status='Fail' → clean"
2025-10-12T18:41:39.512058,Arimu Road,Reclassify To Clean,"Status='Available', Final Status='Fail' → clean"
2025-10-12T18:41:39.513566,Artillery Drive,Reclassify To Clean,"Status='Available', Final Status='Fail' → clean"
2025-10-12T18:41:39.514638,Artistry Lane,Reclassify To Clean,"Status='Available', Final Status='Fail' → clean"
2025-10-12T18:41:39.516706,Bates Street,Reclassify To Clean,"Status='Available', Final Status='Fail' → clean"
2025-10-12T18:41:39.518721,Beardmore Lane,Reclassify To Clean,"Status='Available', Final Status='Fail' → clean"
2025-10-12T18:41:39.520734,Bei Road,Reclassify To Clean,"Status='Available', Final Status='Fail' → clean"
2025-10-12T18:41:39.521736,Belgrave Place,Reclassify To Clean,"Status='Available', Final Status='Fail' → clean"
2025-10-12T18:41:39.524293,Bellbird Street,Reclassify To Clean,"Status='Available', Final Status='Fail' → clean"
2025-10-12T18:41:39.525302,Bhangal Lane,Reclassify To Clean,"Status='Available', Final Status='Fail' → clean"
2025-10-12T18:41:39.527315,Bravery Road,Reclassify To Clean,"Status='Available', Final Status='Fail' → clean"
2025-10-12T18:41:39.529733,Brightwell Street,Reclassify To Clean,"Status='Available', Final Status='Fail' → clean"
2025-10-12T18:41:39.530739,Alliance Lane,Reclassify To Clean,"Status='Available', Final Status='Fail' → clean"
2025-10-12T18:41:39.533254,Bunnythorpe Road,Reclassify To Clean,"Status='Available', Final Status='Fail' → clean"
2025-10-12T18:41:39.534352,Busing Avenue,Reclassify To Clean,"Status='Available', Final Status='Fail' → clean"
2025-10-12T18:41:39.536386,Calvert Street,Reclassify To Clean,"Status='Available', Final Status='Fail' → clean"
2025-10-12T18:41:39.538398,Campbell Place,Reclassify To Clean,"Status='Available', Final Status='Fail' → clean"
2025-10-12T18:41:39.540478,Captain Rings Drive,Reclassify To Clean,"Status='Available', Final Status='Fail' → clean"
2025-10-12T18:41:39.542492,Cargill Street,Reclassify To Clean,"Status='Available', Final Status='Fail' → clean"
2025-10-12T18:41:39.543489,Chapel Street,Reclassify To Clean,"Status='Available', Final Status='Fail' → clean"
2025-10-12T18:41:39.545688,Charles Henry Way,Reclassify To Clean,"Status='Available', Final Status='Fail' → clean"
2025-10-12T18:41:39.547718,Clayden Shuttleworth Street,Reclassify To Clean,"Status='Available', Final Status='Fail' → clean"
2025-10-12T18:41:39.549731,Clevedon Road,Reclassify To Clean,"Status='Available', Final Status='Fail' → clean"
2025-10-12T18:41:39.551776,Coles Crescent,Reclassify To Clean,"Status='Available', Final Status='Fail' → clean"
2025-10-12T18:41:39.553283,Combat Street,Reclassify To Clean,"Status='Available', Final Status='Fail' → clean"
2025-10-12T18:41:39.555425,Command Lane,Reclassify To Clean,"Status='Available', Final Status='Fail' → clean"
2025-10-12T18:41:39.556427,Cooper Place,Reclassify To Clean,"Status='Available', Final Status='Fail' → clean"
2025-10-12T18:41:39.558446,Corkill Place,Reclassify To Clean,"Status='Available', Final Status='Fail' → clean"
2025-10-12T18:41:39.560459,Corporal Street,Reclassify To Clean,"Status='Available', Final Status='Fail' → clean"
2025-10-12T18:41:39.562551,Cosgrave Road,Reclassify To Clean,"Status='Available', Final Status='Fail' → clean"
2025-10-12T18:41:39.564057,Courage Road,Reclassify To Clean,"Status='Available', Final Status='Fail' → clean"
2025-10-12T18:41:39.566098,Crestview Rise,Reclassify To Clean,"Status='Available', Final Status='Fail' → clean"
2025-10-12T18:41:39.568112,Creswell Lane,Reclassify To Clean,"Status='Available', Final Status='Fail' → clean"
2025-10-12T18:41:39.570236,Croskery Road,Reclassify To Clean,"Status='Available', Final Status='Fail' → clean"
2025-10-12T18:41:39.572258,Darley Way,Reclassify To Clean,"Status='Available', Final Status='Fail' → clean"
2025-10-12T18:41:39.573758,Dignity Street,Reclassify To Clean,"Status='Available', Final Status='Fail' → clean"
2025-10-12T18:41:39.575771,Dittmer Place,Reclassify To Clean,"Status='Available', Final Status='Fail' → clean"
2025-10-12T18:41:39.577793,Don Street,Reclassify To Clean,"Status='Available', Final Status='Fail' → clean"
2025-10-12T18:41:39.579244,Duke Street,Reclassify To Clean,"Status='Available', Final Status='Fail' → clean"
2025-10-12T18:41:39.581258,Edmund Hillary Avenue,Reclassify To Clean,"Status='Available', Final Status='Fail' → clean"
2025-10-12T18:41:39.582264,Emmerdale Avenue,Reclassify To Clean,"Status='Available', Final Status='Fail' → clean"
2025-10-12T18:41:39.584844,Ettrick Lane,Reclassify To Clean,"Status='Available', Final Status='Fail' → clean"
2025-10-12T18:41:39.586853,Evans Place,Reclassify To Clean,"Status='Available', Final Status='Fail' → clean"
2025-10-12T18:41:39.588866,Fairdale Avenue,Reclassify To Clean,"Status='Available', Final Status='Fail' → clean"
2025-10-12T18:41:39.589872,Farmland Road,Reclassify To Clean,"Status='Available', Final Status='Fail' → clean"
2025-10-12T18:41:39.592132,Fermi Lane,Reclassify To Clean,"Status='Available', Final Status='Fail' → clean"
2025-10-12T18:41:39.593639,Fernaig Street,Reclassify To Clean,"Status='Available', Final Status='Fail' → clean"
2025-10-12T18:41:39.595884,Frazen Avenue,Reclassify To Clean,"Status='Available', Final Status='Fail' → clean"
2025-10-12T18:41:39.596891,Fredrick Hanson Road,Reclassify To Clean,"Status='Available', Final Status='Fail' → clean"
2025-10-12T18:41:39.598909,Gallantry Crescent,Reclassify To Clean,"Status='Available', Final Status='Fail' → clean"
2025-10-12T18:41:39.600975,Gills Avenue,Reclassify To Clean,"Status='Available', Final Status='Fail' → clean"
2025-10-12T18:41:39.603489,Glenburn Place,Reclassify To Clean,"Status='Available', Final Status='Fail' → clean"
2025-10-12T18:41:39.604573,Green Street,Reclassify To Clean,"Status='Available', Final Status='Fail' → clean"
2025-10-12T18:41:39.606640,Hapai Lane,Reclassify To Clean,"Status='Available', Final Status='Fail' → clean"
2025-10-12T18:41:39.608815,Harper Street,Reclassify To Clean,"Status='Available', Final Status='Fail' → clean"
2025-10-12T18:41:39.610828,Heard Road,Reclassify To Clean,"Status='Available', Final Status='Fail' → clean"
2025-10-12T18:41:39.611830,Heathdale Crescent,Reclassify To Clean,"Status='Available', Final Status='Fail' → clean"
2025-10-12T18:41:39.614411,Heihei Street,Reclassify To Clean,"Status='Available', Final Status='Fail' → clean"
2025-10-12T18:41:39.615438,Hill Crescent,Reclassify To Clean,"Status='Available', Final Status='Fail' → clean"
2025-10-12T18:41:39.617476,Hoia Street,Reclassify To Clean,"Status='Available', Final Status='Fail' → clean"
2025-10-12T18:41:39.619489,Honour Road,Reclassify To Clean,"Status='Available', Final Status='Fail' → clean"
2025-10-12T18:41:39.621501,Huahua Crescent,Reclassify To Clean,"Status='Available', Final Status='Fail' → clean"
2025-10-12T18:41:39.623504,Huritao Lane,Reclassify To Clean,"Status='Available', Final Status='Fail' → clean"
2025-10-12T18:41:39.624978,Imjin Place,Reclassify To Clean,"Status='Available', Final Status='Fail' → clean"
2025-10-12T18:41:39.627173,Infantry Lane,Reclassify To Clean,"Status='Available', Final Status='Fail' → clean"
2025-10-12T18:41:39.629217,Ingram Street,Reclassify To Clean,"Status='Available', Final Status='Fail' → clean"
2025-10-12T18:41:39.631265,Jack Farrell Place,Reclassify To Clean,"Status='Available', Final Status='Fail' → clean"
2025-10-12T18:41:39.633268,Ohiwa Road,Reclassify To Clean,"Status='Available', Final Status='Fail' → clean"
2025-10-12T18:41:39.634827,Kaipara Road,Reclassify To Clean,"Status='Available', Final Status='Fail' → clean"
2025-10-12T18:41:39.636858,Kapuarangi Lane,Reclassify To Clean,"Status='Available', Final Status='Fail' → clean"
2025-10-12T18:41:39.638871,Keeney Court,Reclassify To Clean,"Status='Available', Final Status='Fail' → clean"
2025-10-12T18:41:39.641120,Kerry Place,Reclassify To Clean,"Status='Available', Final Status='Fail' → clean"
2025-10-12T18:41:39.642130,Kirikiri Drive,Reclassify To Clean,"Status='Available', Final Status='Fail' → clean"
2025-10-12T18:41:39.644659,Kokako Rise,Reclassify To Clean,"Status='Available', Final Status='Fail' → clean"
2025-10-12T18:41:39.646921,Korakora Lane,Reclassify To Clean,"Status='Available', Final Status='Fail' → clean"
2025-10-12T18:41:39.648934,Kukutai Lane,Reclassify To Clean,"Status='Available', Final Status='Fail' → clean"
2025-10-12T18:41:39.650976,Lamborn Drive,Reclassify To Clean,"Status='Available', Final Status='Fail' → clean"
2025-10-12T18:41:39.651983,Lansdown Place,Reclassify To Clean,"Status='Available', Final Status='Fail' → clean"
2025-10-12T18:41:39.654517,Papauma Place,Reclassify To Clean,"Status='Available', Final Status='Fail' → clean"
2025-10-12T18:41:39.656707,Laurie Avenue,Reclassify To Clean,"Status='Available', Final Status='Fail' → clean"
2025-10-12T18:41:39.658722,Leadership Crescent,Reclassify To Clean,"Status='Available', Final Status='Fail' → clean"
2025-10-12T18:41:39.660736,Liberation Road,Reclassify To Clean,"Status='Available', Final Status='Fail' → clean"
2025-10-12T18:41:39.662057,Liddesdale Place,Reclassify To Clean,"Status='Available', Final Status='Fail' → clean"
2025-10-12T18:41:39.664615,Lieutenant Lane,Reclassify To Clean,"Status='Available', Final Status='Fail' → clean"
2025-10-12T18:41:39.666707,Loris Place,Reclassify To Clean,"Status='Available', Final Status='Fail' → clean"
2025-10-12T18:41:39.668720,Maadi Place,Reclassify To Clean,"Status='Available', Final Status='Fail' → clean"
2025-10-12T18:41:39.670732,Mangatiti Street,Reclassify To Clean,"Status='Available', Final Status='Fail' → clean"
2025-10-12T18:41:39.673281,Margaret Street,Reclassify To Clean,"Status='Available', Final Status='Fail' → clean"
2025-10-12T18:41:39.675380,Margaret Williams Drive,Reclassify To Clean,"Status='Available', Final Status='Fail' → clean"
2025-10-12T18:41:39.676386,Markedo Place,Reclassify To Clean,"Status='Available', Final Status='Fail' → clean"
2025-10-12T18:41:39.679081,Marne Road,Reclassify To Clean,"Status='Available', Final Status='Fail' → clean"
2025-10-12T18:41:39.681095,Marples Place,Reclassify To Clean,"Status='Available', Final Status='Fail' → clean"
2025-10-12T18:41:39.683609,Matheson Street,Reclassify To Clean,"Status='Available', Final Status='Fail' → clean"
2025-10-12T18:41:39.685703,Maurice Street,Reclassify To Clean,"Status='Available', Final Status='Fail' → clean"
2025-10-12T18:41:39.687717,Melgran Avenue,Reclassify To Clean,"Status='Available', Final Status='Fail' → clean"
2025-10-12T18:41:39.689730,Menary Street,Reclassify To Clean,"Status='Available', Final Status='Fail' → clean"
2025-10-12T18:41:39.691748,Mettle Lane,Reclassify To Clean,"Status='Available', Final Status='Fail' → clean"
2025-10-12T18:41:39.693255,Military Lane,Reclassify To Clean,"Status='Available', Final Status='Fail' → clean"
2025-10-12T18:41:39.695887,Millfield Lane,Reclassify To Clean,"Status='Available', Final Status='Fail' → clean"
2025-10-12T18:41:39.697918,Milson Drive,Reclassify To Clean,"Status='Available', Final Status='Fail' → clean"
2025-10-12T18:41:39.699959,Minhas Road,Reclassify To Clean,"Status='Available', Final Status='Fail' → clean"
2025-10-12T18:41:39.701973,Montana Place,Reclassify To Clean,"Status='Available', Final Status='Fail' → clean"
2025-10-12T18:41:39.704550,Mountbatten Place,Reclassify To Clean,"Status='Available', Final Status='Fail' → clean"
2025-10-12T18:41:39.705703,Nagra Lane,Reclassify To Clean,"Status='Available', Final Status='Fail' → clean"
2025-10-12T18:41:39.707725,Rollerson Street,Reclassify To Clean,"Status='Available', Final Status='Fail' → clean"
2025-10-12T18:41:39.709751,Nykki Place,Reclassify To Clean,"Status='Available', Final Status='Fail' → clean"
2025-10-12T18:41:39.712057,John Burn Road,Reclassify To Clean,"Status='Available', Final Status='Fail' → clean"
2025-10-12T18:41:39.714632,Okawa Avenue,Reclassify To Clean,"Status='Available', Final Status='Fail' → clean"
2025-10-12T18:41:39.716734,Old Villa Way,Reclassify To Clean,"Status='Available', Final Status='Fail' → clean"
2025-10-12T18:41:39.718748,Old Wairoa Road,Reclassify To Clean,"Status='Available', Final Status='Fail' → clean"
2025-10-12T18:41:39.720762,Olympic Place,Reclassify To Clean,"Status='Available', Final Status='Fail' → clean"
2025-10-12T18:41:39.721768,Ope Taua Street,Reclassify To Clean,"Status='Available', Final Status='Fail' → clean"
2025-10-12T18:41:39.724318,Oregon Place,Reclassify To Clean,"Status='Available', Final Status='Fail' → clean"
2025-10-12T18:41:39.726611,Orion Street,Reclassify To Clean,"Status='Available', Final Status='Fail' → clean"
2025-10-12T18:41:39.728724,Osborne Place,Reclassify To Clean,"Status='Available', Final Status='Fail' → clean"
2025-10-12T18:41:39.730738,O'Shannessey Street,Reclassify To Clean,"Status='Available', Final Status='Fail' → clean"
2025-10-12T18:41:39.731745,Pakaraka Drive,Reclassify To Clean,"Status='Available', Final Status='Fail' → clean"
2025-10-12T18:41:39.735283,Lauren Grove,Reclassify To Clean,"Status='Available', Final Status='Fail' → clean"
2025-10-12T18:41:39.737296,Papaview Road,Reclassify To Clean,"Status='Available', Final Status='Fail' → clean"
2025-10-12T18:41:39.739314,Parachute Crescent,Reclassify To Clean,"Status='Available', Final Status='Fail' → clean"
2025-10-12T18:41:39.741346,Parahau Road,Reclassify To Clean,"Status='Available', Final Status='Fail' → clean"
2025-10-12T18:41:39.743351,Paretaiuru Crescent,Reclassify To Clean,"Status='Available', Final Status='Fail' → clean"
2025-10-12T18:41:39.744863,Parker Street,Reclassify To Clean,"Status='Available', Final Status='Fail' → clean"
2025-10-12T18:41:39.747896,Pasla Close,Reclassify To Clean,"Status='Available', Final Status='Fail' → clean"
2025-10-12T18:41:39.749939,Patea Place,Reclassify To Clean,"Status='Available', Final Status='Fail' → clean"
2025-10-12T18:41:39.751949,Pembrook Street,Reclassify To Clean,"Status='Available', Final Status='Fail' → clean"
2025-10-12T18:41:39.753455,Pohuehue Lane,Reclassify To Clean,"Status='Available', Final Status='Fail' → clean"
2025-10-12T18:41:39.755560,Poruru Close,Reclassify To Clean,"Status='Available', Final Status='Fail' → clean"
2025-10-12T18:41:39.757591,Pratt Street,Reclassify To Clean,"Status='Available', Final Status='Fail' → clean"
2025-10-12T18:41:39.759603,President Avenue,Reclassify To Clean,"Status='Available', Final Status='Fail' → clean"
2025-10-12T18:41:39.762057,Prosper Way,Reclassify To Clean,"Status='Available', Final Status='Fail' → clean"
2025-10-12T18:41:39.763559,Pukeroa Place,Reclassify To Clean,"Status='Available', Final Status='Fail' → clean"
2025-10-12T18:41:39.765660,Putiputi Way,Reclassify To Clean,"Status='Available', Final Status='Fail' → clean"
2025-10-12T18:41:39.767700,Queen Street,Reclassify To Clean,"Status='Available', Final Status='Fail' → clean"
2025-10-12T18:41:39.770741,Railway Street West,Reclassify To Clean,"Status='Available', Final Status='Fail' → clean"
2025-10-12T18:41:39.771747,Ray Small Drive,Reclassify To Clean,"Status='Available', Final Status='Fail' → clean"
2025-10-12T18:41:39.774351,Tuwhare Street,Reclassify To Clean,"Status='Available', Final Status='Fail' → clean"
2025-10-12T18:41:39.776384,Regiment Road,Reclassify To Clean,"Status='Available', Final Status='Fail' → clean"
2025-10-12T18:41:39.778972,Renwick Street,Reclassify To Clean,"Status='Available', Final Status='Fail' → clean"
2025-10-12T18:41:39.781154,Valour Lane,Reclassify To Clean,"Status='Available', Final Status='Fail' → clean"
2025-10-12T18:41:39.782157,Rice Crescent,Reclassify To Clean,"Status='Available', Final Status='Fail' → clean"
2025-10-12T18:41:39.785707,Riroriro Close,Reclassify To Clean,"Status='Available', Final Status='Fail' → clean"
2025-10-12T18:41:39.787811,Roku Place,Reclassify To Clean,"Status='Available', Final Status='Fail' → clean"
2025-10-12T18:41:39.789824,Nola Dawn Avenue,Reclassify To Clean,"Status='Available', Final Status='Fail' → clean"
2025-10-12T18:41:39.791117,Romilly Court,Reclassify To Clean,"Status='Available', Final Status='Fail' → clean"
2025-10-12T18:41:39.793628,Ron Keat Drive,Reclassify To Clean,"Status='Available', Final Status='Fail' → clean"
2025-10-12T18:41:39.795711,Russell Avenue,Reclassify To Clean,"Status='Available', Final Status='Fail' → clean"
2025-10-12T18:41:39.797719,Saddleback Crescent,Reclassify To Clean,"Status='Available', Final Status='Fail' → clean"
2025-10-12T18:41:39.799770,Settlement Road,Reclassify To Clean,"Status='Available', Final Status='Fail' → clean"
2025-10-12T18:41:39.801784,Sheehan Avenue,Reclassify To Clean,"Status='Available', Final Status='Fail' → clean"
2025-10-12T18:41:39.804366,Shepherds Road,Reclassify To Clean,"Status='Available', Final Status='Fail' → clean"
2025-10-12T18:41:39.806386,Shirley Avenue,Reclassify To Clean,"Status='Available', Final Status='Fail' → clean"
2025-10-12T18:41:39.808391,Smiths Avenue,Reclassify To Clean,"Status='Available', Final Status='Fail' → clean"
2025-10-12T18:41:39.811409,Snell Avenue,Reclassify To Clean,"Status='Available', Final Status='Fail' → clean"
2025-10-12T18:41:39.813547,Stitchbird Crescent,Reclassify To Clean,"Status='Available', Final Status='Fail' → clean"
2025-10-12T18:41:39.815063,Sunburst Street,Reclassify To Clean,"Status='Available', Final Status='Fail' → clean"
2025-10-12T18:41:39.817123,Sunshine Place,Reclassify To Clean,"Status='Available', Final Status='Fail' → clean"
2025-10-12T18:41:39.820173,Swamp Kauri Grove,Reclassify To Clean,"Status='Available', Final Status='Fail' → clean"
2025-10-12T18:41:39.822185,Taiaha Street,Reclassify To Clean,"Status='Available', Final Status='Fail' → clean"
2025-10-12T18:41:39.823692,Tarapuke Lane,Reclassify To Clean,"Status='Available', Final Status='Fail' → clean"
2025-10-12T18:41:39.826782,Tauarai Place,Reclassify To Clean,"Status='Available', Final Status='Fail' → clean"
2025-10-12T18:41:39.827789,Te Akitai Green,Reclassify To Clean,"Status='Available', Final Status='Fail' → clean"
2025-10-12T18:41:39.831233,Kapuarangi Lane,Reclassify To Clean,"Status='Available', Final Status='Fail' → clean"
2025-10-12T18:41:39.833315,Kapuarangi Lane,Reclassify To Clean,"Status='Available', Final Status='Fail' → clean"
2025-10-12T18:41:39.835645,Te Aramanu Crescent,Reclassify To Clean,"Status='Available', Final Status='Fail' → clean"
2025-10-12T18:41:39.837654,Te Kaapia Road,Reclassify To Clean,"Status='Available', Final Status='Fail' → clean"
2025-10-12T18:41:39.839666,Te Rauroha Street,Reclassify To Clean,"Status='Available', Final Status='Fail' → clean"
2025-10-12T18:41:39.842124,Tensing Place,Reclassify To Clean,"Status='Available', Final Status='Fail' → clean"
2025-10-12T18:41:39.844708,Tiel Lane,Reclassify To Clean,"Status='Available', Final Status='Fail' → clean"
2025-10-12T18:41:39.846743,Tilbrook Place,Reclassify To Clean,"Status='Available', Final Status='Fail' → clean"
2025-10-12T18:41:39.848856,Trentham Road,Reclassify To Clean,"Status='Available', Final Status='Fail' → clean"
2025-10-12T18:41:39.850959,Troop Road,Reclassify To Clean,"Status='Available', Final Status='Fail' → clean"
2025-10-12T18:41:39.851965,Tukauri Place,Reclassify To Clean,"Status='Available', Final Status='Fail' → clean"
2025-10-12T18:41:39.854550,Tumu Road,Reclassify To Clean,"Status='Available', Final Status='Fail' → clean"
2025-10-12T18:41:39.856561,Turehu Road,Reclassify To Clean,"Status='Available', Final Status='Fail' → clean"
2025-10-12T18:41:39.858790,Recovery Road,Reclassify To Clean,"Status='Available', Final Status='Fail' → clean"
2025-10-12T18:41:39.861813,Wesleydale Place,Reclassify To Clean,"Status='Available', Final Status='Fail' → clean"
2025-10-12T18:41:39.863319,Valentine Street,Reclassify To Clean,"Status='Available', Final Status='Fail' → clean"
2025-10-12T18:41:39.865378,Resolute Way,Reclassify To Clean,"Status='Available', Final Status='Fail' → clean"
2025-10-12T18:41:39.868428,Vernon Street,Reclassify To Clean,"Status='Available', Final Status='Fail' → clean"
2025-10-12T18:41:39.870440,Vigour Lane,Reclassify To Clean,"Status='Available', Final Status='Fail' → clean"
2025-10-12T18:41:39.872451,Viola Place,Reclassify To Clean,"Status='Available', Final Status='Fail' → clean"
2025-10-12T18:41:39.874467,Wahine Street,Reclassify To Clean,"Status='Available', Final Status='Fail' → clean"
2025-10-12T18:41:39.876477,Waitaua Street,Reclassify To Clean,"Status='Available', Final Status='Fail' → clean"
2025-10-12T18:41:39.879733,Walsh Road,Reclassify To Clean,"Status='Available', Final Status='Fail' → clean"
2025-10-12T18:41:39.882268,Waotapuke Place,Reclassify To Clean,"Status='Available', Final Status='Fail' → clean"
2025-10-12T18:41:39.883787,Warbler Crescent,Reclassify To Clean,"Status='Available', Final Status='Fail' → clean"
2025-10-12T18:41:39.885314,Waterview Road East,Reclassify To Clean,"Status='Available', Final Status='Fail' → clean"
2025-10-12T18:41:39.888839,West Street,Reclassify To Clean,"Status='Available', Final Status='Fail' → clean"
2025-10-12T18:41:39.890123,Wharf Street,Reclassify To Clean,"Status='Available', Final Status='Fail' → clean"
2025-10-12T18:41:39.893267,Willis Road,Reclassify To Clean,"Status='Available', Final Status='Fail' → clean"
2025-10-12T18:41:39.894825,Wilson Place,Reclassify To Clean,"Status='Available', Final Status='Fail' → clean"
2025-10-12T18:41:39.897840,Wing Crescent,Reclassify To Clean,"Status='Available', Final Status='Fail' → clean"
2025-10-12T18:41:39.899900,Winiata Terrace,Reclassify To Clean,"Status='Available', Final Status='Fail' → clean"
2025-10-12T18:41:39.901915,Wood Street,Reclassify To Clean,"Status='Available', Final Status='Fail' → clean"
2025-10-12T18:41:39.903418,Yang Place,Reclassify To Clean,"Status='Available', Final Status='Fail' → clean"
2025-10-12T18:41:39.905819,Yarrow Lane,Reclassify To Clean,"Status='Available', Final Status='Fail' → clean"
2025-10-12T18:41:39.907859,Awanui Rise,Reclassify To Clean,"Status='Available', Final Status='Fail' → clean"
2025-10-12T18:41:39.909919,Berlane Place,Reclassify To Clean,"Status='Available', Final Status='Fail' → clean"
2025-10-12T18:41:39.911934,Carisbrook Crescent,Reclassify To Clean,"Status='Available', Final Status='Fail' → clean"
2025-10-12T18:41:39.914536,Crestlands Place,Reclassify To Clean,"Status='Available', Final Status='Fail' → clean"
2025-10-12T18:41:39.916599,Duckworth Road,Reclassify To Clean,"Status='Available', Final Status='Fail' → clean"
2025-10-12T18:41:39.918613,Eastburn Street,Reclassify To Clean,"Status='Available', Final Status='Fail' → clean"
2025-10-12T18:41:39.920627,Harrier Place,Reclassify To Clean,"Status='Available', Final Status='Fail' → clean"
2025-10-12T18:41:39.923638,Heketara Place,Reclassify To Clean,"Status='Available', Final Status='Fail' → clean"
2025-10-12T18:41:39.924973,Holcroft Street,Reclassify To Clean,"Status='Available', Final Status='Fail' → clean"
2025-10-12T18:41:39.928000,Kereru Rise,Reclassify To Clean,"Status='Available', Final Status='Fail' → clean"
2025-10-12T18:41:39.930014,Kotahitanga Street,Reclassify To Clean,"Status='Available', Final Status='Fail' → clean"
2025-10-12T18:41:39.932026,Liddy Place,Reclassify To Clean,"Status='Available', Final Status='Fail' → clean"
2025-10-12T18:41:39.934625,Mcentee Street,Reclassify To Clean,"Status='Available', Final Status='Fail' → clean"
2025-10-12T18:41:39.936657,Orpheus Place,Reclassify To Clean,"Status='Available', Final Status='Fail' → clean"
2025-10-12T18:41:39.939794,Perkins Street,Reclassify To Clean,"Status='Available', Final Status='Fail' → clean"
2025-10-12T18:41:39.941800,Stewart Street,Reclassify To Clean,"Status='Available', Final Status='Fail' → clean"
2025-10-12T18:41:39.944394,Strummers Lane,Reclassify To Clean,"Status='Available', Final Status='Fail' → clean"
2025-10-12T18:41:39.946669,Tanah Merah Drive,Reclassify To Clean,"Status='Available', Final Status='Fail' → clean"
2025-10-12T18:41:39.948681,Union Street,Reclassify To Clean,"Status='Available', Final Status='Fail' → clean"
2025-10-12T18:41:39.951732,Arion Road,Reclassify To Clean,"Status='Available', Final Status='Fail' → clean"
2025-10-12T18:41:39.953239,Earlywood Road,Reclassify To Clean,"Status='Available', Final Status='Fail' → clean"
2025-10-12T18:41:39.956442,Gum Spear Road,Reclassify To Clean,"Status='Available', Final Status='Fail' → clean"
2025-10-12T18:41:39.958651,Kanono Road,Reclassify To Clean,"Status='Available', Final Status='Fail' → clean"
2025-10-12T18:41:39.960746,Katipo Road,Reclassify To Clean,"Status='Available', Final Status='Fail' → clean"
2025-10-12T18:41:39.963254,Koroheke Road,Reclassify To Clean,"Status='Available', Final Status='Fail' → clean"
2025-10-12T18:41:39.965378,Opoka Street,Reclassify To Clean,"Status='Available', Final Status='Fail' → clean"
2025-10-12T18:41:39.968437,Takanini Road,Reclassify To Clean,"Status='Available', Final Status='Fail' → clean"
2025-10-12T18:41:39.970472,Taukari Road,Reclassify To Clean,"Status='Available', Final Status='Fail' → clean"
2025-10-12T18:41:39.972479,Tironui Station Road East,Reclassify To Clean,"Status='Available', Final Status='Fail' → clean"
2025-10-12T18:41:39.978915,Arawa Street,Street Name Changed,Arawai Terrace - Arawa Street
2025-10-12T18:41:39.982055,Kapuarangi Lane,Street Name Changed,Te Aparangi Crescent - Kapuarangi Lane
2025-10-12T18:41:39.984630,Kapuarangi Lane,Street Name Changed,Te Aparangi Road - Kapuarangi Lane
2025-10-12T18:41:39.986686,,Street Name Changed Summary,Logged 3 street rename(s)
2025-10-12T18:41:39.995720,,Corrections Grouping,Grouped log written to corrections_log_grouped.csv
2025-10-12T18:41:39.997745,,Global Dedupe Summary,Moved 3 duplicate row(s) to Fail
2025-10-12T18:52:18.110184,,Session Start,Script started and corrections_log.csv initialized.
2025-10-12T18:52:18.113332,,Session Start,Script started and corrections_log.csv initialized.
2025-10-12T18:53:24.658301,,Geocode Success,"7 Sheffield Place, Botany Downs, Auckland → matched in LINZ_SQLITE"
2025-10-12T18:53:24.888702,,Geocode Success,"LINZ: 7 Sheffield Place, Botany Downs, Auckland → -36.9076804, 174.9174203"
2025-10-12T18:53:25.196642,,Geocode Success,"65 Aviemore Drive, Highland Park, Auckland → matched in LINZ_SQLITE"
2025-10-12T18:53:25.413544,,Geocode Success,"LINZ: 65 Aviemore Drive, Highland Park, Auckland → -36.90476862, 174.9047863"
2025-10-12T18:53:25.754449,,Geocode Success,"58 Tarnica Road, Northpark, Auckland → matched in LINZ_SQLITE"
2025-10-12T18:53:26.015264,,Geocode Success,"LINZ: 58 Tarnica Road, Northpark, Auckland → -36.92629249, 174.9144777"
2025-10-12T18:53:26.295330,,Geocode Success,"10 Fencotie Place, Northpark, Auckland → matched in LINZ_SQLITE"
2025-10-12T18:53:26.496632,,Geocode Success,"LINZ: 10 Fencotie Place, Northpark, Auckland → -36.92733825, 174.9133632"
2025-10-12T18:53:26.778642,,Geocode Success,"4 Glassonby Road, Northpark, Auckland → matched in LINZ_SQLITE"
2025-10-12T18:53:27.044397,,Geocode Success,"LINZ: 4 Glassonby Road, Northpark, Auckland → -36.9256841, 174.9139537"
2025-10-12T18:53:27.311773,,Geocode Success,"15 Aspatria Place, Northpark, Auckland → matched in LINZ_SQLITE"
2025-10-12T18:53:27.531188,,Geocode Success,"LINZ: 15 Aspatria Place, Northpark, Auckland → -36.92471437, 174.9155052"
2025-10-12T18:53:27.828850,,Geocode Success,"14 Aspatria Place, Northpark, Auckland → matched in LINZ_SQLITE"
2025-10-12T18:53:28.096773,,Geocode Success,"LINZ: 14 Aspatria Place, Northpark, Auckland → -36.92480975, 174.9153328"
2025-10-12T18:53:28.406419,,Geocode Success,"12 Anthony Place, Pakuranga, Auckland → matched in LINZ_SQLITE"
2025-10-12T18:53:28.686657,,Geocode Success,"LINZ: 12 Anthony Place, Pakuranga, Auckland → -36.91422155, 174.8677362"
2025-10-12T18:53:29.478077,,LINZ Miss,"2 Anthony Place, Pakuranga, Auckland → not found in LINZ sources (Auckland-gated)"
2025-10-12T18:53:29.587835,,Geocode Fallback,"LINZ failed for 2 Anthony Place, Pakuranga, Auckland"
2025-10-12T18:53:31.335270,,Geocode Variant Used,geocode.xyz used: Nearby-biased
2025-10-12T18:53:31.571460,,Geocode Success,"geocode.xyz: 2 Anthony Place, Pakuranga, Auckland → lat:-36.91394, lon:174.8686"
2025-10-12T18:53:31.756180,,Geocode Source,"geocode.xyz returned: ('2 Anthony Place, Pakuranga, Auckland', -36.91394, 174.8686, '') for input: 2 Anthony Place, Pakuranga, Auckland"
2025-10-12T18:53:32.163218,,Geocode Success,"42 Aviemore Drive, Highland Park, Auckland → matched in LINZ_SQLITE"
2025-10-12T18:53:32.491024,,Geocode Success,"LINZ: 42 Aviemore Drive, Highland Park, Auckland → -36.90194977, 174.9053192"
2025-10-12T18:53:32.862186,,Geocode Success,"50 Aviemore Drive, Highland Park, Auckland → matched in LINZ_SQLITE"
2025-10-12T18:53:33.144564,,Geocode Success,"LINZ: 50 Aviemore Drive, Highland Park, Auckland → -36.90232013, 174.9052988"
2025-10-12T18:53:33.442058,,Geocode Success,"2 Dale Crescent, Pakuranga, Auckland → matched in LINZ_SQLITE"
2025-10-12T18:53:33.689698,,Geocode Success,"LINZ: 2 Dale Crescent, Pakuranga, Auckland → -36.91477022, 174.8668704"
2025-10-12T18:53:34.026706,,Geocode Success,"2 Spenbrooke Road, Flat Bush, Auckland → matched in LINZ_SQLITE"
2025-10-12T18:53:34.290766,,Geocode Success,"LINZ: 2 Spenbrooke Road, Flat Bush, Auckland → -36.95182723, 174.9082965"
2025-10-12T18:53:34.566982,,Geocode Success,"160 Kohimarama Road, Kohimarama, Auckland → matched in LINZ_SQLITE"
2025-10-12T18:53:34.800254,,Geocode Success,"LINZ: 160 Kohimarama Road, Kohimarama, Auckland → -36.85796797, 174.8370535"
2025-10-12T18:53:35.112178,,Geocode Success,"13 Weri Road, Karaka, Auckland → matched in LINZ_SQLITE"
2025-10-12T18:53:35.357486,,Geocode Success,"LINZ: 13 Weri Road, Karaka, Auckland → -37.09908441, 174.936907"
2025-10-12T18:53:35.646782,,Geocode Success,"19 Hope Farm Avenue, Pakuranga Heights, Auckland → matched in LINZ_SQLITE"
2025-10-12T18:53:35.817734,,Geocode Success,"LINZ: 19 Hope Farm Avenue, Pakuranga Heights, Auckland → -36.9125845, 174.8969052"
2025-10-12T18:53:36.079582,,Geocode Success,"39 Dalwhinnie Parade, Highland Park, Auckland → matched in LINZ_SQLITE"
2025-10-12T18:53:36.375660,,Geocode Success,"LINZ: 39 Dalwhinnie Parade, Highland Park, Auckland → -36.90298093, 174.912626"
2025-10-12T18:53:36.653547,,Geocode Success,"39 Highland Park Drive, Highland Park, Auckland → matched in LINZ_SQLITE"
2025-10-12T18:53:36.920762,,Geocode Success,"LINZ: 39 Highland Park Drive, Highland Park, Auckland → -36.90209405, 174.9118889"
2025-10-12T18:53:37.217613,,Geocode Success,"8 Kincraig Place, Highland Park, Auckland → matched in LINZ_SQLITE"
2025-10-12T18:53:37.448723,,Geocode Success,"LINZ: 8 Kincraig Place, Highland Park, Auckland → -36.9037778, 174.91321"
2025-10-12T18:53:38.270929,,LINZ Miss,"12 Veagh Place, Highland Park, Auckland → not found in LINZ sources (Auckland-gated)"
2025-10-12T18:53:38.457862,,Geocode Fallback,"LINZ failed for 12 Veagh Place, Highland Park, Auckland"
2025-10-12T18:53:39.888737,,Geocode Failed,"geocode.xyz → 12 Veagh Place, Highland Park, Auckland (invalid)"
2025-10-12T18:53:40.246771,,Geocode Variant Used,Nominatim used: Nearby-biased
2025-10-12T18:53:40.418039,,Geocode Success,"Nominatim: 12 Veagh Place, Highland Park, Auckland → lat:-36.9044121, lon:174.9090551"
2025-10-12T18:53:40.604804,,Geocode Source,"Nominatim returned: ('Veagh Place, Highland Park, Auckland', -36.9044121, 174.9090551, '2143') for input: 12 Veagh Place, Highland Park, Auckland"
2025-10-12T18:53:41.563622,,LINZ Miss,"18 Veagh Place, Highland Park, Auckland → not found in LINZ sources (Auckland-gated)"
2025-10-12T18:53:41.762165,,Geocode Fallback,"LINZ failed for 18 Veagh Place, Highland Park, Auckland"
2025-10-12T18:53:43.159242,,Geocode Failed,"geocode.xyz → 18 Veagh Place, Highland Park, Auckland (invalid)"
2025-10-12T18:53:43.793440,,Geocode Variant Used,Nominatim used: Nearby-biased
2025-10-12T18:53:44.022198,,Geocode Success,"Nominatim: 18 Veagh Place, Highland Park, Auckland → lat:-36.9046617, lon:174.9091933"
2025-10-12T18:53:44.207588,,Geocode Source,"Nominatim returned: ('Veagh Place, Highland Park, Auckland', -36.9046617, 174.9091933, '2143') for input: 18 Veagh Place, Highland Park, Auckland"
2025-10-12T18:53:44.699419,,Geocode Success,"29 Dalwhinnie Parade, Highland Park, Auckland → matched in LINZ_SQLITE"
2025-10-12T18:53:44.929441,,Geocode Success,"LINZ: 29 Dalwhinnie Parade, Highland Park, Auckland → -36.9020446, 174.9146806"
2025-10-12T18:53:45.676548,,LINZ Miss,"60 Highland Park Drive, Highland Park, Auckland → not found in LINZ sources (Auckland-gated)"
2025-10-12T18:53:45.895901,,Geocode Fallback,"LINZ failed for 60 Highland Park Drive, Highland Park, Auckland"
2025-10-12T18:53:47.998448,,Geocode Variant Used,geocode.xyz used: Nearby-biased
2025-10-12T18:53:48.173221,,Geocode Success,"geocode.xyz: 60 Highland Park Drive, Highland Park, Auckland → lat:-36.90222, lon:174.91298"
2025-10-12T18:53:48.343117,,Geocode Source,"geocode.xyz returned: ('60 Highland Park Drive, Highland Park, Auckland', -36.90222, 174.91298, '') for input: 60 Highland Park Drive, Highland Park, Auckland"
2025-10-12T18:53:48.776220,,Geocode Success,"92 Vale Road, Saint Heliers, Auckland → matched in LINZ_SQLITE"
2025-10-12T18:53:49.055605,,Geocode Success,"LINZ: 92 Vale Road, Saint Heliers, Auckland → -36.85422133, 174.8667624"
2025-10-12T18:53:49.414340,,Geocode Success,"101 Aviemore Drive, Highland Park, Auckland → matched in LINZ_SQLITE"
2025-10-12T18:53:49.648673,,Geocode Success,"LINZ: 101 Aviemore Drive, Highland Park, Auckland → -36.90688755, 174.9052152"
2025-10-12T18:53:49.898603,,Geocode Success,"89 Aviemore Drive, Highland Park, Auckland → matched in LINZ_SQLITE"
2025-10-12T18:53:50.068445,,Geocode Success,"LINZ: 89 Aviemore Drive, Highland Park, Auckland → -36.9061917, 174.9049633"
2025-10-12T18:53:50.393733,,Geocode Success,"59 Aviemore Drive, Highland Park, Auckland → matched in LINZ_SQLITE"
2025-10-12T18:53:50.640971,,Geocode Success,"LINZ: 59 Aviemore Drive, Highland Park, Auckland → -36.90421287, 174.9047538"
2025-10-12T18:53:50.952063,,Geocode Success,"21 Belgate Place, Somerville, Auckland → matched in LINZ_SQLITE"
2025-10-12T18:53:51.155544,,Geocode Success,"LINZ: 21 Belgate Place, Somerville, Auckland → -36.91113792, 174.927218"
2025-10-12T18:53:51.421340,,Geocode Success,"23 Palmcrest Grove, Highland Park, Auckland → matched in LINZ_SQLITE"
2025-10-12T18:53:51.685614,,Geocode Success,"LINZ: 23 Palmcrest Grove, Highland Park, Auckland → -36.90239785, 174.9061027"
2025-10-12T18:53:51.981603,,Geocode Success,"702 Pakuranga Road, Howick, Auckland → matched in LINZ_SQLITE"
2025-10-12T18:53:52.168534,,Geocode Success,"LINZ: 702 Pakuranga Road, Howick, Auckland → -36.89882635, 174.9178044"
2025-10-12T18:53:52.419011,,Geocode Success,"68 Alicia Road, Somerville, Auckland → matched in LINZ_SQLITE"
2025-10-12T18:53:52.668549,,Geocode Success,"LINZ: 68 Alicia Road, Somerville, Auckland → -36.91069488, 174.9379552"
2025-10-12T18:53:52.992046,,Geocode Success,"44 Edendale Road, Somerville, Auckland → matched in LINZ_SQLITE"
2025-10-12T18:53:53.225279,,Geocode Success,"LINZ: 44 Edendale Road, Somerville, Auckland → -36.91150113, 174.9290791"
2025-10-12T18:53:53.520930,,Geocode Success,"46 Edendale Road, Somerville, Auckland → matched in LINZ_SQLITE"
2025-10-12T18:53:53.720426,,Geocode Success,"LINZ: 46 Edendale Road, Somerville, Auckland → -36.91126932, 174.9289384"
2025-10-12T18:53:54.030270,,Geocode Success,"2 Belgate Place, Somerville, Auckland → matched in LINZ_SQLITE"
2025-10-12T18:53:54.307430,,Geocode Success,"LINZ: 2 Belgate Place, Somerville, Auckland → -36.91072098, 174.9286089"
2025-10-12T18:53:54.615340,,Geocode Success,"72 Edendale Road, Somerville, Auckland → matched in LINZ_SQLITE"
2025-10-12T18:53:54.801603,,Geocode Success,"LINZ: 72 Edendale Road, Somerville, Auckland → -36.90867618, 174.9305152"
2025-10-12T18:53:55.123348,,Geocode Success,"53 O'Halloran Road, Howick, Auckland → matched in LINZ_SQLITE"
2025-10-12T18:53:55.371266,,Geocode Success,"LINZ: 53 O'Halloran Road, Howick, Auckland → -36.8957141, 174.9206852"
2025-10-12T18:53:55.648085,,Geocode Success,"172 Botany Road, Botany Downs, Auckland → matched in LINZ_SQLITE"
2025-10-12T18:53:55.867051,,Geocode Success,"LINZ: 172 Botany Road, Botany Downs, Auckland → -36.91408478, 174.9161726"
2025-10-12T18:53:56.211251,,Geocode Success,"178 Botany Road, Botany Downs, Auckland → matched in LINZ_SQLITE"
2025-10-12T18:53:56.448048,,Geocode Success,"LINZ: 178 Botany Road, Botany Downs, Auckland → -36.91448028, 174.916341"
2025-10-12T18:53:56.711615,,Geocode Success,"20 Mirrabooka Avenue, Botany Downs, Auckland → matched in LINZ_SQLITE"
2025-10-12T18:53:56.914202,,Geocode Success,"LINZ: 20 Mirrabooka Avenue, Botany Downs, Auckland → -36.91020433, 174.9240548"
2025-10-12T18:53:57.727831,,LINZ Miss,"9 Mirrabooka Avenue, Botany Downs, Auckland → not found in LINZ sources (Auckland-gated)"
2025-10-12T18:53:57.868858,,Geocode Fallback,"LINZ failed for 9 Mirrabooka Avenue, Botany Downs, Auckland"
2025-10-12T18:53:59.125464,,Geocode Failed,"geocode.xyz → 9 Mirrabooka Avenue, Botany Downs, Auckland (invalid)"
2025-10-12T18:53:59.579300,,Geocode Variant Used,Nominatim used: Nearby-biased
2025-10-12T18:53:59.751765,,Geocode Success,"Nominatim: 9 Mirrabooka Avenue, Botany Downs, Auckland → lat:-36.9100765, lon:174.9235701"
2025-10-12T18:53:59.891730,,Geocode Source,"Nominatim returned: ('Mirrabooka Avenue, Botany Downs, Auckland', -36.9100765, 174.9235701, '2014') for input: 9 Mirrabooka Avenue, Botany Downs, Auckland"
2025-10-12T18:54:00.316221,,Geocode Success,"14 Mirrabooka Avenue, Botany Downs, Auckland → matched in LINZ_SQLITE"
2025-10-12T18:54:00.580132,,Geocode Success,"LINZ: 14 Mirrabooka Avenue, Botany Downs, Auckland → -36.91004731, 174.9242015"
2025-10-12T18:54:00.956163,,Geocode Success,"13 Bunker Rise, Golflands, Auckland → matched in LINZ_SQLITE"
2025-10-12T18:54:01.237752,,Geocode Success,"LINZ: 13 Bunker Rise, Golflands, Auckland → -36.92868663, 174.9078328"
2025-10-12T18:54:01.643562,,Geocode Success,"4 Bunker Rise, Golflands, Auckland → matched in LINZ_SQLITE"
2025-10-12T18:54:01.922141,,Geocode Success,"LINZ: 4 Bunker Rise, Golflands, Auckland → -36.9289267, 174.9081434"
2025-10-12T18:54:02.363367,,Geocode Success,"2 Nagle Place, Golflands, Auckland → matched in LINZ_SQLITE"
2025-10-12T18:54:02.637275,,Geocode Success,"LINZ: 2 Nagle Place, Golflands, Auckland → -36.92879458, 174.9087673"
2025-10-12T18:54:02.931809,,Geocode Success,"22 Carriage Close, Northpark, Auckland → matched in LINZ_SQLITE"
2025-10-12T18:54:03.210873,,Geocode Success,"LINZ: 22 Carriage Close, Northpark, Auckland → -36.91582802, 174.9226905"
2025-10-12T18:54:03.564257,,Geocode Success,"14 Els Close, Golflands, Auckland → matched in LINZ_SQLITE"
2025-10-12T18:54:03.809309,,Geocode Success,"LINZ: 14 Els Close, Golflands, Auckland → -36.92824297, 174.9080115"
2025-10-12T18:54:04.115117,,Geocode Success,"4 Crescent Hills Court, Northpark, Auckland → matched in LINZ_SQLITE"
2025-10-12T18:54:04.375595,,Geocode Success,"LINZ: 4 Crescent Hills Court, Northpark, Auckland → -36.91851152, 174.9254718"
2025-10-12T18:54:04.615172,,Geocode Success,"18 Royalle Mews, Botany Downs, Auckland → matched in LINZ_SQLITE"
2025-10-12T18:54:04.738427,,Geocode Success,"LINZ: 18 Royalle Mews, Botany Downs, Auckland → -36.90948742, 174.917709"
2025-10-12T18:54:04.968316,,Geocode Success,"5 Kallaroo Place, Botany Downs, Auckland → matched in LINZ_SQLITE"
2025-10-12T18:54:05.138308,,Geocode Success,"LINZ: 5 Kallaroo Place, Botany Downs, Auckland → -36.91326345, 174.9207951"
2025-10-12T18:54:05.321395,,Geocode Success,"8 The Green, Golflands, Auckland → matched in LINZ_SQLITE"
2025-10-12T18:54:05.450782,,Geocode Success,"LINZ: 8 The Green, Golflands, Auckland → -36.91978077, 174.9069734"
2025-10-12T18:54:05.603385,,Geocode Success,"11 Nypa Way, Somerville, Auckland → matched in LINZ_SQLITE"
2025-10-12T18:54:05.695914,,Geocode Success,"LINZ: 11 Nypa Way, Somerville, Auckland → -36.90792988, 174.9323795"
2025-10-12T18:54:05.868807,,Geocode Success,"72 Drake Street, Howick, Auckland → matched in LINZ_SQLITE"
2025-10-12T18:54:06.044707,,Geocode Success,"LINZ: 72 Drake Street, Howick, Auckland → -36.89964167, 174.9298111"
2025-10-12T18:54:06.401523,,Geocode Success,"64 Drake Street, Howick, Auckland → matched in LINZ_SQLITE"
2025-10-12T18:54:06.614282,,Geocode Success,"LINZ: 64 Drake Street, Howick, Auckland → -36.89970628, 174.9306199"
2025-10-12T18:54:07.002298,,Geocode Success,"42 Drake Street, Howick, Auckland → matched in LINZ_SQLITE"
2025-10-12T18:54:07.237866,,Geocode Success,"LINZ: 42 Drake Street, Howick, Auckland → -36.90012817, 174.9321474"
2025-10-12T18:54:07.596616,,Geocode Success,"40 Drake Street, Howick, Auckland → matched in LINZ_SQLITE"
2025-10-12T18:54:07.829956,,Geocode Success,"LINZ: 40 Drake Street, Howick, Auckland → -36.90022498, 174.932335"
2025-10-12T18:54:08.513553,,LINZ Miss,"55 Drake Street, Howick, Auckland → not found in LINZ sources (Auckland-gated)"
2025-10-12T18:54:08.668588,,Geocode Fallback,"LINZ failed for 55 Drake Street, Howick, Auckland"
2025-10-12T18:54:09.945409,,Geocode Failed,"geocode.xyz → 55 Drake Street, Howick, Auckland (invalid)"
2025-10-12T18:54:10.508560,,Geocode Variant Used,Nominatim used: Nearby-biased
2025-10-12T18:54:10.741029,,Geocode Success,"Nominatim: 55 Drake Street, Howick, Auckland → lat:-36.8994521, lon:174.9310961"
2025-10-12T18:54:10.958309,,Geocode Source,"Nominatim returned: ('Drake Street, Howick, Auckland', -36.8994521, 174.9310961, '2014') for input: 55 Drake Street, Howick, Auckland"
2025-10-12T18:54:11.785243,,LINZ Miss,"57 Drake Street, Howick, Auckland → not found in LINZ sources (Auckland-gated)"
2025-10-12T18:54:11.942530,,Geocode Fallback,"LINZ failed for 57 Drake Street, Howick, Auckland"
2025-10-12T18:54:13.170921,,Geocode Failed,"geocode.xyz → 57 Drake Street, Howick, Auckland (invalid)"
2025-10-12T18:54:14.159169,,Geocode Variant Used,Photon used: Nearby-biased
2025-10-12T18:54:14.340222,,Geocode Success,"Photon: 57 Drake Street, Howick, Auckland → lat:-36.8994392, lon:174.9309179"
2025-10-12T18:54:14.509870,,Geocode Source,"Photon returned: ('Drake Street, Howick, Auckland', -36.8994392, 174.9309179, '') for input: 57 Drake Street, Howick, Auckland"
2025-10-12T18:54:14.908072,,Geocode Success,"23 Baird Street, Howick, Auckland → matched in LINZ_SQLITE"
2025-10-12T18:54:15.136786,,Geocode Success,"LINZ: 23 Baird Street, Howick, Auckland → -36.90048198, 174.9309772"
2025-10-12T18:54:15.451837,,Geocode Success,"1 Stockade View Lane, Howick, Auckland → matched in LINZ_SQLITE"
2025-10-12T18:54:15.671075,,Geocode Success,"LINZ: 1 Stockade View Lane, Howick, Auckland → -36.8978012, 174.9317788"
2025-10-12T18:54:16.044166,,Geocode Success,"3 Athenry Place, Dannemora, Auckland → matched in LINZ_SQLITE"
2025-10-12T18:54:16.245401,,Geocode Success,"LINZ: 3 Athenry Place, Dannemora, Auckland → -36.92921805, 174.9218251"
2025-10-12T18:54:16.572122,,Geocode Success,"27 Athenry Place, Dannemora, Auckland → matched in LINZ_SQLITE"
2025-10-12T18:54:16.821680,,Geocode Success,"LINZ: 27 Athenry Place, Dannemora, Auckland → -36.9303555, 174.9202783"
2025-10-12T18:54:17.069171,,Geocode Success,"21 Athenry Place, Dannemora, Auckland → matched in LINZ_SQLITE"
2025-10-12T18:54:17.288664,,Geocode Success,"LINZ: 21 Athenry Place, Dannemora, Auckland → -36.92987067, 174.9207648"
2025-10-12T18:54:17.677875,,Geocode Success,"10 Balbriggan Rise, Dannemora, Auckland → matched in LINZ_SQLITE"
2025-10-12T18:54:17.923259,,Geocode Success,"LINZ: 10 Balbriggan Rise, Dannemora, Auckland → -36.93027865, 174.9229539"
2025-10-12T18:54:18.066968,,Geocode Success,"3 Balbriggan Rise, Dannemora, Auckland → matched in LINZ_SQLITE"
2025-10-12T18:54:18.171530,,Geocode Success,"LINZ: 3 Balbriggan Rise, Dannemora, Auckland → -36.93078775, 174.9228258"
2025-10-12T18:54:18.591065,,Geocode Success,"42 Keppoch Court, Dannemora, Auckland → matched in LINZ_SQLITE"
2025-10-12T18:54:18.808725,,Geocode Success,"LINZ: 42 Keppoch Court, Dannemora, Auckland → -36.92766952, 174.9192487"
2025-10-12T18:54:19.039985,,Geocode Success,"30 Botany Road, Howick, Auckland → matched in LINZ_SQLITE"
2025-10-12T18:54:19.165010,,Geocode Success,"LINZ: 30 Botany Road, Howick, Auckland → -36.90142063, 174.9188992"
2025-10-12T19:04:32.180221,,Session Start,Script started and corrections_log.csv initialized.
2025-10-12T19:04:32.182269,,Session Start,Script started and corrections_log.csv initialized.
2025-10-12T19:04:59.234642,,Geocode Success,"7 Sheffield Place, Botany Downs, Auckland → matched in LINZ_SQLITE"
2025-10-12T19:04:59.466734,,Geocode Success,"LINZ: 7 Sheffield Place, Botany Downs, Auckland → -36.9076804, 174.9174203"
2025-10-12T19:04:59.855642,,Geocode Success,"65 Aviemore Drive, Highland Park, Auckland → matched in LINZ_SQLITE"
2025-10-12T19:05:00.120624,,Geocode Success,"LINZ: 65 Aviemore Drive, Highland Park, Auckland → -36.90476862, 174.9047863"
2025-10-12T19:05:00.417603,,Geocode Success,"58 Tarnica Road, Northpark, Auckland → matched in LINZ_SQLITE"
2025-10-12T19:05:00.697340,,Geocode Success,"LINZ: 58 Tarnica Road, Northpark, Auckland → -36.92629249, 174.9144777"
2025-10-12T19:05:01.008823,,Geocode Success,"10 Fencotie Place, Northpark, Auckland → matched in LINZ_SQLITE"
2025-10-12T19:05:01.243777,,Geocode Success,"LINZ: 10 Fencotie Place, Northpark, Auckland → -36.92733825, 174.9133632"
2025-10-12T19:05:01.602210,,Geocode Success,"4 Glassonby Road, Northpark, Auckland → matched in LINZ_SQLITE"
2025-10-12T19:05:01.837537,,Geocode Success,"LINZ: 4 Glassonby Road, Northpark, Auckland → -36.9256841, 174.9139537"
2025-10-12T19:05:02.102288,,Geocode Success,"15 Aspatria Place, Northpark, Auckland → matched in LINZ_SQLITE"
2025-10-12T19:05:02.352108,,Geocode Success,"LINZ: 15 Aspatria Place, Northpark, Auckland → -36.92471437, 174.9155052"
2025-10-12T19:05:02.712160,,Geocode Success,"14 Aspatria Place, Northpark, Auckland → matched in LINZ_SQLITE"
2025-10-12T19:05:02.977292,,Geocode Success,"LINZ: 14 Aspatria Place, Northpark, Auckland → -36.92480975, 174.9153328"
2025-10-12T19:05:03.210184,,Geocode Success,"12 Anthony Place, Pakuranga, Auckland → matched in LINZ_SQLITE"
2025-10-12T19:05:03.521537,,Geocode Success,"LINZ: 12 Anthony Place, Pakuranga, Auckland → -36.91422155, 174.8677362"
2025-10-12T19:05:04.296868,,LINZ Miss,"2 Anthony Place, Pakuranga, Auckland → not found in LINZ sources (Auckland-gated)"
2025-10-12T19:05:04.469151,,Geocode Fallback,"LINZ failed for 2 Anthony Place, Pakuranga, Auckland"
2025-10-12T19:05:05.797042,,Geocode Failed,"geocode.xyz → 2 Anthony Place, Pakuranga, Auckland (invalid)"
2025-10-12T19:05:06.048219,,Geocode Variant Used,Nominatim used: Nearby-biased
2025-10-12T19:05:06.173365,,Geocode Success,"Nominatim: 2 Anthony Place, Pakuranga, Auckland → lat:-36.9141854, lon:174.8684727"
2025-10-12T19:05:06.345750,,Geocode Source,"Nominatim returned: ('Anthony Place, Pakūranga, Auckland', -36.9141854, 174.8684727, '2010') for input: 2 Anthony Place, Pakuranga, Auckland"
2025-10-12T19:05:06.689719,,Geocode Success,"42 Aviemore Drive, Highland Park, Auckland → matched in LINZ_SQLITE"
2025-10-12T19:05:06.972292,,Geocode Success,"LINZ: 42 Aviemore Drive, Highland Park, Auckland → -36.90194977, 174.9053192"
2025-10-12T19:05:07.235608,,Geocode Success,"50 Aviemore Drive, Highland Park, Auckland → matched in LINZ_SQLITE"
2025-10-12T19:05:07.453514,,Geocode Success,"LINZ: 50 Aviemore Drive, Highland Park, Auckland → -36.90232013, 174.9052988"
2025-10-12T19:05:07.799436,,Geocode Success,"2 Dale Crescent, Pakuranga, Auckland → matched in LINZ_SQLITE"
2025-10-12T19:05:08.003762,,Geocode Success,"LINZ: 2 Dale Crescent, Pakuranga, Auckland → -36.91477022, 174.8668704"
2025-10-12T19:05:08.315137,,Geocode Success,"2 Spenbrooke Road, Flat Bush, Auckland → matched in LINZ_SQLITE"
2025-10-12T19:05:08.580817,,Geocode Success,"LINZ: 2 Spenbrooke Road, Flat Bush, Auckland → -36.95182723, 174.9082965"
2025-10-12T19:05:08.974171,,Geocode Success,"160 Kohimarama Road, Kohimarama, Auckland → matched in LINZ_SQLITE"
2025-10-12T19:05:09.238998,,Geocode Success,"LINZ: 160 Kohimarama Road, Kohimarama, Auckland → -36.85796797, 174.8370535"
2025-10-12T19:05:09.485489,,Geocode Success,"13 Weri Road, Karaka, Auckland → matched in LINZ_SQLITE"
2025-10-12T19:05:09.736200,,Geocode Success,"LINZ: 13 Weri Road, Karaka, Auckland → -37.09908441, 174.936907"
2025-10-12T19:05:10.085176,,Geocode Success,"19 Hope Farm Avenue, Pakuranga Heights, Auckland → matched in LINZ_SQLITE"
2025-10-12T19:05:10.293281,,Geocode Success,"LINZ: 19 Hope Farm Avenue, Pakuranga Heights, Auckland → -36.9125845, 174.8969052"
2025-10-12T19:05:10.574484,,Geocode Success,"39 Dalwhinnie Parade, Highland Park, Auckland → matched in LINZ_SQLITE"
2025-10-12T19:05:10.854762,,Geocode Success,"LINZ: 39 Dalwhinnie Parade, Highland Park, Auckland → -36.90298093, 174.912626"
2025-10-12T19:05:11.120248,,Geocode Success,"39 Highland Park Drive, Highland Park, Auckland → matched in LINZ_SQLITE"
2025-10-12T19:05:11.337554,,Geocode Success,"LINZ: 39 Highland Park Drive, Highland Park, Auckland → -36.90209405, 174.9118889"
2025-10-12T19:05:11.693692,,Geocode Success,"8 Kincraig Place, Highland Park, Auckland → matched in LINZ_SQLITE"
2025-10-12T19:05:11.925712,,Geocode Success,"LINZ: 8 Kincraig Place, Highland Park, Auckland → -36.9037778, 174.91321"
2025-10-12T19:05:12.719894,,LINZ Miss,"12 Veagh Place, Highland Park, Auckland → not found in LINZ sources (Auckland-gated)"
2025-10-12T19:05:12.893626,,Geocode Fallback,"LINZ failed for 12 Veagh Place, Highland Park, Auckland"
2025-10-12T19:05:14.423714,,Geocode Variant Used,Nominatim used: Nearby-biased
2025-10-12T19:05:14.564204,,Geocode Success,"Nominatim: 12 Veagh Place, Highland Park, Auckland → lat:-36.9044121, lon:174.9090551"
2025-10-12T19:05:14.689912,,Geocode Source,"Nominatim returned: ('Veagh Place, Highland Park, Auckland', -36.9044121, 174.9090551, '2143') for input: 12 Veagh Place, Highland Park, Auckland"
2025-10-12T19:05:15.391524,,LINZ Miss,"18 Veagh Place, Highland Park, Auckland → not found in LINZ sources (Auckland-gated)"
2025-10-12T19:05:15.561090,,Geocode Fallback,"LINZ failed for 18 Veagh Place, Highland Park, Auckland"
2025-10-12T19:05:17.087843,,Geocode Variant Used,Nominatim used: Nearby-biased
2025-10-12T19:05:17.257809,,Geocode Success,"Nominatim: 18 Veagh Place, Highland Park, Auckland → lat:-36.9046617, lon:174.9091933"
2025-10-12T19:05:17.414152,,Geocode Source,"Nominatim returned: ('Veagh Place, Highland Park, Auckland', -36.9046617, 174.9091933, '2143') for input: 18 Veagh Place, Highland Park, Auckland"
2025-10-12T19:05:17.726783,,Geocode Success,"29 Dalwhinnie Parade, Highland Park, Auckland → matched in LINZ_SQLITE"
2025-10-12T19:05:17.947558,,Geocode Success,"LINZ: 29 Dalwhinnie Parade, Highland Park, Auckland → -36.9020446, 174.9146806"
2025-10-12T19:05:18.699606,,LINZ Miss,"60 Highland Park Drive, Highland Park, Auckland → not found in LINZ sources (Auckland-gated)"
2025-10-12T19:05:18.919225,,Geocode Fallback,"LINZ failed for 60 Highland Park Drive, Highland Park, Auckland"
2025-10-12T19:05:21.158783,,Geocode Variant Used,geocode.xyz used: Nearby-biased
2025-10-12T19:05:21.377621,,Geocode Success,"geocode.xyz: 60 Highland Park Drive, Highland Park, Auckland → lat:-36.90222, lon:174.91298"
2025-10-12T19:05:21.565533,,Geocode Source,"geocode.xyz returned: ('60 Highland Park Drive, Highland Park, Auckland', -36.90222, 174.91298, '') for input: 60 Highland Park Drive, Highland Park, Auckland"
2025-10-12T19:05:22.099369,,Geocode Success,"92 Vale Road, Saint Heliers, Auckland → matched in LINZ_SQLITE"
2025-10-12T19:05:22.317812,,Geocode Success,"LINZ: 92 Vale Road, Saint Heliers, Auckland → -36.85422133, 174.8667624"
2025-10-12T19:05:22.659925,,Geocode Success,"101 Aviemore Drive, Highland Park, Auckland → matched in LINZ_SQLITE"
2025-10-12T19:05:22.906671,,Geocode Success,"LINZ: 101 Aviemore Drive, Highland Park, Auckland → -36.90688755, 174.9052152"
2025-10-12T19:05:23.234673,,Geocode Success,"89 Aviemore Drive, Highland Park, Auckland → matched in LINZ_SQLITE"
2025-10-12T19:05:23.487830,,Geocode Success,"LINZ: 89 Aviemore Drive, Highland Park, Auckland → -36.9061917, 174.9049633"
2025-10-12T19:05:23.863467,,Geocode Success,"59 Aviemore Drive, Highland Park, Auckland → matched in LINZ_SQLITE"
2025-10-12T19:05:24.169107,,Geocode Success,"LINZ: 59 Aviemore Drive, Highland Park, Auckland → -36.90421287, 174.9047538"
2025-10-12T19:05:24.623181,,Geocode Success,"21 Belgate Place, Somerville, Auckland → matched in LINZ_SQLITE"
2025-10-12T19:05:24.904866,,Geocode Success,"LINZ: 21 Belgate Place, Somerville, Auckland → -36.91113792, 174.927218"
2025-10-12T19:05:25.264566,,Geocode Success,"23 Palmcrest Grove, Highland Park, Auckland → matched in LINZ_SQLITE"
2025-10-12T19:05:25.545726,,Geocode Success,"LINZ: 23 Palmcrest Grove, Highland Park, Auckland → -36.90239785, 174.9061027"
2025-10-12T19:05:25.904615,,Geocode Success,"702 Pakuranga Road, Howick, Auckland → matched in LINZ_SQLITE"
2025-10-12T19:05:26.120923,,Geocode Success,"LINZ: 702 Pakuranga Road, Howick, Auckland → -36.89882635, 174.9178044"
2025-10-12T19:05:26.418098,,Geocode Success,"68 Alicia Road, Somerville, Auckland → matched in LINZ_SQLITE"
2025-10-12T19:05:26.618909,,Geocode Success,"LINZ: 68 Alicia Road, Somerville, Auckland → -36.91069488, 174.9379552"
2025-10-12T19:05:26.916458,,Geocode Success,"44 Edendale Road, Somerville, Auckland → matched in LINZ_SQLITE"
2025-10-12T19:05:27.165834,,Geocode Success,"LINZ: 44 Edendale Road, Somerville, Auckland → -36.91150113, 174.9290791"
2025-10-12T19:05:27.511393,,Geocode Success,"46 Edendale Road, Somerville, Auckland → matched in LINZ_SQLITE"
2025-10-12T19:05:27.714447,,Geocode Success,"LINZ: 46 Edendale Road, Somerville, Auckland → -36.91126932, 174.9289384"
2025-10-12T19:05:27.996703,,Geocode Success,"2 Belgate Place, Somerville, Auckland → matched in LINZ_SQLITE"
2025-10-12T19:05:28.261387,,Geocode Success,"LINZ: 2 Belgate Place, Somerville, Auckland → -36.91072098, 174.9286089"
2025-10-12T19:05:28.603843,,Geocode Success,"72 Edendale Road, Somerville, Auckland → matched in LINZ_SQLITE"
2025-10-12T19:05:28.807619,,Geocode Success,"LINZ: 72 Edendale Road, Somerville, Auckland → -36.90867618, 174.9305152"
2025-10-12T19:05:29.091000,,Geocode Success,"53 O'Halloran Road, Howick, Auckland → matched in LINZ_SQLITE"
2025-10-12T19:05:29.323218,,Geocode Success,"LINZ: 53 O'Halloran Road, Howick, Auckland → -36.8957141, 174.9206852"
2025-10-12T19:05:29.632458,,Geocode Success,"172 Botany Road, Botany Downs, Auckland → matched in LINZ_SQLITE"
2025-10-12T19:05:29.881235,,Geocode Success,"LINZ: 172 Botany Road, Botany Downs, Auckland → -36.91408478, 174.9161726"
2025-10-12T19:05:30.143515,,Geocode Success,"178 Botany Road, Botany Downs, Auckland → matched in LINZ_SQLITE"
2025-10-12T19:05:30.392106,,Geocode Success,"LINZ: 178 Botany Road, Botany Downs, Auckland → -36.91448028, 174.916341"
2025-10-12T19:05:30.684347,,Geocode Success,"20 Mirrabooka Avenue, Botany Downs, Auckland → matched in LINZ_SQLITE"
2025-10-12T19:05:30.869874,,Geocode Success,"LINZ: 20 Mirrabooka Avenue, Botany Downs, Auckland → -36.91020433, 174.9240548"
2025-10-12T19:05:31.583493,,LINZ Miss,"9 Mirrabooka Avenue, Botany Downs, Auckland → not found in LINZ sources (Auckland-gated)"
2025-10-12T19:05:31.754653,,Geocode Fallback,"LINZ failed for 9 Mirrabooka Avenue, Botany Downs, Auckland"
2025-10-12T19:05:33.204120,,Geocode Variant Used,geocode.xyz used: Nearby-biased
2025-10-12T19:05:33.267220,,Geocode Success,"geocode.xyz: 9 Mirrabooka Avenue, Botany Downs, Auckland → lat:-36.91013, lon:174.92366"
2025-10-12T19:05:33.407928,,Geocode Source,"geocode.xyz returned: ('9 Mirrabooka Avenue, Botany Downs, Auckland', -36.91013, 174.92366, '') for input: 9 Mirrabooka Avenue, Botany Downs, Auckland"
2025-10-12T19:05:34.051083,,Geocode Success,"14 Mirrabooka Avenue, Botany Downs, Auckland → matched in LINZ_SQLITE"
2025-10-12T19:05:34.270620,,Geocode Success,"LINZ: 14 Mirrabooka Avenue, Botany Downs, Auckland → -36.91004731, 174.9242015"
2025-10-12T19:05:34.566571,,Geocode Success,"13 Bunker Rise, Golflands, Auckland → matched in LINZ_SQLITE"
2025-10-12T19:05:34.814172,,Geocode Success,"LINZ: 13 Bunker Rise, Golflands, Auckland → -36.92868663, 174.9078328"
2025-10-12T19:05:35.142362,,Geocode Success,"4 Bunker Rise, Golflands, Auckland → matched in LINZ_SQLITE"
2025-10-12T19:05:35.330476,,Geocode Success,"LINZ: 4 Bunker Rise, Golflands, Auckland → -36.9289267, 174.9081434"
2025-10-12T19:05:35.610269,,Geocode Success,"2 Nagle Place, Golflands, Auckland → matched in LINZ_SQLITE"
2025-10-12T19:05:35.798595,,Geocode Success,"LINZ: 2 Nagle Place, Golflands, Auckland → -36.92879458, 174.9087673"
2025-10-12T19:05:36.128110,,Geocode Success,"22 Carriage Close, Northpark, Auckland → matched in LINZ_SQLITE"
2025-10-12T19:05:36.378789,,Geocode Success,"LINZ: 22 Carriage Close, Northpark, Auckland → -36.91582802, 174.9226905"
2025-10-12T19:05:36.676718,,Geocode Success,"14 Els Close, Golflands, Auckland → matched in LINZ_SQLITE"
2025-10-12T19:05:36.911098,,Geocode Success,"LINZ: 14 Els Close, Golflands, Auckland → -36.92824297, 174.9080115"
2025-10-12T19:05:37.225579,,Geocode Success,"4 Crescent Hills Court, Northpark, Auckland → matched in LINZ_SQLITE"
2025-10-12T19:05:37.444151,,Geocode Success,"LINZ: 4 Crescent Hills Court, Northpark, Auckland → -36.91851152, 174.9254718"
2025-10-12T19:05:37.756648,,Geocode Success,"18 Royalle Mews, Botany Downs, Auckland → matched in LINZ_SQLITE"
2025-10-12T19:05:37.977842,,Geocode Success,"LINZ: 18 Royalle Mews, Botany Downs, Auckland → -36.90948742, 174.917709"
2025-10-12T19:05:38.273488,,Geocode Success,"5 Kallaroo Place, Botany Downs, Auckland → matched in LINZ_SQLITE"
2025-10-12T19:05:38.522422,,Geocode Success,"LINZ: 5 Kallaroo Place, Botany Downs, Auckland → -36.91326345, 174.9207951"
2025-10-12T19:05:38.835756,,Geocode Success,"8 The Green, Golflands, Auckland → matched in LINZ_SQLITE"
2025-10-12T19:05:38.974485,,Geocode Success,"LINZ: 8 The Green, Golflands, Auckland → -36.91978077, 174.9069734"
2025-10-12T19:05:39.393924,,Geocode Success,"11 Nypa Way, Somerville, Auckland → matched in LINZ_SQLITE"
2025-10-12T19:05:39.674252,,Geocode Success,"LINZ: 11 Nypa Way, Somerville, Auckland → -36.90792988, 174.9323795"
2025-10-12T19:05:40.014891,,Geocode Success,"72 Drake Street, Howick, Auckland → matched in LINZ_SQLITE"
2025-10-12T19:05:40.360398,,Geocode Success,"LINZ: 72 Drake Street, Howick, Auckland → -36.89964167, 174.9298111"
2025-10-12T19:05:40.687375,,Geocode Success,"64 Drake Street, Howick, Auckland → matched in LINZ_SQLITE"
2025-10-12T19:05:40.968026,,Geocode Success,"LINZ: 64 Drake Street, Howick, Auckland → -36.89970628, 174.9306199"
2025-10-12T19:05:41.248342,,Geocode Success,"42 Drake Street, Howick, Auckland → matched in LINZ_SQLITE"
2025-10-12T19:05:41.417664,,Geocode Success,"LINZ: 42 Drake Street, Howick, Auckland → -36.90012817, 174.9321474"
2025-10-12T19:05:41.711348,,Geocode Success,"40 Drake Street, Howick, Auckland → matched in LINZ_SQLITE"
2025-10-12T19:05:41.945670,,Geocode Success,"LINZ: 40 Drake Street, Howick, Auckland → -36.90022498, 174.932335"
2025-10-12T19:05:42.696708,,LINZ Miss,"55 Drake Street, Howick, Auckland → not found in LINZ sources (Auckland-gated)"
2025-10-12T19:05:42.882138,,Geocode Fallback,"LINZ failed for 55 Drake Street, Howick, Auckland"
2025-10-12T19:05:44.389854,,Geocode Variant Used,Nominatim used: Nearby-biased
2025-10-12T19:05:44.575830,,Geocode Success,"Nominatim: 55 Drake Street, Howick, Auckland → lat:-36.8993706, lon:174.9311347"
2025-10-12T19:05:44.748593,,Geocode Source,"Nominatim returned: ('Drake Street, Howick, Auckland', -36.8993706, 174.9311347, '2014') for input: 55 Drake Street, Howick, Auckland"
2025-10-12T19:05:45.479801,,LINZ Miss,"57 Drake Street, Howick, Auckland → not found in LINZ sources (Auckland-gated)"
2025-10-12T19:05:45.637604,,Geocode Fallback,"LINZ failed for 57 Drake Street, Howick, Auckland"
2025-10-12T19:05:47.124532,,Geocode Variant Used,geocode.xyz used: Nearby-biased
2025-10-12T19:05:47.280601,,Geocode Success,"geocode.xyz: 57 Drake Street, Howick, Auckland → lat:-36.89945, lon:174.93089"
2025-10-12T19:05:47.404457,,Geocode Source,"geocode.xyz returned: ('57 Drake Street, Howick, Auckland', -36.89945, 174.93089, '') for input: 57 Drake Street, Howick, Auckland"
2025-10-12T19:05:47.780433,,Geocode Success,"23 Baird Street, Howick, Auckland → matched in LINZ_SQLITE"
2025-10-12T19:05:47.971002,,Geocode Success,"LINZ: 23 Baird Street, Howick, Auckland → -36.90048198, 174.9309772"
2025-10-12T19:05:48.253110,,Geocode Success,"1 Stockade View Lane, Howick, Auckland → matched in LINZ_SQLITE"
2025-10-12T19:05:48.408848,,Geocode Success,"LINZ: 1 Stockade View Lane, Howick, Auckland → -36.8978012, 174.9317788"
2025-10-12T19:05:48.703464,,Geocode Success,"3 Athenry Place, Dannemora, Auckland → matched in LINZ_SQLITE"
2025-10-12T19:05:48.874624,,Geocode Success,"LINZ: 3 Athenry Place, Dannemora, Auckland → -36.92921805, 174.9218251"
2025-10-12T19:05:49.109747,,Geocode Success,"27 Athenry Place, Dannemora, Auckland → matched in LINZ_SQLITE"
2025-10-12T19:05:49.297673,,Geocode Success,"LINZ: 27 Athenry Place, Dannemora, Auckland → -36.9303555, 174.9202783"
2025-10-12T19:05:49.606364,,Geocode Success,"21 Athenry Place, Dannemora, Auckland → matched in LINZ_SQLITE"
2025-10-12T19:05:49.837660,,Geocode Success,"LINZ: 21 Athenry Place, Dannemora, Auckland → -36.92987067, 174.9207648"
2025-10-12T19:05:50.148480,,Geocode Success,"10 Balbriggan Rise, Dannemora, Auckland → matched in LINZ_SQLITE"
2025-10-12T19:05:50.318317,,Geocode Success,"LINZ: 10 Balbriggan Rise, Dannemora, Auckland → -36.93027865, 174.9229539"
2025-10-12T19:05:50.563575,,Geocode Success,"3 Balbriggan Rise, Dannemora, Auckland → matched in LINZ_SQLITE"
2025-10-12T19:05:50.808879,,Geocode Success,"LINZ: 3 Balbriggan Rise, Dannemora, Auckland → -36.93078775, 174.9228258"
2025-10-12T19:05:51.102165,,Geocode Success,"42 Keppoch Court, Dannemora, Auckland → matched in LINZ_SQLITE"
2025-10-12T19:05:51.352981,,Geocode Success,"LINZ: 42 Keppoch Court, Dannemora, Auckland → -36.92766952, 174.9192487"
2025-10-12T19:05:51.663932,,Geocode Success,"30 Botany Road, Howick, Auckland → matched in LINZ_SQLITE"
2025-10-12T19:05:51.868539,,Geocode Success,"LINZ: 30 Botany Road, Howick, Auckland → -36.90142063, 174.9188992"
2025-10-12T19:12:34.688504,,Session Start,Script started and corrections_log.csv initialized.
2025-10-12T19:12:34.690664,,Session Start,Script started and corrections_log.csv initialized.
2025-10-12T19:12:59.268183,,Geocode Success,"7 Sheffield Place, Botany Downs, Auckland → matched in LINZ_SQLITE"
2025-10-12T19:12:59.532672,,Geocode Success,"LINZ: 7 Sheffield Place, Botany Downs, Auckland → -36.9076804, 174.9174203"
2025-10-12T19:12:59.844733,,Geocode Success,"65 Aviemore Drive, Highland Park, Auckland → matched in LINZ_SQLITE"
2025-10-12T19:13:00.079875,,Geocode Success,"LINZ: 65 Aviemore Drive, Highland Park, Auckland → -36.90476862, 174.9047863"
2025-10-12T19:13:00.376872,,Geocode Success,"58 Tarnica Road, Northpark, Auckland → matched in LINZ_SQLITE"
2025-10-12T19:13:00.625754,,Geocode Success,"LINZ: 58 Tarnica Road, Northpark, Auckland → -36.92629249, 174.9144777"
2025-10-12T19:13:00.956776,,Geocode Success,"10 Fencotie Place, Northpark, Auckland → matched in LINZ_SQLITE"
2025-10-12T19:13:01.208877,,Geocode Success,"LINZ: 10 Fencotie Place, Northpark, Auckland → -36.92733825, 174.9133632"
2025-10-12T19:13:01.521218,,Geocode Success,"4 Glassonby Road, Northpark, Auckland → matched in LINZ_SQLITE"
2025-10-12T19:13:01.756023,,Geocode Success,"LINZ: 4 Glassonby Road, Northpark, Auckland → -36.9256841, 174.9139537"
2025-10-12T19:13:02.119326,,Geocode Success,"15 Aspatria Place, Northpark, Auckland → matched in LINZ_SQLITE"
2025-10-12T19:13:02.354557,,Geocode Success,"LINZ: 15 Aspatria Place, Northpark, Auckland → -36.92471437, 174.9155052"
2025-10-12T19:13:02.606515,,Geocode Success,"14 Aspatria Place, Northpark, Auckland → matched in LINZ_SQLITE"
2025-10-12T19:13:02.854165,,Geocode Success,"LINZ: 14 Aspatria Place, Northpark, Auckland → -36.92480975, 174.9153328"
2025-10-12T19:13:03.093461,,Geocode Success,"12 Anthony Place, Pakuranga, Auckland → matched in LINZ_SQLITE"
2025-10-12T19:13:03.330268,,Geocode Success,"LINZ: 12 Anthony Place, Pakuranga, Auckland → -36.91422155, 174.8677362"
2025-10-12T19:13:04.172119,,LINZ Miss,"2 Anthony Place, Pakuranga, Auckland → not found in LINZ sources (Auckland-gated)"
2025-10-12T19:13:04.327446,,Geocode Fallback,"LINZ failed for 2 Anthony Place, Pakuranga, Auckland"
2025-10-12T19:13:05.730403,,Geocode Failed,"geocode.xyz → 2 Anthony Place, Pakuranga, Auckland (invalid)"
2025-10-12T19:13:06.057053,,Geocode Variant Used,Nominatim used: Nearby-biased
2025-10-12T19:13:06.243934,,Geocode Success,"Nominatim: 2 Anthony Place, Pakuranga, Auckland → lat:-36.9141854, lon:174.8684727"
2025-10-12T19:13:06.415798,,Geocode Source,"Nominatim returned: ('Anthony Place, Pakūranga, Auckland', -36.9141854, 174.8684727, '2010') for input: 2 Anthony Place, Pakuranga, Auckland"
2025-10-12T19:13:06.790468,,Geocode Success,"42 Aviemore Drive, Highland Park, Auckland → matched in LINZ_SQLITE"
2025-10-12T19:13:07.057416,,Geocode Success,"LINZ: 42 Aviemore Drive, Highland Park, Auckland → -36.90194977, 174.9053192"
2025-10-12T19:13:07.415619,,Geocode Success,"50 Aviemore Drive, Highland Park, Auckland → matched in LINZ_SQLITE"
2025-10-12T19:13:07.633524,,Geocode Success,"LINZ: 50 Aviemore Drive, Highland Park, Auckland → -36.90232013, 174.9052988"
2025-10-12T19:13:07.914776,,Geocode Success,"2 Dale Crescent, Pakuranga, Auckland → matched in LINZ_SQLITE"
2025-10-12T19:13:08.148856,,Geocode Success,"LINZ: 2 Dale Crescent, Pakuranga, Auckland → -36.91477022, 174.8668704"
2025-10-12T19:13:08.490713,,Geocode Success,"2 Spenbrooke Road, Flat Bush, Auckland → matched in LINZ_SQLITE"
2025-10-12T19:13:08.741963,,Geocode Success,"LINZ: 2 Spenbrooke Road, Flat Bush, Auckland → -36.95182723, 174.9082965"
2025-10-12T19:13:09.020910,,Geocode Success,"160 Kohimarama Road, Kohimarama, Auckland → matched in LINZ_SQLITE"
2025-10-12T19:13:09.269843,,Geocode Success,"LINZ: 160 Kohimarama Road, Kohimarama, Auckland → -36.85796797, 174.8370535"
2025-10-12T19:13:09.570876,,Geocode Success,"13 Weri Road, Karaka, Auckland → matched in LINZ_SQLITE"
2025-10-12T19:13:09.790279,,Geocode Success,"LINZ: 13 Weri Road, Karaka, Auckland → -37.09908441, 174.936907"
2025-10-12T19:13:10.194085,,Geocode Success,"19 Hope Farm Avenue, Pakuranga Heights, Auckland → matched in LINZ_SQLITE"
2025-10-12T19:13:10.443159,,Geocode Success,"LINZ: 19 Hope Farm Avenue, Pakuranga Heights, Auckland → -36.9125845, 174.8969052"
2025-10-12T19:13:10.820853,,Geocode Success,"39 Dalwhinnie Parade, Highland Park, Auckland → matched in LINZ_SQLITE"
2025-10-12T19:13:11.118990,,Geocode Success,"LINZ: 39 Dalwhinnie Parade, Highland Park, Auckland → -36.90298093, 174.912626"
2025-10-12T19:13:11.531478,,Geocode Success,"39 Highland Park Drive, Highland Park, Auckland → matched in LINZ_SQLITE"
2025-10-12T19:13:11.845387,,Geocode Success,"LINZ: 39 Highland Park Drive, Highland Park, Auckland → -36.90209405, 174.9118889"
2025-10-12T19:13:12.235750,,Geocode Success,"8 Kincraig Place, Highland Park, Auckland → matched in LINZ_SQLITE"
2025-10-12T19:13:12.471721,,Geocode Success,"LINZ: 8 Kincraig Place, Highland Park, Auckland → -36.9037778, 174.91321"
2025-10-12T19:13:13.189445,,LINZ Miss,"12 Veagh Place, Highland Park, Auckland → not found in LINZ sources (Auckland-gated)"
2025-10-12T19:13:13.329953,,Geocode Fallback,"LINZ failed for 12 Veagh Place, Highland Park, Auckland"
2025-10-12T19:13:14.491156,,Geocode Failed,"geocode.xyz → 12 Veagh Place, Highland Park, Auckland (invalid)"
2025-10-12T19:13:14.758129,,Geocode Variant Used,Nominatim used: Nearby-biased
2025-10-12T19:13:14.914364,,Geocode Success,"Nominatim: 12 Veagh Place, Highland Park, Auckland → lat:-36.9044121, lon:174.9090551"
2025-10-12T19:13:15.071357,,Geocode Source,"Nominatim returned: ('Veagh Place, Highland Park, Auckland', -36.9044121, 174.9090551, '2143') for input: 12 Veagh Place, Highland Park, Auckland"
2025-10-12T19:13:15.912038,,LINZ Miss,"18 Veagh Place, Highland Park, Auckland → not found in LINZ sources (Auckland-gated)"
2025-10-12T19:13:16.084723,,Geocode Fallback,"LINZ failed for 18 Veagh Place, Highland Park, Auckland"
2025-10-12T19:13:17.414631,,Geocode Variant Used,Nominatim used: Nearby-biased
2025-10-12T19:13:17.569463,,Geocode Success,"Nominatim: 18 Veagh Place, Highland Park, Auckland → lat:-36.9046617, lon:174.9091933"
2025-10-12T19:13:17.756395,,Geocode Source,"Nominatim returned: ('Veagh Place, Highland Park, Auckland', -36.9046617, 174.9091933, '2143') for input: 18 Veagh Place, Highland Park, Auckland"
2025-10-12T19:13:18.176144,,Geocode Success,"29 Dalwhinnie Parade, Highland Park, Auckland → matched in LINZ_SQLITE"
2025-10-12T19:13:18.424481,,Geocode Success,"LINZ: 29 Dalwhinnie Parade, Highland Park, Auckland → -36.9020446, 174.9146806"
2025-10-12T19:13:19.117100,,LINZ Miss,"60 Highland Park Drive, Highland Park, Auckland → not found in LINZ sources (Auckland-gated)"
2025-10-12T19:13:19.273501,,Geocode Fallback,"LINZ failed for 60 Highland Park Drive, Highland Park, Auckland"
2025-10-12T19:13:20.745512,,Geocode Variant Used,Nominatim used: Nearby-biased
2025-10-12T19:13:20.950477,,Geocode Success,"Nominatim: 60 Highland Park Drive, Highland Park, Auckland → lat:-36.9022471, lon:174.9129474"
2025-10-12T19:13:21.137456,,Geocode Source,"Nominatim returned: ('Highland Park Drive, Highland Park, Auckland', -36.9022471, 174.9129474, '2143') for input: 60 Highland Park Drive, Highland Park, Auckland"
2025-10-12T19:13:22.537173,,Geocode Success,"92 Vale Road, Saint Heliers, Auckland → matched in LINZ_SQLITE"
2025-10-12T19:13:22.786926,,Geocode Success,"LINZ: 92 Vale Road, Saint Heliers, Auckland → -36.85422133, 174.8667624"
2025-10-12T19:13:23.145043,,Geocode Success,"101 Aviemore Drive, Highland Park, Auckland → matched in LINZ_SQLITE"
2025-10-12T19:13:23.394899,,Geocode Success,"LINZ: 101 Aviemore Drive, Highland Park, Auckland → -36.90688755, 174.9052152"
2025-10-12T19:13:23.768519,,Geocode Success,"89 Aviemore Drive, Highland Park, Auckland → matched in LINZ_SQLITE"
2025-10-12T19:13:24.002281,,Geocode Success,"LINZ: 89 Aviemore Drive, Highland Park, Auckland → -36.9061917, 174.9049633"
2025-10-12T19:13:24.362515,,Geocode Success,"59 Aviemore Drive, Highland Park, Auckland → matched in LINZ_SQLITE"
2025-10-12T19:13:24.625666,,Geocode Success,"LINZ: 59 Aviemore Drive, Highland Park, Auckland → -36.90421287, 174.9047538"
2025-10-12T19:13:24.953391,,Geocode Success,"21 Belgate Place, Somerville, Auckland → matched in LINZ_SQLITE"
2025-10-12T19:13:25.139785,,Geocode Success,"LINZ: 21 Belgate Place, Somerville, Auckland → -36.91113792, 174.927218"
2025-10-12T19:13:25.545538,,Geocode Success,"23 Palmcrest Grove, Highland Park, Auckland → matched in LINZ_SQLITE"
2025-10-12T19:13:25.808173,,Geocode Success,"LINZ: 23 Palmcrest Grove, Highland Park, Auckland → -36.90239785, 174.9061027"
2025-10-12T19:13:26.210828,,Geocode Success,"702 Pakuranga Road, Howick, Auckland → matched in LINZ_SQLITE"
2025-10-12T19:13:26.523716,,Geocode Success,"LINZ: 702 Pakuranga Road, Howick, Auckland → -36.89882635, 174.9178044"
2025-10-12T19:13:26.849629,,Geocode Success,"68 Alicia Road, Somerville, Auckland → matched in LINZ_SQLITE"
2025-10-12T19:13:27.115413,,Geocode Success,"LINZ: 68 Alicia Road, Somerville, Auckland → -36.91069488, 174.9379552"
2025-10-12T19:13:27.380724,,Geocode Success,"44 Edendale Road, Somerville, Auckland → matched in LINZ_SQLITE"
2025-10-12T19:13:27.598585,,Geocode Success,"LINZ: 44 Edendale Road, Somerville, Auckland → -36.91150113, 174.9290791"
2025-10-12T19:13:27.862835,,Geocode Success,"46 Edendale Road, Somerville, Auckland → matched in LINZ_SQLITE"
2025-10-12T19:13:28.082524,,Geocode Success,"LINZ: 46 Edendale Road, Somerville, Auckland → -36.91126932, 174.9289384"
2025-10-12T19:13:28.359878,,Geocode Success,"2 Belgate Place, Somerville, Auckland → matched in LINZ_SQLITE"
2025-10-12T19:13:28.658491,,Geocode Success,"LINZ: 2 Belgate Place, Somerville, Auckland → -36.91072098, 174.9286089"
2025-10-12T19:13:28.987949,,Geocode Success,"72 Edendale Road, Somerville, Auckland → matched in LINZ_SQLITE"
2025-10-12T19:13:29.190300,,Geocode Success,"LINZ: 72 Edendale Road, Somerville, Auckland → -36.90867618, 174.9305152"
2025-10-12T19:13:29.534135,,Geocode Success,"53 O'Halloran Road, Howick, Auckland → matched in LINZ_SQLITE"
2025-10-12T19:13:29.798711,,Geocode Success,"LINZ: 53 O'Halloran Road, Howick, Auckland → -36.8957141, 174.9206852"
2025-10-12T19:13:30.096585,,Geocode Success,"172 Botany Road, Botany Downs, Auckland → matched in LINZ_SQLITE"
2025-10-12T19:13:30.283494,,Geocode Success,"LINZ: 172 Botany Road, Botany Downs, Auckland → -36.91408478, 174.9161726"
2025-10-12T19:13:30.579785,,Geocode Success,"178 Botany Road, Botany Downs, Auckland → matched in LINZ_SQLITE"
2025-10-12T19:13:30.799243,,Geocode Success,"LINZ: 178 Botany Road, Botany Downs, Auckland → -36.91448028, 174.916341"
2025-10-12T19:13:31.125958,,Geocode Success,"20 Mirrabooka Avenue, Botany Downs, Auckland → matched in LINZ_SQLITE"
2025-10-12T19:13:31.251052,,Geocode Success,"LINZ: 20 Mirrabooka Avenue, Botany Downs, Auckland → -36.91020433, 174.9240548"
2025-10-12T19:13:31.940357,,LINZ Miss,"9 Mirrabooka Avenue, Botany Downs, Auckland → not found in LINZ sources (Auckland-gated)"
2025-10-12T19:13:32.115005,,Geocode Fallback,"LINZ failed for 9 Mirrabooka Avenue, Botany Downs, Auckland"
2025-10-12T19:13:33.545137,,Geocode Variant Used,Nominatim used: Nearby-biased
2025-10-12T19:13:33.685963,,Geocode Success,"Nominatim: 9 Mirrabooka Avenue, Botany Downs, Auckland → lat:-36.9100765, lon:174.9235701"
2025-10-12T19:13:33.842726,,Geocode Source,"Nominatim returned: ('Mirrabooka Avenue, Botany Downs, Auckland', -36.9100765, 174.9235701, '2014') for input: 9 Mirrabooka Avenue, Botany Downs, Auckland"
2025-10-12T19:13:34.171450,,Geocode Success,"14 Mirrabooka Avenue, Botany Downs, Auckland → matched in LINZ_SQLITE"
2025-10-12T19:13:34.376863,,Geocode Success,"LINZ: 14 Mirrabooka Avenue, Botany Downs, Auckland → -36.91004731, 174.9242015"
2025-10-12T19:13:34.705443,,Geocode Success,"13 Bunker Rise, Golflands, Auckland → matched in LINZ_SQLITE"
2025-10-12T19:13:34.938660,,Geocode Success,"LINZ: 13 Bunker Rise, Golflands, Auckland → -36.92868663, 174.9078328"
2025-10-12T19:13:35.280359,,Geocode Success,"4 Bunker Rise, Golflands, Auckland → matched in LINZ_SQLITE"
2025-10-12T19:13:35.530189,,Geocode Success,"LINZ: 4 Bunker Rise, Golflands, Auckland → -36.9289267, 174.9081434"
2025-10-12T19:13:35.843357,,Geocode Success,"2 Nagle Place, Golflands, Auckland → matched in LINZ_SQLITE"
2025-10-12T19:13:36.076960,,Geocode Success,"LINZ: 2 Nagle Place, Golflands, Auckland → -36.92879458, 174.9087673"
2025-10-12T19:13:36.371702,,Geocode Success,"22 Carriage Close, Northpark, Auckland → matched in LINZ_SQLITE"
2025-10-12T19:13:36.607755,,Geocode Success,"LINZ: 22 Carriage Close, Northpark, Auckland → -36.91582802, 174.9226905"
2025-10-12T19:13:36.903211,,Geocode Success,"14 Els Close, Golflands, Auckland → matched in LINZ_SQLITE"
2025-10-12T19:13:37.137831,,Geocode Success,"LINZ: 14 Els Close, Golflands, Auckland → -36.92824297, 174.9080115"
2025-10-12T19:13:37.433842,,Geocode Success,"4 Crescent Hills Court, Northpark, Auckland → matched in LINZ_SQLITE"
2025-10-12T19:13:37.699865,,Geocode Success,"LINZ: 4 Crescent Hills Court, Northpark, Auckland → -36.91851152, 174.9254718"
2025-10-12T19:13:38.074829,,Geocode Success,"18 Royalle Mews, Botany Downs, Auckland → matched in LINZ_SQLITE"
2025-10-12T19:13:38.308041,,Geocode Success,"LINZ: 18 Royalle Mews, Botany Downs, Auckland → -36.90948742, 174.917709"
2025-10-12T19:13:38.666943,,Geocode Success,"5 Kallaroo Place, Botany Downs, Auckland → matched in LINZ_SQLITE"
2025-10-12T19:13:38.932105,,Geocode Success,"LINZ: 5 Kallaroo Place, Botany Downs, Auckland → -36.91326345, 174.9207951"
2025-10-12T19:13:39.275707,,Geocode Success,"8 The Green, Golflands, Auckland → matched in LINZ_SQLITE"
2025-10-12T19:13:39.463166,,Geocode Success,"LINZ: 8 The Green, Golflands, Auckland → -36.91978077, 174.9069734"
2025-10-12T19:13:39.775124,,Geocode Success,"11 Nypa Way, Somerville, Auckland → matched in LINZ_SQLITE"
2025-10-12T19:13:40.086061,,Geocode Success,"LINZ: 11 Nypa Way, Somerville, Auckland → -36.90792988, 174.9323795"
2025-10-12T19:13:40.463715,,Geocode Success,"72 Drake Street, Howick, Auckland → matched in LINZ_SQLITE"
2025-10-12T19:13:40.790463,,Geocode Success,"LINZ: 72 Drake Street, Howick, Auckland → -36.89964167, 174.9298111"
2025-10-12T19:13:41.152565,,Geocode Success,"64 Drake Street, Howick, Auckland → matched in LINZ_SQLITE"
2025-10-12T19:13:41.467561,,Geocode Success,"LINZ: 64 Drake Street, Howick, Auckland → -36.89970628, 174.9306199"
2025-10-12T19:13:41.945357,,Geocode Success,"42 Drake Street, Howick, Auckland → matched in LINZ_SQLITE"
2025-10-12T19:13:42.224569,,Geocode Success,"LINZ: 42 Drake Street, Howick, Auckland → -36.90012817, 174.9321474"
2025-10-12T19:13:42.585278,,Geocode Success,"40 Drake Street, Howick, Auckland → matched in LINZ_SQLITE"
2025-10-12T19:13:42.820948,,Geocode Success,"LINZ: 40 Drake Street, Howick, Auckland → -36.90022498, 174.932335"
2025-10-12T19:13:43.588555,,LINZ Miss,"55 Drake Street, Howick, Auckland → not found in LINZ sources (Auckland-gated)"
2025-10-12T19:13:43.743836,,Geocode Fallback,"LINZ failed for 55 Drake Street, Howick, Auckland"
2025-10-12T19:13:45.522828,,Geocode Variant Used,Nominatim used: Nearby-biased
2025-10-12T19:13:45.661758,,Geocode Success,"Nominatim: 55 Drake Street, Howick, Auckland → lat:-36.8993706, lon:174.9311347"
2025-10-12T19:13:45.817417,,Geocode Source,"Nominatim returned: ('Drake Street, Howick, Auckland', -36.8993706, 174.9311347, '2014') for input: 55 Drake Street, Howick, Auckland"
2025-10-12T19:13:46.722938,,LINZ Miss,"57 Drake Street, Howick, Auckland → not found in LINZ sources (Auckland-gated)"
2025-10-12T19:13:46.864136,,Geocode Fallback,"LINZ failed for 57 Drake Street, Howick, Auckland"
2025-10-12T19:13:48.920879,,Geocode Variant Used,Nominatim used: Nearby-biased
2025-10-12T19:13:49.121838,,Geocode Success,"Nominatim: 57 Drake Street, Howick, Auckland → lat:-36.8993359, lon:174.9309502"
2025-10-12T19:13:49.278443,,Geocode Source,"Nominatim returned: ('Drake Street, Howick, Auckland', -36.8993359, 174.9309502, '2014') for input: 57 Drake Street, Howick, Auckland"
2025-10-12T19:13:49.699652,,Geocode Success,"23 Baird Street, Howick, Auckland → matched in LINZ_SQLITE"
2025-10-12T19:13:49.903515,,Geocode Success,"LINZ: 23 Baird Street, Howick, Auckland → -36.90048198, 174.9309772"
2025-10-12T19:13:50.244160,,Geocode Success,"1 Stockade View Lane, Howick, Auckland → matched in LINZ_SQLITE"
2025-10-12T19:13:50.477750,,Geocode Success,"LINZ: 1 Stockade View Lane, Howick, Auckland → -36.8978012, 174.9317788"
2025-10-12T19:13:50.836294,,Geocode Success,"3 Athenry Place, Dannemora, Auckland → matched in LINZ_SQLITE"
2025-10-12T19:13:51.056780,,Geocode Success,"LINZ: 3 Athenry Place, Dannemora, Auckland → -36.92921805, 174.9218251"
2025-10-12T19:13:51.305989,,Geocode Success,"27 Athenry Place, Dannemora, Auckland → matched in LINZ_SQLITE"
2025-10-12T19:13:51.571675,,Geocode Success,"LINZ: 27 Athenry Place, Dannemora, Auckland → -36.9303555, 174.9202783"
2025-10-12T19:13:51.899762,,Geocode Success,"21 Athenry Place, Dannemora, Auckland → matched in LINZ_SQLITE"
2025-10-12T19:13:52.133984,,Geocode Success,"LINZ: 21 Athenry Place, Dannemora, Auckland → -36.92987067, 174.9207648"
2025-10-12T19:13:52.447992,,Geocode Success,"10 Balbriggan Rise, Dannemora, Auckland → matched in LINZ_SQLITE"
2025-10-12T19:13:52.711668,,Geocode Success,"LINZ: 10 Balbriggan Rise, Dannemora, Auckland → -36.93027865, 174.9229539"
2025-10-12T19:13:53.038581,,Geocode Success,"3 Balbriggan Rise, Dannemora, Auckland → matched in LINZ_SQLITE"
2025-10-12T19:13:53.305704,,Geocode Success,"LINZ: 3 Balbriggan Rise, Dannemora, Auckland → -36.93078775, 174.9228258"
2025-10-12T19:13:53.633034,,Geocode Success,"42 Keppoch Court, Dannemora, Auckland → matched in LINZ_SQLITE"
2025-10-12T19:13:53.866483,,Geocode Success,"LINZ: 42 Keppoch Court, Dannemora, Auckland → -36.92766952, 174.9192487"
2025-10-12T19:13:54.208693,,Geocode Success,"30 Botany Road, Howick, Auckland → matched in LINZ_SQLITE"
2025-10-12T19:13:54.458784,,Geocode Success,"LINZ: 30 Botany Road, Howick, Auckland → -36.90142063, 174.9188992"
2025-10-12T19:16:22.588473,,Session Start,Script started and corrections_log.csv initialized.
2025-10-12T19:16:22.590504,,Session Start,Script started and corrections_log.csv initialized.
2025-10-12T19:16:42.291750,,Geocode Success,"7 Sheffield Place, Botany Downs, Auckland → matched in LINZ_SQLITE"
2025-10-12T19:16:42.523966,,Geocode Success,"LINZ: 7 Sheffield Place, Botany Downs, Auckland → -36.9076804, 174.9174203"
2025-10-12T19:16:42.819456,,Geocode Success,"65 Aviemore Drive, Highland Park, Auckland → matched in LINZ_SQLITE"
2025-10-12T19:16:43.053820,,Geocode Success,"LINZ: 65 Aviemore Drive, Highland Park, Auckland → -36.90476862, 174.9047863"
2025-10-12T19:16:43.365972,,Geocode Success,"58 Tarnica Road, Northpark, Auckland → matched in LINZ_SQLITE"
2025-10-12T19:16:43.599464,,Geocode Success,"LINZ: 58 Tarnica Road, Northpark, Auckland → -36.92629249, 174.9144777"
2025-10-12T19:16:43.943471,,Geocode Success,"10 Fencotie Place, Northpark, Auckland → matched in LINZ_SQLITE"
2025-10-12T19:16:44.238395,,Geocode Success,"LINZ: 10 Fencotie Place, Northpark, Auckland → -36.92733825, 174.9133632"
2025-10-12T19:16:44.641909,,Geocode Success,"4 Glassonby Road, Northpark, Auckland → matched in LINZ_SQLITE"
2025-10-12T19:16:44.928018,,Geocode Success,"LINZ: 4 Glassonby Road, Northpark, Auckland → -36.9256841, 174.9139537"
2025-10-12T19:16:45.281236,,Geocode Success,"15 Aspatria Place, Northpark, Auckland → matched in LINZ_SQLITE"
2025-10-12T19:16:45.594536,,Geocode Success,"LINZ: 15 Aspatria Place, Northpark, Auckland → -36.92471437, 174.9155052"
2025-10-12T19:16:45.921017,,Geocode Success,"14 Aspatria Place, Northpark, Auckland → matched in LINZ_SQLITE"
2025-10-12T19:16:46.217177,,Geocode Success,"LINZ: 14 Aspatria Place, Northpark, Auckland → -36.92480975, 174.9153328"
2025-10-12T19:16:46.589557,,Geocode Success,"12 Anthony Place, Pakuranga, Auckland → matched in LINZ_SQLITE"
2025-10-12T19:16:46.854154,,Geocode Success,"LINZ: 12 Anthony Place, Pakuranga, Auckland → -36.91422155, 174.8677362"
2025-10-12T19:16:47.624648,,LINZ Miss,"2 Anthony Place, Pakuranga, Auckland → not found in LINZ sources (Auckland-gated)"
2025-10-12T19:16:47.797032,,Geocode Fallback,"LINZ failed for 2 Anthony Place, Pakuranga, Auckland"
2025-10-12T19:16:49.975055,,Geocode Variant Used,geocode.xyz used: Nearby-biased
2025-10-12T19:16:50.116407,,Geocode Success,"geocode.xyz: 2 Anthony Place, Pakuranga, Auckland → lat:-36.91394, lon:174.8686"
2025-10-12T19:16:50.303081,,Geocode Source,"geocode.xyz returned: ('2 Anthony Place, Pakuranga, Auckland', -36.91394, 174.8686, '') for input: 2 Anthony Place, Pakuranga, Auckland"
2025-10-12T19:16:50.799568,,Geocode Success,"42 Aviemore Drive, Highland Park, Auckland → matched in LINZ_SQLITE"
2025-10-12T19:16:51.061532,,Geocode Success,"LINZ: 42 Aviemore Drive, Highland Park, Auckland → -36.90194977, 174.9053192"
2025-10-12T19:16:51.376944,,Geocode Success,"50 Aviemore Drive, Highland Park, Auckland → matched in LINZ_SQLITE"
2025-10-12T19:16:51.594417,,Geocode Success,"LINZ: 50 Aviemore Drive, Highland Park, Auckland → -36.90232013, 174.9052988"
2025-10-12T19:16:51.907409,,Geocode Success,"2 Dale Crescent, Pakuranga, Auckland → matched in LINZ_SQLITE"
2025-10-12T19:16:52.108505,,Geocode Success,"LINZ: 2 Dale Crescent, Pakuranga, Auckland → -36.91477022, 174.8668704"
2025-10-12T19:16:52.387294,,Geocode Success,"2 Spenbrooke Road, Flat Bush, Auckland → matched in LINZ_SQLITE"
2025-10-12T19:16:52.590550,,Geocode Success,"LINZ: 2 Spenbrooke Road, Flat Bush, Auckland → -36.95182723, 174.9082965"
2025-10-12T19:16:52.872139,,Geocode Success,"160 Kohimarama Road, Kohimarama, Auckland → matched in LINZ_SQLITE"
2025-10-12T19:16:53.058376,,Geocode Success,"LINZ: 160 Kohimarama Road, Kohimarama, Auckland → -36.85796797, 174.8370535"
2025-10-12T19:16:53.372390,,Geocode Success,"13 Weri Road, Karaka, Auckland → matched in LINZ_SQLITE"
2025-10-12T19:16:53.619328,,Geocode Success,"LINZ: 13 Weri Road, Karaka, Auckland → -37.09908441, 174.936907"
2025-10-12T19:16:53.881482,,Geocode Success,"19 Hope Farm Avenue, Pakuranga Heights, Auckland → matched in LINZ_SQLITE"
2025-10-12T19:16:54.159385,,Geocode Success,"LINZ: 19 Hope Farm Avenue, Pakuranga Heights, Auckland → -36.9125845, 174.8969052"
2025-10-12T19:16:54.454164,,Geocode Success,"39 Dalwhinnie Parade, Highland Park, Auckland → matched in LINZ_SQLITE"
2025-10-12T19:16:54.689580,,Geocode Success,"LINZ: 39 Dalwhinnie Parade, Highland Park, Auckland → -36.90298093, 174.912626"
2025-10-12T19:16:54.907348,,Geocode Success,"39 Highland Park Drive, Highland Park, Auckland → matched in LINZ_SQLITE"
2025-10-12T19:16:55.158019,,Geocode Success,"LINZ: 39 Highland Park Drive, Highland Park, Auckland → -36.90209405, 174.9118889"
2025-10-12T19:16:55.484390,,Geocode Success,"8 Kincraig Place, Highland Park, Auckland → matched in LINZ_SQLITE"
2025-10-12T19:16:55.746447,,Geocode Success,"LINZ: 8 Kincraig Place, Highland Park, Auckland → -36.9037778, 174.91321"
2025-10-12T19:16:56.644917,,LINZ Miss,"12 Veagh Place, Highland Park, Auckland → not found in LINZ sources (Auckland-gated)"
2025-10-12T19:16:56.817379,,Geocode Fallback,"LINZ failed for 12 Veagh Place, Highland Park, Auckland"
2025-10-12T19:16:58.487074,,Geocode Variant Used,Nominatim used: Nearby-biased
2025-10-12T19:16:58.657323,,Geocode Success,"Nominatim: 12 Veagh Place, Highland Park, Auckland → lat:-36.9044121, lon:174.9090551"
2025-10-12T19:16:58.871490,,Geocode Source,"Nominatim returned: ('Veagh Place, Highland Park, Auckland', -36.9044121, 174.9090551, '2143') for input: 12 Veagh Place, Highland Park, Auckland"
2025-10-12T19:16:59.787579,,LINZ Miss,"18 Veagh Place, Highland Park, Auckland → not found in LINZ sources (Auckland-gated)"
2025-10-12T19:16:59.988151,,Geocode Fallback,"LINZ failed for 18 Veagh Place, Highland Park, Auckland"
2025-10-12T19:17:01.720584,,Geocode Failed,"geocode.xyz → 18 Veagh Place, Highland Park, Auckland (invalid)"
2025-10-12T19:17:01.968271,,Geocode Variant Used,Nominatim used: Nearby-biased
2025-10-12T19:17:02.139618,,Geocode Success,"Nominatim: 18 Veagh Place, Highland Park, Auckland → lat:-36.9046617, lon:174.9091933"
2025-10-12T19:17:02.342713,,Geocode Source,"Nominatim returned: ('Veagh Place, Highland Park, Auckland', -36.9046617, 174.9091933, '2143') for input: 18 Veagh Place, Highland Park, Auckland"
2025-10-12T19:17:02.747299,,Geocode Success,"29 Dalwhinnie Parade, Highland Park, Auckland → matched in LINZ_SQLITE"
2025-10-12T19:17:02.980394,,Geocode Success,"LINZ: 29 Dalwhinnie Parade, Highland Park, Auckland → -36.9020446, 174.9146806"
2025-10-12T19:17:03.645085,,LINZ Miss,"60 Highland Park Drive, Highland Park, Auckland → not found in LINZ sources (Auckland-gated)"
2025-10-12T19:17:03.832333,,Geocode Fallback,"LINZ failed for 60 Highland Park Drive, Highland Park, Auckland"
2025-10-12T19:17:05.026218,,Geocode Failed,"geocode.xyz → 60 Highland Park Drive, Highland Park, Auckland (invalid)"
2025-10-12T19:17:05.503725,,Geocode Variant Used,Nominatim used: Nearby-biased
2025-10-12T19:17:05.688275,,Geocode Success,"Nominatim: 60 Highland Park Drive, Highland Park, Auckland → lat:-36.9022471, lon:174.9129474"
2025-10-12T19:17:05.874578,,Geocode Source,"Nominatim returned: ('Highland Park Drive, Highland Park, Auckland', -36.9022471, 174.9129474, '2143') for input: 60 Highland Park Drive, Highland Park, Auckland"
2025-10-12T19:17:06.296182,,Geocode Success,"92 Vale Road, Saint Heliers, Auckland → matched in LINZ_SQLITE"
2025-10-12T19:17:06.560474,,Geocode Success,"LINZ: 92 Vale Road, Saint Heliers, Auckland → -36.85422133, 174.8667624"
2025-10-12T19:17:06.870029,,Geocode Success,"101 Aviemore Drive, Highland Park, Auckland → matched in LINZ_SQLITE"
2025-10-12T19:17:07.164423,,Geocode Success,"LINZ: 101 Aviemore Drive, Highland Park, Auckland → -36.90688755, 174.9052152"
2025-10-12T19:17:07.491049,,Geocode Success,"89 Aviemore Drive, Highland Park, Auckland → matched in LINZ_SQLITE"
2025-10-12T19:17:07.752435,,Geocode Success,"LINZ: 89 Aviemore Drive, Highland Park, Auckland → -36.9061917, 174.9049633"
2025-10-12T19:17:08.048727,,Geocode Success,"59 Aviemore Drive, Highland Park, Auckland → matched in LINZ_SQLITE"
2025-10-12T19:17:08.313510,,Geocode Success,"LINZ: 59 Aviemore Drive, Highland Park, Auckland → -36.90421287, 174.9047538"
2025-10-12T19:17:08.611472,,Geocode Success,"21 Belgate Place, Somerville, Auckland → matched in LINZ_SQLITE"
2025-10-12T19:17:08.893327,,Geocode Success,"LINZ: 21 Belgate Place, Somerville, Auckland → -36.91113792, 174.927218"
2025-10-12T19:17:09.219466,,Geocode Success,"23 Palmcrest Grove, Highland Park, Auckland → matched in LINZ_SQLITE"
2025-10-12T19:17:09.483052,,Geocode Success,"LINZ: 23 Palmcrest Grove, Highland Park, Auckland → -36.90239785, 174.9061027"
2025-10-12T19:17:09.853557,,Geocode Success,"702 Pakuranga Road, Howick, Auckland → matched in LINZ_SQLITE"
2025-10-12T19:17:10.115085,,Geocode Success,"LINZ: 702 Pakuranga Road, Howick, Auckland → -36.89882635, 174.9178044"
2025-10-12T19:17:10.456354,,Geocode Success,"68 Alicia Road, Somerville, Auckland → matched in LINZ_SQLITE"
2025-10-12T19:17:10.703649,,Geocode Success,"LINZ: 68 Alicia Road, Somerville, Auckland → -36.91069488, 174.9379552"
2025-10-12T19:17:11.074728,,Geocode Success,"44 Edendale Road, Somerville, Auckland → matched in LINZ_SQLITE"
2025-10-12T19:17:11.307393,,Geocode Success,"LINZ: 44 Edendale Road, Somerville, Auckland → -36.91150113, 174.9290791"
2025-10-12T19:17:11.603328,,Geocode Success,"46 Edendale Road, Somerville, Auckland → matched in LINZ_SQLITE"
2025-10-12T19:17:11.838340,,Geocode Success,"LINZ: 46 Edendale Road, Somerville, Auckland → -36.91126932, 174.9289384"
2025-10-12T19:17:12.119708,,Geocode Success,"2 Belgate Place, Somerville, Auckland → matched in LINZ_SQLITE"
2025-10-12T19:17:12.350436,,Geocode Success,"LINZ: 2 Belgate Place, Somerville, Auckland → -36.91072098, 174.9286089"
2025-10-12T19:17:12.691302,,Geocode Success,"72 Edendale Road, Somerville, Auckland → matched in LINZ_SQLITE"
2025-10-12T19:17:12.934808,,Geocode Success,"LINZ: 72 Edendale Road, Somerville, Auckland → -36.90867618, 174.9305152"
2025-10-12T19:17:13.259004,,Geocode Success,"53 O'Halloran Road, Howick, Auckland → matched in LINZ_SQLITE"
2025-10-12T19:17:13.508413,,Geocode Success,"LINZ: 53 O'Halloran Road, Howick, Auckland → -36.8957141, 174.9206852"
2025-10-12T19:17:13.790405,,Geocode Success,"172 Botany Road, Botany Downs, Auckland → matched in LINZ_SQLITE"
2025-10-12T19:17:14.039953,,Geocode Success,"LINZ: 172 Botany Road, Botany Downs, Auckland → -36.91408478, 174.9161726"
2025-10-12T19:17:14.335032,,Geocode Success,"178 Botany Road, Botany Downs, Auckland → matched in LINZ_SQLITE"
2025-10-12T19:17:14.584084,,Geocode Success,"LINZ: 178 Botany Road, Botany Downs, Auckland → -36.91448028, 174.916341"
2025-10-12T19:17:14.904477,,Geocode Success,"20 Mirrabooka Avenue, Botany Downs, Auckland → matched in LINZ_SQLITE"
2025-10-12T19:17:15.214445,,Geocode Success,"LINZ: 20 Mirrabooka Avenue, Botany Downs, Auckland → -36.91020433, 174.9240548"
2025-10-12T19:17:16.419254,,LINZ Miss,"9 Mirrabooka Avenue, Botany Downs, Auckland → not found in LINZ sources (Auckland-gated)"
2025-10-12T19:17:16.603444,,Geocode Fallback,"LINZ failed for 9 Mirrabooka Avenue, Botany Downs, Auckland"
2025-10-12T19:17:18.706997,,Geocode Variant Used,Nominatim used: Nearby-biased
2025-10-12T19:17:18.905891,,Geocode Success,"Nominatim: 9 Mirrabooka Avenue, Botany Downs, Auckland → lat:-36.9100765, lon:174.9235701"
2025-10-12T19:17:19.092126,,Geocode Source,"Nominatim returned: ('Mirrabooka Avenue, Botany Downs, Auckland', -36.9100765, 174.9235701, '2014') for input: 9 Mirrabooka Avenue, Botany Downs, Auckland"
2025-10-12T19:17:19.631641,,Geocode Success,"14 Mirrabooka Avenue, Botany Downs, Auckland → matched in LINZ_SQLITE"
2025-10-12T19:17:19.891841,,Geocode Success,"LINZ: 14 Mirrabooka Avenue, Botany Downs, Auckland → -36.91004731, 174.9242015"
2025-10-12T19:17:20.228348,,Geocode Success,"13 Bunker Rise, Golflands, Auckland → matched in LINZ_SQLITE"
2025-10-12T19:17:20.446226,,Geocode Success,"LINZ: 13 Bunker Rise, Golflands, Auckland → -36.92868663, 174.9078328"
2025-10-12T19:17:20.788514,,Geocode Success,"4 Bunker Rise, Golflands, Auckland → matched in LINZ_SQLITE"
2025-10-12T19:17:21.022365,,Geocode Success,"LINZ: 4 Bunker Rise, Golflands, Auckland → -36.9289267, 174.9081434"
2025-10-12T19:17:21.384481,,Geocode Success,"2 Nagle Place, Golflands, Auckland → matched in LINZ_SQLITE"
2025-10-12T19:17:21.586979,,Geocode Success,"LINZ: 2 Nagle Place, Golflands, Auckland → -36.92879458, 174.9087673"
2025-10-12T19:17:21.898522,,Geocode Success,"22 Carriage Close, Northpark, Auckland → matched in LINZ_SQLITE"
2025-10-12T19:17:22.164461,,Geocode Success,"LINZ: 22 Carriage Close, Northpark, Auckland → -36.91582802, 174.9226905"
2025-10-12T19:17:22.492776,,Geocode Success,"14 Els Close, Golflands, Auckland → matched in LINZ_SQLITE"
2025-10-12T19:17:22.725251,,Geocode Success,"LINZ: 14 Els Close, Golflands, Auckland → -36.92824297, 174.9080115"
2025-10-12T19:17:23.114413,,Geocode Success,"4 Crescent Hills Court, Northpark, Auckland → matched in LINZ_SQLITE"
2025-10-12T19:17:23.362593,,Geocode Success,"LINZ: 4 Crescent Hills Court, Northpark, Auckland → -36.91851152, 174.9254718"
2025-10-12T19:17:23.753081,,Geocode Success,"18 Royalle Mews, Botany Downs, Auckland → matched in LINZ_SQLITE"
2025-10-12T19:17:23.969414,,Geocode Success,"LINZ: 18 Royalle Mews, Botany Downs, Auckland → -36.90948742, 174.917709"
2025-10-12T19:17:24.311598,,Geocode Success,"5 Kallaroo Place, Botany Downs, Auckland → matched in LINZ_SQLITE"
2025-10-12T19:17:24.593488,,Geocode Success,"LINZ: 5 Kallaroo Place, Botany Downs, Auckland → -36.91326345, 174.9207951"
2025-10-12T19:17:24.891724,,Geocode Success,"8 The Green, Golflands, Auckland → matched in LINZ_SQLITE"
2025-10-12T19:17:25.091421,,Geocode Success,"LINZ: 8 The Green, Golflands, Auckland → -36.91978077, 174.9069734"
2025-10-12T19:17:25.403101,,Geocode Success,"11 Nypa Way, Somerville, Auckland → matched in LINZ_SQLITE"
2025-10-12T19:17:25.700121,,Geocode Success,"LINZ: 11 Nypa Way, Somerville, Auckland → -36.90792988, 174.9323795"
2025-10-12T19:17:25.980408,,Geocode Success,"72 Drake Street, Howick, Auckland → matched in LINZ_SQLITE"
2025-10-12T19:17:26.291585,,Geocode Success,"LINZ: 72 Drake Street, Howick, Auckland → -36.89964167, 174.9298111"
2025-10-12T19:17:26.619979,,Geocode Success,"64 Drake Street, Howick, Auckland → matched in LINZ_SQLITE"
2025-10-12T19:17:26.884658,,Geocode Success,"LINZ: 64 Drake Street, Howick, Auckland → -36.89970628, 174.9306199"
2025-10-12T19:17:27.243580,,Geocode Success,"42 Drake Street, Howick, Auckland → matched in LINZ_SQLITE"
2025-10-12T19:17:27.525348,,Geocode Success,"LINZ: 42 Drake Street, Howick, Auckland → -36.90012817, 174.9321474"
2025-10-12T19:17:27.852369,,Geocode Success,"40 Drake Street, Howick, Auckland → matched in LINZ_SQLITE"
2025-10-12T19:17:28.133740,,Geocode Success,"LINZ: 40 Drake Street, Howick, Auckland → -36.90022498, 174.932335"
2025-10-12T19:17:28.774355,,LINZ Miss,"55 Drake Street, Howick, Auckland → not found in LINZ sources (Auckland-gated)"
2025-10-12T19:17:28.916010,,Geocode Fallback,"LINZ failed for 55 Drake Street, Howick, Auckland"
2025-10-12T19:17:30.629935,,Geocode Variant Used,Nominatim used: Nearby-biased
2025-10-12T19:17:30.850025,,Geocode Success,"Nominatim: 55 Drake Street, Howick, Auckland → lat:-36.8993706, lon:174.9311347"
2025-10-12T19:17:31.008586,,Geocode Source,"Nominatim returned: ('Drake Street, Howick, Auckland', -36.8993706, 174.9311347, '2014') for input: 55 Drake Street, Howick, Auckland"
2025-10-12T19:17:31.911559,,LINZ Miss,"57 Drake Street, Howick, Auckland → not found in LINZ sources (Auckland-gated)"
2025-10-12T19:17:32.050164,,Geocode Fallback,"LINZ failed for 57 Drake Street, Howick, Auckland"
2025-10-12T19:17:33.538012,,Geocode Variant Used,Nominatim used: Nearby-biased
2025-10-12T19:17:33.680702,,Geocode Success,"Nominatim: 57 Drake Street, Howick, Auckland → lat:-36.8993359, lon:174.9309502"
2025-10-12T19:17:33.851549,,Geocode Source,"Nominatim returned: ('Drake Street, Howick, Auckland', -36.8993359, 174.9309502, '2014') for input: 57 Drake Street, Howick, Auckland"
2025-10-12T19:17:34.270317,,Geocode Success,"23 Baird Street, Howick, Auckland → matched in LINZ_SQLITE"
2025-10-12T19:17:34.455848,,Geocode Success,"LINZ: 23 Baird Street, Howick, Auckland → -36.90048198, 174.9309772"
2025-10-12T19:17:34.809302,,Geocode Success,"1 Stockade View Lane, Howick, Auckland → matched in LINZ_SQLITE"
2025-10-12T19:17:35.089824,,Geocode Success,"LINZ: 1 Stockade View Lane, Howick, Auckland → -36.8978012, 174.9317788"
2025-10-12T19:17:35.418191,,Geocode Success,"3 Athenry Place, Dannemora, Auckland → matched in LINZ_SQLITE"
2025-10-12T19:17:35.668056,,Geocode Success,"LINZ: 3 Athenry Place, Dannemora, Auckland → -36.92921805, 174.9218251"
2025-10-12T19:17:36.013795,,Geocode Success,"27 Athenry Place, Dannemora, Auckland → matched in LINZ_SQLITE"
2025-10-12T19:17:36.279564,,Geocode Success,"LINZ: 27 Athenry Place, Dannemora, Auckland → -36.9303555, 174.9202783"
2025-10-12T19:17:36.588106,,Geocode Success,"21 Athenry Place, Dannemora, Auckland → matched in LINZ_SQLITE"
2025-10-12T19:17:36.839565,,Geocode Success,"LINZ: 21 Athenry Place, Dannemora, Auckland → -36.92987067, 174.9207648"
2025-10-12T19:17:37.163924,,Geocode Success,"10 Balbriggan Rise, Dannemora, Auckland → matched in LINZ_SQLITE"
2025-10-12T19:17:37.396604,,Geocode Success,"LINZ: 10 Balbriggan Rise, Dannemora, Auckland → -36.93027865, 174.9229539"
2025-10-12T19:17:37.767360,,Geocode Success,"3 Balbriggan Rise, Dannemora, Auckland → matched in LINZ_SQLITE"
2025-10-12T19:17:38.048137,,Geocode Success,"LINZ: 3 Balbriggan Rise, Dannemora, Auckland → -36.93078775, 174.9228258"
2025-10-12T19:17:38.376004,,Geocode Success,"42 Keppoch Court, Dannemora, Auckland → matched in LINZ_SQLITE"
2025-10-12T19:17:38.685559,,Geocode Success,"LINZ: 42 Keppoch Court, Dannemora, Auckland → -36.92766952, 174.9192487"
2025-10-12T19:17:39.011501,,Geocode Success,"30 Botany Road, Howick, Auckland → matched in LINZ_SQLITE"
2025-10-12T19:17:39.321814,,Geocode Success,"LINZ: 30 Botany Road, Howick, Auckland → -36.90142063, 174.9188992"
2025-10-12T19:29:39.407945,,Session Start,Script started and corrections_log.csv initialized.
2025-10-12T19:29:39.412161,,Session Start,Script started and corrections_log.csv initialized.
2025-10-12T19:29:50.346538,,Geocode Success,"7 Sheffield Place, Botany Downs, Auckland → matched in LINZ_SQLITE"
2025-10-12T19:29:50.579277,,Geocode Success,"LINZ: 7 Sheffield Place, Botany Downs, Auckland → -36.9076804, 174.9174203"
2025-10-12T19:29:50.860245,,Geocode Success,"65 Aviemore Drive, Highland Park, Auckland → matched in LINZ_SQLITE"
2025-10-12T19:29:51.094867,,Geocode Success,"LINZ: 65 Aviemore Drive, Highland Park, Auckland → -36.90476862, 174.9047863"
2025-10-12T19:29:51.346405,,Geocode Success,"58 Tarnica Road, Northpark, Auckland → matched in LINZ_SQLITE"
2025-10-12T19:29:51.533194,,Geocode Success,"LINZ: 58 Tarnica Road, Northpark, Auckland → -36.92629249, 174.9144777"
2025-10-12T19:29:51.828799,,Geocode Success,"10 Fencotie Place, Northpark, Auckland → matched in LINZ_SQLITE"
2025-10-12T19:29:52.093727,,Geocode Success,"LINZ: 10 Fencotie Place, Northpark, Auckland → -36.92733825, 174.9133632"
2025-10-12T19:29:52.343220,,Geocode Success,"4 Glassonby Road, Northpark, Auckland → matched in LINZ_SQLITE"
2025-10-12T19:29:52.498196,,Geocode Success,"LINZ: 4 Glassonby Road, Northpark, Auckland → -36.9256841, 174.9139537"
2025-10-12T19:29:52.764698,,Geocode Success,"15 Aspatria Place, Northpark, Auckland → matched in LINZ_SQLITE"
2025-10-12T19:29:52.903419,,Geocode Success,"LINZ: 15 Aspatria Place, Northpark, Auckland → -36.92471437, 174.9155052"
2025-10-12T19:29:53.184478,,Geocode Success,"14 Aspatria Place, Northpark, Auckland → matched in LINZ_SQLITE"
2025-10-12T19:29:53.419395,,Geocode Success,"LINZ: 14 Aspatria Place, Northpark, Auckland → -36.92480975, 174.9153328"
2025-10-12T19:29:53.700591,,Geocode Success,"12 Anthony Place, Pakuranga, Auckland → matched in LINZ_SQLITE"
2025-10-12T19:29:53.982452,,Geocode Success,"LINZ: 12 Anthony Place, Pakuranga, Auckland → -36.91422155, 174.8677362"
2025-10-12T19:29:54.734351,,LINZ Miss,"2 Anthony Place, Pakuranga, Auckland → not found in LINZ sources (Auckland-gated)"
2025-10-12T19:29:54.890915,,Geocode Fallback,"LINZ failed for 2 Anthony Place, Pakuranga, Auckland"
2025-10-12T19:29:56.650217,,Geocode Variant Used,geocode.xyz used: Nearby-biased
2025-10-12T19:29:56.850219,,Geocode Success,"geocode.xyz: 2 Anthony Place, Pakuranga, Auckland → lat:-36.91394, lon:174.8686"
2025-10-12T19:29:57.020093,,Geocode Source,"geocode.xyz returned: ('2 Anthony Place, Pakuranga, Auckland', -36.91394, 174.8686, '') for input: 2 Anthony Place, Pakuranga, Auckland"
2025-10-12T19:29:57.346279,,Geocode Success,"42 Aviemore Drive, Highland Park, Auckland → matched in LINZ_SQLITE"
2025-10-12T19:29:57.611390,,Geocode Success,"LINZ: 42 Aviemore Drive, Highland Park, Auckland → -36.90194977, 174.9053192"
2025-10-12T19:29:57.920738,,Geocode Success,"50 Aviemore Drive, Highland Park, Auckland → matched in LINZ_SQLITE"
2025-10-12T19:29:58.139878,,Geocode Success,"LINZ: 50 Aviemore Drive, Highland Park, Auckland → -36.90232013, 174.9052988"
2025-10-12T19:29:58.435192,,Geocode Success,"2 Dale Crescent, Pakuranga, Auckland → matched in LINZ_SQLITE"
2025-10-12T19:29:58.651063,,Geocode Success,"LINZ: 2 Dale Crescent, Pakuranga, Auckland → -36.91477022, 174.8668704"
2025-10-12T19:29:58.946496,,Geocode Success,"2 Spenbrooke Road, Flat Bush, Auckland → matched in LINZ_SQLITE"
2025-10-12T19:29:59.166884,,Geocode Success,"LINZ: 2 Spenbrooke Road, Flat Bush, Auckland → -36.95182723, 174.9082965"
2025-10-12T19:29:59.463508,,Geocode Success,"160 Kohimarama Road, Kohimarama, Auckland → matched in LINZ_SQLITE"
2025-10-12T19:29:59.708208,,Geocode Success,"LINZ: 160 Kohimarama Road, Kohimarama, Auckland → -36.85796797, 174.8370535"
2025-10-12T19:30:00.004124,,Geocode Success,"13 Weri Road, Karaka, Auckland → matched in LINZ_SQLITE"
2025-10-12T19:30:00.237187,,Geocode Success,"LINZ: 13 Weri Road, Karaka, Auckland → -37.09908441, 174.936907"
2025-10-12T19:30:00.565225,,Geocode Success,"19 Hope Farm Avenue, Pakuranga Heights, Auckland → matched in LINZ_SQLITE"
2025-10-12T19:30:00.832343,,Geocode Success,"LINZ: 19 Hope Farm Avenue, Pakuranga Heights, Auckland → -36.9125845, 174.8969052"
2025-10-12T19:30:01.175179,,Geocode Success,"39 Dalwhinnie Parade, Highland Park, Auckland → matched in LINZ_SQLITE"
2025-10-12T19:30:01.393258,,Geocode Success,"LINZ: 39 Dalwhinnie Parade, Highland Park, Auckland → -36.90298093, 174.912626"
2025-10-12T19:30:01.691007,,Geocode Success,"39 Highland Park Drive, Highland Park, Auckland → matched in LINZ_SQLITE"
2025-10-12T19:30:01.985972,,Geocode Success,"LINZ: 39 Highland Park Drive, Highland Park, Auckland → -36.90209405, 174.9118889"
2025-10-12T19:30:02.374484,,Geocode Success,"8 Kincraig Place, Highland Park, Auckland → matched in LINZ_SQLITE"
2025-10-12T19:30:02.592261,,Geocode Success,"LINZ: 8 Kincraig Place, Highland Park, Auckland → -36.9037778, 174.91321"
2025-10-12T19:30:03.445044,,LINZ Miss,"12 Veagh Place, Highland Park, Auckland → not found in LINZ sources (Auckland-gated)"
2025-10-12T19:30:03.615855,,Geocode Fallback,"LINZ failed for 12 Veagh Place, Highland Park, Auckland"
2025-10-12T19:30:05.010547,,Geocode Failed,"geocode.xyz → 12 Veagh Place, Highland Park, Auckland (invalid)"
2025-10-12T19:30:05.165240,,Geocode Variant Used,Nominatim used: Nearby-biased
2025-10-12T19:30:05.351559,,Geocode Success,"Nominatim: 12 Veagh Place, Highland Park, Auckland → lat:-36.9044121, lon:174.9090551"
2025-10-12T19:30:05.493523,,Geocode Source,"Nominatim returned: ('Veagh Place, Highland Park, Auckland', -36.9044121, 174.9090551, '2143') for input: 12 Veagh Place, Highland Park, Auckland"
2025-10-12T19:30:06.454517,,LINZ Miss,"18 Veagh Place, Highland Park, Auckland → not found in LINZ sources (Auckland-gated)"
2025-10-12T19:30:06.627083,,Geocode Fallback,"LINZ failed for 18 Veagh Place, Highland Park, Auckland"
2025-10-12T19:30:07.761574,,Geocode Failed,"geocode.xyz → 18 Veagh Place, Highland Park, Auckland (invalid)"
2025-10-12T19:30:08.072035,,Geocode Variant Used,Nominatim used: Nearby-biased
2025-10-12T19:30:08.244859,,Geocode Success,"Nominatim: 18 Veagh Place, Highland Park, Auckland → lat:-36.9046617, lon:174.9091933"
2025-10-12T19:30:08.399042,,Geocode Source,"Nominatim returned: ('Veagh Place, Highland Park, Auckland', -36.9046617, 174.9091933, '2143') for input: 18 Veagh Place, Highland Park, Auckland"
2025-10-12T19:30:08.899212,,Geocode Success,"29 Dalwhinnie Parade, Highland Park, Auckland → matched in LINZ_SQLITE"
2025-10-12T19:30:09.178971,,Geocode Success,"LINZ: 29 Dalwhinnie Parade, Highland Park, Auckland → -36.9020446, 174.9146806"
2025-10-12T19:30:09.881817,,LINZ Miss,"60 Highland Park Drive, Highland Park, Auckland → not found in LINZ sources (Auckland-gated)"
2025-10-12T19:30:10.038095,,Geocode Fallback,"LINZ failed for 60 Highland Park Drive, Highland Park, Auckland"
2025-10-12T19:30:11.856894,,Geocode Variant Used,geocode.xyz used: Nearby-biased
2025-10-12T19:30:12.026491,,Geocode Success,"geocode.xyz: 60 Highland Park Drive, Highland Park, Auckland → lat:-36.90222, lon:174.91298"
2025-10-12T19:30:12.199013,,Geocode Source,"geocode.xyz returned: ('60 Highland Park Drive, Highland Park, Auckland', -36.90222, 174.91298, '') for input: 60 Highland Park Drive, Highland Park, Auckland"
2025-10-12T19:30:12.602210,,Geocode Success,"92 Vale Road, Saint Heliers, Auckland → matched in LINZ_SQLITE"
2025-10-12T19:30:12.867770,,Geocode Success,"LINZ: 92 Vale Road, Saint Heliers, Auckland → -36.85422133, 174.8667624"
2025-10-12T19:30:13.193695,,Geocode Success,"101 Aviemore Drive, Highland Park, Auckland → matched in LINZ_SQLITE"
2025-10-12T19:30:13.474455,,Geocode Success,"LINZ: 101 Aviemore Drive, Highland Park, Auckland → -36.90688755, 174.9052152"
2025-10-12T19:30:13.801990,,Geocode Success,"89 Aviemore Drive, Highland Park, Auckland → matched in LINZ_SQLITE"
2025-10-12T19:30:14.066510,,Geocode Success,"LINZ: 89 Aviemore Drive, Highland Park, Auckland → -36.9061917, 174.9049633"
2025-10-12T19:30:14.427190,,Geocode Success,"59 Aviemore Drive, Highland Park, Auckland → matched in LINZ_SQLITE"
2025-10-12T19:30:14.629129,,Geocode Success,"LINZ: 59 Aviemore Drive, Highland Park, Auckland → -36.90421287, 174.9047538"
2025-10-12T19:30:14.907114,,Geocode Success,"21 Belgate Place, Somerville, Auckland → matched in LINZ_SQLITE"
2025-10-12T19:30:15.097041,,Geocode Success,"LINZ: 21 Belgate Place, Somerville, Auckland → -36.91113792, 174.927218"
2025-10-12T19:30:15.455479,,Geocode Success,"23 Palmcrest Grove, Highland Park, Auckland → matched in LINZ_SQLITE"
2025-10-12T19:30:15.719270,,Geocode Success,"LINZ: 23 Palmcrest Grove, Highland Park, Auckland → -36.90239785, 174.9061027"
2025-10-12T19:30:16.000989,,Geocode Success,"702 Pakuranga Road, Howick, Auckland → matched in LINZ_SQLITE"
2025-10-12T19:30:16.218935,,Geocode Success,"LINZ: 702 Pakuranga Road, Howick, Auckland → -36.89882635, 174.9178044"
2025-10-12T19:30:16.563967,,Geocode Success,"68 Alicia Road, Somerville, Auckland → matched in LINZ_SQLITE"
2025-10-12T19:30:16.766152,,Geocode Success,"LINZ: 68 Alicia Road, Somerville, Auckland → -36.91069488, 174.9379552"
2025-10-12T19:30:17.143893,,Geocode Success,"44 Edendale Road, Somerville, Auckland → matched in LINZ_SQLITE"
2025-10-12T19:30:17.458060,,Geocode Success,"LINZ: 44 Edendale Road, Somerville, Auckland → -36.91150113, 174.9290791"
2025-10-12T19:30:17.859546,,Geocode Success,"46 Edendale Road, Somerville, Auckland → matched in LINZ_SQLITE"
2025-10-12T19:30:18.122480,,Geocode Success,"LINZ: 46 Edendale Road, Somerville, Auckland → -36.91126932, 174.9289384"
2025-10-12T19:30:18.512384,,Geocode Success,"2 Belgate Place, Somerville, Auckland → matched in LINZ_SQLITE"
2025-10-12T19:30:18.757003,,Geocode Success,"LINZ: 2 Belgate Place, Somerville, Auckland → -36.91072098, 174.9286089"
2025-10-12T19:30:19.051175,,Geocode Success,"72 Edendale Road, Somerville, Auckland → matched in LINZ_SQLITE"
2025-10-12T19:30:19.285154,,Geocode Success,"LINZ: 72 Edendale Road, Somerville, Auckland → -36.90867618, 174.9305152"
2025-10-12T19:30:19.595264,,Geocode Success,"53 O'Halloran Road, Howick, Auckland → matched in LINZ_SQLITE"
2025-10-12T19:30:19.797782,,Geocode Success,"LINZ: 53 O'Halloran Road, Howick, Auckland → -36.8957141, 174.9206852"
2025-10-12T19:30:20.078948,,Geocode Success,"172 Botany Road, Botany Downs, Auckland → matched in LINZ_SQLITE"
2025-10-12T19:30:20.360702,,Geocode Success,"LINZ: 172 Botany Road, Botany Downs, Auckland → -36.91408478, 174.9161726"
2025-10-12T19:30:20.672062,,Geocode Success,"178 Botany Road, Botany Downs, Auckland → matched in LINZ_SQLITE"
2025-10-12T19:30:20.873933,,Geocode Success,"LINZ: 178 Botany Road, Botany Downs, Auckland → -36.91448028, 174.916341"
2025-10-12T19:30:21.201096,,Geocode Success,"20 Mirrabooka Avenue, Botany Downs, Auckland → matched in LINZ_SQLITE"
2025-10-12T19:30:21.422288,,Geocode Success,"LINZ: 20 Mirrabooka Avenue, Botany Downs, Auckland → -36.91020433, 174.9240548"
2025-10-12T19:30:22.247001,,LINZ Miss,"9 Mirrabooka Avenue, Botany Downs, Auckland → not found in LINZ sources (Auckland-gated)"
2025-10-12T19:30:22.418806,,Geocode Fallback,"LINZ failed for 9 Mirrabooka Avenue, Botany Downs, Auckland"
2025-10-12T19:30:23.875330,,Geocode Variant Used,Nominatim used: Nearby-biased
2025-10-12T19:30:24.030552,,Geocode Success,"Nominatim: 9 Mirrabooka Avenue, Botany Downs, Auckland → lat:-36.9100765, lon:174.9235701"
2025-10-12T19:30:24.202085,,Geocode Source,"Nominatim returned: ('Mirrabooka Avenue, Botany Downs, Auckland', -36.9100765, 174.9235701, '2014') for input: 9 Mirrabooka Avenue, Botany Downs, Auckland"
2025-10-12T19:30:24.546621,,Geocode Success,"14 Mirrabooka Avenue, Botany Downs, Auckland → matched in LINZ_SQLITE"
2025-10-12T19:30:24.782402,,Geocode Success,"LINZ: 14 Mirrabooka Avenue, Botany Downs, Auckland → -36.91004731, 174.9242015"
2025-10-12T19:30:25.077964,,Geocode Success,"13 Bunker Rise, Golflands, Auckland → matched in LINZ_SQLITE"
2025-10-12T19:30:25.342454,,Geocode Success,"LINZ: 13 Bunker Rise, Golflands, Auckland → -36.92868663, 174.9078328"
2025-10-12T19:30:25.684772,,Geocode Success,"4 Bunker Rise, Golflands, Auckland → matched in LINZ_SQLITE"
2025-10-12T19:30:25.934486,,Geocode Success,"LINZ: 4 Bunker Rise, Golflands, Auckland → -36.9289267, 174.9081434"
2025-10-12T19:30:26.279073,,Geocode Success,"2 Nagle Place, Golflands, Auckland → matched in LINZ_SQLITE"
2025-10-12T19:30:26.574497,,Geocode Success,"LINZ: 2 Nagle Place, Golflands, Auckland → -36.92879458, 174.9087673"
2025-10-12T19:30:26.886270,,Geocode Success,"22 Carriage Close, Northpark, Auckland → matched in LINZ_SQLITE"
2025-10-12T19:30:27.152070,,Geocode Success,"LINZ: 22 Carriage Close, Northpark, Auckland → -36.91582802, 174.9226905"
2025-10-12T19:30:27.495681,,Geocode Success,"14 Els Close, Golflands, Auckland → matched in LINZ_SQLITE"
2025-10-12T19:30:27.699377,,Geocode Success,"LINZ: 14 Els Close, Golflands, Auckland → -36.92824297, 174.9080115"
2025-10-12T19:30:28.009163,,Geocode Success,"4 Crescent Hills Court, Northpark, Auckland → matched in LINZ_SQLITE"
2025-10-12T19:30:28.230145,,Geocode Success,"LINZ: 4 Crescent Hills Court, Northpark, Auckland → -36.91851152, 174.9254718"
2025-10-12T19:30:28.588836,,Geocode Success,"18 Royalle Mews, Botany Downs, Auckland → matched in LINZ_SQLITE"
2025-10-12T19:30:28.824368,,Geocode Success,"LINZ: 18 Royalle Mews, Botany Downs, Auckland → -36.90948742, 174.917709"
2025-10-12T19:30:29.138018,,Geocode Success,"5 Kallaroo Place, Botany Downs, Auckland → matched in LINZ_SQLITE"
2025-10-12T19:30:29.420198,,Geocode Success,"LINZ: 5 Kallaroo Place, Botany Downs, Auckland → -36.91326345, 174.9207951"
2025-10-12T19:30:29.683118,,Geocode Success,"8 The Green, Golflands, Auckland → matched in LINZ_SQLITE"
2025-10-12T19:30:29.886215,,Geocode Success,"LINZ: 8 The Green, Golflands, Auckland → -36.91978077, 174.9069734"
2025-10-12T19:30:30.199432,,Geocode Success,"11 Nypa Way, Somerville, Auckland → matched in LINZ_SQLITE"
2025-10-12T19:30:30.480137,,Geocode Success,"LINZ: 11 Nypa Way, Somerville, Auckland → -36.90792988, 174.9323795"
2025-10-12T19:30:30.844139,,Geocode Success,"72 Drake Street, Howick, Auckland → matched in LINZ_SQLITE"
2025-10-12T19:30:31.080940,,Geocode Success,"LINZ: 72 Drake Street, Howick, Auckland → -36.89964167, 174.9298111"
2025-10-12T19:30:31.407784,,Geocode Success,"64 Drake Street, Howick, Auckland → matched in LINZ_SQLITE"
2025-10-12T19:30:31.659150,,Geocode Success,"LINZ: 64 Drake Street, Howick, Auckland → -36.89970628, 174.9306199"
2025-10-12T19:30:31.969107,,Geocode Success,"42 Drake Street, Howick, Auckland → matched in LINZ_SQLITE"
2025-10-12T19:30:32.281239,,Geocode Success,"LINZ: 42 Drake Street, Howick, Auckland → -36.90012817, 174.9321474"
2025-10-12T19:30:32.748808,,Geocode Success,"40 Drake Street, Howick, Auckland → matched in LINZ_SQLITE"
2025-10-12T19:30:32.984127,,Geocode Success,"LINZ: 40 Drake Street, Howick, Auckland → -36.90022498, 174.932335"
2025-10-12T19:30:33.893128,,LINZ Miss,"55 Drake Street, Howick, Auckland → not found in LINZ sources (Auckland-gated)"
2025-10-12T19:30:34.064999,,Geocode Fallback,"LINZ failed for 55 Drake Street, Howick, Auckland"
2025-10-12T19:30:35.639111,,Geocode Variant Used,Nominatim used: Nearby-biased
2025-10-12T19:30:35.857676,,Geocode Success,"Nominatim: 55 Drake Street, Howick, Auckland → lat:-36.8993706, lon:174.9311347"
2025-10-12T19:30:36.045082,,Geocode Source,"Nominatim returned: ('Drake Street, Howick, Auckland', -36.8993706, 174.9311347, '2014') for input: 55 Drake Street, Howick, Auckland"
2025-10-12T19:30:36.806582,,LINZ Miss,"57 Drake Street, Howick, Auckland → not found in LINZ sources (Auckland-gated)"
2025-10-12T19:30:36.964232,,Geocode Fallback,"LINZ failed for 57 Drake Street, Howick, Auckland"
2025-10-12T19:30:38.491324,,Geocode Variant Used,Nominatim used: Nearby-biased
2025-10-12T19:30:38.676176,,Geocode Success,"Nominatim: 57 Drake Street, Howick, Auckland → lat:-36.8993359, lon:174.9309502"
2025-10-12T19:30:38.848092,,Geocode Source,"Nominatim returned: ('Drake Street, Howick, Auckland', -36.8993359, 174.9309502, '2014') for input: 57 Drake Street, Howick, Auckland"
2025-10-12T19:30:39.284697,,Geocode Success,"23 Baird Street, Howick, Auckland → matched in LINZ_SQLITE"
2025-10-12T19:30:39.488004,,Geocode Success,"LINZ: 23 Baird Street, Howick, Auckland → -36.90048198, 174.9309772"
2025-10-12T19:30:39.770856,,Geocode Success,"1 Stockade View Lane, Howick, Auckland → matched in LINZ_SQLITE"
2025-10-12T19:30:40.036041,,Geocode Success,"LINZ: 1 Stockade View Lane, Howick, Auckland → -36.8978012, 174.9317788"
2025-10-12T19:30:40.377894,,Geocode Success,"3 Athenry Place, Dannemora, Auckland → matched in LINZ_SQLITE"
2025-10-12T19:30:40.613629,,Geocode Success,"LINZ: 3 Athenry Place, Dannemora, Auckland → -36.92921805, 174.9218251"
2025-10-12T19:30:40.959163,,Geocode Success,"27 Athenry Place, Dannemora, Auckland → matched in LINZ_SQLITE"
2025-10-12T19:30:41.163048,,Geocode Success,"LINZ: 27 Athenry Place, Dannemora, Auckland → -36.9303555, 174.9202783"
2025-10-12T19:30:41.460169,,Geocode Success,"21 Athenry Place, Dannemora, Auckland → matched in LINZ_SQLITE"
2025-10-12T19:30:41.677675,,Geocode Success,"LINZ: 21 Athenry Place, Dannemora, Auckland → -36.92987067, 174.9207648"
2025-10-12T19:30:42.053339,,Geocode Success,"10 Balbriggan Rise, Dannemora, Auckland → matched in LINZ_SQLITE"
2025-10-12T19:30:42.318887,,Geocode Success,"LINZ: 10 Balbriggan Rise, Dannemora, Auckland → -36.93027865, 174.9229539"
2025-10-12T19:30:42.615505,,Geocode Success,"3 Balbriggan Rise, Dannemora, Auckland → matched in LINZ_SQLITE"
2025-10-12T19:30:42.850032,,Geocode Success,"LINZ: 3 Balbriggan Rise, Dannemora, Auckland → -36.93078775, 174.9228258"
2025-10-12T19:30:43.145289,,Geocode Success,"42 Keppoch Court, Dannemora, Auckland → matched in LINZ_SQLITE"
2025-10-12T19:30:43.379024,,Geocode Success,"LINZ: 42 Keppoch Court, Dannemora, Auckland → -36.92766952, 174.9192487"
2025-10-12T19:30:43.641959,,Geocode Success,"30 Botany Road, Howick, Auckland → matched in LINZ_SQLITE"
2025-10-12T19:30:43.860292,,Geocode Success,"LINZ: 30 Botany Road, Howick, Auckland → -36.90142063, 174.9188992"
2025-10-12T19:50:32.749416,,Session Start,Script started and corrections_log.csv initialized.
2025-10-12T19:50:32.753742,,Session Start,Script started and corrections_log.csv initialized.
2025-10-12T19:50:41.064033,,Geocode Success,"7 Sheffield Place, Botany Downs, Auckland → matched in LINZ_SQLITE"
2025-10-12T19:50:41.347197,,Geocode Success,"LINZ: 7 Sheffield Place, Botany Downs, Auckland → -36.9076804, 174.9174203"
2025-10-12T19:50:41.643655,,Geocode Success,"65 Aviemore Drive, Highland Park, Auckland → matched in LINZ_SQLITE"
2025-10-12T19:50:41.846558,,Geocode Success,"LINZ: 65 Aviemore Drive, Highland Park, Auckland → -36.90476862, 174.9047863"
2025-10-12T19:50:42.128666,,Geocode Success,"58 Tarnica Road, Northpark, Auckland → matched in LINZ_SQLITE"
2025-10-12T19:50:42.382522,,Geocode Success,"LINZ: 58 Tarnica Road, Northpark, Auckland → -36.92629249, 174.9144777"
2025-10-12T19:50:42.727383,,Geocode Success,"10 Fencotie Place, Northpark, Auckland → matched in LINZ_SQLITE"
2025-10-12T19:50:42.976450,,Geocode Success,"LINZ: 10 Fencotie Place, Northpark, Auckland → -36.92733825, 174.9133632"
2025-10-12T19:50:43.288469,,Geocode Success,"4 Glassonby Road, Northpark, Auckland → matched in LINZ_SQLITE"
2025-10-12T19:50:43.446387,,Geocode Success,"LINZ: 4 Glassonby Road, Northpark, Auckland → -36.9256841, 174.9139537"
2025-10-12T19:50:43.713833,,Geocode Success,"15 Aspatria Place, Northpark, Auckland → matched in LINZ_SQLITE"
2025-10-12T19:50:43.949385,,Geocode Success,"LINZ: 15 Aspatria Place, Northpark, Auckland → -36.92471437, 174.9155052"
2025-10-12T19:50:44.260760,,Geocode Success,"14 Aspatria Place, Northpark, Auckland → matched in LINZ_SQLITE"
2025-10-12T19:50:44.447736,,Geocode Success,"LINZ: 14 Aspatria Place, Northpark, Auckland → -36.92480975, 174.9153328"
2025-10-12T19:50:44.728430,,Geocode Success,"12 Anthony Place, Pakuranga, Auckland → matched in LINZ_SQLITE"
2025-10-12T19:50:44.947859,,Geocode Success,"LINZ: 12 Anthony Place, Pakuranga, Auckland → -36.91422155, 174.8677362"
2025-10-12T19:50:45.792617,,LINZ Miss,"2 Anthony Place, Pakuranga, Auckland → not found in LINZ sources (Auckland-gated)"
2025-10-12T19:50:45.965889,,Geocode Fallback,"LINZ failed for 2 Anthony Place, Pakuranga, Auckland"
2025-10-12T19:50:47.495341,,Geocode Variant Used,Nominatim used: Nearby-biased
2025-10-12T19:50:47.666307,,Geocode Success,"Nominatim: 2 Anthony Place, Pakuranga, Auckland → lat:-36.9141854, lon:174.8684727"
2025-10-12T19:50:47.837910,,Geocode Source,"Nominatim returned: ('Anthony Place, Pakūranga, Auckland', -36.9141854, 174.8684727, '2010') for input: 2 Anthony Place, Pakuranga, Auckland"
2025-10-12T19:50:48.195410,,Geocode Success,"42 Aviemore Drive, Highland Park, Auckland → matched in LINZ_SQLITE"
2025-10-12T19:50:48.416481,,Geocode Success,"LINZ: 42 Aviemore Drive, Highland Park, Auckland → -36.90194977, 174.9053192"
2025-10-12T19:50:48.698976,,Geocode Success,"50 Aviemore Drive, Highland Park, Auckland → matched in LINZ_SQLITE"
2025-10-12T19:50:48.917827,,Geocode Success,"LINZ: 50 Aviemore Drive, Highland Park, Auckland → -36.90232013, 174.9052988"
2025-10-12T19:50:49.230992,,Geocode Success,"2 Dale Crescent, Pakuranga, Auckland → matched in LINZ_SQLITE"
2025-10-12T19:50:49.512858,,Geocode Success,"LINZ: 2 Dale Crescent, Pakuranga, Auckland → -36.91477022, 174.8668704"
2025-10-12T19:50:49.856597,,Geocode Success,"2 Spenbrooke Road, Flat Bush, Auckland → matched in LINZ_SQLITE"
2025-10-12T19:50:50.060968,,Geocode Success,"LINZ: 2 Spenbrooke Road, Flat Bush, Auckland → -36.95182723, 174.9082965"
2025-10-12T19:50:50.391605,,Geocode Success,"160 Kohimarama Road, Kohimarama, Auckland → matched in LINZ_SQLITE"
2025-10-12T19:50:50.610829,,Geocode Success,"LINZ: 160 Kohimarama Road, Kohimarama, Auckland → -36.85796797, 174.8370535"
2025-10-12T19:50:50.905728,,Geocode Success,"13 Weri Road, Karaka, Auckland → matched in LINZ_SQLITE"
2025-10-12T19:50:51.109263,,Geocode Success,"LINZ: 13 Weri Road, Karaka, Auckland → -37.09908441, 174.936907"
2025-10-12T19:50:51.392423,,Geocode Success,"19 Hope Farm Avenue, Pakuranga Heights, Auckland → matched in LINZ_SQLITE"
2025-10-12T19:50:51.595326,,Geocode Success,"LINZ: 19 Hope Farm Avenue, Pakuranga Heights, Auckland → -36.9125845, 174.8969052"
2025-10-12T19:50:51.908145,,Geocode Success,"39 Dalwhinnie Parade, Highland Park, Auckland → matched in LINZ_SQLITE"
2025-10-12T19:50:52.160792,,Geocode Success,"LINZ: 39 Dalwhinnie Parade, Highland Park, Auckland → -36.90298093, 174.912626"
2025-10-12T19:50:52.474981,,Geocode Success,"39 Highland Park Drive, Highland Park, Auckland → matched in LINZ_SQLITE"
2025-10-12T19:50:52.709553,,Geocode Success,"LINZ: 39 Highland Park Drive, Highland Park, Auckland → -36.90209405, 174.9118889"
2025-10-12T19:50:53.021034,,Geocode Success,"8 Kincraig Place, Highland Park, Auckland → matched in LINZ_SQLITE"
2025-10-12T19:50:53.226016,,Geocode Success,"LINZ: 8 Kincraig Place, Highland Park, Auckland → -36.9037778, 174.91321"
2025-10-12T19:50:53.980960,,LINZ Miss,"12 Veagh Place, Highland Park, Auckland → not found in LINZ sources (Auckland-gated)"
2025-10-12T19:50:54.154954,,Geocode Fallback,"LINZ failed for 12 Veagh Place, Highland Park, Auckland"
2025-10-12T19:50:55.572845,,Geocode Variant Used,Nominatim used: Nearby-biased
2025-10-12T19:50:55.714459,,Geocode Success,"Nominatim: 12 Veagh Place, Highland Park, Auckland → lat:-36.9044121, lon:174.9090551"
2025-10-12T19:50:55.837904,,Geocode Source,"Nominatim returned: ('Veagh Place, Highland Park, Auckland', -36.9044121, 174.9090551, '2143') for input: 12 Veagh Place, Highland Park, Auckland"
2025-10-12T19:50:56.682670,,LINZ Miss,"18 Veagh Place, Highland Park, Auckland → not found in LINZ sources (Auckland-gated)"
2025-10-12T19:50:56.854116,,Geocode Fallback,"LINZ failed for 18 Veagh Place, Highland Park, Auckland"
2025-10-12T19:50:58.232439,,Geocode Variant Used,Nominatim used: Nearby-biased
2025-10-12T19:50:58.374549,,Geocode Success,"Nominatim: 18 Veagh Place, Highland Park, Auckland → lat:-36.9046617, lon:174.9091933"
2025-10-12T19:50:58.516584,,Geocode Source,"Nominatim returned: ('Veagh Place, Highland Park, Auckland', -36.9046617, 174.9091933, '2143') for input: 18 Veagh Place, Highland Park, Auckland"
2025-10-12T19:50:58.847877,,Geocode Success,"29 Dalwhinnie Parade, Highland Park, Auckland → matched in LINZ_SQLITE"
2025-10-12T19:50:59.019715,,Geocode Success,"LINZ: 29 Dalwhinnie Parade, Highland Park, Auckland → -36.9020446, 174.9146806"
2025-10-12T19:50:59.691502,,LINZ Miss,"60 Highland Park Drive, Highland Park, Auckland → not found in LINZ sources (Auckland-gated)"
2025-10-12T19:50:59.847896,,Geocode Fallback,"LINZ failed for 60 Highland Park Drive, Highland Park, Auckland"
2025-10-12T19:51:00.972245,,Geocode Failed,"geocode.xyz → 60 Highland Park Drive, Highland Park, Auckland (invalid)"
2025-10-12T19:51:01.366324,,Geocode Variant Used,Nominatim used: Nearby-biased
2025-10-12T19:51:01.541706,,Geocode Success,"Nominatim: 60 Highland Park Drive, Highland Park, Auckland → lat:-36.9022471, lon:174.9129474"
2025-10-12T19:51:01.684749,,Geocode Source,"Nominatim returned: ('Highland Park Drive, Highland Park, Auckland', -36.9022471, 174.9129474, '2143') for input: 60 Highland Park Drive, Highland Park, Auckland"
2025-10-12T19:51:02.046869,,Geocode Success,"92 Vale Road, Saint Heliers, Auckland → matched in LINZ_SQLITE"
2025-10-12T19:51:02.282452,,Geocode Success,"LINZ: 92 Vale Road, Saint Heliers, Auckland → -36.85422133, 174.8667624"
2025-10-12T19:51:02.564821,,Geocode Success,"101 Aviemore Drive, Highland Park, Auckland → matched in LINZ_SQLITE"
2025-10-12T19:51:02.721403,,Geocode Success,"LINZ: 101 Aviemore Drive, Highland Park, Auckland → -36.90688755, 174.9052152"
2025-10-12T19:51:03.052375,,Geocode Success,"89 Aviemore Drive, Highland Park, Auckland → matched in LINZ_SQLITE"
2025-10-12T19:51:03.318224,,Geocode Success,"LINZ: 89 Aviemore Drive, Highland Park, Auckland → -36.9061917, 174.9049633"
2025-10-12T19:51:03.584599,,Geocode Success,"59 Aviemore Drive, Highland Park, Auckland → matched in LINZ_SQLITE"
2025-10-12T19:51:03.803054,,Geocode Success,"LINZ: 59 Aviemore Drive, Highland Park, Auckland → -36.90421287, 174.9047538"
2025-10-12T19:51:04.163914,,Geocode Success,"21 Belgate Place, Somerville, Auckland → matched in LINZ_SQLITE"
2025-10-12T19:51:04.399551,,Geocode Success,"LINZ: 21 Belgate Place, Somerville, Auckland → -36.91113792, 174.927218"
2025-10-12T19:51:04.716446,,Geocode Success,"23 Palmcrest Grove, Highland Park, Auckland → matched in LINZ_SQLITE"
2025-10-12T19:51:04.907317,,Geocode Success,"LINZ: 23 Palmcrest Grove, Highland Park, Auckland → -36.90239785, 174.9061027"
2025-10-12T19:51:05.238289,,Geocode Success,"702 Pakuranga Road, Howick, Auckland → matched in LINZ_SQLITE"
2025-10-12T19:51:05.475303,,Geocode Success,"LINZ: 702 Pakuranga Road, Howick, Auckland → -36.89882635, 174.9178044"
2025-10-12T19:51:05.759578,,Geocode Success,"68 Alicia Road, Somerville, Auckland → matched in LINZ_SQLITE"
2025-10-12T19:51:05.977112,,Geocode Success,"LINZ: 68 Alicia Road, Somerville, Auckland → -36.91069488, 174.9379552"
2025-10-12T19:51:06.307479,,Geocode Success,"44 Edendale Road, Somerville, Auckland → matched in LINZ_SQLITE"
2025-10-12T19:51:06.511281,,Geocode Success,"LINZ: 44 Edendale Road, Somerville, Auckland → -36.91150113, 174.9290791"
2025-10-12T19:51:06.811113,,Geocode Success,"46 Edendale Road, Somerville, Auckland → matched in LINZ_SQLITE"
2025-10-12T19:51:07.031826,,Geocode Success,"LINZ: 46 Edendale Road, Somerville, Auckland → -36.91126932, 174.9289384"
2025-10-12T19:51:07.360259,,Geocode Success,"2 Belgate Place, Somerville, Auckland → matched in LINZ_SQLITE"
2025-10-12T19:51:07.612545,,Geocode Success,"LINZ: 2 Belgate Place, Somerville, Auckland → -36.91072098, 174.9286089"
2025-10-12T19:51:07.939076,,Geocode Success,"72 Edendale Road, Somerville, Auckland → matched in LINZ_SQLITE"
2025-10-12T19:51:08.143128,,Geocode Success,"LINZ: 72 Edendale Road, Somerville, Auckland → -36.90867618, 174.9305152"
2025-10-12T19:51:08.410447,,Geocode Success,"53 O'Halloran Road, Howick, Auckland → matched in LINZ_SQLITE"
2025-10-12T19:51:08.642236,,Geocode Success,"LINZ: 53 O'Halloran Road, Howick, Auckland → -36.8957141, 174.9206852"
2025-10-12T19:51:08.922597,,Geocode Success,"172 Botany Road, Botany Downs, Auckland → matched in LINZ_SQLITE"
2025-10-12T19:51:09.141250,,Geocode Success,"LINZ: 172 Botany Road, Botany Downs, Auckland → -36.91408478, 174.9161726"
2025-10-12T19:51:09.440366,,Geocode Success,"178 Botany Road, Botany Downs, Auckland → matched in LINZ_SQLITE"
2025-10-12T19:51:09.659308,,Geocode Success,"LINZ: 178 Botany Road, Botany Downs, Auckland → -36.91448028, 174.916341"
2025-10-12T19:51:09.895492,,Geocode Success,"20 Mirrabooka Avenue, Botany Downs, Auckland → matched in LINZ_SQLITE"
2025-10-12T19:51:10.036288,,Geocode Success,"LINZ: 20 Mirrabooka Avenue, Botany Downs, Auckland → -36.91020433, 174.9240548"
2025-10-12T19:51:10.815070,,LINZ Miss,"9 Mirrabooka Avenue, Botany Downs, Auckland → not found in LINZ sources (Auckland-gated)"
2025-10-12T19:51:10.955632,,Geocode Fallback,"LINZ failed for 9 Mirrabooka Avenue, Botany Downs, Auckland"
2025-10-12T19:51:12.096705,,Geocode Failed,"geocode.xyz → 9 Mirrabooka Avenue, Botany Downs, Auckland (invalid)"
2025-10-12T19:51:12.343822,,Geocode Variant Used,Nominatim used: Nearby-biased
2025-10-12T19:51:12.533001,,Geocode Success,"Nominatim: 9 Mirrabooka Avenue, Botany Downs, Auckland → lat:-36.9100765, lon:174.9235701"
2025-10-12T19:51:12.672996,,Geocode Source,"Nominatim returned: ('Mirrabooka Avenue, Botany Downs, Auckland', -36.9100765, 174.9235701, '2014') for input: 9 Mirrabooka Avenue, Botany Downs, Auckland"
2025-10-12T19:51:13.065577,,Geocode Success,"14 Mirrabooka Avenue, Botany Downs, Auckland → matched in LINZ_SQLITE"
2025-10-12T19:51:13.299858,,Geocode Success,"LINZ: 14 Mirrabooka Avenue, Botany Downs, Auckland → -36.91004731, 174.9242015"
2025-10-12T19:51:13.628714,,Geocode Success,"13 Bunker Rise, Golflands, Auckland → matched in LINZ_SQLITE"
2025-10-12T19:51:13.845982,,Geocode Success,"LINZ: 13 Bunker Rise, Golflands, Auckland → -36.92868663, 174.9078328"
2025-10-12T19:51:14.129242,,Geocode Success,"4 Bunker Rise, Golflands, Auckland → matched in LINZ_SQLITE"
2025-10-12T19:51:14.365865,,Geocode Success,"LINZ: 4 Bunker Rise, Golflands, Auckland → -36.9289267, 174.9081434"
2025-10-12T19:51:14.693900,,Geocode Success,"2 Nagle Place, Golflands, Auckland → matched in LINZ_SQLITE"
2025-10-12T19:51:14.897945,,Geocode Success,"LINZ: 2 Nagle Place, Golflands, Auckland → -36.92879458, 174.9087673"
2025-10-12T19:51:15.213260,,Geocode Success,"22 Carriage Close, Northpark, Auckland → matched in LINZ_SQLITE"
2025-10-12T19:51:15.432311,,Geocode Success,"LINZ: 22 Carriage Close, Northpark, Auckland → -36.91582802, 174.9226905"
2025-10-12T19:51:15.718906,,Geocode Success,"14 Els Close, Golflands, Auckland → matched in LINZ_SQLITE"
2025-10-12T19:51:15.938236,,Geocode Success,"LINZ: 14 Els Close, Golflands, Auckland → -36.92824297, 174.9080115"
2025-10-12T19:51:16.267547,,Geocode Success,"4 Crescent Hills Court, Northpark, Auckland → matched in LINZ_SQLITE"
2025-10-12T19:51:16.455808,,Geocode Success,"LINZ: 4 Crescent Hills Court, Northpark, Auckland → -36.91851152, 174.9254718"
2025-10-12T19:51:16.770481,,Geocode Success,"18 Royalle Mews, Botany Downs, Auckland → matched in LINZ_SQLITE"
2025-10-12T19:51:16.987918,,Geocode Success,"LINZ: 18 Royalle Mews, Botany Downs, Auckland → -36.90948742, 174.917709"
2025-10-12T19:51:17.301765,,Geocode Success,"5 Kallaroo Place, Botany Downs, Auckland → matched in LINZ_SQLITE"
2025-10-12T19:51:17.476958,,Geocode Success,"LINZ: 5 Kallaroo Place, Botany Downs, Auckland → -36.91326345, 174.9207951"
2025-10-12T19:51:17.778258,,Geocode Success,"8 The Green, Golflands, Auckland → matched in LINZ_SQLITE"
2025-10-12T19:51:18.000206,,Geocode Success,"LINZ: 8 The Green, Golflands, Auckland → -36.91978077, 174.9069734"
2025-10-12T19:51:18.281569,,Geocode Success,"11 Nypa Way, Somerville, Auckland → matched in LINZ_SQLITE"
2025-10-12T19:51:18.504505,,Geocode Success,"LINZ: 11 Nypa Way, Somerville, Auckland → -36.90792988, 174.9323795"
2025-10-12T19:51:18.786750,,Geocode Success,"72 Drake Street, Howick, Auckland → matched in LINZ_SQLITE"
2025-10-12T19:51:18.975015,,Geocode Success,"LINZ: 72 Drake Street, Howick, Auckland → -36.89964167, 174.9298111"
2025-10-12T19:51:19.243307,,Geocode Success,"64 Drake Street, Howick, Auckland → matched in LINZ_SQLITE"
2025-10-12T19:51:19.415462,,Geocode Success,"LINZ: 64 Drake Street, Howick, Auckland → -36.89970628, 174.9306199"
2025-10-12T19:51:19.716090,,Geocode Success,"42 Drake Street, Howick, Auckland → matched in LINZ_SQLITE"
2025-10-12T19:51:19.983900,,Geocode Success,"LINZ: 42 Drake Street, Howick, Auckland → -36.90012817, 174.9321474"
2025-10-12T19:51:20.235410,,Geocode Success,"40 Drake Street, Howick, Auckland → matched in LINZ_SQLITE"
2025-10-12T19:51:20.441010,,Geocode Success,"LINZ: 40 Drake Street, Howick, Auckland → -36.90022498, 174.932335"
2025-10-12T19:51:21.135431,,LINZ Miss,"55 Drake Street, Howick, Auckland → not found in LINZ sources (Auckland-gated)"
2025-10-12T19:51:21.293183,,Geocode Fallback,"LINZ failed for 55 Drake Street, Howick, Auckland"
2025-10-12T19:51:22.846358,,Geocode Variant Used,Nominatim used: Nearby-biased
2025-10-12T19:51:22.986285,,Geocode Success,"Nominatim: 55 Drake Street, Howick, Auckland → lat:-36.8993706, lon:174.9311347"
2025-10-12T19:51:23.144496,,Geocode Source,"Nominatim returned: ('Drake Street, Howick, Auckland', -36.8993706, 174.9311347, '2014') for input: 55 Drake Street, Howick, Auckland"
2025-10-12T19:51:23.907837,,LINZ Miss,"57 Drake Street, Howick, Auckland → not found in LINZ sources (Auckland-gated)"
2025-10-12T19:51:24.076632,,Geocode Fallback,"LINZ failed for 57 Drake Street, Howick, Auckland"
2025-10-12T19:51:25.657063,,Geocode Variant Used,Nominatim used: Nearby-biased
2025-10-12T19:51:25.813921,,Geocode Success,"Nominatim: 57 Drake Street, Howick, Auckland → lat:-36.8993359, lon:174.9309502"
2025-10-12T19:51:25.984634,,Geocode Source,"Nominatim returned: ('Drake Street, Howick, Auckland', -36.8993359, 174.9309502, '2014') for input: 57 Drake Street, Howick, Auckland"
2025-10-12T19:51:26.360975,,Geocode Success,"23 Baird Street, Howick, Auckland → matched in LINZ_SQLITE"
2025-10-12T19:51:26.610679,,Geocode Success,"LINZ: 23 Baird Street, Howick, Auckland → -36.90048198, 174.9309772"
2025-10-12T19:51:26.876526,,Geocode Success,"1 Stockade View Lane, Howick, Auckland → matched in LINZ_SQLITE"
2025-10-12T19:51:27.110714,,Geocode Success,"LINZ: 1 Stockade View Lane, Howick, Auckland → -36.8978012, 174.9317788"
2025-10-12T19:51:27.410502,,Geocode Success,"3 Athenry Place, Dannemora, Auckland → matched in LINZ_SQLITE"
2025-10-12T19:51:27.660256,,Geocode Success,"LINZ: 3 Athenry Place, Dannemora, Auckland → -36.92921805, 174.9218251"
2025-10-12T19:51:27.972311,,Geocode Success,"27 Athenry Place, Dannemora, Auckland → matched in LINZ_SQLITE"
2025-10-12T19:51:28.145766,,Geocode Success,"LINZ: 27 Athenry Place, Dannemora, Auckland → -36.9303555, 174.9202783"
2025-10-12T19:51:28.506199,,Geocode Success,"21 Athenry Place, Dannemora, Auckland → matched in LINZ_SQLITE"
2025-10-12T19:51:28.695974,,Geocode Success,"LINZ: 21 Athenry Place, Dannemora, Auckland → -36.92987067, 174.9207648"
2025-10-12T19:51:29.038069,,Geocode Success,"10 Balbriggan Rise, Dannemora, Auckland → matched in LINZ_SQLITE"
2025-10-12T19:51:29.270820,,Geocode Success,"LINZ: 10 Balbriggan Rise, Dannemora, Auckland → -36.93027865, 174.9229539"
2025-10-12T19:51:29.601532,,Geocode Success,"3 Balbriggan Rise, Dannemora, Auckland → matched in LINZ_SQLITE"
2025-10-12T19:51:29.853474,,Geocode Success,"LINZ: 3 Balbriggan Rise, Dannemora, Auckland → -36.93078775, 174.9228258"
2025-10-12T19:51:30.136809,,Geocode Success,"42 Keppoch Court, Dannemora, Auckland → matched in LINZ_SQLITE"
2025-10-12T19:51:30.386523,,Geocode Success,"LINZ: 42 Keppoch Court, Dannemora, Auckland → -36.92766952, 174.9192487"
2025-10-12T19:51:30.683191,,Geocode Success,"30 Botany Road, Howick, Auckland → matched in LINZ_SQLITE"
2025-10-12T19:51:30.905183,,Geocode Success,"LINZ: 30 Botany Road, Howick, Auckland → -36.90142063, 174.9188992"
2025-10-12T19:56:59.349742,,Session Start,Script started and corrections_log.csv initialized.
2025-10-12T19:56:59.355523,,Session Start,Script started and corrections_log.csv initialized.
2025-10-12T19:57:06.946376,,Geocode Success,"7 Sheffield Place, Botany Downs, Auckland → matched in LINZ_SQLITE"
2025-10-12T19:57:07.167075,,Geocode Success,"LINZ: 7 Sheffield Place, Botany Downs, Auckland → -36.9076804, 174.9174203"
2025-10-12T19:57:07.481203,,Geocode Success,"65 Aviemore Drive, Highland Park, Auckland → matched in LINZ_SQLITE"
2025-10-12T19:57:07.669076,,Geocode Success,"LINZ: 65 Aviemore Drive, Highland Park, Auckland → -36.90476862, 174.9047863"
2025-10-12T19:57:07.951846,,Geocode Success,"58 Tarnica Road, Northpark, Auckland → matched in LINZ_SQLITE"
2025-10-12T19:57:08.204762,,Geocode Success,"LINZ: 58 Tarnica Road, Northpark, Auckland → -36.92629249, 174.9144777"
2025-10-12T19:57:08.547611,,Geocode Success,"10 Fencotie Place, Northpark, Auckland → matched in LINZ_SQLITE"
2025-10-12T19:57:08.769600,,Geocode Success,"LINZ: 10 Fencotie Place, Northpark, Auckland → -36.92733825, 174.9133632"
2025-10-12T19:57:09.064855,,Geocode Success,"4 Glassonby Road, Northpark, Auckland → matched in LINZ_SQLITE"
2025-10-12T19:57:09.318744,,Geocode Success,"LINZ: 4 Glassonby Road, Northpark, Auckland → -36.9256841, 174.9139537"
2025-10-12T19:57:09.646458,,Geocode Success,"15 Aspatria Place, Northpark, Auckland → matched in LINZ_SQLITE"
2025-10-12T19:57:09.884581,,Geocode Success,"LINZ: 15 Aspatria Place, Northpark, Auckland → -36.92471437, 174.9155052"
2025-10-12T19:57:10.200940,,Geocode Success,"14 Aspatria Place, Northpark, Auckland → matched in LINZ_SQLITE"
2025-10-12T19:57:10.387322,,Geocode Success,"LINZ: 14 Aspatria Place, Northpark, Auckland → -36.92480975, 174.9153328"
2025-10-12T19:57:10.639143,,Geocode Success,"12 Anthony Place, Pakuranga, Auckland → matched in LINZ_SQLITE"
2025-10-12T19:57:10.842900,,Geocode Success,"LINZ: 12 Anthony Place, Pakuranga, Auckland → -36.91422155, 174.8677362"
2025-10-12T19:57:11.532569,,LINZ Miss,"2 Anthony Place, Pakuranga, Auckland → not found in LINZ sources (Auckland-gated)"
2025-10-12T19:57:11.674448,,Geocode Fallback,"LINZ failed for 2 Anthony Place, Pakuranga, Auckland"
2025-10-12T19:57:12.850415,,Geocode Failed,"geocode.xyz → 2 Anthony Place, Pakuranga, Auckland (invalid)"
2025-10-12T19:57:13.443502,,Geocode Variant Used,Nominatim used: Nearby-biased
2025-10-12T19:57:13.598569,,Geocode Success,"Nominatim: 2 Anthony Place, Pakuranga, Auckland → lat:-36.9141854, lon:174.8684727"
2025-10-12T19:57:13.755850,,Geocode Source,"Nominatim returned: ('Anthony Place, Pakūranga, Auckland', -36.9141854, 174.8684727, '2010') for input: 2 Anthony Place, Pakuranga, Auckland"
2025-10-12T19:57:14.180734,,Geocode Success,"42 Aviemore Drive, Highland Park, Auckland → matched in LINZ_SQLITE"
2025-10-12T19:57:14.417468,,Geocode Success,"LINZ: 42 Aviemore Drive, Highland Park, Auckland → -36.90194977, 174.9053192"
2025-10-12T19:57:14.732639,,Geocode Success,"50 Aviemore Drive, Highland Park, Auckland → matched in LINZ_SQLITE"
2025-10-12T19:57:14.985826,,Geocode Success,"LINZ: 50 Aviemore Drive, Highland Park, Auckland → -36.90232013, 174.9052988"
2025-10-12T19:57:15.297831,,Geocode Success,"2 Dale Crescent, Pakuranga, Auckland → matched in LINZ_SQLITE"
2025-10-12T19:57:15.549577,,Geocode Success,"LINZ: 2 Dale Crescent, Pakuranga, Auckland → -36.91477022, 174.8668704"
2025-10-12T19:57:15.860639,,Geocode Success,"2 Spenbrooke Road, Flat Bush, Auckland → matched in LINZ_SQLITE"
2025-10-12T19:57:16.109133,,Geocode Success,"LINZ: 2 Spenbrooke Road, Flat Bush, Auckland → -36.95182723, 174.9082965"
2025-10-12T19:57:16.405945,,Geocode Success,"160 Kohimarama Road, Kohimarama, Auckland → matched in LINZ_SQLITE"
2025-10-12T19:57:16.655827,,Geocode Success,"LINZ: 160 Kohimarama Road, Kohimarama, Auckland → -36.85796797, 174.8370535"
2025-10-12T19:57:16.921854,,Geocode Success,"13 Weri Road, Karaka, Auckland → matched in LINZ_SQLITE"
2025-10-12T19:57:17.186860,,Geocode Success,"LINZ: 13 Weri Road, Karaka, Auckland → -37.09908441, 174.936907"
2025-10-12T19:57:17.439025,,Geocode Success,"19 Hope Farm Avenue, Pakuranga Heights, Auckland → matched in LINZ_SQLITE"
2025-10-12T19:57:17.611460,,Geocode Success,"LINZ: 19 Hope Farm Avenue, Pakuranga Heights, Auckland → -36.9125845, 174.8969052"
2025-10-12T19:57:17.907865,,Geocode Success,"39 Dalwhinnie Parade, Highland Park, Auckland → matched in LINZ_SQLITE"
2025-10-12T19:57:18.128598,,Geocode Success,"LINZ: 39 Dalwhinnie Parade, Highland Park, Auckland → -36.90298093, 174.912626"
2025-10-12T19:57:18.413124,,Geocode Success,"39 Highland Park Drive, Highland Park, Auckland → matched in LINZ_SQLITE"
2025-10-12T19:57:18.632322,,Geocode Success,"LINZ: 39 Highland Park Drive, Highland Park, Auckland → -36.90209405, 174.9118889"
2025-10-12T19:57:18.962182,,Geocode Success,"8 Kincraig Place, Highland Park, Auckland → matched in LINZ_SQLITE"
2025-10-12T19:57:19.135028,,Geocode Success,"LINZ: 8 Kincraig Place, Highland Park, Auckland → -36.9037778, 174.91321"
2025-10-12T19:57:19.903245,,LINZ Miss,"12 Veagh Place, Highland Park, Auckland → not found in LINZ sources (Auckland-gated)"
2025-10-12T19:57:20.044728,,Geocode Fallback,"LINZ failed for 12 Veagh Place, Highland Park, Auckland"
2025-10-12T19:57:21.389946,,Geocode Variant Used,Nominatim used: Nearby-biased
2025-10-12T19:57:21.545803,,Geocode Success,"Nominatim: 12 Veagh Place, Highland Park, Auckland → lat:-36.9044121, lon:174.9090551"
2025-10-12T19:57:21.701702,,Geocode Source,"Nominatim returned: ('Veagh Place, Highland Park, Auckland', -36.9044121, 174.9090551, '2143') for input: 12 Veagh Place, Highland Park, Auckland"
2025-10-12T19:57:22.812562,,LINZ Miss,"18 Veagh Place, Highland Park, Auckland → not found in LINZ sources (Auckland-gated)"
2025-10-12T19:57:23.001869,,Geocode Fallback,"LINZ failed for 18 Veagh Place, Highland Park, Auckland"
2025-10-12T19:57:24.115597,,Geocode Failed,"geocode.xyz → 18 Veagh Place, Highland Park, Auckland (invalid)"
2025-10-12T19:57:24.430191,,Geocode Variant Used,Nominatim used: Nearby-biased
2025-10-12T19:57:24.588731,,Geocode Success,"Nominatim: 18 Veagh Place, Highland Park, Auckland → lat:-36.9046617, lon:174.9091933"
2025-10-12T19:57:24.774640,,Geocode Source,"Nominatim returned: ('Veagh Place, Highland Park, Auckland', -36.9046617, 174.9091933, '2143') for input: 18 Veagh Place, Highland Park, Auckland"
2025-10-12T19:57:25.141110,,Geocode Success,"29 Dalwhinnie Parade, Highland Park, Auckland → matched in LINZ_SQLITE"
2025-10-12T19:57:25.374057,,Geocode Success,"LINZ: 29 Dalwhinnie Parade, Highland Park, Auckland → -36.9020446, 174.9146806"
2025-10-12T19:57:26.096078,,LINZ Miss,"60 Highland Park Drive, Highland Park, Auckland → not found in LINZ sources (Auckland-gated)"
2025-10-12T19:57:26.284546,,Geocode Fallback,"LINZ failed for 60 Highland Park Drive, Highland Park, Auckland"
2025-10-12T19:57:27.759837,,Geocode Variant Used,geocode.xyz used: Nearby-biased
2025-10-12T19:57:27.902657,,Geocode Success,"geocode.xyz: 60 Highland Park Drive, Highland Park, Auckland → lat:-36.90222, lon:174.91298"
2025-10-12T19:57:28.108594,,Geocode Source,"geocode.xyz returned: ('60 Highland Park Drive, Highland Park, Auckland', -36.90222, 174.91298, '') for input: 60 Highland Park Drive, Highland Park, Auckland"
2025-10-12T19:57:28.530961,,Geocode Success,"92 Vale Road, Saint Heliers, Auckland → matched in LINZ_SQLITE"
2025-10-12T19:57:28.719770,,Geocode Success,"LINZ: 92 Vale Road, Saint Heliers, Auckland → -36.85422133, 174.8667624"
2025-10-12T19:57:29.002309,,Geocode Success,"101 Aviemore Drive, Highland Park, Auckland → matched in LINZ_SQLITE"
2025-10-12T19:57:29.238551,,Geocode Success,"LINZ: 101 Aviemore Drive, Highland Park, Auckland → -36.90688755, 174.9052152"
2025-10-12T19:57:29.585919,,Geocode Success,"89 Aviemore Drive, Highland Park, Auckland → matched in LINZ_SQLITE"
2025-10-12T19:57:29.788334,,Geocode Success,"LINZ: 89 Aviemore Drive, Highland Park, Auckland → -36.9061917, 174.9049633"
2025-10-12T19:57:30.084364,,Geocode Success,"59 Aviemore Drive, Highland Park, Auckland → matched in LINZ_SQLITE"
2025-10-12T19:57:30.288060,,Geocode Success,"LINZ: 59 Aviemore Drive, Highland Park, Auckland → -36.90421287, 174.9047538"
2025-10-12T19:57:30.633633,,Geocode Success,"21 Belgate Place, Somerville, Auckland → matched in LINZ_SQLITE"
2025-10-12T19:57:30.884569,,Geocode Success,"LINZ: 21 Belgate Place, Somerville, Auckland → -36.91113792, 174.927218"
2025-10-12T19:57:31.184461,,Geocode Success,"23 Palmcrest Grove, Highland Park, Auckland → matched in LINZ_SQLITE"
2025-10-12T19:57:31.419674,,Geocode Success,"LINZ: 23 Palmcrest Grove, Highland Park, Auckland → -36.90239785, 174.9061027"
2025-10-12T19:57:31.696101,,Geocode Success,"702 Pakuranga Road, Howick, Auckland → matched in LINZ_SQLITE"
2025-10-12T19:57:31.896434,,Geocode Success,"LINZ: 702 Pakuranga Road, Howick, Auckland → -36.89882635, 174.9178044"
2025-10-12T19:57:32.181973,,Geocode Success,"68 Alicia Road, Somerville, Auckland → matched in LINZ_SQLITE"
2025-10-12T19:57:32.356748,,Geocode Success,"LINZ: 68 Alicia Road, Somerville, Auckland → -36.91069488, 174.9379552"
2025-10-12T19:57:32.624699,,Geocode Success,"44 Edendale Road, Somerville, Auckland → matched in LINZ_SQLITE"
2025-10-12T19:57:32.859501,,Geocode Success,"LINZ: 44 Edendale Road, Somerville, Auckland → -36.91150113, 174.9290791"
2025-10-12T19:57:33.159465,,Geocode Success,"46 Edendale Road, Somerville, Auckland → matched in LINZ_SQLITE"
2025-10-12T19:57:33.408884,,Geocode Success,"LINZ: 46 Edendale Road, Somerville, Auckland → -36.91126932, 174.9289384"
2025-10-12T19:57:33.689943,,Geocode Success,"2 Belgate Place, Somerville, Auckland → matched in LINZ_SQLITE"
2025-10-12T19:57:33.958015,,Geocode Success,"LINZ: 2 Belgate Place, Somerville, Auckland → -36.91072098, 174.9286089"
2025-10-12T19:57:34.270693,,Geocode Success,"72 Edendale Road, Somerville, Auckland → matched in LINZ_SQLITE"
2025-10-12T19:57:34.520139,,Geocode Success,"LINZ: 72 Edendale Road, Somerville, Auckland → -36.90867618, 174.9305152"
2025-10-12T19:57:34.804773,,Geocode Success,"53 O'Halloran Road, Howick, Auckland → matched in LINZ_SQLITE"
2025-10-12T19:57:34.961697,,Geocode Success,"LINZ: 53 O'Halloran Road, Howick, Auckland → -36.8957141, 174.9206852"
2025-10-12T19:57:35.277466,,Geocode Success,"172 Botany Road, Botany Downs, Auckland → matched in LINZ_SQLITE"
2025-10-12T19:57:35.496758,,Geocode Success,"LINZ: 172 Botany Road, Botany Downs, Auckland → -36.91408478, 174.9161726"
2025-10-12T19:57:35.828868,,Geocode Success,"178 Botany Road, Botany Downs, Auckland → matched in LINZ_SQLITE"
2025-10-12T19:57:36.031192,,Geocode Success,"LINZ: 178 Botany Road, Botany Downs, Auckland → -36.91448028, 174.916341"
2025-10-12T19:57:36.298817,,Geocode Success,"20 Mirrabooka Avenue, Botany Downs, Auckland → matched in LINZ_SQLITE"
2025-10-12T19:57:36.530425,,Geocode Success,"LINZ: 20 Mirrabooka Avenue, Botany Downs, Auckland → -36.91020433, 174.9240548"
2025-10-12T19:57:37.221824,,LINZ Miss,"9 Mirrabooka Avenue, Botany Downs, Auckland → not found in LINZ sources (Auckland-gated)"
2025-10-12T19:57:37.380710,,Geocode Fallback,"LINZ failed for 9 Mirrabooka Avenue, Botany Downs, Auckland"
2025-10-12T19:57:38.749911,,Geocode Variant Used,Nominatim used: Nearby-biased
2025-10-12T19:57:38.954839,,Geocode Success,"Nominatim: 9 Mirrabooka Avenue, Botany Downs, Auckland → lat:-36.9100765, lon:174.9235701"
2025-10-12T19:57:39.081685,,Geocode Source,"Nominatim returned: ('Mirrabooka Avenue, Botany Downs, Auckland', -36.9100765, 174.9235701, '2014') for input: 9 Mirrabooka Avenue, Botany Downs, Auckland"
2025-10-12T19:57:39.441728,,Geocode Success,"14 Mirrabooka Avenue, Botany Downs, Auckland → matched in LINZ_SQLITE"
2025-10-12T19:57:39.694685,,Geocode Success,"LINZ: 14 Mirrabooka Avenue, Botany Downs, Auckland → -36.91004731, 174.9242015"
2025-10-12T19:57:40.007728,,Geocode Success,"13 Bunker Rise, Golflands, Auckland → matched in LINZ_SQLITE"
2025-10-12T19:57:40.211773,,Geocode Success,"LINZ: 13 Bunker Rise, Golflands, Auckland → -36.92868663, 174.9078328"
2025-10-12T19:57:40.512265,,Geocode Success,"4 Bunker Rise, Golflands, Auckland → matched in LINZ_SQLITE"
2025-10-12T19:57:40.778582,,Geocode Success,"LINZ: 4 Bunker Rise, Golflands, Auckland → -36.9289267, 174.9081434"
2025-10-12T19:57:41.092286,,Geocode Success,"2 Nagle Place, Golflands, Auckland → matched in LINZ_SQLITE"
2025-10-12T19:57:41.313285,,Geocode Success,"LINZ: 2 Nagle Place, Golflands, Auckland → -36.92879458, 174.9087673"
2025-10-12T19:57:41.594735,,Geocode Success,"22 Carriage Close, Northpark, Auckland → matched in LINZ_SQLITE"
2025-10-12T19:57:41.830091,,Geocode Success,"LINZ: 22 Carriage Close, Northpark, Auckland → -36.91582802, 174.9226905"
2025-10-12T19:57:42.162245,,Geocode Success,"14 Els Close, Golflands, Auckland → matched in LINZ_SQLITE"
2025-10-12T19:57:42.351423,,Geocode Success,"LINZ: 14 Els Close, Golflands, Auckland → -36.92824297, 174.9080115"
2025-10-12T19:57:42.665265,,Geocode Success,"4 Crescent Hills Court, Northpark, Auckland → matched in LINZ_SQLITE"
2025-10-12T19:57:42.868222,,Geocode Success,"LINZ: 4 Crescent Hills Court, Northpark, Auckland → -36.91851152, 174.9254718"
2025-10-12T19:57:43.227729,,Geocode Success,"18 Royalle Mews, Botany Downs, Auckland → matched in LINZ_SQLITE"
2025-10-12T19:57:43.478106,,Geocode Success,"LINZ: 18 Royalle Mews, Botany Downs, Auckland → -36.90948742, 174.917709"
2025-10-12T19:57:43.793030,,Geocode Success,"5 Kallaroo Place, Botany Downs, Auckland → matched in LINZ_SQLITE"
2025-10-12T19:57:43.981739,,Geocode Success,"LINZ: 5 Kallaroo Place, Botany Downs, Auckland → -36.91326345, 174.9207951"
2025-10-12T19:57:44.264227,,Geocode Success,"8 The Green, Golflands, Auckland → matched in LINZ_SQLITE"
2025-10-12T19:57:44.485415,,Geocode Success,"LINZ: 8 The Green, Golflands, Auckland → -36.91978077, 174.9069734"
2025-10-12T19:57:44.768838,,Geocode Success,"11 Nypa Way, Somerville, Auckland → matched in LINZ_SQLITE"
2025-10-12T19:57:45.002534,,Geocode Success,"LINZ: 11 Nypa Way, Somerville, Auckland → -36.90792988, 174.9323795"
2025-10-12T19:57:45.240469,,Geocode Success,"72 Drake Street, Howick, Auckland → matched in LINZ_SQLITE"
2025-10-12T19:57:45.445926,,Geocode Success,"LINZ: 72 Drake Street, Howick, Auckland → -36.89964167, 174.9298111"
2025-10-12T19:57:45.732168,,Geocode Success,"64 Drake Street, Howick, Auckland → matched in LINZ_SQLITE"
2025-10-12T19:57:45.936300,,Geocode Success,"LINZ: 64 Drake Street, Howick, Auckland → -36.89970628, 174.9306199"
2025-10-12T19:57:46.282320,,Geocode Success,"42 Drake Street, Howick, Auckland → matched in LINZ_SQLITE"
2025-10-12T19:57:46.516442,,Geocode Success,"LINZ: 42 Drake Street, Howick, Auckland → -36.90012817, 174.9321474"
2025-10-12T19:57:46.859227,,Geocode Success,"40 Drake Street, Howick, Auckland → matched in LINZ_SQLITE"
2025-10-12T19:57:47.113126,,Geocode Success,"LINZ: 40 Drake Street, Howick, Auckland → -36.90022498, 174.932335"
2025-10-12T19:57:47.805956,,LINZ Miss,"55 Drake Street, Howick, Auckland → not found in LINZ sources (Auckland-gated)"
2025-10-12T19:57:47.979481,,Geocode Fallback,"LINZ failed for 55 Drake Street, Howick, Auckland"
2025-10-12T19:57:49.488968,,Geocode Variant Used,Nominatim used: Nearby-biased
2025-10-12T19:57:49.662346,,Geocode Success,"Nominatim: 55 Drake Street, Howick, Auckland → lat:-36.8993706, lon:174.9311347"
2025-10-12T19:57:49.821467,,Geocode Source,"Nominatim returned: ('Drake Street, Howick, Auckland', -36.8993706, 174.9311347, '2014') for input: 55 Drake Street, Howick, Auckland"
2025-10-12T19:57:50.578700,,LINZ Miss,"57 Drake Street, Howick, Auckland → not found in LINZ sources (Auckland-gated)"
2025-10-12T19:57:50.703021,,Geocode Fallback,"LINZ failed for 57 Drake Street, Howick, Auckland"
2025-10-12T19:57:52.178356,,Geocode Variant Used,geocode.xyz used: Nearby-biased
2025-10-12T19:57:52.367873,,Geocode Success,"geocode.xyz: 57 Drake Street, Howick, Auckland → lat:-36.89945, lon:174.93089"
2025-10-12T19:57:52.556141,,Geocode Source,"geocode.xyz returned: ('57 Drake Street, Howick, Auckland', -36.89945, 174.93089, '') for input: 57 Drake Street, Howick, Auckland"
2025-10-12T19:57:52.946203,,Geocode Success,"23 Baird Street, Howick, Auckland → matched in LINZ_SQLITE"
2025-10-12T19:57:53.149335,,Geocode Success,"LINZ: 23 Baird Street, Howick, Auckland → -36.90048198, 174.9309772"
2025-10-12T19:57:53.462482,,Geocode Success,"1 Stockade View Lane, Howick, Auckland → matched in LINZ_SQLITE"
2025-10-12T19:57:53.714667,,Geocode Success,"LINZ: 1 Stockade View Lane, Howick, Auckland → -36.8978012, 174.9317788"
2025-10-12T19:57:54.024976,,Geocode Success,"3 Athenry Place, Dannemora, Auckland → matched in LINZ_SQLITE"
2025-10-12T19:57:54.246907,,Geocode Success,"LINZ: 3 Athenry Place, Dannemora, Auckland → -36.92921805, 174.9218251"
2025-10-12T19:57:54.544248,,Geocode Success,"27 Athenry Place, Dannemora, Auckland → matched in LINZ_SQLITE"
2025-10-12T19:57:54.779480,,Geocode Success,"LINZ: 27 Athenry Place, Dannemora, Auckland → -36.9303555, 174.9202783"
2025-10-12T19:57:55.090702,,Geocode Success,"21 Athenry Place, Dannemora, Auckland → matched in LINZ_SQLITE"
2025-10-12T19:57:55.250626,,Geocode Success,"LINZ: 21 Athenry Place, Dannemora, Auckland → -36.92987067, 174.9207648"
2025-10-12T19:57:55.546777,,Geocode Success,"10 Balbriggan Rise, Dannemora, Auckland → matched in LINZ_SQLITE"
2025-10-12T19:57:55.766718,,Geocode Success,"LINZ: 10 Balbriggan Rise, Dannemora, Auckland → -36.93027865, 174.9229539"
2025-10-12T19:57:56.112402,,Geocode Success,"3 Balbriggan Rise, Dannemora, Auckland → matched in LINZ_SQLITE"
2025-10-12T19:57:56.362669,,Geocode Success,"LINZ: 3 Balbriggan Rise, Dannemora, Auckland → -36.93078775, 174.9228258"
2025-10-12T19:57:56.689614,,Geocode Success,"42 Keppoch Court, Dannemora, Auckland → matched in LINZ_SQLITE"
2025-10-12T19:57:56.926591,,Geocode Success,"LINZ: 42 Keppoch Court, Dannemora, Auckland → -36.92766952, 174.9192487"
2025-10-12T19:57:57.181680,,Geocode Success,"30 Botany Road, Howick, Auckland → matched in LINZ_SQLITE"
2025-10-12T19:57:57.434448,,Geocode Success,"LINZ: 30 Botany Road, Howick, Auckland → -36.90142063, 174.9188992"
2025-10-12T21:42:22.288743,,Session Start,Script started and corrections_log.csv initialized.
2025-10-12T21:42:22.293046,,Session Start,Script started and corrections_log.csv initialized.
2025-10-12T21:42:41.463842,,Geocode Success,"7 Sheffield Place, Botany Downs, Auckland → matched in LINZ_SQLITE"
2025-10-12T21:42:41.697375,,Geocode Success,"LINZ: 7 Sheffield Place, Botany Downs, Auckland → -36.9076804, 174.9174203"
2025-10-12T21:42:41.997488,,Geocode Success,"65 Aviemore Drive, Highland Park, Auckland → matched in LINZ_SQLITE"
2025-10-12T21:42:42.281680,,Geocode Success,"LINZ: 65 Aviemore Drive, Highland Park, Auckland → -36.90476862, 174.9047863"
2025-10-12T21:42:42.562553,,Geocode Success,"58 Tarnica Road, Northpark, Auckland → matched in LINZ_SQLITE"
2025-10-12T21:42:42.812412,,Geocode Success,"LINZ: 58 Tarnica Road, Northpark, Auckland → -36.92629249, 174.9144777"
2025-10-12T21:42:43.095450,,Geocode Success,"10 Fencotie Place, Northpark, Auckland → matched in LINZ_SQLITE"
2025-10-12T21:42:43.300179,,Geocode Success,"LINZ: 10 Fencotie Place, Northpark, Auckland → -36.92733825, 174.9133632"
2025-10-12T21:42:43.616212,,Geocode Success,"4 Glassonby Road, Northpark, Auckland → matched in LINZ_SQLITE"
2025-10-12T21:42:43.806973,,Geocode Success,"LINZ: 4 Glassonby Road, Northpark, Auckland → -36.9256841, 174.9139537"
2025-10-12T21:42:44.104679,,Geocode Success,"15 Aspatria Place, Northpark, Auckland → matched in LINZ_SQLITE"
2025-10-12T21:42:44.293966,,Geocode Success,"LINZ: 15 Aspatria Place, Northpark, Auckland → -36.92471437, 174.9155052"
2025-10-12T21:42:44.590736,,Geocode Success,"14 Aspatria Place, Northpark, Auckland → matched in LINZ_SQLITE"
2025-10-12T21:42:44.794650,,Geocode Success,"LINZ: 14 Aspatria Place, Northpark, Auckland → -36.92480975, 174.9153328"
2025-10-12T21:42:45.046181,,Geocode Success,"12 Anthony Place, Pakuranga, Auckland → matched in LINZ_SQLITE"
2025-10-12T21:42:45.249508,,Geocode Success,"LINZ: 12 Anthony Place, Pakuranga, Auckland → -36.91422155, 174.8677362"
2025-10-12T21:42:46.040877,,LINZ Miss,"2 Anthony Place, Pakuranga, Auckland → not found in LINZ sources (Auckland-gated)"
2025-10-12T21:42:46.252796,,Geocode Fallback,"LINZ failed for 2 Anthony Place, Pakuranga, Auckland"
2025-10-12T21:42:47.842015,,Geocode Failed,"geocode.xyz → 2 Anthony Place, Pakuranga, Auckland (invalid)"
2025-10-12T21:42:48.075833,,Geocode Variant Used,Nominatim used: Nearby-biased
2025-10-12T21:42:48.231498,,Geocode Success,"Nominatim: 2 Anthony Place, Pakuranga, Auckland → lat:-36.9141854, lon:174.8684727"
2025-10-12T21:42:48.358224,,Geocode Source,"Nominatim returned: ('Anthony Place, Pakūranga, Auckland', -36.9141854, 174.8684727, '2010') for input: 2 Anthony Place, Pakuranga, Auckland"
2025-10-12T21:42:48.751577,,Geocode Success,"42 Aviemore Drive, Highland Park, Auckland → matched in LINZ_SQLITE"
2025-10-12T21:42:48.971207,,Geocode Success,"LINZ: 42 Aviemore Drive, Highland Park, Auckland → -36.90194977, 174.9053192"
2025-10-12T21:42:49.270084,,Geocode Success,"50 Aviemore Drive, Highland Park, Auckland → matched in LINZ_SQLITE"
2025-10-12T21:42:49.506107,,Geocode Success,"LINZ: 50 Aviemore Drive, Highland Park, Auckland → -36.90232013, 174.9052988"
2025-10-12T21:42:49.865461,,Geocode Success,"2 Dale Crescent, Pakuranga, Auckland → matched in LINZ_SQLITE"
2025-10-12T21:42:50.081568,,Geocode Success,"LINZ: 2 Dale Crescent, Pakuranga, Auckland → -36.91477022, 174.8668704"
2025-10-12T21:42:50.366032,,Geocode Success,"2 Spenbrooke Road, Flat Bush, Auckland → matched in LINZ_SQLITE"
2025-10-12T21:42:50.599603,,Geocode Success,"LINZ: 2 Spenbrooke Road, Flat Bush, Auckland → -36.95182723, 174.9082965"
2025-10-12T21:42:50.866067,,Geocode Success,"160 Kohimarama Road, Kohimarama, Auckland → matched in LINZ_SQLITE"
2025-10-12T21:42:51.097846,,Geocode Success,"LINZ: 160 Kohimarama Road, Kohimarama, Auckland → -36.85796797, 174.8370535"
2025-10-12T21:42:51.396668,,Geocode Success,"13 Weri Road, Karaka, Auckland → matched in LINZ_SQLITE"
2025-10-12T21:42:51.595773,,Geocode Success,"LINZ: 13 Weri Road, Karaka, Auckland → -37.09908441, 174.936907"
2025-10-12T21:42:51.877664,,Geocode Success,"19 Hope Farm Avenue, Pakuranga Heights, Auckland → matched in LINZ_SQLITE"
2025-10-12T21:42:52.084198,,Geocode Success,"LINZ: 19 Hope Farm Avenue, Pakuranga Heights, Auckland → -36.9125845, 174.8969052"
2025-10-12T21:42:52.384591,,Geocode Success,"39 Dalwhinnie Parade, Highland Park, Auckland → matched in LINZ_SQLITE"
2025-10-12T21:42:52.605137,,Geocode Success,"LINZ: 39 Dalwhinnie Parade, Highland Park, Auckland → -36.90298093, 174.912626"
2025-10-12T21:42:52.902268,,Geocode Success,"39 Highland Park Drive, Highland Park, Auckland → matched in LINZ_SQLITE"
2025-10-12T21:42:53.106840,,Geocode Success,"LINZ: 39 Highland Park Drive, Highland Park, Auckland → -36.90209405, 174.9118889"
2025-10-12T21:42:53.377151,,Geocode Success,"8 Kincraig Place, Highland Park, Auckland → matched in LINZ_SQLITE"
2025-10-12T21:42:53.593092,,Geocode Success,"LINZ: 8 Kincraig Place, Highland Park, Auckland → -36.9037778, 174.91321"
2025-10-12T21:42:54.312302,,LINZ Miss,"12 Veagh Place, Highland Park, Auckland → not found in LINZ sources (Auckland-gated)"
2025-10-12T21:42:54.407272,,Geocode Fallback,"LINZ failed for 12 Veagh Place, Highland Park, Auckland"
2025-10-12T21:42:56.008404,,Geocode Variant Used,Nominatim used: Nearby-biased
2025-10-12T21:42:56.180665,,Geocode Success,"Nominatim: 12 Veagh Place, Highland Park, Auckland → lat:-36.9044121, lon:174.9090551"
2025-10-12T21:42:56.353908,,Geocode Source,"Nominatim returned: ('Veagh Place, Highland Park, Auckland', -36.9044121, 174.9090551, '2143') for input: 12 Veagh Place, Highland Park, Auckland"
2025-10-12T21:42:57.213127,,LINZ Miss,"18 Veagh Place, Highland Park, Auckland → not found in LINZ sources (Auckland-gated)"
2025-10-12T21:42:57.371297,,Geocode Fallback,"LINZ failed for 18 Veagh Place, Highland Park, Auckland"
2025-10-12T21:42:58.783565,,Geocode Variant Used,Nominatim used: Nearby-biased
2025-10-12T21:42:58.973492,,Geocode Success,"Nominatim: 18 Veagh Place, Highland Park, Auckland → lat:-36.9046617, lon:174.9091933"
2025-10-12T21:42:59.116706,,Geocode Source,"Nominatim returned: ('Veagh Place, Highland Park, Auckland', -36.9046617, 174.9091933, '2143') for input: 18 Veagh Place, Highland Park, Auckland"
2025-10-12T21:42:59.543015,,Geocode Success,"29 Dalwhinnie Parade, Highland Park, Auckland → matched in LINZ_SQLITE"
2025-10-12T21:42:59.793280,,Geocode Success,"LINZ: 29 Dalwhinnie Parade, Highland Park, Auckland → -36.9020446, 174.9146806"
2025-10-12T21:43:00.517270,,LINZ Miss,"60 Highland Park Drive, Highland Park, Auckland → not found in LINZ sources (Auckland-gated)"
2025-10-12T21:43:00.689640,,Geocode Fallback,"LINZ failed for 60 Highland Park Drive, Highland Park, Auckland"
2025-10-12T21:43:02.884497,,Geocode Variant Used,geocode.xyz used: Nearby-biased
2025-10-12T21:43:03.027755,,Geocode Success,"geocode.xyz: 60 Highland Park Drive, Highland Park, Auckland → lat:-36.90222, lon:174.91298"
2025-10-12T21:43:03.187434,,Geocode Source,"geocode.xyz returned: ('60 Highland Park Drive, Highland Park, Auckland', -36.90222, 174.91298, '') for input: 60 Highland Park Drive, Highland Park, Auckland"
2025-10-12T21:43:03.596798,,Geocode Success,"92 Vale Road, Saint Heliers, Auckland → matched in LINZ_SQLITE"
2025-10-12T21:43:03.804690,,Geocode Success,"LINZ: 92 Vale Road, Saint Heliers, Auckland → -36.85422133, 174.8667624"
2025-10-12T21:43:04.087390,,Geocode Success,"101 Aviemore Drive, Highland Park, Auckland → matched in LINZ_SQLITE"
2025-10-12T21:43:04.321248,,Geocode Success,"LINZ: 101 Aviemore Drive, Highland Park, Auckland → -36.90688755, 174.9052152"
2025-10-12T21:43:04.653442,,Geocode Success,"89 Aviemore Drive, Highland Park, Auckland → matched in LINZ_SQLITE"
2025-10-12T21:43:04.828110,,Geocode Success,"LINZ: 89 Aviemore Drive, Highland Park, Auckland → -36.9061917, 174.9049633"
2025-10-12T21:43:05.062425,,Geocode Success,"59 Aviemore Drive, Highland Park, Auckland → matched in LINZ_SQLITE"
2025-10-12T21:43:05.280125,,Geocode Success,"LINZ: 59 Aviemore Drive, Highland Park, Auckland → -36.90421287, 174.9047538"
2025-10-12T21:43:05.579054,,Geocode Success,"21 Belgate Place, Somerville, Auckland → matched in LINZ_SQLITE"
2025-10-12T21:43:05.830215,,Geocode Success,"LINZ: 21 Belgate Place, Somerville, Auckland → -36.91113792, 174.927218"
2025-10-12T21:43:06.145650,,Geocode Success,"23 Palmcrest Grove, Highland Park, Auckland → matched in LINZ_SQLITE"
2025-10-12T21:43:06.381653,,Geocode Success,"LINZ: 23 Palmcrest Grove, Highland Park, Auckland → -36.90239785, 174.9061027"
2025-10-12T21:43:06.693079,,Geocode Success,"702 Pakuranga Road, Howick, Auckland → matched in LINZ_SQLITE"
2025-10-12T21:43:06.929888,,Geocode Success,"LINZ: 702 Pakuranga Road, Howick, Auckland → -36.89882635, 174.9178044"
2025-10-12T21:43:07.242340,,Geocode Success,"68 Alicia Road, Somerville, Auckland → matched in LINZ_SQLITE"
2025-10-12T21:43:07.461960,,Geocode Success,"LINZ: 68 Alicia Road, Somerville, Auckland → -36.91069488, 174.9379552"
2025-10-12T21:43:07.745066,,Geocode Success,"44 Edendale Road, Somerville, Auckland → matched in LINZ_SQLITE"
2025-10-12T21:43:07.964329,,Geocode Success,"LINZ: 44 Edendale Road, Somerville, Auckland → -36.91150113, 174.9290791"
2025-10-12T21:43:08.245830,,Geocode Success,"46 Edendale Road, Somerville, Auckland → matched in LINZ_SQLITE"
2025-10-12T21:43:08.467387,,Geocode Success,"LINZ: 46 Edendale Road, Somerville, Auckland → -36.91126932, 174.9289384"
2025-10-12T21:43:08.796451,,Geocode Success,"2 Belgate Place, Somerville, Auckland → matched in LINZ_SQLITE"
2025-10-12T21:43:09.047974,,Geocode Success,"LINZ: 2 Belgate Place, Somerville, Auckland → -36.91072098, 174.9286089"
2025-10-12T21:43:09.346716,,Geocode Success,"72 Edendale Road, Somerville, Auckland → matched in LINZ_SQLITE"
2025-10-12T21:43:09.549763,,Geocode Success,"LINZ: 72 Edendale Road, Somerville, Auckland → -36.90867618, 174.9305152"
2025-10-12T21:43:09.833606,,Geocode Success,"53 O'Halloran Road, Howick, Auckland → matched in LINZ_SQLITE"
2025-10-12T21:43:10.036382,,Geocode Success,"LINZ: 53 O'Halloran Road, Howick, Auckland → -36.8957141, 174.9206852"
2025-10-12T21:43:10.381415,,Geocode Success,"172 Botany Road, Botany Downs, Auckland → matched in LINZ_SQLITE"
2025-10-12T21:43:10.600108,,Geocode Success,"LINZ: 172 Botany Road, Botany Downs, Auckland → -36.91408478, 174.9161726"
2025-10-12T21:43:10.867193,,Geocode Success,"178 Botany Road, Botany Downs, Auckland → matched in LINZ_SQLITE"
2025-10-12T21:43:11.089220,,Geocode Success,"LINZ: 178 Botany Road, Botany Downs, Auckland → -36.91448028, 174.916341"
2025-10-12T21:43:11.404963,,Geocode Success,"20 Mirrabooka Avenue, Botany Downs, Auckland → matched in LINZ_SQLITE"
2025-10-12T21:43:11.609969,,Geocode Success,"LINZ: 20 Mirrabooka Avenue, Botany Downs, Auckland → -36.91020433, 174.9240548"
2025-10-12T21:43:12.411762,,LINZ Miss,"9 Mirrabooka Avenue, Botany Downs, Auckland → not found in LINZ sources (Auckland-gated)"
2025-10-12T21:43:12.612309,,Geocode Fallback,"LINZ failed for 9 Mirrabooka Avenue, Botany Downs, Auckland"
2025-10-12T21:43:13.689253,,Geocode Failed,"geocode.xyz → 9 Mirrabooka Avenue, Botany Downs, Auckland (invalid)"
2025-10-12T21:43:14.206875,,Geocode Variant Used,Nominatim used: Nearby-biased
2025-10-12T21:43:14.362806,,Geocode Success,"Nominatim: 9 Mirrabooka Avenue, Botany Downs, Auckland → lat:-36.9100765, lon:174.9235701"
2025-10-12T21:43:14.549497,,Geocode Source,"Nominatim returned: ('Mirrabooka Avenue, Botany Downs, Auckland', -36.9100765, 174.9235701, '2014') for input: 9 Mirrabooka Avenue, Botany Downs, Auckland"
2025-10-12T21:43:14.959290,,Geocode Success,"14 Mirrabooka Avenue, Botany Downs, Auckland → matched in LINZ_SQLITE"
2025-10-12T21:43:15.098955,,Geocode Success,"LINZ: 14 Mirrabooka Avenue, Botany Downs, Auckland → -36.91004731, 174.9242015"
2025-10-12T21:43:15.400648,,Geocode Success,"13 Bunker Rise, Golflands, Auckland → matched in LINZ_SQLITE"
2025-10-12T21:43:15.667956,,Geocode Success,"LINZ: 13 Bunker Rise, Golflands, Auckland → -36.92868663, 174.9078328"
2025-10-12T21:43:15.918973,,Geocode Success,"4 Bunker Rise, Golflands, Auckland → matched in LINZ_SQLITE"
2025-10-12T21:43:15.996123,,Geocode Success,"LINZ: 4 Bunker Rise, Golflands, Auckland → -36.9289267, 174.9081434"
2025-10-12T21:43:16.361512,,Geocode Success,"2 Nagle Place, Golflands, Auckland → matched in LINZ_SQLITE"
2025-10-12T21:43:16.607803,,Geocode Success,"LINZ: 2 Nagle Place, Golflands, Auckland → -36.92879458, 174.9087673"
2025-10-12T21:43:16.952772,,Geocode Success,"22 Carriage Close, Northpark, Auckland → matched in LINZ_SQLITE"
2025-10-12T21:43:17.235041,,Geocode Success,"LINZ: 22 Carriage Close, Northpark, Auckland → -36.91582802, 174.9226905"
2025-10-12T21:43:17.561753,,Geocode Success,"14 Els Close, Golflands, Auckland → matched in LINZ_SQLITE"
2025-10-12T21:43:17.734134,,Geocode Success,"LINZ: 14 Els Close, Golflands, Auckland → -36.92824297, 174.9080115"
2025-10-12T21:43:17.985101,,Geocode Success,"4 Crescent Hills Court, Northpark, Auckland → matched in LINZ_SQLITE"
2025-10-12T21:43:18.158446,,Geocode Success,"LINZ: 4 Crescent Hills Court, Northpark, Auckland → -36.91851152, 174.9254718"
2025-10-12T21:43:18.455829,,Geocode Success,"18 Royalle Mews, Botany Downs, Auckland → matched in LINZ_SQLITE"
2025-10-12T21:43:18.720341,,Geocode Success,"LINZ: 18 Royalle Mews, Botany Downs, Auckland → -36.90948742, 174.917709"
2025-10-12T21:43:19.000313,,Geocode Success,"5 Kallaroo Place, Botany Downs, Auckland → matched in LINZ_SQLITE"
2025-10-12T21:43:19.233348,,Geocode Success,"LINZ: 5 Kallaroo Place, Botany Downs, Auckland → -36.91326345, 174.9207951"
2025-10-12T21:43:19.565324,,Geocode Success,"8 The Green, Golflands, Auckland → matched in LINZ_SQLITE"
2025-10-12T21:43:19.771251,,Geocode Success,"LINZ: 8 The Green, Golflands, Auckland → -36.91978077, 174.9069734"
2025-10-12T21:43:20.066537,,Geocode Success,"11 Nypa Way, Somerville, Auckland → matched in LINZ_SQLITE"
2025-10-12T21:43:20.224656,,Geocode Success,"LINZ: 11 Nypa Way, Somerville, Auckland → -36.90792988, 174.9323795"
2025-10-12T21:43:20.477591,,Geocode Success,"72 Drake Street, Howick, Auckland → matched in LINZ_SQLITE"
2025-10-12T21:43:20.618724,,Geocode Success,"LINZ: 72 Drake Street, Howick, Auckland → -36.89964167, 174.9298111"
2025-10-12T21:43:20.901405,,Geocode Success,"64 Drake Street, Howick, Auckland → matched in LINZ_SQLITE"
2025-10-12T21:43:21.137655,,Geocode Success,"LINZ: 64 Drake Street, Howick, Auckland → -36.89970628, 174.9306199"
2025-10-12T21:43:21.465267,,Geocode Success,"42 Drake Street, Howick, Auckland → matched in LINZ_SQLITE"
2025-10-12T21:43:21.716394,,Geocode Success,"LINZ: 42 Drake Street, Howick, Auckland → -36.90012817, 174.9321474"
2025-10-12T21:43:22.013982,,Geocode Success,"40 Drake Street, Howick, Auckland → matched in LINZ_SQLITE"
2025-10-12T21:43:22.266361,,Geocode Success,"LINZ: 40 Drake Street, Howick, Auckland → -36.90022498, 174.932335"
2025-10-12T21:43:22.944720,,LINZ Miss,"55 Drake Street, Howick, Auckland → not found in LINZ sources (Auckland-gated)"
2025-10-12T21:43:23.101584,,Geocode Fallback,"LINZ failed for 55 Drake Street, Howick, Auckland"
2025-10-12T21:43:24.248076,,Geocode Failed,"geocode.xyz → 55 Drake Street, Howick, Auckland (invalid)"
2025-10-12T21:43:24.889232,,Geocode Variant Used,Photon used: Nearby-biased
2025-10-12T21:43:25.044331,,Geocode Success,"Photon: 55 Drake Street, Howick, Auckland → lat:-36.8992391, lon:174.9311891"
2025-10-12T21:43:25.216650,,Geocode Source,"Photon returned: ('Drake Street, Howick, Auckland', -36.8992391, 174.9311891, '') for input: 55 Drake Street, Howick, Auckland"
2025-10-12T21:43:25.986581,,LINZ Miss,"57 Drake Street, Howick, Auckland → not found in LINZ sources (Auckland-gated)"
2025-10-12T21:43:26.112348,,Geocode Fallback,"LINZ failed for 57 Drake Street, Howick, Auckland"
2025-10-12T21:43:27.574156,,Geocode Variant Used,Nominatim used: Nearby-biased
2025-10-12T21:43:27.729097,,Geocode Success,"Nominatim: 57 Drake Street, Howick, Auckland → lat:-36.8993359, lon:174.9309502"
2025-10-12T21:43:27.901918,,Geocode Source,"Nominatim returned: ('Drake Street, Howick, Auckland', -36.8993359, 174.9309502, '2014') for input: 57 Drake Street, Howick, Auckland"
2025-10-12T21:43:28.326864,,Geocode Success,"23 Baird Street, Howick, Auckland → matched in LINZ_SQLITE"
2025-10-12T21:43:28.548101,,Geocode Success,"LINZ: 23 Baird Street, Howick, Auckland → -36.90048198, 174.9309772"
2025-10-12T21:43:28.831976,,Geocode Success,"1 Stockade View Lane, Howick, Auckland → matched in LINZ_SQLITE"
2025-10-12T21:43:29.066893,,Geocode Success,"LINZ: 1 Stockade View Lane, Howick, Auckland → -36.8978012, 174.9317788"
2025-10-12T21:43:29.382767,,Geocode Success,"3 Athenry Place, Dannemora, Auckland → matched in LINZ_SQLITE"
2025-10-12T21:43:29.601979,,Geocode Success,"LINZ: 3 Athenry Place, Dannemora, Auckland → -36.92921805, 174.9218251"
2025-10-12T21:43:29.917276,,Geocode Success,"27 Athenry Place, Dannemora, Auckland → matched in LINZ_SQLITE"
2025-10-12T21:43:30.077163,,Geocode Success,"LINZ: 27 Athenry Place, Dannemora, Auckland → -36.9303555, 174.9202783"
2025-10-12T21:43:30.311597,,Geocode Success,"21 Athenry Place, Dannemora, Auckland → matched in LINZ_SQLITE"
2025-10-12T21:43:30.500779,,Geocode Success,"LINZ: 21 Athenry Place, Dannemora, Auckland → -36.92987067, 174.9207648"
2025-10-12T21:43:30.876984,,Geocode Success,"10 Balbriggan Rise, Dannemora, Auckland → matched in LINZ_SQLITE"
2025-10-12T21:43:31.192325,,Geocode Success,"LINZ: 10 Balbriggan Rise, Dannemora, Auckland → -36.93027865, 174.9229539"
2025-10-12T21:43:31.662617,,Geocode Success,"3 Balbriggan Rise, Dannemora, Auckland → matched in LINZ_SQLITE"
2025-10-12T21:43:31.944067,,Geocode Success,"LINZ: 3 Balbriggan Rise, Dannemora, Auckland → -36.93078775, 174.9228258"
2025-10-12T21:43:32.240531,,Geocode Success,"42 Keppoch Court, Dannemora, Auckland → matched in LINZ_SQLITE"
2025-10-12T21:43:32.474367,,Geocode Success,"LINZ: 42 Keppoch Court, Dannemora, Auckland → -36.92766952, 174.9192487"
2025-10-12T21:43:32.789371,,Geocode Success,"30 Botany Road, Howick, Auckland → matched in LINZ_SQLITE"
2025-10-12T21:43:33.009308,,Geocode Success,"LINZ: 30 Botany Road, Howick, Auckland → -36.90142063, 174.9188992"
2025-10-12T23:30:47.068198,,Session Start,Script started and corrections_log.csv initialized.
2025-10-12T23:30:47.073558,,Session Start,Script started and corrections_log.csv initialized.
2025-10-12T23:31:04.644446,,Geocode Success,"7 Sheffield Place, Botany Downs, Auckland → matched in LINZ_SQLITE"
2025-10-12T23:31:04.913704,,Geocode Success,"LINZ: 7 Sheffield Place, Botany Downs, Auckland → -36.9076804, 174.9174203"
2025-10-12T23:31:05.215209,,Geocode Success,"65 Aviemore Drive, Highland Park, Auckland → matched in LINZ_SQLITE"
2025-10-12T23:31:05.470662,,Geocode Success,"LINZ: 65 Aviemore Drive, Highland Park, Auckland → -36.90476862, 174.9047863"
2025-10-12T23:31:05.799366,,Geocode Success,"58 Tarnica Road, Northpark, Auckland → matched in LINZ_SQLITE"
2025-10-12T23:31:05.957085,,Geocode Success,"LINZ: 58 Tarnica Road, Northpark, Auckland → -36.92629249, 174.9144777"
2025-10-12T23:31:06.240019,,Geocode Success,"10 Fencotie Place, Northpark, Auckland → matched in LINZ_SQLITE"
2025-10-12T23:31:06.506469,,Geocode Success,"LINZ: 10 Fencotie Place, Northpark, Auckland → -36.92733825, 174.9133632"
2025-10-12T23:31:06.819341,,Geocode Success,"4 Glassonby Road, Northpark, Auckland → matched in LINZ_SQLITE"
2025-10-12T23:31:07.041660,,Geocode Success,"LINZ: 4 Glassonby Road, Northpark, Auckland → -36.9256841, 174.9139537"
2025-10-12T23:31:07.340761,,Geocode Success,"15 Aspatria Place, Northpark, Auckland → matched in LINZ_SQLITE"
2025-10-12T23:31:07.595337,,Geocode Success,"LINZ: 15 Aspatria Place, Northpark, Auckland → -36.92471437, 174.9155052"
2025-10-12T23:31:07.906042,,Geocode Success,"14 Aspatria Place, Northpark, Auckland → matched in LINZ_SQLITE"
2025-10-12T23:31:08.128187,,Geocode Success,"LINZ: 14 Aspatria Place, Northpark, Auckland → -36.92480975, 174.9153328"
2025-10-12T23:31:08.425702,,Geocode Success,"12 Anthony Place, Pakuranga, Auckland → matched in LINZ_SQLITE"
2025-10-12T23:31:08.643681,,Geocode Success,"LINZ: 12 Anthony Place, Pakuranga, Auckland → -36.91422155, 174.8677362"
2025-10-12T23:31:09.349587,,LINZ Miss,"2 Anthony Place, Pakuranga, Auckland → not found in LINZ sources (Auckland-gated)"
2025-10-12T23:31:09.524554,,Geocode Fallback,"LINZ failed for 2 Anthony Place, Pakuranga, Auckland"
2025-10-12T23:31:11.170375,,Geocode Variant Used,geocode.xyz used: Nearby-biased
2025-10-12T23:31:11.326943,,Geocode Success,"geocode.xyz: 2 Anthony Place, Pakuranga, Auckland → lat:-36.91394, lon:174.8686"
2025-10-12T23:31:11.485091,,Geocode Source,"geocode.xyz returned: ('2 Anthony Place, Pakuranga, Auckland', -36.91394, 174.8686, '') for input: 2 Anthony Place, Pakuranga, Auckland"
2025-10-12T23:31:11.859157,,Geocode Success,"42 Aviemore Drive, Highland Park, Auckland → matched in LINZ_SQLITE"
2025-10-12T23:31:12.096834,,Geocode Success,"LINZ: 42 Aviemore Drive, Highland Park, Auckland → -36.90194977, 174.9053192"
2025-10-12T23:31:12.409508,,Geocode Success,"50 Aviemore Drive, Highland Park, Auckland → matched in LINZ_SQLITE"
2025-10-12T23:31:12.658707,,Geocode Success,"LINZ: 50 Aviemore Drive, Highland Park, Auckland → -36.90232013, 174.9052988"
2025-10-12T23:31:12.906901,,Geocode Success,"2 Dale Crescent, Pakuranga, Auckland → matched in LINZ_SQLITE"
2025-10-12T23:31:13.158909,,Geocode Success,"LINZ: 2 Dale Crescent, Pakuranga, Auckland → -36.91477022, 174.8668704"
2025-10-12T23:31:13.409476,,Geocode Success,"2 Spenbrooke Road, Flat Bush, Auckland → matched in LINZ_SQLITE"
2025-10-12T23:31:13.645609,,Geocode Success,"LINZ: 2 Spenbrooke Road, Flat Bush, Auckland → -36.95182723, 174.9082965"
2025-10-12T23:31:13.930349,,Geocode Success,"160 Kohimarama Road, Kohimarama, Auckland → matched in LINZ_SQLITE"
2025-10-12T23:31:14.153101,,Geocode Success,"LINZ: 160 Kohimarama Road, Kohimarama, Auckland → -36.85796797, 174.8370535"
2025-10-12T23:31:14.466924,,Geocode Success,"13 Weri Road, Karaka, Auckland → matched in LINZ_SQLITE"
2025-10-12T23:31:14.720004,,Geocode Success,"LINZ: 13 Weri Road, Karaka, Auckland → -37.09908441, 174.936907"
2025-10-12T23:31:15.035060,,Geocode Success,"19 Hope Farm Avenue, Pakuranga Heights, Auckland → matched in LINZ_SQLITE"
2025-10-12T23:31:15.286372,,Geocode Success,"LINZ: 19 Hope Farm Avenue, Pakuranga Heights, Auckland → -36.9125845, 174.8969052"
2025-10-12T23:31:15.551436,,Geocode Success,"39 Dalwhinnie Parade, Highland Park, Auckland → matched in LINZ_SQLITE"
2025-10-12T23:31:15.847114,,Geocode Success,"LINZ: 39 Dalwhinnie Parade, Highland Park, Auckland → -36.90298093, 174.912626"
2025-10-12T23:31:16.164844,,Geocode Success,"39 Highland Park Drive, Highland Park, Auckland → matched in LINZ_SQLITE"
2025-10-12T23:31:16.383010,,Geocode Success,"LINZ: 39 Highland Park Drive, Highland Park, Auckland → -36.90209405, 174.9118889"
2025-10-12T23:31:16.649311,,Geocode Success,"8 Kincraig Place, Highland Park, Auckland → matched in LINZ_SQLITE"
2025-10-12T23:31:16.899271,,Geocode Success,"LINZ: 8 Kincraig Place, Highland Park, Auckland → -36.9037778, 174.91321"
2025-10-12T23:31:17.559390,,LINZ Miss,"12 Veagh Place, Highland Park, Auckland → not found in LINZ sources (Auckland-gated)"
2025-10-12T23:31:17.701182,,Geocode Fallback,"LINZ failed for 12 Veagh Place, Highland Park, Auckland"
2025-10-12T23:31:19.048401,,Geocode Failed,"geocode.xyz → 12 Veagh Place, Highland Park, Auckland (invalid)"
2025-10-12T23:31:19.223582,,Geocode Variant Used,Nominatim used: Nearby-biased
2025-10-12T23:31:19.349503,,Geocode Success,"Nominatim: 12 Veagh Place, Highland Park, Auckland → lat:-36.9044121, lon:174.9090551"
2025-10-12T23:31:19.534180,,Geocode Source,"Nominatim returned: ('Veagh Place, Highland Park, Auckland', -36.9044121, 174.9090551, '2143') for input: 12 Veagh Place, Highland Park, Auckland"
2025-10-12T23:31:20.547652,,LINZ Miss,"18 Veagh Place, Highland Park, Auckland → not found in LINZ sources (Auckland-gated)"
2025-10-12T23:31:20.688644,,Geocode Fallback,"LINZ failed for 18 Veagh Place, Highland Park, Auckland"
2025-10-12T23:31:21.777272,,Geocode Failed,"geocode.xyz → 18 Veagh Place, Highland Park, Auckland (invalid)"
2025-10-12T23:31:22.139114,,Geocode Variant Used,Nominatim used: Nearby-biased
2025-10-12T23:31:22.298770,,Geocode Success,"Nominatim: 18 Veagh Place, Highland Park, Auckland → lat:-36.9046617, lon:174.9091933"
2025-10-12T23:31:22.455225,,Geocode Source,"Nominatim returned: ('Veagh Place, Highland Park, Auckland', -36.9046617, 174.9091933, '2143') for input: 18 Veagh Place, Highland Park, Auckland"
2025-10-12T23:31:22.864900,,Geocode Success,"29 Dalwhinnie Parade, Highland Park, Auckland → matched in LINZ_SQLITE"
2025-10-12T23:31:23.070170,,Geocode Success,"LINZ: 29 Dalwhinnie Parade, Highland Park, Auckland → -36.9020446, 174.9146806"
2025-10-12T23:31:23.746995,,LINZ Miss,"60 Highland Park Drive, Highland Park, Auckland → not found in LINZ sources (Auckland-gated)"
2025-10-12T23:31:23.870725,,Geocode Fallback,"LINZ failed for 60 Highland Park Drive, Highland Park, Auckland"
2025-10-12T23:31:24.952390,,Geocode Failed,"geocode.xyz → 60 Highland Park Drive, Highland Park, Auckland (invalid)"
2025-10-12T23:31:25.325968,,Geocode Variant Used,Nominatim used: Nearby-biased
2025-10-12T23:31:25.514410,,Geocode Success,"Nominatim: 60 Highland Park Drive, Highland Park, Auckland → lat:-36.9022471, lon:174.9129474"
2025-10-12T23:31:25.701025,,Geocode Source,"Nominatim returned: ('Highland Park Drive, Highland Park, Auckland', -36.9022471, 174.9129474, '2143') for input: 60 Highland Park Drive, Highland Park, Auckland"
2025-10-12T23:31:26.060428,,Geocode Success,"92 Vale Road, Saint Heliers, Auckland → matched in LINZ_SQLITE"
2025-10-12T23:31:26.296897,,Geocode Success,"LINZ: 92 Vale Road, Saint Heliers, Auckland → -36.85422133, 174.8667624"
2025-10-12T23:31:26.580356,,Geocode Success,"101 Aviemore Drive, Highland Park, Auckland → matched in LINZ_SQLITE"
2025-10-12T23:31:26.815917,,Geocode Success,"LINZ: 101 Aviemore Drive, Highland Park, Auckland → -36.90688755, 174.9052152"
2025-10-12T23:31:27.083581,,Geocode Success,"89 Aviemore Drive, Highland Park, Auckland → matched in LINZ_SQLITE"
2025-10-12T23:31:27.347003,,Geocode Success,"LINZ: 89 Aviemore Drive, Highland Park, Auckland → -36.9061917, 174.9049633"
2025-10-12T23:31:27.674032,,Geocode Success,"59 Aviemore Drive, Highland Park, Auckland → matched in LINZ_SQLITE"
2025-10-12T23:31:27.875969,,Geocode Success,"LINZ: 59 Aviemore Drive, Highland Park, Auckland → -36.90421287, 174.9047538"
2025-10-12T23:31:28.194199,,Geocode Success,"21 Belgate Place, Somerville, Auckland → matched in LINZ_SQLITE"
2025-10-12T23:31:28.463034,,Geocode Success,"LINZ: 21 Belgate Place, Somerville, Auckland → -36.91113792, 174.927218"
2025-10-12T23:31:28.778075,,Geocode Success,"23 Palmcrest Grove, Highland Park, Auckland → matched in LINZ_SQLITE"
2025-10-12T23:31:28.953213,,Geocode Success,"LINZ: 23 Palmcrest Grove, Highland Park, Auckland → -36.90239785, 174.9061027"
2025-10-12T23:31:29.267999,,Geocode Success,"702 Pakuranga Road, Howick, Auckland → matched in LINZ_SQLITE"
2025-10-12T23:31:29.516925,,Geocode Success,"LINZ: 702 Pakuranga Road, Howick, Auckland → -36.89882635, 174.9178044"
2025-10-12T23:31:29.767631,,Geocode Success,"68 Alicia Road, Somerville, Auckland → matched in LINZ_SQLITE"
2025-10-12T23:31:30.002991,,Geocode Success,"LINZ: 68 Alicia Road, Somerville, Auckland → -36.91069488, 174.9379552"
2025-10-12T23:31:30.317071,,Geocode Success,"44 Edendale Road, Somerville, Auckland → matched in LINZ_SQLITE"
2025-10-12T23:31:30.567483,,Geocode Success,"LINZ: 44 Edendale Road, Somerville, Auckland → -36.91150113, 174.9290791"
2025-10-12T23:31:30.862000,,Geocode Success,"46 Edendale Road, Somerville, Auckland → matched in LINZ_SQLITE"
2025-10-12T23:31:31.129421,,Geocode Success,"LINZ: 46 Edendale Road, Somerville, Auckland → -36.91126932, 174.9289384"
2025-10-12T23:31:31.415018,,Geocode Success,"2 Belgate Place, Somerville, Auckland → matched in LINZ_SQLITE"
2025-10-12T23:31:31.618887,,Geocode Success,"LINZ: 2 Belgate Place, Somerville, Auckland → -36.91072098, 174.9286089"
2025-10-12T23:31:31.932804,,Geocode Success,"72 Edendale Road, Somerville, Auckland → matched in LINZ_SQLITE"
2025-10-12T23:31:32.151389,,Geocode Success,"LINZ: 72 Edendale Road, Somerville, Auckland → -36.90867618, 174.9305152"
2025-10-12T23:31:32.465620,,Geocode Success,"53 O'Halloran Road, Howick, Auckland → matched in LINZ_SQLITE"
2025-10-12T23:31:32.713798,,Geocode Success,"LINZ: 53 O'Halloran Road, Howick, Auckland → -36.8957141, 174.9206852"
2025-10-12T23:31:32.917375,,Geocode Success,"172 Botany Road, Botany Downs, Auckland → matched in LINZ_SQLITE"
2025-10-12T23:31:33.168927,,Geocode Success,"LINZ: 172 Botany Road, Botany Downs, Auckland → -36.91408478, 174.9161726"
2025-10-12T23:31:33.402104,,Geocode Success,"178 Botany Road, Botany Downs, Auckland → matched in LINZ_SQLITE"
2025-10-12T23:31:33.657922,,Geocode Success,"LINZ: 178 Botany Road, Botany Downs, Auckland → -36.91448028, 174.916341"
2025-10-12T23:31:33.999328,,Geocode Success,"20 Mirrabooka Avenue, Botany Downs, Auckland → matched in LINZ_SQLITE"
2025-10-12T23:31:34.077488,,Geocode Success,"LINZ: 20 Mirrabooka Avenue, Botany Downs, Auckland → -36.91020433, 174.9240548"
2025-10-12T23:31:35.206715,,LINZ Miss,"9 Mirrabooka Avenue, Botany Downs, Auckland → not found in LINZ sources (Auckland-gated)"
2025-10-12T23:31:35.390770,,Geocode Fallback,"LINZ failed for 9 Mirrabooka Avenue, Botany Downs, Auckland"
2025-10-12T23:31:36.716791,,Geocode Variant Used,Nominatim used: Nearby-biased
2025-10-12T23:31:36.888317,,Geocode Success,"Nominatim: 9 Mirrabooka Avenue, Botany Downs, Auckland → lat:-36.9100765, lon:174.9235701"
2025-10-12T23:31:37.075802,,Geocode Source,"Nominatim returned: ('Mirrabooka Avenue, Botany Downs, Auckland', -36.9100765, 174.9235701, '2014') for input: 9 Mirrabooka Avenue, Botany Downs, Auckland"
2025-10-12T23:31:38.617835,,Geocode Success,"14 Mirrabooka Avenue, Botany Downs, Auckland → matched in LINZ_SQLITE"
2025-10-12T23:31:38.825096,,Geocode Success,"LINZ: 14 Mirrabooka Avenue, Botany Downs, Auckland → -36.91004731, 174.9242015"
2025-10-12T23:31:39.110876,,Geocode Success,"13 Bunker Rise, Golflands, Auckland → matched in LINZ_SQLITE"
2025-10-12T23:31:39.329353,,Geocode Success,"LINZ: 13 Bunker Rise, Golflands, Auckland → -36.92868663, 174.9078328"
2025-10-12T23:31:39.628739,,Geocode Success,"4 Bunker Rise, Golflands, Auckland → matched in LINZ_SQLITE"
2025-10-12T23:31:39.848099,,Geocode Success,"LINZ: 4 Bunker Rise, Golflands, Auckland → -36.9289267, 174.9081434"
2025-10-12T23:31:40.146546,,Geocode Success,"2 Nagle Place, Golflands, Auckland → matched in LINZ_SQLITE"
2025-10-12T23:31:40.336668,,Geocode Success,"LINZ: 2 Nagle Place, Golflands, Auckland → -36.92879458, 174.9087673"
2025-10-12T23:31:40.605827,,Geocode Success,"22 Carriage Close, Northpark, Auckland → matched in LINZ_SQLITE"
2025-10-12T23:31:40.870243,,Geocode Success,"LINZ: 22 Carriage Close, Northpark, Auckland → -36.91582802, 174.9226905"
2025-10-12T23:31:41.165276,,Geocode Success,"14 Els Close, Golflands, Auckland → matched in LINZ_SQLITE"
2025-10-12T23:31:41.387038,,Geocode Success,"LINZ: 14 Els Close, Golflands, Auckland → -36.92824297, 174.9080115"
2025-10-12T23:31:41.687487,,Geocode Success,"4 Crescent Hills Court, Northpark, Auckland → matched in LINZ_SQLITE"
2025-10-12T23:31:41.998278,,Geocode Success,"LINZ: 4 Crescent Hills Court, Northpark, Auckland → -36.91851152, 174.9254718"
2025-10-12T23:31:42.295615,,Geocode Success,"18 Royalle Mews, Botany Downs, Auckland → matched in LINZ_SQLITE"
2025-10-12T23:31:42.516299,,Geocode Success,"LINZ: 18 Royalle Mews, Botany Downs, Auckland → -36.90948742, 174.917709"
2025-10-12T23:31:42.841798,,Geocode Success,"5 Kallaroo Place, Botany Downs, Auckland → matched in LINZ_SQLITE"
2025-10-12T23:31:43.058760,,Geocode Success,"LINZ: 5 Kallaroo Place, Botany Downs, Auckland → -36.91326345, 174.9207951"
2025-10-12T23:31:43.324388,,Geocode Success,"8 The Green, Golflands, Auckland → matched in LINZ_SQLITE"
2025-10-12T23:31:43.589339,,Geocode Success,"LINZ: 8 The Green, Golflands, Auckland → -36.91978077, 174.9069734"
2025-10-12T23:31:43.963577,,Geocode Success,"11 Nypa Way, Somerville, Auckland → matched in LINZ_SQLITE"
2025-10-12T23:31:44.214178,,Geocode Success,"LINZ: 11 Nypa Way, Somerville, Auckland → -36.90792988, 174.9323795"
2025-10-12T23:31:44.542250,,Geocode Success,"72 Drake Street, Howick, Auckland → matched in LINZ_SQLITE"
2025-10-12T23:31:44.807420,,Geocode Success,"LINZ: 72 Drake Street, Howick, Auckland → -36.89964167, 174.9298111"
2025-10-12T23:31:45.102591,,Geocode Success,"64 Drake Street, Howick, Auckland → matched in LINZ_SQLITE"
2025-10-12T23:31:45.338746,,Geocode Success,"LINZ: 64 Drake Street, Howick, Auckland → -36.89970628, 174.9306199"
2025-10-12T23:31:45.665731,,Geocode Success,"42 Drake Street, Howick, Auckland → matched in LINZ_SQLITE"
2025-10-12T23:31:45.882684,,Geocode Success,"LINZ: 42 Drake Street, Howick, Auckland → -36.90012817, 174.9321474"
2025-10-12T23:31:46.116916,,Geocode Success,"40 Drake Street, Howick, Auckland → matched in LINZ_SQLITE"
2025-10-12T23:31:46.371596,,Geocode Success,"LINZ: 40 Drake Street, Howick, Auckland → -36.90022498, 174.932335"
2025-10-12T23:31:47.016237,,LINZ Miss,"55 Drake Street, Howick, Auckland → not found in LINZ sources (Auckland-gated)"
2025-10-12T23:31:47.174867,,Geocode Fallback,"LINZ failed for 55 Drake Street, Howick, Auckland"
2025-10-12T23:31:48.661186,,Geocode Variant Used,geocode.xyz used: Nearby-biased
2025-10-12T23:31:48.801906,,Geocode Success,"geocode.xyz: 55 Drake Street, Howick, Auckland → lat:-36.89945, lon:174.9311"
2025-10-12T23:31:48.880026,,Geocode Source,"geocode.xyz returned: ('55 Drake Street, Howick, Auckland', -36.89945, 174.9311, '') for input: 55 Drake Street, Howick, Auckland"
2025-10-12T23:31:54.103031,,LINZ Miss,"57 Drake Street, Howick, Auckland → not found in LINZ sources (Auckland-gated)"
2025-10-12T23:31:54.243578,,Geocode Fallback,"LINZ failed for 57 Drake Street, Howick, Auckland"
2025-10-12T23:31:55.803746,,Geocode Variant Used,Nominatim used: Nearby-biased
2025-10-12T23:31:55.977354,,Geocode Success,"Nominatim: 57 Drake Street, Howick, Auckland → lat:-36.8993359, lon:174.9309502"
2025-10-12T23:31:56.164564,,Geocode Source,"Nominatim returned: ('Drake Street, Howick, Auckland', -36.8993359, 174.9309502, '2014') for input: 57 Drake Street, Howick, Auckland"
2025-10-12T23:32:00.803088,,Geocode Success,"23 Baird Street, Howick, Auckland → matched in LINZ_SQLITE"
2025-10-12T23:32:01.023772,,Geocode Success,"LINZ: 23 Baird Street, Howick, Auckland → -36.90048198, 174.9309772"
2025-10-12T23:32:01.307200,,Geocode Success,"1 Stockade View Lane, Howick, Auckland → matched in LINZ_SQLITE"
2025-10-12T23:32:01.616923,,Geocode Success,"LINZ: 1 Stockade View Lane, Howick, Auckland → -36.8978012, 174.9317788"
2025-10-12T23:32:01.945253,,Geocode Success,"3 Athenry Place, Dannemora, Auckland → matched in LINZ_SQLITE"
2025-10-12T23:32:02.178737,,Geocode Success,"LINZ: 3 Athenry Place, Dannemora, Auckland → -36.92921805, 174.9218251"
2025-10-12T23:32:02.519874,,Geocode Success,"27 Athenry Place, Dannemora, Auckland → matched in LINZ_SQLITE"
2025-10-12T23:32:02.772591,,Geocode Success,"LINZ: 27 Athenry Place, Dannemora, Auckland → -36.9303555, 174.9202783"
2025-10-12T23:32:03.051982,,Geocode Success,"21 Athenry Place, Dannemora, Auckland → matched in LINZ_SQLITE"
2025-10-12T23:32:03.335042,,Geocode Success,"LINZ: 21 Athenry Place, Dannemora, Auckland → -36.92987067, 174.9207648"
2025-10-12T23:32:03.731824,,Geocode Success,"10 Balbriggan Rise, Dannemora, Auckland → matched in LINZ_SQLITE"
2025-10-12T23:32:04.020151,,Geocode Success,"LINZ: 10 Balbriggan Rise, Dannemora, Auckland → -36.93027865, 174.9229539"
2025-10-12T23:32:04.572231,,Geocode Success,"3 Balbriggan Rise, Dannemora, Auckland → matched in LINZ_SQLITE"
2025-10-12T23:32:04.899254,,Geocode Success,"LINZ: 3 Balbriggan Rise, Dannemora, Auckland → -36.93078775, 174.9228258"
2025-10-12T23:32:05.241807,,Geocode Success,"42 Keppoch Court, Dannemora, Auckland → matched in LINZ_SQLITE"
2025-10-12T23:32:05.522157,,Geocode Success,"LINZ: 42 Keppoch Court, Dannemora, Auckland → -36.92766952, 174.9192487"
2025-10-12T23:32:05.772188,,Geocode Success,"30 Botany Road, Howick, Auckland → matched in LINZ_SQLITE"
2025-10-12T23:32:06.021742,,Geocode Success,"LINZ: 30 Botany Road, Howick, Auckland → -36.90142063, 174.9188992"
2025-10-12T23:34:07.442802,,Session Start,Script started and corrections_log.csv initialized.
2025-10-12T23:34:07.449169,,Session Start,Script started and corrections_log.csv initialized.
2025-10-12T23:34:25.386833,,Geocode Success,"7 Sheffield Place, Botany Downs, Auckland → matched in LINZ_SQLITE"
2025-10-12T23:34:25.521644,,Geocode Success,"LINZ: 7 Sheffield Place, Botany Downs, Auckland → -36.9076804, 174.9174203"
2025-10-12T23:34:25.867667,,Geocode Success,"65 Aviemore Drive, Highland Park, Auckland → matched in LINZ_SQLITE"
2025-10-12T23:34:26.148165,,Geocode Success,"LINZ: 65 Aviemore Drive, Highland Park, Auckland → -36.90476862, 174.9047863"
2025-10-12T23:34:26.399475,,Geocode Success,"58 Tarnica Road, Northpark, Auckland → matched in LINZ_SQLITE"
2025-10-12T23:34:26.620221,,Geocode Success,"LINZ: 58 Tarnica Road, Northpark, Auckland → -36.92629249, 174.9144777"
2025-10-12T23:34:26.920653,,Geocode Success,"10 Fencotie Place, Northpark, Auckland → matched in LINZ_SQLITE"
2025-10-12T23:34:27.170296,,Geocode Success,"LINZ: 10 Fencotie Place, Northpark, Auckland → -36.92733825, 174.9133632"
2025-10-12T23:34:27.498368,,Geocode Success,"4 Glassonby Road, Northpark, Auckland → matched in LINZ_SQLITE"
2025-10-12T23:34:27.781267,,Geocode Success,"LINZ: 4 Glassonby Road, Northpark, Auckland → -36.9256841, 174.9139537"
2025-10-12T23:34:28.109930,,Geocode Success,"15 Aspatria Place, Northpark, Auckland → matched in LINZ_SQLITE"
2025-10-12T23:34:28.345976,,Geocode Success,"LINZ: 15 Aspatria Place, Northpark, Auckland → -36.92471437, 174.9155052"
2025-10-12T23:34:28.653978,,Geocode Success,"14 Aspatria Place, Northpark, Auckland → matched in LINZ_SQLITE"
2025-10-12T23:34:28.905851,,Geocode Success,"LINZ: 14 Aspatria Place, Northpark, Auckland → -36.92480975, 174.9153328"
2025-10-12T23:34:29.158817,,Geocode Success,"12 Anthony Place, Pakuranga, Auckland → matched in LINZ_SQLITE"
2025-10-12T23:34:29.360461,,Geocode Success,"LINZ: 12 Anthony Place, Pakuranga, Auckland → -36.91422155, 174.8677362"
2025-10-12T23:34:30.117561,,LINZ Miss,"2 Anthony Place, Pakuranga, Auckland → not found in LINZ sources (Auckland-gated)"
2025-10-12T23:34:30.260890,,Geocode Fallback,"LINZ failed for 2 Anthony Place, Pakuranga, Auckland"
2025-10-12T23:34:31.483521,,Geocode Failed,"geocode.xyz → 2 Anthony Place, Pakuranga, Auckland (invalid)"
2025-10-12T23:34:31.749612,,Geocode Variant Used,Nominatim used: Nearby-biased
2025-10-12T23:34:31.922523,,Geocode Success,"Nominatim: 2 Anthony Place, Pakuranga, Auckland → lat:-36.9141854, lon:174.8684727"
2025-10-12T23:34:32.049182,,Geocode Source,"Nominatim returned: ('Anthony Place, Pakūranga, Auckland', -36.9141854, 174.8684727, '2010') for input: 2 Anthony Place, Pakuranga, Auckland"
2025-10-12T23:34:32.457084,,Geocode Success,"42 Aviemore Drive, Highland Park, Auckland → matched in LINZ_SQLITE"
2025-10-12T23:34:32.615494,,Geocode Success,"LINZ: 42 Aviemore Drive, Highland Park, Auckland → -36.90194977, 174.9053192"
2025-10-12T23:34:32.960066,,Geocode Success,"50 Aviemore Drive, Highland Park, Auckland → matched in LINZ_SQLITE"
2025-10-12T23:34:33.226711,,Geocode Success,"LINZ: 50 Aviemore Drive, Highland Park, Auckland → -36.90232013, 174.9052988"
2025-10-12T23:34:33.525566,,Geocode Success,"2 Dale Crescent, Pakuranga, Auckland → matched in LINZ_SQLITE"
2025-10-12T23:34:33.761482,,Geocode Success,"LINZ: 2 Dale Crescent, Pakuranga, Auckland → -36.91477022, 174.8668704"
2025-10-12T23:34:34.043743,,Geocode Success,"2 Spenbrooke Road, Flat Bush, Auckland → matched in LINZ_SQLITE"
2025-10-12T23:34:34.280603,,Geocode Success,"LINZ: 2 Spenbrooke Road, Flat Bush, Auckland → -36.95182723, 174.9082965"
2025-10-12T23:34:34.578603,,Geocode Success,"160 Kohimarama Road, Kohimarama, Auckland → matched in LINZ_SQLITE"
2025-10-12T23:34:34.814281,,Geocode Success,"LINZ: 160 Kohimarama Road, Kohimarama, Auckland → -36.85796797, 174.8370535"
2025-10-12T23:34:35.129246,,Geocode Success,"13 Weri Road, Karaka, Auckland → matched in LINZ_SQLITE"
2025-10-12T23:34:35.348383,,Geocode Success,"LINZ: 13 Weri Road, Karaka, Auckland → -37.09908441, 174.936907"
2025-10-12T23:34:35.632244,,Geocode Success,"19 Hope Farm Avenue, Pakuranga Heights, Auckland → matched in LINZ_SQLITE"
2025-10-12T23:34:35.803926,,Geocode Success,"LINZ: 19 Hope Farm Avenue, Pakuranga Heights, Auckland → -36.9125845, 174.8969052"
2025-10-12T23:34:36.121024,,Geocode Success,"39 Dalwhinnie Parade, Highland Park, Auckland → matched in LINZ_SQLITE"
2025-10-12T23:34:36.340576,,Geocode Success,"LINZ: 39 Dalwhinnie Parade, Highland Park, Auckland → -36.90298093, 174.912626"
2025-10-12T23:34:36.650483,,Geocode Success,"39 Highland Park Drive, Highland Park, Auckland → matched in LINZ_SQLITE"
2025-10-12T23:34:36.917388,,Geocode Success,"LINZ: 39 Highland Park Drive, Highland Park, Auckland → -36.90209405, 174.9118889"
2025-10-12T23:34:37.213856,,Geocode Success,"8 Kincraig Place, Highland Park, Auckland → matched in LINZ_SQLITE"
2025-10-12T23:34:37.446397,,Geocode Success,"LINZ: 8 Kincraig Place, Highland Park, Auckland → -36.9037778, 174.91321"
2025-10-12T23:34:38.196249,,LINZ Miss,"12 Veagh Place, Highland Park, Auckland → not found in LINZ sources (Auckland-gated)"
2025-10-12T23:34:38.352618,,Geocode Fallback,"LINZ failed for 12 Veagh Place, Highland Park, Auckland"
2025-10-12T23:34:39.838790,,Geocode Variant Used,Nominatim used: Nearby-biased
2025-10-12T23:34:40.012887,,Geocode Success,"Nominatim: 12 Veagh Place, Highland Park, Auckland → lat:-36.9044121, lon:174.9090551"
2025-10-12T23:34:40.175556,,Geocode Source,"Nominatim returned: ('Veagh Place, Highland Park, Auckland', -36.9044121, 174.9090551, '2143') for input: 12 Veagh Place, Highland Park, Auckland"
2025-10-12T23:34:41.376932,,LINZ Miss,"18 Veagh Place, Highland Park, Auckland → not found in LINZ sources (Auckland-gated)"
2025-10-12T23:34:41.547583,,Geocode Fallback,"LINZ failed for 18 Veagh Place, Highland Park, Auckland"
2025-10-12T23:34:42.826840,,Geocode Failed,"geocode.xyz → 18 Veagh Place, Highland Park, Auckland (invalid)"
2025-10-12T23:34:43.045510,,Geocode Variant Used,Nominatim used: Nearby-biased
2025-10-12T23:34:43.215809,,Geocode Success,"Nominatim: 18 Veagh Place, Highland Park, Auckland → lat:-36.9046617, lon:174.9091933"
2025-10-12T23:34:43.355084,,Geocode Source,"Nominatim returned: ('Veagh Place, Highland Park, Auckland', -36.9046617, 174.9091933, '2143') for input: 18 Veagh Place, Highland Park, Auckland"
2025-10-12T23:34:43.760528,,Geocode Success,"29 Dalwhinnie Parade, Highland Park, Auckland → matched in LINZ_SQLITE"
2025-10-12T23:34:44.011315,,Geocode Success,"LINZ: 29 Dalwhinnie Parade, Highland Park, Auckland → -36.9020446, 174.9146806"
2025-10-12T23:34:44.641944,,LINZ Miss,"60 Highland Park Drive, Highland Park, Auckland → not found in LINZ sources (Auckland-gated)"
2025-10-12T23:34:44.813672,,Geocode Fallback,"LINZ failed for 60 Highland Park Drive, Highland Park, Auckland"
2025-10-12T23:34:46.059334,,Geocode Failed,"geocode.xyz → 60 Highland Park Drive, Highland Park, Auckland (invalid)"
2025-10-12T23:34:46.624411,,Geocode Variant Used,Photon used: Nearby-biased
2025-10-12T23:34:46.796797,,Geocode Success,"Photon: 60 Highland Park Drive, Highland Park, Auckland → lat:-36.9020732, lon:174.9131023"
2025-10-12T23:34:46.984596,,Geocode Source,"Photon returned: ('Highland Park Drive, Highland Park, Auckland', -36.9020732, 174.9131023, '') for input: 60 Highland Park Drive, Highland Park, Auckland"
2025-10-12T23:34:47.375147,,Geocode Success,"92 Vale Road, Saint Heliers, Auckland → matched in LINZ_SQLITE"
2025-10-12T23:34:47.608806,,Geocode Success,"LINZ: 92 Vale Road, Saint Heliers, Auckland → -36.85422133, 174.8667624"
2025-10-12T23:34:47.891132,,Geocode Success,"101 Aviemore Drive, Highland Park, Auckland → matched in LINZ_SQLITE"
2025-10-12T23:34:48.093943,,Geocode Success,"LINZ: 101 Aviemore Drive, Highland Park, Auckland → -36.90688755, 174.9052152"
2025-10-12T23:34:48.409881,,Geocode Success,"89 Aviemore Drive, Highland Park, Auckland → matched in LINZ_SQLITE"
2025-10-12T23:34:48.659618,,Geocode Success,"LINZ: 89 Aviemore Drive, Highland Park, Auckland → -36.9061917, 174.9049633"
2025-10-12T23:34:48.944740,,Geocode Success,"59 Aviemore Drive, Highland Park, Auckland → matched in LINZ_SQLITE"
2025-10-12T23:34:49.196573,,Geocode Success,"LINZ: 59 Aviemore Drive, Highland Park, Auckland → -36.90421287, 174.9047538"
2025-10-12T23:34:49.524574,,Geocode Success,"21 Belgate Place, Somerville, Auckland → matched in LINZ_SQLITE"
2025-10-12T23:34:49.743085,,Geocode Success,"LINZ: 21 Belgate Place, Somerville, Auckland → -36.91113792, 174.927218"
2025-10-12T23:34:50.058566,,Geocode Success,"23 Palmcrest Grove, Highland Park, Auckland → matched in LINZ_SQLITE"
2025-10-12T23:34:50.276162,,Geocode Success,"LINZ: 23 Palmcrest Grove, Highland Park, Auckland → -36.90239785, 174.9061027"
2025-10-12T23:34:50.575203,,Geocode Success,"702 Pakuranga Road, Howick, Auckland → matched in LINZ_SQLITE"
2025-10-12T23:34:50.716584,,Geocode Success,"LINZ: 702 Pakuranga Road, Howick, Auckland → -36.89882635, 174.9178044"
2025-10-12T23:34:51.043440,,Geocode Success,"68 Alicia Road, Somerville, Auckland → matched in LINZ_SQLITE"
2025-10-12T23:34:51.277548,,Geocode Success,"LINZ: 68 Alicia Road, Somerville, Auckland → -36.91069488, 174.9379552"
2025-10-12T23:34:51.571068,,Geocode Success,"44 Edendale Road, Somerville, Auckland → matched in LINZ_SQLITE"
2025-10-12T23:34:51.727844,,Geocode Success,"LINZ: 44 Edendale Road, Somerville, Auckland → -36.91150113, 174.9290791"
2025-10-12T23:34:52.045087,,Geocode Success,"46 Edendale Road, Somerville, Auckland → matched in LINZ_SQLITE"
2025-10-12T23:34:52.233385,,Geocode Success,"LINZ: 46 Edendale Road, Somerville, Auckland → -36.91126932, 174.9289384"
2025-10-12T23:34:52.515267,,Geocode Success,"2 Belgate Place, Somerville, Auckland → matched in LINZ_SQLITE"
2025-10-12T23:34:52.732755,,Geocode Success,"LINZ: 2 Belgate Place, Somerville, Auckland → -36.91072098, 174.9286089"
2025-10-12T23:34:53.031343,,Geocode Success,"72 Edendale Road, Somerville, Auckland → matched in LINZ_SQLITE"
2025-10-12T23:34:53.298397,,Geocode Success,"LINZ: 72 Edendale Road, Somerville, Auckland → -36.90867618, 174.9305152"
2025-10-12T23:34:53.598806,,Geocode Success,"53 O'Halloran Road, Howick, Auckland → matched in LINZ_SQLITE"
2025-10-12T23:34:53.847822,,Geocode Success,"LINZ: 53 O'Halloran Road, Howick, Auckland → -36.8957141, 174.9206852"
2025-10-12T23:34:54.149095,,Geocode Success,"172 Botany Road, Botany Downs, Auckland → matched in LINZ_SQLITE"
2025-10-12T23:34:54.337045,,Geocode Success,"LINZ: 172 Botany Road, Botany Downs, Auckland → -36.91408478, 174.9161726"
2025-10-12T23:34:54.617035,,Geocode Success,"178 Botany Road, Botany Downs, Auckland → matched in LINZ_SQLITE"
2025-10-12T23:34:54.927590,,Geocode Success,"LINZ: 178 Botany Road, Botany Downs, Auckland → -36.91448028, 174.916341"
2025-10-12T23:34:55.265871,,Geocode Success,"20 Mirrabooka Avenue, Botany Downs, Auckland → matched in LINZ_SQLITE"
2025-10-12T23:34:55.552868,,Geocode Success,"LINZ: 20 Mirrabooka Avenue, Botany Downs, Auckland → -36.91020433, 174.9240548"
2025-10-12T23:34:56.443190,,LINZ Miss,"9 Mirrabooka Avenue, Botany Downs, Auckland → not found in LINZ sources (Auckland-gated)"
2025-10-12T23:34:56.616023,,Geocode Fallback,"LINZ failed for 9 Mirrabooka Avenue, Botany Downs, Auckland"
2025-10-12T23:34:57.779943,,Geocode Failed,"geocode.xyz → 9 Mirrabooka Avenue, Botany Downs, Auckland (invalid)"
2025-10-12T23:34:58.109024,,Geocode Variant Used,Nominatim used: Nearby-biased
2025-10-12T23:34:58.309406,,Geocode Success,"Nominatim: 9 Mirrabooka Avenue, Botany Downs, Auckland → lat:-36.9100765, lon:174.9235701"
2025-10-12T23:34:58.479556,,Geocode Source,"Nominatim returned: ('Mirrabooka Avenue, Botany Downs, Auckland', -36.9100765, 174.9235701, '2014') for input: 9 Mirrabooka Avenue, Botany Downs, Auckland"
2025-10-12T23:34:58.885309,,Geocode Success,"14 Mirrabooka Avenue, Botany Downs, Auckland → matched in LINZ_SQLITE"
2025-10-12T23:34:59.151756,,Geocode Success,"LINZ: 14 Mirrabooka Avenue, Botany Downs, Auckland → -36.91004731, 174.9242015"
2025-10-12T23:34:59.478138,,Geocode Success,"13 Bunker Rise, Golflands, Auckland → matched in LINZ_SQLITE"
2025-10-12T23:34:59.710503,,Geocode Success,"LINZ: 13 Bunker Rise, Golflands, Auckland → -36.92868663, 174.9078328"
2025-10-12T23:34:59.993788,,Geocode Success,"4 Bunker Rise, Golflands, Auckland → matched in LINZ_SQLITE"
2025-10-12T23:35:00.181174,,Geocode Success,"LINZ: 4 Bunker Rise, Golflands, Auckland → -36.9289267, 174.9081434"
2025-10-12T23:35:00.460632,,Geocode Success,"2 Nagle Place, Golflands, Auckland → matched in LINZ_SQLITE"
2025-10-12T23:35:00.648182,,Geocode Success,"LINZ: 2 Nagle Place, Golflands, Auckland → -36.92879458, 174.9087673"
2025-10-12T23:35:01.010251,,Geocode Success,"22 Carriage Close, Northpark, Auckland → matched in LINZ_SQLITE"
2025-10-12T23:35:01.229659,,Geocode Success,"LINZ: 22 Carriage Close, Northpark, Auckland → -36.91582802, 174.9226905"
2025-10-12T23:35:01.529494,,Geocode Success,"14 Els Close, Golflands, Auckland → matched in LINZ_SQLITE"
2025-10-12T23:35:01.765244,,Geocode Success,"LINZ: 14 Els Close, Golflands, Auckland → -36.92824297, 174.9080115"
2025-10-12T23:35:02.109507,,Geocode Success,"4 Crescent Hills Court, Northpark, Auckland → matched in LINZ_SQLITE"
2025-10-12T23:35:02.361718,,Geocode Success,"LINZ: 4 Crescent Hills Court, Northpark, Auckland → -36.91851152, 174.9254718"
2025-10-12T23:35:02.724032,,Geocode Success,"18 Royalle Mews, Botany Downs, Auckland → matched in LINZ_SQLITE"
2025-10-12T23:35:02.931348,,Geocode Success,"LINZ: 18 Royalle Mews, Botany Downs, Auckland → -36.90948742, 174.917709"
2025-10-12T23:35:03.246647,,Geocode Success,"5 Kallaroo Place, Botany Downs, Auckland → matched in LINZ_SQLITE"
2025-10-12T23:35:03.531926,,Geocode Success,"LINZ: 5 Kallaroo Place, Botany Downs, Auckland → -36.91326345, 174.9207951"
2025-10-12T23:35:03.845275,,Geocode Success,"8 The Green, Golflands, Auckland → matched in LINZ_SQLITE"
2025-10-12T23:35:04.050575,,Geocode Success,"LINZ: 8 The Green, Golflands, Auckland → -36.91978077, 174.9069734"
2025-10-12T23:35:04.365650,,Geocode Success,"11 Nypa Way, Somerville, Auckland → matched in LINZ_SQLITE"
2025-10-12T23:35:04.629986,,Geocode Success,"LINZ: 11 Nypa Way, Somerville, Auckland → -36.90792988, 174.9323795"
2025-10-12T23:35:04.942871,,Geocode Success,"72 Drake Street, Howick, Auckland → matched in LINZ_SQLITE"
2025-10-12T23:35:05.196499,,Geocode Success,"LINZ: 72 Drake Street, Howick, Auckland → -36.89964167, 174.9298111"
2025-10-12T23:35:05.465074,,Geocode Success,"64 Drake Street, Howick, Auckland → matched in LINZ_SQLITE"
2025-10-12T23:35:05.638598,,Geocode Success,"LINZ: 64 Drake Street, Howick, Auckland → -36.89970628, 174.9306199"
2025-10-12T23:35:05.919671,,Geocode Success,"42 Drake Street, Howick, Auckland → matched in LINZ_SQLITE"
2025-10-12T23:35:06.186884,,Geocode Success,"LINZ: 42 Drake Street, Howick, Auckland → -36.90012817, 174.9321474"
2025-10-12T23:35:06.439138,,Geocode Success,"40 Drake Street, Howick, Auckland → matched in LINZ_SQLITE"
2025-10-12T23:35:06.689891,,Geocode Success,"LINZ: 40 Drake Street, Howick, Auckland → -36.90022498, 174.932335"
2025-10-12T23:35:07.330908,,LINZ Miss,"55 Drake Street, Howick, Auckland → not found in LINZ sources (Auckland-gated)"
2025-10-12T23:35:07.502992,,Geocode Fallback,"LINZ failed for 55 Drake Street, Howick, Auckland"
2025-10-12T23:35:08.946539,,Geocode Variant Used,Nominatim used: Nearby-biased
2025-10-12T23:35:09.087674,,Geocode Success,"Nominatim: 55 Drake Street, Howick, Auckland → lat:-36.8993706, lon:174.9311347"
2025-10-12T23:35:09.260980,,Geocode Source,"Nominatim returned: ('Drake Street, Howick, Auckland', -36.8993706, 174.9311347, '2014') for input: 55 Drake Street, Howick, Auckland"
2025-10-12T23:35:10.114523,,LINZ Miss,"57 Drake Street, Howick, Auckland → not found in LINZ sources (Auckland-gated)"
2025-10-12T23:35:10.199510,,Geocode Fallback,"LINZ failed for 57 Drake Street, Howick, Auckland"
2025-10-12T23:35:11.841946,,Geocode Variant Used,Nominatim used: Nearby-biased
2025-10-12T23:35:11.999927,,Geocode Success,"Nominatim: 57 Drake Street, Howick, Auckland → lat:-36.8993359, lon:174.9309502"
2025-10-12T23:35:12.156842,,Geocode Source,"Nominatim returned: ('Drake Street, Howick, Auckland', -36.8993359, 174.9309502, '2014') for input: 57 Drake Street, Howick, Auckland"
2025-10-12T23:35:12.575514,,Geocode Success,"23 Baird Street, Howick, Auckland → matched in LINZ_SQLITE"
2025-10-12T23:35:12.702758,,Geocode Success,"LINZ: 23 Baird Street, Howick, Auckland → -36.90048198, 174.9309772"
2025-10-12T23:35:13.018420,,Geocode Success,"1 Stockade View Lane, Howick, Auckland → matched in LINZ_SQLITE"
2025-10-12T23:35:13.208650,,Geocode Success,"LINZ: 1 Stockade View Lane, Howick, Auckland → -36.8978012, 174.9317788"
2025-10-12T23:35:13.553255,,Geocode Success,"3 Athenry Place, Dannemora, Auckland → matched in LINZ_SQLITE"
2025-10-12T23:35:13.773958,,Geocode Success,"LINZ: 3 Athenry Place, Dannemora, Auckland → -36.92921805, 174.9218251"
2025-10-12T23:35:14.118432,,Geocode Success,"27 Athenry Place, Dannemora, Auckland → matched in LINZ_SQLITE"
2025-10-12T23:35:14.368573,,Geocode Success,"LINZ: 27 Athenry Place, Dannemora, Auckland → -36.9303555, 174.9202783"
2025-10-12T23:35:14.636903,,Geocode Success,"21 Athenry Place, Dannemora, Auckland → matched in LINZ_SQLITE"
2025-10-12T23:35:14.887817,,Geocode Success,"LINZ: 21 Athenry Place, Dannemora, Auckland → -36.92987067, 174.9207648"
2025-10-12T23:35:15.266157,,Geocode Success,"10 Balbriggan Rise, Dannemora, Auckland → matched in LINZ_SQLITE"
2025-10-12T23:35:15.454377,,Geocode Success,"LINZ: 10 Balbriggan Rise, Dannemora, Auckland → -36.93027865, 174.9229539"
2025-10-12T23:35:15.830275,,Geocode Success,"3 Balbriggan Rise, Dannemora, Auckland → matched in LINZ_SQLITE"
2025-10-12T23:35:16.048292,,Geocode Success,"LINZ: 3 Balbriggan Rise, Dannemora, Auckland → -36.93078775, 174.9228258"
2025-10-12T23:35:16.376666,,Geocode Success,"42 Keppoch Court, Dannemora, Auckland → matched in LINZ_SQLITE"
2025-10-12T23:35:16.642661,,Geocode Success,"LINZ: 42 Keppoch Court, Dannemora, Auckland → -36.92766952, 174.9192487"
2025-10-12T23:35:16.907466,,Geocode Success,"30 Botany Road, Howick, Auckland → matched in LINZ_SQLITE"
2025-10-12T23:35:17.141798,,Geocode Success,"LINZ: 30 Botany Road, Howick, Auckland → -36.90142063, 174.9188992"
2025-10-12T23:36:29.298047,,Session Start,Script started and corrections_log.csv initialized.
2025-10-12T23:36:29.304304,,Session Start,Script started and corrections_log.csv initialized.
2025-10-12T23:49:05.936376,,Session Start,Script started and corrections_log.csv initialized.
2025-10-12T23:49:05.948987,,Session Start,Script started and corrections_log.csv initialized.
2025-10-12T23:49:21.127397,,Geocode Success,"7 Sheffield Place, Botany Downs, Auckland → matched in LINZ_SQLITE"
2025-10-12T23:49:21.424482,,Geocode Success,"LINZ: 7 Sheffield Place, Botany Downs, Auckland → -36.9076804, 174.9174203"
2025-10-12T23:49:21.737206,,Geocode Success,"65 Aviemore Drive, Highland Park, Auckland → matched in LINZ_SQLITE"
2025-10-12T23:49:21.970267,,Geocode Success,"LINZ: 65 Aviemore Drive, Highland Park, Auckland → -36.90476862, 174.9047863"
2025-10-12T23:49:22.328931,,Geocode Success,"58 Tarnica Road, Northpark, Auckland → matched in LINZ_SQLITE"
2025-10-12T23:49:22.577134,,Geocode Success,"LINZ: 58 Tarnica Road, Northpark, Auckland → -36.92629249, 174.9144777"
2025-10-12T23:49:22.827278,,Geocode Success,"10 Fencotie Place, Northpark, Auckland → matched in LINZ_SQLITE"
2025-10-12T23:49:22.912702,,Geocode Success,"LINZ: 10 Fencotie Place, Northpark, Auckland → -36.92733825, 174.9133632"
2025-10-12T23:49:23.185736,,Geocode Success,"4 Glassonby Road, Northpark, Auckland → matched in LINZ_SQLITE"
2025-10-12T23:49:23.373721,,Geocode Success,"LINZ: 4 Glassonby Road, Northpark, Auckland → -36.9256841, 174.9139537"
2025-10-12T23:49:23.546464,,Geocode Success,"15 Aspatria Place, Northpark, Auckland → matched in LINZ_SQLITE"
2025-10-12T23:49:23.579354,,Geocode Success,"LINZ: 15 Aspatria Place, Northpark, Auckland → -36.92471437, 174.9155052"
2025-10-12T23:49:23.918225,,Geocode Success,"14 Aspatria Place, Northpark, Auckland → matched in LINZ_SQLITE"
2025-10-12T23:49:24.167577,,Geocode Success,"LINZ: 14 Aspatria Place, Northpark, Auckland → -36.92480975, 174.9153328"
2025-10-12T23:49:24.544117,,Geocode Success,"12 Anthony Place, Pakuranga, Auckland → matched in LINZ_SQLITE"
2025-10-12T23:49:24.843033,,Geocode Success,"LINZ: 12 Anthony Place, Pakuranga, Auckland → -36.91422155, 174.8677362"
2025-10-12T23:49:25.712801,,LINZ Miss,"2 Anthony Place, Pakuranga, Auckland → not found in LINZ sources (Auckland-gated)"
2025-10-12T23:49:25.883264,,Geocode Fallback,"LINZ failed for 2 Anthony Place, Pakuranga, Auckland"
2025-10-12T23:49:27.571476,,Geocode Variant Used,geocode.xyz used: Nearby-biased
2025-10-12T23:49:27.742278,,Geocode Success,"geocode.xyz: 2 Anthony Place, Pakuranga, Auckland → lat:-36.91394, lon:174.8686"
2025-10-12T23:49:27.975704,,Geocode Source,"geocode.xyz returned: ('2 Anthony Place, Pakuranga, Auckland', -36.91394, 174.8686, '') for input: 2 Anthony Place, Pakuranga, Auckland"
2025-10-12T23:49:28.366802,,Geocode Success,"42 Aviemore Drive, Highland Park, Auckland → matched in LINZ_SQLITE"
2025-10-12T23:49:28.585946,,Geocode Success,"LINZ: 42 Aviemore Drive, Highland Park, Auckland → -36.90194977, 174.9053192"
2025-10-12T23:49:28.927827,,Geocode Success,"50 Aviemore Drive, Highland Park, Auckland → matched in LINZ_SQLITE"
2025-10-12T23:49:29.099766,,Geocode Success,"LINZ: 50 Aviemore Drive, Highland Park, Auckland → -36.90232013, 174.9052988"
2025-10-12T23:49:29.443653,,Geocode Success,"2 Dale Crescent, Pakuranga, Auckland → matched in LINZ_SQLITE"
2025-10-12T23:49:29.740187,,Geocode Success,"LINZ: 2 Dale Crescent, Pakuranga, Auckland → -36.91477022, 174.8668704"
2025-10-12T23:49:30.113822,,Geocode Success,"2 Spenbrooke Road, Flat Bush, Auckland → matched in LINZ_SQLITE"
2025-10-12T23:49:30.394285,,Geocode Success,"LINZ: 2 Spenbrooke Road, Flat Bush, Auckland → -36.95182723, 174.9082965"
2025-10-12T23:49:30.753824,,Geocode Success,"160 Kohimarama Road, Kohimarama, Auckland → matched in LINZ_SQLITE"
2025-10-12T23:49:31.065535,,Geocode Success,"LINZ: 160 Kohimarama Road, Kohimarama, Auckland → -36.85796797, 174.8370535"
2025-10-12T23:49:31.407512,,Geocode Success,"13 Weri Road, Karaka, Auckland → matched in LINZ_SQLITE"
2025-10-12T23:49:31.671220,,Geocode Success,"LINZ: 13 Weri Road, Karaka, Auckland → -37.09908441, 174.936907"
2025-10-12T23:49:31.949708,,Geocode Success,"19 Hope Farm Avenue, Pakuranga Heights, Auckland → matched in LINZ_SQLITE"
2025-10-12T23:49:32.243891,,Geocode Success,"LINZ: 19 Hope Farm Avenue, Pakuranga Heights, Auckland → -36.9125845, 174.8969052"
2025-10-12T23:49:32.630764,,Geocode Success,"39 Dalwhinnie Parade, Highland Park, Auckland → matched in LINZ_SQLITE"
2025-10-12T23:49:32.923078,,Geocode Success,"LINZ: 39 Dalwhinnie Parade, Highland Park, Auckland → -36.90298093, 174.912626"
2025-10-12T23:49:33.265647,,Geocode Success,"39 Highland Park Drive, Highland Park, Auckland → matched in LINZ_SQLITE"
2025-10-12T23:49:33.544571,,Geocode Success,"LINZ: 39 Highland Park Drive, Highland Park, Auckland → -36.90209405, 174.9118889"
2025-10-12T23:49:33.918798,,Geocode Success,"8 Kincraig Place, Highland Park, Auckland → matched in LINZ_SQLITE"
2025-10-12T23:49:34.182598,,Geocode Success,"LINZ: 8 Kincraig Place, Highland Park, Auckland → -36.9037778, 174.91321"
2025-10-12T23:49:34.958281,,LINZ Miss,"12 Veagh Place, Highland Park, Auckland → not found in LINZ sources (Auckland-gated)"
2025-10-12T23:49:35.143712,,Geocode Fallback,"LINZ failed for 12 Veagh Place, Highland Park, Auckland"
2025-10-12T23:49:36.597897,,Geocode Variant Used,Nominatim used: Nearby-biased
2025-10-12T23:49:36.767290,,Geocode Success,"Nominatim: 12 Veagh Place, Highland Park, Auckland → lat:-36.9044121, lon:174.9090551"
2025-10-12T23:49:36.953013,,Geocode Source,"Nominatim returned: ('Veagh Place, Highland Park, Auckland', -36.9044121, 174.9090551, '2143') for input: 12 Veagh Place, Highland Park, Auckland"
2025-10-12T23:49:37.898876,,LINZ Miss,"18 Veagh Place, Highland Park, Auckland → not found in LINZ sources (Auckland-gated)"
2025-10-12T23:49:38.100851,,Geocode Fallback,"LINZ failed for 18 Veagh Place, Highland Park, Auckland"
2025-10-12T23:49:39.580923,,Geocode Variant Used,Nominatim used: Nearby-biased
2025-10-12T23:49:39.798617,,Geocode Success,"Nominatim: 18 Veagh Place, Highland Park, Auckland → lat:-36.9046617, lon:174.9091933"
2025-10-12T23:49:39.985576,,Geocode Source,"Nominatim returned: ('Veagh Place, Highland Park, Auckland', -36.9046617, 174.9091933, '2143') for input: 18 Veagh Place, Highland Park, Auckland"
2025-10-12T23:49:40.404824,,Geocode Success,"29 Dalwhinnie Parade, Highland Park, Auckland → matched in LINZ_SQLITE"
2025-10-12T23:49:40.623606,,Geocode Success,"LINZ: 29 Dalwhinnie Parade, Highland Park, Auckland → -36.9020446, 174.9146806"
2025-10-12T23:49:41.307928,,LINZ Miss,"60 Highland Park Drive, Highland Park, Auckland → not found in LINZ sources (Auckland-gated)"
2025-10-12T23:49:41.479586,,Geocode Fallback,"LINZ failed for 60 Highland Park Drive, Highland Park, Auckland"
2025-10-12T23:49:43.175754,,Geocode Variant Used,geocode.xyz used: Nearby-biased
2025-10-12T23:49:43.347837,,Geocode Success,"geocode.xyz: 60 Highland Park Drive, Highland Park, Auckland → lat:-36.90222, lon:174.91298"
2025-10-12T23:49:43.471564,,Geocode Source,"geocode.xyz returned: ('60 Highland Park Drive, Highland Park, Auckland', -36.90222, 174.91298, '') for input: 60 Highland Park Drive, Highland Park, Auckland"
2025-10-12T23:49:43.857313,,Geocode Success,"92 Vale Road, Saint Heliers, Auckland → matched in LINZ_SQLITE"
2025-10-12T23:49:44.072989,,Geocode Success,"LINZ: 92 Vale Road, Saint Heliers, Auckland → -36.85422133, 174.8667624"
2025-10-12T23:49:44.397898,,Geocode Success,"101 Aviemore Drive, Highland Park, Auckland → matched in LINZ_SQLITE"
2025-10-12T23:49:44.582631,,Geocode Success,"LINZ: 101 Aviemore Drive, Highland Park, Auckland → -36.90688755, 174.9052152"
2025-10-12T23:49:44.921593,,Geocode Success,"89 Aviemore Drive, Highland Park, Auckland → matched in LINZ_SQLITE"
2025-10-12T23:49:45.168687,,Geocode Success,"LINZ: 89 Aviemore Drive, Highland Park, Auckland → -36.9061917, 174.9049633"
2025-10-12T23:49:45.493567,,Geocode Success,"59 Aviemore Drive, Highland Park, Auckland → matched in LINZ_SQLITE"
2025-10-12T23:49:45.757931,,Geocode Success,"LINZ: 59 Aviemore Drive, Highland Park, Auckland → -36.90421287, 174.9047538"
2025-10-12T23:49:46.180402,,Geocode Success,"21 Belgate Place, Somerville, Auckland → matched in LINZ_SQLITE"
2025-10-12T23:49:46.414560,,Geocode Success,"LINZ: 21 Belgate Place, Somerville, Auckland → -36.91113792, 174.927218"
2025-10-12T23:49:46.682190,,Geocode Success,"23 Palmcrest Grove, Highland Park, Auckland → matched in LINZ_SQLITE"
2025-10-12T23:49:46.948176,,Geocode Success,"LINZ: 23 Palmcrest Grove, Highland Park, Auckland → -36.90239785, 174.9061027"
2025-10-12T23:49:47.257926,,Geocode Success,"702 Pakuranga Road, Howick, Auckland → matched in LINZ_SQLITE"
2025-10-12T23:49:47.476284,,Geocode Success,"LINZ: 702 Pakuranga Road, Howick, Auckland → -36.89882635, 174.9178044"
2025-10-12T23:49:47.789768,,Geocode Success,"68 Alicia Road, Somerville, Auckland → matched in LINZ_SQLITE"
2025-10-12T23:49:47.992299,,Geocode Success,"LINZ: 68 Alicia Road, Somerville, Auckland → -36.91069488, 174.9379552"
2025-10-12T23:49:48.300676,,Geocode Success,"44 Edendale Road, Somerville, Auckland → matched in LINZ_SQLITE"
2025-10-12T23:49:48.578181,,Geocode Success,"LINZ: 44 Edendale Road, Somerville, Auckland → -36.91150113, 174.9290791"
2025-10-12T23:49:48.964969,,Geocode Success,"46 Edendale Road, Somerville, Auckland → matched in LINZ_SQLITE"
2025-10-12T23:49:49.212637,,Geocode Success,"LINZ: 46 Edendale Road, Somerville, Auckland → -36.91126932, 174.9289384"
2025-10-12T23:49:49.508786,,Geocode Success,"2 Belgate Place, Somerville, Auckland → matched in LINZ_SQLITE"
2025-10-12T23:49:49.728914,,Geocode Success,"LINZ: 2 Belgate Place, Somerville, Auckland → -36.91072098, 174.9286089"
2025-10-12T23:49:50.010252,,Geocode Success,"72 Edendale Road, Somerville, Auckland → matched in LINZ_SQLITE"
2025-10-12T23:49:50.246877,,Geocode Success,"LINZ: 72 Edendale Road, Somerville, Auckland → -36.90867618, 174.9305152"
2025-10-12T23:49:50.545170,,Geocode Success,"53 O'Halloran Road, Howick, Auckland → matched in LINZ_SQLITE"
2025-10-12T23:49:50.735437,,Geocode Success,"LINZ: 53 O'Halloran Road, Howick, Auckland → -36.8957141, 174.9206852"
2025-10-12T23:49:51.022525,,Geocode Success,"172 Botany Road, Botany Downs, Auckland → matched in LINZ_SQLITE"
2025-10-12T23:49:51.226410,,Geocode Success,"LINZ: 172 Botany Road, Botany Downs, Auckland → -36.91408478, 174.9161726"
2025-10-12T23:49:51.538783,,Geocode Success,"178 Botany Road, Botany Downs, Auckland → matched in LINZ_SQLITE"
2025-10-12T23:49:51.786151,,Geocode Success,"LINZ: 178 Botany Road, Botany Downs, Auckland → -36.91448028, 174.916341"
2025-10-12T23:49:52.052595,,Geocode Success,"20 Mirrabooka Avenue, Botany Downs, Auckland → matched in LINZ_SQLITE"
2025-10-12T23:49:52.306411,,Geocode Success,"LINZ: 20 Mirrabooka Avenue, Botany Downs, Auckland → -36.91020433, 174.9240548"
2025-10-12T23:49:53.077761,,LINZ Miss,"9 Mirrabooka Avenue, Botany Downs, Auckland → not found in LINZ sources (Auckland-gated)"
2025-10-12T23:49:53.235167,,Geocode Fallback,"LINZ failed for 9 Mirrabooka Avenue, Botany Downs, Auckland"
2025-10-12T23:49:54.686076,,Geocode Variant Used,Nominatim used: Nearby-biased
2025-10-12T23:49:54.904746,,Geocode Success,"Nominatim: 9 Mirrabooka Avenue, Botany Downs, Auckland → lat:-36.9100765, lon:174.9235701"
2025-10-12T23:49:55.120046,,Geocode Source,"Nominatim returned: ('Mirrabooka Avenue, Botany Downs, Auckland', -36.9100765, 174.9235701, '2014') for input: 9 Mirrabooka Avenue, Botany Downs, Auckland"
2025-10-12T23:49:55.599606,,Geocode Success,"14 Mirrabooka Avenue, Botany Downs, Auckland → matched in LINZ_SQLITE"
2025-10-12T23:49:55.863216,,Geocode Success,"LINZ: 14 Mirrabooka Avenue, Botany Downs, Auckland → -36.91004731, 174.9242015"
2025-10-12T23:49:56.189731,,Geocode Success,"13 Bunker Rise, Golflands, Auckland → matched in LINZ_SQLITE"
2025-10-12T23:49:56.421722,,Geocode Success,"LINZ: 13 Bunker Rise, Golflands, Auckland → -36.92868663, 174.9078328"
2025-10-12T23:49:56.764833,,Geocode Success,"4 Bunker Rise, Golflands, Auckland → matched in LINZ_SQLITE"
2025-10-12T23:49:56.979948,,Geocode Success,"LINZ: 4 Bunker Rise, Golflands, Auckland → -36.9289267, 174.9081434"
2025-10-12T23:49:57.306894,,Geocode Success,"2 Nagle Place, Golflands, Auckland → matched in LINZ_SQLITE"
2025-10-12T23:49:57.552226,,Geocode Success,"LINZ: 2 Nagle Place, Golflands, Auckland → -36.92879458, 174.9087673"
2025-10-12T23:49:57.814379,,Geocode Success,"22 Carriage Close, Northpark, Auckland → matched in LINZ_SQLITE"
2025-10-12T23:49:58.063685,,Geocode Success,"LINZ: 22 Carriage Close, Northpark, Auckland → -36.91582802, 174.9226905"
2025-10-12T23:49:58.372130,,Geocode Success,"14 Els Close, Golflands, Auckland → matched in LINZ_SQLITE"
2025-10-12T23:49:58.620401,,Geocode Success,"LINZ: 14 Els Close, Golflands, Auckland → -36.92824297, 174.9080115"
2025-10-12T23:49:58.928823,,Geocode Success,"4 Crescent Hills Court, Northpark, Auckland → matched in LINZ_SQLITE"
2025-10-12T23:49:59.145211,,Geocode Success,"LINZ: 4 Crescent Hills Court, Northpark, Auckland → -36.91851152, 174.9254718"
2025-10-12T23:49:59.443031,,Geocode Success,"18 Royalle Mews, Botany Downs, Auckland → matched in LINZ_SQLITE"
2025-10-12T23:49:59.660105,,Geocode Success,"LINZ: 18 Royalle Mews, Botany Downs, Auckland → -36.90948742, 174.917709"
2025-10-12T23:49:59.985090,,Geocode Success,"5 Kallaroo Place, Botany Downs, Auckland → matched in LINZ_SQLITE"
2025-10-12T23:50:00.204865,,Geocode Success,"LINZ: 5 Kallaroo Place, Botany Downs, Auckland → -36.91326345, 174.9207951"
2025-10-12T23:50:00.515272,,Geocode Success,"8 The Green, Golflands, Auckland → matched in LINZ_SQLITE"
2025-10-12T23:50:00.782260,,Geocode Success,"LINZ: 8 The Green, Golflands, Auckland → -36.91978077, 174.9069734"
2025-10-12T23:50:01.234821,,Geocode Success,"11 Nypa Way, Somerville, Auckland → matched in LINZ_SQLITE"
2025-10-12T23:50:01.467084,,Geocode Success,"LINZ: 11 Nypa Way, Somerville, Auckland → -36.90792988, 174.9323795"
2025-10-12T23:50:01.821662,,Geocode Success,"72 Drake Street, Howick, Auckland → matched in LINZ_SQLITE"
2025-10-12T23:50:02.117198,,Geocode Success,"LINZ: 72 Drake Street, Howick, Auckland → -36.89964167, 174.9298111"
2025-10-12T23:50:02.458372,,Geocode Success,"64 Drake Street, Howick, Auckland → matched in LINZ_SQLITE"
2025-10-12T23:50:02.769626,,Geocode Success,"LINZ: 64 Drake Street, Howick, Auckland → -36.89970628, 174.9306199"
2025-10-12T23:50:03.082907,,Geocode Success,"42 Drake Street, Howick, Auckland → matched in LINZ_SQLITE"
2025-10-12T23:50:03.144630,,Geocode Success,"LINZ: 42 Drake Street, Howick, Auckland → -36.90012817, 174.9321474"
2025-10-12T23:50:03.365834,,Geocode Success,"40 Drake Street, Howick, Auckland → matched in LINZ_SQLITE"
2025-10-12T23:50:03.459813,,Geocode Success,"LINZ: 40 Drake Street, Howick, Auckland → -36.90022498, 174.932335"
2025-10-12T23:50:04.162360,,LINZ Miss,"55 Drake Street, Howick, Auckland → not found in LINZ sources (Auckland-gated)"
2025-10-12T23:50:04.365434,,Geocode Fallback,"LINZ failed for 55 Drake Street, Howick, Auckland"
2025-10-12T23:50:05.590293,,Geocode Failed,"geocode.xyz → 55 Drake Street, Howick, Auckland (invalid)"
2025-10-12T23:50:06.240539,,Geocode Variant Used,Nominatim used: Nearby-biased
2025-10-12T23:50:06.411476,,Geocode Success,"Nominatim: 55 Drake Street, Howick, Auckland → lat:-36.8994521, lon:174.9310961"
2025-10-12T23:50:06.614191,,Geocode Source,"Nominatim returned: ('Drake Street, Howick, Auckland', -36.8994521, 174.9310961, '2014') for input: 55 Drake Street, Howick, Auckland"
2025-10-12T23:50:07.456872,,LINZ Miss,"57 Drake Street, Howick, Auckland → not found in LINZ sources (Auckland-gated)"
2025-10-12T23:50:07.611155,,Geocode Fallback,"LINZ failed for 57 Drake Street, Howick, Auckland"
2025-10-12T23:50:08.933682,,Geocode Failed,"geocode.xyz → 57 Drake Street, Howick, Auckland (invalid)"
2025-10-12T23:50:09.229473,,Geocode Variant Used,Nominatim used: Nearby-biased
2025-10-12T23:50:09.399228,,Geocode Success,"Nominatim: 57 Drake Street, Howick, Auckland → lat:-36.8993359, lon:174.9309502"
2025-10-12T23:50:09.602651,,Geocode Source,"Nominatim returned: ('Drake Street, Howick, Auckland', -36.8993359, 174.9309502, '2014') for input: 57 Drake Street, Howick, Auckland"
2025-10-12T23:50:09.993632,,Geocode Success,"23 Baird Street, Howick, Auckland → matched in LINZ_SQLITE"
2025-10-12T23:50:10.227126,,Geocode Success,"LINZ: 23 Baird Street, Howick, Auckland → -36.90048198, 174.9309772"
2025-10-12T23:50:10.539442,,Geocode Success,"1 Stockade View Lane, Howick, Auckland → matched in LINZ_SQLITE"
2025-10-12T23:50:10.802867,,Geocode Success,"LINZ: 1 Stockade View Lane, Howick, Auckland → -36.8978012, 174.9317788"
2025-10-12T23:50:11.143201,,Geocode Success,"3 Athenry Place, Dannemora, Auckland → matched in LINZ_SQLITE"
2025-10-12T23:50:11.410089,,Geocode Success,"LINZ: 3 Athenry Place, Dannemora, Auckland → -36.92921805, 174.9218251"
2025-10-12T23:50:11.721058,,Geocode Success,"27 Athenry Place, Dannemora, Auckland → matched in LINZ_SQLITE"
2025-10-12T23:50:11.954195,,Geocode Success,"LINZ: 27 Athenry Place, Dannemora, Auckland → -36.9303555, 174.9202783"
2025-10-12T23:50:12.266919,,Geocode Success,"21 Athenry Place, Dannemora, Auckland → matched in LINZ_SQLITE"
2025-10-12T23:50:12.514166,,Geocode Success,"LINZ: 21 Athenry Place, Dannemora, Auckland → -36.92987067, 174.9207648"
2025-10-12T23:50:12.844174,,Geocode Success,"10 Balbriggan Rise, Dannemora, Auckland → matched in LINZ_SQLITE"
2025-10-12T23:50:13.109421,,Geocode Success,"LINZ: 10 Balbriggan Rise, Dannemora, Auckland → -36.93027865, 174.9229539"
2025-10-12T23:50:13.391565,,Geocode Success,"3 Balbriggan Rise, Dannemora, Auckland → matched in LINZ_SQLITE"
2025-10-12T23:50:13.625538,,Geocode Success,"LINZ: 3 Balbriggan Rise, Dannemora, Auckland → -36.93078775, 174.9228258"
2025-10-12T23:50:13.970510,,Geocode Success,"42 Keppoch Court, Dannemora, Auckland → matched in LINZ_SQLITE"
2025-10-12T23:50:14.234091,,Geocode Success,"LINZ: 42 Keppoch Court, Dannemora, Auckland → -36.92766952, 174.9192487"
2025-10-12T23:50:14.545220,,Geocode Success,"30 Botany Road, Howick, Auckland → matched in LINZ_SQLITE"
2025-10-12T23:50:14.809647,,Geocode Success,"LINZ: 30 Botany Road, Howick, Auckland → -36.90142063, 174.9188992"
2025-10-13T00:22:17.552493,,Session Start,Script started and corrections_log.csv initialized.
2025-10-13T00:22:17.559026,,Session Start,Script started and corrections_log.csv initialized.
2025-10-13T00:22:42.116978,,Geocode Success,"7 Sheffield Place, Botany Downs, Auckland → matched in LINZ_SQLITE"
2025-10-13T00:22:42.301338,,Geocode Success,"LINZ: 7 Sheffield Place, Botany Downs, Auckland → -36.9076804, 174.9174203"
2025-10-13T00:22:42.568453,,Geocode Success,"65 Aviemore Drive, Highland Park, Auckland → matched in LINZ_SQLITE"
2025-10-13T00:22:42.818559,,Geocode Success,"LINZ: 65 Aviemore Drive, Highland Park, Auckland → -36.90476862, 174.9047863"
2025-10-13T00:22:43.130041,,Geocode Success,"58 Tarnica Road, Northpark, Auckland → matched in LINZ_SQLITE"
2025-10-13T00:22:43.408256,,Geocode Success,"LINZ: 58 Tarnica Road, Northpark, Auckland → -36.92629249, 174.9144777"
2025-10-13T00:22:43.795870,,Geocode Success,"10 Fencotie Place, Northpark, Auckland → matched in LINZ_SQLITE"
2025-10-13T00:22:44.026376,,Geocode Success,"LINZ: 10 Fencotie Place, Northpark, Auckland → -36.92733825, 174.9133632"
2025-10-13T00:22:44.333600,,Geocode Success,"4 Glassonby Road, Northpark, Auckland → matched in LINZ_SQLITE"
2025-10-13T00:22:44.598777,,Geocode Success,"LINZ: 4 Glassonby Road, Northpark, Auckland → -36.9256841, 174.9139537"
2025-10-13T00:22:44.966174,,Geocode Success,"15 Aspatria Place, Northpark, Auckland → matched in LINZ_SQLITE"
2025-10-13T00:22:45.135231,,Geocode Success,"LINZ: 15 Aspatria Place, Northpark, Auckland → -36.92471437, 174.9155052"
2025-10-13T00:22:45.480960,,Geocode Success,"14 Aspatria Place, Northpark, Auckland → matched in LINZ_SQLITE"
2025-10-13T00:22:45.699268,,Geocode Success,"LINZ: 14 Aspatria Place, Northpark, Auckland → -36.92480975, 174.9153328"
2025-10-13T00:22:46.010657,,Geocode Success,"12 Anthony Place, Pakuranga, Auckland → matched in LINZ_SQLITE"
2025-10-13T00:22:46.242329,,Geocode Success,"LINZ: 12 Anthony Place, Pakuranga, Auckland → -36.91422155, 174.8677362"
2025-10-13T00:22:47.126399,,LINZ Miss,"2 Anthony Place, Pakuranga, Auckland → not found in LINZ sources (Auckland-gated)"
2025-10-13T00:22:47.328264,,Geocode Fallback,"LINZ failed for 2 Anthony Place, Pakuranga, Auckland"
2025-10-13T00:22:48.890126,,Geocode Variant Used,geocode.xyz used: Nearby-biased
2025-10-13T00:22:49.061529,,Geocode Success,"geocode.xyz: 2 Anthony Place, Pakuranga, Auckland → lat:-36.91394, lon:174.8686"
2025-10-13T00:22:49.292965,,Geocode Source,"geocode.xyz returned: ('2 Anthony Place, Pakuranga, Auckland', -36.91394, 174.8686, '') for input: 2 Anthony Place, Pakuranga, Auckland"
2025-10-13T00:22:49.694883,,Geocode Success,"42 Aviemore Drive, Highland Park, Auckland → matched in LINZ_SQLITE"
2025-10-13T00:22:49.909457,,Geocode Success,"LINZ: 42 Aviemore Drive, Highland Park, Auckland → -36.90194977, 174.9053192"
2025-10-13T00:22:50.200328,,Geocode Success,"50 Aviemore Drive, Highland Park, Auckland → matched in LINZ_SQLITE"
2025-10-13T00:22:50.446866,,Geocode Success,"LINZ: 50 Aviemore Drive, Highland Park, Auckland → -36.90232013, 174.9052988"
2025-10-13T00:22:50.813201,,Geocode Success,"2 Dale Crescent, Pakuranga, Auckland → matched in LINZ_SQLITE"
2025-10-13T00:22:51.042460,,Geocode Success,"LINZ: 2 Dale Crescent, Pakuranga, Auckland → -36.91477022, 174.8668704"
2025-10-13T00:22:51.396137,,Geocode Success,"2 Spenbrooke Road, Flat Bush, Auckland → matched in LINZ_SQLITE"
2025-10-13T00:22:51.674355,,Geocode Success,"LINZ: 2 Spenbrooke Road, Flat Bush, Auckland → -36.95182723, 174.9082965"
2025-10-13T00:22:51.980618,,Geocode Success,"160 Kohimarama Road, Kohimarama, Auckland → matched in LINZ_SQLITE"
2025-10-13T00:22:52.211103,,Geocode Success,"LINZ: 160 Kohimarama Road, Kohimarama, Auckland → -36.85796797, 174.8370535"
2025-10-13T00:22:52.549103,,Geocode Success,"13 Weri Road, Karaka, Auckland → matched in LINZ_SQLITE"
2025-10-13T00:22:52.779857,,Geocode Success,"LINZ: 13 Weri Road, Karaka, Auckland → -37.09908441, 174.936907"
2025-10-13T00:22:53.055986,,Geocode Success,"19 Hope Farm Avenue, Pakuranga Heights, Auckland → matched in LINZ_SQLITE"
2025-10-13T00:22:53.269830,,Geocode Success,"LINZ: 19 Hope Farm Avenue, Pakuranga Heights, Auckland → -36.9125845, 174.8969052"
2025-10-13T00:22:53.576830,,Geocode Success,"39 Dalwhinnie Parade, Highland Park, Auckland → matched in LINZ_SQLITE"
2025-10-13T00:22:53.855165,,Geocode Success,"LINZ: 39 Dalwhinnie Parade, Highland Park, Auckland → -36.90298093, 174.912626"
2025-10-13T00:22:54.227235,,Geocode Success,"39 Highland Park Drive, Highland Park, Auckland → matched in LINZ_SQLITE"
2025-10-13T00:22:54.508910,,Geocode Success,"LINZ: 39 Highland Park Drive, Highland Park, Auckland → -36.90209405, 174.9118889"
2025-10-13T00:22:54.849105,,Geocode Success,"8 Kincraig Place, Highland Park, Auckland → matched in LINZ_SQLITE"
2025-10-13T00:22:55.082299,,Geocode Success,"LINZ: 8 Kincraig Place, Highland Park, Auckland → -36.9037778, 174.91321"
2025-10-13T00:22:55.922812,,LINZ Miss,"12 Veagh Place, Highland Park, Auckland → not found in LINZ sources (Auckland-gated)"
2025-10-13T00:22:56.093504,,Geocode Fallback,"LINZ failed for 12 Veagh Place, Highland Park, Auckland"
2025-10-13T00:22:57.530325,,Geocode Variant Used,Nominatim used: Nearby-biased
2025-10-13T00:22:57.665389,,Geocode Success,"Nominatim: 12 Veagh Place, Highland Park, Auckland → lat:-36.9044703, lon:174.9090124"
2025-10-13T00:22:57.765169,,Geocode Source,"Nominatim returned: ('Veagh Place, Highland Park, Auckland', -36.9044703, 174.9090124, '2143') for input: 12 Veagh Place, Highland Park, Auckland"
2025-10-13T00:22:58.810001,,LINZ Miss,"18 Veagh Place, Highland Park, Auckland → not found in LINZ sources (Auckland-gated)"
2025-10-13T00:22:58.996573,,Geocode Fallback,"LINZ failed for 18 Veagh Place, Highland Park, Auckland"
2025-10-13T00:23:00.651931,,Geocode Variant Used,Nominatim used: Nearby-biased
2025-10-13T00:23:00.852149,,Geocode Success,"Nominatim: 18 Veagh Place, Highland Park, Auckland → lat:-36.9046617, lon:174.9091933"
2025-10-13T00:23:01.040979,,Geocode Source,"Nominatim returned: ('Veagh Place, Highland Park, Auckland', -36.9046617, 174.9091933, '2143') for input: 18 Veagh Place, Highland Park, Auckland"
2025-10-13T00:23:01.442844,,Geocode Success,"29 Dalwhinnie Parade, Highland Park, Auckland → matched in LINZ_SQLITE"
2025-10-13T00:23:01.677768,,Geocode Success,"LINZ: 29 Dalwhinnie Parade, Highland Park, Auckland → -36.9020446, 174.9146806"
2025-10-13T00:23:02.427068,,LINZ Miss,"60 Highland Park Drive, Highland Park, Auckland → not found in LINZ sources (Auckland-gated)"
2025-10-13T00:23:02.631686,,Geocode Fallback,"LINZ failed for 60 Highland Park Drive, Highland Park, Auckland"
2025-10-13T00:23:04.299183,,Geocode Variant Used,Nominatim used: Nearby-biased
2025-10-13T00:23:04.468164,,Geocode Success,"Nominatim: 60 Highland Park Drive, Highland Park, Auckland → lat:-36.9021058, lon:174.913071"
2025-10-13T00:23:04.656100,,Geocode Source,"Nominatim returned: ('Highland Park Drive, Highland Park, Auckland', -36.9021058, 174.913071, '2143') for input: 60 Highland Park Drive, Highland Park, Auckland"
2025-10-13T00:23:05.015619,,Geocode Success,"92 Vale Road, Saint Heliers, Auckland → matched in LINZ_SQLITE"
2025-10-13T00:23:05.248024,,Geocode Success,"LINZ: 92 Vale Road, Saint Heliers, Auckland → -36.85422133, 174.8667624"
2025-10-13T00:23:05.573838,,Geocode Success,"101 Aviemore Drive, Highland Park, Auckland → matched in LINZ_SQLITE"
2025-10-13T00:23:05.821873,,Geocode Success,"LINZ: 101 Aviemore Drive, Highland Park, Auckland → -36.90688755, 174.9052152"
2025-10-13T00:23:06.147139,,Geocode Success,"89 Aviemore Drive, Highland Park, Auckland → matched in LINZ_SQLITE"
2025-10-13T00:23:06.392833,,Geocode Success,"LINZ: 89 Aviemore Drive, Highland Park, Auckland → -36.9061917, 174.9049633"
2025-10-13T00:23:06.702003,,Geocode Success,"59 Aviemore Drive, Highland Park, Auckland → matched in LINZ_SQLITE"
2025-10-13T00:23:06.983116,,Geocode Success,"LINZ: 59 Aviemore Drive, Highland Park, Auckland → -36.90421287, 174.9047538"
2025-10-13T00:23:07.277839,,Geocode Success,"21 Belgate Place, Somerville, Auckland → matched in LINZ_SQLITE"
2025-10-13T00:23:07.525183,,Geocode Success,"LINZ: 21 Belgate Place, Somerville, Auckland → -36.91113792, 174.927218"
2025-10-13T00:23:07.804489,,Geocode Success,"23 Palmcrest Grove, Highland Park, Auckland → matched in LINZ_SQLITE"
2025-10-13T00:23:08.037004,,Geocode Success,"LINZ: 23 Palmcrest Grove, Highland Park, Auckland → -36.90239785, 174.9061027"
2025-10-13T00:23:08.349518,,Geocode Success,"702 Pakuranga Road, Howick, Auckland → matched in LINZ_SQLITE"
2025-10-13T00:23:08.691073,,Geocode Success,"LINZ: 702 Pakuranga Road, Howick, Auckland → -36.89882635, 174.9178044"
2025-10-13T00:23:09.001307,,Geocode Success,"68 Alicia Road, Somerville, Auckland → matched in LINZ_SQLITE"
2025-10-13T00:23:09.267261,,Geocode Success,"LINZ: 68 Alicia Road, Somerville, Auckland → -36.91069488, 174.9379552"
2025-10-13T00:23:09.608090,,Geocode Success,"44 Edendale Road, Somerville, Auckland → matched in LINZ_SQLITE"
2025-10-13T00:23:09.825136,,Geocode Success,"LINZ: 44 Edendale Road, Somerville, Auckland → -36.91150113, 174.9290791"
2025-10-13T00:23:10.103965,,Geocode Success,"46 Edendale Road, Somerville, Auckland → matched in LINZ_SQLITE"
2025-10-13T00:23:10.380075,,Geocode Success,"LINZ: 46 Edendale Road, Somerville, Auckland → -36.91126932, 174.9289384"
2025-10-13T00:23:10.780546,,Geocode Success,"2 Belgate Place, Somerville, Auckland → matched in LINZ_SQLITE"
2025-10-13T00:23:11.055095,,Geocode Success,"LINZ: 2 Belgate Place, Somerville, Auckland → -36.91072098, 174.9286089"
2025-10-13T00:23:11.410505,,Geocode Success,"72 Edendale Road, Somerville, Auckland → matched in LINZ_SQLITE"
2025-10-13T00:23:11.673169,,Geocode Success,"LINZ: 72 Edendale Road, Somerville, Auckland → -36.90867618, 174.9305152"
2025-10-13T00:23:11.951591,,Geocode Success,"53 O'Halloran Road, Howick, Auckland → matched in LINZ_SQLITE"
2025-10-13T00:23:12.214509,,Geocode Success,"LINZ: 53 O'Halloran Road, Howick, Auckland → -36.8957141, 174.9206852"
2025-10-13T00:23:12.604872,,Geocode Success,"172 Botany Road, Botany Downs, Auckland → matched in LINZ_SQLITE"
2025-10-13T00:23:12.867925,,Geocode Success,"LINZ: 172 Botany Road, Botany Downs, Auckland → -36.91408478, 174.9161726"
2025-10-13T00:23:13.175642,,Geocode Success,"178 Botany Road, Botany Downs, Auckland → matched in LINZ_SQLITE"
2025-10-13T00:23:13.408622,,Geocode Success,"LINZ: 178 Botany Road, Botany Downs, Auckland → -36.91448028, 174.916341"
2025-10-13T00:23:13.730850,,Geocode Success,"20 Mirrabooka Avenue, Botany Downs, Auckland → matched in LINZ_SQLITE"
2025-10-13T00:23:14.012616,,Geocode Success,"LINZ: 20 Mirrabooka Avenue, Botany Downs, Auckland → -36.91020433, 174.9240548"
2025-10-13T00:23:14.903572,,LINZ Miss,"9 Mirrabooka Avenue, Botany Downs, Auckland → not found in LINZ sources (Auckland-gated)"
2025-10-13T00:23:15.147255,,Geocode Fallback,"LINZ failed for 9 Mirrabooka Avenue, Botany Downs, Auckland"
2025-10-13T00:23:16.671769,,Geocode Variant Used,Nominatim used: Nearby-biased
2025-10-13T00:23:16.859730,,Geocode Success,"Nominatim: 9 Mirrabooka Avenue, Botany Downs, Auckland → lat:-36.9100765, lon:174.9235701"
2025-10-13T00:23:17.031431,,Geocode Source,"Nominatim returned: ('Mirrabooka Avenue, Botany Downs, Auckland', -36.9100765, 174.9235701, '2014') for input: 9 Mirrabooka Avenue, Botany Downs, Auckland"
2025-10-13T00:23:17.468029,,Geocode Success,"14 Mirrabooka Avenue, Botany Downs, Auckland → matched in LINZ_SQLITE"
2025-10-13T00:23:17.701397,,Geocode Success,"LINZ: 14 Mirrabooka Avenue, Botany Downs, Auckland → -36.91004731, 174.9242015"
2025-10-13T00:23:18.044361,,Geocode Success,"13 Bunker Rise, Golflands, Auckland → matched in LINZ_SQLITE"
2025-10-13T00:23:18.262551,,Geocode Success,"LINZ: 13 Bunker Rise, Golflands, Auckland → -36.92868663, 174.9078328"
2025-10-13T00:23:18.573380,,Geocode Success,"4 Bunker Rise, Golflands, Auckland → matched in LINZ_SQLITE"
2025-10-13T00:23:18.742200,,Geocode Success,"LINZ: 4 Bunker Rise, Golflands, Auckland → -36.9289267, 174.9081434"
2025-10-13T00:23:19.054156,,Geocode Success,"2 Nagle Place, Golflands, Auckland → matched in LINZ_SQLITE"
2025-10-13T00:23:19.287601,,Geocode Success,"LINZ: 2 Nagle Place, Golflands, Auckland → -36.92879458, 174.9087673"
2025-10-13T00:23:19.648555,,Geocode Success,"22 Carriage Close, Northpark, Auckland → matched in LINZ_SQLITE"
2025-10-13T00:23:19.846906,,Geocode Success,"LINZ: 22 Carriage Close, Northpark, Auckland → -36.91582802, 174.9226905"
2025-10-13T00:23:20.127042,,Geocode Success,"14 Els Close, Golflands, Auckland → matched in LINZ_SQLITE"
2025-10-13T00:23:20.375593,,Geocode Success,"LINZ: 14 Els Close, Golflands, Auckland → -36.92824297, 174.9080115"
2025-10-13T00:23:20.719387,,Geocode Success,"4 Crescent Hills Court, Northpark, Auckland → matched in LINZ_SQLITE"
2025-10-13T00:23:20.999181,,Geocode Success,"LINZ: 4 Crescent Hills Court, Northpark, Auckland → -36.91851152, 174.9254718"
2025-10-13T00:23:21.323434,,Geocode Success,"18 Royalle Mews, Botany Downs, Auckland → matched in LINZ_SQLITE"
2025-10-13T00:23:21.618346,,Geocode Success,"LINZ: 18 Royalle Mews, Botany Downs, Auckland → -36.90948742, 174.917709"
2025-10-13T00:23:21.944121,,Geocode Success,"5 Kallaroo Place, Botany Downs, Auckland → matched in LINZ_SQLITE"
2025-10-13T00:23:22.208506,,Geocode Success,"LINZ: 5 Kallaroo Place, Botany Downs, Auckland → -36.91326345, 174.9207951"
2025-10-13T00:23:22.553719,,Geocode Success,"8 The Green, Golflands, Auckland → matched in LINZ_SQLITE"
2025-10-13T00:23:22.817028,,Geocode Success,"LINZ: 8 The Green, Golflands, Auckland → -36.91978077, 174.9069734"
2025-10-13T00:23:23.175746,,Geocode Success,"11 Nypa Way, Somerville, Auckland → matched in LINZ_SQLITE"
2025-10-13T00:23:23.453534,,Geocode Success,"LINZ: 11 Nypa Way, Somerville, Auckland → -36.90792988, 174.9323795"
2025-10-13T00:23:23.795473,,Geocode Success,"72 Drake Street, Howick, Auckland → matched in LINZ_SQLITE"
2025-10-13T00:23:24.026431,,Geocode Success,"LINZ: 72 Drake Street, Howick, Auckland → -36.89964167, 174.9298111"
2025-10-13T00:23:24.320763,,Geocode Success,"64 Drake Street, Howick, Auckland → matched in LINZ_SQLITE"
2025-10-13T00:23:24.584996,,Geocode Success,"LINZ: 64 Drake Street, Howick, Auckland → -36.89970628, 174.9306199"
2025-10-13T00:23:24.927323,,Geocode Success,"42 Drake Street, Howick, Auckland → matched in LINZ_SQLITE"
2025-10-13T00:23:25.145096,,Geocode Success,"LINZ: 42 Drake Street, Howick, Auckland → -36.90012817, 174.9321474"
2025-10-13T00:23:25.501159,,Geocode Success,"40 Drake Street, Howick, Auckland → matched in LINZ_SQLITE"
2025-10-13T00:23:25.750536,,Geocode Success,"LINZ: 40 Drake Street, Howick, Auckland → -36.90022498, 174.932335"
2025-10-13T00:23:26.526471,,LINZ Miss,"55 Drake Street, Howick, Auckland → not found in LINZ sources (Auckland-gated)"
2025-10-13T00:23:26.747642,,Geocode Fallback,"LINZ failed for 55 Drake Street, Howick, Auckland"
2025-10-13T00:23:28.042786,,Geocode Failed,"geocode.xyz → 55 Drake Street, Howick, Auckland (invalid)"
2025-10-13T00:23:28.305825,,Geocode Variant Used,Nominatim used: Nearby-biased
2025-10-13T00:23:28.462769,,Geocode Success,"Nominatim: 55 Drake Street, Howick, Auckland → lat:-36.8990928, lon:174.9312515"
2025-10-13T00:23:28.682472,,Geocode Source,"Nominatim returned: ('Drake Street, Howick, Auckland', -36.8990928, 174.9312515, '2014') for input: 55 Drake Street, Howick, Auckland"
2025-10-13T00:23:29.585154,,LINZ Miss,"57 Drake Street, Howick, Auckland → not found in LINZ sources (Auckland-gated)"
2025-10-13T00:23:29.803303,,Geocode Fallback,"LINZ failed for 57 Drake Street, Howick, Auckland"
2025-10-13T00:23:31.046646,,Geocode Failed,"geocode.xyz → 57 Drake Street, Howick, Auckland (invalid)"
2025-10-13T00:23:31.484238,,Geocode Variant Used,Nominatim used: Nearby-biased
2025-10-13T00:23:31.655934,,Geocode Success,"Nominatim: 57 Drake Street, Howick, Auckland → lat:-36.8992533, lon:174.9309928"
2025-10-13T00:23:31.827586,,Geocode Source,"Nominatim returned: ('Drake Street, Howick, Auckland', -36.8992533, 174.9309928, '2014') for input: 57 Drake Street, Howick, Auckland"
2025-10-13T00:23:32.235511,,Geocode Success,"23 Baird Street, Howick, Auckland → matched in LINZ_SQLITE"
2025-10-13T00:23:32.466719,,Geocode Success,"LINZ: 23 Baird Street, Howick, Auckland → -36.90048198, 174.9309772"
2025-10-13T00:23:32.796472,,Geocode Success,"1 Stockade View Lane, Howick, Auckland → matched in LINZ_SQLITE"
2025-10-13T00:23:33.085198,,Geocode Success,"LINZ: 1 Stockade View Lane, Howick, Auckland → -36.8978012, 174.9317788"
2025-10-13T00:23:33.365840,,Geocode Success,"3 Athenry Place, Dannemora, Auckland → matched in LINZ_SQLITE"
2025-10-13T00:23:33.581330,,Geocode Success,"LINZ: 3 Athenry Place, Dannemora, Auckland → -36.92921805, 174.9218251"
2025-10-13T00:23:33.858465,,Geocode Success,"27 Athenry Place, Dannemora, Auckland → matched in LINZ_SQLITE"
2025-10-13T00:23:34.091127,,Geocode Success,"LINZ: 27 Athenry Place, Dannemora, Auckland → -36.9303555, 174.9202783"
2025-10-13T00:23:34.444670,,Geocode Success,"21 Athenry Place, Dannemora, Auckland → matched in LINZ_SQLITE"
2025-10-13T00:23:34.693043,,Geocode Success,"LINZ: 21 Athenry Place, Dannemora, Auckland → -36.92987067, 174.9207648"
2025-10-13T00:23:35.036737,,Geocode Success,"10 Balbriggan Rise, Dannemora, Auckland → matched in LINZ_SQLITE"
2025-10-13T00:23:35.311054,,Geocode Success,"LINZ: 10 Balbriggan Rise, Dannemora, Auckland → -36.93027865, 174.9229539"
2025-10-13T00:23:35.617886,,Geocode Success,"3 Balbriggan Rise, Dannemora, Auckland → matched in LINZ_SQLITE"
2025-10-13T00:23:35.820761,,Geocode Success,"LINZ: 3 Balbriggan Rise, Dannemora, Auckland → -36.93078775, 174.9228258"
2025-10-13T00:23:36.131741,,Geocode Success,"42 Keppoch Court, Dannemora, Auckland → matched in LINZ_SQLITE"
2025-10-13T00:23:36.410685,,Geocode Success,"LINZ: 42 Keppoch Court, Dannemora, Auckland → -36.92766952, 174.9192487"
2025-10-13T00:23:36.768619,,Geocode Success,"30 Botany Road, Howick, Auckland → matched in LINZ_SQLITE"
2025-10-13T00:23:36.956115,,Geocode Success,"LINZ: 30 Botany Road, Howick, Auckland → -36.90142063, 174.9188992"
2025-10-13T00:24:42.038955,,Session Start,Script started and corrections_log.csv initialized.
2025-10-13T00:24:42.046095,,Session Start,Script started and corrections_log.csv initialized.
2025-10-13T00:25:02.085077,,Geocode Success,"7 Sheffield Place, Botany Downs, Auckland → matched in LINZ_SQLITE"
2025-10-13T00:25:02.351435,,Geocode Success,"LINZ: 7 Sheffield Place, Botany Downs, Auckland → -36.9076804, 174.9174203"
2025-10-13T00:25:02.646579,,Geocode Success,"65 Aviemore Drive, Highland Park, Auckland → matched in LINZ_SQLITE"
2025-10-13T00:25:02.883187,,Geocode Success,"LINZ: 65 Aviemore Drive, Highland Park, Auckland → -36.90476862, 174.9047863"
2025-10-13T00:25:03.152948,,Geocode Success,"58 Tarnica Road, Northpark, Auckland → matched in LINZ_SQLITE"
2025-10-13T00:25:03.388402,,Geocode Success,"LINZ: 58 Tarnica Road, Northpark, Auckland → -36.92629249, 174.9144777"
2025-10-13T00:25:03.642164,,Geocode Success,"10 Fencotie Place, Northpark, Auckland → matched in LINZ_SQLITE"
2025-10-13T00:25:03.892433,,Geocode Success,"LINZ: 10 Fencotie Place, Northpark, Auckland → -36.92733825, 174.9133632"
2025-10-13T00:25:04.112327,,Geocode Success,"4 Glassonby Road, Northpark, Auckland → matched in LINZ_SQLITE"
2025-10-13T00:25:04.316024,,Geocode Success,"LINZ: 4 Glassonby Road, Northpark, Auckland → -36.9256841, 174.9139537"
2025-10-13T00:25:04.585498,,Geocode Success,"15 Aspatria Place, Northpark, Auckland → matched in LINZ_SQLITE"
2025-10-13T00:25:04.852414,,Geocode Success,"LINZ: 15 Aspatria Place, Northpark, Auckland → -36.92471437, 174.9155052"
2025-10-13T00:25:05.120331,,Geocode Success,"14 Aspatria Place, Northpark, Auckland → matched in LINZ_SQLITE"
2025-10-13T00:25:05.339634,,Geocode Success,"LINZ: 14 Aspatria Place, Northpark, Auckland → -36.92480975, 174.9153328"
2025-10-13T00:25:05.623215,,Geocode Success,"12 Anthony Place, Pakuranga, Auckland → matched in LINZ_SQLITE"
2025-10-13T00:25:05.870809,,Geocode Success,"LINZ: 12 Anthony Place, Pakuranga, Auckland → -36.91422155, 174.8677362"
2025-10-13T00:25:06.640585,,LINZ Miss,"2 Anthony Place, Pakuranga, Auckland → not found in LINZ sources (Auckland-gated)"
2025-10-13T00:25:06.797980,,Geocode Fallback,"LINZ failed for 2 Anthony Place, Pakuranga, Auckland"
2025-10-13T00:25:08.485784,,Geocode Variant Used,geocode.xyz used: Nearby-biased
2025-10-13T00:25:08.669568,,Geocode Success,"geocode.xyz: 2 Anthony Place, Pakuranga, Auckland → lat:-36.91394, lon:174.8686"
2025-10-13T00:25:08.836979,,Geocode Source,"geocode.xyz returned: ('2 Anthony Place, Pakuranga, Auckland', -36.91394, 174.8686, '') for input: 2 Anthony Place, Pakuranga, Auckland"
2025-10-13T00:25:09.212845,,Geocode Success,"42 Aviemore Drive, Highland Park, Auckland → matched in LINZ_SQLITE"
2025-10-13T00:25:09.450059,,Geocode Success,"LINZ: 42 Aviemore Drive, Highland Park, Auckland → -36.90194977, 174.9053192"
2025-10-13T00:25:09.764378,,Geocode Success,"50 Aviemore Drive, Highland Park, Auckland → matched in LINZ_SQLITE"
2025-10-13T00:25:10.016592,,Geocode Success,"LINZ: 50 Aviemore Drive, Highland Park, Auckland → -36.90232013, 174.9052988"
2025-10-13T00:25:10.345867,,Geocode Success,"2 Dale Crescent, Pakuranga, Auckland → matched in LINZ_SQLITE"
2025-10-13T00:25:10.483916,,Geocode Success,"LINZ: 2 Dale Crescent, Pakuranga, Auckland → -36.91477022, 174.8668704"
2025-10-13T00:25:10.830717,,Geocode Success,"2 Spenbrooke Road, Flat Bush, Auckland → matched in LINZ_SQLITE"
2025-10-13T00:25:11.034029,,Geocode Success,"LINZ: 2 Spenbrooke Road, Flat Bush, Auckland → -36.95182723, 174.9082965"
2025-10-13T00:25:11.301206,,Geocode Success,"160 Kohimarama Road, Kohimarama, Auckland → matched in LINZ_SQLITE"
2025-10-13T00:25:11.535911,,Geocode Success,"LINZ: 160 Kohimarama Road, Kohimarama, Auckland → -36.85796797, 174.8370535"
2025-10-13T00:25:11.787151,,Geocode Success,"13 Weri Road, Karaka, Auckland → matched in LINZ_SQLITE"
2025-10-13T00:25:12.022813,,Geocode Success,"LINZ: 13 Weri Road, Karaka, Auckland → -37.09908441, 174.936907"
2025-10-13T00:25:12.353639,,Geocode Success,"19 Hope Farm Avenue, Pakuranga Heights, Auckland → matched in LINZ_SQLITE"
2025-10-13T00:25:12.586152,,Geocode Success,"LINZ: 19 Hope Farm Avenue, Pakuranga Heights, Auckland → -36.9125845, 174.8969052"
2025-10-13T00:25:12.900409,,Geocode Success,"39 Dalwhinnie Parade, Highland Park, Auckland → matched in LINZ_SQLITE"
2025-10-13T00:25:13.104363,,Geocode Success,"LINZ: 39 Dalwhinnie Parade, Highland Park, Auckland → -36.90298093, 174.912626"
2025-10-13T00:25:13.465767,,Geocode Success,"39 Highland Park Drive, Highland Park, Auckland → matched in LINZ_SQLITE"
2025-10-13T00:25:13.716812,,Geocode Success,"LINZ: 39 Highland Park Drive, Highland Park, Auckland → -36.90209405, 174.9118889"
2025-10-13T00:25:13.984355,,Geocode Success,"8 Kincraig Place, Highland Park, Auckland → matched in LINZ_SQLITE"
2025-10-13T00:25:14.235333,,Geocode Success,"LINZ: 8 Kincraig Place, Highland Park, Auckland → -36.9037778, 174.91321"
2025-10-13T00:25:14.895194,,LINZ Miss,"12 Veagh Place, Highland Park, Auckland → not found in LINZ sources (Auckland-gated)"
2025-10-13T00:25:15.054297,,Geocode Fallback,"LINZ failed for 12 Veagh Place, Highland Park, Auckland"
2025-10-13T00:25:16.484466,,Geocode Variant Used,Nominatim used: Nearby-biased
2025-10-13T00:25:16.672446,,Geocode Success,"Nominatim: 12 Veagh Place, Highland Park, Auckland → lat:-36.9044703, lon:174.9090124"
2025-10-13T00:25:16.830658,,Geocode Source,"Nominatim returned: ('Veagh Place, Highland Park, Auckland', -36.9044703, 174.9090124, '2143') for input: 12 Veagh Place, Highland Park, Auckland"
2025-10-13T00:25:17.679941,,LINZ Miss,"18 Veagh Place, Highland Park, Auckland → not found in LINZ sources (Auckland-gated)"
2025-10-13T00:25:17.821360,,Geocode Fallback,"LINZ failed for 18 Veagh Place, Highland Park, Auckland"
2025-10-13T00:25:18.904393,,Geocode Failed,"geocode.xyz → 18 Veagh Place, Highland Park, Auckland (invalid)"
2025-10-13T00:25:19.235943,,Geocode Variant Used,Nominatim used: Nearby-biased
2025-10-13T00:25:19.361559,,Geocode Success,"Nominatim: 18 Veagh Place, Highland Park, Auckland → lat:-36.9046617, lon:174.9091933"
2025-10-13T00:25:19.487254,,Geocode Source,"Nominatim returned: ('Veagh Place, Highland Park, Auckland', -36.9046617, 174.9091933, '2143') for input: 18 Veagh Place, Highland Park, Auckland"
2025-10-13T00:25:19.897639,,Geocode Success,"29 Dalwhinnie Parade, Highland Park, Auckland → matched in LINZ_SQLITE"
2025-10-13T00:25:20.134217,,Geocode Success,"LINZ: 29 Dalwhinnie Parade, Highland Park, Auckland → -36.9020446, 174.9146806"
2025-10-13T00:25:20.814706,,LINZ Miss,"60 Highland Park Drive, Highland Park, Auckland → not found in LINZ sources (Auckland-gated)"
2025-10-13T00:25:20.958124,,Geocode Fallback,"LINZ failed for 60 Highland Park Drive, Highland Park, Auckland"
2025-10-13T00:25:22.196976,,Geocode Failed,"geocode.xyz → 60 Highland Park Drive, Highland Park, Auckland (invalid)"
2025-10-13T00:25:22.494949,,Geocode Variant Used,Nominatim used: Nearby-biased
2025-10-13T00:25:22.765184,,Geocode Success,"Nominatim: 60 Highland Park Drive, Highland Park, Auckland → lat:-36.9021058, lon:174.913071"
2025-10-13T00:25:22.979532,,Geocode Source,"Nominatim returned: ('Highland Park Drive, Highland Park, Auckland', -36.9021058, 174.913071, '2143') for input: 60 Highland Park Drive, Highland Park, Auckland"
2025-10-13T00:25:23.300201,,Geocode Success,"92 Vale Road, Saint Heliers, Auckland → matched in LINZ_SQLITE"
2025-10-13T00:25:23.580550,,Geocode Success,"LINZ: 92 Vale Road, Saint Heliers, Auckland → -36.85422133, 174.8667624"
2025-10-13T00:25:23.889882,,Geocode Success,"101 Aviemore Drive, Highland Park, Auckland → matched in LINZ_SQLITE"
2025-10-13T00:25:24.105492,,Geocode Success,"LINZ: 101 Aviemore Drive, Highland Park, Auckland → -36.90688755, 174.9052152"
2025-10-13T00:25:24.309097,,Geocode Success,"89 Aviemore Drive, Highland Park, Auckland → matched in LINZ_SQLITE"
2025-10-13T00:25:24.543229,,Geocode Success,"LINZ: 89 Aviemore Drive, Highland Park, Auckland → -36.9061917, 174.9049633"
2025-10-13T00:25:24.856621,,Geocode Success,"59 Aviemore Drive, Highland Park, Auckland → matched in LINZ_SQLITE"
2025-10-13T00:25:25.104126,,Geocode Success,"LINZ: 59 Aviemore Drive, Highland Park, Auckland → -36.90421287, 174.9047538"
2025-10-13T00:25:25.385203,,Geocode Success,"21 Belgate Place, Somerville, Auckland → matched in LINZ_SQLITE"
2025-10-13T00:25:25.602407,,Geocode Success,"LINZ: 21 Belgate Place, Somerville, Auckland → -36.91113792, 174.927218"
2025-10-13T00:25:25.902572,,Geocode Success,"23 Palmcrest Grove, Highland Park, Auckland → matched in LINZ_SQLITE"
2025-10-13T00:25:26.075952,,Geocode Success,"LINZ: 23 Palmcrest Grove, Highland Park, Auckland → -36.90239785, 174.9061027"
2025-10-13T00:25:26.421436,,Geocode Success,"702 Pakuranga Road, Howick, Auckland → matched in LINZ_SQLITE"
2025-10-13T00:25:26.675064,,Geocode Success,"LINZ: 702 Pakuranga Road, Howick, Auckland → -36.89882635, 174.9178044"
2025-10-13T00:25:26.972326,,Geocode Success,"68 Alicia Road, Somerville, Auckland → matched in LINZ_SQLITE"
2025-10-13T00:25:27.206943,,Geocode Success,"LINZ: 68 Alicia Road, Somerville, Auckland → -36.91069488, 174.9379552"
2025-10-13T00:25:27.519673,,Geocode Success,"44 Edendale Road, Somerville, Auckland → matched in LINZ_SQLITE"
2025-10-13T00:25:27.755284,,Geocode Success,"LINZ: 44 Edendale Road, Somerville, Auckland → -36.91150113, 174.9290791"
2025-10-13T00:25:28.053897,,Geocode Success,"46 Edendale Road, Somerville, Auckland → matched in LINZ_SQLITE"
2025-10-13T00:25:28.257386,,Geocode Success,"LINZ: 46 Edendale Road, Somerville, Auckland → -36.91126932, 174.9289384"
2025-10-13T00:25:28.558432,,Geocode Success,"2 Belgate Place, Somerville, Auckland → matched in LINZ_SQLITE"
2025-10-13T00:25:28.794961,,Geocode Success,"LINZ: 2 Belgate Place, Somerville, Auckland → -36.91072098, 174.9286089"
2025-10-13T00:25:29.078295,,Geocode Success,"72 Edendale Road, Somerville, Auckland → matched in LINZ_SQLITE"
2025-10-13T00:25:29.329150,,Geocode Success,"LINZ: 72 Edendale Road, Somerville, Auckland → -36.90867618, 174.9305152"
2025-10-13T00:25:29.565966,,Geocode Success,"53 O'Halloran Road, Howick, Auckland → matched in LINZ_SQLITE"
2025-10-13T00:25:29.864748,,Geocode Success,"LINZ: 53 O'Halloran Road, Howick, Auckland → -36.8957141, 174.9206852"
2025-10-13T00:25:30.180882,,Geocode Success,"172 Botany Road, Botany Downs, Auckland → matched in LINZ_SQLITE"
2025-10-13T00:25:30.323170,,Geocode Success,"LINZ: 172 Botany Road, Botany Downs, Auckland → -36.91408478, 174.9161726"
2025-10-13T00:25:30.634880,,Geocode Success,"178 Botany Road, Botany Downs, Auckland → matched in LINZ_SQLITE"
2025-10-13T00:25:30.824022,,Geocode Success,"LINZ: 178 Botany Road, Botany Downs, Auckland → -36.91448028, 174.916341"
2025-10-13T00:25:31.120411,,Geocode Success,"20 Mirrabooka Avenue, Botany Downs, Auckland → matched in LINZ_SQLITE"
2025-10-13T00:25:31.324885,,Geocode Success,"LINZ: 20 Mirrabooka Avenue, Botany Downs, Auckland → -36.91020433, 174.9240548"
2025-10-13T00:25:32.077322,,LINZ Miss,"9 Mirrabooka Avenue, Botany Downs, Auckland → not found in LINZ sources (Auckland-gated)"
2025-10-13T00:25:32.203701,,Geocode Fallback,"LINZ failed for 9 Mirrabooka Avenue, Botany Downs, Auckland"
2025-10-13T00:25:33.557702,,Geocode Variant Used,Nominatim used: Nearby-biased
2025-10-13T00:25:33.684419,,Geocode Success,"Nominatim: 9 Mirrabooka Avenue, Botany Downs, Auckland → lat:-36.9100765, lon:174.9235701"
2025-10-13T00:25:33.827603,,Geocode Source,"Nominatim returned: ('Mirrabooka Avenue, Botany Downs, Auckland', -36.9100765, 174.9235701, '2014') for input: 9 Mirrabooka Avenue, Botany Downs, Auckland"
2025-10-13T00:25:34.174672,,Geocode Success,"14 Mirrabooka Avenue, Botany Downs, Auckland → matched in LINZ_SQLITE"
2025-10-13T00:25:34.382642,,Geocode Success,"LINZ: 14 Mirrabooka Avenue, Botany Downs, Auckland → -36.91004731, 174.9242015"
2025-10-13T00:25:34.647790,,Geocode Success,"13 Bunker Rise, Golflands, Auckland → matched in LINZ_SQLITE"
2025-10-13T00:25:34.885125,,Geocode Success,"LINZ: 13 Bunker Rise, Golflands, Auckland → -36.92868663, 174.9078328"
2025-10-13T00:25:35.184168,,Geocode Success,"4 Bunker Rise, Golflands, Auckland → matched in LINZ_SQLITE"
2025-10-13T00:25:35.404034,,Geocode Success,"LINZ: 4 Bunker Rise, Golflands, Auckland → -36.9289267, 174.9081434"
2025-10-13T00:25:35.747507,,Geocode Success,"2 Nagle Place, Golflands, Auckland → matched in LINZ_SQLITE"
2025-10-13T00:25:36.000551,,Geocode Success,"LINZ: 2 Nagle Place, Golflands, Auckland → -36.92879458, 174.9087673"
2025-10-13T00:25:36.299225,,Geocode Success,"22 Carriage Close, Northpark, Auckland → matched in LINZ_SQLITE"
2025-10-13T00:25:36.471983,,Geocode Success,"LINZ: 22 Carriage Close, Northpark, Auckland → -36.91582802, 174.9226905"
2025-10-13T00:25:36.785017,,Geocode Success,"14 Els Close, Golflands, Auckland → matched in LINZ_SQLITE"
2025-10-13T00:25:37.099674,,Geocode Success,"LINZ: 14 Els Close, Golflands, Auckland → -36.92824297, 174.9080115"
2025-10-13T00:25:37.457872,,Geocode Success,"4 Crescent Hills Court, Northpark, Auckland → matched in LINZ_SQLITE"
2025-10-13T00:25:37.726400,,Geocode Success,"LINZ: 4 Crescent Hills Court, Northpark, Auckland → -36.91851152, 174.9254718"
2025-10-13T00:25:37.946663,,Geocode Success,"18 Royalle Mews, Botany Downs, Auckland → matched in LINZ_SQLITE"
2025-10-13T00:25:38.228869,,Geocode Success,"LINZ: 18 Royalle Mews, Botany Downs, Auckland → -36.90948742, 174.917709"
2025-10-13T00:25:38.616830,,Geocode Success,"5 Kallaroo Place, Botany Downs, Auckland → matched in LINZ_SQLITE"
2025-10-13T00:25:38.805697,,Geocode Success,"LINZ: 5 Kallaroo Place, Botany Downs, Auckland → -36.91326345, 174.9207951"
2025-10-13T00:25:39.118633,,Geocode Success,"8 The Green, Golflands, Auckland → matched in LINZ_SQLITE"
2025-10-13T00:25:39.336832,,Geocode Success,"LINZ: 8 The Green, Golflands, Auckland → -36.91978077, 174.9069734"
2025-10-13T00:25:39.652341,,Geocode Success,"11 Nypa Way, Somerville, Auckland → matched in LINZ_SQLITE"
2025-10-13T00:25:39.900398,,Geocode Success,"LINZ: 11 Nypa Way, Somerville, Auckland → -36.90792988, 174.9323795"
2025-10-13T00:25:40.183283,,Geocode Success,"72 Drake Street, Howick, Auckland → matched in LINZ_SQLITE"
2025-10-13T00:25:40.370339,,Geocode Success,"LINZ: 72 Drake Street, Howick, Auckland → -36.89964167, 174.9298111"
2025-10-13T00:25:40.635300,,Geocode Success,"64 Drake Street, Howick, Auckland → matched in LINZ_SQLITE"
2025-10-13T00:25:40.807602,,Geocode Success,"LINZ: 64 Drake Street, Howick, Auckland → -36.89970628, 174.9306199"
2025-10-13T00:25:41.058862,,Geocode Success,"42 Drake Street, Howick, Auckland → matched in LINZ_SQLITE"
2025-10-13T00:25:41.307933,,Geocode Success,"LINZ: 42 Drake Street, Howick, Auckland → -36.90012817, 174.9321474"
2025-10-13T00:25:41.592705,,Geocode Success,"40 Drake Street, Howick, Auckland → matched in LINZ_SQLITE"
2025-10-13T00:25:41.815153,,Geocode Success,"LINZ: 40 Drake Street, Howick, Auckland → -36.90022498, 174.932335"
2025-10-13T00:25:42.489216,,LINZ Miss,"55 Drake Street, Howick, Auckland → not found in LINZ sources (Auckland-gated)"
2025-10-13T00:25:42.629716,,Geocode Fallback,"LINZ failed for 55 Drake Street, Howick, Auckland"
2025-10-13T00:25:43.697027,,Geocode Failed,"geocode.xyz → 55 Drake Street, Howick, Auckland (invalid)"
2025-10-13T00:25:44.247713,,Geocode Variant Used,Nominatim used: Nearby-biased
2025-10-13T00:25:44.435664,,Geocode Success,"Nominatim: 55 Drake Street, Howick, Auckland → lat:-36.8990928, lon:174.9312515"
2025-10-13T00:25:44.577724,,Geocode Source,"Nominatim returned: ('Drake Street, Howick, Auckland', -36.8990928, 174.9312515, '2014') for input: 55 Drake Street, Howick, Auckland"
2025-10-13T00:25:45.346267,,LINZ Miss,"57 Drake Street, Howick, Auckland → not found in LINZ sources (Auckland-gated)"
2025-10-13T00:25:45.519672,,Geocode Fallback,"LINZ failed for 57 Drake Street, Howick, Auckland"
2025-10-13T00:25:46.679485,,Geocode Failed,"geocode.xyz → 57 Drake Street, Howick, Auckland (invalid)"
2025-10-13T00:25:47.122020,,Geocode Variant Used,Nominatim used: Nearby-biased
2025-10-13T00:25:47.311327,,Geocode Success,"Nominatim: 57 Drake Street, Howick, Auckland → lat:-36.8992533, lon:174.9309928"
2025-10-13T00:25:47.484066,,Geocode Source,"Nominatim returned: ('Drake Street, Howick, Auckland', -36.8992533, 174.9309928, '2014') for input: 57 Drake Street, Howick, Auckland"
2025-10-13T00:25:47.911142,,Geocode Success,"23 Baird Street, Howick, Auckland → matched in LINZ_SQLITE"
2025-10-13T00:25:48.175221,,Geocode Success,"LINZ: 23 Baird Street, Howick, Auckland → -36.90048198, 174.9309772"
2025-10-13T00:25:48.443099,,Geocode Success,"1 Stockade View Lane, Howick, Auckland → matched in LINZ_SQLITE"
2025-10-13T00:25:48.678843,,Geocode Success,"LINZ: 1 Stockade View Lane, Howick, Auckland → -36.8978012, 174.9317788"
2025-10-13T00:25:48.993115,,Geocode Success,"3 Athenry Place, Dannemora, Auckland → matched in LINZ_SQLITE"
2025-10-13T00:25:49.231216,,Geocode Success,"LINZ: 3 Athenry Place, Dannemora, Auckland → -36.92921805, 174.9218251"
2025-10-13T00:25:49.562254,,Geocode Success,"27 Athenry Place, Dannemora, Auckland → matched in LINZ_SQLITE"
2025-10-13T00:25:49.753666,,Geocode Success,"LINZ: 27 Athenry Place, Dannemora, Auckland → -36.9303555, 174.9202783"
2025-10-13T00:25:50.035861,,Geocode Success,"21 Athenry Place, Dannemora, Auckland → matched in LINZ_SQLITE"
2025-10-13T00:25:50.258140,,Geocode Success,"LINZ: 21 Athenry Place, Dannemora, Auckland → -36.92987067, 174.9207648"
2025-10-13T00:25:50.524690,,Geocode Success,"10 Balbriggan Rise, Dannemora, Auckland → matched in LINZ_SQLITE"
2025-10-13T00:25:50.762893,,Geocode Success,"LINZ: 10 Balbriggan Rise, Dannemora, Auckland → -36.93027865, 174.9229539"
2025-10-13T00:25:51.094137,,Geocode Success,"3 Balbriggan Rise, Dannemora, Auckland → matched in LINZ_SQLITE"
2025-10-13T00:25:51.331248,,Geocode Success,"LINZ: 3 Balbriggan Rise, Dannemora, Auckland → -36.93078775, 174.9228258"
2025-10-13T00:25:51.659612,,Geocode Success,"42 Keppoch Court, Dannemora, Auckland → matched in LINZ_SQLITE"
2025-10-13T00:25:51.910098,,Geocode Success,"LINZ: 42 Keppoch Court, Dannemora, Auckland → -36.92766952, 174.9192487"
2025-10-13T00:25:52.266634,,Geocode Success,"30 Botany Road, Howick, Auckland → matched in LINZ_SQLITE"
2025-10-13T00:25:52.577513,,Geocode Success,"LINZ: 30 Botany Road, Howick, Auckland → -36.90142063, 174.9188992"
2025-10-16T14:21:34.156697,,Session Start,Script started and corrections_log.csv initialized.
2025-10-16T14:21:34.164133,,Session Start,Script started and corrections_log.csv initialized.
2025-10-16T14:21:55.084881,,Geocode Success,"7 Sheffield Place, Botany Downs, Auckland → matched in LINZ_SQLITE"
2025-10-16T14:21:55.320320,,Geocode Success,"LINZ: 7 Sheffield Place, Botany Downs, Auckland → -36.9076804, 174.9174203"
2025-10-16T14:21:55.771914,,Geocode Success,"65 Aviemore Drive, Highland Park, Auckland → matched in LINZ_SQLITE"
2025-10-16T14:21:55.964147,,Geocode Success,"LINZ: 65 Aviemore Drive, Highland Park, Auckland → -36.90476862, 174.9047863"
2025-10-16T14:21:56.370566,,Geocode Success,"58 Tarnica Road, Northpark, Auckland → matched in LINZ_SQLITE"
2025-10-16T14:21:56.606612,,Geocode Success,"LINZ: 58 Tarnica Road, Northpark, Auckland → -36.92629249, 174.9144777"
2025-10-16T14:21:57.246554,,Geocode Success,"10 Fencotie Place, Northpark, Auckland → matched in LINZ_SQLITE"
2025-10-16T14:21:57.531462,,Geocode Success,"LINZ: 10 Fencotie Place, Northpark, Auckland → -36.92733825, 174.9133632"
2025-10-16T14:21:58.046113,,Geocode Success,"4 Glassonby Road, Northpark, Auckland → matched in LINZ_SQLITE"
2025-10-16T14:21:58.266529,,Geocode Success,"LINZ: 4 Glassonby Road, Northpark, Auckland → -36.9256841, 174.9139537"
2025-10-16T14:21:58.736864,,Geocode Success,"15 Aspatria Place, Northpark, Auckland → matched in LINZ_SQLITE"
2025-10-16T14:21:58.956114,,Geocode Success,"LINZ: 15 Aspatria Place, Northpark, Auckland → -36.92471437, 174.9155052"
2025-10-16T14:21:59.359291,,Geocode Success,"14 Aspatria Place, Northpark, Auckland → matched in LINZ_SQLITE"
2025-10-16T14:21:59.595043,,Geocode Success,"LINZ: 14 Aspatria Place, Northpark, Auckland → -36.92480975, 174.9153328"
2025-10-16T14:22:00.188321,,Geocode Success,"12 Anthony Place, Pakuranga, Auckland → matched in LINZ_SQLITE"
2025-10-16T14:22:00.424388,,Geocode Success,"LINZ: 12 Anthony Place, Pakuranga, Auckland → -36.91422155, 174.8677362"
2025-10-16T14:22:10.054888,,LINZ Miss,"2 Anthony Place, Pakuranga, Auckland → not found in LINZ sources (Auckland-gated)"
2025-10-16T14:22:10.245549,,Geocode Fallback,"LINZ failed for 2 Anthony Place, Pakuranga, Auckland"
2025-10-16T14:22:11.917132,,Geocode Variant Used,Nominatim used: Nearby-biased
2025-10-16T14:22:12.068389,,Geocode Success,"Nominatim: 2 Anthony Place, Pakuranga, Auckland → lat:-36.9141854, lon:174.8684727"
2025-10-16T14:22:12.182998,,Geocode Source,"Nominatim returned: ('Anthony Place, Pakūranga, Auckland', -36.9141854, 174.8684727, '2010') for input: 2 Anthony Place, Pakuranga, Auckland"
2025-10-16T14:22:16.939001,,Geocode Success,"42 Aviemore Drive, Highland Park, Auckland → matched in LINZ_SQLITE"
2025-10-16T14:22:17.159446,,Geocode Success,"LINZ: 42 Aviemore Drive, Highland Park, Auckland → -36.90194977, 174.9053192"
2025-10-16T14:22:17.460499,,Geocode Success,"50 Aviemore Drive, Highland Park, Auckland → matched in LINZ_SQLITE"
2025-10-16T14:22:17.678328,,Geocode Success,"LINZ: 50 Aviemore Drive, Highland Park, Auckland → -36.90232013, 174.9052988"
2025-10-16T14:22:17.991303,,Geocode Success,"2 Dale Crescent, Pakuranga, Auckland → matched in LINZ_SQLITE"
2025-10-16T14:22:18.196460,,Geocode Success,"LINZ: 2 Dale Crescent, Pakuranga, Auckland → -36.91477022, 174.8668704"
2025-10-16T14:22:18.571931,,Geocode Success,"2 Spenbrooke Road, Flat Bush, Auckland → matched in LINZ_SQLITE"
2025-10-16T14:22:18.759079,,Geocode Success,"LINZ: 2 Spenbrooke Road, Flat Bush, Auckland → -36.95182723, 174.9082965"
2025-10-16T14:22:19.005963,,Geocode Success,"160 Kohimarama Road, Kohimarama, Auckland → matched in LINZ_SQLITE"
2025-10-16T14:22:19.255735,,Geocode Success,"LINZ: 160 Kohimarama Road, Kohimarama, Auckland → -36.85796797, 174.8370535"
2025-10-16T14:22:19.552461,,Geocode Success,"13 Weri Road, Karaka, Auckland → matched in LINZ_SQLITE"
2025-10-16T14:22:19.771211,,Geocode Success,"LINZ: 13 Weri Road, Karaka, Auckland → -37.09908441, 174.936907"
2025-10-16T14:22:20.110958,,Geocode Success,"19 Hope Farm Avenue, Pakuranga Heights, Auckland → matched in LINZ_SQLITE"
2025-10-16T14:22:20.284473,,Geocode Success,"LINZ: 19 Hope Farm Avenue, Pakuranga Heights, Auckland → -36.9125845, 174.8969052"
2025-10-16T14:22:20.600008,,Geocode Success,"39 Dalwhinnie Parade, Highland Park, Auckland → matched in LINZ_SQLITE"
2025-10-16T14:22:20.804079,,Geocode Success,"LINZ: 39 Dalwhinnie Parade, Highland Park, Auckland → -36.90298093, 174.912626"
2025-10-16T14:22:21.147402,,Geocode Success,"39 Highland Park Drive, Highland Park, Auckland → matched in LINZ_SQLITE"
2025-10-16T14:22:21.386664,,Geocode Success,"LINZ: 39 Highland Park Drive, Highland Park, Auckland → -36.90209405, 174.9118889"
2025-10-16T14:22:21.687041,,Geocode Success,"8 Kincraig Place, Highland Park, Auckland → matched in LINZ_SQLITE"
2025-10-16T14:22:21.925033,,Geocode Success,"LINZ: 8 Kincraig Place, Highland Park, Auckland → -36.9037778, 174.91321"
2025-10-16T14:22:22.659835,,LINZ Miss,"12 Veagh Place, Highland Park, Auckland → not found in LINZ sources (Auckland-gated)"
2025-10-16T14:22:22.800910,,Geocode Fallback,"LINZ failed for 12 Veagh Place, Highland Park, Auckland"
2025-10-16T14:22:24.286540,,Geocode Variant Used,Nominatim used: Nearby-biased
2025-10-16T14:22:24.473985,,Geocode Success,"Nominatim: 12 Veagh Place, Highland Park, Auckland → lat:-36.9044121, lon:174.9090551"
2025-10-16T14:22:24.599962,,Geocode Source,"Nominatim returned: ('Veagh Place, Highland Park, Auckland', -36.9044121, 174.9090551, '2143') for input: 12 Veagh Place, Highland Park, Auckland"
2025-10-16T14:22:25.379015,,LINZ Miss,"18 Veagh Place, Highland Park, Auckland → not found in LINZ sources (Auckland-gated)"
2025-10-16T14:22:25.550941,,Geocode Fallback,"LINZ failed for 18 Veagh Place, Highland Park, Auckland"
2025-10-16T14:22:27.190279,,Geocode Variant Used,Nominatim used: Nearby-biased
2025-10-16T14:22:27.363932,,Geocode Success,"Nominatim: 18 Veagh Place, Highland Park, Auckland → lat:-36.9046617, lon:174.9091933"
2025-10-16T14:22:27.567659,,Geocode Source,"Nominatim returned: ('Veagh Place, Highland Park, Auckland', -36.9046617, 174.9091933, '2143') for input: 18 Veagh Place, Highland Park, Auckland"
2025-10-16T14:22:27.983915,,Geocode Success,"29 Dalwhinnie Parade, Highland Park, Auckland → matched in LINZ_SQLITE"
2025-10-16T14:22:28.237085,,Geocode Success,"LINZ: 29 Dalwhinnie Parade, Highland Park, Auckland → -36.9020446, 174.9146806"
2025-10-16T14:22:28.847730,,LINZ Miss,"60 Highland Park Drive, Highland Park, Auckland → not found in LINZ sources (Auckland-gated)"
2025-10-16T14:22:29.021630,,Geocode Fallback,"LINZ failed for 60 Highland Park Drive, Highland Park, Auckland"
2025-10-16T14:22:30.686352,,Geocode Variant Used,Nominatim used: Nearby-biased
2025-10-16T14:22:30.828392,,Geocode Success,"Nominatim: 60 Highland Park Drive, Highland Park, Auckland → lat:-36.9022471, lon:174.9129474"
2025-10-16T14:22:31.036353,,Geocode Source,"Nominatim returned: ('Highland Park Drive, Highland Park, Auckland', -36.9022471, 174.9129474, '2143') for input: 60 Highland Park Drive, Highland Park, Auckland"
2025-10-16T14:22:31.398760,,Geocode Success,"92 Vale Road, Saint Heliers, Auckland → matched in LINZ_SQLITE"
2025-10-16T14:22:31.650230,,Geocode Success,"LINZ: 92 Vale Road, Saint Heliers, Auckland → -36.85422133, 174.8667624"
2025-10-16T14:22:31.965877,,Geocode Success,"101 Aviemore Drive, Highland Park, Auckland → matched in LINZ_SQLITE"
2025-10-16T14:22:32.154135,,Geocode Success,"LINZ: 101 Aviemore Drive, Highland Park, Auckland → -36.90688755, 174.9052152"
2025-10-16T14:22:32.435942,,Geocode Success,"89 Aviemore Drive, Highland Park, Auckland → matched in LINZ_SQLITE"
2025-10-16T14:22:32.594503,,Geocode Success,"LINZ: 89 Aviemore Drive, Highland Park, Auckland → -36.9061917, 174.9049633"
2025-10-16T14:22:32.940230,,Geocode Success,"59 Aviemore Drive, Highland Park, Auckland → matched in LINZ_SQLITE"
2025-10-16T14:22:33.193953,,Geocode Success,"LINZ: 59 Aviemore Drive, Highland Park, Auckland → -36.90421287, 174.9047538"
2025-10-16T14:22:33.523316,,Geocode Success,"21 Belgate Place, Somerville, Auckland → matched in LINZ_SQLITE"
2025-10-16T14:22:33.699857,,Geocode Success,"LINZ: 21 Belgate Place, Somerville, Auckland → -36.91113792, 174.927218"
2025-10-16T14:22:34.015747,,Geocode Success,"23 Palmcrest Grove, Highland Park, Auckland → matched in LINZ_SQLITE"
2025-10-16T14:22:34.282623,,Geocode Success,"LINZ: 23 Palmcrest Grove, Highland Park, Auckland → -36.90239785, 174.9061027"
2025-10-16T14:22:34.596424,,Geocode Success,"702 Pakuranga Road, Howick, Auckland → matched in LINZ_SQLITE"
2025-10-16T14:22:34.831858,,Geocode Success,"LINZ: 702 Pakuranga Road, Howick, Auckland → -36.89882635, 174.9178044"
2025-10-16T14:22:35.162051,,Geocode Success,"68 Alicia Road, Somerville, Auckland → matched in LINZ_SQLITE"
2025-10-16T14:22:35.430792,,Geocode Success,"LINZ: 68 Alicia Road, Somerville, Auckland → -36.91069488, 174.9379552"
2025-10-16T14:22:35.731541,,Geocode Success,"44 Edendale Road, Somerville, Auckland → matched in LINZ_SQLITE"
2025-10-16T14:22:35.980297,,Geocode Success,"LINZ: 44 Edendale Road, Somerville, Auckland → -36.91150113, 174.9290791"
2025-10-16T14:22:36.341886,,Geocode Success,"46 Edendale Road, Somerville, Auckland → matched in LINZ_SQLITE"
2025-10-16T14:22:36.596095,,Geocode Success,"LINZ: 46 Edendale Road, Somerville, Auckland → -36.91126932, 174.9289384"
2025-10-16T14:22:36.877419,,Geocode Success,"2 Belgate Place, Somerville, Auckland → matched in LINZ_SQLITE"
2025-10-16T14:22:37.096484,,Geocode Success,"LINZ: 2 Belgate Place, Somerville, Auckland → -36.91072098, 174.9286089"
2025-10-16T14:22:37.460722,,Geocode Success,"72 Edendale Road, Somerville, Auckland → matched in LINZ_SQLITE"
2025-10-16T14:22:37.709371,,Geocode Success,"LINZ: 72 Edendale Road, Somerville, Auckland → -36.90867618, 174.9305152"
2025-10-16T14:22:38.042408,,Geocode Success,"53 O'Halloran Road, Howick, Auckland → matched in LINZ_SQLITE"
2025-10-16T14:22:38.260618,,Geocode Success,"LINZ: 53 O'Halloran Road, Howick, Auckland → -36.8957141, 174.9206852"
2025-10-16T14:22:38.557261,,Geocode Success,"172 Botany Road, Botany Downs, Auckland → matched in LINZ_SQLITE"
2025-10-16T14:22:38.777023,,Geocode Success,"LINZ: 172 Botany Road, Botany Downs, Auckland → -36.91408478, 174.9161726"
2025-10-16T14:22:39.124281,,Geocode Success,"178 Botany Road, Botany Downs, Auckland → matched in LINZ_SQLITE"
2025-10-16T14:22:39.342755,,Geocode Success,"LINZ: 178 Botany Road, Botany Downs, Auckland → -36.91448028, 174.916341"
2025-10-16T14:22:39.686064,,Geocode Success,"20 Mirrabooka Avenue, Botany Downs, Auckland → matched in LINZ_SQLITE"
2025-10-16T14:22:39.860008,,Geocode Success,"LINZ: 20 Mirrabooka Avenue, Botany Downs, Auckland → -36.91020433, 174.9240548"
2025-10-16T14:22:40.536263,,LINZ Miss,"9 Mirrabooka Avenue, Botany Downs, Auckland → not found in LINZ sources (Auckland-gated)"
2025-10-16T14:22:40.726937,,Geocode Fallback,"LINZ failed for 9 Mirrabooka Avenue, Botany Downs, Auckland"
2025-10-16T14:22:42.199748,,Geocode Variant Used,Nominatim used: Nearby-biased
2025-10-16T14:22:42.371386,,Geocode Success,"Nominatim: 9 Mirrabooka Avenue, Botany Downs, Auckland → lat:-36.9100765, lon:174.9235701"
2025-10-16T14:22:42.546035,,Geocode Source,"Nominatim returned: ('Mirrabooka Avenue, Botany Downs, Auckland', -36.9100765, 174.9235701, '2014') for input: 9 Mirrabooka Avenue, Botany Downs, Auckland"
2025-10-16T14:22:43.207709,,Geocode Success,"14 Mirrabooka Avenue, Botany Downs, Auckland → matched in LINZ_SQLITE"
2025-10-16T14:22:43.461740,,Geocode Success,"LINZ: 14 Mirrabooka Avenue, Botany Downs, Auckland → -36.91004731, 174.9242015"
2025-10-16T14:22:43.837048,,Geocode Success,"13 Bunker Rise, Golflands, Auckland → matched in LINZ_SQLITE"
2025-10-16T14:22:44.040562,,Geocode Success,"LINZ: 13 Bunker Rise, Golflands, Auckland → -36.92868663, 174.9078328"
2025-10-16T14:22:44.320665,,Geocode Success,"4 Bunker Rise, Golflands, Auckland → matched in LINZ_SQLITE"
2025-10-16T14:22:44.509966,,Geocode Success,"LINZ: 4 Bunker Rise, Golflands, Auckland → -36.9289267, 174.9081434"
2025-10-16T14:22:44.787208,,Geocode Success,"2 Nagle Place, Golflands, Auckland → matched in LINZ_SQLITE"
2025-10-16T14:22:45.039311,,Geocode Success,"LINZ: 2 Nagle Place, Golflands, Auckland → -36.92879458, 174.9087673"
2025-10-16T14:22:45.336235,,Geocode Success,"22 Carriage Close, Northpark, Auckland → matched in LINZ_SQLITE"
2025-10-16T14:22:45.557738,,Geocode Success,"LINZ: 22 Carriage Close, Northpark, Auckland → -36.91582802, 174.9226905"
2025-10-16T14:22:45.884147,,Geocode Success,"14 Els Close, Golflands, Auckland → matched in LINZ_SQLITE"
2025-10-16T14:22:46.104576,,Geocode Success,"LINZ: 14 Els Close, Golflands, Auckland → -36.92824297, 174.9080115"
2025-10-16T14:22:46.442000,,Geocode Success,"4 Crescent Hills Court, Northpark, Auckland → matched in LINZ_SQLITE"
2025-10-16T14:22:46.708948,,Geocode Success,"LINZ: 4 Crescent Hills Court, Northpark, Auckland → -36.91851152, 174.9254718"
2025-10-16T14:22:47.006893,,Geocode Success,"18 Royalle Mews, Botany Downs, Auckland → matched in LINZ_SQLITE"
2025-10-16T14:22:47.223056,,Geocode Success,"LINZ: 18 Royalle Mews, Botany Downs, Auckland → -36.90948742, 174.917709"
2025-10-16T14:22:47.536664,,Geocode Success,"5 Kallaroo Place, Botany Downs, Auckland → matched in LINZ_SQLITE"
2025-10-16T14:22:47.756752,,Geocode Success,"LINZ: 5 Kallaroo Place, Botany Downs, Auckland → -36.91326345, 174.9207951"
2025-10-16T14:22:48.087254,,Geocode Success,"8 The Green, Golflands, Auckland → matched in LINZ_SQLITE"
2025-10-16T14:22:48.337553,,Geocode Success,"LINZ: 8 The Green, Golflands, Auckland → -36.91978077, 174.9069734"
2025-10-16T14:22:48.682415,,Geocode Success,"11 Nypa Way, Somerville, Auckland → matched in LINZ_SQLITE"
2025-10-16T14:22:48.853485,,Geocode Success,"LINZ: 11 Nypa Way, Somerville, Auckland → -36.90792988, 174.9323795"
2025-10-16T14:22:49.139554,,Geocode Success,"72 Drake Street, Howick, Auckland → matched in LINZ_SQLITE"
2025-10-16T14:22:49.356153,,Geocode Success,"LINZ: 72 Drake Street, Howick, Auckland → -36.89964167, 174.9298111"
2025-10-16T14:22:49.697625,,Geocode Success,"64 Drake Street, Howick, Auckland → matched in LINZ_SQLITE"
2025-10-16T14:22:49.963250,,Geocode Success,"LINZ: 64 Drake Street, Howick, Auckland → -36.89970628, 174.9306199"
2025-10-16T14:22:50.354438,,Geocode Success,"42 Drake Street, Howick, Auckland → matched in LINZ_SQLITE"
2025-10-16T14:22:50.591499,,Geocode Success,"LINZ: 42 Drake Street, Howick, Auckland → -36.90012817, 174.9321474"
2025-10-16T14:22:50.871779,,Geocode Success,"40 Drake Street, Howick, Auckland → matched in LINZ_SQLITE"
2025-10-16T14:22:51.058192,,Geocode Success,"LINZ: 40 Drake Street, Howick, Auckland → -36.90022498, 174.932335"
2025-10-16T14:22:51.794996,,LINZ Miss,"55 Drake Street, Howick, Auckland → not found in LINZ sources (Auckland-gated)"
2025-10-16T14:22:51.967914,,Geocode Fallback,"LINZ failed for 55 Drake Street, Howick, Auckland"
2025-10-16T14:22:53.598368,,Geocode Variant Used,Nominatim used: Nearby-biased
2025-10-16T14:22:53.770024,,Geocode Success,"Nominatim: 55 Drake Street, Howick, Auckland → lat:-36.8993706, lon:174.9311347"
2025-10-16T14:22:53.911153,,Geocode Source,"Nominatim returned: ('Drake Street, Howick, Auckland', -36.8993706, 174.9311347, '2014') for input: 55 Drake Street, Howick, Auckland"
2025-10-16T14:22:54.681303,,LINZ Miss,"57 Drake Street, Howick, Auckland → not found in LINZ sources (Auckland-gated)"
2025-10-16T14:22:54.854900,,Geocode Fallback,"LINZ failed for 57 Drake Street, Howick, Auckland"
2025-10-16T14:22:56.446059,,Geocode Variant Used,geocode.xyz used: Nearby-biased
2025-10-16T14:22:56.620033,,Geocode Success,"geocode.xyz: 57 Drake Street, Howick, Auckland → lat:-36.89945, lon:174.93089"
2025-10-16T14:22:56.744266,,Geocode Source,"geocode.xyz returned: ('57 Drake Street, Howick, Auckland', -36.89945, 174.93089, '') for input: 57 Drake Street, Howick, Auckland"
2025-10-16T14:22:57.214662,,Geocode Success,"23 Baird Street, Howick, Auckland → matched in LINZ_SQLITE"
2025-10-16T14:22:57.421242,,Geocode Success,"LINZ: 23 Baird Street, Howick, Auckland → -36.90048198, 174.9309772"
2025-10-16T14:22:57.767768,,Geocode Success,"1 Stockade View Lane, Howick, Auckland → matched in LINZ_SQLITE"
2025-10-16T14:22:58.003964,,Geocode Success,"LINZ: 1 Stockade View Lane, Howick, Auckland → -36.8978012, 174.9317788"
2025-10-16T14:22:58.347436,,Geocode Success,"3 Athenry Place, Dannemora, Auckland → matched in LINZ_SQLITE"
2025-10-16T14:22:58.563188,,Geocode Success,"LINZ: 3 Athenry Place, Dannemora, Auckland → -36.92921805, 174.9218251"
2025-10-16T14:22:58.863303,,Geocode Success,"27 Athenry Place, Dannemora, Auckland → matched in LINZ_SQLITE"
2025-10-16T14:22:59.128193,,Geocode Success,"LINZ: 27 Athenry Place, Dannemora, Auckland → -36.9303555, 174.9202783"
2025-10-16T14:22:59.488515,,Geocode Success,"21 Athenry Place, Dannemora, Auckland → matched in LINZ_SQLITE"
2025-10-16T14:22:59.742104,,Geocode Success,"LINZ: 21 Athenry Place, Dannemora, Auckland → -36.92987067, 174.9207648"
2025-10-16T14:23:00.073823,,Geocode Success,"10 Balbriggan Rise, Dannemora, Auckland → matched in LINZ_SQLITE"
2025-10-16T14:23:00.276110,,Geocode Success,"LINZ: 10 Balbriggan Rise, Dannemora, Auckland → -36.93027865, 174.9229539"
2025-10-16T14:23:00.679606,,Geocode Success,"3 Balbriggan Rise, Dannemora, Auckland → matched in LINZ_SQLITE"
2025-10-16T14:23:00.899762,,Geocode Success,"LINZ: 3 Balbriggan Rise, Dannemora, Auckland → -36.93078775, 174.9228258"
2025-10-16T14:23:01.231265,,Geocode Success,"42 Keppoch Court, Dannemora, Auckland → matched in LINZ_SQLITE"
2025-10-16T14:23:01.453048,,Geocode Success,"LINZ: 42 Keppoch Court, Dannemora, Auckland → -36.92766952, 174.9192487"
2025-10-16T14:23:01.797351,,Geocode Success,"30 Botany Road, Howick, Auckland → matched in LINZ_SQLITE"
2025-10-16T14:23:02.015380,,Geocode Success,"LINZ: 30 Botany Road, Howick, Auckland → -36.90142063, 174.9188992"
2025-10-19T13:12:24.727595,,Session Start,Script started and corrections_log.csv initialized.
2025-10-19T13:12:24.735047,,Session Start,Script started and corrections_log.csv initialized.
2025-10-20T10:25:34.936087,,Session Start,Script started and corrections_log.csv initialized.
2025-10-20T10:25:34.943659,,Session Start,Script started and corrections_log.csv initialized.
2025-10-20T15:54:55.018497,,Session Start,Script started and corrections_log.csv initialized.
2025-10-20T15:54:55.034562,,Session Start,Script started and corrections_log.csv initialized.
2025-11-27T18:26:17.213610,,Session Start,Script started and corrections_log.csv initialized.
2025-11-27T18:26:17.225290,,Session Start,Script started and corrections_log.csv initialized.
2025-11-27T18:26:48.866673,,Geocode Success,"7 Sheffield Place, Botany Downs, Auckland → matched in LINZ_SQLITE"
2025-11-27T18:26:49.168014,,Geocode Success,"LINZ: 7 Sheffield Place, Botany Downs, Auckland → -36.9076804, 174.9174203"
2025-11-27T18:26:49.683308,,Geocode Success,"65 Aviemore Drive, Highland Park, Auckland → matched in LINZ_SQLITE"
2025-11-27T18:26:49.948375,,Geocode Success,"LINZ: 65 Aviemore Drive, Highland Park, Auckland → -36.90476862, 174.9047863"
2025-11-27T18:26:50.371667,,Geocode Success,"58 Tarnica Road, Northpark, Auckland → matched in LINZ_SQLITE"
2025-11-27T18:26:50.621977,,Geocode Success,"LINZ: 58 Tarnica Road, Northpark, Auckland → -36.92629249, 174.9144777"
2025-11-27T18:26:51.201865,,Geocode Success,"10 Fencotie Place, Northpark, Auckland → matched in LINZ_SQLITE"
2025-11-27T18:26:51.389057,,Geocode Success,"LINZ: 10 Fencotie Place, Northpark, Auckland → -36.92733825, 174.9133632"
2025-11-27T18:26:51.890866,,Geocode Success,"4 Glassonby Road, Northpark, Auckland → matched in LINZ_SQLITE"
2025-11-27T18:26:52.112173,,Geocode Success,"LINZ: 4 Glassonby Road, Northpark, Auckland → -36.9256841, 174.9139537"
2025-11-27T18:26:52.583103,,Geocode Success,"15 Aspatria Place, Northpark, Auckland → matched in LINZ_SQLITE"
2025-11-27T18:26:52.817845,,Geocode Success,"LINZ: 15 Aspatria Place, Northpark, Auckland → -36.92471437, 174.9155052"
2025-11-27T18:26:53.224739,,Geocode Success,"14 Aspatria Place, Northpark, Auckland → matched in LINZ_SQLITE"
2025-11-27T18:26:53.477302,,Geocode Success,"LINZ: 14 Aspatria Place, Northpark, Auckland → -36.92480975, 174.9153328"
2025-11-27T18:26:54.052798,,Geocode Success,"12 Anthony Place, Pakuranga, Auckland → matched in LINZ_SQLITE"
2025-11-27T18:26:54.367504,,Geocode Success,"LINZ: 12 Anthony Place, Pakuranga, Auckland → -36.91422155, 174.8677362"
2025-11-27T18:27:06.420154,,LINZ Miss,"2 Anthony Place, Pakuranga, Auckland → not found in LINZ sources (Auckland-gated)"
2025-11-27T18:27:06.609392,,Geocode Fallback,"LINZ failed for 2 Anthony Place, Pakuranga, Auckland"
2025-11-27T18:27:08.060296,,Geocode Failed,"geocode.xyz → 2 Anthony Place, Pakuranga, Auckland (invalid)"
2025-11-27T18:27:08.200056,,Geocode Variant Used,Nominatim used: Nearby-biased
2025-11-27T18:27:08.372645,,Geocode Success,"Nominatim: 2 Anthony Place, Pakuranga, Auckland → lat:-36.9141854, lon:174.8684727"
2025-11-27T18:27:08.545405,,Geocode Source,"Nominatim returned: ('Anthony Place, Pakūranga, Auckland', -36.9141854, 174.8684727, '2010') for input: 2 Anthony Place, Pakuranga, Auckland"
2025-11-27T18:27:08.891119,,Geocode Success,"42 Aviemore Drive, Highland Park, Auckland → matched in LINZ_SQLITE"
2025-11-27T18:27:09.125191,,Geocode Success,"LINZ: 42 Aviemore Drive, Highland Park, Auckland → -36.90194977, 174.9053192"
2025-11-27T18:27:09.422560,,Geocode Success,"50 Aviemore Drive, Highland Park, Auckland → matched in LINZ_SQLITE"
2025-11-27T18:27:09.659182,,Geocode Success,"LINZ: 50 Aviemore Drive, Highland Park, Auckland → -36.90232013, 174.9052988"
2025-11-27T18:27:09.972583,,Geocode Success,"2 Dale Crescent, Pakuranga, Auckland → matched in LINZ_SQLITE"
2025-11-27T18:27:10.243470,,Geocode Success,"LINZ: 2 Dale Crescent, Pakuranga, Auckland → -36.91477022, 174.8668704"
2025-11-27T18:27:10.569908,,Geocode Success,"2 Spenbrooke Road, Flat Bush, Auckland → matched in LINZ_SQLITE"
2025-11-27T18:27:10.823866,,Geocode Success,"LINZ: 2 Spenbrooke Road, Flat Bush, Auckland → -36.95182723, 174.9082965"
2025-11-27T18:27:11.088755,,Geocode Success,"160 Kohimarama Road, Kohimarama, Auckland → matched in LINZ_SQLITE"
2025-11-27T18:27:11.357689,,Geocode Success,"LINZ: 160 Kohimarama Road, Kohimarama, Auckland → -36.85796797, 174.8370535"
2025-11-27T18:27:11.671313,,Geocode Success,"13 Weri Road, Karaka, Auckland → matched in LINZ_SQLITE"
2025-11-27T18:27:11.906718,,Geocode Success,"LINZ: 13 Weri Road, Karaka, Auckland → -37.09908441, 174.936907"
2025-11-27T18:27:12.219862,,Geocode Success,"19 Hope Farm Avenue, Pakuranga Heights, Auckland → matched in LINZ_SQLITE"
2025-11-27T18:27:12.409552,,Geocode Success,"LINZ: 19 Hope Farm Avenue, Pakuranga Heights, Auckland → -36.9125845, 174.8969052"
2025-11-27T18:27:12.676244,,Geocode Success,"39 Dalwhinnie Parade, Highland Park, Auckland → matched in LINZ_SQLITE"
2025-11-27T18:27:12.913652,,Geocode Success,"LINZ: 39 Dalwhinnie Parade, Highland Park, Auckland → -36.90298093, 174.912626"
2025-11-27T18:27:13.195022,,Geocode Success,"39 Highland Park Drive, Highland Park, Auckland → matched in LINZ_SQLITE"
2025-11-27T18:27:13.477439,,Geocode Success,"LINZ: 39 Highland Park Drive, Highland Park, Auckland → -36.90209405, 174.9118889"
2025-11-27T18:27:13.854453,,Geocode Success,"8 Kincraig Place, Highland Park, Auckland → matched in LINZ_SQLITE"
2025-11-27T18:27:14.087558,,Geocode Success,"LINZ: 8 Kincraig Place, Highland Park, Auckland → -36.9037778, 174.91321"
2025-11-27T18:27:14.799691,,LINZ Miss,"12 Veagh Place, Highland Park, Auckland → not found in LINZ sources (Auckland-gated)"
2025-11-27T18:27:14.989721,,Geocode Fallback,"LINZ failed for 12 Veagh Place, Highland Park, Auckland"
2025-11-27T18:27:16.280916,,Geocode Failed,"geocode.xyz → 12 Veagh Place, Highland Park, Auckland (invalid)"
2025-11-27T18:27:16.438393,,Geocode Variant Used,Nominatim used: Nearby-biased
2025-11-27T18:27:16.613110,,Geocode Success,"Nominatim: 12 Veagh Place, Highland Park, Auckland → lat:-36.9044703, lon:174.9090124"
2025-11-27T18:27:16.800512,,Geocode Source,"Nominatim returned: ('Veagh Place, Highland Park, Auckland', -36.9044703, 174.9090124, '2143') for input: 12 Veagh Place, Highland Park, Auckland"
2025-11-27T18:27:17.578359,,LINZ Miss,"18 Veagh Place, Highland Park, Auckland → not found in LINZ sources (Auckland-gated)"
2025-11-27T18:27:17.732647,,Geocode Fallback,"LINZ failed for 18 Veagh Place, Highland Park, Auckland"
2025-11-27T18:27:19.021477,,Geocode Failed,"geocode.xyz → 18 Veagh Place, Highland Park, Auckland (invalid)"
2025-11-27T18:27:19.290057,,Geocode Variant Used,Nominatim used: Nearby-biased
2025-11-27T18:27:19.461427,,Geocode Success,"Nominatim: 18 Veagh Place, Highland Park, Auckland → lat:-36.9046617, lon:174.9091933"
2025-11-27T18:27:19.681045,,Geocode Source,"Nominatim returned: ('Veagh Place, Highland Park, Auckland', -36.9046617, 174.9091933, '2143') for input: 18 Veagh Place, Highland Park, Auckland"
2025-11-27T18:27:20.088387,,Geocode Success,"29 Dalwhinnie Parade, Highland Park, Auckland → matched in LINZ_SQLITE"
2025-11-27T18:27:20.308300,,Geocode Success,"LINZ: 29 Dalwhinnie Parade, Highland Park, Auckland → -36.9020446, 174.9146806"
2025-11-27T18:27:20.947304,,LINZ Miss,"60 Highland Park Drive, Highland Park, Auckland → not found in LINZ sources (Auckland-gated)"
2025-11-27T18:27:21.135416,,Geocode Fallback,"LINZ failed for 60 Highland Park Drive, Highland Park, Auckland"
2025-11-27T18:27:22.324057,,Geocode Failed,"geocode.xyz → 60 Highland Park Drive, Highland Park, Auckland (invalid)"
2025-11-27T18:27:22.830739,,Geocode Variant Used,Nominatim used: Nearby-biased
2025-11-27T18:27:22.987934,,Geocode Success,"Nominatim: 60 Highland Park Drive, Highland Park, Auckland → lat:-36.9021058, lon:174.913071"
2025-11-27T18:27:23.177058,,Geocode Source,"Nominatim returned: ('Highland Park Drive, Highland Park, Auckland', -36.9021058, 174.913071, '2143') for input: 60 Highland Park Drive, Highland Park, Auckland"
2025-11-27T18:27:23.589274,,Geocode Success,"92 Vale Road, Saint Heliers, Auckland → matched in LINZ_SQLITE"
2025-11-27T18:27:23.872723,,Geocode Success,"LINZ: 92 Vale Road, Saint Heliers, Auckland → -36.85422133, 174.8667624"
2025-11-27T18:27:24.171560,,Geocode Success,"101 Aviemore Drive, Highland Park, Auckland → matched in LINZ_SQLITE"
2025-11-27T18:27:24.455773,,Geocode Success,"LINZ: 101 Aviemore Drive, Highland Park, Auckland → -36.90688755, 174.9052152"
2025-11-27T18:27:24.801927,,Geocode Success,"89 Aviemore Drive, Highland Park, Auckland → matched in LINZ_SQLITE"
2025-11-27T18:27:25.070926,,Geocode Success,"LINZ: 89 Aviemore Drive, Highland Park, Auckland → -36.9061917, 174.9049633"
2025-11-27T18:27:25.367726,,Geocode Success,"59 Aviemore Drive, Highland Park, Auckland → matched in LINZ_SQLITE"
2025-11-27T18:27:25.557718,,Geocode Success,"LINZ: 59 Aviemore Drive, Highland Park, Auckland → -36.90421287, 174.9047538"
2025-11-27T18:27:25.856420,,Geocode Success,"21 Belgate Place, Somerville, Auckland → matched in LINZ_SQLITE"
2025-11-27T18:27:26.101577,,Geocode Success,"LINZ: 21 Belgate Place, Somerville, Auckland → -36.91113792, 174.927218"
2025-11-27T18:27:26.421534,,Geocode Success,"23 Palmcrest Grove, Highland Park, Auckland → matched in LINZ_SQLITE"
2025-11-27T18:27:26.685589,,Geocode Success,"LINZ: 23 Palmcrest Grove, Highland Park, Auckland → -36.90239785, 174.9061027"
2025-11-27T18:27:27.030550,,Geocode Success,"702 Pakuranga Road, Howick, Auckland → matched in LINZ_SQLITE"
2025-11-27T18:27:27.264623,,Geocode Success,"LINZ: 702 Pakuranga Road, Howick, Auckland → -36.89882635, 174.9178044"
2025-11-27T18:27:27.635980,,Geocode Success,"68 Alicia Road, Somerville, Auckland → matched in LINZ_SQLITE"
2025-11-27T18:27:27.885302,,Geocode Success,"LINZ: 68 Alicia Road, Somerville, Auckland → -36.91069488, 174.9379552"
2025-11-27T18:27:28.231692,,Geocode Success,"44 Edendale Road, Somerville, Auckland → matched in LINZ_SQLITE"
2025-11-27T18:27:28.514215,,Geocode Success,"LINZ: 44 Edendale Road, Somerville, Auckland → -36.91150113, 174.9290791"
2025-11-27T18:27:28.843391,,Geocode Success,"46 Edendale Road, Somerville, Auckland → matched in LINZ_SQLITE"
2025-11-27T18:27:29.108876,,Geocode Success,"LINZ: 46 Edendale Road, Somerville, Auckland → -36.91126932, 174.9289384"
2025-11-27T18:27:29.423192,,Geocode Success,"2 Belgate Place, Somerville, Auckland → matched in LINZ_SQLITE"
2025-11-27T18:27:29.642738,,Geocode Success,"LINZ: 2 Belgate Place, Somerville, Auckland → -36.91072098, 174.9286089"
2025-11-27T18:27:29.988026,,Geocode Success,"72 Edendale Road, Somerville, Auckland → matched in LINZ_SQLITE"
2025-11-27T18:27:30.253070,,Geocode Success,"LINZ: 72 Edendale Road, Somerville, Auckland → -36.90867618, 174.9305152"
2025-11-27T18:27:30.567901,,Geocode Success,"53 O'Halloran Road, Howick, Auckland → matched in LINZ_SQLITE"
2025-11-27T18:27:30.834883,,Geocode Success,"LINZ: 53 O'Halloran Road, Howick, Auckland → -36.8957141, 174.9206852"
2025-11-27T18:27:31.149390,,Geocode Success,"172 Botany Road, Botany Downs, Auckland → matched in LINZ_SQLITE"
2025-11-27T18:27:31.435920,,Geocode Success,"LINZ: 172 Botany Road, Botany Downs, Auckland → -36.91408478, 174.9161726"
2025-11-27T18:27:31.778464,,Geocode Success,"178 Botany Road, Botany Downs, Auckland → matched in LINZ_SQLITE"
2025-11-27T18:27:32.048118,,Geocode Success,"LINZ: 178 Botany Road, Botany Downs, Auckland → -36.91448028, 174.916341"
2025-11-27T18:27:32.392302,,Geocode Success,"20 Mirrabooka Avenue, Botany Downs, Auckland → matched in LINZ_SQLITE"
2025-11-27T18:27:32.579516,,Geocode Success,"LINZ: 20 Mirrabooka Avenue, Botany Downs, Auckland → -36.91020433, 174.9240548"
2025-11-27T18:27:33.367751,,LINZ Miss,"9 Mirrabooka Avenue, Botany Downs, Auckland → not found in LINZ sources (Auckland-gated)"
2025-11-27T18:27:33.525744,,Geocode Fallback,"LINZ failed for 9 Mirrabooka Avenue, Botany Downs, Auckland"
2025-11-27T18:27:34.610032,,Geocode Failed,"geocode.xyz → 9 Mirrabooka Avenue, Botany Downs, Auckland (invalid)"
2025-11-27T18:27:35.082225,,Geocode Variant Used,Nominatim used: Nearby-biased
2025-11-27T18:27:35.270418,,Geocode Success,"Nominatim: 9 Mirrabooka Avenue, Botany Downs, Auckland → lat:-36.9100765, lon:174.9235701"
2025-11-27T18:27:35.456080,,Geocode Source,"Nominatim returned: ('Mirrabooka Avenue, Botany Downs, Auckland', -36.9100765, 174.9235701, '2014') for input: 9 Mirrabooka Avenue, Botany Downs, Auckland"
2025-11-27T18:27:35.828985,,Geocode Success,"14 Mirrabooka Avenue, Botany Downs, Auckland → matched in LINZ_SQLITE"
2025-11-27T18:27:36.094860,,Geocode Success,"LINZ: 14 Mirrabooka Avenue, Botany Downs, Auckland → -36.91004731, 174.9242015"
2025-11-27T18:27:36.452738,,Geocode Success,"13 Bunker Rise, Golflands, Auckland → matched in LINZ_SQLITE"
2025-11-27T18:27:36.703128,,Geocode Success,"LINZ: 13 Bunker Rise, Golflands, Auckland → -36.92868663, 174.9078328"
2025-11-27T18:27:37.046346,,Geocode Success,"4 Bunker Rise, Golflands, Auckland → matched in LINZ_SQLITE"
2025-11-27T18:27:37.329307,,Geocode Success,"LINZ: 4 Bunker Rise, Golflands, Auckland → -36.9289267, 174.9081434"
2025-11-27T18:27:37.628436,,Geocode Success,"2 Nagle Place, Golflands, Auckland → matched in LINZ_SQLITE"
2025-11-27T18:27:37.879078,,Geocode Success,"LINZ: 2 Nagle Place, Golflands, Auckland → -36.92879458, 174.9087673"
2025-11-27T18:27:38.221967,,Geocode Success,"22 Carriage Close, Northpark, Auckland → matched in LINZ_SQLITE"
2025-11-27T18:27:38.517301,,Geocode Success,"LINZ: 22 Carriage Close, Northpark, Auckland → -36.91582802, 174.9226905"
2025-11-27T18:27:38.829763,,Geocode Success,"14 Els Close, Golflands, Auckland → matched in LINZ_SQLITE"
2025-11-27T18:27:39.032972,,Geocode Success,"LINZ: 14 Els Close, Golflands, Auckland → -36.92824297, 174.9080115"
2025-11-27T18:27:39.363107,,Geocode Success,"4 Crescent Hills Court, Northpark, Auckland → matched in LINZ_SQLITE"
2025-11-27T18:27:39.613938,,Geocode Success,"LINZ: 4 Crescent Hills Court, Northpark, Auckland → -36.91851152, 174.9254718"
2025-11-27T18:27:39.972285,,Geocode Success,"18 Royalle Mews, Botany Downs, Auckland → matched in LINZ_SQLITE"
2025-11-27T18:27:40.223781,,Geocode Success,"LINZ: 18 Royalle Mews, Botany Downs, Auckland → -36.90948742, 174.917709"
2025-11-27T18:27:40.502960,,Geocode Success,"5 Kallaroo Place, Botany Downs, Auckland → matched in LINZ_SQLITE"
2025-11-27T18:27:40.735932,,Geocode Success,"LINZ: 5 Kallaroo Place, Botany Downs, Auckland → -36.91326345, 174.9207951"
2025-11-27T18:27:41.036114,,Geocode Success,"8 The Green, Golflands, Auckland → matched in LINZ_SQLITE"
2025-11-27T18:27:41.241611,,Geocode Success,"LINZ: 8 The Green, Golflands, Auckland → -36.91978077, 174.9069734"
2025-11-27T18:27:41.680623,,Geocode Success,"11 Nypa Way, Somerville, Auckland → matched in LINZ_SQLITE"
2025-11-27T18:27:41.901263,,Geocode Success,"LINZ: 11 Nypa Way, Somerville, Auckland → -36.90792988, 174.9323795"
2025-11-27T18:27:42.214500,,Geocode Success,"72 Drake Street, Howick, Auckland → matched in LINZ_SQLITE"
2025-11-27T18:27:42.446704,,Geocode Success,"LINZ: 72 Drake Street, Howick, Auckland → -36.89964167, 174.9298111"
2025-11-27T18:27:42.758829,,Geocode Success,"64 Drake Street, Howick, Auckland → matched in LINZ_SQLITE"
2025-11-27T18:27:42.978656,,Geocode Success,"LINZ: 64 Drake Street, Howick, Auckland → -36.89970628, 174.9306199"
2025-11-27T18:27:43.261326,,Geocode Success,"42 Drake Street, Howick, Auckland → matched in LINZ_SQLITE"
2025-11-27T18:27:43.509334,,Geocode Success,"LINZ: 42 Drake Street, Howick, Auckland → -36.90012817, 174.9321474"
2025-11-27T18:27:43.820421,,Geocode Success,"40 Drake Street, Howick, Auckland → matched in LINZ_SQLITE"
2025-11-27T18:27:44.040480,,Geocode Success,"LINZ: 40 Drake Street, Howick, Auckland → -36.90022498, 174.932335"
2025-11-27T18:27:44.759926,,LINZ Miss,"55 Drake Street, Howick, Auckland → not found in LINZ sources (Auckland-gated)"
2025-11-27T18:27:44.899208,,Geocode Fallback,"LINZ failed for 55 Drake Street, Howick, Auckland"
2025-11-27T18:27:46.157486,,Geocode Failed,"geocode.xyz → 55 Drake Street, Howick, Auckland (invalid)"
2025-11-27T18:27:46.456385,,Geocode Variant Used,Nominatim used: Nearby-biased
2025-11-27T18:27:46.663179,,Geocode Success,"Nominatim: 55 Drake Street, Howick, Auckland → lat:-36.8990928, lon:174.9312515"
2025-11-27T18:27:46.883265,,Geocode Source,"Nominatim returned: ('Drake Street, Howick, Auckland', -36.8990928, 174.9312515, '2014') for input: 55 Drake Street, Howick, Auckland"
2025-11-27T18:27:47.814849,,LINZ Miss,"57 Drake Street, Howick, Auckland → not found in LINZ sources (Auckland-gated)"
2025-11-27T18:27:47.987230,,Geocode Fallback,"LINZ failed for 57 Drake Street, Howick, Auckland"
2025-11-27T18:27:49.184278,,Geocode Failed,"geocode.xyz → 57 Drake Street, Howick, Auckland (invalid)"
2025-11-27T18:27:49.829920,,Geocode Variant Used,Photon used: Nearby-biased
2025-11-27T18:27:50.032759,,Geocode Success,"Photon: 57 Drake Street, Howick, Auckland → lat:-36.8992533, lon:174.9309928"
2025-11-27T18:27:50.219454,,Geocode Source,"Photon returned: ('Drake Street, Howick, Auckland', -36.8992533, 174.9309928, '') for input: 57 Drake Street, Howick, Auckland"
2025-11-27T18:27:50.625299,,Geocode Success,"23 Baird Street, Howick, Auckland → matched in LINZ_SQLITE"
2025-11-27T18:27:50.829729,,Geocode Success,"LINZ: 23 Baird Street, Howick, Auckland → -36.90048198, 174.9309772"
2025-11-27T18:27:51.141740,,Geocode Success,"1 Stockade View Lane, Howick, Auckland → matched in LINZ_SQLITE"
2025-11-27T18:27:51.378403,,Geocode Success,"LINZ: 1 Stockade View Lane, Howick, Auckland → -36.8978012, 174.9317788"
2025-11-27T18:27:51.674942,,Geocode Success,"3 Athenry Place, Dannemora, Auckland → matched in LINZ_SQLITE"
2025-11-27T18:27:51.862122,,Geocode Success,"LINZ: 3 Athenry Place, Dannemora, Auckland → -36.92921805, 174.9218251"
2025-11-27T18:27:52.280767,,Geocode Success,"27 Athenry Place, Dannemora, Auckland → matched in LINZ_SQLITE"
2025-11-27T18:27:52.546654,,Geocode Success,"LINZ: 27 Athenry Place, Dannemora, Auckland → -36.9303555, 174.9202783"
2025-11-27T18:27:52.845511,,Geocode Success,"21 Athenry Place, Dannemora, Auckland → matched in LINZ_SQLITE"
2025-11-27T18:27:53.063544,,Geocode Success,"LINZ: 21 Athenry Place, Dannemora, Auckland → -36.92987067, 174.9207648"
2025-11-27T18:27:53.376032,,Geocode Success,"10 Balbriggan Rise, Dannemora, Auckland → matched in LINZ_SQLITE"
2025-11-27T18:27:53.566140,,Geocode Success,"LINZ: 10 Balbriggan Rise, Dannemora, Auckland → -36.93027865, 174.9229539"
2025-11-27T18:27:53.895771,,Geocode Success,"3 Balbriggan Rise, Dannemora, Auckland → matched in LINZ_SQLITE"
2025-11-27T18:27:54.160123,,Geocode Success,"LINZ: 3 Balbriggan Rise, Dannemora, Auckland → -36.93078775, 174.9228258"
2025-11-27T18:27:54.484676,,Geocode Success,"42 Keppoch Court, Dannemora, Auckland → matched in LINZ_SQLITE"
2025-11-27T18:27:54.734979,,Geocode Success,"LINZ: 42 Keppoch Court, Dannemora, Auckland → -36.92766952, 174.9192487"
2025-11-27T18:27:55.049848,,Geocode Success,"30 Botany Road, Howick, Auckland → matched in LINZ_SQLITE"
2025-11-27T18:27:55.301333,,Geocode Success,"LINZ: 30 Botany Road, Howick, Auckland → -36.90142063, 174.9188992"
2025-11-27T18:27:55.619030,,Geocode Success,"34 Wiltshire Place, Somerville, Auckland → matched in LINZ_SQLITE"
2025-11-27T18:27:55.871653,,Geocode Success,"LINZ: 34 Wiltshire Place, Somerville, Auckland → -36.91918928, 174.9316863"
2025-11-27T18:27:56.189851,,Geocode Success,"7 Ravensdale Rise, Northpark, Auckland → matched in LINZ_SQLITE"
2025-11-27T18:27:56.504779,,Geocode Success,"LINZ: 7 Ravensdale Rise, Northpark, Auckland → -36.92459517, 174.9194364"
2025-11-27T18:27:56.818072,,Geocode Success,"11 Ravensdale Rise, Northpark, Auckland → matched in LINZ_SQLITE"
2025-11-27T18:27:57.090469,,Geocode Success,"LINZ: 11 Ravensdale Rise, Northpark, Auckland → -36.92487133, 174.919698"
2025-11-27T18:27:57.435694,,Geocode Success,"3 Ravensdale Rise, Northpark, Auckland → matched in LINZ_SQLITE"
2025-11-27T18:27:57.684976,,Geocode Success,"LINZ: 3 Ravensdale Rise, Northpark, Auckland → -36.92433155, 174.9191225"
2025-11-27T18:27:58.031555,,Geocode Success,"7 Braystones Place, Northpark, Auckland → matched in LINZ_SQLITE"
2025-11-27T18:27:58.269817,,Geocode Success,"LINZ: 7 Braystones Place, Northpark, Auckland → -36.92348138, 174.917926"
2025-11-27T18:27:58.598996,,Geocode Success,"15 Braystones Place, Northpark, Auckland → matched in LINZ_SQLITE"
2025-11-27T18:27:58.819929,,Geocode Success,"LINZ: 15 Braystones Place, Northpark, Auckland → -36.92353617, 174.9175612"
2025-11-27T18:27:59.163448,,Geocode Success,"12 Braystones Place, Northpark, Auckland → matched in LINZ_SQLITE"
2025-11-27T18:27:59.398165,,Geocode Success,"LINZ: 12 Braystones Place, Northpark, Auckland → -36.92377923, 174.9177154"
2025-11-27T18:27:59.710278,,Geocode Success,"10 Braystones Place, Northpark, Auckland → matched in LINZ_SQLITE"
2025-11-27T18:27:59.976003,,Geocode Success,"LINZ: 10 Braystones Place, Northpark, Auckland → -36.92400058, 174.9176121"
2025-11-27T18:28:00.302521,,Geocode Success,"8 Jeff Place, Howick, Auckland → matched in LINZ_SQLITE"
2025-11-27T18:28:00.567998,,Geocode Success,"LINZ: 8 Jeff Place, Howick, Auckland → -36.89614197, 174.9197172"
2025-11-27T18:28:00.912466,,Geocode Success,"13 Seaglen Place, Botany Downs, Auckland → matched in LINZ_SQLITE"
2025-11-27T18:28:01.116787,,Geocode Success,"LINZ: 13 Seaglen Place, Botany Downs, Auckland → -36.9124544, 174.9117554"
2025-11-27T18:28:01.786978,,Geocode Success,"21 Thirlmere Rise, Northpark, Auckland → matched in LINZ_SQLITE"
2025-11-27T18:28:02.021352,,Geocode Success,"LINZ: 21 Thirlmere Rise, Northpark, Auckland → -36.92576493, 174.9193622"
2025-11-27T18:28:02.377102,,Geocode Success,"25 Thirlmere Rise, Northpark, Auckland → matched in LINZ_SQLITE"
2025-11-27T18:28:02.642501,,Geocode Success,"LINZ: 25 Thirlmere Rise, Northpark, Auckland → -36.9254784, 174.9196393"
2025-11-27T18:28:02.973323,,Geocode Success,"23 Thirlmere Rise, Northpark, Auckland → matched in LINZ_SQLITE"
2025-11-27T18:28:03.190617,,Geocode Success,"LINZ: 23 Thirlmere Rise, Northpark, Auckland → -36.92556927, 174.9194158"
2025-11-27T18:28:03.861514,,Geocode Success,"19 Thirlmere Rise, Northpark, Auckland → matched in LINZ_SQLITE"
2025-11-27T18:28:04.080367,,Geocode Success,"LINZ: 19 Thirlmere Rise, Northpark, Auckland → -36.92595435, 174.9192491"
2025-11-27T18:28:04.485429,,Geocode Success,"17 Thirlmere Rise, Northpark, Auckland → matched in LINZ_SQLITE"
2025-11-27T18:28:04.750182,,Geocode Success,"LINZ: 17 Thirlmere Rise, Northpark, Auckland → -36.92571407, 174.9192513"
2025-11-27T18:28:05.108339,,Geocode Success,"3 Thirlmere Rise, Northpark, Auckland → matched in LINZ_SQLITE"
2025-11-27T18:28:05.355988,,Geocode Success,"LINZ: 3 Thirlmere Rise, Northpark, Auckland → -36.92494533, 174.9183537"
2025-11-27T18:28:05.700189,,Geocode Success,"3 Yarlside Place, Northpark, Auckland → matched in LINZ_SQLITE"
2025-11-27T18:28:05.917363,,Geocode Success,"LINZ: 3 Yarlside Place, Northpark, Auckland → -36.9245043, 174.9174168"
2025-11-27T18:28:06.261258,,Geocode Success,"5 Yarlside Place, Northpark, Auckland → matched in LINZ_SQLITE"
2025-11-27T18:28:06.512841,,Geocode Success,"LINZ: 5 Yarlside Place, Northpark, Auckland → -36.9243683, 174.9172535"
2025-11-27T18:28:06.837487,,Geocode Success,"15 Yarlside Place, Northpark, Auckland → matched in LINZ_SQLITE"
2025-11-27T18:28:07.104071,,Geocode Success,"LINZ: 15 Yarlside Place, Northpark, Auckland → -36.9236602, 174.9170324"
2025-11-27T18:28:07.790425,,LINZ Miss,"26 Libby Lane, Howick, Auckland → not found in LINZ sources (Auckland-gated)"
2025-11-27T18:28:07.976126,,Geocode Fallback,"LINZ failed for 26 Libby Lane, Howick, Auckland"
2025-11-27T18:28:09.174673,,Geocode Failed,"geocode.xyz → 26 Libby Lane, Howick, Auckland (invalid)"
2025-11-27T18:28:09.593717,,Geocode Variant Used,Nominatim used: Nearby-biased
2025-11-27T18:28:09.795080,,Geocode Success,"Nominatim: 26 Libby Lane, Howick, Auckland → lat:-36.9008747, lon:174.9197906"
2025-11-27T18:28:09.982091,,Geocode Source,"Nominatim returned: ('Libby Lane, Highland Park, Auckland', -36.9008747, 174.9197906, '2014') for input: 26 Libby Lane, Howick, Auckland"
2025-11-27T18:28:10.447152,,Geocode Success,"3 Caldbeck Rise, Northpark, Auckland → matched in LINZ_SQLITE"
2025-11-27T18:28:10.694681,,Geocode Success,"LINZ: 3 Caldbeck Rise, Northpark, Auckland → -36.92560358, 174.9178973"
2025-11-27T18:28:11.008802,,Geocode Success,"36 Burswood Drive, Burswood, Auckland → matched in LINZ_SQLITE"
2025-11-27T18:28:11.243847,,Geocode Success,"LINZ: 36 Burswood Drive, Burswood, Auckland → -36.92518122, 174.9014259"
2025-11-27T18:28:11.585886,,Geocode Success,"38 Burswood Drive, Burswood, Auckland → matched in LINZ_SQLITE"
2025-11-27T18:28:11.851757,,Geocode Success,"LINZ: 38 Burswood Drive, Burswood, Auckland → -36.92501345, 174.9013673"
2025-11-27T18:28:12.189189,,Geocode Success,"7 Jane Eyre Drive, Somerville, Auckland → matched in LINZ_SQLITE"
2025-11-27T18:28:12.471200,,Geocode Success,"LINZ: 7 Jane Eyre Drive, Somerville, Auckland → -36.9133067, 174.9340252"
2025-11-27T18:28:12.767368,,Geocode Success,"52 Simmental Crescent, Somerville, Auckland → matched in LINZ_SQLITE"
2025-11-27T18:28:13.047494,,Geocode Success,"LINZ: 52 Simmental Crescent, Somerville, Auckland → -36.91453505, 174.9334726"
2025-11-27T18:28:13.374692,,Geocode Success,"15 Annalong Road, Dannemora, Auckland → matched in LINZ_SQLITE"
2025-11-27T18:28:13.609817,,Geocode Success,"LINZ: 15 Annalong Road, Dannemora, Auckland → -36.92614867, 174.9247805"
2025-11-27T18:28:13.985671,,Geocode Success,"1 Greenhill Crescent, Pakuranga, Auckland → matched in LINZ_SQLITE"
2025-11-27T18:28:14.224814,,Geocode Success,"LINZ: 1 Greenhill Crescent, Pakuranga, Auckland → -36.91010008, 174.8817249"
2025-11-27T18:28:14.536871,,Geocode Success,"2 Greenhill Crescent, Pakuranga, Auckland → matched in LINZ_SQLITE"
2025-11-27T18:28:14.804270,,Geocode Success,"LINZ: 2 Greenhill Crescent, Pakuranga, Auckland → -36.90977165, 174.882003"
2025-11-27T18:28:15.213731,,Geocode Success,"2 Grassways Avenue, Pakuranga, Auckland → matched in LINZ_SQLITE"
2025-11-27T18:28:15.492567,,Geocode Success,"LINZ: 2 Grassways Avenue, Pakuranga, Auckland → -36.91148685, 174.8817004"
2025-11-27T18:28:16.199500,,LINZ Miss,"9 Larne Avenue, Pakuranga Heights, Auckland → not found in LINZ sources (Auckland-gated)"
2025-11-27T18:28:16.354922,,Geocode Fallback,"LINZ failed for 9 Larne Avenue, Pakuranga Heights, Auckland"
2025-11-27T18:28:17.576252,,Geocode Failed,"geocode.xyz → 9 Larne Avenue, Pakuranga Heights, Auckland (invalid)"
2025-11-27T18:28:17.859259,,Geocode Variant Used,Nominatim used: Nearby-biased
2025-11-27T18:28:18.047947,,Geocode Success,"Nominatim: 9 Larne Avenue, Pakuranga Heights, Auckland → lat:-36.9098529, lon:174.8860705"
2025-11-27T18:28:18.236409,,Geocode Source,"Nominatim returned: ('Larne Avenue, Pakuranga Heights, Auckland', -36.9098529, 174.8860705, '2010') for input: 9 Larne Avenue, Pakuranga Heights, Auckland"
2025-11-27T18:28:18.661842,,Geocode Success,"17 Dulwich Place, Burswood, Auckland → matched in LINZ_SQLITE"
2025-11-27T18:28:18.897025,,Geocode Success,"LINZ: 17 Dulwich Place, Burswood, Auckland → -36.92438975, 174.8971477"
2025-11-27T18:28:19.213900,,Geocode Success,"3 Halstead Place, Huntington Park, Auckland → matched in LINZ_SQLITE"
2025-11-27T18:28:19.508971,,Geocode Success,"LINZ: 3 Halstead Place, Huntington Park, Auckland → -36.93386818, 174.9055464"
2025-11-27T18:28:19.854201,,Geocode Success,"6 Halstead Place, Huntington Park, Auckland → matched in LINZ_SQLITE"
2025-11-27T18:28:20.149425,,Geocode Success,"LINZ: 6 Halstead Place, Huntington Park, Auckland → -36.9336261, 174.905989"
2025-11-27T18:28:20.521447,,Geocode Success,"7 Halstead Place, Huntington Park, Auckland → matched in LINZ_SQLITE"
2025-11-27T18:28:20.770425,,Geocode Success,"LINZ: 7 Halstead Place, Huntington Park, Auckland → -36.93395118, 174.905953"
2025-11-27T18:28:21.128397,,Geocode Success,"5 Saidia Place, Huntington Park, Auckland → matched in LINZ_SQLITE"
2025-11-27T18:28:21.410629,,Geocode Success,"LINZ: 5 Saidia Place, Huntington Park, Auckland → -36.93090832, 174.9055363"
2025-11-27T18:28:21.736454,,Geocode Success,"10 Bowscale Place, Northpark, Auckland → matched in LINZ_SQLITE"
2025-11-27T18:28:22.016839,,Geocode Success,"LINZ: 10 Bowscale Place, Northpark, Auckland → -36.9270935, 174.9143223"
2025-11-27T18:28:22.327472,,Geocode Success,"12 Bowscale Place, Northpark, Auckland → matched in LINZ_SQLITE"
2025-11-27T18:28:22.563387,,Geocode Success,"LINZ: 12 Bowscale Place, Northpark, Auckland → -36.9272774, 174.9144891"
2025-11-27T18:28:22.922631,,Geocode Success,"14 Bowscale Place, Northpark, Auckland → matched in LINZ_SQLITE"
2025-11-27T18:28:23.141036,,Geocode Success,"LINZ: 14 Bowscale Place, Northpark, Auckland → -36.92735428, 174.9147358"
2025-11-27T18:28:23.500088,,LINZ Miss,", Auckland, Auckland → not found in LINZ sources (Auckland-gated)"
2025-11-27T18:28:23.687702,,Geocode Fallback,"LINZ failed for , Auckland, Auckland"
2025-11-27T18:28:25.388242,,Geocode Failed,"geocode.xyz → Auckland, Auckland (invalid)"
2025-11-27T18:28:25.654667,,Geocode Variant Used,Nominatim used: Original
2025-11-27T18:28:25.825274,,Geocode Success,"Nominatim: Auckland, Auckland → lat:-36.852095, lon:174.7631803"
2025-11-27T18:28:26.012381,,Geocode Source,"Nominatim returned: ('Auckland, Auckland', -36.852095, 174.7631803, '1010') for input: Auckland, Auckland"
2025-11-27T18:28:26.590177,,Geocode Success,"19 Bowscale Place, Northpark, Auckland → matched in LINZ_SQLITE"
2025-11-27T18:28:26.933671,,Geocode Success,"LINZ: 19 Bowscale Place, Northpark, Auckland → -36.92774327, 174.914914"
2025-11-27T18:28:27.244848,,Geocode Success,"17 Bowscale Place, Northpark, Auckland → matched in LINZ_SQLITE"
2025-11-27T18:28:27.526329,,Geocode Success,"LINZ: 17 Bowscale Place, Northpark, Auckland → -36.92759137, 174.9146499"
2025-11-27T18:28:28.242873,,LINZ Miss,"2 Fencotie Place, Northpark, Auckland → not found in LINZ sources (Auckland-gated)"
2025-11-27T18:28:28.461690,,Geocode Fallback,"LINZ failed for 2 Fencotie Place, Northpark, Auckland"
2025-11-27T18:28:29.756692,,Geocode Failed,"geocode.xyz → 2 Fencotie Place, Northpark, Auckland (invalid)"
2025-11-27T18:28:30.366619,,Geocode Variant Used,Nominatim used: Nearby-biased
2025-11-27T18:28:30.554026,,Geocode Success,"Nominatim: 2 Fencotie Place, Northpark, Auckland → lat:-36.927458, lon:174.9132407"
2025-11-27T18:28:30.709177,,Geocode Source,"Nominatim returned: ('Fencotie Place, Northpark, Auckland', -36.927458, 174.9132407, '2013') for input: 2 Fencotie Place, Northpark, Auckland"
2025-11-27T18:28:31.525725,,Geocode Success,"1 Fencotie Place, Northpark, Auckland → matched in LINZ_SQLITE"
2025-11-27T18:28:31.790014,,Geocode Success,"LINZ: 1 Fencotie Place, Northpark, Auckland → -36.92714618, 174.9138891"
2025-11-27T18:28:32.070774,,Geocode Success,"54 Springside Drive, Flat Bush, Auckland → matched in LINZ_SQLITE"
2025-11-27T18:28:32.318516,,Geocode Success,"LINZ: 54 Springside Drive, Flat Bush, Auckland → -36.97403128, 174.9206939"
2025-11-27T18:28:32.628923,,Geocode Success,"50 Springside Drive, Flat Bush, Auckland → matched in LINZ_SQLITE"
2025-11-27T18:28:32.909547,,Geocode Success,"LINZ: 50 Springside Drive, Flat Bush, Auckland → -36.97378407, 174.920768"
2025-11-27T18:28:33.274139,,Geocode Success,"39 Calluna Crescent, Totara Heights, Auckland → matched in LINZ_SQLITE"
2025-11-27T18:28:33.557742,,Geocode Success,"LINZ: 39 Calluna Crescent, Totara Heights, Auckland → -37.00234955, 174.9053502"
2025-11-27T18:28:33.839689,,Geocode Success,"79 Meadowland Drive, Somerville, Auckland → matched in LINZ_SQLITE"
2025-11-27T18:28:34.009807,,Geocode Success,"LINZ: 79 Meadowland Drive, Somerville, Auckland → -36.91238347, 174.9316046"
2025-11-27T18:28:34.290296,,Geocode Success,"2 Uldale Place, Northpark, Auckland → matched in LINZ_SQLITE"
2025-11-27T18:28:34.555583,,Geocode Success,"LINZ: 2 Uldale Place, Northpark, Auckland → -36.92586343, 174.9165812"
2025-11-27T18:28:34.882718,,Geocode Success,"9 Uldale Place, Northpark, Auckland → matched in LINZ_SQLITE"
2025-11-27T18:28:35.132337,,Geocode Success,"LINZ: 9 Uldale Place, Northpark, Auckland → -36.92491643, 174.9167022"
2025-11-27T18:28:35.473135,,Geocode Success,"30 Ambleside Drive, Northpark, Auckland → matched in LINZ_SQLITE"
2025-11-27T18:28:35.739842,,Geocode Success,"LINZ: 30 Ambleside Drive, Northpark, Auckland → -36.92750895, 174.9177498"
2025-11-27T18:28:36.475941,,LINZ Miss,"50 Tarnica Road, Northpark, Auckland → not found in LINZ sources (Auckland-gated)"
2025-11-27T18:28:36.664204,,Geocode Fallback,"LINZ failed for 50 Tarnica Road, Northpark, Auckland"
2025-11-27T18:28:39.824703,,Geocode Variant Used,Nominatim used: Nearby-biased
2025-11-27T18:28:39.998517,,Geocode Success,"Nominatim: 50 Tarnica Road, Northpark, Auckland → lat:-36.9264287, lon:174.9159552"
2025-11-27T18:28:40.204795,,Geocode Source,"Nominatim returned: ('Tarnica Road, Northpark, Auckland', -36.9264287, 174.9159552, '2013') for input: 50 Tarnica Road, Northpark, Auckland"
2025-11-27T18:28:40.878978,,Geocode Success,"47 Tarnica Road, Northpark, Auckland → matched in LINZ_SQLITE"
2025-11-27T18:28:41.146632,,Geocode Success,"LINZ: 47 Tarnica Road, Northpark, Auckland → -36.92591403, 174.9162926"
2025-11-27T18:28:41.459082,,Geocode Success,"3 Bampton Rise, Northpark, Auckland → matched in LINZ_SQLITE"
2025-11-27T18:28:41.663706,,Geocode Success,"LINZ: 3 Bampton Rise, Northpark, Auckland → -36.9237401, 174.9197195"
2025-11-27T18:28:41.947149,,Geocode Success,"7 Bampton Rise, Northpark, Auckland → matched in LINZ_SQLITE"
2025-11-27T18:28:42.257547,,Geocode Success,"LINZ: 7 Bampton Rise, Northpark, Auckland → -36.92397647, 174.9200472"
2025-11-27T18:28:42.616624,,Geocode Success,"106 Valderama Drive, Flat Bush, Auckland → matched in LINZ_SQLITE"
2025-11-27T18:28:42.851861,,Geocode Success,"LINZ: 106 Valderama Drive, Flat Bush, Auckland → -36.96947931, 174.9296744"
2025-11-27T18:28:43.662617,,Geocode Success,"14 Peihinga Road, Howick, Auckland → matched in LINZ_SQLITE"
2025-11-27T18:28:43.881870,,Geocode Success,"LINZ: 14 Peihinga Road, Howick, Auckland → -36.96895675, 174.9307598"
2025-11-27T18:28:44.193790,,Geocode Success,"7 Kentia Way, Somerville, Auckland → matched in LINZ_SQLITE"
2025-11-27T18:28:44.428222,,Geocode Success,"LINZ: 7 Kentia Way, Somerville, Auckland → -36.90754278, 174.9315714"
2025-11-27T18:28:45.223420,,LINZ Miss,"5 Glennandrew Drive, Half Moon Bay, Auckland → not found in LINZ sources (Auckland-gated)"
2025-11-27T18:28:45.412010,,Geocode Fallback,"LINZ failed for 5 Glennandrew Drive, Half Moon Bay, Auckland"
2025-11-27T18:28:47.335012,,Geocode Variant Used,Nominatim used: Nearby-biased
2025-11-27T18:28:47.555428,,Geocode Success,"Nominatim: 5 Glennandrew Drive, Half Moon Bay, Auckland → lat:-36.8881612, lon:174.906761"
2025-11-27T18:28:47.743106,,Geocode Source,"Nominatim returned: ('Glennandrew Drive, Half Moon Bay, Auckland', -36.8881612, 174.906761, '2012') for input: 5 Glennandrew Drive, Half Moon Bay, Auckland"
2025-11-27T18:28:48.179028,,Geocode Success,"14 Eclipse Place, Half Moon Bay, Auckland → matched in LINZ_SQLITE"
2025-11-27T18:28:48.474164,,Geocode Success,"LINZ: 14 Eclipse Place, Half Moon Bay, Auckland → -36.88721652, 174.892328"
2025-11-27T18:28:48.785039,,Geocode Success,"5 Lilford Place, Half Moon Bay, Auckland → matched in LINZ_SQLITE"
2025-11-27T18:28:49.079475,,Geocode Success,"LINZ: 5 Lilford Place, Half Moon Bay, Auckland → -36.88729502, 174.8912173"
2025-11-27T18:28:49.486525,,Geocode Success,"28 Glennandrew Drive, Half Moon Bay, Auckland → matched in LINZ_SQLITE"
2025-11-27T18:28:49.707427,,Geocode Success,"LINZ: 28 Glennandrew Drive, Half Moon Bay, Auckland → -36.88852407, 174.9056167"
2025-11-27T18:28:50.066620,,Geocode Success,"21 Clyside Avenue, Half Moon Bay, Auckland → matched in LINZ_SQLITE"
2025-11-27T18:28:50.344535,,Geocode Success,"LINZ: 21 Clyside Avenue, Half Moon Bay, Auckland → -36.88307223, 174.8961974"
2025-11-27T18:28:51.123661,,LINZ Miss,"46 Burswood Drive, Burswood, Auckland → not found in LINZ sources (Auckland-gated)"
2025-11-27T18:28:51.297571,,Geocode Fallback,"LINZ failed for 46 Burswood Drive, Burswood, Auckland"
2025-11-27T18:28:53.368976,,Geocode Failed,"geocode.xyz → 46 Burswood Drive, Burswood, Auckland (invalid)"
2025-11-27T18:28:53.539583,,Geocode Variant Used,Nominatim used: Nearby-biased
2025-11-27T18:28:53.712096,,Geocode Success,"Nominatim: 46 Burswood Drive, Burswood, Auckland → lat:-36.9243321, lon:174.9005276"
2025-11-27T18:28:53.931160,,Geocode Source,"Nominatim returned: ('Burswood Drive, Burswood, Auckland', -36.9243321, 174.9005276, '2010') for input: 46 Burswood Drive, Burswood, Auckland"
2025-11-27T18:28:54.336000,,Geocode Success,"3 Nedlands Place, Burswood, Auckland → matched in LINZ_SQLITE"
2025-11-27T18:28:54.571105,,Geocode Success,"LINZ: 3 Nedlands Place, Burswood, Auckland → -36.92429723, 174.9016977"
2025-11-27T18:28:54.867501,,Geocode Success,"41 Anaheim Boulevard, Shamrock Park, Auckland → matched in LINZ_SQLITE"
2025-11-27T18:28:55.085427,,Geocode Success,"LINZ: 41 Anaheim Boulevard, Shamrock Park, Auckland → -36.92641172, 174.926925"
2025-11-27T18:28:55.859027,,LINZ Miss,"8 Nedlands Place, Burswood, Auckland → not found in LINZ sources (Auckland-gated)"
2025-11-27T18:28:56.030774,,Geocode Fallback,"LINZ failed for 8 Nedlands Place, Burswood, Auckland"
2025-11-27T18:28:58.527810,,Geocode Variant Used,Nominatim used: Nearby-biased
2025-11-27T18:28:58.761704,,Geocode Success,"Nominatim: 8 Nedlands Place, Burswood, Auckland → lat:-36.9240352, lon:174.9017006"
2025-11-27T18:28:58.980383,,Geocode Source,"Nominatim returned: ('Nedlands Place, Burswood, Auckland', -36.9240352, 174.9017006, '2013') for input: 8 Nedlands Place, Burswood, Auckland"
2025-11-27T18:28:59.650746,,Geocode Success,"10 Nedlands Place, Burswood, Auckland → matched in LINZ_SQLITE"
2025-11-27T18:28:59.929858,,Geocode Success,"LINZ: 10 Nedlands Place, Burswood, Auckland → -36.9237536, 174.9017403"
2025-11-27T18:29:00.336589,,Geocode Success,"86 Burswood Drive, Burswood, Auckland → matched in LINZ_SQLITE"
2025-11-27T18:29:00.630298,,Geocode Success,"LINZ: 86 Burswood Drive, Burswood, Auckland → -36.92177868, 174.8978654"
2025-11-27T18:29:01.485321,,LINZ Miss,"11 Mandarin Place, Half Moon Bay, Auckland → not found in LINZ sources (Auckland-gated)"
2025-11-27T18:29:01.687769,,Geocode Fallback,"LINZ failed for 11 Mandarin Place, Half Moon Bay, Auckland"
2025-11-27T18:29:05.123715,,Geocode Variant Used,Nominatim used: Nearby-biased
2025-11-27T18:29:05.294571,,Geocode Success,"Nominatim: 11 Mandarin Place, Half Moon Bay, Auckland → lat:-36.8950459, lon:174.9038985"
2025-11-27T18:29:05.497383,,Geocode Source,"Nominatim returned: ('Mandarin Place, Half Moon Bay, Auckland', -36.8950459, 174.9038985, '2012') for input: 11 Mandarin Place, Half Moon Bay, Auckland"
2025-11-27T18:29:06.400325,,LINZ Miss,"9 Liam Place, Half Moon Bay, Auckland → not found in LINZ sources (Auckland-gated)"
2025-11-27T18:29:06.590199,,Geocode Fallback,"LINZ failed for 9 Liam Place, Half Moon Bay, Auckland"
2025-11-27T18:29:09.047353,,Geocode Variant Used,Nominatim used: Nearby-biased
2025-11-27T18:29:09.231779,,Geocode Success,"Nominatim: 9 Liam Place, Half Moon Bay, Auckland → lat:-36.8959408, lon:174.901022"
2025-11-27T18:29:09.419612,,Geocode Source,"Nominatim returned: ('Liam Place, Half Moon Bay, Auckland', -36.8959408, 174.901022, '2143') for input: 9 Liam Place, Half Moon Bay, Auckland"
2025-11-27T18:29:09.841305,,Geocode Success,"2 Awakirihi Close, Shamrock Park, Auckland → matched in LINZ_SQLITE"
2025-11-27T18:29:10.076234,,Geocode Success,"LINZ: 2 Awakirihi Close, Shamrock Park, Auckland → -36.92028363, 174.9309799"
2025-11-27T18:29:10.455534,,Geocode Success,"6 Awakirihi Close, Shamrock Park, Auckland → matched in LINZ_SQLITE"
2025-11-27T18:29:10.732655,,Geocode Success,"LINZ: 6 Awakirihi Close, Shamrock Park, Auckland → -36.9200128, 174.9312022"
2025-11-27T18:29:11.076267,,Geocode Success,"7 Awakirihi Close, Shamrock Park, Auckland → matched in LINZ_SQLITE"
2025-11-27T18:29:11.325612,,Geocode Success,"LINZ: 7 Awakirihi Close, Shamrock Park, Auckland → -36.91996429, 174.9314044"
2025-11-27T18:29:11.668917,,Geocode Success,"1 Awakirihi Close, Shamrock Park, Auckland → matched in LINZ_SQLITE"
2025-11-27T18:29:11.945648,,Geocode Success,"LINZ: 1 Awakirihi Close, Shamrock Park, Auckland → -36.92034831, 174.9310951"
2025-11-27T18:29:12.255804,,Geocode Success,"3 Awakirihi Close, Shamrock Park, Auckland → matched in LINZ_SQLITE"
2025-11-27T18:29:12.502466,,Geocode Success,"LINZ: 3 Awakirihi Close, Shamrock Park, Auckland → -36.920223, 174.9312063"
2025-11-27T18:29:12.857020,,Geocode Success,"4 Awakirihi Close, Shamrock Park, Auckland → matched in LINZ_SQLITE"
2025-11-27T18:29:13.136295,,Geocode Success,"LINZ: 4 Awakirihi Close, Shamrock Park, Auckland → -36.92015023, 174.9310971"
2025-11-27T18:29:13.512248,,Geocode Success,"5 Awakirihi Close, Shamrock Park, Auckland → matched in LINZ_SQLITE"
2025-11-27T18:29:13.791869,,Geocode Success,"LINZ: 5 Awakirihi Close, Shamrock Park, Auckland → -36.92008556, 174.9313073"
2025-11-27T18:29:14.121498,,Geocode Success,"23 Dianne-Louise Drive, Half Moon Bay, Auckland → matched in LINZ_SQLITE"
2025-11-27T18:29:14.393768,,Geocode Success,"LINZ: 23 Dianne-Louise Drive, Half Moon Bay, Auckland → -36.88670838, 174.9048312"
2025-11-27T18:29:14.707201,,Geocode Success,"16 Browns Avenue, Pakuranga, Auckland → matched in LINZ_SQLITE"
2025-11-27T18:29:14.978257,,Geocode Success,"LINZ: 16 Browns Avenue, Pakuranga, Auckland → -36.9097713, 174.865812"
2025-11-27T18:29:15.330521,,Geocode Success,"2 Simmental Crescent, Somerville, Auckland → matched in LINZ_SQLITE"
2025-11-27T18:29:15.503241,,Geocode Success,"LINZ: 2 Simmental Crescent, Somerville, Auckland → -36.91354717, 174.930254"
2025-11-27T18:29:15.821746,,Geocode Success,"76 Ashby Avenue, Saint Heliers, Auckland → matched in LINZ_SQLITE"
2025-11-27T18:29:16.075932,,Geocode Success,"LINZ: 76 Ashby Avenue, Saint Heliers, Auckland → -36.86858257, 174.8603611"
2025-11-27T18:29:16.444101,,Geocode Success,"104 Prince Regent Drive, Half Moon Bay, Auckland → matched in LINZ_SQLITE"
2025-11-27T18:29:16.681897,,Geocode Success,"LINZ: 104 Prince Regent Drive, Half Moon Bay, Auckland → -36.89053112, 174.8976352"
2025-11-27T18:29:16.994676,,Geocode Success,"8 Owenbeg Rise, Dannemora, Auckland → matched in LINZ_SQLITE"
2025-11-27T18:29:17.258345,,Geocode Success,"LINZ: 8 Owenbeg Rise, Dannemora, Auckland → -36.93292822, 174.9250052"
2025-11-27T18:29:18.086323,,LINZ Miss,"62 Owenbeg Rise, Dannemora, Auckland → not found in LINZ sources (Auckland-gated)"
2025-11-27T18:29:18.259275,,Geocode Fallback,"LINZ failed for 62 Owenbeg Rise, Dannemora, Auckland"
2025-11-27T18:29:19.820173,,Geocode Variant Used,geocode.xyz used: Nearby-biased
2025-11-27T18:29:20.024176,,Geocode Success,"geocode.xyz: 62 Owenbeg Rise, Dannemora, Auckland → lat:-36.93369, lon:174.92476"
2025-11-27T18:29:20.195326,,Geocode Source,"geocode.xyz returned: ('62 Owenbeg Rise, Dannemora, Auckland', -36.93369, 174.92476, '') for input: 62 Owenbeg Rise, Dannemora, Auckland"
2025-11-27T18:29:20.706361,,Geocode Success,"13 Navan Place, Dannemora, Auckland → matched in LINZ_SQLITE"
2025-11-27T18:29:20.942954,,Geocode Success,"LINZ: 13 Navan Place, Dannemora, Auckland → -36.9341848, 174.9237745"
2025-11-27T18:29:21.267029,,Geocode Success,"13 Limerick Place, Dannemora, Auckland → matched in LINZ_SQLITE"
2025-11-27T18:29:21.565717,,Geocode Success,"LINZ: 13 Limerick Place, Dannemora, Auckland → -36.93230685, 174.9228655"
2025-11-27T18:29:21.921792,,Geocode Success,"26 Limerick Place, Dannemora, Auckland → matched in LINZ_SQLITE"
2025-11-27T18:29:22.182437,,Geocode Success,"LINZ: 26 Limerick Place, Dannemora, Auckland → -36.93198388, 174.9232873"
2025-11-27T18:29:22.502905,,Geocode Success,"8 Limerick Place, Dannemora, Auckland → matched in LINZ_SQLITE"
2025-11-27T18:29:22.797781,,Geocode Success,"LINZ: 8 Limerick Place, Dannemora, Auckland → -36.93283557, 174.9220901"
2025-11-27T18:29:23.156557,,Geocode Success,"9 Limerick Place, Dannemora, Auckland → matched in LINZ_SQLITE"
2025-11-27T18:29:23.454877,,Geocode Success,"LINZ: 9 Limerick Place, Dannemora, Auckland → -36.9326027, 174.9225397"
2025-11-27T18:29:23.826838,,Geocode Success,"11 Limerick Place, Dannemora, Auckland → matched in LINZ_SQLITE"
2025-11-27T18:29:24.152654,,Geocode Success,"LINZ: 11 Limerick Place, Dannemora, Auckland → -36.93245517, 174.9226468"
2025-11-27T18:29:24.464793,,Geocode Success,"3 Dromora Close, Dannemora, Auckland → matched in LINZ_SQLITE"
2025-11-27T18:29:24.763242,,Geocode Success,"LINZ: 3 Dromora Close, Dannemora, Auckland → -36.93276378, 174.9233175"
2025-11-27T18:29:25.088328,,Geocode Success,"4 Dromora Close, Dannemora, Auckland → matched in LINZ_SQLITE"
2025-11-27T18:29:25.336755,,Geocode Success,"LINZ: 4 Dromora Close, Dannemora, Auckland → -36.93304492, 174.9230968"
2025-11-27T18:29:25.650043,,Geocode Success,"130 Tiraumea Drive, Pakuranga, Auckland → matched in LINZ_SQLITE"
2025-11-27T18:29:25.914598,,Geocode Success,"LINZ: 130 Tiraumea Drive, Pakuranga, Auckland → -36.92017662, 174.8630357"
2025-11-27T18:29:26.711852,,LINZ Miss,"24 Tamaki Bay Drive, Pakuranga, Auckland → not found in LINZ sources (Auckland-gated)"
2025-11-27T18:29:26.897834,,Geocode Fallback,"LINZ failed for 24 Tamaki Bay Drive, Pakuranga, Auckland"
2025-11-27T18:29:28.084567,,Geocode Failed,"geocode.xyz → 24 Tamaki Bay Drive, Pakuranga, Auckland (invalid)"
2025-11-27T18:29:28.652191,,Geocode Variant Used,Photon used: Nearby-biased
2025-11-27T18:29:28.854777,,Geocode Success,"Photon: 24 Tamaki Bay Drive, Pakuranga, Auckland → lat:-36.9093641, lon:174.8675389"
2025-11-27T18:29:29.026912,,Geocode Source,"Photon returned: ('Tamaki Bay Drive, Pakuranga, Auckland', -36.9093641, 174.8675389, '') for input: 24 Tamaki Bay Drive, Pakuranga, Auckland"
2025-11-27T18:29:29.640046,,Geocode Success,"12 Fintona Place, Dannemora, Auckland → matched in LINZ_SQLITE"
2025-11-27T18:29:29.871077,,Geocode Success,"LINZ: 12 Fintona Place, Dannemora, Auckland → -36.93087968, 174.917075"
2025-11-27T18:29:30.199126,,Geocode Success,"20 Riverlea Avenue, Pakuranga, Auckland → matched in LINZ_SQLITE"
2025-11-27T18:29:30.477258,,Geocode Success,"LINZ: 20 Riverlea Avenue, Pakuranga, Auckland → -36.9084775, 174.8659419"
2025-11-27T18:29:30.792067,,Geocode Success,"21 Browns Avenue, Pakuranga, Auckland → matched in LINZ_SQLITE"
2025-11-27T18:29:31.059955,,Geocode Success,"LINZ: 21 Browns Avenue, Pakuranga, Auckland → -36.90915032, 174.8652057"
2025-11-27T18:29:31.908805,,Geocode Success,"15 Santa Ana Drive, Dannemora, Auckland → matched in LINZ_SQLITE"
2025-11-27T18:29:32.157700,,Geocode Success,"LINZ: 15 Santa Ana Drive, Dannemora, Auckland → -36.92253295, 174.926655"
2025-11-27T18:29:32.502882,,Geocode Success,"33 Santa Ana Drive, Dannemora, Auckland → matched in LINZ_SQLITE"
2025-11-27T18:29:32.753682,,Geocode Success,"LINZ: 33 Santa Ana Drive, Dannemora, Auckland → -36.9240805, 174.9262501"
2025-11-27T18:29:33.033847,,Geocode Success,"66 Sunderlands Road, Half Moon Bay, Auckland → matched in LINZ_SQLITE"
2025-11-27T18:29:33.311699,,Geocode Success,"LINZ: 66 Sunderlands Road, Half Moon Bay, Auckland → -36.88745487, 174.9072324"
2025-11-27T18:29:34.031717,,LINZ Miss,"33 Sunderlands Road, Half Moon Bay, Auckland → not found in LINZ sources (Auckland-gated)"
2025-11-27T18:29:34.217340,,Geocode Fallback,"LINZ failed for 33 Sunderlands Road, Half Moon Bay, Auckland"
2025-11-27T18:29:36.053188,,Geocode Failed,"geocode.xyz → 33 Sunderlands Road, Half Moon Bay, Auckland (invalid)"
2025-11-27T18:29:36.569757,,Geocode Variant Used,Photon used: Nearby-biased
2025-11-27T18:29:36.758760,,Geocode Success,"Photon: 33 Sunderlands Road, Half Moon Bay, Auckland → lat:-36.8857041, lon:174.9047771"
2025-11-27T18:29:36.962984,,Geocode Source,"Photon returned: ('Sunderlands Road, Half Moon Bay, Auckland', -36.8857041, 174.9047771, '') for input: 33 Sunderlands Road, Half Moon Bay, Auckland"
2025-11-27T18:29:37.383651,,Geocode Success,"19 Kentigern Close, Pakuranga, Auckland → matched in LINZ_SQLITE"
2025-11-27T18:29:37.586544,,Geocode Success,"LINZ: 19 Kentigern Close, Pakuranga, Auckland → -36.90970287, 174.8721051"
2025-11-27T18:29:37.914746,,Geocode Success,"8 Steeple Rise, Pakuranga, Auckland → matched in LINZ_SQLITE"
2025-11-27T18:29:38.071594,,Geocode Success,"LINZ: 8 Steeple Rise, Pakuranga, Auckland → -36.90987688, 174.8723326"
2025-11-27T18:29:38.320306,,Geocode Success,"25 Keppoch Court, Dannemora, Auckland → matched in LINZ_SQLITE"
2025-11-27T18:29:38.572013,,Geocode Success,"LINZ: 25 Keppoch Court, Dannemora, Auckland → -36.9276489, 174.919791"
2025-11-27T18:29:38.899602,,Geocode Success,"20 Tralee Terrace, Dannemora, Auckland → matched in LINZ_SQLITE"
2025-11-27T18:29:39.197049,,Geocode Success,"LINZ: 20 Tralee Terrace, Dannemora, Auckland → -36.92393457, 174.9228768"
2025-11-27T18:29:39.937569,,LINZ Miss,"7 Glencullen Place Dannemora, Auckland, Auckland → not found in LINZ sources (Auckland-gated)"
2025-11-27T18:29:40.144972,,Geocode Fallback,"LINZ failed for 7 Glencullen Place Dannemora, Auckland, Auckland"
2025-11-27T18:29:41.363973,,Geocode Failed,"geocode.xyz → 7 Glencullen Place Dannemora, Auckland, Auckland (invalid)"
2025-11-27T18:29:41.963740,,Geocode Variant Used,Photon used: Nearby-biased
2025-11-27T18:29:42.137162,,Geocode Success,"Photon: 7 Glencullen Place Dannemora, Auckland, Auckland → lat:-36.9308579, lon:174.9181806"
2025-11-27T18:29:42.340996,,Geocode Source,"Photon returned: ('Glencullen Place, Dannemora, Auckland', -36.9308579, 174.9181806, '') for input: 7 Glencullen Place Dannemora, Auckland, Auckland"
2025-11-27T18:29:42.751108,,Geocode Success,"7 Glencullen Place, Dannemora, Auckland → matched in LINZ_SQLITE"
2025-11-27T18:29:42.987432,,Geocode Success,"LINZ: 7 Glencullen Place, Dannemora, Auckland → -36.9308579, 174.9181806"
2025-11-27T18:29:43.237811,,Geocode Success,"11 Kingsgate Place, Dannemora, Auckland → matched in LINZ_SQLITE"
2025-11-27T18:29:43.493677,,Geocode Success,"LINZ: 11 Kingsgate Place, Dannemora, Auckland → -36.92344253, 174.9236601"
2025-11-27T18:29:43.793415,,Geocode Success,"28 Lolim Place, Favona, Auckland → matched in LINZ_SQLITE"
2025-11-27T18:29:43.983093,,Geocode Success,"LINZ: 28 Lolim Place, Favona, Auckland → -36.94689923, 174.8158488"
2025-11-27T18:29:44.331371,,Geocode Success,"34 Norana Avenue, Favona, Auckland → matched in LINZ_SQLITE"
2025-11-27T18:29:44.535481,,Geocode Success,"LINZ: 34 Norana Avenue, Favona, Auckland → -36.94562753, 174.8138819"
2025-11-27T18:29:45.106686,,Geocode Success,"54 Thornbury Crescent, East Tāmaki Heights, Auckland → matched in LINZ_SQLITE"
2025-11-27T18:29:45.392299,,Geocode Success,"LINZ: 54 Thornbury Crescent, East Tāmaki Heights, Auckland → -36.94817548, 174.9118874"
2025-11-27T18:29:46.121608,,Geocode Success,"19 Thornbury Crescent, East Tāmaki Heights, Auckland → matched in LINZ_SQLITE"
2025-11-27T18:29:46.341390,,Geocode Success,"LINZ: 19 Thornbury Crescent, East Tāmaki Heights, Auckland → -36.94808498, 174.9122526"
2025-11-27T18:29:46.690090,,Geocode Success,"31 Marriott Road, Pakuranga, Auckland → matched in LINZ_SQLITE"
2025-11-27T18:29:46.895315,,Geocode Success,"LINZ: 31 Marriott Road, Pakuranga, Auckland → -36.91871234, 174.8791875"
2025-11-27T18:29:47.193561,,Geocode Success,"40 Marriott Road, Pakuranga, Auckland → matched in LINZ_SQLITE"
2025-11-27T18:29:47.417270,,Geocode Success,"LINZ: 40 Marriott Road, Pakuranga, Auckland → -36.91834413, 174.8801469"
2025-11-27T18:29:48.047300,,Geocode Success,"21 Ayr Road, Pakuranga, Auckland → matched in LINZ_SQLITE"
2025-11-27T18:29:48.235630,,Geocode Success,"LINZ: 21 Ayr Road, Pakuranga, Auckland → -36.86338566, 174.7829381"
2025-11-27T18:29:48.580975,,Geocode Success,"32 Lewis Road, Pakuranga, Auckland → matched in LINZ_SQLITE"
2025-11-27T18:29:48.833627,,Geocode Success,"LINZ: 32 Lewis Road, Pakuranga, Auckland → -36.91332375, 174.8776739"
2025-11-27T18:29:49.639078,,LINZ Miss,"3 Kaniere Place, Half Moon Bay, Auckland → not found in LINZ sources (Auckland-gated)"
2025-11-27T18:29:49.812669,,Geocode Fallback,"LINZ failed for 3 Kaniere Place, Half Moon Bay, Auckland"
2025-11-27T18:29:51.171971,,Geocode Failed,"geocode.xyz → 3 Kaniere Place, Half Moon Bay, Auckland (invalid)"
2025-11-27T18:29:51.913077,,Geocode Variant Used,Photon used: Nearby-biased
2025-11-27T18:29:52.086884,,Geocode Success,"Photon: 3 Kaniere Place, Half Moon Bay, Auckland → lat:-36.8840532, lon:174.904582"
2025-11-27T18:29:52.244091,,Geocode Source,"Photon returned: ('Kaniere Place, Half Moon Bay, Auckland', -36.8840532, 174.904582, '') for input: 3 Kaniere Place, Half Moon Bay, Auckland"
2025-11-27T18:29:52.715506,,Geocode Success,"8 Takutai Avenue, Bucklands Beach, Auckland → matched in LINZ_SQLITE"
2025-11-27T18:29:52.965433,,Geocode Success,"LINZ: 8 Takutai Avenue, Bucklands Beach, Auckland → -36.87696323, 174.9073885"
2025-11-27T18:29:53.305413,,Geocode Success,"16 Britannia Place, Half Moon Bay, Auckland → matched in LINZ_SQLITE"
2025-11-27T18:29:53.571684,,Geocode Success,"LINZ: 16 Britannia Place, Half Moon Bay, Auckland → -36.88764048, 174.9015658"
2025-11-27T18:29:54.538309,,LINZ Miss,"6 Williams Avenue, Pakuranga, Auckland → not found in LINZ sources (Auckland-gated)"
2025-11-27T18:29:54.740273,,Geocode Fallback,"LINZ failed for 6 Williams Avenue, Pakuranga, Auckland"
2025-11-27T18:29:55.971554,,Geocode Failed,"geocode.xyz → 6 Williams Avenue, Pakuranga, Auckland (invalid)"
2025-11-27T18:29:56.398474,,Geocode Variant Used,Nominatim used: Nearby-biased
2025-11-27T18:29:56.570563,,Geocode Success,"Nominatim: 6 Williams Avenue, Pakuranga, Auckland → lat:-36.9112253, lon:174.866112"
2025-11-27T18:29:56.760151,,Geocode Source,"Nominatim returned: ('Williams Avenue, Pakūranga, Auckland', -36.9112253, 174.866112, '2010') for input: 6 Williams Avenue, Pakuranga, Auckland"
2025-11-27T19:13:15.986608,,Session Start,Script started and corrections_log.csv initialized.
2025-11-27T19:13:16.003524,,Session Start,Script started and corrections_log.csv initialized.
2025-11-27T19:13:38.747139,,Session Start,Script started and corrections_log.csv initialized.
2025-11-27T19:13:38.760207,,Session Start,Script started and corrections_log.csv initialized.
2025-11-27T19:39:44.799499,,Session Start,Script started and corrections_log.csv initialized.
2025-11-27T19:39:44.816766,,Session Start,Script started and corrections_log.csv initialized.
2025-11-27T19:43:53.969585,,Session Start,Script started and corrections_log.csv initialized.
2025-11-27T19:43:53.984786,,Session Start,Script started and corrections_log.csv initialized.
2025-11-27T19:46:42.433758,,Session Start,Script started and corrections_log.csv initialized.
2025-11-27T19:46:42.447651,,Session Start,Script started and corrections_log.csv initialized.
2025-11-27T19:47:06.488922,,Geocode Success,"7 Sheffield Place, Botany Downs, Auckland → matched in LINZ_SQLITE"
2025-11-27T19:47:06.689902,,Geocode Success,"LINZ: 7 Sheffield Place, Botany Downs, Auckland → -36.9076804, 174.9174203"
2025-11-27T19:47:07.344981,,Geocode Success,"65 Aviemore Drive, Highland Park, Auckland → matched in LINZ_SQLITE"
2025-11-27T19:47:07.713023,,Geocode Success,"LINZ: 65 Aviemore Drive, Highland Park, Auckland → -36.90476862, 174.9047863"
2025-11-27T19:47:08.415449,,Geocode Success,"58 Tarnica Road, Northpark, Auckland → matched in LINZ_SQLITE"
2025-11-27T19:47:08.694261,,Geocode Success,"LINZ: 58 Tarnica Road, Northpark, Auckland → -36.92629249, 174.9144777"
2025-11-27T19:47:09.331546,,Geocode Success,"10 Fencotie Place, Northpark, Auckland → matched in LINZ_SQLITE"
2025-11-27T19:47:09.595321,,Geocode Success,"LINZ: 10 Fencotie Place, Northpark, Auckland → -36.92733825, 174.9133632"
2025-11-27T19:47:10.124959,,Geocode Success,"4 Glassonby Road, Northpark, Auckland → matched in LINZ_SQLITE"
2025-11-27T19:47:10.436312,,Geocode Success,"LINZ: 4 Glassonby Road, Northpark, Auckland → -36.9256841, 174.9139537"
2025-11-27T19:47:10.949840,,Geocode Success,"15 Aspatria Place, Northpark, Auckland → matched in LINZ_SQLITE"
2025-11-27T19:47:11.198818,,Geocode Success,"LINZ: 15 Aspatria Place, Northpark, Auckland → -36.92471437, 174.9155052"
2025-11-27T19:47:11.679731,,Geocode Success,"14 Aspatria Place, Northpark, Auckland → matched in LINZ_SQLITE"
2025-11-27T19:47:11.944879,,Geocode Success,"LINZ: 14 Aspatria Place, Northpark, Auckland → -36.92480975, 174.9153328"
2025-11-27T19:47:12.519476,,Geocode Success,"12 Anthony Place, Pakuranga, Auckland → matched in LINZ_SQLITE"
2025-11-27T19:47:12.769065,,Geocode Success,"LINZ: 12 Anthony Place, Pakuranga, Auckland → -36.91422155, 174.8677362"
2025-11-27T19:47:24.931633,,LINZ Miss,"2 Anthony Place, Pakuranga, Auckland → not found in LINZ sources (Auckland-gated)"
2025-11-27T19:47:25.104244,,Geocode Fallback,"LINZ failed for 2 Anthony Place, Pakuranga, Auckland"
2025-11-27T19:47:26.818909,,Geocode Variant Used,geocode.xyz used: Nearby-biased
2025-11-27T19:47:27.068040,,Geocode Success,"geocode.xyz: 2 Anthony Place, Pakuranga, Auckland → lat:-36.91394, lon:174.8686"
2025-11-27T19:47:27.253965,,Geocode Source,"geocode.xyz returned: ('2 Anthony Place, Pakuranga, Auckland', -36.91394, 174.8686, '') for input: 2 Anthony Place, Pakuranga, Auckland"
2025-11-27T19:47:27.737448,,Geocode Success,"42 Aviemore Drive, Highland Park, Auckland → matched in LINZ_SQLITE"
2025-11-27T19:47:28.002592,,Geocode Success,"LINZ: 42 Aviemore Drive, Highland Park, Auckland → -36.90194977, 174.9053192"
2025-11-27T19:47:28.390322,,Geocode Success,"50 Aviemore Drive, Highland Park, Auckland → matched in LINZ_SQLITE"
2025-11-27T19:47:28.654515,,Geocode Success,"LINZ: 50 Aviemore Drive, Highland Park, Auckland → -36.90232013, 174.9052988"
2025-11-27T19:47:28.952004,,Geocode Success,"2 Dale Crescent, Pakuranga, Auckland → matched in LINZ_SQLITE"
2025-11-27T19:47:29.219036,,Geocode Success,"LINZ: 2 Dale Crescent, Pakuranga, Auckland → -36.91477022, 174.8668704"
2025-11-27T19:47:29.592556,,Geocode Success,"2 Spenbrooke Road, Flat Bush, Auckland → matched in LINZ_SQLITE"
2025-11-27T19:47:29.845321,,Geocode Success,"LINZ: 2 Spenbrooke Road, Flat Bush, Auckland → -36.95182723, 174.9082965"
2025-11-27T19:47:30.157110,,Geocode Success,"160 Kohimarama Road, Kohimarama, Auckland → matched in LINZ_SQLITE"
2025-11-27T19:47:30.405781,,Geocode Success,"LINZ: 160 Kohimarama Road, Kohimarama, Auckland → -36.85796797, 174.8370535"
2025-11-27T19:47:30.752704,,Geocode Success,"13 Weri Road, Karaka, Auckland → matched in LINZ_SQLITE"
2025-11-27T19:47:30.985796,,Geocode Success,"LINZ: 13 Weri Road, Karaka, Auckland → -37.09908441, 174.936907"
2025-11-27T19:47:31.374465,,Geocode Success,"19 Hope Farm Avenue, Pakuranga Heights, Auckland → matched in LINZ_SQLITE"
2025-11-27T19:47:31.626225,,Geocode Success,"LINZ: 19 Hope Farm Avenue, Pakuranga Heights, Auckland → -36.9125845, 174.8969052"
2025-11-27T19:47:31.969546,,Geocode Success,"39 Dalwhinnie Parade, Highland Park, Auckland → matched in LINZ_SQLITE"
2025-11-27T19:47:32.171206,,Geocode Success,"LINZ: 39 Dalwhinnie Parade, Highland Park, Auckland → -36.90298093, 174.912626"
2025-11-27T19:47:32.451330,,Geocode Success,"39 Highland Park Drive, Highland Park, Auckland → matched in LINZ_SQLITE"
2025-11-27T19:47:32.732030,,Geocode Success,"LINZ: 39 Highland Park Drive, Highland Park, Auckland → -36.90209405, 174.9118889"
2025-11-27T19:47:33.047789,,Geocode Success,"8 Kincraig Place, Highland Park, Auckland → matched in LINZ_SQLITE"
2025-11-27T19:47:33.324773,,Geocode Success,"LINZ: 8 Kincraig Place, Highland Park, Auckland → -36.9037778, 174.91321"
2025-11-27T19:47:34.134410,,LINZ Miss,"12 Veagh Place, Highland Park, Auckland → not found in LINZ sources (Auckland-gated)"
2025-11-27T19:47:34.320275,,Geocode Fallback,"LINZ failed for 12 Veagh Place, Highland Park, Auckland"
2025-11-27T19:47:35.535965,,Geocode Failed,"geocode.xyz → 12 Veagh Place, Highland Park, Auckland (invalid)"
2025-11-27T19:47:36.207019,,Geocode Variant Used,Photon used: Nearby-biased
2025-11-27T19:47:36.395136,,Geocode Success,"Photon: 12 Veagh Place, Highland Park, Auckland → lat:-36.9044121, lon:174.9090551"
2025-11-27T19:47:36.599552,,Geocode Source,"Photon returned: ('Veagh Place, Highland Park, Auckland', -36.9044121, 174.9090551, '') for input: 12 Veagh Place, Highland Park, Auckland"
2025-11-27T19:47:39.033566,,LINZ Miss,"18 Veagh Place, Highland Park, Auckland → not found in LINZ sources (Auckland-gated)"
2025-11-27T19:47:39.223213,,Geocode Fallback,"LINZ failed for 18 Veagh Place, Highland Park, Auckland"
2025-11-27T19:47:41.122639,,Geocode Variant Used,Photon used: Nearby-biased
2025-11-27T19:47:41.341193,,Geocode Success,"Photon: 18 Veagh Place, Highland Park, Auckland → lat:-36.9046617, lon:174.9091933"
2025-11-27T19:47:41.543608,,Geocode Source,"Photon returned: ('Veagh Place, Highland Park, Auckland', -36.9046617, 174.9091933, '') for input: 18 Veagh Place, Highland Park, Auckland"
2025-11-27T19:47:42.027112,,Geocode Success,"29 Dalwhinnie Parade, Highland Park, Auckland → matched in LINZ_SQLITE"
2025-11-27T19:47:42.308700,,Geocode Success,"LINZ: 29 Dalwhinnie Parade, Highland Park, Auckland → -36.9020446, 174.9146806"
2025-11-27T19:47:42.949681,,LINZ Miss,"60 Highland Park Drive, Highland Park, Auckland → not found in LINZ sources (Auckland-gated)"
2025-11-27T19:47:43.071253,,Geocode Fallback,"LINZ failed for 60 Highland Park Drive, Highland Park, Auckland"
2025-11-27T19:47:44.913011,,Geocode Variant Used,geocode.xyz used: Nearby-biased
2025-11-27T19:47:45.131243,,Geocode Success,"geocode.xyz: 60 Highland Park Drive, Highland Park, Auckland → lat:-36.90222, lon:174.91298"
2025-11-27T19:47:45.317129,,Geocode Source,"geocode.xyz returned: ('60 Highland Park Drive, Highland Park, Auckland', -36.90222, 174.91298, '') for input: 60 Highland Park Drive, Highland Park, Auckland"
2025-11-27T19:47:45.768805,,Geocode Success,"92 Vale Road, Saint Heliers, Auckland → matched in LINZ_SQLITE"
2025-11-27T19:47:46.033785,,Geocode Success,"LINZ: 92 Vale Road, Saint Heliers, Auckland → -36.85422133, 174.8667624"
2025-11-27T19:47:46.343752,,Geocode Success,"101 Aviemore Drive, Highland Park, Auckland → matched in LINZ_SQLITE"
2025-11-27T19:47:46.559511,,Geocode Success,"LINZ: 101 Aviemore Drive, Highland Park, Auckland → -36.90688755, 174.9052152"
2025-11-27T19:47:46.917467,,Geocode Success,"89 Aviemore Drive, Highland Park, Auckland → matched in LINZ_SQLITE"
2025-11-27T19:47:47.165703,,Geocode Success,"LINZ: 89 Aviemore Drive, Highland Park, Auckland → -36.9061917, 174.9049633"
2025-11-27T19:47:47.537382,,Geocode Success,"59 Aviemore Drive, Highland Park, Auckland → matched in LINZ_SQLITE"
2025-11-27T19:47:47.836834,,Geocode Success,"LINZ: 59 Aviemore Drive, Highland Park, Auckland → -36.90421287, 174.9047538"
2025-11-27T19:47:48.130227,,Geocode Success,"21 Belgate Place, Somerville, Auckland → matched in LINZ_SQLITE"
2025-11-27T19:47:48.410523,,Geocode Success,"LINZ: 21 Belgate Place, Somerville, Auckland → -36.91113792, 174.927218"
2025-11-27T19:47:48.800632,,Geocode Success,"23 Palmcrest Grove, Highland Park, Auckland → matched in LINZ_SQLITE"
2025-11-27T19:47:49.065062,,Geocode Success,"LINZ: 23 Palmcrest Grove, Highland Park, Auckland → -36.90239785, 174.9061027"
2025-11-27T19:47:49.377766,,Geocode Success,"702 Pakuranga Road, Howick, Auckland → matched in LINZ_SQLITE"
2025-11-27T19:47:49.644317,,Geocode Success,"LINZ: 702 Pakuranga Road, Howick, Auckland → -36.89882635, 174.9178044"
2025-11-27T19:47:49.937756,,Geocode Success,"68 Alicia Road, Somerville, Auckland → matched in LINZ_SQLITE"
2025-11-27T19:47:50.249712,,Geocode Success,"LINZ: 68 Alicia Road, Somerville, Auckland → -36.91069488, 174.9379552"
2025-11-27T19:47:50.575575,,Geocode Success,"44 Edendale Road, Somerville, Auckland → matched in LINZ_SQLITE"
2025-11-27T19:47:50.783525,,Geocode Success,"LINZ: 44 Edendale Road, Somerville, Auckland → -36.91150113, 174.9290791"
2025-11-27T19:47:51.124613,,Geocode Success,"46 Edendale Road, Somerville, Auckland → matched in LINZ_SQLITE"
2025-11-27T19:47:51.418583,,Geocode Success,"LINZ: 46 Edendale Road, Somerville, Auckland → -36.91126932, 174.9289384"
2025-11-27T19:47:51.791291,,Geocode Success,"2 Belgate Place, Somerville, Auckland → matched in LINZ_SQLITE"
2025-11-27T19:47:52.024846,,Geocode Success,"LINZ: 2 Belgate Place, Somerville, Auckland → -36.91072098, 174.9286089"
2025-11-27T19:47:52.367116,,Geocode Success,"72 Edendale Road, Somerville, Auckland → matched in LINZ_SQLITE"
2025-11-27T19:47:52.647983,,Geocode Success,"LINZ: 72 Edendale Road, Somerville, Auckland → -36.90867618, 174.9305152"
2025-11-27T19:47:53.020839,,Geocode Success,"53 O'Halloran Road, Howick, Auckland → matched in LINZ_SQLITE"
2025-11-27T19:47:53.254313,,Geocode Success,"LINZ: 53 O'Halloran Road, Howick, Auckland → -36.8957141, 174.9206852"
2025-11-27T19:47:53.536020,,Geocode Success,"172 Botany Road, Botany Downs, Auckland → matched in LINZ_SQLITE"
2025-11-27T19:47:53.767581,,Geocode Success,"LINZ: 172 Botany Road, Botany Downs, Auckland → -36.91408478, 174.9161726"
2025-11-27T19:47:54.078267,,Geocode Success,"178 Botany Road, Botany Downs, Auckland → matched in LINZ_SQLITE"
2025-11-27T19:47:54.374026,,Geocode Success,"LINZ: 178 Botany Road, Botany Downs, Auckland → -36.91448028, 174.916341"
2025-11-27T19:47:54.746881,,Geocode Success,"20 Mirrabooka Avenue, Botany Downs, Auckland → matched in LINZ_SQLITE"
2025-11-27T19:47:55.011500,,Geocode Success,"LINZ: 20 Mirrabooka Avenue, Botany Downs, Auckland → -36.91020433, 174.9240548"
2025-11-27T19:47:55.804408,,LINZ Miss,"9 Mirrabooka Avenue, Botany Downs, Auckland → not found in LINZ sources (Auckland-gated)"
2025-11-27T19:47:55.976654,,Geocode Fallback,"LINZ failed for 9 Mirrabooka Avenue, Botany Downs, Auckland"
2025-11-27T19:47:59.055009,,Geocode Failed,"geocode.xyz → 9 Mirrabooka Avenue, Botany Downs, Auckland (invalid)"
2025-11-27T19:47:59.910489,,Geocode Variant Used,Nominatim used: Nearby-biased
2025-11-27T19:48:00.099254,,Geocode Success,"Nominatim: 9 Mirrabooka Avenue, Botany Downs, Auckland → lat:-36.9100765, lon:174.9235701"
2025-11-27T19:48:00.286938,,Geocode Source,"Nominatim returned: ('Mirrabooka Avenue, Botany Downs, Auckland', -36.9100765, 174.9235701, '2014') for input: 9 Mirrabooka Avenue, Botany Downs, Auckland"
2025-11-27T19:48:00.691921,,Geocode Success,"14 Mirrabooka Avenue, Botany Downs, Auckland → matched in LINZ_SQLITE"
2025-11-27T19:48:00.971931,,Geocode Success,"LINZ: 14 Mirrabooka Avenue, Botany Downs, Auckland → -36.91004731, 174.9242015"
2025-11-27T19:48:01.312714,,Geocode Success,"13 Bunker Rise, Golflands, Auckland → matched in LINZ_SQLITE"
2025-11-27T19:48:01.594334,,Geocode Success,"LINZ: 13 Bunker Rise, Golflands, Auckland → -36.92868663, 174.9078328"
2025-11-27T19:48:01.985155,,Geocode Success,"4 Bunker Rise, Golflands, Auckland → matched in LINZ_SQLITE"
2025-11-27T19:48:02.203315,,Geocode Success,"LINZ: 4 Bunker Rise, Golflands, Auckland → -36.9289267, 174.9081434"
2025-11-27T19:48:02.545882,,Geocode Success,"2 Nagle Place, Golflands, Auckland → matched in LINZ_SQLITE"
2025-11-27T19:48:02.840062,,Geocode Success,"LINZ: 2 Nagle Place, Golflands, Auckland → -36.92879458, 174.9087673"
2025-11-27T19:48:03.214576,,Geocode Success,"22 Carriage Close, Northpark, Auckland → matched in LINZ_SQLITE"
2025-11-27T19:48:03.493879,,Geocode Success,"LINZ: 22 Carriage Close, Northpark, Auckland → -36.91582802, 174.9226905"
2025-11-27T19:48:03.806394,,Geocode Success,"14 Els Close, Golflands, Auckland → matched in LINZ_SQLITE"
2025-11-27T19:48:04.055490,,Geocode Success,"LINZ: 14 Els Close, Golflands, Auckland → -36.92824297, 174.9080115"
2025-11-27T19:48:04.397069,,Geocode Success,"4 Crescent Hills Court, Northpark, Auckland → matched in LINZ_SQLITE"
2025-11-27T19:48:04.680540,,Geocode Success,"LINZ: 4 Crescent Hills Court, Northpark, Auckland → -36.91851152, 174.9254718"
2025-11-27T19:48:05.054549,,Geocode Success,"18 Royalle Mews, Botany Downs, Auckland → matched in LINZ_SQLITE"
2025-11-27T19:48:05.284991,,Geocode Success,"LINZ: 18 Royalle Mews, Botany Downs, Auckland → -36.90948742, 174.917709"
2025-11-27T19:48:05.583547,,Geocode Success,"5 Kallaroo Place, Botany Downs, Auckland → matched in LINZ_SQLITE"
2025-11-27T19:48:05.864228,,Geocode Success,"LINZ: 5 Kallaroo Place, Botany Downs, Auckland → -36.91326345, 174.9207951"
2025-11-27T19:48:06.208981,,Geocode Success,"8 The Green, Golflands, Auckland → matched in LINZ_SQLITE"
2025-11-27T19:48:06.474081,,Geocode Success,"LINZ: 8 The Green, Golflands, Auckland → -36.91978077, 174.9069734"
2025-11-27T19:48:06.798074,,Geocode Success,"11 Nypa Way, Somerville, Auckland → matched in LINZ_SQLITE"
2025-11-27T19:48:07.060350,,Geocode Success,"LINZ: 11 Nypa Way, Somerville, Auckland → -36.90792988, 174.9323795"
2025-11-27T19:48:07.400577,,Geocode Success,"72 Drake Street, Howick, Auckland → matched in LINZ_SQLITE"
2025-11-27T19:48:07.603383,,Geocode Success,"LINZ: 72 Drake Street, Howick, Auckland → -36.89964167, 174.9298111"
2025-11-27T19:48:07.867139,,Geocode Success,"64 Drake Street, Howick, Auckland → matched in LINZ_SQLITE"
2025-11-27T19:48:08.024513,,Geocode Success,"LINZ: 64 Drake Street, Howick, Auckland → -36.89970628, 174.9306199"
2025-11-27T19:48:08.301062,,Geocode Success,"42 Drake Street, Howick, Auckland → matched in LINZ_SQLITE"
2025-11-27T19:48:08.501843,,Geocode Success,"LINZ: 42 Drake Street, Howick, Auckland → -36.90012817, 174.9321474"
2025-11-27T19:48:08.832687,,Geocode Success,"40 Drake Street, Howick, Auckland → matched in LINZ_SQLITE"
2025-11-27T19:48:09.066704,,Geocode Success,"LINZ: 40 Drake Street, Howick, Auckland → -36.90022498, 174.932335"
2025-11-27T19:48:09.783450,,LINZ Miss,"55 Drake Street, Howick, Auckland → not found in LINZ sources (Auckland-gated)"
2025-11-27T19:48:09.971844,,Geocode Fallback,"LINZ failed for 55 Drake Street, Howick, Auckland"
2025-11-27T19:48:11.781678,,Geocode Variant Used,geocode.xyz used: Nearby-biased
2025-11-27T19:48:12.014501,,Geocode Success,"geocode.xyz: 55 Drake Street, Howick, Auckland → lat:-36.89945, lon:174.9311"
2025-11-27T19:48:12.200601,,Geocode Source,"geocode.xyz returned: ('55 Drake Street, Howick, Auckland', -36.89945, 174.9311, '') for input: 55 Drake Street, Howick, Auckland"
2025-11-27T19:48:13.080817,,LINZ Miss,"57 Drake Street, Howick, Auckland → not found in LINZ sources (Auckland-gated)"
2025-11-27T19:48:13.252940,,Geocode Fallback,"LINZ failed for 57 Drake Street, Howick, Auckland"
2025-11-27T19:48:14.872043,,Geocode Variant Used,Nominatim used: Nearby-biased
2025-11-27T19:48:15.106861,,Geocode Success,"Nominatim: 57 Drake Street, Howick, Auckland → lat:-36.8993359, lon:174.9309502"
2025-11-27T19:48:15.277621,,Geocode Source,"Nominatim returned: ('Drake Street, Howick, Auckland', -36.8993359, 174.9309502, '2014') for input: 57 Drake Street, Howick, Auckland"
2025-11-27T19:48:16.028552,,Geocode Success,"23 Baird Street, Howick, Auckland → matched in LINZ_SQLITE"
2025-11-27T19:48:16.263785,,Geocode Success,"LINZ: 23 Baird Street, Howick, Auckland → -36.90048198, 174.9309772"
2025-11-27T19:48:16.591035,,Geocode Success,"1 Stockade View Lane, Howick, Auckland → matched in LINZ_SQLITE"
2025-11-27T19:48:16.842634,,Geocode Success,"LINZ: 1 Stockade View Lane, Howick, Auckland → -36.8978012, 174.9317788"
2025-11-27T19:48:17.199777,,Geocode Success,"3 Athenry Place, Dannemora, Auckland → matched in LINZ_SQLITE"
2025-11-27T19:48:17.497684,,Geocode Success,"LINZ: 3 Athenry Place, Dannemora, Auckland → -36.92921805, 174.9218251"
2025-11-27T19:48:17.810909,,Geocode Success,"27 Athenry Place, Dannemora, Auckland → matched in LINZ_SQLITE"
2025-11-27T19:48:18.059052,,Geocode Success,"LINZ: 27 Athenry Place, Dannemora, Auckland → -36.9303555, 174.9202783"
2025-11-27T19:48:18.431884,,Geocode Success,"21 Athenry Place, Dannemora, Auckland → matched in LINZ_SQLITE"
2025-11-27T19:48:18.697862,,Geocode Success,"LINZ: 21 Athenry Place, Dannemora, Auckland → -36.92987067, 174.9207648"
2025-11-27T19:48:19.071309,,Geocode Success,"10 Balbriggan Rise, Dannemora, Auckland → matched in LINZ_SQLITE"
2025-11-27T19:48:19.305077,,Geocode Success,"LINZ: 10 Balbriggan Rise, Dannemora, Auckland → -36.93027865, 174.9229539"
2025-11-27T19:48:19.679036,,Geocode Success,"3 Balbriggan Rise, Dannemora, Auckland → matched in LINZ_SQLITE"
2025-11-27T19:48:19.963255,,Geocode Success,"LINZ: 3 Balbriggan Rise, Dannemora, Auckland → -36.93078775, 174.9228258"
2025-11-27T19:48:20.310674,,Geocode Success,"42 Keppoch Court, Dannemora, Auckland → matched in LINZ_SQLITE"
2025-11-27T19:48:20.561845,,Geocode Success,"LINZ: 42 Keppoch Court, Dannemora, Auckland → -36.92766952, 174.9192487"
2025-11-27T19:48:20.889410,,Geocode Success,"30 Botany Road, Howick, Auckland → matched in LINZ_SQLITE"
2025-11-27T19:48:21.046134,,Geocode Success,"LINZ: 30 Botany Road, Howick, Auckland → -36.90142063, 174.9188992"
2025-11-27T19:48:21.386503,,Geocode Success,"34 Wiltshire Place, Somerville, Auckland → matched in LINZ_SQLITE"
2025-11-27T19:48:21.664920,,Geocode Success,"LINZ: 34 Wiltshire Place, Somerville, Auckland → -36.91918928, 174.9316863"
2025-11-27T19:48:21.993659,,Geocode Success,"7 Ravensdale Rise, Northpark, Auckland → matched in LINZ_SQLITE"
2025-11-27T19:48:22.259934,,Geocode Success,"LINZ: 7 Ravensdale Rise, Northpark, Auckland → -36.92459517, 174.9194364"
2025-11-27T19:48:22.602782,,Geocode Success,"11 Ravensdale Rise, Northpark, Auckland → matched in LINZ_SQLITE"
2025-11-27T19:48:22.881309,,Geocode Success,"LINZ: 11 Ravensdale Rise, Northpark, Auckland → -36.92487133, 174.919698"
2025-11-27T19:48:23.176269,,Geocode Success,"3 Ravensdale Rise, Northpark, Auckland → matched in LINZ_SQLITE"
2025-11-27T19:48:23.439069,,Geocode Success,"LINZ: 3 Ravensdale Rise, Northpark, Auckland → -36.92433155, 174.9191225"
2025-11-27T19:48:23.749151,,Geocode Success,"7 Braystones Place, Northpark, Auckland → matched in LINZ_SQLITE"
2025-11-27T19:48:24.032253,,Geocode Success,"LINZ: 7 Braystones Place, Northpark, Auckland → -36.92348138, 174.917926"
2025-11-27T19:48:24.400969,,Geocode Success,"15 Braystones Place, Northpark, Auckland → matched in LINZ_SQLITE"
2025-11-27T19:48:24.650221,,Geocode Success,"LINZ: 15 Braystones Place, Northpark, Auckland → -36.92353617, 174.9175612"
2025-11-27T19:48:24.993204,,Geocode Success,"12 Braystones Place, Northpark, Auckland → matched in LINZ_SQLITE"
2025-11-27T19:48:25.274693,,Geocode Success,"LINZ: 12 Braystones Place, Northpark, Auckland → -36.92377923, 174.9177154"
2025-11-27T19:48:25.632734,,Geocode Success,"10 Braystones Place, Northpark, Auckland → matched in LINZ_SQLITE"
2025-11-27T19:48:25.899185,,Geocode Success,"LINZ: 10 Braystones Place, Northpark, Auckland → -36.92400058, 174.9176121"
2025-11-27T19:48:26.194485,,Geocode Success,"8 Jeff Place, Howick, Auckland → matched in LINZ_SQLITE"
2025-11-27T19:48:26.460613,,Geocode Success,"LINZ: 8 Jeff Place, Howick, Auckland → -36.89614197, 174.9197172"
2025-11-27T19:48:26.758438,,Geocode Success,"13 Seaglen Place, Botany Downs, Auckland → matched in LINZ_SQLITE"
2025-11-27T19:48:27.028994,,Geocode Success,"LINZ: 13 Seaglen Place, Botany Downs, Auckland → -36.9124544, 174.9117554"
2025-11-27T19:48:27.713081,,Geocode Success,"21 Thirlmere Rise, Northpark, Auckland → matched in LINZ_SQLITE"
2025-11-27T19:48:27.947499,,Geocode Success,"LINZ: 21 Thirlmere Rise, Northpark, Auckland → -36.92576493, 174.9193622"
2025-11-27T19:48:28.259262,,Geocode Success,"25 Thirlmere Rise, Northpark, Auckland → matched in LINZ_SQLITE"
2025-11-27T19:48:28.476213,,Geocode Success,"LINZ: 25 Thirlmere Rise, Northpark, Auckland → -36.9254784, 174.9196393"
2025-11-27T19:48:28.865399,,Geocode Success,"23 Thirlmere Rise, Northpark, Auckland → matched in LINZ_SQLITE"
2025-11-27T19:48:29.174507,,Geocode Success,"LINZ: 23 Thirlmere Rise, Northpark, Auckland → -36.92556927, 174.9194158"
2025-11-27T19:48:29.844953,,Geocode Success,"19 Thirlmere Rise, Northpark, Auckland → matched in LINZ_SQLITE"
2025-11-27T19:48:30.126621,,Geocode Success,"LINZ: 19 Thirlmere Rise, Northpark, Auckland → -36.92595435, 174.9192491"
2025-11-27T19:48:30.437537,,Geocode Success,"17 Thirlmere Rise, Northpark, Auckland → matched in LINZ_SQLITE"
2025-11-27T19:48:30.703565,,Geocode Success,"LINZ: 17 Thirlmere Rise, Northpark, Auckland → -36.92571407, 174.9192513"
2025-11-27T19:48:31.017677,,Geocode Success,"3 Thirlmere Rise, Northpark, Auckland → matched in LINZ_SQLITE"
2025-11-27T19:48:31.268261,,Geocode Success,"LINZ: 3 Thirlmere Rise, Northpark, Auckland → -36.92494533, 174.9183537"
2025-11-27T19:48:31.627920,,Geocode Success,"3 Yarlside Place, Northpark, Auckland → matched in LINZ_SQLITE"
2025-11-27T19:48:31.922449,,Geocode Success,"LINZ: 3 Yarlside Place, Northpark, Auckland → -36.9245043, 174.9174168"
2025-11-27T19:48:32.283292,,Geocode Success,"5 Yarlside Place, Northpark, Auckland → matched in LINZ_SQLITE"
2025-11-27T19:48:32.547228,,Geocode Success,"LINZ: 5 Yarlside Place, Northpark, Auckland → -36.9243683, 174.9172535"
2025-11-27T19:48:32.875700,,Geocode Success,"15 Yarlside Place, Northpark, Auckland → matched in LINZ_SQLITE"
2025-11-27T19:48:33.110578,,Geocode Success,"LINZ: 15 Yarlside Place, Northpark, Auckland → -36.9236602, 174.9170324"
2025-11-27T19:48:33.827809,,LINZ Miss,"26 Libby Lane, Howick, Auckland → not found in LINZ sources (Auckland-gated)"
2025-11-27T19:48:33.998544,,Geocode Fallback,"LINZ failed for 26 Libby Lane, Howick, Auckland"
2025-11-27T19:48:39.386211,,Geocode Variant Used,geocode.xyz used: Nearby-biased
2025-11-27T19:48:39.572331,,Geocode Success,"geocode.xyz: 26 Libby Lane, Howick, Auckland → lat:-36.90079, lon:174.91973"
2025-11-27T19:48:39.773107,,Geocode Source,"geocode.xyz returned: ('26 Libby Lane, Howick, Auckland', -36.90079, 174.91973, '') for input: 26 Libby Lane, Howick, Auckland"
2025-11-27T19:48:41.292017,,Geocode Success,"3 Caldbeck Rise, Northpark, Auckland → matched in LINZ_SQLITE"
2025-11-27T19:48:41.527840,,Geocode Success,"LINZ: 3 Caldbeck Rise, Northpark, Auckland → -36.92560358, 174.9178973"
2025-11-27T19:48:41.884964,,Geocode Success,"36 Burswood Drive, Burswood, Auckland → matched in LINZ_SQLITE"
2025-11-27T19:48:42.054948,,Geocode Success,"LINZ: 36 Burswood Drive, Burswood, Auckland → -36.92518122, 174.9014259"
2025-11-27T19:48:42.366076,,Geocode Success,"38 Burswood Drive, Burswood, Auckland → matched in LINZ_SQLITE"
2025-11-27T19:48:42.567422,,Geocode Success,"LINZ: 38 Burswood Drive, Burswood, Auckland → -36.92501345, 174.9013673"
2025-11-27T19:48:42.941762,,Geocode Success,"7 Jane Eyre Drive, Somerville, Auckland → matched in LINZ_SQLITE"
2025-11-27T19:48:43.176916,,Geocode Success,"LINZ: 7 Jane Eyre Drive, Somerville, Auckland → -36.9133067, 174.9340252"
2025-11-27T19:48:43.549997,,Geocode Success,"52 Simmental Crescent, Somerville, Auckland → matched in LINZ_SQLITE"
2025-11-27T19:48:43.797445,,Geocode Success,"LINZ: 52 Simmental Crescent, Somerville, Auckland → -36.91453505, 174.9334726"
2025-11-27T19:48:44.138968,,Geocode Success,"15 Annalong Road, Dannemora, Auckland → matched in LINZ_SQLITE"
2025-11-27T19:48:44.373066,,Geocode Success,"LINZ: 15 Annalong Road, Dannemora, Auckland → -36.92614867, 174.9247805"
2025-11-27T19:48:44.700267,,Geocode Success,"1 Greenhill Crescent, Pakuranga, Auckland → matched in LINZ_SQLITE"
2025-11-27T19:48:44.934758,,Geocode Success,"LINZ: 1 Greenhill Crescent, Pakuranga, Auckland → -36.91010008, 174.8817249"
2025-11-27T19:48:45.325936,,Geocode Success,"2 Greenhill Crescent, Pakuranga, Auckland → matched in LINZ_SQLITE"
2025-11-27T19:48:45.559436,,Geocode Success,"LINZ: 2 Greenhill Crescent, Pakuranga, Auckland → -36.90977165, 174.882003"
2025-11-27T19:48:45.946859,,Geocode Success,"2 Grassways Avenue, Pakuranga, Auckland → matched in LINZ_SQLITE"
2025-11-27T19:48:46.133653,,Geocode Success,"LINZ: 2 Grassways Avenue, Pakuranga, Auckland → -36.91148685, 174.8817004"
2025-11-27T19:48:46.810490,,LINZ Miss,"9 Larne Avenue, Pakuranga Heights, Auckland → not found in LINZ sources (Auckland-gated)"
2025-11-27T19:48:46.998293,,Geocode Fallback,"LINZ failed for 9 Larne Avenue, Pakuranga Heights, Auckland"
2025-11-27T19:48:48.503330,,Geocode Variant Used,Nominatim used: Nearby-biased
2025-11-27T19:48:48.643735,,Geocode Success,"Nominatim: 9 Larne Avenue, Pakuranga Heights, Auckland → lat:-36.9098529, lon:174.8860705"
2025-11-27T19:48:48.847118,,Geocode Source,"Nominatim returned: ('Larne Avenue, Pakuranga Heights, Auckland', -36.9098529, 174.8860705, '2010') for input: 9 Larne Avenue, Pakuranga Heights, Auckland"
2025-11-27T19:48:49.312107,,Geocode Success,"17 Dulwich Place, Burswood, Auckland → matched in LINZ_SQLITE"
2025-11-27T19:48:49.545206,,Geocode Success,"LINZ: 17 Dulwich Place, Burswood, Auckland → -36.92438975, 174.8971477"
2025-11-27T19:48:49.905022,,Geocode Success,"3 Halstead Place, Huntington Park, Auckland → matched in LINZ_SQLITE"
2025-11-27T19:48:50.138892,,Geocode Success,"LINZ: 3 Halstead Place, Huntington Park, Auckland → -36.93386818, 174.9055464"
2025-11-27T19:48:50.494163,,Geocode Success,"6 Halstead Place, Huntington Park, Auckland → matched in LINZ_SQLITE"
2025-11-27T19:48:50.723918,,Geocode Success,"LINZ: 6 Halstead Place, Huntington Park, Auckland → -36.9336261, 174.905989"
2025-11-27T19:48:51.054131,,Geocode Success,"7 Halstead Place, Huntington Park, Auckland → matched in LINZ_SQLITE"
2025-11-27T19:48:51.285907,,Geocode Success,"LINZ: 7 Halstead Place, Huntington Park, Auckland → -36.93395118, 174.905953"
2025-11-27T19:48:51.629133,,Geocode Success,"5 Saidia Place, Huntington Park, Auckland → matched in LINZ_SQLITE"
2025-11-27T19:48:51.895351,,Geocode Success,"LINZ: 5 Saidia Place, Huntington Park, Auckland → -36.93090832, 174.9055363"
2025-11-27T19:48:52.237008,,Geocode Success,"10 Bowscale Place, Northpark, Auckland → matched in LINZ_SQLITE"
2025-11-27T19:48:52.424342,,Geocode Success,"LINZ: 10 Bowscale Place, Northpark, Auckland → -36.9270935, 174.9143223"
2025-11-27T19:48:52.845131,,Geocode Success,"12 Bowscale Place, Northpark, Auckland → matched in LINZ_SQLITE"
2025-11-27T19:48:53.125788,,Geocode Success,"LINZ: 12 Bowscale Place, Northpark, Auckland → -36.9272774, 174.9144891"
2025-11-27T19:48:53.449376,,Geocode Success,"14 Bowscale Place, Northpark, Auckland → matched in LINZ_SQLITE"
2025-11-27T19:48:53.664929,,Geocode Success,"LINZ: 14 Bowscale Place, Northpark, Auckland → -36.92735428, 174.9147358"
2025-11-27T19:48:54.007447,,Geocode Success,"19 Bowscale Place, Northpark, Auckland → matched in LINZ_SQLITE"
2025-11-27T19:48:54.223625,,Geocode Success,"LINZ: 19 Bowscale Place, Northpark, Auckland → -36.92774327, 174.914914"
2025-11-27T19:48:54.503793,,Geocode Success,"17 Bowscale Place, Northpark, Auckland → matched in LINZ_SQLITE"
2025-11-27T19:48:54.736980,,Geocode Success,"LINZ: 17 Bowscale Place, Northpark, Auckland → -36.92759137, 174.9146499"
2025-11-27T19:48:55.422058,,LINZ Miss,"2 Fencotie Place, Northpark, Auckland → not found in LINZ sources (Auckland-gated)"
2025-11-27T19:48:55.656046,,Geocode Fallback,"LINZ failed for 2 Fencotie Place, Northpark, Auckland"
2025-11-27T19:48:56.983066,,Geocode Failed,"geocode.xyz → 2 Fencotie Place, Northpark, Auckland (invalid)"
2025-11-27T19:48:57.201069,,Geocode Variant Used,Nominatim used: Nearby-biased
2025-11-27T19:48:57.369451,,Geocode Success,"Nominatim: 2 Fencotie Place, Northpark, Auckland → lat:-36.927458, lon:174.9132407"
2025-11-27T19:48:57.537605,,Geocode Source,"Nominatim returned: ('Fencotie Place, Northpark, Auckland', -36.927458, 174.9132407, '2013') for input: 2 Fencotie Place, Northpark, Auckland"
2025-11-27T19:48:57.945446,,Geocode Success,"1 Fencotie Place, Northpark, Auckland → matched in LINZ_SQLITE"
2025-11-27T19:48:58.193202,,Geocode Success,"LINZ: 1 Fencotie Place, Northpark, Auckland → -36.92714618, 174.9138891"
2025-11-27T19:48:58.522639,,Geocode Success,"54 Springside Drive, Flat Bush, Auckland → matched in LINZ_SQLITE"
2025-11-27T19:48:58.771134,,Geocode Success,"LINZ: 54 Springside Drive, Flat Bush, Auckland → -36.97403128, 174.9206939"
2025-11-27T19:48:59.158348,,Geocode Success,"50 Springside Drive, Flat Bush, Auckland → matched in LINZ_SQLITE"
2025-11-27T19:48:59.405837,,Geocode Success,"LINZ: 50 Springside Drive, Flat Bush, Auckland → -36.97378407, 174.920768"
2025-11-27T19:48:59.812787,,Geocode Success,"39 Calluna Crescent, Totara Heights, Auckland → matched in LINZ_SQLITE"
2025-11-27T19:49:00.033186,,Geocode Success,"LINZ: 39 Calluna Crescent, Totara Heights, Auckland → -37.00234955, 174.9053502"
2025-11-27T19:49:00.341995,,Geocode Success,"79 Meadowland Drive, Somerville, Auckland → matched in LINZ_SQLITE"
2025-11-27T19:49:00.607730,,Geocode Success,"LINZ: 79 Meadowland Drive, Somerville, Auckland → -36.91238347, 174.9316046"
2025-11-27T19:49:00.967900,,Geocode Success,"2 Uldale Place, Northpark, Auckland → matched in LINZ_SQLITE"
2025-11-27T19:49:01.199955,,Geocode Success,"LINZ: 2 Uldale Place, Northpark, Auckland → -36.92586343, 174.9165812"
2025-11-27T19:49:01.538068,,Geocode Success,"9 Uldale Place, Northpark, Auckland → matched in LINZ_SQLITE"
2025-11-27T19:49:01.755840,,Geocode Success,"LINZ: 9 Uldale Place, Northpark, Auckland → -36.92491643, 174.9167022"
2025-11-27T19:49:02.114671,,Geocode Success,"30 Ambleside Drive, Northpark, Auckland → matched in LINZ_SQLITE"
2025-11-27T19:49:02.363193,,Geocode Success,"LINZ: 30 Ambleside Drive, Northpark, Auckland → -36.92750895, 174.9177498"
2025-11-27T19:49:03.001565,,LINZ Miss,"50 Tarnica Road, Northpark, Auckland → not found in LINZ sources (Auckland-gated)"
2025-11-27T19:49:03.156259,,Geocode Fallback,"LINZ failed for 50 Tarnica Road, Northpark, Auckland"
2025-11-27T19:49:04.804566,,Geocode Variant Used,Nominatim used: Nearby-biased
2025-11-27T19:49:04.975348,,Geocode Success,"Nominatim: 50 Tarnica Road, Northpark, Auckland → lat:-36.9262726, lon:174.9158569"
2025-11-27T19:49:05.177897,,Geocode Source,"Nominatim returned: ('Tarnica Road, Northpark, Auckland', -36.9262726, 174.9158569, '2013') for input: 50 Tarnica Road, Northpark, Auckland"
2025-11-27T19:49:05.648161,,Geocode Success,"47 Tarnica Road, Northpark, Auckland → matched in LINZ_SQLITE"
2025-11-27T19:49:05.927663,,Geocode Success,"LINZ: 47 Tarnica Road, Northpark, Auckland → -36.92591403, 174.9162926"
2025-11-27T19:49:06.347835,,Geocode Success,"3 Bampton Rise, Northpark, Auckland → matched in LINZ_SQLITE"
2025-11-27T19:49:06.567211,,Geocode Success,"LINZ: 3 Bampton Rise, Northpark, Auckland → -36.9237401, 174.9197195"
2025-11-27T19:49:06.895129,,Geocode Success,"7 Bampton Rise, Northpark, Auckland → matched in LINZ_SQLITE"
2025-11-27T19:49:07.160802,,Geocode Success,"LINZ: 7 Bampton Rise, Northpark, Auckland → -36.92397647, 174.9200472"
2025-11-27T19:49:07.518962,,Geocode Success,"106 Valderama Drive, Flat Bush, Auckland → matched in LINZ_SQLITE"
2025-11-27T19:49:07.802015,,Geocode Success,"LINZ: 106 Valderama Drive, Flat Bush, Auckland → -36.96947931, 174.9296744"
2025-11-27T19:49:08.458105,,Geocode Success,"14 Peihinga Road, Howick, Auckland → matched in LINZ_SQLITE"
2025-11-27T19:49:08.753008,,Geocode Success,"LINZ: 14 Peihinga Road, Howick, Auckland → -36.96895675, 174.9307598"
2025-11-27T19:49:09.109620,,Geocode Success,"7 Kentia Way, Somerville, Auckland → matched in LINZ_SQLITE"
2025-11-27T19:49:09.345583,,Geocode Success,"LINZ: 7 Kentia Way, Somerville, Auckland → -36.90754278, 174.9315714"
2025-11-27T19:49:10.171750,,LINZ Miss,"5 Glennandrew Drive, Half Moon Bay, Auckland → not found in LINZ sources (Auckland-gated)"
2025-11-27T19:49:10.358607,,Geocode Fallback,"LINZ failed for 5 Glennandrew Drive, Half Moon Bay, Auckland"
2025-11-27T19:49:12.143542,,Geocode Variant Used,geocode.xyz used: Nearby-biased
2025-11-27T19:49:12.330256,,Geocode Success,"geocode.xyz: 5 Glennandrew Drive, Half Moon Bay, Auckland → lat:-36.88828, lon:174.90697"
2025-11-27T19:49:12.485538,,Geocode Source,"geocode.xyz returned: ('5 Glennandrew Drive, Half Moon Bay, Auckland', -36.88828, 174.90697, '') for input: 5 Glennandrew Drive, Half Moon Bay, Auckland"
2025-11-27T19:49:12.906928,,Geocode Success,"14 Eclipse Place, Half Moon Bay, Auckland → matched in LINZ_SQLITE"
2025-11-27T19:49:13.201232,,Geocode Success,"LINZ: 14 Eclipse Place, Half Moon Bay, Auckland → -36.88721652, 174.892328"
2025-11-27T19:49:13.543428,,Geocode Success,"5 Lilford Place, Half Moon Bay, Auckland → matched in LINZ_SQLITE"
2025-11-27T19:49:13.824432,,Geocode Success,"LINZ: 5 Lilford Place, Half Moon Bay, Auckland → -36.88729502, 174.8912173"
2025-11-27T19:49:14.151277,,Geocode Success,"28 Glennandrew Drive, Half Moon Bay, Auckland → matched in LINZ_SQLITE"
2025-11-27T19:49:14.414785,,Geocode Success,"LINZ: 28 Glennandrew Drive, Half Moon Bay, Auckland → -36.88852407, 174.9056167"
2025-11-27T19:49:14.789839,,Geocode Success,"21 Clyside Avenue, Half Moon Bay, Auckland → matched in LINZ_SQLITE"
2025-11-27T19:49:15.102668,,Geocode Success,"LINZ: 21 Clyside Avenue, Half Moon Bay, Auckland → -36.88307223, 174.8961974"
2025-11-27T19:49:15.893821,,LINZ Miss,"46 Burswood Drive, Burswood, Auckland → not found in LINZ sources (Auckland-gated)"
2025-11-27T19:49:16.097168,,Geocode Fallback,"LINZ failed for 46 Burswood Drive, Burswood, Auckland"
2025-11-27T19:49:17.623473,,Geocode Variant Used,Nominatim used: Nearby-biased
2025-11-27T19:49:17.810226,,Geocode Success,"Nominatim: 46 Burswood Drive, Burswood, Auckland → lat:-36.9243321, lon:174.9005276"
2025-11-27T19:49:17.996064,,Geocode Source,"Nominatim returned: ('Burswood Drive, Burswood, Auckland', -36.9243321, 174.9005276, '2010') for input: 46 Burswood Drive, Burswood, Auckland"
2025-11-27T19:49:18.382236,,Geocode Success,"3 Nedlands Place, Burswood, Auckland → matched in LINZ_SQLITE"
2025-11-27T19:49:18.615020,,Geocode Success,"LINZ: 3 Nedlands Place, Burswood, Auckland → -36.92429723, 174.9016977"
2025-11-27T19:49:19.004841,,Geocode Success,"41 Anaheim Boulevard, Shamrock Park, Auckland → matched in LINZ_SQLITE"
2025-11-27T19:49:19.254017,,Geocode Success,"LINZ: 41 Anaheim Boulevard, Shamrock Park, Auckland → -36.92641172, 174.926925"
2025-11-27T19:49:20.094877,,LINZ Miss,"8 Nedlands Place, Burswood, Auckland → not found in LINZ sources (Auckland-gated)"
2025-11-27T19:49:20.280793,,Geocode Fallback,"LINZ failed for 8 Nedlands Place, Burswood, Auckland"
2025-11-27T19:49:21.642835,,Geocode Variant Used,Nominatim used: Nearby-biased
2025-11-27T19:49:21.844053,,Geocode Success,"Nominatim: 8 Nedlands Place, Burswood, Auckland → lat:-36.9240352, lon:174.9017006"
2025-11-27T19:49:22.030844,,Geocode Source,"Nominatim returned: ('Nedlands Place, Burswood, Auckland', -36.9240352, 174.9017006, '2013') for input: 8 Nedlands Place, Burswood, Auckland"
2025-11-27T19:49:22.437209,,Geocode Success,"10 Nedlands Place, Burswood, Auckland → matched in LINZ_SQLITE"
2025-11-27T19:49:22.701025,,Geocode Success,"LINZ: 10 Nedlands Place, Burswood, Auckland → -36.9237536, 174.9017403"
2025-11-27T19:49:23.015255,,Geocode Success,"86 Burswood Drive, Burswood, Auckland → matched in LINZ_SQLITE"
2025-11-27T19:49:23.234147,,Geocode Success,"LINZ: 86 Burswood Drive, Burswood, Auckland → -36.92177868, 174.8978654"
2025-11-27T19:49:24.073175,,LINZ Miss,"11 Mandarin Place, Half Moon Bay, Auckland → not found in LINZ sources (Auckland-gated)"
2025-11-27T19:49:24.291741,,Geocode Fallback,"LINZ failed for 11 Mandarin Place, Half Moon Bay, Auckland"
2025-11-27T19:49:25.877414,,Geocode Failed,"geocode.xyz → 11 Mandarin Place, Half Moon Bay, Auckland (invalid)"
2025-11-27T19:49:26.064123,,Geocode Variant Used,Nominatim used: Nearby-biased
2025-11-27T19:49:26.251047,,Geocode Success,"Nominatim: 11 Mandarin Place, Half Moon Bay, Auckland → lat:-36.8950459, lon:174.9038985"
2025-11-27T19:49:26.452498,,Geocode Source,"Nominatim returned: ('Mandarin Place, Half Moon Bay, Auckland', -36.8950459, 174.9038985, '2012') for input: 11 Mandarin Place, Half Moon Bay, Auckland"
2025-11-27T19:49:27.398648,,LINZ Miss,"9 Liam Place, Half Moon Bay, Auckland → not found in LINZ sources (Auckland-gated)"
2025-11-27T19:49:27.524753,,Geocode Fallback,"LINZ failed for 9 Liam Place, Half Moon Bay, Auckland"
2025-11-27T19:49:31.178380,,Geocode Failed,"geocode.xyz → 9 Liam Place, Half Moon Bay, Auckland (invalid)"
2025-11-27T19:49:32.258498,,Geocode Variant Used,Photon used: Nearby-biased
2025-11-27T19:49:32.444424,,Geocode Success,"Photon: 9 Liam Place, Half Moon Bay, Auckland → lat:-36.8959408, lon:174.901022"
2025-11-27T19:49:32.571134,,Geocode Source,"Photon returned: ('Liam Place, Half Moon Bay, Auckland', -36.8959408, 174.901022, '') for input: 9 Liam Place, Half Moon Bay, Auckland"
2025-11-27T19:49:34.099434,,Geocode Success,"2 Awakirihi Close, Shamrock Park, Auckland → matched in LINZ_SQLITE"
2025-11-27T19:49:34.363810,,Geocode Success,"LINZ: 2 Awakirihi Close, Shamrock Park, Auckland → -36.92028363, 174.9309799"
2025-11-27T19:49:34.752406,,Geocode Success,"6 Awakirihi Close, Shamrock Park, Auckland → matched in LINZ_SQLITE"
2025-11-27T19:49:35.018131,,Geocode Success,"LINZ: 6 Awakirihi Close, Shamrock Park, Auckland → -36.9200128, 174.9312022"
2025-11-27T19:49:35.361050,,Geocode Success,"7 Awakirihi Close, Shamrock Park, Auckland → matched in LINZ_SQLITE"
2025-11-27T19:49:35.612920,,Geocode Success,"LINZ: 7 Awakirihi Close, Shamrock Park, Auckland → -36.91996429, 174.9314044"
2025-11-27T19:49:35.941121,,Geocode Success,"1 Awakirihi Close, Shamrock Park, Auckland → matched in LINZ_SQLITE"
2025-11-27T19:49:36.238981,,Geocode Success,"LINZ: 1 Awakirihi Close, Shamrock Park, Auckland → -36.92034831, 174.9310951"
2025-11-27T19:49:36.598335,,Geocode Success,"3 Awakirihi Close, Shamrock Park, Auckland → matched in LINZ_SQLITE"
2025-11-27T19:49:36.861687,,Geocode Success,"LINZ: 3 Awakirihi Close, Shamrock Park, Auckland → -36.920223, 174.9312063"
2025-11-27T19:49:37.174689,,Geocode Success,"4 Awakirihi Close, Shamrock Park, Auckland → matched in LINZ_SQLITE"
2025-11-27T19:49:37.441248,,Geocode Success,"LINZ: 4 Awakirihi Close, Shamrock Park, Auckland → -36.92015023, 174.9310971"
2025-11-27T19:49:37.782493,,Geocode Success,"5 Awakirihi Close, Shamrock Park, Auckland → matched in LINZ_SQLITE"
2025-11-27T19:49:38.032280,,Geocode Success,"LINZ: 5 Awakirihi Close, Shamrock Park, Auckland → -36.92008556, 174.9313073"
2025-11-27T19:49:38.437506,,Geocode Success,"23 Dianne-Louise Drive, Half Moon Bay, Auckland → matched in LINZ_SQLITE"
2025-11-27T19:49:38.703529,,Geocode Success,"LINZ: 23 Dianne-Louise Drive, Half Moon Bay, Auckland → -36.88670838, 174.9048312"
2025-11-27T19:49:39.045439,,Geocode Success,"16 Browns Avenue, Pakuranga, Auckland → matched in LINZ_SQLITE"
2025-11-27T19:49:39.310685,,Geocode Success,"LINZ: 16 Browns Avenue, Pakuranga, Auckland → -36.9097713, 174.865812"
2025-11-27T19:49:39.637579,,Geocode Success,"2 Simmental Crescent, Somerville, Auckland → matched in LINZ_SQLITE"
2025-11-27T19:49:39.948269,,Geocode Success,"LINZ: 2 Simmental Crescent, Somerville, Auckland → -36.91354717, 174.930254"
2025-11-27T19:49:40.261528,,Geocode Success,"76 Ashby Avenue, Saint Heliers, Auckland → matched in LINZ_SQLITE"
2025-11-27T19:49:40.542800,,Geocode Success,"LINZ: 76 Ashby Avenue, Saint Heliers, Auckland → -36.86858257, 174.8603611"
2025-11-27T19:49:40.887659,,Geocode Success,"104 Prince Regent Drive, Half Moon Bay, Auckland → matched in LINZ_SQLITE"
2025-11-27T19:49:41.137568,,Geocode Success,"LINZ: 104 Prince Regent Drive, Half Moon Bay, Auckland → -36.89053112, 174.8976352"
2025-11-27T19:49:41.463928,,Geocode Success,"8 Owenbeg Rise, Dannemora, Auckland → matched in LINZ_SQLITE"
2025-11-27T19:49:41.775117,,Geocode Success,"LINZ: 8 Owenbeg Rise, Dannemora, Auckland → -36.93292822, 174.9250052"
2025-11-27T19:49:42.491129,,LINZ Miss,"62 Owenbeg Rise, Dannemora, Auckland → not found in LINZ sources (Auckland-gated)"
2025-11-27T19:49:42.710717,,Geocode Fallback,"LINZ failed for 62 Owenbeg Rise, Dannemora, Auckland"
2025-11-27T19:49:44.128724,,Geocode Failed,"geocode.xyz → 62 Owenbeg Rise, Dannemora, Auckland (invalid)"
2025-11-27T19:49:44.347899,,Geocode Variant Used,Nominatim used: Nearby-biased
2025-11-27T19:49:44.550279,,Geocode Success,"Nominatim: 62 Owenbeg Rise, Dannemora, Auckland → lat:-36.9330924, lon:174.9247979"
2025-11-27T19:49:44.723224,,Geocode Source,"Nominatim returned: ('Owenbeg Rise, Dannemora, Auckland', -36.9330924, 174.9247979, '2016') for input: 62 Owenbeg Rise, Dannemora, Auckland"
2025-11-27T19:49:45.221292,,Geocode Success,"13 Navan Place, Dannemora, Auckland → matched in LINZ_SQLITE"
2025-11-27T19:49:45.487539,,Geocode Success,"LINZ: 13 Navan Place, Dannemora, Auckland → -36.9341848, 174.9237745"
2025-11-27T19:49:45.908423,,Geocode Success,"13 Limerick Place, Dannemora, Auckland → matched in LINZ_SQLITE"
2025-11-27T19:49:46.186820,,Geocode Success,"LINZ: 13 Limerick Place, Dannemora, Auckland → -36.93230685, 174.9228655"
2025-11-27T19:49:46.529682,,Geocode Success,"26 Limerick Place, Dannemora, Auckland → matched in LINZ_SQLITE"
2025-11-27T19:49:46.779047,,Geocode Success,"LINZ: 26 Limerick Place, Dannemora, Auckland → -36.93198388, 174.9232873"
2025-11-27T19:49:47.135176,,Geocode Success,"8 Limerick Place, Dannemora, Auckland → matched in LINZ_SQLITE"
2025-11-27T19:49:47.402981,,Geocode Success,"LINZ: 8 Limerick Place, Dannemora, Auckland → -36.93283557, 174.9220901"
2025-11-27T19:49:47.760630,,Geocode Success,"9 Limerick Place, Dannemora, Auckland → matched in LINZ_SQLITE"
2025-11-27T19:49:47.962314,,Geocode Success,"LINZ: 9 Limerick Place, Dannemora, Auckland → -36.9326027, 174.9225397"
2025-11-27T19:49:48.349486,,Geocode Success,"11 Limerick Place, Dannemora, Auckland → matched in LINZ_SQLITE"
2025-11-27T19:49:48.583539,,Geocode Success,"LINZ: 11 Limerick Place, Dannemora, Auckland → -36.93245517, 174.9226468"
2025-11-27T19:49:48.972780,,Geocode Success,"3 Dromora Close, Dannemora, Auckland → matched in LINZ_SQLITE"
2025-11-27T19:49:49.241787,,Geocode Success,"LINZ: 3 Dromora Close, Dannemora, Auckland → -36.93276378, 174.9233175"
2025-11-27T19:49:49.570516,,Geocode Success,"4 Dromora Close, Dannemora, Auckland → matched in LINZ_SQLITE"
2025-11-27T19:49:49.742954,,Geocode Success,"LINZ: 4 Dromora Close, Dannemora, Auckland → -36.93304492, 174.9230968"
2025-11-27T19:49:50.086259,,Geocode Success,"130 Tiraumea Drive, Pakuranga, Auckland → matched in LINZ_SQLITE"
2025-11-27T19:49:50.320357,,Geocode Success,"LINZ: 130 Tiraumea Drive, Pakuranga, Auckland → -36.92017662, 174.8630357"
2025-11-27T19:49:50.956232,,LINZ Miss,"24 Tamaki Bay Drive, Pakuranga, Auckland → not found in LINZ sources (Auckland-gated)"
2025-11-27T19:49:51.143385,,Geocode Fallback,"LINZ failed for 24 Tamaki Bay Drive, Pakuranga, Auckland"
2025-11-27T19:49:53.151967,,Geocode Variant Used,Nominatim used: Nearby-biased
2025-11-27T19:49:53.385495,,Geocode Success,"Nominatim: 24 Tamaki Bay Drive, Pakuranga, Auckland → lat:-36.9093113, lon:174.8673012"
2025-11-27T19:49:53.588162,,Geocode Source,"Nominatim returned: ('Tamaki Bay Drive, Pakūranga, Auckland', -36.9093113, 174.8673012, '2010') for input: 24 Tamaki Bay Drive, Pakuranga, Auckland"
2025-11-27T19:49:54.054635,,Geocode Success,"12 Fintona Place, Dannemora, Auckland → matched in LINZ_SQLITE"
2025-11-27T19:49:54.305539,,Geocode Success,"LINZ: 12 Fintona Place, Dannemora, Auckland → -36.93087968, 174.917075"
2025-11-27T19:49:54.618463,,Geocode Success,"20 Riverlea Avenue, Pakuranga, Auckland → matched in LINZ_SQLITE"
2025-11-27T19:49:54.881889,,Geocode Success,"LINZ: 20 Riverlea Avenue, Pakuranga, Auckland → -36.9084775, 174.8659419"
2025-11-27T19:49:55.287986,,Geocode Success,"21 Browns Avenue, Pakuranga, Auckland → matched in LINZ_SQLITE"
2025-11-27T19:49:55.552498,,Geocode Success,"LINZ: 21 Browns Avenue, Pakuranga, Auckland → -36.90915032, 174.8652057"
2025-11-27T19:49:56.191329,,Geocode Success,"15 Santa Ana Drive, Dannemora, Auckland → matched in LINZ_SQLITE"
2025-11-27T19:49:56.392773,,Geocode Success,"LINZ: 15 Santa Ana Drive, Dannemora, Auckland → -36.92253295, 174.926655"
2025-11-27T19:49:56.734870,,Geocode Success,"33 Santa Ana Drive, Dannemora, Auckland → matched in LINZ_SQLITE"
2025-11-27T19:49:56.967942,,Geocode Success,"LINZ: 33 Santa Ana Drive, Dannemora, Auckland → -36.9240805, 174.9262501"
2025-11-27T19:49:57.342318,,Geocode Success,"66 Sunderlands Road, Half Moon Bay, Auckland → matched in LINZ_SQLITE"
2025-11-27T19:49:57.652513,,Geocode Success,"LINZ: 66 Sunderlands Road, Half Moon Bay, Auckland → -36.88745487, 174.9072324"
2025-11-27T19:49:58.386016,,LINZ Miss,"33 Sunderlands Road, Half Moon Bay, Auckland → not found in LINZ sources (Auckland-gated)"
2025-11-27T19:49:58.588502,,Geocode Fallback,"LINZ failed for 33 Sunderlands Road, Half Moon Bay, Auckland"
2025-11-27T19:50:03.636418,,Geocode Failed,"geocode.xyz → 33 Sunderlands Road, Half Moon Bay, Auckland (invalid)"
2025-11-27T19:50:04.896789,,Geocode Failed,"Photon → 33 Sunderlands Road, Half Moon Bay, Auckland (invalid)"
2025-11-27T19:50:08.180405,,Geocode Variant Used,Nominatim used: Nearby-biased
2025-11-27T19:50:08.367646,,Geocode Success,"Nominatim: 33 Sunderlands Road, Half Moon Bay, Auckland → lat:-36.8857041, lon:174.9047771"
2025-11-27T19:50:08.552141,,Geocode Source,"Nominatim returned: ('Sunderlands Road, Half Moon Bay, Auckland', -36.8857041, 174.9047771, '2012') for input: 33 Sunderlands Road, Half Moon Bay, Auckland"
2025-11-27T19:50:08.970443,,Geocode Success,"19 Kentigern Close, Pakuranga, Auckland → matched in LINZ_SQLITE"
2025-11-27T19:50:09.281992,,Geocode Success,"LINZ: 19 Kentigern Close, Pakuranga, Auckland → -36.90970287, 174.8721051"
2025-11-27T19:50:09.656296,,Geocode Success,"8 Steeple Rise, Pakuranga, Auckland → matched in LINZ_SQLITE"
2025-11-27T19:50:09.949282,,Geocode Success,"LINZ: 8 Steeple Rise, Pakuranga, Auckland → -36.90987688, 174.8723326"
2025-11-27T19:50:10.336603,,Geocode Success,"25 Keppoch Court, Dannemora, Auckland → matched in LINZ_SQLITE"
2025-11-27T19:50:10.587684,,Geocode Success,"LINZ: 25 Keppoch Court, Dannemora, Auckland → -36.9276489, 174.919791"
2025-11-27T19:50:10.867309,,Geocode Success,"20 Tralee Terrace, Dannemora, Auckland → matched in LINZ_SQLITE"
2025-11-27T19:50:11.131566,,Geocode Success,"LINZ: 20 Tralee Terrace, Dannemora, Auckland → -36.92393457, 174.9228768"
2025-11-27T19:50:11.832100,,LINZ Miss,"7 Glencullen Place Dannemora, Auckland, Auckland → not found in LINZ sources (Auckland-gated)"
2025-11-27T19:50:12.002994,,Geocode Fallback,"LINZ failed for 7 Glencullen Place Dannemora, Auckland, Auckland"
2025-11-27T19:50:13.880258,,Geocode Variant Used,geocode.xyz used: Nearby-biased
2025-11-27T19:50:14.052346,,Geocode Success,"geocode.xyz: 7 Glencullen Place Dannemora, Auckland, Auckland → lat:-36.93086, lon:174.91818"
2025-11-27T19:50:14.238730,,Geocode Source,"geocode.xyz returned: ('7 Glencullen Place Dannemora, Auckland, Auckland', -36.93086, 174.91818, '') for input: 7 Glencullen Place Dannemora, Auckland, Auckland"
2025-11-27T19:50:14.752732,,Geocode Success,"11 Kingsgate Place, Dannemora, Auckland → matched in LINZ_SQLITE"
2025-11-27T19:50:15.017934,,Geocode Success,"LINZ: 11 Kingsgate Place, Dannemora, Auckland → -36.92344253, 174.9236601"
2025-11-27T19:50:15.347215,,Geocode Success,"28 Lolim Place, Favona, Auckland → matched in LINZ_SQLITE"
2025-11-27T19:50:15.613835,,Geocode Success,"LINZ: 28 Lolim Place, Favona, Auckland → -36.94689923, 174.8158488"
2025-11-27T19:50:15.957349,,Geocode Success,"34 Norana Avenue, Favona, Auckland → matched in LINZ_SQLITE"
2025-11-27T19:50:16.158576,,Geocode Success,"LINZ: 34 Norana Avenue, Favona, Auckland → -36.94562753, 174.8138819"
2025-11-27T19:50:16.846122,,Geocode Success,"54 Thornbury Crescent, East Tāmaki Heights, Auckland → matched in LINZ_SQLITE"
2025-11-27T19:50:17.110096,,Geocode Success,"LINZ: 54 Thornbury Crescent, East Tāmaki Heights, Auckland → -36.94817548, 174.9118874"
2025-11-27T19:50:17.751578,,Geocode Success,"19 Thornbury Crescent, East Tāmaki Heights, Auckland → matched in LINZ_SQLITE"
2025-11-27T19:50:18.000340,,Geocode Success,"LINZ: 19 Thornbury Crescent, East Tāmaki Heights, Auckland → -36.94808498, 174.9122526"
2025-11-27T19:50:18.295087,,Geocode Success,"31 Marriott Road, Pakuranga, Auckland → matched in LINZ_SQLITE"
2025-11-27T19:50:18.496840,,Geocode Success,"LINZ: 31 Marriott Road, Pakuranga, Auckland → -36.91871234, 174.8791875"
2025-11-27T19:50:18.857446,,Geocode Success,"40 Marriott Road, Pakuranga, Auckland → matched in LINZ_SQLITE"
2025-11-27T19:50:19.107940,,Geocode Success,"LINZ: 40 Marriott Road, Pakuranga, Auckland → -36.91834413, 174.8801469"
2025-11-27T19:50:19.855461,,Geocode Success,"21 Ayr Road, Pakuranga, Auckland → matched in LINZ_SQLITE"
2025-11-27T19:50:20.105539,,Geocode Success,"LINZ: 21 Ayr Road, Pakuranga, Auckland → -36.86338566, 174.7829381"
2025-11-27T19:50:20.432175,,Geocode Success,"32 Lewis Road, Pakuranga, Auckland → matched in LINZ_SQLITE"
2025-11-27T19:50:20.665178,,Geocode Success,"LINZ: 32 Lewis Road, Pakuranga, Auckland → -36.91332375, 174.8776739"
2025-11-27T19:50:21.421264,,LINZ Miss,"3 Kaniere Place, Half Moon Bay, Auckland → not found in LINZ sources (Auckland-gated)"
2025-11-27T19:50:21.591863,,Geocode Fallback,"LINZ failed for 3 Kaniere Place, Half Moon Bay, Auckland"
2025-11-27T19:50:23.466991,,Geocode Variant Used,geocode.xyz used: Nearby-biased
2025-11-27T19:50:23.653172,,Geocode Success,"geocode.xyz: 3 Kaniere Place, Half Moon Bay, Auckland → lat:-36.88424, lon:174.90455"
2025-11-27T19:50:23.810682,,Geocode Source,"geocode.xyz returned: ('3 Kaniere Place, Half Moon Bay, Auckland', -36.88424, 174.90455, '') for input: 3 Kaniere Place, Half Moon Bay, Auckland"
2025-11-27T19:50:26.102098,,Geocode Success,"8 Takutai Avenue, Bucklands Beach, Auckland → matched in LINZ_SQLITE"
2025-11-27T19:50:26.355178,,Geocode Success,"LINZ: 8 Takutai Avenue, Bucklands Beach, Auckland → -36.87696323, 174.9073885"
2025-11-27T19:50:26.670485,,Geocode Success,"16 Britannia Place, Half Moon Bay, Auckland → matched in LINZ_SQLITE"
2025-11-27T19:50:26.949818,,Geocode Success,"LINZ: 16 Britannia Place, Half Moon Bay, Auckland → -36.88764048, 174.9015658"
2025-11-27T19:50:27.772494,,LINZ Miss,"6 Williams Avenue, Pakuranga, Auckland → not found in LINZ sources (Auckland-gated)"
2025-11-27T19:50:27.926496,,Geocode Fallback,"LINZ failed for 6 Williams Avenue, Pakuranga, Auckland"
2025-11-27T19:50:30.548065,,Geocode Variant Used,Nominatim used: Nearby-biased
2025-11-27T19:50:30.671485,,Geocode Success,"Nominatim: 6 Williams Avenue, Pakuranga, Auckland → lat:-36.9112253, lon:174.866112"
2025-11-27T19:50:30.812857,,Geocode Source,"Nominatim returned: ('Williams Avenue, Pakūranga, Auckland', -36.9112253, 174.866112, '2010') for input: 6 Williams Avenue, Pakuranga, Auckland"
2025-11-27T20:08:02.088902,,Session Start,Script started and corrections_log.csv initialized.
2025-11-27T20:08:02.105052,,Session Start,Script started and corrections_log.csv initialized.
2025-11-27T20:16:02.057474,,Session Start,Script started and corrections_log.csv initialized.
2025-11-27T20:16:02.073523,,Session Start,Script started and corrections_log.csv initialized.
2025-11-27T20:22:50.506887,,Session Start,Script started and corrections_log.csv initialized.
2025-11-27T20:22:50.526230,,Session Start,Script started and corrections_log.csv initialized.
2025-11-27T20:24:48.431414,,Session Start,Script started and corrections_log.csv initialized.
2025-11-27T20:24:48.448006,,Session Start,Script started and corrections_log.csv initialized.
2025-11-27T20:36:55.967987,,Session Start,Script started and corrections_log.csv initialized.
2025-11-27T20:36:55.984677,,Session Start,Script started and corrections_log.csv initialized.
2025-11-27T20:41:56.051896,,Session Start,Script started and corrections_log.csv initialized.
2025-11-27T20:41:56.067304,,Session Start,Script started and corrections_log.csv initialized.
2025-11-27T20:42:21.611209,,Geocode Success,"7 Sheffield Place, Botany Downs, Auckland → matched in LINZ_SQLITE"
2025-11-27T20:42:21.890776,,Geocode Success,"LINZ: 7 Sheffield Place, Botany Downs, Auckland → -36.9076804, 174.9174203"
2025-11-27T20:42:22.216176,,Geocode Success,"65 Aviemore Drive, Highland Park, Auckland → matched in LINZ_SQLITE"
2025-11-27T20:42:22.450468,,Geocode Success,"LINZ: 65 Aviemore Drive, Highland Park, Auckland → -36.90476862, 174.9047863"
2025-11-27T20:42:22.806753,,Geocode Success,"58 Tarnica Road, Northpark, Auckland → matched in LINZ_SQLITE"
2025-11-27T20:42:23.070824,,Geocode Success,"LINZ: 58 Tarnica Road, Northpark, Auckland → -36.92629249, 174.9144777"
2025-11-27T20:42:23.427859,,Geocode Success,"10 Fencotie Place, Northpark, Auckland → matched in LINZ_SQLITE"
2025-11-27T20:42:23.708183,,Geocode Success,"LINZ: 10 Fencotie Place, Northpark, Auckland → -36.92733825, 174.9133632"
2025-11-27T20:42:24.020402,,Geocode Success,"4 Glassonby Road, Northpark, Auckland → matched in LINZ_SQLITE"
2025-11-27T20:42:24.300794,,Geocode Success,"LINZ: 4 Glassonby Road, Northpark, Auckland → -36.9256841, 174.9139537"
2025-11-27T20:42:24.645860,,Geocode Success,"15 Aspatria Place, Northpark, Auckland → matched in LINZ_SQLITE"
2025-11-27T20:42:24.942138,,Geocode Success,"LINZ: 15 Aspatria Place, Northpark, Auckland → -36.92471437, 174.9155052"
2025-11-27T20:42:25.240242,,Geocode Success,"14 Aspatria Place, Northpark, Auckland → matched in LINZ_SQLITE"
2025-11-27T20:42:25.507824,,Geocode Success,"LINZ: 14 Aspatria Place, Northpark, Auckland → -36.92480975, 174.9153328"
2025-11-27T20:42:25.881402,,Geocode Success,"12 Anthony Place, Pakuranga, Auckland → matched in LINZ_SQLITE"
2025-11-27T20:42:26.193633,,Geocode Success,"LINZ: 12 Anthony Place, Pakuranga, Auckland → -36.91422155, 174.8677362"
2025-11-27T20:42:26.987656,,LINZ Miss,"2 Anthony Place, Pakuranga, Auckland → not found in LINZ sources (Auckland-gated)"
2025-11-27T20:42:27.189450,,Geocode Fallback,"LINZ failed for 2 Anthony Place, Pakuranga, Auckland"
2025-11-27T20:42:28.607397,,Geocode Failed,"geocode.xyz → 2 Anthony Place, Pakuranga, Auckland (invalid)"
2025-11-27T20:42:29.306216,,Geocode Variant Used,Photon used: Nearby-biased
2025-11-27T20:42:29.507982,,Geocode Success,"Photon: 2 Anthony Place, Pakuranga, Auckland → lat:-36.914016849999996, lon:174.8684389"
2025-11-27T20:42:29.664293,,Geocode Source,"Photon returned: ('Anthony Place, Pakuranga, Auckland', -36.914016849999996, 174.8684389, '') for input: 2 Anthony Place, Pakuranga, Auckland"
2025-11-27T20:42:30.580578,,Geocode Success,"42 Aviemore Drive, Highland Park, Auckland → matched in LINZ_SQLITE"
2025-11-27T20:42:30.846685,,Geocode Success,"LINZ: 42 Aviemore Drive, Highland Park, Auckland → -36.90194977, 174.9053192"
2025-11-27T20:42:31.143862,,Geocode Success,"50 Aviemore Drive, Highland Park, Auckland → matched in LINZ_SQLITE"
2025-11-27T20:42:31.407388,,Geocode Success,"LINZ: 50 Aviemore Drive, Highland Park, Auckland → -36.90232013, 174.9052988"
2025-11-27T20:42:31.752217,,Geocode Success,"2 Dale Crescent, Pakuranga, Auckland → matched in LINZ_SQLITE"
2025-11-27T20:42:32.015445,,Geocode Success,"LINZ: 2 Dale Crescent, Pakuranga, Auckland → -36.91477022, 174.8668704"
2025-11-27T20:42:32.358943,,Geocode Success,"2 Spenbrooke Road, Flat Bush, Auckland → matched in LINZ_SQLITE"
2025-11-27T20:42:32.576277,,Geocode Success,"LINZ: 2 Spenbrooke Road, Flat Bush, Auckland → -36.95182723, 174.9082965"
2025-11-27T20:42:32.888879,,Geocode Success,"160 Kohimarama Road, Kohimarama, Auckland → matched in LINZ_SQLITE"
2025-11-27T20:42:33.201568,,Geocode Success,"LINZ: 160 Kohimarama Road, Kohimarama, Auckland → -36.85796797, 174.8370535"
2025-11-27T20:42:33.528885,,Geocode Success,"13 Weri Road, Karaka, Auckland → matched in LINZ_SQLITE"
2025-11-27T20:42:33.808694,,Geocode Success,"LINZ: 13 Weri Road, Karaka, Auckland → -37.09908441, 174.936907"
2025-11-27T20:42:34.197084,,Geocode Success,"19 Hope Farm Avenue, Pakuranga Heights, Auckland → matched in LINZ_SQLITE"
2025-11-27T20:42:34.462617,,Geocode Success,"LINZ: 19 Hope Farm Avenue, Pakuranga Heights, Auckland → -36.9125845, 174.8969052"
2025-11-27T20:42:34.775280,,Geocode Success,"39 Dalwhinnie Parade, Highland Park, Auckland → matched in LINZ_SQLITE"
2025-11-27T20:42:34.933053,,Geocode Success,"LINZ: 39 Dalwhinnie Parade, Highland Park, Auckland → -36.90298093, 174.912626"
2025-11-27T20:42:35.302841,,Geocode Success,"39 Highland Park Drive, Highland Park, Auckland → matched in LINZ_SQLITE"
2025-11-27T20:42:35.533941,,Geocode Success,"LINZ: 39 Highland Park Drive, Highland Park, Auckland → -36.90209405, 174.9118889"
2025-11-27T20:42:35.856708,,Geocode Success,"8 Kincraig Place, Highland Park, Auckland → matched in LINZ_SQLITE"
2025-11-27T20:42:36.119694,,Geocode Success,"LINZ: 8 Kincraig Place, Highland Park, Auckland → -36.9037778, 174.91321"
2025-11-27T20:42:36.915477,,LINZ Miss,"12 Veagh Place, Highland Park, Auckland → not found in LINZ sources (Auckland-gated)"
2025-11-27T20:42:37.118086,,Geocode Fallback,"LINZ failed for 12 Veagh Place, Highland Park, Auckland"
2025-11-27T20:42:39.283919,,Geocode Failed,"geocode.xyz → 12 Veagh Place, Highland Park, Auckland (invalid)"
2025-11-27T20:42:39.578908,,Geocode Variant Used,Nominatim used: Nearby-biased
2025-11-27T20:42:39.795914,,Geocode Success,"Nominatim: 12 Veagh Place, Highland Park, Auckland → lat:-36.9044121, lon:174.9090551"
2025-11-27T20:42:39.984873,,Geocode Source,"Nominatim returned: ('Veagh Place, Highland Park, Auckland', -36.9044121, 174.9090551, '2143') for input: 12 Veagh Place, Highland Park, Auckland"
2025-11-27T20:42:40.876017,,LINZ Miss,"18 Veagh Place, Highland Park, Auckland → not found in LINZ sources (Auckland-gated)"
2025-11-27T20:42:41.065200,,Geocode Fallback,"LINZ failed for 18 Veagh Place, Highland Park, Auckland"
2025-11-27T20:42:43.221300,,Geocode Failed,"geocode.xyz → 18 Veagh Place, Highland Park, Auckland (invalid)"
2025-11-27T20:42:43.878087,,Geocode Variant Used,Photon used: Nearby-biased
2025-11-27T20:42:44.065429,,Geocode Success,"Photon: 18 Veagh Place, Highland Park, Auckland → lat:-36.9046617, lon:174.9091933"
2025-11-27T20:42:44.221925,,Geocode Source,"Photon returned: ('Veagh Place, Highland Park, Auckland', -36.9046617, 174.9091933, '') for input: 18 Veagh Place, Highland Park, Auckland"
2025-11-27T20:42:45.268368,,Geocode Success,"29 Dalwhinnie Parade, Highland Park, Auckland → matched in LINZ_SQLITE"
2025-11-27T20:42:45.532479,,Geocode Success,"LINZ: 29 Dalwhinnie Parade, Highland Park, Auckland → -36.9020446, 174.9146806"
2025-11-27T20:42:46.233493,,LINZ Miss,"60 Highland Park Drive, Highland Park, Auckland → not found in LINZ sources (Auckland-gated)"
2025-11-27T20:42:46.387343,,Geocode Fallback,"LINZ failed for 60 Highland Park Drive, Highland Park, Auckland"
2025-11-27T20:42:48.119120,,Geocode Failed,"geocode.xyz → 60 Highland Park Drive, Highland Park, Auckland (invalid)"
2025-11-27T20:42:48.475865,,Geocode Variant Used,Photon used: Nearby-biased
2025-11-27T20:42:48.634546,,Geocode Success,"Photon: 60 Highland Park Drive, Highland Park, Auckland → lat:-36.9021193, lon:174.913264"
2025-11-27T20:42:48.822670,,Geocode Source,"Photon returned: ('Highland Park Drive, Highland Park, Auckland', -36.9021193, 174.913264, '') for input: 60 Highland Park Drive, Highland Park, Auckland"
2025-11-27T20:42:55.891980,,Geocode Success,"92 Vale Road, Saint Heliers, Auckland → matched in LINZ_SQLITE"
2025-11-27T20:42:56.159146,,Geocode Success,"LINZ: 92 Vale Road, Saint Heliers, Auckland → -36.85422133, 174.8667624"
2025-11-27T20:42:56.549516,,Geocode Success,"101 Aviemore Drive, Highland Park, Auckland → matched in LINZ_SQLITE"
2025-11-27T20:42:56.785241,,Geocode Success,"LINZ: 101 Aviemore Drive, Highland Park, Auckland → -36.90688755, 174.9052152"
2025-11-27T20:42:57.081892,,Geocode Success,"89 Aviemore Drive, Highland Park, Auckland → matched in LINZ_SQLITE"
2025-11-27T20:42:57.332176,,Geocode Success,"LINZ: 89 Aviemore Drive, Highland Park, Auckland → -36.9061917, 174.9049633"
2025-11-27T20:42:57.646744,,Geocode Success,"59 Aviemore Drive, Highland Park, Auckland → matched in LINZ_SQLITE"
2025-11-27T20:42:57.802385,,Geocode Success,"LINZ: 59 Aviemore Drive, Highland Park, Auckland → -36.90421287, 174.9047538"
2025-11-27T20:42:58.195874,,Geocode Success,"21 Belgate Place, Somerville, Auckland → matched in LINZ_SQLITE"
2025-11-27T20:42:58.443893,,Geocode Success,"LINZ: 21 Belgate Place, Somerville, Auckland → -36.91113792, 174.927218"
2025-11-27T20:42:58.757584,,Geocode Success,"23 Palmcrest Grove, Highland Park, Auckland → matched in LINZ_SQLITE"
2025-11-27T20:42:58.994378,,Geocode Success,"LINZ: 23 Palmcrest Grove, Highland Park, Auckland → -36.90239785, 174.9061027"
2025-11-27T20:42:59.368663,,Geocode Success,"702 Pakuranga Road, Howick, Auckland → matched in LINZ_SQLITE"
2025-11-27T20:42:59.553846,,Geocode Success,"LINZ: 702 Pakuranga Road, Howick, Auckland → -36.89882635, 174.9178044"
2025-11-27T20:42:59.882337,,Geocode Success,"68 Alicia Road, Somerville, Auckland → matched in LINZ_SQLITE"
2025-11-27T20:43:00.147973,,Geocode Success,"LINZ: 68 Alicia Road, Somerville, Auckland → -36.91069488, 174.9379552"
2025-11-27T20:43:00.465660,,Geocode Success,"44 Edendale Road, Somerville, Auckland → matched in LINZ_SQLITE"
2025-11-27T20:43:00.685986,,Geocode Success,"LINZ: 44 Edendale Road, Somerville, Auckland → -36.91150113, 174.9290791"
2025-11-27T20:43:00.966262,,Geocode Success,"46 Edendale Road, Somerville, Auckland → matched in LINZ_SQLITE"
2025-11-27T20:43:01.201432,,Geocode Success,"LINZ: 46 Edendale Road, Somerville, Auckland → -36.91126932, 174.9289384"
2025-11-27T20:43:01.543713,,Geocode Success,"2 Belgate Place, Somerville, Auckland → matched in LINZ_SQLITE"
2025-11-27T20:43:01.794966,,Geocode Success,"LINZ: 2 Belgate Place, Somerville, Auckland → -36.91072098, 174.9286089"
2025-11-27T20:43:02.109770,,Geocode Success,"72 Edendale Road, Somerville, Auckland → matched in LINZ_SQLITE"
2025-11-27T20:43:02.362860,,Geocode Success,"LINZ: 72 Edendale Road, Somerville, Auckland → -36.90867618, 174.9305152"
2025-11-27T20:43:02.678154,,Geocode Success,"53 O'Halloran Road, Howick, Auckland → matched in LINZ_SQLITE"
2025-11-27T20:43:02.914694,,Geocode Success,"LINZ: 53 O'Halloran Road, Howick, Auckland → -36.8957141, 174.9206852"
2025-11-27T20:43:03.257413,,Geocode Success,"172 Botany Road, Botany Downs, Auckland → matched in LINZ_SQLITE"
2025-11-27T20:43:03.508373,,Geocode Success,"LINZ: 172 Botany Road, Botany Downs, Auckland → -36.91408478, 174.9161726"
2025-11-27T20:43:03.818954,,Geocode Success,"178 Botany Road, Botany Downs, Auckland → matched in LINZ_SQLITE"
2025-11-27T20:43:04.051977,,Geocode Success,"LINZ: 178 Botany Road, Botany Downs, Auckland → -36.91448028, 174.916341"
2025-11-27T20:43:04.398812,,Geocode Success,"20 Mirrabooka Avenue, Botany Downs, Auckland → matched in LINZ_SQLITE"
2025-11-27T20:43:04.570456,,Geocode Success,"LINZ: 20 Mirrabooka Avenue, Botany Downs, Auckland → -36.91020433, 174.9240548"
2025-11-27T20:43:05.283695,,LINZ Miss,"9 Mirrabooka Avenue, Botany Downs, Auckland → not found in LINZ sources (Auckland-gated)"
2025-11-27T20:43:05.467636,,Geocode Fallback,"LINZ failed for 9 Mirrabooka Avenue, Botany Downs, Auckland"
2025-11-27T20:43:07.102837,,Geocode Variant Used,geocode.xyz used: Nearby-biased
2025-11-27T20:43:07.309284,,Geocode Success,"geocode.xyz: 9 Mirrabooka Avenue, Botany Downs, Auckland → lat:-36.91013, lon:174.92366"
2025-11-27T20:43:07.494459,,Geocode Source,"geocode.xyz returned: ('9 Mirrabooka Avenue, Botany Downs, Auckland', -36.91013, 174.92366, '') for input: 9 Mirrabooka Avenue, Botany Downs, Auckland"
2025-11-27T20:43:12.308036,,Geocode Success,"14 Mirrabooka Avenue, Botany Downs, Auckland → matched in LINZ_SQLITE"
2025-11-27T20:43:12.512303,,Geocode Success,"LINZ: 14 Mirrabooka Avenue, Botany Downs, Auckland → -36.91004731, 174.9242015"
2025-11-27T20:43:12.841421,,Geocode Success,"13 Bunker Rise, Golflands, Auckland → matched in LINZ_SQLITE"
2025-11-27T20:43:13.042927,,Geocode Success,"LINZ: 13 Bunker Rise, Golflands, Auckland → -36.92868663, 174.9078328"
2025-11-27T20:43:13.324275,,Geocode Success,"4 Bunker Rise, Golflands, Auckland → matched in LINZ_SQLITE"
2025-11-27T20:43:13.545055,,Geocode Success,"LINZ: 4 Bunker Rise, Golflands, Auckland → -36.9289267, 174.9081434"
2025-11-27T20:43:13.920184,,Geocode Success,"2 Nagle Place, Golflands, Auckland → matched in LINZ_SQLITE"
2025-11-27T20:43:14.169583,,Geocode Success,"LINZ: 2 Nagle Place, Golflands, Auckland → -36.92879458, 174.9087673"
2025-11-27T20:43:14.510674,,Geocode Success,"22 Carriage Close, Northpark, Auckland → matched in LINZ_SQLITE"
2025-11-27T20:43:14.795561,,Geocode Success,"LINZ: 22 Carriage Close, Northpark, Auckland → -36.91582802, 174.9226905"
2025-11-27T20:43:15.104167,,Geocode Success,"14 Els Close, Golflands, Auckland → matched in LINZ_SQLITE"
2025-11-27T20:43:15.356977,,Geocode Success,"LINZ: 14 Els Close, Golflands, Auckland → -36.92824297, 174.9080115"
2025-11-27T20:43:15.703560,,Geocode Success,"4 Crescent Hills Court, Northpark, Auckland → matched in LINZ_SQLITE"
2025-11-27T20:43:15.938525,,Geocode Success,"LINZ: 4 Crescent Hills Court, Northpark, Auckland → -36.91851152, 174.9254718"
2025-11-27T20:43:16.202676,,Geocode Success,"18 Royalle Mews, Botany Downs, Auckland → matched in LINZ_SQLITE"
2025-11-27T20:43:16.485566,,Geocode Success,"LINZ: 18 Royalle Mews, Botany Downs, Auckland → -36.90948742, 174.917709"
2025-11-27T20:43:16.862993,,Geocode Success,"5 Kallaroo Place, Botany Downs, Auckland → matched in LINZ_SQLITE"
2025-11-27T20:43:17.051550,,Geocode Success,"LINZ: 5 Kallaroo Place, Botany Downs, Auckland → -36.91326345, 174.9207951"
2025-11-27T20:43:17.445469,,Geocode Success,"8 The Green, Golflands, Auckland → matched in LINZ_SQLITE"
2025-11-27T20:43:17.712742,,Geocode Success,"LINZ: 8 The Green, Golflands, Auckland → -36.91978077, 174.9069734"
2025-11-27T20:43:18.116453,,Geocode Success,"11 Nypa Way, Somerville, Auckland → matched in LINZ_SQLITE"
2025-11-27T20:43:18.350388,,Geocode Success,"LINZ: 11 Nypa Way, Somerville, Auckland → -36.90792988, 174.9323795"
2025-11-27T20:43:18.710669,,Geocode Success,"72 Drake Street, Howick, Auckland → matched in LINZ_SQLITE"
2025-11-27T20:43:18.927633,,Geocode Success,"LINZ: 72 Drake Street, Howick, Auckland → -36.89964167, 174.9298111"
2025-11-27T20:43:19.240050,,Geocode Success,"64 Drake Street, Howick, Auckland → matched in LINZ_SQLITE"
2025-11-27T20:43:19.429947,,Geocode Success,"LINZ: 64 Drake Street, Howick, Auckland → -36.89970628, 174.9306199"
2025-11-27T20:43:19.709955,,Geocode Success,"42 Drake Street, Howick, Auckland → matched in LINZ_SQLITE"
2025-11-27T20:43:19.927552,,Geocode Success,"LINZ: 42 Drake Street, Howick, Auckland → -36.90012817, 174.9321474"
2025-11-27T20:43:20.250706,,Geocode Success,"40 Drake Street, Howick, Auckland → matched in LINZ_SQLITE"
2025-11-27T20:43:20.493848,,Geocode Success,"LINZ: 40 Drake Street, Howick, Auckland → -36.90022498, 174.932335"
2025-11-27T20:43:21.122460,,LINZ Miss,"55 Drake Street, Howick, Auckland → not found in LINZ sources (Auckland-gated)"
2025-11-27T20:43:21.323192,,Geocode Fallback,"LINZ failed for 55 Drake Street, Howick, Auckland"
2025-11-27T20:43:24.336178,,Geocode Failed,"geocode.xyz → 55 Drake Street, Howick, Auckland (invalid)"
2025-11-27T20:43:25.302492,,Geocode Variant Used,Photon used: Nearby-biased
2025-11-27T20:43:25.489849,,Geocode Success,"Photon: 55 Drake Street, Howick, Auckland → lat:-36.8993706, lon:174.9311347"
2025-11-27T20:43:25.694673,,Geocode Source,"Photon returned: ('Drake Street, Howick, Auckland', -36.8993706, 174.9311347, '') for input: 55 Drake Street, Howick, Auckland"
2025-11-27T20:43:27.382297,,LINZ Miss,"57 Drake Street, Howick, Auckland → not found in LINZ sources (Auckland-gated)"
2025-11-27T20:43:27.584860,,Geocode Fallback,"LINZ failed for 57 Drake Street, Howick, Auckland"
2025-11-27T20:43:28.802202,,Geocode Failed,"geocode.xyz → 57 Drake Street, Howick, Auckland (invalid)"
2025-11-27T20:43:29.460084,,Geocode Variant Used,Photon used: Nearby-biased
2025-11-27T20:43:29.648467,,Geocode Success,"Photon: 57 Drake Street, Howick, Auckland → lat:-36.8992533, lon:174.9309928"
2025-11-27T20:43:29.836082,,Geocode Source,"Photon returned: ('Drake Street, Howick, Auckland', -36.8992533, 174.9309928, '') for input: 57 Drake Street, Howick, Auckland"
2025-11-27T20:43:30.176017,,Geocode Success,"23 Baird Street, Howick, Auckland → matched in LINZ_SQLITE"
2025-11-27T20:43:30.398080,,Geocode Success,"LINZ: 23 Baird Street, Howick, Auckland → -36.90048198, 174.9309772"
2025-11-27T20:43:30.741571,,Geocode Success,"1 Stockade View Lane, Howick, Auckland → matched in LINZ_SQLITE"
2025-11-27T20:43:30.914340,,Geocode Success,"LINZ: 1 Stockade View Lane, Howick, Auckland → -36.8978012, 174.9317788"
2025-11-27T20:43:31.273579,,Geocode Success,"3 Athenry Place, Dannemora, Auckland → matched in LINZ_SQLITE"
2025-11-27T20:43:31.511943,,Geocode Success,"LINZ: 3 Athenry Place, Dannemora, Auckland → -36.92921805, 174.9218251"
2025-11-27T20:43:31.793981,,Geocode Success,"27 Athenry Place, Dannemora, Auckland → matched in LINZ_SQLITE"
2025-11-27T20:43:32.027916,,Geocode Success,"LINZ: 27 Athenry Place, Dannemora, Auckland → -36.9303555, 174.9202783"
2025-11-27T20:43:32.372866,,Geocode Success,"21 Athenry Place, Dannemora, Auckland → matched in LINZ_SQLITE"
2025-11-27T20:43:32.607647,,Geocode Success,"LINZ: 21 Athenry Place, Dannemora, Auckland → -36.92987067, 174.9207648"
2025-11-27T20:43:32.951837,,Geocode Success,"10 Balbriggan Rise, Dannemora, Auckland → matched in LINZ_SQLITE"
2025-11-27T20:43:33.186124,,Geocode Success,"LINZ: 10 Balbriggan Rise, Dannemora, Auckland → -36.93027865, 174.9229539"
2025-11-27T20:43:33.498426,,Geocode Success,"3 Balbriggan Rise, Dannemora, Auckland → matched in LINZ_SQLITE"
2025-11-27T20:43:33.719308,,Geocode Success,"LINZ: 3 Balbriggan Rise, Dannemora, Auckland → -36.93078775, 174.9228258"
2025-11-27T20:43:34.050719,,Geocode Success,"42 Keppoch Court, Dannemora, Auckland → matched in LINZ_SQLITE"
2025-11-27T20:43:34.286719,,Geocode Success,"LINZ: 42 Keppoch Court, Dannemora, Auckland → -36.92766952, 174.9192487"
2025-11-27T20:43:34.630430,,Geocode Success,"30 Botany Road, Howick, Auckland → matched in LINZ_SQLITE"
2025-11-27T20:43:34.844834,,Geocode Success,"LINZ: 30 Botany Road, Howick, Auckland → -36.90142063, 174.9188992"
2025-11-27T20:43:35.170390,,Geocode Success,"34 Wiltshire Place, Somerville, Auckland → matched in LINZ_SQLITE"
2025-11-27T20:43:35.353025,,Geocode Success,"LINZ: 34 Wiltshire Place, Somerville, Auckland → -36.91918928, 174.9316863"
2025-11-27T20:43:35.647272,,Geocode Success,"7 Ravensdale Rise, Northpark, Auckland → matched in LINZ_SQLITE"
2025-11-27T20:43:35.898634,,Geocode Success,"LINZ: 7 Ravensdale Rise, Northpark, Auckland → -36.92459517, 174.9194364"
2025-11-27T20:43:36.237358,,Geocode Success,"11 Ravensdale Rise, Northpark, Auckland → matched in LINZ_SQLITE"
2025-11-27T20:43:36.488237,,Geocode Success,"LINZ: 11 Ravensdale Rise, Northpark, Auckland → -36.92487133, 174.919698"
2025-11-27T20:43:36.811520,,Geocode Success,"3 Ravensdale Rise, Northpark, Auckland → matched in LINZ_SQLITE"
2025-11-27T20:43:37.045613,,Geocode Success,"LINZ: 3 Ravensdale Rise, Northpark, Auckland → -36.92433155, 174.9191225"
2025-11-27T20:43:37.308948,,Geocode Success,"7 Braystones Place, Northpark, Auckland → matched in LINZ_SQLITE"
2025-11-27T20:43:37.595513,,Geocode Success,"LINZ: 7 Braystones Place, Northpark, Auckland → -36.92348138, 174.917926"
2025-11-27T20:43:37.894439,,Geocode Success,"15 Braystones Place, Northpark, Auckland → matched in LINZ_SQLITE"
2025-11-27T20:43:38.159720,,Geocode Success,"LINZ: 15 Braystones Place, Northpark, Auckland → -36.92353617, 174.9175612"
2025-11-27T20:43:38.473409,,Geocode Success,"12 Braystones Place, Northpark, Auckland → matched in LINZ_SQLITE"
2025-11-27T20:43:38.647643,,Geocode Success,"LINZ: 12 Braystones Place, Northpark, Auckland → -36.92377923, 174.9177154"
2025-11-27T20:43:39.009862,,Geocode Success,"10 Braystones Place, Northpark, Auckland → matched in LINZ_SQLITE"
2025-11-27T20:43:39.257331,,Geocode Success,"LINZ: 10 Braystones Place, Northpark, Auckland → -36.92400058, 174.9176121"
2025-11-27T20:43:39.603622,,Geocode Success,"8 Jeff Place, Howick, Auckland → matched in LINZ_SQLITE"
2025-11-27T20:43:39.885289,,Geocode Success,"LINZ: 8 Jeff Place, Howick, Auckland → -36.89614197, 174.9197172"
2025-11-27T20:43:40.186182,,Geocode Success,"13 Seaglen Place, Botany Downs, Auckland → matched in LINZ_SQLITE"
2025-11-27T20:43:40.404274,,Geocode Success,"LINZ: 13 Seaglen Place, Botany Downs, Auckland → -36.9124544, 174.9117554"
2025-11-27T20:43:41.069891,,Geocode Success,"21 Thirlmere Rise, Northpark, Auckland → matched in LINZ_SQLITE"
2025-11-27T20:43:41.288914,,Geocode Success,"LINZ: 21 Thirlmere Rise, Northpark, Auckland → -36.92576493, 174.9193622"
2025-11-27T20:43:41.585854,,Geocode Success,"25 Thirlmere Rise, Northpark, Auckland → matched in LINZ_SQLITE"
2025-11-27T20:43:41.822881,,Geocode Success,"LINZ: 25 Thirlmere Rise, Northpark, Auckland → -36.9254784, 174.9196393"
2025-11-27T20:43:42.295060,,Geocode Success,"23 Thirlmere Rise, Northpark, Auckland → matched in LINZ_SQLITE"
2025-11-27T20:43:42.547114,,Geocode Success,"LINZ: 23 Thirlmere Rise, Northpark, Auckland → -36.92556927, 174.9194158"
2025-11-27T20:43:43.186460,,Geocode Success,"19 Thirlmere Rise, Northpark, Auckland → matched in LINZ_SQLITE"
2025-11-27T20:43:43.423464,,Geocode Success,"LINZ: 19 Thirlmere Rise, Northpark, Auckland → -36.92595435, 174.9192491"
2025-11-27T20:43:43.771192,,Geocode Success,"17 Thirlmere Rise, Northpark, Auckland → matched in LINZ_SQLITE"
2025-11-27T20:43:43.928020,,Geocode Success,"LINZ: 17 Thirlmere Rise, Northpark, Auckland → -36.92571407, 174.9192513"
2025-11-27T20:43:44.277230,,Geocode Success,"3 Thirlmere Rise, Northpark, Auckland → matched in LINZ_SQLITE"
2025-11-27T20:43:44.543636,,Geocode Success,"LINZ: 3 Thirlmere Rise, Northpark, Auckland → -36.92494533, 174.9183537"
2025-11-27T20:43:44.969045,,Geocode Success,"3 Yarlside Place, Northpark, Auckland → matched in LINZ_SQLITE"
2025-11-27T20:43:45.216210,,Geocode Success,"LINZ: 3 Yarlside Place, Northpark, Auckland → -36.9245043, 174.9174168"
2025-11-27T20:43:45.546855,,Geocode Success,"5 Yarlside Place, Northpark, Auckland → matched in LINZ_SQLITE"
2025-11-27T20:43:45.801814,,Geocode Success,"LINZ: 5 Yarlside Place, Northpark, Auckland → -36.9243683, 174.9172535"
2025-11-27T20:43:46.149298,,Geocode Success,"15 Yarlside Place, Northpark, Auckland → matched in LINZ_SQLITE"
2025-11-27T20:43:46.369463,,Geocode Success,"LINZ: 15 Yarlside Place, Northpark, Auckland → -36.9236602, 174.9170324"
2025-11-27T20:43:47.017323,,LINZ Miss,"26 Libby Lane, Howick, Auckland → not found in LINZ sources (Auckland-gated)"
2025-11-27T20:43:47.178128,,Geocode Fallback,"LINZ failed for 26 Libby Lane, Howick, Auckland"
2025-11-27T20:43:48.779144,,Geocode Variant Used,geocode.xyz used: Nearby-biased
2025-11-27T20:43:48.905062,,Geocode Success,"geocode.xyz: 26 Libby Lane, Howick, Auckland → lat:-36.90079, lon:174.91973"
2025-11-27T20:43:49.047709,,Geocode Source,"geocode.xyz returned: ('26 Libby Lane, Howick, Auckland', -36.90079, 174.91973, '') for input: 26 Libby Lane, Howick, Auckland"
2025-11-27T20:43:51.236600,,Geocode Success,"3 Caldbeck Rise, Northpark, Auckland → matched in LINZ_SQLITE"
2025-11-27T20:43:51.537237,,Geocode Success,"LINZ: 3 Caldbeck Rise, Northpark, Auckland → -36.92560358, 174.9178973"
2025-11-27T20:43:51.858471,,Geocode Success,"36 Burswood Drive, Burswood, Auckland → matched in LINZ_SQLITE"
2025-11-27T20:43:52.101537,,Geocode Success,"LINZ: 36 Burswood Drive, Burswood, Auckland → -36.92518122, 174.9014259"
2025-11-27T20:43:52.455039,,Geocode Success,"38 Burswood Drive, Burswood, Auckland → matched in LINZ_SQLITE"
2025-11-27T20:43:52.625927,,Geocode Success,"LINZ: 38 Burswood Drive, Burswood, Auckland → -36.92501345, 174.9013673"
2025-11-27T20:43:52.906037,,Geocode Success,"7 Jane Eyre Drive, Somerville, Auckland → matched in LINZ_SQLITE"
2025-11-27T20:43:53.093652,,Geocode Success,"LINZ: 7 Jane Eyre Drive, Somerville, Auckland → -36.9133067, 174.9340252"
2025-11-27T20:43:53.391576,,Geocode Success,"52 Simmental Crescent, Somerville, Auckland → matched in LINZ_SQLITE"
2025-11-27T20:43:53.645587,,Geocode Success,"LINZ: 52 Simmental Crescent, Somerville, Auckland → -36.91453505, 174.9334726"
2025-11-27T20:43:53.993311,,Geocode Success,"15 Annalong Road, Dannemora, Auckland → matched in LINZ_SQLITE"
2025-11-27T20:43:54.352625,,Geocode Success,"LINZ: 15 Annalong Road, Dannemora, Auckland → -36.92614867, 174.9247805"
2025-11-27T20:43:54.712467,,Geocode Success,"1 Greenhill Crescent, Pakuranga, Auckland → matched in LINZ_SQLITE"
2025-11-27T20:43:54.974690,,Geocode Success,"LINZ: 1 Greenhill Crescent, Pakuranga, Auckland → -36.91010008, 174.8817249"
2025-11-27T20:43:55.290431,,Geocode Success,"2 Greenhill Crescent, Pakuranga, Auckland → matched in LINZ_SQLITE"
2025-11-27T20:43:55.478894,,Geocode Success,"LINZ: 2 Greenhill Crescent, Pakuranga, Auckland → -36.90977165, 174.882003"
2025-11-27T20:43:55.856720,,Geocode Success,"2 Grassways Avenue, Pakuranga, Auckland → matched in LINZ_SQLITE"
2025-11-27T20:43:56.107938,,Geocode Success,"LINZ: 2 Grassways Avenue, Pakuranga, Auckland → -36.91148685, 174.8817004"
2025-11-27T20:43:56.797293,,LINZ Miss,"9 Larne Avenue, Pakuranga Heights, Auckland → not found in LINZ sources (Auckland-gated)"
2025-11-27T20:43:56.969437,,Geocode Fallback,"LINZ failed for 9 Larne Avenue, Pakuranga Heights, Auckland"
2025-11-27T20:43:58.215872,,Geocode Failed,"geocode.xyz → 9 Larne Avenue, Pakuranga Heights, Auckland (invalid)"
2025-11-27T20:43:58.903820,,Geocode Variant Used,Photon used: Nearby-biased
2025-11-27T20:43:59.076579,,Geocode Success,"Photon: 9 Larne Avenue, Pakuranga Heights, Auckland → lat:-36.9098529, lon:174.8860705"
2025-11-27T20:43:59.200272,,Geocode Source,"Photon returned: ('Larne Avenue, Pakuranga Heights, Auckland', -36.9098529, 174.8860705, '') for input: 9 Larne Avenue, Pakuranga Heights, Auckland"
2025-11-27T20:44:06.330338,,Geocode Success,"17 Dulwich Place, Burswood, Auckland → matched in LINZ_SQLITE"
2025-11-27T20:44:06.543655,,Geocode Success,"LINZ: 17 Dulwich Place, Burswood, Auckland → -36.92438975, 174.8971477"
2025-11-27T20:44:06.877651,,Geocode Success,"3 Halstead Place, Huntington Park, Auckland → matched in LINZ_SQLITE"
2025-11-27T20:44:07.147195,,Geocode Success,"LINZ: 3 Halstead Place, Huntington Park, Auckland → -36.93386818, 174.9055464"
2025-11-27T20:44:07.477920,,Geocode Success,"6 Halstead Place, Huntington Park, Auckland → matched in LINZ_SQLITE"
2025-11-27T20:44:07.744760,,Geocode Success,"LINZ: 6 Halstead Place, Huntington Park, Auckland → -36.9336261, 174.905989"
2025-11-27T20:44:08.090032,,Geocode Success,"7 Halstead Place, Huntington Park, Auckland → matched in LINZ_SQLITE"
2025-11-27T20:44:08.328183,,Geocode Success,"LINZ: 7 Halstead Place, Huntington Park, Auckland → -36.93395118, 174.905953"
2025-11-27T20:44:08.612342,,Geocode Success,"5 Saidia Place, Huntington Park, Auckland → matched in LINZ_SQLITE"
2025-11-27T20:44:08.895806,,Geocode Success,"LINZ: 5 Saidia Place, Huntington Park, Auckland → -36.93090832, 174.9055363"
2025-11-27T20:44:09.177518,,Geocode Success,"10 Bowscale Place, Northpark, Auckland → matched in LINZ_SQLITE"
2025-11-27T20:44:09.414050,,Geocode Success,"LINZ: 10 Bowscale Place, Northpark, Auckland → -36.9270935, 174.9143223"
2025-11-27T20:44:09.804942,,Geocode Success,"12 Bowscale Place, Northpark, Auckland → matched in LINZ_SQLITE"
2025-11-27T20:44:10.054373,,Geocode Success,"LINZ: 12 Bowscale Place, Northpark, Auckland → -36.9272774, 174.9144891"
2025-11-27T20:44:10.380731,,Geocode Success,"14 Bowscale Place, Northpark, Auckland → matched in LINZ_SQLITE"
2025-11-27T20:44:10.569141,,Geocode Success,"LINZ: 14 Bowscale Place, Northpark, Auckland → -36.92735428, 174.9147358"
2025-11-27T20:44:10.884883,,Geocode Success,"19 Bowscale Place, Northpark, Auckland → matched in LINZ_SQLITE"
2025-11-27T20:44:11.070300,,Geocode Success,"LINZ: 19 Bowscale Place, Northpark, Auckland → -36.92774327, 174.914914"
2025-11-27T20:44:11.415322,,Geocode Success,"17 Bowscale Place, Northpark, Auckland → matched in LINZ_SQLITE"
2025-11-27T20:44:11.649669,,Geocode Success,"LINZ: 17 Bowscale Place, Northpark, Auckland → -36.92759137, 174.9146499"
2025-11-27T20:44:12.306031,,LINZ Miss,"2 Fencotie Place, Northpark, Auckland → not found in LINZ sources (Auckland-gated)"
2025-11-27T20:44:12.479206,,Geocode Fallback,"LINZ failed for 2 Fencotie Place, Northpark, Auckland"
2025-11-27T20:44:14.048269,,Geocode Failed,"geocode.xyz → 2 Fencotie Place, Northpark, Auckland (invalid)"
2025-11-27T20:44:14.438152,,Geocode Variant Used,Photon used: Nearby-biased
2025-11-27T20:44:14.639844,,Geocode Success,"Photon: 2 Fencotie Place, Northpark, Auckland → lat:-36.927458, lon:174.9132407"
2025-11-27T20:44:14.827320,,Geocode Source,"Photon returned: ('Fencotie Place, Northpark, Auckland', -36.927458, 174.9132407, '') for input: 2 Fencotie Place, Northpark, Auckland"
2025-11-27T20:44:15.214680,,Geocode Success,"1 Fencotie Place, Northpark, Auckland → matched in LINZ_SQLITE"
2025-11-27T20:44:15.448006,,Geocode Success,"LINZ: 1 Fencotie Place, Northpark, Auckland → -36.92714618, 174.9138891"
2025-11-27T20:44:15.826877,,Geocode Success,"54 Springside Drive, Flat Bush, Auckland → matched in LINZ_SQLITE"
2025-11-27T20:44:16.014768,,Geocode Success,"LINZ: 54 Springside Drive, Flat Bush, Auckland → -36.97403128, 174.9206939"
2025-11-27T20:44:16.385803,,Geocode Success,"50 Springside Drive, Flat Bush, Auckland → matched in LINZ_SQLITE"
2025-11-27T20:44:16.589419,,Geocode Success,"LINZ: 50 Springside Drive, Flat Bush, Auckland → -36.97378407, 174.920768"
2025-11-27T20:44:16.901649,,Geocode Success,"39 Calluna Crescent, Totara Heights, Auckland → matched in LINZ_SQLITE"
2025-11-27T20:44:17.105566,,Geocode Success,"LINZ: 39 Calluna Crescent, Totara Heights, Auckland → -37.00234955, 174.9053502"
2025-11-27T20:44:17.401015,,Geocode Success,"79 Meadowland Drive, Somerville, Auckland → matched in LINZ_SQLITE"
2025-11-27T20:44:17.571798,,Geocode Success,"LINZ: 79 Meadowland Drive, Somerville, Auckland → -36.91238347, 174.9316046"
2025-11-27T20:44:17.930776,,Geocode Success,"2 Uldale Place, Northpark, Auckland → matched in LINZ_SQLITE"
2025-11-27T20:44:18.193715,,Geocode Success,"LINZ: 2 Uldale Place, Northpark, Auckland → -36.92586343, 174.9165812"
2025-11-27T20:44:18.537982,,Geocode Success,"9 Uldale Place, Northpark, Auckland → matched in LINZ_SQLITE"
2025-11-27T20:44:18.757206,,Geocode Success,"LINZ: 9 Uldale Place, Northpark, Auckland → -36.92491643, 174.9167022"
2025-11-27T20:44:19.005443,,Geocode Success,"30 Ambleside Drive, Northpark, Auckland → matched in LINZ_SQLITE"
2025-11-27T20:44:19.240107,,Geocode Success,"LINZ: 30 Ambleside Drive, Northpark, Auckland → -36.92750895, 174.9177498"
2025-11-27T20:44:19.911487,,LINZ Miss,"50 Tarnica Road, Northpark, Auckland → not found in LINZ sources (Auckland-gated)"
2025-11-27T20:44:20.020257,,Geocode Fallback,"LINZ failed for 50 Tarnica Road, Northpark, Auckland"
2025-11-27T20:44:21.373456,,Geocode Failed,"geocode.xyz → 50 Tarnica Road, Northpark, Auckland (invalid)"
2025-11-27T20:44:21.851701,,Geocode Variant Used,Photon used: Nearby-biased
2025-11-27T20:44:22.035734,,Geocode Success,"Photon: 50 Tarnica Road, Northpark, Auckland → lat:-36.9264287, lon:174.9159552"
2025-11-27T20:44:22.205409,,Geocode Source,"Photon returned: ('Tarnica Road, Northpark, Auckland', -36.9264287, 174.9159552, '') for input: 50 Tarnica Road, Northpark, Auckland"
2025-11-27T20:44:27.984254,,Geocode Success,"47 Tarnica Road, Northpark, Auckland → matched in LINZ_SQLITE"
2025-11-27T20:44:28.217860,,Geocode Success,"LINZ: 47 Tarnica Road, Northpark, Auckland → -36.92591403, 174.9162926"
2025-11-27T20:44:28.559836,,Geocode Success,"3 Bampton Rise, Northpark, Auckland → matched in LINZ_SQLITE"
2025-11-27T20:44:28.823913,,Geocode Success,"LINZ: 3 Bampton Rise, Northpark, Auckland → -36.9237401, 174.9197195"
2025-11-27T20:44:29.165295,,Geocode Success,"7 Bampton Rise, Northpark, Auckland → matched in LINZ_SQLITE"
2025-11-27T20:44:29.368578,,Geocode Success,"LINZ: 7 Bampton Rise, Northpark, Auckland → -36.92397647, 174.9200472"
2025-11-27T20:44:29.663538,,Geocode Success,"106 Valderama Drive, Flat Bush, Auckland → matched in LINZ_SQLITE"
2025-11-27T20:44:29.911655,,Geocode Success,"LINZ: 106 Valderama Drive, Flat Bush, Auckland → -36.96947931, 174.9296744"
2025-11-27T20:44:30.575162,,Geocode Success,"14 Peihinga Road, Howick, Auckland → matched in LINZ_SQLITE"
2025-11-27T20:44:30.810853,,Geocode Success,"LINZ: 14 Peihinga Road, Howick, Auckland → -36.96895675, 174.9307598"
2025-11-27T20:44:31.154585,,Geocode Success,"7 Kentia Way, Somerville, Auckland → matched in LINZ_SQLITE"
2025-11-27T20:44:31.341725,,Geocode Success,"LINZ: 7 Kentia Way, Somerville, Auckland → -36.90754278, 174.9315714"
2025-11-27T20:44:32.008457,,LINZ Miss,"5 Glennandrew Drive, Half Moon Bay, Auckland → not found in LINZ sources (Auckland-gated)"
2025-11-27T20:44:32.164330,,Geocode Fallback,"LINZ failed for 5 Glennandrew Drive, Half Moon Bay, Auckland"
2025-11-27T20:44:33.804053,,Geocode Variant Used,geocode.xyz used: Nearby-biased
2025-11-27T20:44:34.007995,,Geocode Success,"geocode.xyz: 5 Glennandrew Drive, Half Moon Bay, Auckland → lat:-36.88828, lon:174.90697"
2025-11-27T20:44:34.180990,,Geocode Source,"geocode.xyz returned: ('5 Glennandrew Drive, Half Moon Bay, Auckland', -36.88828, 174.90697, '') for input: 5 Glennandrew Drive, Half Moon Bay, Auckland"
2025-11-27T20:44:37.762760,,Geocode Success,"14 Eclipse Place, Half Moon Bay, Auckland → matched in LINZ_SQLITE"
2025-11-27T20:44:38.028583,,Geocode Success,"LINZ: 14 Eclipse Place, Half Moon Bay, Auckland → -36.88721652, 174.892328"
2025-11-27T20:44:38.389093,,Geocode Success,"5 Lilford Place, Half Moon Bay, Auckland → matched in LINZ_SQLITE"
2025-11-27T20:44:38.637508,,Geocode Success,"LINZ: 5 Lilford Place, Half Moon Bay, Auckland → -36.88729502, 174.8912173"
2025-11-27T20:44:38.948116,,Geocode Success,"28 Glennandrew Drive, Half Moon Bay, Auckland → matched in LINZ_SQLITE"
2025-11-27T20:44:39.165814,,Geocode Success,"LINZ: 28 Glennandrew Drive, Half Moon Bay, Auckland → -36.88852407, 174.9056167"
2025-11-27T20:44:39.525683,,Geocode Success,"21 Clyside Avenue, Half Moon Bay, Auckland → matched in LINZ_SQLITE"
2025-11-27T20:44:39.729414,,Geocode Success,"LINZ: 21 Clyside Avenue, Half Moon Bay, Auckland → -36.88307223, 174.8961974"
2025-11-27T20:44:40.301980,,LINZ Miss,"46 Burswood Drive, Burswood, Auckland → not found in LINZ sources (Auckland-gated)"
2025-11-27T20:44:40.489350,,Geocode Fallback,"LINZ failed for 46 Burswood Drive, Burswood, Auckland"
2025-11-27T20:44:42.036503,,Geocode Variant Used,geocode.xyz used: Nearby-biased
2025-11-27T20:44:42.222888,,Geocode Success,"geocode.xyz: 46 Burswood Drive, Burswood, Auckland → lat:-36.92425, lon:174.90075"
2025-11-27T20:44:42.394720,,Geocode Source,"geocode.xyz returned: ('46 Burswood Drive, Burswood, Auckland', -36.92425, 174.90075, '') for input: 46 Burswood Drive, Burswood, Auckland"
2025-11-27T20:44:43.051167,,Geocode Success,"3 Nedlands Place, Burswood, Auckland → matched in LINZ_SQLITE"
2025-11-27T20:44:43.302875,,Geocode Success,"LINZ: 3 Nedlands Place, Burswood, Auckland → -36.92429723, 174.9016977"
2025-11-27T20:44:43.567859,,Geocode Success,"41 Anaheim Boulevard, Shamrock Park, Auckland → matched in LINZ_SQLITE"
2025-11-27T20:44:43.770607,,Geocode Success,"LINZ: 41 Anaheim Boulevard, Shamrock Park, Auckland → -36.92641172, 174.926925"
2025-11-27T20:44:44.453106,,LINZ Miss,"8 Nedlands Place, Burswood, Auckland → not found in LINZ sources (Auckland-gated)"
2025-11-27T20:44:44.642296,,Geocode Fallback,"LINZ failed for 8 Nedlands Place, Burswood, Auckland"
2025-11-27T20:44:46.037822,,Geocode Failed,"geocode.xyz → 8 Nedlands Place, Burswood, Auckland (invalid)"
2025-11-27T20:44:46.427211,,Geocode Variant Used,Photon used: Nearby-biased
2025-11-27T20:44:46.612661,,Geocode Success,"Photon: 8 Nedlands Place, Burswood, Auckland → lat:-36.923993, lon:174.9016487"
2025-11-27T20:44:46.799299,,Geocode Source,"Photon returned: ('Nedlands Place, Burswood, Auckland', -36.923993, 174.9016487, '') for input: 8 Nedlands Place, Burswood, Auckland"
2025-11-27T20:44:48.228414,,Geocode Success,"10 Nedlands Place, Burswood, Auckland → matched in LINZ_SQLITE"
2025-11-27T20:44:48.447718,,Geocode Success,"LINZ: 10 Nedlands Place, Burswood, Auckland → -36.9237536, 174.9017403"
2025-11-27T20:44:48.822648,,Geocode Success,"86 Burswood Drive, Burswood, Auckland → matched in LINZ_SQLITE"
2025-11-27T20:44:49.024790,,Geocode Success,"LINZ: 86 Burswood Drive, Burswood, Auckland → -36.92177868, 174.8978654"
2025-11-27T20:44:49.606217,,LINZ Miss,"11 Mandarin Place, Half Moon Bay, Auckland → not found in LINZ sources (Auckland-gated)"
2025-11-27T20:44:49.762001,,Geocode Fallback,"LINZ failed for 11 Mandarin Place, Half Moon Bay, Auckland"
2025-11-27T20:44:51.001559,,Geocode Failed,"geocode.xyz → 11 Mandarin Place, Half Moon Bay, Auckland (invalid)"
2025-11-27T20:44:51.677637,,Geocode Variant Used,Photon used: Nearby-biased
2025-11-27T20:44:51.876386,,Geocode Success,"Photon: 11 Mandarin Place, Half Moon Bay, Auckland → lat:-36.8948248, lon:174.9041179"
2025-11-27T20:44:52.044032,,Geocode Source,"Photon returned: ('Mandarin Place, Half Moon Bay, Auckland', -36.8948248, 174.9041179, '') for input: 11 Mandarin Place, Half Moon Bay, Auckland"
2025-11-27T20:44:53.507666,,LINZ Miss,"9 Liam Place, Half Moon Bay, Auckland → not found in LINZ sources (Auckland-gated)"
2025-11-27T20:44:53.678935,,Geocode Fallback,"LINZ failed for 9 Liam Place, Half Moon Bay, Auckland"
2025-11-27T20:44:55.100550,,Geocode Failed,"geocode.xyz → 9 Liam Place, Half Moon Bay, Auckland (invalid)"
2025-11-27T20:44:55.880297,,Geocode Variant Used,Photon used: Nearby-biased
2025-11-27T20:44:56.082872,,Geocode Success,"Photon: 9 Liam Place, Half Moon Bay, Auckland → lat:-36.8959408, lon:174.901022"
2025-11-27T20:44:56.267253,,Geocode Source,"Photon returned: ('Liam Place, Half Moon Bay, Auckland', -36.8959408, 174.901022, '') for input: 9 Liam Place, Half Moon Bay, Auckland"
2025-11-27T20:44:56.673041,,Geocode Success,"2 Awakirihi Close, Shamrock Park, Auckland → matched in LINZ_SQLITE"
2025-11-27T20:44:56.967906,,Geocode Success,"LINZ: 2 Awakirihi Close, Shamrock Park, Auckland → -36.92028363, 174.9309799"
2025-11-27T20:44:57.299170,,Geocode Success,"6 Awakirihi Close, Shamrock Park, Auckland → matched in LINZ_SQLITE"
2025-11-27T20:44:57.518274,,Geocode Success,"LINZ: 6 Awakirihi Close, Shamrock Park, Auckland → -36.9200128, 174.9312022"
2025-11-27T20:44:57.848976,,Geocode Success,"7 Awakirihi Close, Shamrock Park, Auckland → matched in LINZ_SQLITE"
2025-11-27T20:44:58.116425,,Geocode Success,"LINZ: 7 Awakirihi Close, Shamrock Park, Auckland → -36.91996429, 174.9314044"
2025-11-27T20:44:58.476190,,Geocode Success,"1 Awakirihi Close, Shamrock Park, Auckland → matched in LINZ_SQLITE"
2025-11-27T20:44:58.697525,,Geocode Success,"LINZ: 1 Awakirihi Close, Shamrock Park, Auckland → -36.92034831, 174.9310951"
2025-11-27T20:44:59.010857,,Geocode Success,"3 Awakirihi Close, Shamrock Park, Auckland → matched in LINZ_SQLITE"
2025-11-27T20:44:59.182458,,Geocode Success,"LINZ: 3 Awakirihi Close, Shamrock Park, Auckland → -36.920223, 174.9312063"
2025-11-27T20:44:59.556269,,Geocode Success,"4 Awakirihi Close, Shamrock Park, Auckland → matched in LINZ_SQLITE"
2025-11-27T20:44:59.791472,,Geocode Success,"LINZ: 4 Awakirihi Close, Shamrock Park, Auckland → -36.92015023, 174.9310971"
2025-11-27T20:45:00.177062,,Geocode Success,"5 Awakirihi Close, Shamrock Park, Auckland → matched in LINZ_SQLITE"
2025-11-27T20:45:00.407578,,Geocode Success,"LINZ: 5 Awakirihi Close, Shamrock Park, Auckland → -36.92008556, 174.9313073"
2025-11-27T20:45:00.734166,,Geocode Success,"23 Dianne-Louise Drive, Half Moon Bay, Auckland → matched in LINZ_SQLITE"
2025-11-27T20:45:01.030154,,Geocode Success,"LINZ: 23 Dianne-Louise Drive, Half Moon Bay, Auckland → -36.88670838, 174.9048312"
2025-11-27T20:45:01.389149,,Geocode Success,"16 Browns Avenue, Pakuranga, Auckland → matched in LINZ_SQLITE"
2025-11-27T20:45:01.639111,,Geocode Success,"LINZ: 16 Browns Avenue, Pakuranga, Auckland → -36.9097713, 174.865812"
2025-11-27T20:45:01.966786,,Geocode Success,"2 Simmental Crescent, Somerville, Auckland → matched in LINZ_SQLITE"
2025-11-27T20:45:02.137504,,Geocode Success,"LINZ: 2 Simmental Crescent, Somerville, Auckland → -36.91354717, 174.930254"
2025-11-27T20:45:02.436482,,Geocode Success,"76 Ashby Avenue, Saint Heliers, Auckland → matched in LINZ_SQLITE"
2025-11-27T20:45:02.672784,,Geocode Success,"LINZ: 76 Ashby Avenue, Saint Heliers, Auckland → -36.86858257, 174.8603611"
2025-11-27T20:45:03.044897,,Geocode Success,"104 Prince Regent Drive, Half Moon Bay, Auckland → matched in LINZ_SQLITE"
2025-11-27T20:45:03.292244,,Geocode Success,"LINZ: 104 Prince Regent Drive, Half Moon Bay, Auckland → -36.89053112, 174.8976352"
2025-11-27T20:45:03.668722,,Geocode Success,"8 Owenbeg Rise, Dannemora, Auckland → matched in LINZ_SQLITE"
2025-11-27T20:45:03.952360,,Geocode Success,"LINZ: 8 Owenbeg Rise, Dannemora, Auckland → -36.93292822, 174.9250052"
2025-11-27T20:45:04.560493,,LINZ Miss,"62 Owenbeg Rise, Dannemora, Auckland → not found in LINZ sources (Auckland-gated)"
2025-11-27T20:45:04.747146,,Geocode Fallback,"LINZ failed for 62 Owenbeg Rise, Dannemora, Auckland"
2025-11-27T20:45:05.908648,,Geocode Failed,"geocode.xyz → 62 Owenbeg Rise, Dannemora, Auckland (invalid)"
2025-11-27T20:45:06.870573,,Geocode Variant Used,Nominatim used: Nearby-biased
2025-11-27T20:45:07.008044,,Geocode Success,"Nominatim: 62 Owenbeg Rise, Dannemora, Auckland → lat:-36.9330924, lon:174.9247979"
2025-11-27T20:45:07.190454,,Geocode Source,"Nominatim returned: ('Owenbeg Rise, Dannemora, Auckland', -36.9330924, 174.9247979, '2016') for input: 62 Owenbeg Rise, Dannemora, Auckland"
2025-11-27T20:45:07.621818,,Geocode Success,"13 Navan Place, Dannemora, Auckland → matched in LINZ_SQLITE"
2025-11-27T20:45:07.875722,,Geocode Success,"LINZ: 13 Navan Place, Dannemora, Auckland → -36.9341848, 174.9237745"
2025-11-27T20:45:08.234130,,Geocode Success,"13 Limerick Place, Dannemora, Auckland → matched in LINZ_SQLITE"
2025-11-27T20:45:08.422145,,Geocode Success,"LINZ: 13 Limerick Place, Dannemora, Auckland → -36.93230685, 174.9228655"
2025-11-27T20:45:08.720917,,Geocode Success,"26 Limerick Place, Dannemora, Auckland → matched in LINZ_SQLITE"
2025-11-27T20:45:08.987259,,Geocode Success,"LINZ: 26 Limerick Place, Dannemora, Auckland → -36.93198388, 174.9232873"
2025-11-27T20:45:09.297975,,Geocode Success,"8 Limerick Place, Dannemora, Auckland → matched in LINZ_SQLITE"
2025-11-27T20:45:09.515200,,Geocode Success,"LINZ: 8 Limerick Place, Dannemora, Auckland → -36.93283557, 174.9220901"
2025-11-27T20:45:09.874885,,Geocode Success,"9 Limerick Place, Dannemora, Auckland → matched in LINZ_SQLITE"
2025-11-27T20:45:10.080548,,Geocode Success,"LINZ: 9 Limerick Place, Dannemora, Auckland → -36.9326027, 174.9225397"
2025-11-27T20:45:10.361129,,Geocode Success,"11 Limerick Place, Dannemora, Auckland → matched in LINZ_SQLITE"
2025-11-27T20:45:10.610186,,Geocode Success,"LINZ: 11 Limerick Place, Dannemora, Auckland → -36.93245517, 174.9226468"
2025-11-27T20:45:10.909803,,Geocode Success,"3 Dromora Close, Dannemora, Auckland → matched in LINZ_SQLITE"
2025-11-27T20:45:11.145369,,Geocode Success,"LINZ: 3 Dromora Close, Dannemora, Auckland → -36.93276378, 174.9233175"
2025-11-27T20:45:11.491634,,Geocode Success,"4 Dromora Close, Dannemora, Auckland → matched in LINZ_SQLITE"
2025-11-27T20:45:11.712691,,Geocode Success,"LINZ: 4 Dromora Close, Dannemora, Auckland → -36.93304492, 174.9230968"
2025-11-27T20:45:12.040557,,Geocode Success,"130 Tiraumea Drive, Pakuranga, Auckland → matched in LINZ_SQLITE"
2025-11-27T20:45:12.334536,,Geocode Success,"LINZ: 130 Tiraumea Drive, Pakuranga, Auckland → -36.92017662, 174.8630357"
2025-11-27T20:45:12.977449,,LINZ Miss,"24 Tamaki Bay Drive, Pakuranga, Auckland → not found in LINZ sources (Auckland-gated)"
2025-11-27T20:45:13.165849,,Geocode Fallback,"LINZ failed for 24 Tamaki Bay Drive, Pakuranga, Auckland"
2025-11-27T20:45:15.095137,,Geocode Variant Used,Photon used: Nearby-biased
2025-11-27T20:45:15.284472,,Geocode Success,"Photon: 24 Tamaki Bay Drive, Pakuranga, Auckland → lat:-36.9093641, lon:174.8675389"
2025-11-27T20:45:15.425154,,Geocode Source,"Photon returned: ('Tamaki Bay Drive, Pakuranga, Auckland', -36.9093641, 174.8675389, '') for input: 24 Tamaki Bay Drive, Pakuranga, Auckland"
2025-11-27T20:45:18.282921,,Geocode Success,"12 Fintona Place, Dannemora, Auckland → matched in LINZ_SQLITE"
2025-11-27T20:45:18.534630,,Geocode Success,"LINZ: 12 Fintona Place, Dannemora, Auckland → -36.93087968, 174.917075"
2025-11-27T20:45:18.892871,,Geocode Success,"20 Riverlea Avenue, Pakuranga, Auckland → matched in LINZ_SQLITE"
2025-11-27T20:45:19.096931,,Geocode Success,"LINZ: 20 Riverlea Avenue, Pakuranga, Auckland → -36.9084775, 174.8659419"
2025-11-27T20:45:19.360615,,Geocode Success,"21 Browns Avenue, Pakuranga, Auckland → matched in LINZ_SQLITE"
2025-11-27T20:45:19.625476,,Geocode Success,"LINZ: 21 Browns Avenue, Pakuranga, Auckland → -36.90915032, 174.8652057"
2025-11-27T20:45:20.298253,,Geocode Success,"15 Santa Ana Drive, Dannemora, Auckland → matched in LINZ_SQLITE"
2025-11-27T20:45:20.590726,,Geocode Success,"LINZ: 15 Santa Ana Drive, Dannemora, Auckland → -36.92253295, 174.926655"
2025-11-27T20:45:20.933535,,Geocode Success,"33 Santa Ana Drive, Dannemora, Auckland → matched in LINZ_SQLITE"
2025-11-27T20:45:21.163843,,Geocode Success,"LINZ: 33 Santa Ana Drive, Dannemora, Auckland → -36.9240805, 174.9262501"
2025-11-27T20:45:21.433843,,Geocode Success,"66 Sunderlands Road, Half Moon Bay, Auckland → matched in LINZ_SQLITE"
2025-11-27T20:45:21.647052,,Geocode Success,"LINZ: 66 Sunderlands Road, Half Moon Bay, Auckland → -36.88745487, 174.9072324"
2025-11-27T20:45:22.236541,,LINZ Miss,"33 Sunderlands Road, Half Moon Bay, Auckland → not found in LINZ sources (Auckland-gated)"
2025-11-27T20:45:22.468911,,Geocode Fallback,"LINZ failed for 33 Sunderlands Road, Half Moon Bay, Auckland"
2025-11-27T20:45:23.976669,,Geocode Failed,"geocode.xyz → 33 Sunderlands Road, Half Moon Bay, Auckland (invalid)"
2025-11-27T20:45:24.493027,,Geocode Variant Used,Photon used: Nearby-biased
2025-11-27T20:45:24.636940,,Geocode Success,"Photon: 33 Sunderlands Road, Half Moon Bay, Auckland → lat:-36.8857041, lon:174.9047771"
2025-11-27T20:45:24.821722,,Geocode Source,"Photon returned: ('Sunderlands Road, Half Moon Bay, Auckland', -36.8857041, 174.9047771, '') for input: 33 Sunderlands Road, Half Moon Bay, Auckland"
2025-11-27T20:45:25.713428,,Geocode Success,"19 Kentigern Close, Pakuranga, Auckland → matched in LINZ_SQLITE"
2025-11-27T20:45:25.964981,,Geocode Success,"LINZ: 19 Kentigern Close, Pakuranga, Auckland → -36.90970287, 174.8721051"
2025-11-27T20:45:26.293126,,Geocode Success,"8 Steeple Rise, Pakuranga, Auckland → matched in LINZ_SQLITE"
2025-11-27T20:45:26.480408,,Geocode Success,"LINZ: 8 Steeple Rise, Pakuranga, Auckland → -36.90987688, 174.8723326"
2025-11-27T20:45:26.779009,,Geocode Success,"25 Keppoch Court, Dannemora, Auckland → matched in LINZ_SQLITE"
2025-11-27T20:45:27.029595,,Geocode Success,"LINZ: 25 Keppoch Court, Dannemora, Auckland → -36.9276489, 174.919791"
2025-11-27T20:45:27.420653,,Geocode Success,"20 Tralee Terrace, Dannemora, Auckland → matched in LINZ_SQLITE"
2025-11-27T20:45:27.638121,,Geocode Success,"LINZ: 20 Tralee Terrace, Dannemora, Auckland → -36.92393457, 174.9228768"
2025-11-27T20:45:28.259233,,LINZ Miss,"7 Glencullen Place Dannemora, Auckland, Auckland → not found in LINZ sources (Auckland-gated)"
2025-11-27T20:45:28.430508,,Geocode Fallback,"LINZ failed for 7 Glencullen Place Dannemora, Auckland, Auckland"
2025-11-27T20:45:32.168435,,Geocode Failed,"geocode.xyz → 7 Glencullen Place Dannemora, Auckland, Auckland (invalid)"
2025-11-27T20:45:32.354795,,Geocode Variant Used,Photon used: Nearby-biased
2025-11-27T20:45:32.511934,,Geocode Success,"Photon: 7 Glencullen Place Dannemora, Auckland, Auckland → lat:-36.9308579, lon:174.9181806"
2025-11-27T20:45:32.698981,,Geocode Source,"Photon returned: ('Glencullen Place, Dannemora, Auckland', -36.9308579, 174.9181806, '') for input: 7 Glencullen Place Dannemora, Auckland, Auckland"
2025-11-27T20:45:35.703766,,Geocode Success,"7 Glencullen Place, Dannemora, Auckland → matched in LINZ_SQLITE"
2025-11-27T20:45:35.932179,,Geocode Success,"LINZ: 7 Glencullen Place, Dannemora, Auckland → -36.9308579, 174.9181806"
2025-11-27T20:45:36.211997,,Geocode Success,"11 Kingsgate Place, Dannemora, Auckland → matched in LINZ_SQLITE"
2025-11-27T20:45:36.443170,,Geocode Success,"LINZ: 11 Kingsgate Place, Dannemora, Auckland → -36.92344253, 174.9236601"
2025-11-27T20:45:36.763965,,Geocode Success,"28 Lolim Place, Favona, Auckland → matched in LINZ_SQLITE"
2025-11-27T20:45:36.977714,,Geocode Success,"LINZ: 28 Lolim Place, Favona, Auckland → -36.94689923, 174.8158488"
2025-11-27T20:45:37.301009,,Geocode Success,"34 Norana Avenue, Favona, Auckland → matched in LINZ_SQLITE"
2025-11-27T20:45:37.567525,,Geocode Success,"LINZ: 34 Norana Avenue, Favona, Auckland → -36.94562753, 174.8138819"
2025-11-27T20:45:38.161075,,Geocode Success,"54 Thornbury Crescent, East Tāmaki Heights, Auckland → matched in LINZ_SQLITE"
2025-11-27T20:45:38.393504,,Geocode Success,"LINZ: 54 Thornbury Crescent, East Tāmaki Heights, Auckland → -36.94817548, 174.9118874"
2025-11-27T20:45:39.003100,,Geocode Success,"19 Thornbury Crescent, East Tāmaki Heights, Auckland → matched in LINZ_SQLITE"
2025-11-27T20:45:39.207980,,Geocode Success,"LINZ: 19 Thornbury Crescent, East Tāmaki Heights, Auckland → -36.94808498, 174.9122526"
2025-11-27T20:45:39.521770,,Geocode Success,"31 Marriott Road, Pakuranga, Auckland → matched in LINZ_SQLITE"
2025-11-27T20:45:39.832222,,Geocode Success,"LINZ: 31 Marriott Road, Pakuranga, Auckland → -36.91871234, 174.8791875"
2025-11-27T20:45:40.113608,,Geocode Success,"40 Marriott Road, Pakuranga, Auckland → matched in LINZ_SQLITE"
2025-11-27T20:45:40.378299,,Geocode Success,"LINZ: 40 Marriott Road, Pakuranga, Auckland → -36.91834413, 174.8801469"
2025-11-27T20:45:41.002409,,Geocode Success,"21 Ayr Road, Pakuranga, Auckland → matched in LINZ_SQLITE"
2025-11-27T20:45:41.222466,,Geocode Success,"LINZ: 21 Ayr Road, Pakuranga, Auckland → -36.86338566, 174.7829381"
2025-11-27T20:45:41.565682,,Geocode Success,"32 Lewis Road, Pakuranga, Auckland → matched in LINZ_SQLITE"
2025-11-27T20:45:41.815462,,Geocode Success,"LINZ: 32 Lewis Road, Pakuranga, Auckland → -36.91332375, 174.8776739"
2025-11-27T20:45:42.470577,,LINZ Miss,"3 Kaniere Place, Half Moon Bay, Auckland → not found in LINZ sources (Auckland-gated)"
2025-11-27T20:45:42.661430,,Geocode Fallback,"LINZ failed for 3 Kaniere Place, Half Moon Bay, Auckland"
2025-11-27T20:45:43.784131,,Geocode Failed,"geocode.xyz → 3 Kaniere Place, Half Moon Bay, Auckland (invalid)"
2025-11-27T20:45:44.516334,,Geocode Variant Used,Photon used: Nearby-biased
2025-11-27T20:45:44.719985,,Geocode Success,"Photon: 3 Kaniere Place, Half Moon Bay, Auckland → lat:-36.8840532, lon:174.904582"
2025-11-27T20:45:44.908290,,Geocode Source,"Photon returned: ('Kaniere Place, Half Moon Bay, Auckland', -36.8840532, 174.904582, '') for input: 3 Kaniere Place, Half Moon Bay, Auckland"
2025-11-27T20:45:45.331422,,Geocode Success,"8 Takutai Avenue, Bucklands Beach, Auckland → matched in LINZ_SQLITE"
2025-11-27T20:45:45.536356,,Geocode Success,"LINZ: 8 Takutai Avenue, Bucklands Beach, Auckland → -36.87696323, 174.9073885"
2025-11-27T20:45:45.867030,,Geocode Success,"16 Britannia Place, Half Moon Bay, Auckland → matched in LINZ_SQLITE"
2025-11-27T20:45:46.067958,,Geocode Success,"LINZ: 16 Britannia Place, Half Moon Bay, Auckland → -36.88764048, 174.9015658"
2025-11-27T20:45:46.835806,,LINZ Miss,"6 Williams Avenue, Pakuranga, Auckland → not found in LINZ sources (Auckland-gated)"
2025-11-27T20:45:46.990738,,Geocode Fallback,"LINZ failed for 6 Williams Avenue, Pakuranga, Auckland"
2025-11-27T20:45:48.206300,,Geocode Failed,"geocode.xyz → 6 Williams Avenue, Pakuranga, Auckland (invalid)"
2025-11-27T20:45:48.893095,,Geocode Variant Used,Photon used: Nearby-biased
2025-11-27T20:45:49.033344,,Geocode Success,"Photon: 6 Williams Avenue, Pakuranga, Auckland → lat:-36.9111214, lon:174.8661403"
2025-11-27T20:45:49.221631,,Geocode Source,"Photon returned: ('Williams Avenue, Pakuranga, Auckland', -36.9111214, 174.8661403, '') for input: 6 Williams Avenue, Pakuranga, Auckland"
2026-02-05T22:17:08.615163,,Session Start,Script started and corrections_log.csv initialized.
2026-02-05T22:17:08.643467,,Session Start,Script started and corrections_log.csv initialized.
2026-02-06T12:58:51.564127,,Session Start,Script started and corrections_log.csv initialized.
2026-02-06T12:58:51.598133,,Session Start,Script started and corrections_log.csv initialized.
2026-02-06T13:41:46.189800,,Session Start,Script started and corrections_log.csv initialized.
2026-02-06T13:41:46.224519,,Session Start,Script started and corrections_log.csv initialized.
2026-02-06T13:43:09.806748,,Session Start,Script started and corrections_log.csv initialized.
2026-02-06T13:43:09.831920,,Session Start,Script started and corrections_log.csv initialized.
2026-02-06T13:49:36.062459,,Session Start,Script started and corrections_log.csv initialized.
2026-02-06T13:49:36.085771,,Session Start,Script started and corrections_log.csv initialized.
2026-02-06T13:51:00.326269,,Session Start,Script started and corrections_log.csv initialized.
2026-02-06T13:51:00.359501,,Session Start,Script started and corrections_log.csv initialized.
2026-02-06T13:53:08.077828,,Session Start,Script started and corrections_log.csv initialized.
2026-02-06T13:53:08.106701,,Session Start,Script started and corrections_log.csv initialized.
2026-02-06T13:54:28.264014,,Session Start,Script started and corrections_log.csv initialized.
2026-02-06T13:54:28.287664,,Session Start,Script started and corrections_log.csv initialized.
2026-02-06T13:57:04.974988,,Session Start,Script started and corrections_log.csv initialized.
2026-02-06T13:57:04.996311,,Session Start,Script started and corrections_log.csv initialized.
2026-02-06T14:01:09.568835,,Session Start,Script started and corrections_log.csv initialized.
2026-02-06T14:01:09.595347,,Session Start,Script started and corrections_log.csv initialized.
2026-02-06T14:14:45.107404,,Session Start,Script started and corrections_log.csv initialized.
2026-02-06T14:14:45.127895,,Session Start,Script started and corrections_log.csv initialized.
2026-02-06T14:21:47.539702,,Session Start,Script started and corrections_log.csv initialized.
2026-02-06T14:21:47.562082,,Session Start,Script started and corrections_log.csv initialized.
2026-02-06T14:29:32.261155,,Session Start,Script started and corrections_log.csv initialized.
2026-02-06T14:29:32.279157,,Session Start,Script started and corrections_log.csv initialized.
2026-02-06T14:38:32.726034,,Session Start,Script started and corrections_log.csv initialized.
2026-02-06T14:38:32.754692,,Session Start,Script started and corrections_log.csv initialized.
2026-02-06T14:59:51.398619,,Session Start,Script started and corrections_log.csv initialized.
2026-02-06T14:59:51.421243,,Session Start,Script started and corrections_log.csv initialized.
2026-02-06T15:11:19.043036,,Session Start,Script started and corrections_log.csv initialized.
2026-02-06T15:11:19.064029,,Session Start,Script started and corrections_log.csv initialized.
2026-02-06T15:11:57.026125,,Session Start,Script started and corrections_log.csv initialized.
2026-02-06T15:11:57.045440,,Session Start,Script started and corrections_log.csv initialized.
2026-02-06T15:26:31.904443,,Session Start,Script started and corrections_log.csv initialized.
2026-02-06T15:26:31.928782,,Session Start,Script started and corrections_log.csv initialized.
2026-02-06T16:07:04.952296,,Session Start,Script started and corrections_log.csv initialized.
2026-02-06T16:07:04.996603,,Session Start,Script started and corrections_log.csv initialized.
2026-02-06T16:14:40.350773,,Session Start,Script started and corrections_log.csv initialized.
2026-02-06T16:14:40.378751,,Session Start,Script started and corrections_log.csv initialized.
2026-02-06T16:18:34.963960,,Session Start,Script started and corrections_log.csv initialized.
2026-02-06T16:18:34.984490,,Session Start,Script started and corrections_log.csv initialized.
2026-02-06T16:30:43.145715,,Session Start,Script started and corrections_log.csv initialized.
2026-02-06T16:30:43.182509,,Session Start,Script started and corrections_log.csv initialized.
2026-02-06T16:39:19.485105,,Session Start,Script started and corrections_log.csv initialized.
2026-02-06T16:39:19.520349,,Session Start,Script started and corrections_log.csv initialized.
2026-02-06T16:45:14.944924,,Session Start,Script started and corrections_log.csv initialized.
2026-02-06T16:45:14.983047,,Session Start,Script started and corrections_log.csv initialized.
2026-02-06T16:47:30.602692,,Session Start,Script started and corrections_log.csv initialized.
2026-02-06T16:47:30.634335,,Session Start,Script started and corrections_log.csv initialized.
2026-02-06T16:58:03.133925,,Session Start,Script started and corrections_log.csv initialized.
2026-02-06T16:58:03.160336,,Session Start,Script started and corrections_log.csv initialized.
2026-02-06T17:00:43.005904,,Session Start,Script started and corrections_log.csv initialized.
2026-02-06T17:00:43.027340,,Session Start,Script started and corrections_log.csv initialized.
