{
"type": "FeatureCollection",
"name": "joined_boundary",
"crs": { "type": "name", "properties": { "name": "urn:ogc:def:crs:OGC:1.3:CRS84" } },
"features": [
{ "type": "Feature", "properties": { }, "geometry": { "type": "Polygon", "coordinates": [ [ [ 175.020749005783841, -37.065228003033752, 100.0 ], [ 175.020749007631281, -37.06524599972834, 100.0 ], [ 175.020750995207663, -37.065264997249251, 100.0 ], [ 175.020751008132038, -37.065280995620867, 100.0 ], [ 175.020751996656827, -37.065299005242323, 100.0 ], [ 175.020751998505744, -37.065317001936691, 100.0 ], [ 175.020752004630708, -37.065327997428014, 100.0 ], [ 175.020752000583116, -37.065347000950688, 100.0 ], [ 175.020752001308409, -37.065364997664069, 100.0 ], [ 175.020753001494853, -37.065383997591418, 100.0 ], [ 175.020754008009192, -37.065402006905984, 100.0 ], [ 175.020754996868106, -37.065411001935587, 100.0 ], [ 175.020759999857518, -37.065430005748134, 100.0 ], [ 175.020762997574764, -37.065447992844376, 100.0 ], [ 175.020762998455439, -37.065454001651915, 100.0 ], [ 175.02075799806704, -37.065470992147482, 100.0 ], [ 175.020749007368636, -37.065489000593942, 100.0 ], [ 175.020746997209841, -37.065491995550751, 100.0 ], [ 175.0207370081921, -37.065509001664104, 100.0 ], [ 175.02072399682686, -37.065524002566441, 100.0 ], [ 175.020713001539178, -37.065535002583694, 100.0 ], [ 175.020697004966621, -37.065547999442195, 100.0 ], [ 175.020679003565959, -37.065559996697935, 100.0 ], [ 175.0206619958376, -37.065570999130344, 100.0 ], [ 175.020657994063328, -37.065574000987425, 100.0 ], [ 175.020642996959424, -37.065588001954701, 100.0 ], [ 175.020627998701968, -37.065602002038503, 100.0 ], [ 175.020613001587094, -37.065616003002269, 100.0 ], [ 175.020610004045324, -37.065619001263698, 100.0 ], [ 175.020593007975208, -37.065630994893901, 100.0 ], [ 175.020575007662529, -37.065642992115599, 100.0 ], [ 175.020559004568071, -37.065654007155963, 100.0 ], [ 175.020543995343075, -37.065667001589645, 100.0 ], [ 175.020528998200007, -37.065681002543478, 100.0 ], [ 175.020518008737525, -37.065690994814595, 100.0 ], [ 175.02050299359837, -37.065704996071865, 100.0 ], [ 175.020487995292285, -37.065718996139147, 100.0 ], [ 175.020474003515233, -37.065732994375132, 100.0 ], [ 175.020470006356504, -37.065737993380111, 100.0 ], [ 175.020458000286965, -37.065752991544201, 100.0 ], [ 175.020445006836439, -37.065767993012599, 100.0 ], [ 175.020431996518369, -37.065782994767027, 100.0 ], [ 175.020431003217027, -37.065784003999909, 100.0 ], [ 175.020415993944852, -37.065796998418534, 100.0 ], [ 175.020398991903164, -37.065809998851115, 100.0 ], [ 175.020388002935448, -37.065817001561811, 100.0 ], [ 175.020371006810024, -37.065828996063047, 100.0 ], [ 175.020353005267367, -37.065840992371385, 100.0 ], [ 175.020337008999434, -37.065854005400119, 100.0 ], [ 175.020330003452955, -37.065857992151329, 100.0 ], [ 175.020315005109097, -37.065871993099115, 100.0 ], [ 175.020301006349086, -37.065883992398753, 100.0 ], [ 175.020285992256476, -37.065897993611294, 100.0 ], [ 175.020275995190048, -37.065909996827884, 100.0 ], [ 175.020265006504701, -37.065925997885444, 100.0 ], [ 175.020256003579505, -37.06594300067718, 100.0 ], [ 175.020248006016061, -37.065959999857995, 100.0 ], [ 175.020243992963202, -37.065968003988274, 100.0 ], [ 175.020234008528888, -37.065984002352998, 100.0 ], [ 175.02022599296987, -37.066001001838956, 100.0 ], [ 175.020218999660301, -37.066017998327915, 100.0 ], [ 175.020212001544394, -37.066036000724971, 100.0 ], [ 175.02020500245581, -37.066050999177513, 100.0 ], [ 175.020195001140536, -37.06606699782661, 100.0 ], [ 175.020183993329681, -37.06608300010393, 100.0 ], [ 175.020172005137937, -37.066097997935103, 100.0 ], [ 175.020168996493652, -37.066102995410112, 100.0 ], [ 175.020157995817272, -37.06612999225775, 100.0 ], [ 175.020148992845776, -37.066146995042239, 100.0 ], [ 175.020147994349514, -37.066148995767463, 100.0 ], [ 175.020140008800468, -37.06616700056297, 100.0 ], [ 175.020134009174598, -37.066183003131663, 100.0 ], [ 175.020129008580369, -37.066199992703488, 100.0 ], [ 175.02012500156772, -37.066218993223579, 100.0 ], [ 175.020122005157248, -37.066237000441426, 100.0 ], [ 175.020120995386179, -37.066244002551841, 100.0 ], [ 175.020116005767363, -37.066261999565207, 100.0 ], [ 175.02011299244316, -37.066280005268368, 100.0 ], [ 175.020112005486084, -37.066286002064693, 100.0 ], [ 175.020112001289789, -37.066305005589243, 100.0 ], [ 175.020114998898777, -37.066322992702958, 100.0 ], [ 175.020122005670231, -37.066339992208349, 100.0 ], [ 175.020131991890224, -37.066356997732491, 100.0 ], [ 175.020136007227705, -37.066364000751989, 100.0 ], [ 175.020144001392453, -37.066380996952631, 100.0 ], [ 175.020154997798471, -37.066396992956406, 100.0 ], [ 175.020171007728123, -37.066408991993562, 100.0 ], [ 175.020187006164605, -37.066416996758953, 100.0 ], [ 175.020207994795811, -37.066425000319136, 100.0 ], [ 175.020230998413041, -37.066429002117303, 100.0 ], [ 175.020240995730603, -37.066429002124146, 100.0 ], [ 175.020263998505584, -37.066426995108017, 100.0 ], [ 175.020283005881879, -37.06642399355578, 100.0 ], [ 175.020306003284048, -37.066420003810897, 100.0 ], [ 175.020328000831427, -37.066414996430481, 100.0 ], [ 175.020336999035493, -37.066414006725161, 100.0 ], [ 175.020359996025007, -37.066410001655164, 100.0 ], [ 175.020370005572488, -37.066408004210167, 100.0 ], [ 175.020391997309417, -37.066400997881807, 100.0 ], [ 175.020412008470373, -37.06639199922401, 100.0 ], [ 175.020421999000604, -37.066386996335766, 100.0 ], [ 175.020439001162515, -37.066373995897322, 100.0 ], [ 175.020453998453263, -37.066359994951839, 100.0 ], [ 175.020457008115756, -37.066358003215477, 100.0 ], [ 175.020473004894598, -37.066345006384708, 100.0 ], [ 175.020490007038404, -37.066332005939401, 100.0 ], [ 175.020493996770966, -37.066327997565132, 100.0 ], [ 175.020509000372442, -37.066313006000513, 100.0 ], [ 175.020521006084579, -37.066297991614569, 100.0 ], [ 175.020523991974386, -37.066294002147778, 100.0 ], [ 175.020535004539681, -37.066276993932348, 100.0 ], [ 175.020538001508555, -37.06627100614255, 100.0 ], [ 175.020549008144599, -37.066255003853414, 100.0 ], [ 175.020560003836351, -37.066237995923238, 100.0 ], [ 175.020570998259331, -37.066223991974077, 100.0 ], [ 175.020582993818408, -37.066208002571955, 100.0 ], [ 175.020590996973652, -37.066196005368731, 100.0 ], [ 175.020599000380201, -37.066177999338649, 100.0 ], [ 175.020604994008494, -37.066163003577664, 100.0 ], [ 175.020612992658386, -37.066146005256762, 100.0 ], [ 175.020621994424204, -37.066129003360146, 100.0 ], [ 175.020628000737076, -37.066118003649599, 100.0 ], [ 175.020639994737707, -37.066101998946642, 100.0 ], [ 175.020654998219271, -37.06608700556346, 100.0 ], [ 175.020656008407769, -37.066085996942228, 100.0 ], [ 175.020671994107403, -37.066071992644957, 100.0 ], [ 175.020688995032941, -37.066058992192552, 100.0 ], [ 175.02070299474974, -37.066049996791818, 100.0 ], [ 175.020721007248312, -37.066039006971813, 100.0 ], [ 175.020740994094439, -37.066027995218448, 100.0 ], [ 175.02075899548322, -37.066019002814691, 100.0 ], [ 175.020778995533192, -37.066008997557788, 100.0 ], [ 175.020800006038371, -37.066001002952689, 100.0 ], [ 175.02080799264877, -37.065998004379061, 100.0 ], [ 175.020831007471259, -37.065993998915367, 100.0 ], [ 175.020853992107703, -37.065991992095547, 100.0 ], [ 175.020854997903825, -37.065992004695751, 100.0 ], [ 175.020878994101622, -37.065992007605594, 100.0 ], [ 175.020902003510628, -37.06599500244841, 100.0 ], [ 175.020912000665675, -37.065998007263723, 100.0 ], [ 175.020931002990153, -37.066007999423192, 100.0 ], [ 175.020949004621741, -37.066019993249988, 100.0 ], [ 175.020956992742441, -37.066025993002313, 100.0 ], [ 175.020977004928, -37.066035006278213, 100.0 ], [ 175.020987996388357, -37.066040005792765, 100.0 ], [ 175.021003995297804, -37.066054003038822, 100.0 ], [ 175.021015997221014, -37.066069996243648, 100.0 ], [ 175.02102099410925, -37.066078002749386, 100.0 ], [ 175.021029992702637, -37.066094996189122, 100.0 ], [ 175.021036006355445, -37.066113004873344, 100.0 ], [ 175.02104200276608, -37.066130999430605, 100.0 ], [ 175.021045006361078, -37.066142000609261, 100.0 ], [ 175.021054993879773, -37.066159006031619, 100.0 ], [ 175.021063992467163, -37.066175998567175, 100.0 ], [ 175.021070005728689, -37.066193991934199, 100.0 ], [ 175.021070008069216, -37.066212003938546, 100.0 ], [ 175.021067992919228, -37.066230997574408, 100.0 ], [ 175.021062998758794, -37.066250001429935, 100.0 ], [ 175.02105899737046, -37.066262001655133, 100.0 ], [ 175.021053992211961, -37.066279998068723, 100.0 ], [ 175.021046993174394, -37.066298001429161, 100.0 ], [ 175.021040999503668, -37.066316001172055, 100.0 ], [ 175.021040006921709, -37.066316995075965, 100.0 ], [ 175.021033995261263, -37.066334995125125, 100.0 ], [ 175.021027003637812, -37.066352006952016, 100.0 ], [ 175.021017994516399, -37.066370000409371, 100.0 ], [ 175.021015003881615, -37.066374996696851, 100.0 ], [ 175.02100400829903, -37.066392005567273, 100.0 ], [ 175.020993001718239, -37.066408006995175, 100.0 ], [ 175.020980003094536, -37.06642400001504, 100.0 ], [ 175.020976001166559, -37.066430005845618, 100.0 ], [ 175.020965005113425, -37.066446997596238, 100.0 ], [ 175.020953998564636, -37.066463000822608, 100.0 ], [ 175.020942991987425, -37.066479003147172, 100.0 ], [ 175.020930997589772, -37.066494992564913, 100.0 ], [ 175.020917998197092, -37.066511000011694, 100.0 ], [ 175.020905992127069, -37.066525999121204, 100.0 ], [ 175.020901003495851, -37.066531992024188, 100.0 ], [ 175.020889995773786, -37.066547994363461, 100.0 ], [ 175.020879001263751, -37.066565003204254, 100.0 ], [ 175.020869004800744, -37.066579995097705, 100.0 ], [ 175.020859003563288, -37.066595993799382, 100.0 ], [ 175.020848995302714, -37.06661299934764, 100.0 ], [ 175.020839006148805, -37.066630004569411, 100.0 ], [ 175.020834004208922, -37.066637996731416, 100.0 ], [ 175.02082399706174, -37.066655002258614, 100.0 ], [ 175.020814006366464, -37.066671992182869, 100.0 ], [ 175.020809005928072, -37.066679998738678, 100.0 ], [ 175.020800003044968, -37.066697001568748, 100.0 ], [ 175.020792005533366, -37.066714000782973, 100.0 ], [ 175.020784002122667, -37.066732006824893, 100.0 ], [ 175.020776997888817, -37.066747995901437, 100.0 ], [ 175.020767007578087, -37.06676500113695, 100.0 ], [ 175.02075800467631, -37.066782003964178, 100.0 ], [ 175.020747997087994, -37.066798994170846, 100.0 ], [ 175.020738994154328, -37.066815996095912, 100.0 ], [ 175.020733000913737, -37.066831007177669, 100.0 ], [ 175.020727007131939, -37.066849006906651, 100.0 ], [ 175.020720996460852, -37.066867006021866, 100.0 ], [ 175.020716008075311, -37.066885003036532, 100.0 ], [ 175.020712000166981, -37.066900998727114, 100.0 ], [ 175.020707999168593, -37.066918992433379, 100.0 ], [ 175.020702993172733, -37.066937004168004, 100.0 ], [ 175.020698992170708, -37.066954997873992, 100.0 ], [ 175.020692998372425, -37.066972997601432, 100.0 ], [ 175.020691993984087, -37.066976005159027, 100.0 ], [ 175.02068499552135, -37.066993993166626, 100.0 ], [ 175.020676996831384, -37.067010992393158, 100.0 ], [ 175.020670991451027, -37.067024996049661, 100.0 ], [ 175.020664998765483, -37.06704299575668, 100.0 ], [ 175.020659004929172, -37.06706099458173, 100.0 ], [ 175.020654998038253, -37.067079996015401, 100.0 ], [ 175.020652001681611, -37.067098001439703, 100.0 ], [ 175.020650997244161, -37.067109992036741, 100.0 ], [ 175.020651997448709, -37.067128991959777, 100.0 ], [ 175.020653003981522, -37.067147001270229, 100.0 ], [ 175.02065399806412, -37.067155005704542, 100.0 ], [ 175.020654999394736, -37.067174005608209, 100.0 ], [ 175.020656004374814, -37.067191998721974, 100.0 ], [ 175.020657005754657, -37.067211000427221, 100.0 ], [ 175.020657000171411, -37.067221003807987, 100.0 ], [ 175.020658001528318, -37.067240004612252, 100.0 ], [ 175.020659006510698, -37.067257997725754, 100.0 ], [ 175.020659002462253, -37.067277001243305, 100.0 ], [ 175.02066000267294, -37.06729600116563, 100.0 ], [ 175.020660991335006, -37.067311005918945, 100.0 ], [ 175.020661004868288, -37.067329993814987, 100.0 ], [ 175.020662005080766, -37.067348993737099, 100.0 ], [ 175.020662993634232, -37.067367003353219, 100.0 ], [ 175.020663999271477, -37.067379002955946, 100.0 ], [ 175.020665000610137, -37.067398002858688, 100.0 ], [ 175.020666006722195, -37.067415995952416, 100.0 ], [ 175.020667005947701, -37.067431991931223, 100.0 ], [ 175.020664998130115, -37.067449994928964, 100.0 ], [ 175.020663001253894, -37.067469003566501, 100.0 ], [ 175.020660004505601, -37.067486994576363, 100.0 ], [ 175.020655997573556, -37.067505995108583, 100.0 ], [ 175.020655992800812, -37.067507001917519, 100.0 ], [ 175.020652002729804, -37.067526002162225, 100.0 ], [ 175.0206480016912, -37.067543995866103, 100.0 ], [ 175.02064200784082, -37.067561995591042, 100.0 ], [ 175.020639992743071, -37.067569002218661, 100.0 ], [ 175.020632994602437, -37.067587004637438, 100.0 ], [ 175.020625007527912, -37.067604995067832, 100.0 ], [ 175.020617997721416, -37.067622007179935, 100.0 ], [ 175.020616998813693, -37.067623992594037, 100.0 ], [ 175.020611004950496, -37.06764199231759, 100.0 ], [ 175.020605992587946, -37.067660995561454, 100.0 ], [ 175.020600005023624, -37.067678003771213, 100.0 ], [ 175.020593993414167, -37.067689994975559, 100.0 ], [ 175.020582998659705, -37.067707002891872, 100.0 ], [ 175.020572008698167, -37.0677230048992, 100.0 ], [ 175.020568999973534, -37.06772800058247, 100.0 ], [ 175.020563006115708, -37.067746001204753, 100.0 ], [ 175.020559992855397, -37.06776400691362, 100.0 ], [ 175.020559000979262, -37.067782998422743, 100.0 ], [ 175.020557003665175, -37.067801991743742, 100.0 ], [ 175.020554994338681, -37.067810996404909, 100.0 ], [ 175.020546996666155, -37.067827995604759, 100.0 ], [ 175.020538005688593, -37.067846004939192, 100.0 ], [ 175.020527996773382, -37.067862994248372, 100.0 ], [ 175.020518994823107, -37.067879997040812, 100.0 ], [ 175.020510996011666, -37.067896996257659, 100.0 ], [ 175.020509004780166, -37.067902995748717, 100.0 ], [ 175.020506002084289, -37.067921993583127, 100.0 ], [ 175.020504998488491, -37.067939992984158, 100.0 ], [ 175.020504994385561, -37.067958995599938, 100.0 ], [ 175.02050700001476, -37.067977993710826, 100.0 ], [ 175.020507999856591, -37.067987995279395, 100.0 ], [ 175.0205109980499, -37.068005997688296, 100.0 ], [ 175.020514007950993, -37.068024992204641, 100.0 ], [ 175.020517995131826, -37.068043008403691, 100.0 ], [ 175.020519006170133, -37.068048006787016, 100.0 ], [ 175.020523003457583, -37.068066997095094, 100.0 ], [ 175.020526002806548, -37.068085000384919, 100.0 ], [ 175.020528995828471, -37.068103994286922, 100.0 ], [ 175.020528996089695, -37.068115998404132, 100.0 ], [ 175.020527005068004, -37.06813400021089, 100.0 ], [ 175.020523991788053, -37.068152005918435, 100.0 ], [ 175.020518996980655, -37.068170994438304, 100.0 ], [ 175.020516000234323, -37.068180002405683, 100.0 ], [ 175.020511999112273, -37.068197995204216, 100.0 ], [ 175.020506992999628, -37.068216006930825, 100.0 ], [ 175.02049999439231, -37.068233994928697, 100.0 ], [ 175.020496003880226, -37.068243995913939, 100.0 ], [ 175.020483997467579, -37.068258994987268, 100.0 ], [ 175.020470997694645, -37.068275002392376, 100.0 ], [ 175.020458003839366, -37.068290003869031, 100.0 ], [ 175.020451997461606, -37.068297998710257, 100.0 ], [ 175.020443999719618, -37.068314997904061, 100.0 ], [ 175.020437001495623, -37.068333001213439, 100.0 ], [ 175.020431994951309, -37.068350997622503, 100.0 ], [ 175.02042999667961, -37.068358003959538, 100.0 ], [ 175.020422998448765, -37.068376007268185, 100.0 ], [ 175.020417004464406, -37.068394006082052, 100.0 ], [ 175.020411997935838, -37.068412003391217, 100.0 ], [ 175.020411992753964, -37.0684129948853, 100.0 ], [ 175.020407003468762, -37.068431006320864, 100.0 ], [ 175.020403002334263, -37.06844900001704, 100.0 ], [ 175.020398995298194, -37.068468000541124, 100.0 ], [ 175.020397004264225, -37.06848600324674, 100.0 ], [ 175.020396993182345, -37.068488001568831, 100.0 ], [ 175.020394995817412, -37.068506994886732, 100.0 ], [ 175.020393992217919, -37.068524995187047, 100.0 ], [ 175.020391995281983, -37.068544004720515, 100.0 ], [ 175.020391002739785, -37.068560005797785, 100.0 ], [ 175.020387001572203, -37.068577998592517, 100.0 ], [ 175.020382999326529, -37.068595993208, 100.0 ], [ 175.020382006469305, -37.068602996832652, 100.0 ], [ 175.020378993165394, -37.068621003437649, 100.0 ], [ 175.02037699579401, -37.068639996755081, 100.0 ], [ 175.020375004728294, -37.06865799855926, 100.0 ], [ 175.020373995223707, -37.068677005687178, 100.0 ], [ 175.020372991618899, -37.068695005987038, 100.0 ], [ 175.020371999670772, -37.068713996592685, 100.0 ], [ 175.020372000007058, -37.068722994945922, 100.0 ], [ 175.020371995880026, -37.068741997560331, 100.0 ], [ 175.020370992274593, -37.068759997860042, 100.0 ], [ 175.020369999608079, -37.06877900379947, 100.0 ], [ 175.020368996002077, -37.068797004099075, 100.0 ], [ 175.0203689954526, -37.068799992746065, 100.0 ], [ 175.020365994227262, -37.068819005871973, 100.0 ], [ 175.020361993066871, -37.068836999566571, 100.0 ], [ 175.020357990780582, -37.068854993280183, 100.0 ], [ 175.020357998067936, -37.068857005709617, 100.0 ], [ 175.020353995779857, -37.068874999423109, 100.0 ], [ 175.020349994614293, -37.068892993117309, 100.0 ], [ 175.02034500643623, -37.068911005432, 100.0 ], [ 175.020344999985724, -37.068915000906919, 100.0 ], [ 175.020339994535675, -37.068932998193944, 100.0 ], [ 175.020335004798568, -37.068950994311727, 100.0 ], [ 175.020329998602449, -37.068969006031452, 100.0 ], [ 175.02032899477436, -37.068975003114907, 100.0 ], [ 175.0203269974092, -37.068993997331958, 100.0 ], [ 175.020325993768665, -37.069011996730119, 100.0 ], [ 175.0203239968086, -37.069031006261852, 100.0 ], [ 175.020322998088005, -37.069044994889389, 100.0 ], [ 175.020320001596758, -37.069063000304347, 100.0 ], [ 175.020316000415306, -37.069080993997403, 100.0 ], [ 175.020312998044631, -37.069100007141017, 100.0 ], [ 175.020311993210612, -37.069102999380867, 100.0 ], [ 175.020308997839322, -37.069121004776378, 100.0 ], [ 175.020305995059402, -37.069140002604989, 100.0 ], [ 175.020303998213535, -37.069156007273712, 100.0 ], [ 175.020302006740195, -37.069173994662187, 100.0 ], [ 175.020300997192606, -37.0691930008878, 100.0 ], [ 175.02029900612439, -37.069211003590965, 100.0 ], [ 175.020298006922985, -37.069218997826979, 100.0 ], [ 175.020292994420089, -37.069238001959185, 100.0 ], [ 175.020288993224909, -37.069255995651275, 100.0 ], [ 175.020287007457483, -37.069270001997701, 100.0 ], [ 175.020288007624856, -37.069289001919159, 100.0 ], [ 175.020291006980102, -37.069307005211662, 100.0 ], [ 175.020292005961466, -37.069310997975279, 100.0 ], [ 175.020293993553736, -37.069329994590987, 100.0 ], [ 175.020297004999293, -37.069349004404557, 100.0 ], [ 175.020300008636127, -37.069360005595904, 100.0 ], [ 175.020309008641419, -37.069376999956468, 100.0 ], [ 175.020320005519721, -37.069392995022469, 100.0 ], [ 175.020321998258083, -37.069395993867687, 100.0 ], [ 175.020332996815995, -37.069409000266369, 100.0 ], [ 175.020336005929607, -37.069413002039468, 100.0 ], [ 175.020348008254331, -37.069428994390897, 100.0 ], [ 175.020359994151221, -37.069445003243928, 100.0 ], [ 175.020370992174747, -37.069460998285244, 100.0 ], [ 175.020382007090177, -37.069476993938885, 100.0 ], [ 175.020382994373392, -37.069479994593991, 100.0 ], [ 175.02039200535242, -37.069497994586591, 100.0 ], [ 175.020398995647042, -37.069514994343812, 100.0 ], [ 175.020405003701114, -37.069531005913113, 100.0 ], [ 175.020412004535928, -37.069548995994133, 100.0 ], [ 175.020418006266425, -37.069565998174703, 100.0 ], [ 175.020425007514291, -37.069584003569467, 100.0 ], [ 175.020431991519786, -37.069601994837086, 100.0 ], [ 175.020433996357127, -37.069606000201333, 100.0 ], [ 175.02044400109574, -37.069623005368953, 100.0 ], [ 175.020454005432555, -37.069639995220761, 100.0 ], [ 175.020463992192816, -37.069657000692864, 100.0 ], [ 175.020472992224541, -37.069673993236279, 100.0 ], [ 175.020477001364185, -37.069684992609474, 100.0 ], [ 175.020482997223127, -37.069703001613441, 100.0 ], [ 175.020488006375274, -37.069720998590341, 100.0 ], [ 175.020491004651291, -37.069739000992897, 100.0 ], [ 175.020491993334332, -37.069754005741856, 100.0 ], [ 175.020491995171028, -37.069772002425353, 100.0 ], [ 175.020489997835028, -37.069790996642176, 100.0 ], [ 175.020487001362341, -37.069809002058939, 100.0 ], [ 175.020483998584012, -37.069827998988593, 100.0 ], [ 175.020484005380752, -37.06983300186571, 100.0 ], [ 175.020481996358683, -37.069851004875858, 100.0 ], [ 175.020481004412289, -37.069869994577694, 100.0 ], [ 175.020478995388913, -37.069887997587735, 100.0 ], [ 175.020478003895988, -37.069907004406019, 100.0 ], [ 175.020478004364207, -37.069912997895187, 100.0 ], [ 175.020476007022637, -37.069931992111549, 100.0 ], [ 175.020474997541243, -37.069950999236234, 100.0 ], [ 175.020473993933706, -37.069968998632241, 100.0 ], [ 175.020473001291265, -37.069988004568593, 100.0 ], [ 175.020471996808652, -37.069999995160615, 100.0 ], [ 175.020470993200291, -37.070017994556494, 100.0 ], [ 175.020470001705178, -37.07003700137443, 100.0 ], [ 175.0204679926766, -37.07005500438401, 100.0 ], [ 175.020467999472999, -37.07006000726097, 100.0 ], [ 175.020466006876717, -37.070077993767462, 100.0 ], [ 175.020463993072724, -37.070097003585524, 100.0 ], [ 175.020462002029518, -37.070115006288397, 100.0 ], [ 175.020460004704915, -37.07013400140503, 100.0 ], [ 175.020457008191471, -37.070152005919809, 100.0 ], [ 175.020454993510356, -37.07016500693382, 100.0 ], [ 175.020451996612309, -37.070182997034529, 100.0 ], [ 175.020448007505195, -37.070201997250891, 100.0 ], [ 175.02044499304705, -37.070220003873587, 100.0 ], [ 175.020442002563499, -37.070233997599182, 100.0 ], [ 175.020440005208229, -37.070252991814506, 100.0 ], [ 175.02043699187098, -37.070270998417804, 100.0 ], [ 175.020434994490017, -37.070289991732125, 100.0 ], [ 175.020433996190604, -37.070303995672482, 100.0 ], [ 175.020432005137138, -37.070321998374645, 100.0 ], [ 175.020430007778117, -37.070340992589671, 100.0 ], [ 175.020426994412048, -37.070358998291773, 100.0 ], [ 175.020425007664585, -37.070370000696336, 100.0 ], [ 175.020419002604569, -37.070386993869818, 100.0 ], [ 175.020412003082669, -37.07040499719686, 100.0 ], [ 175.020405992094737, -37.0704229962966, 100.0 ], [ 175.020399997991575, -37.070440996009587, 100.0 ], [ 175.020398006927962, -37.070458998711132, 100.0 ], [ 175.020396997426218, -37.070478005834353, 100.0 ], [ 175.020395993799042, -37.070496005228961, 100.0 ], [ 175.020396000917174, -37.070510005555462, 100.0 ], [ 175.02039599531011, -37.070528993769543, 100.0 ], [ 175.020396995559736, -37.070547994585866, 100.0 ], [ 175.020396997789163, -37.07056600658256, 100.0 ], [ 175.02039699215905, -37.070584993895594, 100.0 ], [ 175.020397006071533, -37.07060399709858, 100.0 ], [ 175.020397000872237, -37.070623000627165, 100.0 ], [ 175.020397002696058, -37.070640997308864, 100.0 ], [ 175.02039800292485, -37.070659997223899, 100.0 ], [ 175.020397997629374, -37.070663993579359, 100.0 ], [ 175.020400002592993, -37.070683006115679, 100.0 ], [ 175.020401996186422, -37.070700996796752, 100.0 ], [ 175.02040400149528, -37.070710994747721, 100.0 ], [ 175.020406999825326, -37.070728998049887, 100.0 ], [ 175.020412003116149, -37.070748000952371, 100.0 ], [ 175.020416994344146, -37.070765998234236, 100.0 ], [ 175.020420992437977, -37.07077899502643, 100.0 ], [ 175.020426000940461, -37.070797007335138, 100.0 ], [ 175.020430992151574, -37.070815003715225, 100.0 ], [ 175.020436001376964, -37.070833000689326, 100.0 ], [ 175.02043799460472, -37.07084199211814, 100.0 ], [ 175.020441992481693, -37.070860998632426, 100.0 ], [ 175.020445996258786, -37.070878998318818, 100.0 ], [ 175.020451004368397, -37.070896995311038, 100.0 ], [ 175.020455008668222, -37.070912005450147, 100.0 ], [ 175.02046300342829, -37.070929001600582, 100.0 ], [ 175.02047200252315, -37.070945995056185, 100.0 ], [ 175.020480996825114, -37.070963994418506, 100.0 ], [ 175.020482008473749, -37.070966005053798, 100.0 ], [ 175.020488004018574, -37.070983997835135, 100.0 ], [ 175.020492995282439, -37.071001995112127, 100.0 ], [ 175.020498004943192, -37.07102000739706, 100.0 ], [ 175.020501008819878, -37.071028004616991, 100.0 ], [ 175.02051099538059, -37.071044994760804, 100.0 ], [ 175.020522005797119, -37.071061997198107, 100.0 ], [ 175.020530000589247, -37.071078993342709, 100.0 ], [ 175.020532005341749, -37.071086002663549, 100.0 ], [ 175.020534998542018, -37.071104997453673, 100.0 ], [ 175.020533993821971, -37.07112299686608, 100.0 ], [ 175.020533001948479, -37.071133004431083, 100.0 ], [ 175.020531004602901, -37.071151998645256, 100.0 ], [ 175.020527003384842, -37.071169992341275, 100.0 ], [ 175.020524000617286, -37.071180006234762, 100.0 ], [ 175.020519999396441, -37.071197999930554, 100.0 ], [ 175.020514992738896, -37.071215997240877, 100.0 ], [ 175.020510997318127, -37.071227005034913, 100.0 ], [ 175.020506001193297, -37.071245992669404, 100.0 ], [ 175.020496993085715, -37.071260997429412, 100.0 ], [ 175.020479996184946, -37.071273006385738, 100.0 ], [ 175.020466995181692, -37.071280001035042, 100.0 ], [ 175.020447992867247, -37.07129099417233, 100.0 ], [ 175.020427998437697, -37.071299992561151, 100.0 ], [ 175.020425000069565, -37.071300001294695, 100.0 ], [ 175.020402994988814, -37.071302997184418, 100.0 ], [ 175.020379002292742, -37.071302002734747, 100.0 ], [ 175.020375000330404, -37.071301999727446, 100.0 ], [ 175.020367006361113, -37.071299995410371, 100.0 ], [ 175.020344001253733, -37.071295993686014, 100.0 ], [ 175.020322005782248, -37.071287992908914, 100.0 ], [ 175.020301005193431, -37.071278997289255, 100.0 ], [ 175.020299999757555, -37.071279000902116, 100.0 ], [ 175.020280996832895, -37.071268991551065, 100.0 ], [ 175.020262005473739, -37.071257001892882, 100.0 ], [ 175.020251002325068, -37.071250995795964, 100.0 ], [ 175.020230994408536, -37.07124100626455, 100.0 ], [ 175.020209993436538, -37.071231995313184, 100.0 ], [ 175.020194998727163, -37.071224004111137, 100.0 ], [ 175.020175008406369, -37.071213998948494, 100.0 ], [ 175.020156993415014, -37.071204003387734, 100.0 ], [ 175.020135992461604, -37.07119499242264, 100.0 ], [ 175.020116001438055, -37.071185002583483, 100.0 ], [ 175.020097004892904, -37.071174002589309, 100.0 ], [ 175.020090996971703, -37.071169995123995, 100.0 ], [ 175.020076008872365, -37.071155003570261, 100.0 ], [ 175.020060996457914, -37.071141002932954, 100.0 ], [ 175.020056000284626, -37.071136000341987, 100.0 ], [ 175.020038008093877, -37.071124997646947, 100.0 ], [ 175.020016995473782, -37.071114994552232, 100.0 ], [ 175.019996005974917, -37.071107007217968, 100.0 ], [ 175.019972999948891, -37.071100000576266, 100.0 ], [ 175.019951000938846, -37.071093007417545, 100.0 ], [ 175.01992800064528, -37.07108799699941, 100.0 ], [ 175.019905001956801, -37.071083004574987, 100.0 ], [ 175.019886998008957, -37.071079993686148, 100.0 ], [ 175.019864005024118, -37.071076996585354, 100.0 ], [ 175.019840994100832, -37.071074001588222, 100.0 ], [ 175.019832006434342, -37.071072992950178, 100.0 ], [ 175.019808996476428, -37.071073001888969, 100.0 ], [ 175.019784992760009, -37.071074005638309, 100.0 ], [ 175.019761993351892, -37.071075005793745, 100.0 ], [ 175.019738007215381, -37.071075993912388, 100.0 ], [ 175.019734004545995, -37.071076006217034, 100.0 ], [ 175.019710000420616, -37.071076994636449, 100.0 ], [ 175.01968600301484, -37.071077006852732, 100.0 ], [ 175.01966299743205, -37.071075993639717, 100.0 ], [ 175.019639004810358, -37.071074999037755, 100.0 ], [ 175.019632997852653, -37.071073994589739, 100.0 ], [ 175.019608999491737, -37.071071002847972, 100.0 ], [ 175.019586000396345, -37.071065994145172, 100.0 ], [ 175.019563007472698, -37.071062998787248, 100.0 ], [ 175.019558992725337, -37.071062004564446, 100.0 ], [ 175.019534994916569, -37.07106200143523, 100.0 ], [ 175.019511008061073, -37.071063004841839, 100.0 ], [ 175.019486992263637, -37.071063002009303, 100.0 ], [ 175.019464005080067, -37.07106200376586, 100.0 ], [ 175.019454994596288, -37.071062000412454, 100.0 ], [ 175.019431995512406, -37.071056991679377, 100.0 ], [ 175.019410007488261, -37.071051004058205, 100.0 ], [ 175.019386996740451, -37.071045004109401, 100.0 ], [ 175.019376997843096, -37.07104199920505, 100.0 ], [ 175.019352994281832, -37.07103999800399, 100.0 ], [ 175.019329001672645, -37.071039003338818, 100.0 ], [ 175.019306008358797, -37.071035992615663, 100.0 ], [ 175.019301993615841, -37.071034998384022, 100.0 ], [ 175.01928099896557, -37.071028000612436, 100.0 ], [ 175.019259998588268, -37.071019005702986, 100.0 ], [ 175.019239996364064, -37.071007993855346, 100.0 ], [ 175.019226994673431, -37.070999995625002, 100.0 ], [ 175.019207997197213, -37.070988996402804, 100.0 ], [ 175.019189006047128, -37.07097700566414, 100.0 ], [ 175.019175005973693, -37.07096800418384, 100.0 ], [ 175.01915500377487, -37.070956992320987, 100.0 ], [ 175.019136000380456, -37.070946999013749, 100.0 ], [ 175.019117997225408, -37.070937993594733, 100.0 ], [ 175.019098007568573, -37.070928005360052, 100.0 ], [ 175.019077005685233, -37.070918994220037, 100.0 ], [ 175.019062000180043, -37.070909995427044, 100.0 ], [ 175.019044002432082, -37.070896994539716, 100.0 ], [ 175.019029008074142, -37.07088599832084, 100.0 ], [ 175.019010993497716, -37.070872998616139, 100.0 ], [ 175.018994993864055, -37.070859000230222, 100.0 ], [ 175.01898200353466, -37.070845999686505, 100.0 ], [ 175.018970000847048, -37.070829991883635, 100.0 ], [ 175.018959996666894, -37.07081300190454, 100.0 ], [ 175.018949992085169, -37.070795996609611, 100.0 ], [ 175.018940998137737, -37.070777996218318, 100.0 ], [ 175.018930006123412, -37.070760994216165, 100.0 ], [ 175.018918003866844, -37.070745001721896, 100.0 ], [ 175.018908993069829, -37.07072700161477, 100.0 ], [ 175.01890499558229, -37.070719998255768, 100.0 ], [ 175.01889900520203, -37.070700997671857, 100.0 ], [ 175.018893997519257, -37.070683002403889, 100.0 ], [ 175.018892003479749, -37.070671004297175, 100.0 ], [ 175.018888005999656, -37.070651997718151, 100.0 ], [ 175.018885995495054, -37.070633991973061, 100.0 ], [ 175.018884995643845, -37.07061499203386, 100.0 ], [ 175.018884995127621, -37.070600000185777, 100.0 ], [ 175.018889002631482, -37.070580999704639, 100.0 ], [ 175.018893991678027, -37.070563003658094, 100.0 ], [ 175.018893991852195, -37.070559998794536, 100.0 ], [ 175.018893996303319, -37.070540995273731, 100.0 ], [ 175.01889500661116, -37.070522004367909, 100.0 ], [ 175.018896004417002, -37.070513993943919, 100.0 ], [ 175.01890199888436, -37.070495994296394, 100.0 ], [ 175.018906994792104, -37.070479996265526, 100.0 ], [ 175.018908992534477, -37.070461002065102, 100.0 ], [ 175.018907991557569, -37.07044200214483, 100.0 ], [ 175.018907997476049, -37.070440995316595, 100.0 ], [ 175.018906997576352, -37.070421993575358, 100.0 ], [ 175.018904004886963, -37.070403001431714, 100.0 ], [ 175.018898003218197, -37.070389003131346, 100.0 ], [ 175.018886006949344, -37.070372003802682, 100.0 ], [ 175.018870007447475, -37.070358005394944, 100.0 ], [ 175.018864993958601, -37.070355992585284, 100.0 ], [ 175.018843993439219, -37.070353006420724, 100.0 ], [ 175.018818996141306, -37.070355003874582, 100.0 ], [ 175.018798007825069, -37.070355998438814, 100.0 ], [ 175.018774997129498, -37.070353002325724, 100.0 ], [ 175.018761995959068, -37.070350998432403, 100.0 ], [ 175.018739003073165, -37.070351006869807, 100.0 ], [ 175.018719001068632, -37.070351998146208, 100.0 ], [ 175.018695997593312, -37.070356994427904, 100.0 ], [ 175.018678006658149, -37.070360998678375, 100.0 ], [ 175.018655001702598, -37.070360000577509, 100.0 ], [ 175.018632002878405, -37.070354991680716, 100.0 ], [ 175.018609003548619, -37.070346994150192, 100.0 ], [ 175.018592005140846, -37.070341006145014, 100.0 ], [ 175.018570004890364, -37.07033399562134, 100.0 ], [ 175.018547994133485, -37.070325994767856, 100.0 ], [ 175.018531994853163, -37.070320995570597, 100.0 ], [ 175.018509995019599, -37.070314000350237, 100.0 ], [ 175.018494007401785, -37.070309992355043, 100.0 ], [ 175.018472002774473, -37.070304003936684, 100.0 ], [ 175.018447998554052, -37.070298998600236, 100.0 ], [ 175.018424999543186, -37.070296993625625, 100.0 ], [ 175.018423006659589, -37.070296999611649, 100.0 ], [ 175.018398992241742, -37.070296997433147, 100.0 ], [ 175.018375992818221, -37.070301001276697, 100.0 ], [ 175.018353006196037, -37.070305997205011, 100.0 ], [ 175.018342997227904, -37.070307995377092, 100.0 ], [ 175.018319993019361, -37.070313006920138, 100.0 ], [ 175.018297000008999, -37.070318992549709, 100.0 ], [ 175.018288994882454, -37.070321992175671, 100.0 ], [ 175.018269998779004, -37.07033199255315, 100.0 ], [ 175.018252007966652, -37.070344996899649, 100.0 ], [ 175.018239007801668, -37.070354995251392, 100.0 ], [ 175.017917002683504, -37.070058996601453, 100.0 ], [ 175.017255005890632, -37.070441996228567, 100.0 ], [ 175.014694007114599, -37.070584004924463, 100.0 ], [ 175.011542998654846, -37.070758005841455, 100.0 ], [ 175.01140399531198, -37.07020000455649, 100.0 ], [ 175.011710002959234, -37.069343995604093, 100.0 ], [ 175.012634998206835, -37.066744002432955, 100.0 ], [ 175.012342008143406, -37.065698999068829, 100.0 ], [ 175.012371004745802, -37.065012004979053, 100.0 ], [ 175.011755007102266, -37.064451997198461, 100.0 ], [ 175.011711998466808, -37.064575006218341, 100.0 ], [ 175.011003002389145, -37.064977999881414, 100.0 ], [ 175.01028199102899, -37.065801992551528, 100.0 ], [ 175.009123006393452, -37.066419996012691, 100.0 ], [ 175.008310000386928, -37.066923999549054, 100.0 ], [ 175.008294994722007, -37.066932997023478, 100.0 ], [ 175.007291001903809, -37.06738800636564, 100.0 ], [ 175.007042001580544, -37.067629999844065, 100.0 ], [ 175.00673299648696, -37.067933997991389, 100.0 ], [ 175.006607001136928, -37.067772001786096, 100.0 ], [ 175.005434994824753, -37.066258005827578, 100.0 ], [ 175.004689006757758, -37.065144992906824, 100.0 ], [ 175.003518998235506, -37.063594003605843, 100.0 ], [ 175.001495005115345, -37.060910994357123, 100.0 ], [ 174.998559996491934, -37.057273993592631, 100.0 ], [ 175.002539000552531, -37.055974005055411, 100.0 ], [ 175.0044960040224, -37.055333007397209, 100.0 ], [ 175.002390008633057, -37.050876996633697, 100.0 ], [ 175.001704001899697, -37.051109999595084, 100.0 ], [ 175.000161004205694, -37.05158399338751, 100.0 ], [ 174.999204998803918, -37.051841995594437, 100.0 ], [ 174.999186996823425, -37.051805003063137, 100.0 ], [ 174.999026005158811, -37.051482991719467, 100.0 ], [ 174.998225000797476, -37.049881999115932, 100.0 ], [ 174.997040998643115, -37.047513996079402, 100.0 ], [ 174.996787002252972, -37.047005999058108, 100.0 ], [ 174.996712995154894, -37.046857998689198, 100.0 ], [ 174.993549003243288, -37.047832992820311, 100.0 ], [ 174.99332499570275, -37.047901999418222, 100.0 ], [ 174.992516998497933, -37.048151003794153, 100.0 ], [ 174.991462995964667, -37.048475991599538, 100.0 ], [ 174.990215006437012, -37.048923998413201, 100.0 ], [ 174.986966991882241, -37.050084993064139, 100.0 ], [ 174.986735991910422, -37.050168005922394, 100.0 ], [ 174.986471006781613, -37.050262002860876, 100.0 ], [ 174.985805991981721, -37.050499995649453, 100.0 ], [ 174.982558996395227, -37.049414003429199, 100.0 ], [ 174.982690002221744, -37.044247997269842, 100.0 ], [ 174.981355995700085, -37.044668999690892, 100.0 ], [ 174.979276006810977, -37.045322994085922, 100.0 ], [ 174.977829993613909, -37.043791993561953, 100.0 ], [ 174.977202006705994, -37.044832999575064, 100.0 ], [ 174.976661992237723, -37.045516003854573, 100.0 ], [ 174.976424008729879, -37.045533998590003, 100.0 ], [ 174.976290001198379, -37.045364995169471, 100.0 ], [ 174.976025004327056, -37.045467005738701, 100.0 ], [ 174.975577003739772, -37.045305996902009, 100.0 ], [ 174.975232000954662, -37.045526007405087, 100.0 ], [ 174.975224993718712, -37.045544006561556, 100.0 ], [ 174.975216002099813, -37.045568995807919, 100.0 ], [ 174.975157994822894, -37.045716997086465, 100.0 ], [ 174.975091008257692, -37.045890995007348, 100.0 ], [ 174.974997992283733, -37.046130001828161, 100.0 ], [ 174.9749879965525, -37.046154995160208, 100.0 ], [ 174.974944008780199, -37.046268993414948, 100.0 ], [ 174.975041997834126, -37.046468995017214, 100.0 ], [ 174.974177998643142, -37.046742000375822, 100.0 ], [ 174.973389000257157, -37.045136992169816, 100.0 ], [ 174.969151003662404, -37.046473007416267, 100.0 ], [ 174.968600995387277, -37.045416994239993, 100.0 ], [ 174.968056003080193, -37.044369994331269, 100.0 ], [ 174.967509003076458, -37.043317005157604, 100.0 ], [ 174.967424998152978, -37.043344006138113, 100.0 ], [ 174.965799001598981, -37.043867993014793, 100.0 ], [ 174.963231007315926, -37.044695006705354, 100.0 ], [ 174.963184003748154, -37.044595004340522, 100.0 ], [ 174.961280994507177, -37.045057005996711, 100.0 ], [ 174.961106992349443, -37.045098995719655, 100.0 ], [ 174.959483992161807, -37.041803006083555, 100.0 ], [ 174.957103999457019, -37.042389004217355, 100.0 ], [ 174.955697995849647, -37.042735992816759, 100.0 ], [ 174.952862001226435, -37.043434995762702, 100.0 ], [ 174.952591004934106, -37.042891998665283, 100.0 ], [ 174.952260006055752, -37.042264004404792, 100.0 ], [ 174.951635002620378, -37.041000004387705, 100.0 ], [ 174.951612992708675, -37.040755995645327, 100.0 ], [ 174.951737996278609, -37.040529998257497, 100.0 ], [ 174.951320002749299, -37.040375002031119, 100.0 ], [ 174.949650002231579, -37.037056998817839, 100.0 ], [ 174.951771004079632, -37.03639899639527, 100.0 ], [ 174.951392008119996, -37.035628001616871, 100.0 ], [ 174.951367002056514, -37.035577994696233, 100.0 ], [ 174.950964991331773, -37.034760998251414, 100.0 ], [ 174.950937997156785, -37.034708006398787, 100.0 ], [ 174.950563991620726, -37.033947002940899, 100.0 ], [ 174.948419002809032, -37.034613994568396, 100.0 ], [ 174.948160004305919, -37.034101996933593, 100.0 ], [ 174.94862500289284, -37.033950996233436, 100.0 ], [ 174.948443994910349, -37.033576005143175, 100.0 ], [ 174.948032994222586, -37.033703995152848, 100.0 ], [ 174.94799200256233, -37.033521997796562, 100.0 ], [ 174.94971299470842, -37.032985998643596, 100.0 ], [ 174.949360997622279, -37.032015005420291, 100.0 ], [ 174.948824994273394, -37.030535991593908, 100.0 ], [ 174.950210000227827, -37.030155000362072, 100.0 ], [ 174.949245994504452, -37.027916001157955, 100.0 ], [ 174.949749005625023, -37.027764001323781, 100.0 ], [ 174.952452005115703, -37.026946004560521, 100.0 ], [ 174.953862000052425, -37.026517993938675, 100.0 ], [ 174.955954004039171, -37.025884994564237, 100.0 ], [ 174.957653003751005, -37.025369992739392, 100.0 ], [ 174.958002002640939, -37.025265992590334, 100.0 ], [ 174.959557005771416, -37.024794003219455, 100.0 ], [ 174.95965799307595, -37.0247649969359, 100.0 ], [ 174.960459006570574, -37.024522999857297, 100.0 ], [ 174.961210007500512, -37.024293998048869, 100.0 ], [ 174.96164999600154, -37.024163004253182, 100.0 ], [ 174.962724583654904, -37.023834669068016, 100.0 ], [ 174.961791602541922, -37.021908560412911, 100.0 ], [ 174.968529841627799, -37.019806977660053, 100.0 ], [ 174.968721420815456, -37.019747635310168, 100.0 ], [ 174.966226366665012, -37.016572269203692, 100.0 ], [ 174.96531767387637, -37.017032326443058, 100.0 ], [ 174.962906349648534, -37.018253268820473, 100.0 ], [ 174.962612841285619, -37.018401874027653, 100.0 ], [ 174.961900902568573, -37.01622080622775, 100.0 ], [ 174.959544601901968, -37.016942686813898, 100.0 ], [ 174.960542611405629, -37.019037081857647, 100.0 ], [ 174.960413944294686, -37.019076486611127, 100.0 ], [ 174.959755177440655, -37.017693686996708, 100.0 ], [ 174.959416073910148, -37.016982010648867, 100.0 ], [ 174.958425087370074, -37.014901929351204, 100.0 ], [ 174.958392794770646, -37.014834120873779, 100.0 ], [ 174.958003132932248, -37.014011148876783, 100.0 ], [ 174.956939611604867, -37.011764655417451, 100.0 ], [ 174.956044956162089, -37.009948702591068, 100.0 ], [ 174.955328533463501, -37.008494612317229, 100.0 ], [ 174.955272970523851, -37.008381488864813, 100.0 ], [ 174.955253708488272, -37.008342870326402, 100.0 ], [ 174.954361231930534, -37.006542463872911, 100.0 ], [ 174.955900187369878, -37.004609460877667, 100.0 ], [ 174.956031030989635, -37.004457196564147, 100.0 ], [ 174.957095594921782, -37.003161003048575, 100.0 ], [ 174.957432034154635, -37.002894535009212, 100.0 ], [ 174.957727297899424, -37.00270053188369, 100.0 ], [ 174.959580569643236, -37.002046134166505, 100.0 ], [ 174.95958106734966, -37.002045954700328, 100.0 ], [ 174.959540005111336, -37.001868004089772, 100.0 ], [ 174.957260005531595, -37.001178993659373, 100.0 ], [ 174.953828505548614, -37.000158396885077, 100.0 ], [ 174.953467992823079, -36.999856995867937, 100.0 ], [ 174.953192007689182, -36.997072996928644, 100.0 ], [ 174.952818995594612, -36.993295999418933, 100.0 ], [ 174.952616994306112, -36.991223998381656, 100.0 ], [ 174.950839998469149, -36.990668996599027, 100.0 ], [ 174.950104000401296, -36.990445996606077, 100.0 ], [ 174.951279007419231, -36.987626004121957, 100.0 ], [ 174.952048991842162, -36.985615992921346, 100.0 ], [ 174.952541007735903, -36.985610002165544, 100.0 ], [ 174.954921004977081, -36.985591000766867, 100.0 ], [ 174.956215003450808, -36.985596004707986, 100.0 ], [ 174.957790003816172, -36.985593003402109, 100.0 ], [ 174.957886994625937, -36.985593000326944, 100.0 ], [ 174.963072995314349, -36.985571004421963, 100.0 ], [ 174.963781992374578, -36.985540992794157, 100.0 ], [ 174.964679999367007, -36.983441003776541, 100.0 ], [ 174.965341998575809, -36.983544004038826, 100.0 ], [ 174.966980999771209, -36.983796993810984, 100.0 ], [ 174.96796400716255, -36.983218992561483, 100.0 ], [ 174.968426001786668, -36.982947004141849, 100.0 ], [ 174.968674005304763, -36.982801004406745, 100.0 ], [ 174.968773998885297, -36.982741992405863, 100.0 ], [ 174.972647992780708, -36.9804470058397, 100.0 ], [ 174.973708003034801, -36.979824001839859, 100.0 ], [ 174.977711005403734, -36.977465998393718, 100.0 ], [ 174.981156993588058, -36.975308004949852, 100.0 ], [ 174.98526200690543, -36.972737005049147, 100.0 ], [ 174.985845993895737, -36.973153995101605, 100.0 ], [ 174.98628299464707, -36.973026005928915, 100.0 ], [ 174.986583004469139, -36.972808995275827, 100.0 ], [ 174.986652004851379, -36.972529001865801, 100.0 ], [ 174.987142999934605, -36.973095998067301, 100.0 ], [ 174.989349000686047, -36.973621001347091, 100.0 ], [ 174.991495992796217, -36.974006003414161, 100.0 ], [ 174.991731992199021, -36.974034997122608, 100.0 ], [ 174.992536996515639, -36.974189004759801, 100.0 ], [ 174.992816992797913, -36.974648004410298, 100.0 ], [ 174.993294002736945, -36.975433993767645, 100.0 ], [ 174.993819000074865, -36.976298999739896, 100.0 ], [ 174.994251006004617, -36.976631997809875, 100.0 ], [ 174.994439006738048, -36.976523999086787, 100.0 ], [ 174.994803003405764, -36.976803002221935, 100.0 ], [ 174.995804995923947, -36.97718699296199, 100.0 ], [ 174.996952994903438, -36.977236002260462, 100.0 ], [ 174.997145003787352, -36.976466003671455, 100.0 ], [ 174.997267001919425, -36.974818004064907, 100.0 ], [ 174.998411996294379, -36.973554002918519, 100.0 ], [ 174.999171007218081, -36.972939004200114, 100.0 ], [ 175.001876992744371, -36.972043003288121, 100.0 ], [ 175.000610007577819, -36.971509991246634, 100.0 ], [ 174.999013000597557, -36.970666995711426, 100.0 ], [ 174.998151996802676, -36.970639003829739, 100.0 ], [ 174.99650899277097, -36.969882004421791, 100.0 ], [ 174.997443001742937, -36.968506993320538, 100.0 ], [ 174.999211008271544, -36.967786996256748, 100.0 ], [ 174.999800992029407, -36.967696000880672, 100.0 ], [ 175.00095200911403, -36.966831006299785, 100.0 ], [ 175.002740008205677, -36.968823001997329, 100.0 ], [ 175.003102997663916, -36.968608005959084, 100.0 ], [ 175.00583700724863, -36.966986001422669, 100.0 ], [ 175.00811999837731, -36.965627993583979, 100.0 ], [ 175.00999200016247, -36.967664001941486, 100.0 ], [ 175.010174004411965, -36.967555994624369, 100.0 ], [ 175.012252993130232, -36.969816001548814, 100.0 ], [ 175.012672995972594, -36.969571003591, 100.0 ], [ 175.012794004433289, -36.96950200708023, 100.0 ], [ 175.012904006601559, -36.969439006844702, 100.0 ], [ 175.013118994318603, -36.969234995084804, 100.0 ], [ 175.013552991828561, -36.968920999807246, 100.0 ], [ 175.014027004508904, -36.968505992997571, 100.0 ], [ 175.014964004692246, -36.967925992890834, 100.0 ], [ 175.015080007171008, -36.967775993422087, 100.0 ], [ 175.015305007842983, -36.967162996045836, 100.0 ], [ 175.015770007891916, -36.966675000097389, 100.0 ], [ 175.017119998003835, -36.965331992582051, 100.0 ], [ 175.016594995818139, -36.964975994864162, 100.0 ], [ 175.016099998712178, -36.96481300158095, 100.0 ], [ 175.015753007780773, -36.964227000047813, 100.0 ], [ 175.015553995826423, -36.963944005692376, 100.0 ], [ 175.01529300841537, -36.963786992360248, 100.0 ], [ 175.014099997625948, -36.963055997812248, 100.0 ], [ 175.016799998523595, -36.960833995010844, 100.0 ], [ 175.017148993941674, -36.960391003368208, 100.0 ], [ 175.021721995623949, -36.959820002920139, 100.0 ], [ 175.0226550012421, -36.95687400732016, 100.0 ], [ 175.023902000356031, -36.953055998389573, 100.0 ], [ 175.024802007408937, -36.950102992202204, 100.0 ], [ 175.024872005028612, -36.949909004436776, 100.0 ], [ 175.026224004913672, -36.945606996117753, 100.0 ], [ 175.026578000810872, -36.944478999080332, 100.0 ], [ 175.038615005680072, -36.947159994155044, 100.0 ], [ 175.039393996397791, -36.94565599994597, 100.0 ], [ 175.037280997028802, -36.943109993958188, 100.0 ], [ 175.03702800304572, -36.943168995973025, 100.0 ], [ 175.037207005824115, -36.943553991863375, 100.0 ], [ 175.036912999377222, -36.943682001851187, 100.0 ], [ 175.036100007033383, -36.943211992311035, 100.0 ], [ 175.036252006112619, -36.942911993088323, 100.0 ], [ 175.036197006459645, -36.942036992081754, 100.0 ], [ 175.035730993644336, -36.941869002199205, 100.0 ], [ 175.035996001079866, -36.941603000812258, 100.0 ], [ 175.035124000775085, -36.940573002616219, 100.0 ], [ 175.035341997150283, -36.940437997570072, 100.0 ], [ 175.043828000571068, -36.935160998830113, 100.0 ], [ 175.048594996035547, -36.932196996554644, 100.0 ], [ 175.051339993093791, -36.93048999305087, 100.0 ], [ 175.049719006943349, -36.930193004996887, 100.0 ], [ 175.050855002324312, -36.926748997334471, 100.0 ], [ 175.051496006495711, -36.924805000100257, 100.0 ], [ 175.051954994347454, -36.92341300220793, 100.0 ], [ 175.053125994792339, -36.920050994040565, 100.0 ], [ 175.052952007648031, -36.919996003167618, 100.0 ], [ 175.051502993010871, -36.919538003952432, 100.0 ], [ 175.048242995211382, -36.911010005755706, 100.0 ], [ 175.046997994289882, -36.907728999040479, 100.0 ], [ 175.035809999048269, -36.90800900056923, 100.0 ], [ 175.035805008356505, -36.908010999575772, 100.0 ], [ 175.035789005269976, -36.908018997121445, 100.0 ], [ 175.0357720000207, -36.90802699832485, 100.0 ], [ 175.035755005621667, -36.908033001164519, 100.0 ], [ 175.035738005270701, -36.908037006829744, 100.0 ], [ 175.035718993049187, -36.908039004640735, 100.0 ], [ 175.03570000234123, -36.908039996232525, 100.0 ], [ 175.035681000997528, -36.90803999657691, 100.0 ], [ 175.035660996372229, -36.908040000596365, 100.0 ], [ 175.035642007167809, -36.908041006573853, 100.0 ], [ 175.035624002935691, -36.908041995664902, 100.0 ], [ 175.035605007536645, -36.908043993169329, 100.0 ], [ 175.035585994618089, -36.908046007194372, 100.0 ], [ 175.035565996650007, -36.908047993035787, 100.0 ], [ 175.03554799876602, -36.908050994602682, 100.0 ], [ 175.035528992933422, -36.908055006672598, 100.0 ], [ 175.035511005655138, -36.90805899857753, 100.0 ], [ 175.035492991117536, -36.908065005345769, 100.0 ], [ 175.035475997401278, -36.908070992812071, 100.0 ], [ 175.035460996679376, -36.90807599795238, 100.0 ], [ 175.035443996047775, -36.908082992281429, 100.0 ], [ 175.035427008695564, -36.908090993129221, 100.0 ], [ 175.035412003044314, -36.908099993797506, 100.0 ], [ 175.035396992746257, -36.908110002193595, 100.0 ], [ 175.035383999616869, -36.908120993579949, 100.0 ], [ 175.035372999531376, -36.908131004444485, 100.0 ], [ 175.03536200721922, -36.908142997126916, 100.0 ], [ 175.035353007646961, -36.908156996191742, 100.0 ], [ 175.035343998586427, -36.908170004893122, 100.0 ], [ 175.035335996094574, -36.90818499181421, 100.0 ], [ 175.03532800134937, -36.908199003398664, 100.0 ], [ 175.035319002910484, -36.908213003342837, 100.0 ], [ 175.035313991879974, -36.908225007074272, 100.0 ], [ 175.035308002190277, -36.908238996912061, 100.0 ], [ 175.035301003400008, -36.908253996371819, 100.0 ], [ 175.035293992854974, -36.908268004605944, 100.0 ], [ 175.035284994378287, -36.908282003646931, 100.0 ], [ 175.03527500419446, -36.908293992666295, 100.0 ], [ 175.035267998423592, -36.908301001344611, 100.0 ], [ 175.035255004145995, -36.908311993638179, 100.0 ], [ 175.035241008084256, -36.908323004000039, 100.0 ], [ 175.035227000598923, -36.908332993386551, 100.0 ], [ 175.035190006183257, -36.90831299579024, 100.0 ], [ 175.033949996878135, -36.90763299992939, 100.0 ], [ 175.032732002658037, -36.906952996076051, 100.0 ], [ 175.031750996244114, -36.906410998572504, 100.0 ], [ 175.030248994067705, -36.907500992145998, 100.0 ], [ 175.030073996132245, -36.907629996876906, 100.0 ], [ 175.030062997837717, -36.907621003361179, 100.0 ], [ 175.030050995873069, -36.907608992331042, 100.0 ], [ 175.030044995321958, -36.90760300303149, 100.0 ], [ 175.030034002930705, -36.907589997735037, 100.0 ], [ 175.030024997335772, -36.907577001738055, 100.0 ], [ 175.030015998725872, -36.90756299887115, 100.0 ], [ 175.030008002275025, -36.907548992392464, 100.0 ], [ 175.030001008436386, -36.907534999419148, 100.0 ], [ 175.029995005716984, -36.90751999356948, 100.0 ], [ 175.029990000535946, -36.907505995443842, 100.0 ], [ 175.029981001879037, -36.907494996600754, 100.0 ], [ 175.029976994070637, -36.907481999892696, 100.0 ], [ 175.02997199358677, -36.907466993133461, 100.0 ], [ 175.029967005169681, -36.907452992016211, 100.0 ], [ 175.029961002941604, -36.907438004182026, 100.0 ], [ 175.029955998377574, -36.907426992945467, 100.0 ], [ 175.029953998132157, -36.907423003741876, 100.0 ], [ 175.029942998800266, -36.907411005304539, 100.0 ], [ 175.029930998010144, -36.907398994241127, 100.0 ], [ 175.029915993599985, -36.907389006556613, 100.0 ], [ 175.029901007882785, -36.907379004129844, 100.0 ], [ 175.029885992108916, -36.907367994563735, 100.0 ], [ 175.029874002705839, -36.907357005371537, 100.0 ], [ 175.029864000402881, -36.907345994832063, 100.0 ], [ 175.029859993701564, -36.907336003027922, 100.0 ], [ 175.029849991379592, -36.907324991586194, 100.0 ], [ 175.029842002311369, -36.907316004297357, 100.0 ], [ 175.029831004134508, -36.907304005829275, 100.0 ], [ 175.02981900225717, -36.907291994772464, 100.0 ], [ 175.029807000813378, -36.907279999930324, 100.0 ], [ 175.029794999349519, -36.907268004185937, 100.0 ], [ 175.029791004941416, -36.907264997228509, 100.0 ], [ 175.029777995061238, -36.907253996626189, 100.0 ], [ 175.029765002012283, -36.907242995734698, 100.0 ], [ 175.029751006791571, -36.907231997549438, 100.0 ], [ 175.029737005328911, -36.907221991798252, 100.0 ], [ 175.029722993312475, -36.907210994797907, 100.0 ], [ 175.029708992215404, -36.907201002556484, 100.0 ], [ 175.029694991885691, -36.907190996780784, 100.0 ], [ 175.029680996684476, -36.907179998586585, 100.0 ], [ 175.029666995240405, -36.907169992826489, 100.0 ], [ 175.029652994205861, -36.90716000237974, 100.0 ], [ 175.029641996692732, -36.907153998415012, 100.0 ], [ 175.029623992296365, -36.907149005582781, 100.0 ], [ 175.029603997826769, -36.907144006199964, 100.0 ], [ 175.029585001481962, -36.907139994703151, 100.0 ], [ 175.029568004034815, -36.907133993225763, 100.0 ], [ 175.029552995694786, -36.907124996988621, 100.0 ], [ 175.029543991303825, -36.907115005859538, 100.0 ], [ 175.029534002284691, -36.907105001813711, 100.0 ], [ 175.029520997213439, -36.907092994349973, 100.0 ], [ 175.029506997309625, -36.907083002964825, 100.0 ], [ 175.029492004692287, -36.907074006450983, 100.0 ], [ 175.02947500105239, -36.907065991565858, 100.0 ], [ 175.029475007349561, -36.907065000931674, 100.0 ], [ 175.029457007801597, -36.907059003944696, 100.0 ], [ 175.029443998575744, -36.907053996925328, 100.0 ], [ 175.029426004876854, -36.907046992182373, 100.0 ], [ 175.029409007891786, -36.907041006897138, 100.0 ], [ 175.029389993608419, -36.907036994773797, 100.0 ], [ 175.029371003487682, -36.907034995734428, 100.0 ], [ 175.029354003042499, -36.907035995560541, 100.0 ], [ 175.029317992844284, -36.907029003039483, 100.0 ], [ 175.029303007745142, -36.90702799818304, 100.0 ], [ 175.029283994930864, -36.907027006267427, 100.0 ], [ 175.029264999660342, -36.907025998726908, 100.0 ], [ 175.029245997465949, -36.907022993123761, 100.0 ], [ 175.029227997851621, -36.907020000129378, 100.0 ], [ 175.029213992275004, -36.907016993866172, 100.0 ], [ 175.029201008279301, -36.90701700481663, 100.0 ], [ 175.029187002704106, -36.907013998550184, 100.0 ], [ 175.029179994462766, -36.90701199303583, 100.0 ], [ 175.029162007002185, -36.907007001645752, 100.0 ], [ 175.02914299316808, -36.907003005698201, 100.0 ], [ 175.029124999410044, -36.906999004936687, 100.0 ], [ 175.029107005677616, -36.906995005073291, 100.0 ], [ 175.029087992565081, -36.906990993782443, 100.0 ], [ 175.029069998836235, -36.906986993913307, 100.0 ], [ 175.029051999236088, -36.906984000891761, 100.0 ], [ 175.029037999951072, -36.906980003072114, 100.0 ], [ 175.029020992593161, -36.906979004790507, 100.0 ], [ 175.029000994065598, -36.906978000828857, 100.0 ], [ 175.028981997687026, -36.906976993261736, 100.0 ], [ 175.028962005440206, -36.906974997758205, 100.0 ], [ 175.028942997393642, -36.906972998956199, 100.0 ], [ 175.028924007297121, -36.906970999844461, 100.0 ], [ 175.028905996753053, -36.906967000237529, 100.0 ], [ 175.028889000563169, -36.906961000442571, 100.0 ], [ 175.028872003182414, -36.906954997961613, 100.0 ], [ 175.028858002896641, -36.90694799611078, 100.0 ], [ 175.028856008513401, -36.90694600496537, 100.0 ], [ 175.028840008664446, -36.906938002582116, 100.0 ], [ 175.028823996769546, -36.906928994553638, 100.0 ], [ 175.02880799580555, -36.906920992185, 100.0 ], [ 175.028792001127073, -36.906911998278744, 100.0 ], [ 175.028776997673276, -36.906901995107781, 100.0 ], [ 175.028761004148009, -36.906893002078832, 100.0 ], [ 175.02874599958011, -36.906882998922846, 100.0 ], [ 175.028731999407171, -36.90687299212658, 100.0 ], [ 175.028717998545574, -36.906863001563728, 100.0 ], [ 175.028704003541463, -36.906852003247685, 100.0 ], [ 175.028690008565235, -36.906841005830756, 100.0 ], [ 175.028676998912545, -36.906830005100041, 100.0 ], [ 175.028664992532129, -36.906819000749287, 100.0 ], [ 175.028653008144772, -36.906807004593496, 100.0 ], [ 175.028649002163405, -36.90680300726742, 100.0 ], [ 175.028637000548144, -36.906790996082137, 100.0 ], [ 175.028626002610338, -36.9067789965925, 100.0 ], [ 175.028614991531668, -36.906765992378695, 100.0 ], [ 175.028605002079388, -36.906752999554314, 100.0 ], [ 175.028595997948884, -36.906740003417681, 100.0 ], [ 175.028586998579016, -36.906726000448835, 100.0 ], [ 175.028580006152566, -36.906712005558859, 100.0 ], [ 175.028574003852015, -36.906697002327633, 100.0 ], [ 175.028568997819292, -36.906683002348117, 100.0 ], [ 175.028563998766174, -36.906667994597669, 100.0 ], [ 175.02855899904668, -36.906653003982996, 100.0 ], [ 175.02855399999774, -36.906637996231915, 100.0 ], [ 175.02854900025855, -36.90662300471574, 100.0 ], [ 175.028544001237634, -36.906607997864946, 100.0 ], [ 175.028540000533098, -36.906600004088162, 100.0 ], [ 175.028533006600242, -36.906585993898553, 100.0 ], [ 175.02852499300684, -36.906572003829098, 100.0 ], [ 175.028516996959979, -36.906557998137245, 100.0 ], [ 175.028509001297891, -36.906544006858994, 100.0 ], [ 175.028501005257056, -36.906530001165834, 100.0 ], [ 175.028498998801837, -36.906527002568723, 100.0 ], [ 175.028489994717347, -36.906514006422242, 100.0 ], [ 175.028480995371154, -36.906500002542565, 100.0 ], [ 175.0284720077386, -36.906486991692788, 100.0 ], [ 175.028462992001209, -36.906473004314954, 100.0 ], [ 175.028455999240578, -36.906458995001458, 100.0 ], [ 175.0284489936748, -36.906443993576772, 100.0 ], [ 175.028444005656382, -36.906429994184556, 100.0 ], [ 175.028441008235745, -36.906421996787131, 100.0 ], [ 175.028436008534555, -36.906407005264583, 100.0 ], [ 175.028430991578716, -36.906391997813095, 100.0 ], [ 175.028425993003538, -36.906377006270773, 100.0 ], [ 175.028421004970369, -36.906363005976281, 100.0 ], [ 175.02841500273118, -36.906348002734418, 100.0 ], [ 175.028415008612996, -36.906346995883723, 100.0 ], [ 175.028409006352518, -36.906331991740551, 100.0 ], [ 175.028402998188653, -36.906317993546779, 100.0 ], [ 175.028396996410237, -36.906303007420597, 100.0 ], [ 175.028391005794532, -36.906288993604321, 100.0 ], [ 175.028385003973256, -36.906274005675542, 100.0 ], [ 175.028380003888344, -36.90625899883451, 100.0 ], [ 175.028376007472275, -36.9062440036925, 100.0 ], [ 175.028376001693573, -36.906242005612761, 100.0 ], [ 175.028372996497467, -36.906226001211444, 100.0 ], [ 175.028371005508234, -36.906210999757533, 100.0 ], [ 175.02836899657089, -36.906195998610109, 100.0 ], [ 175.028367005583505, -36.906180997156021, 100.0 ], [ 175.028365002960015, -36.906165005373694, 100.0 ], [ 175.028361992499185, -36.906152997418708, 100.0 ], [ 175.028358998231084, -36.906137998679078, 100.0 ], [ 175.028353999688761, -36.906123007132194, 100.0 ], [ 175.028350002880501, -36.906107996673477, 100.0 ], [ 175.02834499805374, -36.906093996661625, 100.0 ], [ 175.028339998395609, -36.906079005133044, 100.0 ], [ 175.02833499945578, -36.906063998269836, 100.0 ], [ 175.028328997235604, -36.906048994120788, 100.0 ], [ 175.028323992417, -36.906034994107713, 100.0 ], [ 175.028318992767311, -36.906020002577847, 100.0 ], [ 175.028313007381286, -36.906004998140297, 100.0 ], [ 175.028313005886815, -36.905995999602681, 100.0 ], [ 175.028317006485224, -36.905966994190031, 100.0 ], [ 175.028314003972582, -36.905937994820121, 100.0 ], [ 175.028293991519973, -36.905886996851876, 100.0 ], [ 175.028278000501018, -36.905864992566151, 100.0 ], [ 175.028206998517902, -36.905796006637885, 100.0 ], [ 175.028118001487371, -36.905748001957676, 100.0 ], [ 175.028012996181786, -36.905712004579378, 100.0 ], [ 175.027786006222783, -36.905591000228256, 100.0 ], [ 175.0277489986305, -36.905576995021178, 100.0 ], [ 175.027722007197724, -36.905561995901529, 100.0 ], [ 175.027689995809567, -36.905508000377075, 100.0 ], [ 175.027649006075393, -36.905491993746161, 100.0 ], [ 175.027580999185062, -36.905480999018216, 100.0 ], [ 175.027438002610211, -36.90546499430323, 100.0 ], [ 175.027353992012422, -36.905452997314072, 100.0 ], [ 175.027287997692042, -36.905452991844221, 100.0 ], [ 175.02721499453699, -36.905438993442417, 100.0 ], [ 175.026958998552942, -36.905443994746996, 100.0 ], [ 175.026886996224192, -36.905455005421459, 100.0 ], [ 175.026854993334268, -36.905454999111846, 100.0 ], [ 175.026834005470675, -36.905460997629788, 100.0 ], [ 175.026821002154776, -36.905483001235439, 100.0 ], [ 175.026808008011386, -36.905496996644239, 100.0 ], [ 175.026785003147694, -36.905538995900727, 100.0 ], [ 175.026750003767802, -36.905651006333969, 100.0 ], [ 175.02673400613125, -36.905689002300434, 100.0 ], [ 175.026708999616034, -36.905726996982445, 100.0 ], [ 175.026670992778691, -36.905770995343545, 100.0 ], [ 175.026662005010223, -36.905786000320511, 100.0 ], [ 175.026643992058922, -36.905803992994343, 100.0 ], [ 175.026614995380299, -36.905820007279203, 100.0 ], [ 175.026501006835787, -36.9058230042194, 100.0 ], [ 175.026453998760246, -36.905840996813474, 100.0 ], [ 175.026422004559691, -36.905857995944949, 100.0 ], [ 175.026395002456525, -36.905881995899094, 100.0 ], [ 175.026384002890069, -36.905897998670945, 100.0 ], [ 175.026375007470392, -36.905904996619661, 100.0 ], [ 175.02632500489716, -36.905924004647225, 100.0 ], [ 175.026266994633119, -36.905940003747176, 100.0 ], [ 175.026162002567133, -36.905945000971812, 100.0 ], [ 175.026118998504899, -36.905943001012744, 100.0 ], [ 175.026056001702301, -36.905944998684951, 100.0 ], [ 175.026015001937679, -36.905942992435065, 100.0 ], [ 175.025990001834657, -36.905940005707187, 100.0 ], [ 175.025958007750432, -36.905925999134261, 100.0 ], [ 175.025929994010482, -36.905893006390812, 100.0 ], [ 175.02589399405403, -36.905866002908724, 100.0 ], [ 175.025827996960231, -36.905848000445516, 100.0 ], [ 175.025796000419945, -36.905843997385162, 100.0 ], [ 175.025760002178941, -36.90583500538753, 100.0 ], [ 175.025686993456532, -36.905825001599901, 100.0 ], [ 175.025655993677503, -36.905824992279705, 100.0 ], [ 175.025501005753028, -36.905825997185879, 100.0 ], [ 175.025475992795464, -36.905818999788139, 100.0 ], [ 175.025476003234871, -36.90581099156973, 100.0 ], [ 175.025456007944513, -36.905790999287149, 100.0 ], [ 175.025309996381225, -36.905687000948191, 100.0 ], [ 175.02528700545966, -36.905674002427702, 100.0 ], [ 175.025264007977967, -36.905656001805539, 100.0 ], [ 175.02505299655536, -36.905565993849081, 100.0 ], [ 175.024991005409021, -36.905545994727426, 100.0 ], [ 175.024884006044715, -36.9054899917776, 100.0 ], [ 175.024666995648403, -36.905310994695846, 100.0 ], [ 175.024632996718708, -36.905287995426399, 100.0 ], [ 175.02460100377823, -36.905270997949401, 100.0 ], [ 175.024595004271703, -36.905267997053883, 100.0 ], [ 175.024578992490859, -36.905259003759049, 100.0 ], [ 175.024564001912381, -36.905250006572714, 100.0 ], [ 175.024548007659092, -36.905240996751395, 100.0 ], [ 175.024531997011053, -36.905232003430712, 100.0 ], [ 175.024517000080976, -36.905223996874255, 100.0 ], [ 175.024501007388892, -36.905215003243171, 100.0 ], [ 175.024485998879157, -36.905206006352373, 100.0 ], [ 175.024470004667762, -36.905196997420802, 100.0 ], [ 175.024454997263092, -36.905187999605829, 100.0 ], [ 175.024439993576834, -36.905177995875682, 100.0 ], [ 175.024423994563449, -36.905169993770706, 100.0 ], [ 175.024409003996396, -36.905160995662698, 100.0 ], [ 175.024392993380985, -36.905152002322168, 100.0 ], [ 175.024378007658584, -36.905141998277735, 100.0 ], [ 175.024362999177271, -36.905133001370395, 100.0 ], [ 175.024348008648246, -36.905124004155105, 100.0 ], [ 175.024333006110083, -36.905114000391421, 100.0 ], [ 175.024318003575786, -36.905103996625712, 100.0 ], [ 175.024304003576248, -36.905094004611321, 100.0 ], [ 175.024289992713847, -36.905083006930518, 100.0 ], [ 175.024277000808326, -36.905072005399504, 100.0 ], [ 175.024267000723938, -36.905060994331897, 100.0 ], [ 175.024255000489745, -36.905048998887246, 100.0 ], [ 175.024244003506539, -36.905036999860812, 100.0 ], [ 175.024233997045457, -36.905024006040776, 100.0 ], [ 175.02422400813191, -36.905010996598641, 100.0 ], [ 175.02421299805016, -36.904997991942523, 100.0 ], [ 175.024202992745273, -36.904984999001243, 100.0 ], [ 175.024192000595917, -36.904971993136073, 100.0 ], [ 175.024180000363941, -36.904959996782011, 100.0 ], [ 175.024168000159563, -36.904948001327483, 100.0 ], [ 175.024154991467753, -36.904937000068472, 100.0 ], [ 175.024150997398124, -36.904933992909747, 100.0 ], [ 175.02413700339045, -36.904922994021369, 100.0 ], [ 175.024134005888158, -36.904921004568365, 100.0 ], [ 175.024120997229659, -36.904910004206172, 100.0 ], [ 175.024107003254443, -36.904899006214848, 100.0 ], [ 175.024095003788233, -36.904886995417883, 100.0 ], [ 175.024081995093496, -36.904875993249235, 100.0 ], [ 175.024069994917824, -36.904863997783771, 100.0 ], [ 175.024057994745903, -36.904852002316971, 100.0 ], [ 175.024045994553973, -36.904840005947918, 100.0 ], [ 175.024034997634146, -36.904828006899834, 100.0 ], [ 175.024022997068755, -36.904815996113896, 100.0 ], [ 175.024011999034258, -36.904803997082531, 100.0 ], [ 175.024001008446675, -36.90479100559272, 100.0 ], [ 175.023989998435212, -36.90477800091336, 100.0 ], [ 175.02397900153332, -36.904766001859429, 100.0 ], [ 175.023967992627291, -36.904752996257734, 100.0 ], [ 175.023958003102109, -36.904740003025431, 100.0 ], [ 175.023946994203527, -36.90472699742152, 100.0 ], [ 175.023937005807198, -36.904714004168063, 100.0 ], [ 175.023926007801208, -36.904702005127696, 100.0 ], [ 175.023916002156426, -36.904688995942884, 100.0 ], [ 175.023904993677206, -36.904676005649733, 100.0 ], [ 175.023895003768445, -36.904662997096139, 100.0 ], [ 175.023883995296643, -36.904650006800765, 100.0 ], [ 175.023873003250856, -36.90463700090227, 100.0 ], [ 175.023862991681284, -36.904624998564891, 100.0 ], [ 175.023857993964469, -36.904619005370066, 100.0 ], [ 175.023847003025708, -36.904605998548824, 100.0 ], [ 175.02383599306782, -36.904592993853207, 100.0 ], [ 175.023824996217286, -36.904580994783124, 100.0 ], [ 175.023815007885219, -36.904568002418792, 100.0 ], [ 175.023803997890781, -36.904554995918012, 100.0 ], [ 175.023793001050905, -36.904542996844562, 100.0 ], [ 175.023781992637964, -36.904530007439327, 100.0 ], [ 175.023769992136152, -36.904517995723729, 100.0 ], [ 175.02375899530702, -36.904505996646755, 100.0 ], [ 175.023746995217294, -36.904494000243758, 100.0 ], [ 175.023734995155166, -36.904482004740309, 100.0 ], [ 175.023722003432567, -36.904471003142007, 100.0 ], [ 175.023719998364072, -36.904468005337634, 100.0 ], [ 175.023707006646021, -36.904457003737534, 100.0 ], [ 175.023692995963131, -36.904446005078135, 100.0 ], [ 175.02367999902475, -36.90443599499315, 100.0 ], [ 175.023666004078478, -36.904424996963591, 100.0 ], [ 175.023652005410526, -36.904415004845774, 100.0 ], [ 175.023637993645224, -36.904404007099359, 100.0 ], [ 175.023623994580106, -36.904393999662787, 100.0 ], [ 175.023609994420639, -36.90438399314445, 100.0 ], [ 175.02359499847492, -36.904372997741525, 100.0 ], [ 175.023584001399144, -36.904364003583652, 100.0 ], [ 175.023570001226545, -36.904353996159323, 100.0 ], [ 175.02355600743283, -36.904342998096617, 100.0 ], [ 175.023542998932669, -36.904331996763695, 100.0 ], [ 175.023529005123009, -36.904320997796617, 100.0 ], [ 175.023515996606704, -36.904309995559586, 100.0 ], [ 175.023501998026831, -36.904300005224449, 100.0 ], [ 175.023489006368635, -36.904289003598393, 100.0 ], [ 175.023474995747733, -36.904278004911099, 100.0 ], [ 175.023461001981502, -36.904267006836214, 100.0 ], [ 175.023448005103717, -36.904256996723703, 100.0 ], [ 175.023433993372777, -36.904245998050278, 100.0 ], [ 175.023421002855315, -36.904234996396987, 100.0 ], [ 175.023406991156065, -36.904223998620985, 100.0 ], [ 175.023392992582245, -36.904214007371081, 100.0 ], [ 175.023378998411118, -36.904202993069617, 100.0 ], [ 175.023366001959488, -36.904192998262559, 100.0 ], [ 175.023354998582363, -36.904184995619239, 100.0 ], [ 175.023341004826534, -36.90417399662811, 100.0 ], [ 175.023327006270392, -36.9041640053698, 100.0 ], [ 175.023312004029748, -36.904154000564937, 100.0 ], [ 175.023298003954721, -36.904143994006851, 100.0 ], [ 175.023284004287831, -36.904134002762198, 100.0 ], [ 175.023269993724682, -36.904123004048692, 100.0 ], [ 175.023254991523231, -36.904113000136988, 100.0 ], [ 175.023240991463041, -36.904102993571662, 100.0 ], [ 175.023226992909059, -36.904093001399765, 100.0 ], [ 175.023212992856145, -36.904082994830894, 100.0 ], [ 175.023197997026074, -36.904071999373784, 100.0 ], [ 175.023183996956988, -36.904061991900321, 100.0 ], [ 175.023169997319883, -36.904052000641187, 100.0 ], [ 175.023156003662422, -36.904041003428269, 100.0 ], [ 175.023142004702436, -36.90403099502948, 100.0 ], [ 175.023137999128323, -36.904026996601665, 100.0 ], [ 175.023123999479765, -36.904017004435765, 100.0 ], [ 175.023121007611138, -36.904013993687805, 100.0 ], [ 175.023106997117054, -36.904002995854391, 100.0 ], [ 175.023094000734716, -36.903993001015138, 100.0 ], [ 175.023080007075094, -36.90398200289161, 100.0 ], [ 175.023065995447155, -36.903971004171147, 100.0 ], [ 175.02305300500538, -36.903960001573203, 100.0 ], [ 175.023038993432948, -36.903949004651061, 100.0 ], [ 175.023026003022608, -36.903938002950788, 100.0 ], [ 175.023012002976571, -36.903927994554522, 100.0 ], [ 175.022997992537626, -36.903916997608015, 100.0 ], [ 175.02298399295114, -36.903907006325177, 100.0 ], [ 175.022969992940034, -36.903896998824457, 100.0 ], [ 175.02295499082166, -36.903886994871954, 100.0 ], [ 175.022949995123838, -36.903884005633522, 100.0 ], [ 175.022934993010608, -36.903874001678318, 100.0 ], [ 175.022920001772576, -36.903865004287461, 100.0 ], [ 175.022904994428615, -36.903855991846889, 100.0 ], [ 175.022889001087179, -36.903846998001434, 100.0 ], [ 175.022873007725707, -36.903838003252794, 100.0 ], [ 175.022856997160488, -36.903828994374159, 100.0 ], [ 175.022840998947885, -36.903821005553986, 100.0 ], [ 175.022825005240435, -36.903811997285096, 100.0 ], [ 175.022809006653972, -36.903803994046072, 100.0 ], [ 175.022791998882099, -36.903797001225527, 100.0 ], [ 175.022774997070627, -36.903789001549363, 100.0 ], [ 175.022758006825342, -36.903781992201935, 100.0 ], [ 175.022741000184539, -36.90377499935466, 100.0 ], [ 175.022723993570565, -36.903768007405745, 100.0 ], [ 175.022707003334347, -36.903760998050714, 100.0 ], [ 175.022688993043374, -36.903753992546505, 100.0 ], [ 175.02267099474534, -36.903747993586897, 100.0 ], [ 175.022653998582967, -36.903741991977974, 100.0 ], [ 175.022636000314094, -36.903735993913791, 100.0 ], [ 175.022617997186472, -36.903731001779882, 100.0 ], [ 175.022599992534879, -36.903725994347084, 100.0 ], [ 175.02258199424989, -36.903719995373557, 100.0 ], [ 175.022564001567588, -36.90371599358172, 100.0 ], [ 175.022544995242157, -36.903711005903062, 100.0 ], [ 175.022527002587452, -36.903707005006396, 100.0 ], [ 175.022517994261108, -36.903703997559063, 100.0 ], [ 175.022500002731078, -36.903699996639105, 100.0 ], [ 175.022481006850626, -36.903695999300474, 100.0 ], [ 175.022462992559696, -36.903693006415416, 100.0 ], [ 175.022443996230692, -36.90368899195375, 100.0 ], [ 175.022424996637028, -36.903686001420965, 100.0 ], [ 175.022406998031414, -36.903683007358943, 100.0 ], [ 175.022387996890501, -36.903680000623154, 100.0 ], [ 175.022376995219673, -36.903678006821742, 100.0 ], [ 175.022357995202725, -36.903675000061973, 100.0 ], [ 175.022339006050714, -36.903672999865826, 100.0 ], [ 175.022320004938251, -36.903669994019893, 100.0 ], [ 175.022302001497906, -36.903668006775845, 100.0 ], [ 175.022283000364069, -36.903665000023011, 100.0 ], [ 175.022263999231569, -36.903661993267086, 100.0 ], [ 175.02224600175856, -36.903658999161173, 100.0 ], [ 175.022235006034606, -36.903655997592217, 100.0 ], [ 175.02221599337409, -36.903652001397809, 100.0 ], [ 175.022198000748233, -36.90364800045031, 100.0 ], [ 175.02217999614092, -36.903642992952321, 100.0 ], [ 175.022161993061928, -36.903638000747634, 100.0 ], [ 175.022144006407586, -36.903632992938448, 100.0 ], [ 175.02212600221128, -36.903628000747254, 100.0 ], [ 175.02210799761292, -36.903622993238059, 100.0 ], [ 175.022089999387589, -36.903616994187928, 100.0 ], [ 175.022073004394372, -36.903610991573451, 100.0 ], [ 175.022055006198144, -36.903604993418732, 100.0 ], [ 175.022053005706368, -36.903603993688122, 100.0 ], [ 175.022035002620271, -36.903599000562728, 100.0 ], [ 175.022017004429642, -36.903593002402062, 100.0 ], [ 175.022000008349096, -36.903587000696781, 100.0 ], [ 175.02198199331329, -36.903581001916201, 100.0 ], [ 175.021964997237944, -36.903575000205734, 100.0 ], [ 175.021946999034242, -36.903569001133199, 100.0 ], [ 175.021930004085931, -36.903562999398439, 100.0 ], [ 175.021912996419189, -36.903556005546754, 100.0 ], [ 175.021894998247518, -36.903550007366952, 100.0 ], [ 175.021878008154687, -36.903542998790158, 100.0 ], [ 175.021861001618674, -36.903536004911615, 100.0 ], [ 175.021843993583445, -36.903528996635316, 100.0 ], [ 175.021827005025727, -36.903522003347049, 100.0 ], [ 175.021809996996552, -36.903514995065677, 100.0 ], [ 175.021793992626641, -36.903507999438737, 100.0 ], [ 175.021777002932339, -36.903501005261205, 100.0 ], [ 175.021759996033921, -36.903493996953273, 100.0 ], [ 175.021743991648975, -36.903487000418416, 100.0 ], [ 175.021727007958759, -36.903479000280839, 100.0 ], [ 175.021710006299799, -36.903470999545362, 100.0 ], [ 175.021694001947765, -36.90346400390434, 100.0 ], [ 175.021677000319158, -36.903456004064807, 100.0 ], [ 175.021661001921558, -36.903448000664753, 100.0 ], [ 175.021645002429239, -36.903439998182407, 100.0 ], [ 175.021629004038203, -36.90343199477779, 100.0 ], [ 175.021613005650437, -36.903423991370921, 100.0 ], [ 175.021605991603593, -36.903420002640324, 100.0 ], [ 175.021589007918294, -36.903412001581138, 100.0 ], [ 175.021572997611202, -36.903402993422361, 100.0 ], [ 175.021558001744438, -36.90339500178478, 100.0 ], [ 175.021542008247337, -36.903385992434266, 100.0 ], [ 175.021525998307709, -36.90337699778221, 100.0 ], [ 175.021511002070355, -36.903368991724022, 100.0 ], [ 175.021505003234324, -36.903366005978491, 100.0 ], [ 175.021489995027281, -36.903356993369435, 100.0 ], [ 175.021474003071887, -36.903347999305346, 100.0 ], [ 175.021458995276106, -36.903339002007343, 100.0 ], [ 175.021443993458973, -36.90332899785372, 100.0 ], [ 175.021429003618806, -36.90332000024619, 100.0 ], [ 175.021413995833711, -36.903311002942125, 100.0 ], [ 175.021398994027834, -36.903300998782434, 100.0 ], [ 175.02138399222585, -36.903290994620704, 100.0 ], [ 175.021369001278288, -36.903281997024195, 100.0 ], [ 175.021353999483836, -36.903271992858421, 100.0 ], [ 175.021351003262794, -36.903270004212288, 100.0 ], [ 175.021337003600223, -36.903259997408888, 100.0 ], [ 175.021322001790452, -36.903249992337884, 100.0 ], [ 175.021308003661233, -36.903240000826948, 100.0 ], [ 175.021293001882924, -36.903229996652897, 100.0 ], [ 175.021279002615501, -36.903220004256482, 100.0 ], [ 175.021265002971404, -36.903209997443966, 100.0 ], [ 175.021251004833061, -36.9032000050249, 100.0 ], [ 175.021236007926063, -36.903188994008516, 100.0 ], [ 175.021221991870704, -36.903179002792129, 100.0 ], [ 175.021207993339459, -36.903168995052383, 100.0 ], [ 175.0211940000965, -36.90315799669235, 100.0 ], [ 175.021180000878871, -36.903148005184242, 100.0 ], [ 175.021166007619968, -36.903137005919746, 100.0 ], [ 175.021151991179039, -36.903126999379211, 100.0 ], [ 175.021139001151369, -36.903115996557702, 100.0 ], [ 175.021125001948548, -36.903106005042602, 100.0 ], [ 175.021111002345208, -36.903095998210496, 100.0 ], [ 175.021096992279098, -36.903084999223537, 100.0 ], [ 175.02108399631021, -36.903075004150146, 100.0 ], [ 175.02105599297181, -36.903059001329098, 100.0 ], [ 175.021005996125609, -36.903018998911719, 100.0 ], [ 175.020975992145793, -36.902989992812351, 100.0 ], [ 175.020965000622908, -36.90296800336607, 100.0 ], [ 175.020897999359164, -36.902881003554548, 100.0 ], [ 175.020870999350677, -36.902864997134756, 100.0 ], [ 175.020855000036818, -36.902856993638125, 100.0 ], [ 175.020833002984119, -36.902851998886135, 100.0 ], [ 175.020791992899518, -36.902834007327904, 100.0 ], [ 175.020753005131013, -36.902806995384978, 100.0 ], [ 175.02070299834142, -36.90277800508683, 100.0 ], [ 175.020679992100014, -36.902770999551642, 100.0 ], [ 175.02065000159439, -36.902772999659909, 100.0 ], [ 175.020589002158857, -36.902768003279007, 100.0 ], [ 175.020559992032673, -36.902771006055282, 100.0 ], [ 175.020553992054374, -36.902770994569821, 100.0 ], [ 175.020492997047342, -36.902767995345016, 100.0 ], [ 175.020487003461113, -36.902766992317368, 100.0 ], [ 175.02047899896678, -36.902763997377427, 100.0 ], [ 175.020461001763607, -36.902761002991973, 100.0 ], [ 175.02045500817826, -36.90275999996269, 100.0 ], [ 175.020448997742761, -36.902758996318447, 100.0 ], [ 175.020430998720087, -36.902752997024997, 100.0 ], [ 175.020418003417888, -36.902751999543376, 100.0 ], [ 175.020411001343632, -36.902751991578761, 100.0 ], [ 175.020392002048339, -36.902749000710749, 100.0 ], [ 175.020382008642201, -36.90274599633657, 100.0 ], [ 175.020367002080292, -36.902742993422102, 100.0 ], [ 175.020349003740137, -36.902739998137584, 100.0 ], [ 175.020346001171646, -36.902739001003347, 100.0 ], [ 175.02034099285973, -36.90273799472692, 100.0 ], [ 175.020321993546389, -36.902735002946606, 100.0 ], [ 175.020304001918589, -36.902734006624591, 100.0 ], [ 175.020296999127339, -36.902730992829646, 100.0 ], [ 175.020290999555527, -36.902730996646028, 100.0 ], [ 175.020273002366167, -36.902728002231619, 100.0 ], [ 175.020254007926809, -36.902724003605236, 100.0 ], [ 175.020253004708167, -36.902724007151043, 100.0 ], [ 175.020247005830896, -36.902723994729975, 100.0 ], [ 175.020229002249266, -36.90272199184767, 100.0 ], [ 175.020211003942222, -36.902718997442797, 100.0 ], [ 175.020206007589735, -36.902718997709407, 100.0 ], [ 175.020187008285404, -36.90271600590718, 100.0 ], [ 175.020174997619421, -36.902712002037731, 100.0 ], [ 175.020170006114, -36.90271099456686, 100.0 ], [ 175.020151000440194, -36.90270899519858, 100.0 ], [ 175.020145006862293, -36.902707992153374, 100.0 ], [ 175.020138996838142, -36.902707003808423, 100.0 ], [ 175.02011999603701, -36.902703997600042, 100.0 ], [ 175.020101001175561, -36.902703003890714, 100.0 ], [ 175.020097008042313, -36.902703000608199, 100.0 ], [ 175.020091993742312, -36.902703001175276, 100.0 ], [ 175.020073004874746, -36.90270100060728, 100.0 ], [ 175.020066994471762, -36.902699997844294, 100.0 ], [ 175.020054004077195, -36.902697994388205, 100.0 ], [ 175.020035004782898, -36.902695002561309, 100.0 ], [ 175.020020003774931, -36.902693996789232, 100.0 ], [ 175.020014004205336, -36.902694000591524, 100.0 ], [ 175.019994992520424, -36.902693007151321, 100.0 ], [ 175.019981991955063, -36.902693001141394, 100.0 ], [ 175.019975992385469, -36.902693004941767, 100.0 ], [ 175.019956991569245, -36.902689997806092, 100.0 ], [ 175.019944002300491, -36.902687994318754, 100.0 ], [ 175.019924995491095, -36.902685994032112, 100.0 ], [ 175.019910991708315, -36.902685991557384, 100.0 ], [ 175.019892003275942, -36.90268400717629, 100.0 ], [ 175.01987400570664, -36.902680997385325, 100.0 ], [ 175.019855000022062, -36.902678997068293, 100.0 ], [ 175.019836005168258, -36.902678003316289, 100.0 ], [ 175.01982599451884, -36.902678004122812, 100.0 ], [ 175.019806994386386, -36.902678001886109, 100.0 ], [ 175.019805992289889, -36.902678005409037, 100.0 ], [ 175.019786006887387, -36.902678006405715, 100.0 ], [ 175.019776999455985, -36.902678003666281, 100.0 ], [ 175.01976599711125, -36.902678998342424, 100.0 ], [ 175.019746992102057, -36.902680002931326, 100.0 ], [ 175.019728002796995, -36.902681007250138, 100.0 ], [ 175.019721992643667, -36.902682993176718, 100.0 ], [ 175.019707003566538, -36.902682993013087, 100.0 ], [ 175.019689997224646, -36.902681993361448, 100.0 ], [ 175.019685000873551, -36.902681993606059, 100.0 ], [ 175.019677007244894, -36.902680005178958, 100.0 ], [ 175.019657995161481, -36.902678996369303, 100.0 ], [ 175.019651996713947, -36.902679000134185, 100.0 ], [ 175.019641997989027, -36.902680006573426, 100.0 ], [ 175.019890996209966, -36.901853002982882, 100.0 ], [ 175.021446995171203, -36.896707998647351, 100.0 ], [ 175.03201100121035, -36.898731999850554, 100.0 ], [ 175.033469995758594, -36.893730998439473, 100.0 ], [ 175.034402002635659, -36.890980998556635, 100.0 ], [ 175.037279007520368, -36.891538005251476, 100.0 ], [ 175.042796993346514, -36.892605004129067, 100.0 ], [ 175.04225100633758, -36.893686991776221, 100.0 ], [ 175.048710000182581, -36.899336996051744, 100.0 ], [ 175.062000007309763, -36.8950199980166, 100.0 ], [ 175.062015993509675, -36.895013994554645, 100.0 ], [ 175.062030002119343, -36.895032995788853, 100.0 ], [ 175.062173006809218, -36.894913997210047, 100.0 ], [ 175.062397991873922, -36.894804003835013, 100.0 ], [ 175.06335700493409, -36.895753991759669, 100.0 ], [ 175.063530994566065, -36.895965007421914, 100.0 ], [ 175.063607999962954, -36.896199996030361, 100.0 ], [ 175.063521998579773, -36.896641997745981, 100.0 ], [ 175.063225000543895, -36.896928993924305, 100.0 ], [ 175.063058008519846, -36.897090004255219, 100.0 ], [ 175.062992996238165, -36.897271006583182, 100.0 ], [ 175.06323200592243, -36.897786005549172, 100.0 ], [ 175.0632309985387, -36.898226005007068, 100.0 ], [ 175.063539001656778, -36.89870500028222, 100.0 ], [ 175.063585993532399, -36.898906998339477, 100.0 ], [ 175.06348900575631, -36.899404004767831, 100.0 ], [ 175.063521005099261, -36.899573003771458, 100.0 ], [ 175.063870998126845, -36.90001700304294, 100.0 ], [ 175.064081996248888, -36.900531991857008, 100.0 ], [ 175.064546995541576, -36.901099007645179, 100.0 ], [ 175.064864005687497, -36.901408995064877, 100.0 ], [ 175.065879003175525, -36.902009996646882, 100.0 ], [ 175.067167993418963, -36.902910994424424, 100.0 ], [ 175.068453993390136, -36.903687993893058, 100.0 ], [ 175.069706003441752, -36.904285007393867, 100.0 ], [ 175.07006400295765, -36.904486001860136, 100.0 ], [ 175.070135992353926, -36.904513994843754, 100.0 ], [ 175.070195007329005, -36.904529999641632, 100.0 ], [ 175.070288995583923, -36.904574006254762, 100.0 ], [ 175.070340994318968, -36.904595998897406, 100.0 ], [ 175.070387998295104, -36.904610994437945, 100.0 ], [ 175.070442001968615, -36.904646996013113, 100.0 ], [ 175.07055000431771, -36.904689000575146, 100.0 ], [ 175.070640993888816, -36.904720998096472, 100.0 ], [ 175.070678994416625, -36.904728002820761, 100.0 ], [ 175.070695004344202, -36.904734992591742, 100.0 ], [ 175.070749002178076, -36.904754995293629, 100.0 ], [ 175.070709998986246, -36.904819997859668, 100.0 ], [ 175.070776992530313, -36.904847992832202, 100.0 ], [ 175.071093995703848, -36.904982007417239, 100.0 ], [ 175.071399008134989, -36.905110997380802, 100.0 ], [ 175.072544996792118, -36.905417003362516, 100.0 ], [ 175.073222004288056, -36.905517007013628, 100.0 ], [ 175.073729004767756, -36.905541000765666, 100.0 ], [ 175.074484999402927, -36.905493996283163, 100.0 ], [ 175.075037002521611, -36.905333995591207, 100.0 ], [ 175.075203000627226, -36.905141996965192, 100.0 ], [ 175.075419006216833, -36.904893006212902, 100.0 ], [ 175.075490996505465, -36.904809993790174, 100.0 ], [ 175.07564400697629, -36.904716001706703, 100.0 ], [ 175.075793998281995, -36.904624003582448, 100.0 ], [ 175.077008997633925, -36.904387993656684, 100.0 ], [ 175.0772719934794, -36.904250001844865, 100.0 ], [ 175.077903993189238, -36.903810000623707, 100.0 ], [ 175.078850996745359, -36.903531006818767, 100.0 ], [ 175.079477992234359, -36.903350004137742, 100.0 ], [ 175.079631002930057, -36.903352992172479, 100.0 ], [ 175.080376007547045, -36.903366996248394, 100.0 ], [ 175.080963995039639, -36.903278003150213, 100.0 ], [ 175.081200998040657, -36.903216994881454, 100.0 ], [ 175.081517004662004, -36.903050998155614, 100.0 ], [ 175.081601002397093, -36.903006999422765, 100.0 ], [ 175.081866004947813, -36.902763004007767, 100.0 ], [ 175.081888998077687, -36.902741995641364, 100.0 ], [ 175.082343994057254, -36.901989004022049, 100.0 ], [ 175.082524003947952, -36.901673007066641, 100.0 ], [ 175.082996006511593, -36.901555002808585, 100.0 ], [ 175.083381000349561, -36.901407006739689, 100.0 ], [ 175.08363800762362, -36.901052005108276, 100.0 ], [ 175.083828996736457, -36.900890999569079, 100.0 ], [ 175.084010000505714, -36.900832004831138, 100.0 ], [ 175.084457994247543, -36.900790004638445, 100.0 ], [ 175.084879999668971, -36.900838006661886, 100.0 ], [ 175.085491008510445, -36.901063992818258, 100.0 ], [ 175.086012003511343, -36.901109998315775, 100.0 ], [ 175.086719005755498, -36.901299999677121, 100.0 ], [ 175.087675994967981, -36.901394993286424, 100.0 ], [ 175.08801599914932, -36.901502002584976, 100.0 ], [ 175.089114993040738, -36.901616993892219, 100.0 ], [ 175.089308999488935, -36.901625996287706, 100.0 ], [ 175.090366003895809, -36.901671992714405, 100.0 ], [ 175.090514996219099, -36.901658006719273, 100.0 ], [ 175.09198499414984, -36.901510994181308, 100.0 ], [ 175.09245199578686, -36.901463998161042, 100.0 ], [ 175.093343006588526, -36.901199995773609, 100.0 ], [ 175.093686004686873, -36.901058999563176, 100.0 ], [ 175.093980005677537, -36.900939996992463, 100.0 ], [ 175.095673007430293, -36.900910997183935, 100.0 ], [ 175.096336998175303, -36.900851003860488, 100.0 ], [ 175.097031002508004, -36.900612997019799, 100.0 ], [ 175.09758999282468, -36.900513002089049, 100.0 ], [ 175.09822799361109, -36.900275000446456, 100.0 ], [ 175.09866300829222, -36.900255994862391, 100.0 ], [ 175.099036995388843, -36.900553006931375, 100.0 ], [ 175.099330006307383, -36.900964999722461, 100.0 ], [ 175.099121003354071, -36.901047000597451, 100.0 ], [ 175.098266001617077, -36.901097006562637, 100.0 ], [ 175.097157992504748, -36.901591992401258, 100.0 ], [ 175.096193997545726, -36.901756000438489, 100.0 ], [ 175.095957997085804, -36.901838997770639, 100.0 ], [ 175.095701006290284, -36.902131996563732, 100.0 ], [ 175.095686996391521, -36.902148003710607, 100.0 ], [ 175.095311008404025, -36.902752994984844, 100.0 ], [ 175.09526099504032, -36.903086997970547, 100.0 ], [ 175.095227993183727, -36.903307006011097, 100.0 ], [ 175.09518999164078, -36.903453991556958, 100.0 ], [ 175.094403004148575, -36.904405003721699, 100.0 ], [ 175.094060992625003, -36.904692993832803, 100.0 ], [ 175.093797999677463, -36.904833006153474, 100.0 ], [ 175.0934730024467, -36.904793993894863, 100.0 ], [ 175.093264001610919, -36.904821002409534, 100.0 ], [ 175.092876004619313, -36.905007994699389, 100.0 ], [ 175.092388998649625, -36.905163995420637, 100.0 ], [ 175.09169099682174, -36.905278006298019, 100.0 ], [ 175.091297002933572, -36.905274001628939, 100.0 ], [ 175.091171004198799, -36.905287004280993, 100.0 ], [ 175.090630999235231, -36.905534001352102, 100.0 ], [ 175.089985997441687, -36.905569001418215, 100.0 ], [ 175.08978300131588, -36.905604994872974, 100.0 ], [ 175.089637004755048, -36.905631002800845, 100.0 ], [ 175.089307005961615, -36.905874994307794, 100.0 ], [ 175.08906399722045, -36.906182997319654, 100.0 ], [ 175.088882008636205, -36.906728001049608, 100.0 ], [ 175.0888420014563, -36.90677100583676, 100.0 ], [ 175.088663993320438, -36.906956998301361, 100.0 ], [ 175.088469005517766, -36.906983992646687, 100.0 ], [ 175.088138005955187, -36.907215005605067, 100.0 ], [ 175.088058003504784, -36.907373992716686, 100.0 ], [ 175.087948993300813, -36.90746700172101, 100.0 ], [ 175.087750999768673, -36.907425006328623, 100.0 ], [ 175.087669002246599, -36.907494991746475, 100.0 ], [ 175.08758100368172, -36.907821000838887, 100.0 ], [ 175.087426999895541, -36.908389997569344, 100.0 ], [ 175.087071004484159, -36.909174995970254, 100.0 ], [ 175.0868940031325, -36.909369004945056, 100.0 ], [ 175.086535005809367, -36.909611996096253, 100.0 ], [ 175.086300995314019, -36.909708997929968, 100.0 ], [ 175.085476992686125, -36.910049996688016, 100.0 ], [ 175.084619002924597, -36.910312993139058, 100.0 ], [ 175.083927996431385, -36.910355997635897, 100.0 ], [ 175.083078995025659, -36.910408003884299, 100.0 ], [ 175.082933007724222, -36.910450992835869, 100.0 ], [ 175.08251000195861, -36.910572997964138, 100.0 ], [ 175.082202992974004, -36.910727998174409, 100.0 ], [ 175.081812993137106, -36.910825006189924, 100.0 ], [ 175.081696002719383, -36.910810999693325, 100.0 ], [ 175.081490001751945, -36.910785999234996, 100.0 ], [ 175.080972007167901, -36.910862996897265, 100.0 ], [ 175.080379995183534, -36.910784006795176, 100.0 ], [ 175.080183997508243, -36.910809998628913, 100.0 ], [ 175.079825994448754, -36.911041999916996, 100.0 ], [ 175.079552996274145, -36.911339992941436, 100.0 ], [ 175.079538998476124, -36.912081993933484, 100.0 ], [ 175.079536006404993, -36.912209005568783, 100.0 ], [ 175.079498007035625, -36.912426006604768, 100.0 ], [ 175.079283008400466, -36.912675991925724, 100.0 ], [ 175.078894998702225, -36.912885997185441, 100.0 ], [ 175.077667992044326, -36.913202000306519, 100.0 ], [ 175.077433998741213, -36.913318994127437, 100.0 ], [ 175.077432000243817, -36.91332099930888, 100.0 ], [ 175.077284001727236, -36.913479002225124, 100.0 ], [ 175.077215998070841, -36.913692006580199, 100.0 ], [ 175.07719200423233, -36.91376400400884, 100.0 ], [ 175.07718400211067, -36.914509003037374, 100.0 ], [ 175.077063004999985, -36.915297994803332, 100.0 ], [ 175.076895997460497, -36.916383003047933, 100.0 ], [ 175.076831005434514, -36.916710002713593, 100.0 ], [ 175.07677600557713, -36.916985004347708, 100.0 ], [ 175.076644006569694, -36.918217005708705, 100.0 ], [ 175.076631992131666, -36.918757995584969, 100.0 ], [ 175.076698004037866, -36.91911699891449, 100.0 ], [ 175.076924993997949, -36.919644006092369, 100.0 ], [ 175.077187006251592, -36.919998999305569, 100.0 ], [ 175.077266008394844, -36.920294996592816, 100.0 ], [ 175.076434992930444, -36.920170000310328, 100.0 ], [ 175.076190991466973, -36.920221993784054, 100.0 ], [ 175.07661399564256, -36.920585002171435, 100.0 ], [ 175.077194994846394, -36.921228000158756, 100.0 ], [ 175.077696004523403, -36.92158000418528, 100.0 ], [ 175.07802899565678, -36.921901005875547, 100.0 ], [ 175.077973992384074, -36.922109997546166, 100.0 ], [ 175.077972997153921, -36.922111999600112, 100.0 ], [ 175.077902996716858, -36.922419999746452, 100.0 ], [ 175.078326993722982, -36.92239600171505, 100.0 ], [ 175.078752005913884, -36.922235998027929, 100.0 ], [ 175.079437002453517, -36.922255992362253, 100.0 ], [ 175.079469993525322, -36.922257002663358, 100.0 ], [ 175.079862009022804, -36.922205996058324, 100.0 ], [ 175.080498005017034, -36.921877993634894, 100.0 ], [ 175.081058997575724, -36.921821998844813, 100.0 ], [ 175.081356001760469, -36.92192999303424, 100.0 ], [ 175.081561997569594, -36.922058006059991, 100.0 ], [ 175.081586991957948, -36.922071001585344, 100.0 ], [ 175.081688003589107, -36.92217000191102, 100.0 ], [ 175.081720994439621, -36.922373006403262, 100.0 ], [ 175.081413995307173, -36.922909006173725, 100.0 ], [ 175.081377003519918, -36.923078997568481, 100.0 ], [ 175.081576006144758, -36.923673006871091, 100.0 ], [ 175.081770002167247, -36.924064001989009, 100.0 ], [ 175.082353999176092, -36.924886997174077, 100.0 ], [ 175.082653991831535, -36.925534995786869, 100.0 ], [ 175.083324995979041, -36.926447992445809, 100.0 ], [ 175.083386000928073, -36.926628002286009, 100.0 ], [ 175.0834780003741, -36.926729001272513, 100.0 ], [ 175.083647996668901, -36.926915996779172, 100.0 ], [ 175.083696998668785, -36.927278003015878, 100.0 ], [ 175.083736992541475, -36.927579003276698, 100.0 ], [ 175.083873008494379, -36.927926006230358, 100.0 ], [ 175.083681994444703, -36.928109993567524, 100.0 ], [ 175.083072994872168, -36.928436999781191, 100.0 ], [ 175.083074999644055, -36.928504999139264, 100.0 ], [ 175.083345995643498, -36.928668005336711, 100.0 ], [ 175.082322007974341, -36.928708998320126, 100.0 ], [ 175.081652996523673, -36.928905993716171, 100.0 ], [ 175.080977998389017, -36.92920200655383, 100.0 ], [ 175.082897996601503, -36.931911992401552, 100.0 ], [ 175.084117997265508, -36.932475001150159, 100.0 ], [ 175.083835000733643, -36.932457999682178, 100.0 ], [ 175.083589993838189, -36.932698994550066, 100.0 ], [ 175.083400005066721, -36.932940004077267, 100.0 ], [ 175.083348998739979, -36.933143006223141, 100.0 ], [ 175.08343700631815, -36.933276994559812, 100.0 ], [ 175.0841279995565, -36.933790000060014, 100.0 ], [ 175.084591992107079, -36.93434900166865, 100.0 ], [ 175.085061005671605, -36.935061995119653, 100.0 ], [ 175.085379004942553, -36.935383002375488, 100.0 ], [ 175.08591699939231, -36.935531991772699, 100.0 ], [ 175.086286995333126, -36.935728002974749, 100.0 ], [ 175.086457002134011, -36.93620900280208, 100.0 ], [ 175.086569997255481, -36.936795005428067, 100.0 ], [ 175.086546991093854, -36.936964002351708, 100.0 ], [ 175.086384000190208, -36.937100991584998, 100.0 ], [ 175.086024001856117, -36.937266000575974, 100.0 ], [ 175.085230005815731, -36.937494994893385, 100.0 ], [ 175.08458599759922, -36.937597003706031, 100.0 ], [ 175.084585006341229, -36.937597998104614, 100.0 ], [ 175.084113006107458, -36.937741001859564, 100.0 ], [ 175.082929999609291, -36.937627005976061, 100.0 ], [ 175.081214004691759, -36.937546000783819, 100.0 ], [ 175.080845000954127, -36.937417003015767, 100.0 ], [ 175.080843997283523, -36.937417006186791, 100.0 ], [ 175.08054999627231, -36.937390000068127, 100.0 ], [ 175.080483993571278, -36.937558997809312, 100.0 ], [ 175.08041500764034, -36.938609006072753, 100.0 ], [ 175.080439000912719, -36.938958002403417, 100.0 ], [ 175.080575994672984, -36.939282996377095, 100.0 ], [ 175.081127997102698, -36.939960001543533, 100.0 ], [ 175.08139200530087, -36.940349999200357, 100.0 ], [ 175.081528002174139, -36.940674996778867, 100.0 ], [ 175.081799006125323, -36.94229399755455, 100.0 ], [ 175.081951997252673, -36.942763992629075, 100.0 ], [ 175.082005992540928, -36.94324099439968, 100.0 ], [ 175.082046998633928, -36.943608001278406, 100.0 ], [ 175.082424008130715, -36.944006999121164, 100.0 ], [ 175.082493006334886, -36.944433996349545, 100.0 ], [ 175.082435992323184, -36.94492000032713, 100.0 ], [ 175.08205199211821, -36.945751003027937, 100.0 ], [ 175.081485002661367, -36.946538005734297, 100.0 ], [ 175.080941001136523, -36.947157000841791, 100.0 ], [ 175.08069400853941, -36.94735399522223, 100.0 ], [ 175.080454999873581, -36.9473690068859, 100.0 ], [ 175.080324997060217, -36.947270002438387, 100.0 ], [ 175.080516004502613, -36.947053000915972, 100.0 ], [ 175.080649993141833, -36.946836007077771, 100.0 ], [ 175.080818003607419, -36.946302005415781, 100.0 ], [ 175.080853005238566, -36.946123998312906, 100.0 ], [ 175.080689007545203, -36.946047001933501, 100.0 ], [ 175.08037000665567, -36.94649400062417, 100.0 ], [ 175.079904995097621, -36.947301004562831, 100.0 ], [ 175.079686001633746, -36.94748499466759, 100.0 ], [ 175.079516990725267, -36.947487994246643, 100.0 ], [ 175.079400996211376, -36.947355003780828, 100.0 ], [ 175.079336995433778, -36.947097006358092, 100.0 ], [ 175.07936000792094, -36.946927003980583, 100.0 ], [ 175.079577004205021, -36.94660699329593, 100.0 ], [ 175.079370006186565, -36.946061006754562, 100.0 ], [ 175.078969992554164, -36.946031996600659, 100.0 ], [ 175.078793992930315, -36.94576500415117, 100.0 ], [ 175.078679998091388, -36.945722004548465, 100.0 ], [ 175.078379998721971, -36.946032001646977, 100.0 ], [ 175.078191998050073, -36.946339994997814, 100.0 ], [ 175.077880994417029, -36.947269994588879, 100.0 ], [ 175.077647991957235, -36.947476998978352, 100.0 ], [ 175.07708699517363, -36.947775003987879, 100.0 ], [ 175.077758993772676, -36.947927001046672, 100.0 ], [ 175.078245999368164, -36.948232995546363, 100.0 ], [ 175.078304997674394, -36.948344001358201, 100.0 ], [ 175.078196002168852, -36.948436998833188, 100.0 ], [ 175.077052997537379, -36.948723994112939, 100.0 ], [ 175.076511005734886, -36.948985994701786, 100.0 ], [ 175.076209008105423, -36.94920600736009, 100.0 ], [ 175.075935995786296, -36.949573993687608, 100.0 ], [ 175.075843992199566, -36.949697005712913, 100.0 ], [ 175.075792002508308, -36.949879005563709, 100.0 ], [ 175.075468003954967, -36.950312997559664, 100.0 ], [ 175.075436008176553, -36.950663001412401, 100.0 ], [ 175.075237991400996, -36.951129993354812, 100.0 ], [ 175.074898001680964, -36.951508006984355, 100.0 ], [ 175.07463600714425, -36.951681995389102, 100.0 ], [ 175.074257995355509, -36.951755992338185, 100.0 ], [ 175.07404699400945, -36.951737002902675, 100.0 ], [ 175.073420997598731, -36.951479005342371, 100.0 ], [ 175.073308991623378, -36.951479996434934, 100.0 ], [ 175.073227994054804, -36.951593997877644, 100.0 ], [ 175.073232994671457, -36.95175299369383, 100.0 ], [ 175.074078007017221, -36.952841999773632, 100.0 ], [ 175.074362002304269, -36.953433996037298, 100.0 ], [ 175.07444000557058, -36.953691991996187, 100.0 ], [ 175.074369007692383, -36.954166997584096, 100.0 ], [ 175.074165998237646, -36.954456003629005, 100.0 ], [ 175.074610996235521, -36.954784993741427, 100.0 ], [ 175.075246991363997, -36.955254994559887, 100.0 ], [ 175.075689001096237, -36.95562000206273, 100.0 ], [ 175.07640500789168, -36.956079997179835, 100.0 ], [ 175.077023995852869, -36.956621000331296, 100.0 ], [ 175.077354008402779, -36.956839998181202, 100.0 ], [ 175.078547996858447, -36.957337002366813, 100.0 ], [ 175.079148001742823, -36.957687004649351, 100.0 ], [ 175.079650994144885, -36.958095003145772, 100.0 ], [ 175.079971998609096, -36.958506000263206, 100.0 ], [ 175.080044002017701, -36.95906799633272, 100.0 ], [ 175.079879004013804, -36.959206996775478, 100.0 ], [ 175.079557008478048, -36.959257992114821, 100.0 ], [ 175.078656002103628, -36.959162001860122, 100.0 ], [ 175.077702004310339, -36.959213006055762, 100.0 ], [ 175.077409002094498, -36.959274995650006, 100.0 ], [ 175.077187993366238, -36.959413993913664, 100.0 ], [ 175.076997993304872, -36.959643002931969, 100.0 ], [ 175.076991995373675, -36.959924997844759, 100.0 ], [ 175.077038997339486, -36.960069995828242, 100.0 ], [ 175.077270007417411, -36.960292001334459, 100.0 ], [ 175.077638999965359, -36.960510998119886, 100.0 ], [ 175.077894995497388, -36.960551005979141, 100.0 ], [ 175.078308992911644, -36.960802005935534, 100.0 ], [ 175.078496998160773, -36.960945997014598, 100.0 ], [ 175.07877700029465, -36.960918001631654, 100.0 ], [ 175.078849004404958, -36.960533004811921, 100.0 ], [ 175.078981996377109, -36.960215004625574, 100.0 ], [ 175.079115998395451, -36.960022002690636, 100.0 ], [ 175.079378002000652, -36.959825005246344, 100.0 ], [ 175.079655009280117, -36.959719005584866, 100.0 ], [ 175.080412000224953, -36.959681001422076, 100.0 ], [ 175.08085499193254, -36.959414000933322, 100.0 ], [ 175.081759002852976, -36.959105001438076, 100.0 ], [ 175.082007001991343, -36.958897004913467, 100.0 ], [ 175.082192008441069, -36.95853200538491, 100.0 ], [ 175.082302998252118, -36.958486002706323, 100.0 ], [ 175.082658008344566, -36.958096001595216, 100.0 ], [ 175.083006996167427, -36.9580219930615, 100.0 ], [ 175.083302992953151, -36.958061006138855, 100.0 ], [ 175.083732996876563, -36.958379998237156, 100.0 ], [ 175.083841992604704, -36.958544993272049, 100.0 ], [ 175.083924001648512, -36.958670005229237, 100.0 ], [ 175.084136006258348, -36.959206999240202, 100.0 ], [ 175.084357002958228, -36.960060007445563, 100.0 ], [ 175.084350998544721, -36.960342001559205, 100.0 ], [ 175.084106004666239, -36.960593993115729, 100.0 ], [ 175.083815007402052, -36.96073499497561, 100.0 ], [ 175.08349900699389, -36.961011003704101, 100.0 ], [ 175.083545995695403, -36.961641995801642, 100.0 ], [ 175.083403994504948, -36.962061992137109, 100.0 ], [ 175.083397997696835, -36.96235600643687, 100.0 ], [ 175.084445008181859, -36.963355997320754, 100.0 ], [ 175.084341005493712, -36.961921003587733, 100.0 ], [ 175.08447599641903, -36.96176099688909, 100.0 ], [ 175.084615002512322, -36.961690000442545, 100.0 ], [ 175.08492299962154, -36.961661996359744, 100.0 ], [ 175.085464997859191, -36.961944993613749, 100.0 ], [ 175.086547997821327, -36.96195899539692, 100.0 ], [ 175.086703994657569, -36.962035006923998, 100.0 ], [ 175.086708995350193, -36.962192996609488, 100.0 ], [ 175.086551005739807, -36.962601998012147, 100.0 ], [ 175.086680997604759, -36.962688993673169, 100.0 ], [ 175.087198994445146, -36.962611993058552, 100.0 ], [ 175.087651007241931, -36.962644997673799, 100.0 ], [ 175.08727300087034, -36.962295006024334, 100.0 ], [ 175.087236997846105, -36.962003005635211, 100.0 ], [ 175.087331994100481, -36.961875993807126, 100.0 ], [ 175.087636002265185, -36.961724000429058, 100.0 ], [ 175.087760008153822, -36.961609006735465, 100.0 ], [ 175.087817006057747, -36.961373998084106, 100.0 ], [ 175.087620005696124, -36.96114999773291, 100.0 ], [ 175.087405000182201, -36.961028996713843, 100.0 ], [ 175.086403992100969, -36.960857002357116, 100.0 ], [ 175.086246991618737, -36.960803002010216, 100.0 ], [ 175.085960006132382, -36.960583001264602, 100.0 ], [ 175.08595499291647, -36.960403003301295, 100.0 ], [ 175.086006006053083, -36.960244002064535, 100.0 ], [ 175.086099006647856, -36.960049997017279, 100.0 ], [ 175.086073996156699, -36.959678998399724, 100.0 ], [ 175.085841002210259, -36.959390000633007, 100.0 ], [ 175.085800001265341, -36.958872993974403, 100.0 ], [ 175.085795001450066, -36.95880500437822, 100.0 ], [ 175.085678994342516, -36.958603996593006, 100.0 ], [ 175.085492007078358, -36.958484002927676, 100.0 ], [ 175.084802991507843, -36.958418006382345, 100.0 ], [ 175.084572993086141, -36.958241004393486, 100.0 ], [ 175.084481999304501, -36.958016996065922, 100.0 ], [ 175.084442997190536, -36.957171993943781, 100.0 ], [ 175.084288005247032, -36.956581001031431, 100.0 ], [ 175.083487991682915, -36.956660000846561, 100.0 ], [ 175.083098991220908, -36.956847995194366, 100.0 ], [ 175.082942996615458, -36.956771003446114, 100.0 ], [ 175.082810008027877, -36.956560001597296, 100.0 ], [ 175.082836996957639, -36.956051992067174, 100.0 ], [ 175.082732997145996, -36.955829006273731, 100.0 ], [ 175.082471992503315, -36.955551999557713, 100.0 ], [ 175.082328006078683, -36.955071006920086, 100.0 ], [ 175.082317004760341, -36.955035007078592, 100.0 ], [ 175.081684997896247, -36.954540000226949, 100.0 ], [ 175.081450992335419, -36.954217002784347, 100.0 ], [ 175.081445006612739, -36.954014999401963, 100.0 ], [ 175.081577999095543, -36.953742003691389, 100.0 ], [ 175.08203599279264, -36.953034001993551, 100.0 ], [ 175.0822050012452, -36.952568992585974, 100.0 ], [ 175.082235996717372, -36.952172992622245, 100.0 ], [ 175.082177996958791, -36.952129002607933, 100.0 ], [ 175.081813996856766, -36.95220399542896, 100.0 ], [ 175.081150004378628, -36.952509998901533, 100.0 ], [ 175.081062999754749, -36.952443005970437, 100.0 ], [ 175.081085004040375, -36.952217003597667, 100.0 ], [ 175.081166005805898, -36.952114006957721, 100.0 ], [ 175.081453991555634, -36.951871994630629, 100.0 ], [ 175.081919002322536, -36.951617004282262, 100.0 ], [ 175.082048996372293, -36.951545996871545, 100.0 ], [ 175.082537002220192, -36.951435005400612, 100.0 ], [ 175.084063001626788, -36.951282998248288, 100.0 ], [ 175.084558999841875, -36.950924998438147, 100.0 ], [ 175.084994998830126, -36.950420003837699, 100.0 ], [ 175.08539900485448, -36.949803998935337, 100.0 ], [ 175.086384003581941, -36.948917007009427, 100.0 ], [ 175.086660993445832, -36.948725001225824, 100.0 ], [ 175.086980002399599, -36.948622993694748, 100.0 ], [ 175.087407992477551, -36.94861199220162, 100.0 ], [ 175.087879006265183, -36.948618997167898, 100.0 ], [ 175.088278999640949, -36.948364005555916, 100.0 ], [ 175.08880000474295, -36.948433004553117, 100.0 ], [ 175.089235002875597, -36.948413995050736, 100.0 ], [ 175.089455001173746, -36.948228992930872, 100.0 ], [ 175.089739008618864, -36.947840999624439, 100.0 ], [ 175.090169002561169, -36.947629999699807, 100.0 ], [ 175.090275999805556, -36.947480992936562, 100.0 ], [ 175.090540997266459, -36.946924002132235, 100.0 ], [ 175.090731000804453, -36.94667199999607, 100.0 ], [ 175.091034993448943, -36.94650899859051, 100.0 ], [ 175.091802006308939, -36.946324999573072, 100.0 ], [ 175.092940997090864, -36.945887996591935, 100.0 ], [ 175.093438994329574, -36.945596005399679, 100.0 ], [ 175.093779004656199, -36.945228993744031, 100.0 ], [ 175.094032006463408, -36.944750996225387, 100.0 ], [ 175.094276992337996, -36.943990992086746, 100.0 ], [ 175.09456199213335, -36.943659002785189, 100.0 ], [ 175.095112999671642, -36.943242992943972, 100.0 ], [ 175.095666991882581, -36.942657995961817, 100.0 ], [ 175.095943002902686, -36.94231499340836, 100.0 ], [ 175.096082003479069, -36.941782005369376, 100.0 ], [ 175.096067001601568, -36.941262996990375, 100.0 ], [ 175.095930004755218, -36.940871994013555, 100.0 ], [ 175.09566699254745, -36.940514998271155, 100.0 ], [ 175.095552007918968, -36.940428001966453, 100.0 ], [ 175.095280000155782, -36.940218996165932, 100.0 ], [ 175.095091995309957, -36.940075001251898, 100.0 ], [ 175.095058004957821, -36.939895004660649, 100.0 ], [ 175.095113002437728, -36.93982700563943, 100.0 ], [ 175.095308002210857, -36.939777992541714, 100.0 ], [ 175.095563994911686, -36.939909000955119, 100.0 ], [ 175.095613005369444, -36.939974004303522, 100.0 ], [ 175.095769002018898, -36.94017500720544, 100.0 ], [ 175.095912003159469, -36.940285004232123, 100.0 ], [ 175.096634000326191, -36.940611006139278, 100.0 ], [ 175.096964994325987, -36.940762000361829, 100.0 ], [ 175.097375997464241, -36.940856003422304, 100.0 ], [ 175.097787998349304, -36.940895994267464, 100.0 ], [ 175.098248998963498, -36.940941002108303, 100.0 ], [ 175.098346995655021, -36.94093999464571, 100.0 ], [ 175.098993994753101, -36.940499007422503, 100.0 ], [ 175.099260005610063, -36.940449005374745, 100.0 ], [ 175.099347002087114, -36.940537002189735, 100.0 ], [ 175.099326005517639, -36.940807998884246, 100.0 ], [ 175.098761007843621, -36.941190998979536, 100.0 ], [ 175.098584006270158, -36.941375003745463, 100.0 ], [ 175.098093993453631, -36.941879003542603, 100.0 ], [ 175.097688002275646, -36.942440002749137, 100.0 ], [ 175.097544994151775, -36.942837006586309, 100.0 ], [ 175.09747800144234, -36.943446993064072, 100.0 ], [ 175.097312002671913, -36.944024999980194, 100.0 ], [ 175.097455999206545, -36.944134991788587, 100.0 ], [ 175.097853007433713, -36.944262996787963, 100.0 ], [ 175.098152993847918, -36.944415993597318, 100.0 ], [ 175.098512008381192, -36.944712991309714, 100.0 ], [ 175.098994007945066, -36.94535800017708, 100.0 ], [ 175.099285006752382, -36.94522800169409, 100.0 ], [ 175.099426001292869, -36.945225994039525, 100.0 ], [ 175.099511998024241, -36.945292001676272, 100.0 ], [ 175.099406007377496, -36.945507998225047, 100.0 ], [ 175.099053006563082, -36.945931994652028, 100.0 ], [ 175.098899006834046, -36.946431000360953, 100.0 ], [ 175.098789007000477, -36.946522998600891, 100.0 ], [ 175.098425996287148, -36.946620992676856, 100.0 ], [ 175.097831998880451, -36.946946994103719, 100.0 ], [ 175.097734991849791, -36.947016005307148, 100.0 ], [ 175.097767004589087, -36.947151001408621, 100.0 ], [ 175.098329993038931, -36.947891994611695, 100.0 ], [ 175.099050998724948, -36.947329996600601, 100.0 ], [ 175.099455992467313, -36.947233002967181, 100.0 ], [ 175.09961999492063, -36.947093992576654, 100.0 ], [ 175.099614000562582, -36.946890998388433, 100.0 ], [ 175.099696994257926, -36.946821992896105, 100.0 ], [ 175.100534006427893, -36.946647998847624, 100.0 ], [ 175.101699003067523, -36.947122994146284, 100.0 ], [ 175.101930998487916, -36.947183995947668, 100.0 ], [ 175.10270500709197, -36.94738599905746, 100.0 ], [ 175.10337899207201, -36.947419003712547, 100.0 ], [ 175.104648998566432, -36.947597993000784, 100.0 ], [ 175.105970006179263, -36.94759599426353, 100.0 ], [ 175.106509006955946, -36.947765999098372, 100.0 ], [ 175.107295994375107, -36.947819004272141, 100.0 ], [ 175.108398004772567, -36.948001995247438, 100.0 ], [ 175.108998998178322, -36.94791199757131, 100.0 ], [ 175.109633003502125, -36.948001002827297, 100.0 ], [ 175.11035499112225, -36.948178996642469, 100.0 ], [ 175.111379001451752, -36.948611003582108, 100.0 ], [ 175.111609994723295, -36.948821000904374, 100.0 ], [ 175.111698007408563, -36.948953993559989, 100.0 ], [ 175.111845001830147, -36.949177996212178, 100.0 ], [ 175.111990008227309, -36.94932100271356, 100.0 ], [ 175.112208996075481, -36.949384994251936, 100.0 ], [ 175.112308993074436, -36.949415005706058, 100.0 ], [ 175.112331004314427, -36.949405998693102, 100.0 ], [ 175.112381002263163, -36.94939799608116, 100.0 ], [ 175.112448003076167, -36.949378993586137, 100.0 ], [ 175.11245799756864, -36.949375997425292, 100.0 ], [ 175.112531999217055, -36.949365994847881, 100.0 ], [ 175.112552993065435, -36.949368004210704, 100.0 ], [ 175.112614006252556, -36.949383995799991, 100.0 ], [ 175.112653005815105, -36.94941000300765, 100.0 ], [ 175.112649002550086, -36.949426993069252, 100.0 ], [ 175.112631006830526, -36.949450992655862, 100.0 ], [ 175.112597003696976, -36.949479996224312, 100.0 ], [ 175.112575995495519, -36.949492995226649, 100.0 ], [ 175.112491997132253, -36.949540997018353, 100.0 ], [ 175.112438007031784, -36.949587005564105, 100.0 ], [ 175.112404994139069, -36.949646005857296, 100.0 ], [ 175.112399991793325, -36.949661994343174, 100.0 ], [ 175.112400991395418, -36.949682000275153, 100.0 ], [ 175.112407990793542, -36.949698994614685, 100.0 ], [ 175.112418992704761, -36.949711001248446, 100.0 ], [ 175.112435008775151, -36.949735006607064, 100.0 ], [ 175.112490999258569, -36.949790993576613, 100.0 ], [ 175.112561993953193, -36.949850004061396, 100.0 ], [ 175.112539999061909, -36.949925006092734, 100.0 ], [ 175.112483004817449, -36.950092995871699, 100.0 ], [ 175.112052007145309, -36.950387005234937, 100.0 ], [ 175.112008992209411, -36.950323007358506, 100.0 ], [ 175.112014003533289, -36.950439999769529, 100.0 ], [ 175.112012008620553, -36.950449005695368, 100.0 ], [ 175.111933993900408, -36.950558997875376, 100.0 ], [ 175.111833993375114, -36.950653000405012, 100.0 ], [ 175.111800006947504, -36.95070500139493, 100.0 ], [ 175.111760004509705, -36.950760001606774, 100.0 ], [ 175.111754000060529, -36.950771997201016, 100.0 ], [ 175.111751994267848, -36.950813992837752, 100.0 ], [ 175.111768008690149, -36.95085399781938, 100.0 ], [ 175.111798005685955, -36.95088499631116, 100.0 ], [ 175.11184899165292, -36.950953997846845, 100.0 ], [ 175.111866006054299, -36.95100999804891, 100.0 ], [ 175.111869005573823, -36.951100993703243, 100.0 ], [ 175.111873006173255, -36.951135005298447, 100.0 ], [ 175.111877008819704, -36.951176002671232, 100.0 ], [ 175.111888996732858, -36.951206992573496, 100.0 ], [ 175.111913003106991, -36.951278005350339, 100.0 ], [ 175.111922992565582, -36.951364993925736, 100.0 ], [ 175.111919994996242, -36.951478006365498, 100.0 ], [ 175.111922996956764, -36.951507003883144, 100.0 ], [ 175.111920995245072, -36.951524993877129, 100.0 ], [ 175.111929006214723, -36.951633006635355, 100.0 ], [ 175.117996993896838, -36.958230998339623, 100.0 ], [ 175.121696005821235, -36.962222004963998, 100.0 ], [ 175.118123995442119, -36.964848001246075, 100.0 ], [ 175.114499005281118, -36.96751099899295, 100.0 ], [ 175.109073001069277, -36.971496999765336, 100.0 ], [ 175.10851899318456, -36.97190400690593, 100.0 ], [ 175.105532007007355, -36.97409899199743, 100.0 ], [ 175.103640005542985, -36.975487997148491, 100.0 ], [ 175.10120999442816, -36.977272992914976, 100.0 ], [ 175.098759007981243, -36.979072000408976, 100.0 ], [ 175.094782999673356, -36.977313003983269, 100.0 ], [ 175.094795995883999, -36.977235994667723, 100.0 ], [ 175.094793992526661, -36.977234996264357, 100.0 ], [ 175.094732993888897, -36.977211994433056, 100.0 ], [ 175.094723994737848, -36.977211995556033, 100.0 ], [ 175.09466199458717, -36.977192001807438, 100.0 ], [ 175.094653007592171, -36.977181999420857, 100.0 ], [ 175.09459399376351, -36.977170992748462, 100.0 ], [ 175.094480001281113, -36.977123005353505, 100.0 ], [ 175.094463993454525, -36.977123003073544, 100.0 ], [ 175.094375000267576, -36.97709099835722, 100.0 ], [ 175.094355995330233, -36.977088004437618, 100.0 ], [ 175.094346997444944, -36.977083994820035, 100.0 ], [ 175.094321995956477, -36.97708300481483, 100.0 ], [ 175.094306006654023, -36.977079006818812, 100.0 ], [ 175.094251004395403, -36.977043003419425, 100.0 ], [ 175.094209995914213, -36.977027002072937, 100.0 ], [ 175.094194004569459, -36.977016003867078, 100.0 ], [ 175.094185002872166, -36.977013001933607, 100.0 ], [ 175.09417599414175, -36.977004006621165, 100.0 ], [ 175.094159991780799, -36.976976993786202, 100.0 ], [ 175.094155002266518, -36.976937997888399, 100.0 ], [ 175.09414800740376, -36.976923991978303, 100.0 ], [ 175.094123996354227, -36.976899998244136, 100.0 ], [ 175.09407700517562, -36.976879002987026, 100.0 ], [ 175.094053996656868, -36.976859001336088, 100.0 ], [ 175.094042000005032, -36.976855994557106, 100.0 ], [ 175.09400299341047, -36.976812001051314, 100.0 ], [ 175.093979991395827, -36.976793997405188, 100.0 ], [ 175.093941004996395, -36.976752992161259, 100.0 ], [ 175.093922004725584, -36.976737993056851, 100.0 ], [ 175.093846997144169, -36.976723994760967, 100.0 ], [ 175.093757993250819, -36.976690999253321, 100.0 ], [ 175.093733005777324, -36.976676006609317, 100.0 ], [ 175.093702993514569, -36.976661994875975, 100.0 ], [ 175.09365299270371, -36.976629998360913, 100.0 ], [ 175.093633993910174, -36.97660000731301, 100.0 ], [ 175.093605003498936, -36.976574994544315, 100.0 ], [ 175.09356999992923, -36.976559002396669, 100.0 ], [ 175.093528004293745, -36.976492004044104, 100.0 ], [ 175.093519001658592, -36.976466993749874, 100.0 ], [ 175.093506993374803, -36.976452000113476, 100.0 ], [ 175.093495995128706, -36.976442996582009, 100.0 ], [ 175.093456994797577, -36.976427004605668, 100.0 ], [ 175.093303008453688, -36.976422995549925, 100.0 ], [ 175.09325100276439, -36.976416005054027, 100.0 ], [ 175.093199996669171, -36.976399004426092, 100.0 ], [ 175.093142997039763, -36.976360993427555, 100.0 ], [ 175.093124999658528, -36.976339006012012, 100.0 ], [ 175.093119999101049, -36.976327997665095, 100.0 ], [ 175.093097004587889, -36.976305006933515, 100.0 ], [ 175.0930599945072, -36.976245005425859, 100.0 ], [ 175.093056998722915, -36.976238000348083, 100.0 ], [ 175.093036001326908, -36.976209999321298, 100.0 ], [ 175.093028997229084, -36.976186995134853, 100.0 ], [ 175.092994991643764, -36.976153993400935, 100.0 ], [ 175.092981007675917, -36.976146999153904, 100.0 ], [ 175.092850005299653, -36.976026001918534, 100.0 ], [ 175.092834005048104, -36.976017000913181, 100.0 ], [ 175.092818002041213, -36.975993998586404, 100.0 ], [ 175.092802004703628, -36.975981003057022, 100.0 ], [ 175.092774004447875, -36.975947993592428, 100.0 ], [ 175.092757993455109, -36.975934006890782, 100.0 ], [ 175.092741993750309, -36.975913994036894, 100.0 ], [ 175.092720993509744, -36.975894000863697, 100.0 ], [ 175.09270499311998, -36.975874003338276, 100.0 ], [ 175.092694997280319, -36.975857995338501, 100.0 ], [ 175.092675993975348, -36.975777994038893, 100.0 ], [ 175.092674999075967, -36.975747005783916, 100.0 ], [ 175.092646002567562, -36.975726995875945, 100.0 ], [ 175.092529998226723, -36.975705993872502, 100.0 ], [ 175.092505004591487, -36.975696004969429, 100.0 ], [ 175.09248200451043, -36.975688996590023, 100.0 ], [ 175.092460994753338, -36.975678001905735, 100.0 ], [ 175.092334007619542, -36.97565199207439, 100.0 ], [ 175.092238002416252, -36.975617998543122, 100.0 ], [ 175.092216993834995, -36.975607003793996, 100.0 ], [ 175.092178007971228, -36.975576994438384, 100.0 ], [ 175.092106006017332, -36.975561000675654, 100.0 ], [ 175.084307002069863, -36.976583005366294, 100.0 ], [ 175.084364001959869, -36.97768299720984, 100.0 ], [ 175.084374996573331, -36.977838997730679, 100.0 ], [ 175.085607999701722, -36.97792999562666, 100.0 ], [ 175.085901001653667, -36.978154002584994, 100.0 ], [ 175.086427994682225, -36.978960995831684, 100.0 ], [ 175.086702995776506, -36.979164995121344, 100.0 ], [ 175.086725002134955, -36.979181006039056, 100.0 ], [ 175.086721993664355, -36.979184006124214, 100.0 ], [ 175.08671099678719, -36.979199999824282, 100.0 ], [ 175.086703000090097, -36.979217994784236, 100.0 ], [ 175.086684003211246, -36.979241993717856, 100.0 ], [ 175.086658005209728, -36.979268001230231, 100.0 ], [ 175.086621993732479, -36.979295997280303, 100.0 ], [ 175.086611007187997, -36.979305996379956, 100.0 ], [ 175.086580997572213, -36.979316995106082, 100.0 ], [ 175.086544992219302, -36.979333003107378, 100.0 ], [ 175.086530005158778, -36.979339995571173, 100.0 ], [ 175.086493992443792, -36.979335994381039, 100.0 ], [ 175.086490998925228, -36.979336005554835, 100.0 ], [ 175.086463995019869, -36.979330002844023, 100.0 ], [ 175.086448007499826, -36.979328993302737, 100.0 ], [ 175.086395008039176, -36.979308992000874, 100.0 ], [ 175.08630199268967, -36.979285995333484, 100.0 ], [ 175.086183005907145, -36.979243997438161, 100.0 ], [ 175.08601099745826, -36.979201000913676, 100.0 ], [ 175.085969995127982, -36.979191007238917, 100.0 ], [ 175.085896997600429, -36.979162003751078, 100.0 ], [ 175.085862000737137, -36.979152003620015, 100.0 ], [ 175.085854002174671, -36.979148997842238, 100.0 ], [ 175.085846992107378, -36.979148992173513, 100.0 ], [ 175.085831997924799, -36.97914700342352, 100.0 ], [ 175.08582200154413, -36.979142006681833, 100.0 ], [ 175.085800006344982, -36.979137998639409, 100.0 ], [ 175.085778996824217, -36.979137998383187, 100.0 ], [ 175.08577700638142, -36.979138005427828, 100.0 ], [ 175.08575199306236, -36.979131996407027, 100.0 ], [ 175.085737004917206, -36.979125003634337, 100.0 ], [ 175.085733994145045, -36.97912499977042, 100.0 ], [ 175.085703001689637, -36.979116997647957, 100.0 ], [ 175.085674001412769, -36.97911600490589, 100.0 ], [ 175.085644996443904, -36.979105007133882, 100.0 ], [ 175.085610004724543, -36.97909400010775, 100.0 ], [ 175.085572000391977, -36.979083003655902, 100.0 ], [ 175.085538994044612, -36.979072996385817, 100.0 ], [ 175.085496003109228, -36.979058998858868, 100.0 ], [ 175.085360999461614, -36.978975999385952, 100.0 ], [ 175.085333006868552, -36.978948998649003, 100.0 ], [ 175.085308002577023, -36.978915993342966, 100.0 ], [ 175.085276003926907, -36.978891004343218, 100.0 ], [ 175.085261005996642, -36.978885995397505, 100.0 ], [ 175.085250999082206, -36.978882996928768, 100.0 ], [ 175.085231999026433, -36.978878992930319, 100.0 ], [ 175.08522099765392, -36.978884996790846, 100.0 ], [ 175.085204997176362, -36.978887006595158, 100.0 ], [ 175.085202003255574, -36.978887002421487, 100.0 ], [ 175.085189993277083, -36.97889400098888, 100.0 ], [ 175.085187998475817, -36.978895000409132, 100.0 ], [ 175.085178991874386, -36.97890000394483, 100.0 ], [ 175.085174994862314, -36.978900002975365, 100.0 ], [ 175.085164008176349, -36.978910001945735, 100.0 ], [ 175.085143006211439, -36.978919000721447, 100.0 ], [ 175.085141004025473, -36.978918001232195, 100.0 ], [ 175.085121006358037, -36.978933996116837, 100.0 ], [ 175.085100998269809, -36.978938004160575, 100.0 ], [ 175.085092007520018, -36.978947004586956, 100.0 ], [ 175.085068001180133, -36.978968992205694, 100.0 ], [ 175.085042997181489, -36.978985997048397, 100.0 ], [ 175.085041005840907, -36.978997000610676, 100.0 ], [ 175.085028007604024, -36.979015000421924, 100.0 ], [ 175.085006003805574, -36.979038001933773, 100.0 ], [ 175.085006000768061, -36.979052994775813, 100.0 ], [ 175.084988993118344, -36.979077001756409, 100.0 ], [ 175.084978991699558, -36.979097993432823, 100.0 ], [ 175.084975991764196, -36.979109992602922, 100.0 ], [ 175.084967994068279, -36.979131999065146, 100.0 ], [ 175.084959006785084, -36.979151005428534, 100.0 ], [ 175.08495800165619, -36.979162005181557, 100.0 ], [ 175.084953003597604, -36.979178998297677, 100.0 ], [ 175.084951002727223, -36.979191999261708, 100.0 ], [ 175.084944994216414, -36.979206997572604, 100.0 ], [ 175.084943003004724, -36.97922500317317, 100.0 ], [ 175.084938996682126, -36.979241000976181, 100.0 ], [ 175.084940995825974, -36.979256993310564, 100.0 ], [ 175.0849349963257, -36.979281006062486, 100.0 ], [ 175.084930006011888, -36.979324994171854, 100.0 ], [ 175.084924005284023, -36.979342006705053, 100.0 ], [ 175.084906003942848, -36.979389001147112, 100.0 ], [ 175.084904994628062, -36.979414993761146, 100.0 ], [ 175.084897997820718, -36.979440992427371, 100.0 ], [ 175.08489500685036, -36.979462005136092, 100.0 ], [ 175.084887995030982, -36.979490993610213, 100.0 ], [ 175.084884002889254, -36.979521999271668, 100.0 ], [ 175.08488299260506, -36.979527007406752, 100.0 ], [ 175.084867997573838, -36.979574996312799, 100.0 ], [ 175.084847001494893, -36.97962200189982, 100.0 ], [ 175.084844999384586, -36.979628002643977, 100.0 ], [ 175.084822999783825, -36.979674997016048, 100.0 ], [ 175.084796996681717, -36.979708995865792, 100.0 ], [ 175.084777996032443, -36.979723004784006, 100.0 ], [ 175.084733998339374, -36.979780998164806, 100.0 ], [ 175.084697994523481, -36.979824992122346, 100.0 ], [ 175.084691995437623, -36.979837993018982, 100.0 ], [ 175.084674003017, -36.979857992139756, 100.0 ], [ 175.084575004399909, -36.979933997552379, 100.0 ], [ 175.084274990976866, -36.980062999439504, 100.0 ], [ 175.084266999060361, -36.980066002270739, 100.0 ], [ 175.084195008290919, -36.980121990566715, 100.0 ], [ 175.084167992120626, -36.980153996319459, 100.0 ], [ 175.084165995659532, -36.980184003440435, 100.0 ], [ 175.084174998785329, -36.980226005383869, 100.0 ], [ 175.084181998473753, -36.980253005561487, 100.0 ], [ 175.084207002191988, -36.98026799903419, 100.0 ], [ 175.084211000400103, -36.980268000014334, 100.0 ], [ 175.084259994426617, -36.980279003060758, 100.0 ], [ 175.08428600669049, -36.980279000435402, 100.0 ], [ 175.084309997653094, -36.980277998637327, 100.0 ], [ 175.084348007744694, -36.980270006323323, 100.0 ], [ 175.084409008641643, -36.980264005772078, 100.0 ], [ 175.084410999090437, -36.980263997848631, 100.0 ], [ 175.084463006614158, -36.980252996311393, 100.0 ], [ 175.084472995741862, -36.980255996057771, 100.0 ], [ 175.084524993726944, -36.98024699189682, 100.0 ], [ 175.084532002775859, -36.980246997660252, 100.0 ], [ 175.084574999099459, -36.980241991951473, 100.0 ], [ 175.084631994397625, -36.980233992310943, 100.0 ], [ 175.084676008220981, -36.980230005163207, 100.0 ], [ 175.084685000366903, -36.980228004981861, 100.0 ], [ 175.084726003969024, -36.980220002320202, 100.0 ], [ 175.084783993753149, -36.980203000279715, 100.0 ], [ 175.084791007870905, -36.98020199830821, 100.0 ], [ 175.084836003629704, -36.980205999917672, 100.0 ], [ 175.084874003010441, -36.980200005761212, 100.0 ], [ 175.084904999684738, -36.980200000150909, 100.0 ], [ 175.084929002467817, -36.980204001023417, 100.0 ], [ 175.084963002731683, -36.980209002411009, 100.0 ], [ 175.085061008962811, -36.980238006877826, 100.0 ], [ 175.085090007541453, -36.98024299606756, 100.0 ], [ 175.085135999543212, -36.980269992429314, 100.0 ], [ 175.085150003868364, -36.980279993006882, 100.0 ], [ 175.085167999068148, -36.980287997423922, 100.0 ], [ 175.085227000690452, -36.9803229983427, 100.0 ], [ 175.085255003121944, -36.980341000545124, 100.0 ], [ 175.085269000111396, -36.980349003100315, 100.0 ], [ 175.085322997892717, -36.980363007364225, 100.0 ], [ 175.085389001920163, -36.980389001237896, 100.0 ], [ 175.085413993304599, -36.980396003023216, 100.0 ], [ 175.085491994596339, -36.980439004049892, 100.0 ], [ 175.085584001054627, -36.980517003420957, 100.0 ], [ 175.085599992553398, -36.980523992093438, 100.0 ], [ 175.085637000537332, -36.980555001821223, 100.0 ], [ 175.08566000236695, -36.980568994595046, 100.0 ], [ 175.085675991434698, -36.980590992306247, 100.0 ], [ 175.085693999591228, -36.980600001340164, 100.0 ], [ 175.085703006675431, -36.980608997329306, 100.0 ], [ 175.085709996201587, -36.980630996386445, 100.0 ], [ 175.085706007770767, -36.980665006867085, 100.0 ], [ 175.085677996557422, -36.980723994922023, 100.0 ], [ 175.085672001400241, -36.980796995769644, 100.0 ], [ 175.085652007474039, -36.98084099343022, 100.0 ], [ 175.085628005749385, -36.980869007035189, 100.0 ], [ 175.08553399977049, -36.980960994406473, 100.0 ], [ 175.085472998684878, -36.981003006165039, 100.0 ], [ 175.085452997008133, -36.981008996074841, 100.0 ], [ 175.085411995180124, -36.981013002687618, 100.0 ], [ 175.085346997536192, -36.981008007185501, 100.0 ], [ 175.08532399658688, -36.981007998589192, 100.0 ], [ 175.085193992331426, -36.980938998139365, 100.0 ], [ 175.085090996800773, -36.98091800371045, 100.0 ], [ 175.084986993453981, -36.980880006234756, 100.0 ], [ 175.084885993636959, -36.980857997771849, 100.0 ], [ 175.084811997794674, -36.98086000437911, 100.0 ], [ 175.084798005944009, -36.980857995189858, 100.0 ], [ 175.084771005075254, -36.980861997151067, 100.0 ], [ 175.084743996876881, -36.980864001999429, 100.0 ], [ 175.08464100673072, -36.980849000590773, 100.0 ], [ 175.084573003563122, -36.98084999328637, 100.0 ], [ 175.084554994999792, -36.980858996161118, 100.0 ], [ 175.084533005197841, -36.980878994278605, 100.0 ], [ 175.084514999989381, -36.980891001954603, 100.0 ], [ 175.084487993790617, -36.98091399210368, 100.0 ], [ 175.084445001835064, -36.98095000443066, 100.0 ], [ 175.084428008155299, -36.980964005982045, 100.0 ], [ 175.084385997996264, -36.981001005969517, 100.0 ], [ 175.084360996138003, -36.981021000181144, 100.0 ], [ 175.084324992491787, -36.981046997274255, 100.0 ], [ 175.084315002272973, -36.981054994048613, 100.0 ], [ 175.084284999450915, -36.981075006683547, 100.0 ], [ 175.084236995947407, -36.981106003012549, 100.0 ], [ 175.084216999724703, -36.981118002351963, 100.0 ], [ 175.084169994180996, -36.981150002276678, 100.0 ], [ 175.0841610052654, -36.981155007229809, 100.0 ], [ 175.084113001684983, -36.981186004412223, 100.0 ], [ 175.084094004534336, -36.981199006433634, 100.0 ], [ 175.08404500063844, -36.981229000007104, 100.0 ], [ 175.084029999499478, -36.981238998175719, 100.0 ], [ 175.083986003628524, -36.981274999129454, 100.0 ], [ 175.083978000940675, -36.981280000268612, 100.0 ], [ 175.083922001726052, -36.981299998874078, 100.0 ], [ 175.083864005798489, -36.981318007341137, 100.0 ], [ 175.083821004388, -36.981331003634615, 100.0 ], [ 175.083764001992904, -36.981351006263019, 100.0 ], [ 175.083761002444902, -36.981351993560665, 100.0 ], [ 175.083701999977279, -36.981367000336888, 100.0 ], [ 175.083676007096415, -36.981369992043348, 100.0 ], [ 175.083613991515108, -36.981370994423834, 100.0 ], [ 175.083610997888258, -36.981371004626595, 100.0 ], [ 175.083548994713482, -36.981372997261623, 100.0 ], [ 175.08354599957039, -36.981372993068902, 100.0 ], [ 175.08348499772984, -36.981364991824499, 100.0 ], [ 175.083431999737968, -36.981354995193627, 100.0 ], [ 175.08337099792098, -36.981346993889751, 100.0 ], [ 175.083346003469615, -36.981344003326136, 100.0 ], [ 175.083286007032541, -36.981332003375258, 100.0 ], [ 175.083255991768567, -36.981325996026683, 100.0 ], [ 175.083195005709285, -36.981317994354995, 100.0 ], [ 175.083186992336636, -36.9813179926252, 100.0 ], [ 175.083137994828718, -36.981321998216593, 100.0 ], [ 175.083117997183081, -36.981344993011227, 100.0 ], [ 175.083120008007285, -36.981387004215712, 100.0 ], [ 175.083128993867547, -36.981429005638851, 100.0 ], [ 175.083147008657733, -36.981471995893251, 100.0 ], [ 175.083159991697187, -36.981513998346252, 100.0 ], [ 175.083181992399034, -36.981555999318303, 100.0 ], [ 175.083185997910334, -36.981564997679243, 100.0 ], [ 175.083194996731578, -36.981601005357959, 100.0 ], [ 175.083210996912669, -36.981649006030452, 100.0 ], [ 175.083213007533544, -36.981659003779662, 100.0 ], [ 175.083216000249593, -36.981709003810138, 100.0 ], [ 175.083215005482259, -36.981725006369743, 100.0 ], [ 175.083210994129558, -36.981773993743566, 100.0 ], [ 175.08320899403509, -36.981782999291731, 100.0 ], [ 175.083182000990348, -36.981827998168555, 100.0 ], [ 175.083181991434003, -36.981829995572078, 100.0 ], [ 175.083153991912098, -36.981871992824161, 100.0 ], [ 175.083131001547059, -36.981909000077508, 100.0 ], [ 175.083096002318797, -36.981948994072248, 100.0 ], [ 175.083063993206395, -36.981972002326692, 100.0 ], [ 175.083044999593284, -36.982001995045856, 100.0 ], [ 175.083013008343215, -36.982032003212538, 100.0 ], [ 175.082998001627374, -36.982068005973645, 100.0 ], [ 175.082966003614644, -36.982110002167609, 100.0 ], [ 175.082962003052387, -36.982113996560891, 100.0 ], [ 175.082933007505886, -36.982157995863048, 100.0 ], [ 175.082931007443847, -36.982160001166832, 100.0 ], [ 175.082904003499152, -36.982199997169729, 100.0 ], [ 175.082876007145558, -36.982227002416131, 100.0 ], [ 175.082848008647574, -36.98224400168678, 100.0 ], [ 175.082832994168911, -36.982266994591683, 100.0 ], [ 175.08279700231634, -36.982286996612693, 100.0 ], [ 175.082760994655786, -36.982310003766869, 100.0 ], [ 175.082728998839343, -36.982334003107312, 100.0 ], [ 175.082710003954105, -36.982356994655959, 100.0 ], [ 175.08269000626774, -36.9823870058433, 100.0 ], [ 175.082674997891047, -36.982415993032774, 100.0 ], [ 175.082654998002823, -36.982442999386528, 100.0 ], [ 175.082627004426342, -36.982465992930955, 100.0 ], [ 175.082591998618142, -36.982492992245646, 100.0 ], [ 175.082539994628291, -36.982517002892735, 100.0 ], [ 175.082482996124668, -36.982535998120319, 100.0 ], [ 175.082479005064499, -36.982537994193855, 100.0 ], [ 175.082439000005081, -36.98256100110239, 100.0 ], [ 175.082382995544918, -36.982575005577068, 100.0 ], [ 175.082330001558262, -36.982588998657654, 100.0 ], [ 175.082278005668627, -36.982596994210041, 100.0 ], [ 175.08221699641939, -36.982607996840144, 100.0 ], [ 175.082172003895153, -36.982596002550885, 100.0 ], [ 175.082126993290899, -36.98256999276029, 100.0 ], [ 175.082080994412195, -36.982554997707474, 100.0 ], [ 175.082020997182298, -36.982542997142417, 100.0 ], [ 175.08201999404227, -36.982543000322075, 100.0 ], [ 175.081964999595186, -36.982520000160008, 100.0 ], [ 175.081961998247607, -36.982517997899436, 100.0 ], [ 175.081920997910714, -36.982485993558285, 100.0 ], [ 175.081887999551839, -36.982467002995236, 100.0 ], [ 175.081843001776008, -36.982448999838688, 100.0 ], [ 175.081793007693307, -36.982429991964452, 100.0 ], [ 175.081732993051929, -36.982418006878653, 100.0 ], [ 175.081732006314894, -36.98241799354507, 100.0 ], [ 175.081702995241614, -36.982418999076117, 100.0 ], [ 175.08166299879656, -36.982426006054659, 100.0 ], [ 175.081605005456339, -36.982443006657093, 100.0 ], [ 175.081594999806896, -36.982446991880927, 100.0 ], [ 175.081546004515786, -36.982461001893157, 100.0 ], [ 175.081498000210871, -36.982488001773724, 100.0 ], [ 175.081446003805212, -36.982513993726791, 100.0 ], [ 175.081438005252323, -36.982518003217152, 100.0 ], [ 175.081388001464347, -36.982546993001158, 100.0 ], [ 175.081386001350751, -36.982548998280336, 100.0 ], [ 175.081339997977949, -36.982580993946534, 100.0 ], [ 175.081338003004618, -36.982581992405159, 100.0 ], [ 175.081285006676524, -36.982606996899705, 100.0 ], [ 175.081265994180143, -36.982616003371838, 100.0 ], [ 175.081216007104445, -36.982644992791485, 100.0 ], [ 175.081205996704938, -36.98265000101896, 100.0 ], [ 175.08115599315741, -36.982679006024412, 100.0 ], [ 175.081145999175561, -36.982683998637235, 100.0 ], [ 175.081087994209668, -36.982700006884947, 100.0 ], [ 175.081085998106914, -36.98270100535921, 100.0 ], [ 175.081041007707711, -36.982716998046591, 100.0 ], [ 175.081044006156617, -36.98280799365925, 100.0 ], [ 175.079870993205162, -36.98365300471265, 100.0 ], [ 175.084591002171152, -36.986251004744418, 100.0 ], [ 175.08642100711873, -36.987258005552285, 100.0 ], [ 175.084687006322042, -36.988144006130788, 100.0 ], [ 175.084158997388244, -36.988413992364585, 100.0 ], [ 175.083100998523719, -36.989181002251222, 100.0 ], [ 175.084812992890448, -36.990604994696426, 100.0 ], [ 175.084933993470543, -36.992693005568626, 100.0 ], [ 175.085712006165267, -37.008172006725509, 100.0 ], [ 175.088070006002283, -37.008722002712517, 100.0 ], [ 175.087869001195088, -37.008202999797589, 100.0 ], [ 175.08790299299136, -37.00790999717394, 100.0 ], [ 175.087728005923168, -37.007582995309974, 100.0 ], [ 175.087323001772404, -37.007080000584132, 100.0 ], [ 175.087190005876209, -37.006701995779885, 100.0 ], [ 175.087292008204884, -37.006238994079638, 100.0 ], [ 175.087224004390833, -37.005954994377326, 100.0 ], [ 175.0873340037015, -37.005588995936797, 100.0 ], [ 175.087714005219794, -37.005220003048528, 100.0 ], [ 175.087879004389379, -37.00487899932012, 100.0 ], [ 175.087906006176553, -37.004526997687599, 100.0 ], [ 175.087721007296693, -37.003903995315497, 100.0 ], [ 175.088378996843346, -37.003910006049928, 100.0 ], [ 175.089000992307291, -37.003450004118164, 100.0 ], [ 175.09032700256023, -37.003403997124408, 100.0 ], [ 175.091847001877397, -37.003530996932902, 100.0 ], [ 175.091862994515253, -37.004027002251298, 100.0 ], [ 175.090647007312384, -37.004001000142765, 100.0 ], [ 175.089484005871896, -37.004505005623002, 100.0 ], [ 175.090520991866128, -37.005368996412685, 100.0 ], [ 175.090947005402995, -37.005357003331781, 100.0 ], [ 175.091707999443912, -37.005544998659062, 100.0 ], [ 175.092932996778842, -37.005424997083495, 100.0 ], [ 175.093104992124267, -37.005849995372017, 100.0 ], [ 175.092776998267794, -37.006639992612051, 100.0 ], [ 175.092879007749559, -37.006927998045839, 100.0 ], [ 175.093507996915633, -37.006917996397441, 100.0 ], [ 175.093810999269834, -37.007055000095818, 100.0 ], [ 175.094372005928932, -37.007043993625729, 100.0 ], [ 175.094495995855596, -37.006880006093382, 100.0 ], [ 175.09492599846692, -37.006691995789211, 100.0 ], [ 175.09505499910702, -37.006798006841699, 100.0 ], [ 175.095026007239028, -37.00699499935191, 100.0 ], [ 175.094884993326474, -37.007240997574058, 100.0 ], [ 175.09496800331803, -37.007742001260361, 100.0 ], [ 175.095520998741506, -37.007996004445268, 100.0 ], [ 175.095873005346476, -37.008331993795736, 100.0 ], [ 175.096028007302408, -37.008656999190741, 100.0 ], [ 175.096700994196169, -37.008767002611144, 100.0 ], [ 175.09714599255247, -37.008772000998519, 100.0 ], [ 175.097319997612203, -37.008592999890944, 100.0 ], [ 175.097612008073327, -37.008576997560077, 100.0 ], [ 175.097786003221074, -37.008774000183713, 100.0 ], [ 175.098165992300835, -37.00898600508485, 100.0 ], [ 175.098214000575382, -37.009015993988257, 100.0 ], [ 175.09874399859342, -37.009401995218475, 100.0 ], [ 175.099296996099042, -37.009940000441333, 100.0 ], [ 175.099498002389282, -37.010075005116171, 100.0 ], [ 175.09973399289828, -37.010353003637206, 100.0 ], [ 175.100034008633173, -37.010515992434712, 100.0 ], [ 175.100066006127292, -37.010522994906744, 100.0 ], [ 175.100413007917098, -37.010538001896094, 100.0 ], [ 175.100630003350261, -37.010783993575217, 100.0 ], [ 175.100977003197187, -37.010926993214461, 100.0 ], [ 175.101435002890156, -37.011593993163409, 100.0 ], [ 175.101627991661388, -37.011922006673664, 100.0 ], [ 175.101850995293859, -37.011970998387675, 100.0 ], [ 175.101778005188265, -37.012689006132703, 100.0 ], [ 175.101912001370977, -37.013142000923033, 100.0 ], [ 175.101865004502031, -37.014079994782065, 100.0 ], [ 175.101866003569029, -37.014170998385907, 100.0 ], [ 175.101907994656642, -37.014811004963725, 100.0 ], [ 175.102184002838527, -37.015105000425237, 100.0 ], [ 175.101975005545057, -37.015349996062398, 100.0 ], [ 175.102429003884851, -37.015510998763837, 100.0 ], [ 175.101874992292039, -37.015905003309236, 100.0 ], [ 175.102321994344692, -37.016396996321667, 100.0 ], [ 175.102593991686092, -37.01737799228021, 100.0 ], [ 175.102663992354309, -37.017631001212024, 100.0 ], [ 175.101415992214299, -37.017254997836844, 100.0 ], [ 175.101404993808558, -37.017641001104636, 100.0 ], [ 175.101076002973258, -37.017916993037268, 100.0 ], [ 175.100610004250115, -37.017892000651827, 100.0 ], [ 175.09968099773829, -37.018624993565219, 100.0 ], [ 175.099815993376808, -37.01887399405981, 100.0 ], [ 175.099772004645786, -37.019392993363532, 100.0 ], [ 175.09956999814051, -37.019665000226844, 100.0 ], [ 175.098413000608957, -37.02016000628047, 100.0 ], [ 175.097513991684025, -37.020899992899835, 100.0 ], [ 175.097471005760156, -37.021242006193773, 100.0 ], [ 175.09746900731534, -37.021261992993082, 100.0 ], [ 175.097348992740024, -37.021694002948877, 100.0 ], [ 175.097114005848709, -37.021721001207034, 100.0 ], [ 175.096891003999616, -37.02202799176461, 100.0 ], [ 175.096881004813525, -37.022953004407235, 100.0 ], [ 175.099263000529305, -37.023578000439983, 100.0 ], [ 175.098058007432769, -37.026851991868071, 100.0 ], [ 175.10824499824281, -37.029280996616947, 100.0 ], [ 175.119330003837149, -37.031922001163366, 100.0 ], [ 175.11934000131501, -37.03196799264358, 100.0 ], [ 175.11935000194444, -37.032061004981948, 100.0 ], [ 175.119357996933445, -37.032089998289948, 100.0 ], [ 175.119356004526253, -37.032110000566504, 100.0 ], [ 175.119361999196542, -37.032132992928986, 100.0 ], [ 175.119378996434335, -37.032166999550874, 100.0 ], [ 175.119415998861712, -37.032282998382087, 100.0 ], [ 175.119437992075973, -37.032322994766858, 100.0 ], [ 175.119447999739293, -37.032358996405954, 100.0 ], [ 175.119445999238735, -37.032373005400707, 100.0 ], [ 175.119425994413888, -37.032380998411405, 100.0 ], [ 175.119413000770805, -37.032393997949939, 100.0 ], [ 175.119415001045468, -37.03245899314161, 100.0 ], [ 175.119420994516304, -37.032510003214007, 100.0 ], [ 175.119429007758072, -37.032534999969442, 100.0 ], [ 175.119434992490113, -37.032583996765631, 100.0 ], [ 175.119522999199489, -37.032865996091779, 100.0 ], [ 175.119538004686291, -37.032904006556244, 100.0 ], [ 175.119588997814532, -37.033000992713951, 100.0 ], [ 175.119613994336135, -37.033075004183345, 100.0 ], [ 175.119630006516729, -37.033144002033097, 100.0 ], [ 175.119696008831795, -37.033301998853155, 100.0 ], [ 175.119718995162827, -37.033379999177299, 100.0 ], [ 175.11973300420749, -37.033412003351131, 100.0 ], [ 175.119797993116975, -37.033517003886665, 100.0 ], [ 175.119816995075269, -37.033540006182903, 100.0 ], [ 175.119842996837633, -37.033585994557306, 100.0 ], [ 175.119863007216509, -37.033627997357641, 100.0 ], [ 175.119879993993834, -37.033680000578364, 100.0 ], [ 175.119913997898522, -37.033733997868737, 100.0 ], [ 175.119973000763451, -37.033806000853339, 100.0 ], [ 175.119991998062062, -37.033834005233572, 100.0 ], [ 175.120022993152759, -37.033875003221382, 100.0 ], [ 175.120051009204019, -37.033924005427103, 100.0 ], [ 175.120083991644435, -37.033953998554402, 100.0 ], [ 175.12009800232147, -37.033970004261128, 100.0 ], [ 175.120106006392291, -37.033984996160541, 100.0 ], [ 175.120105992920571, -37.034007996732278, 100.0 ], [ 175.120131996865155, -37.034025998857501, 100.0 ], [ 175.12014300667451, -37.034026992623616, 100.0 ], [ 175.120217003871062, -37.03412399626113, 100.0 ], [ 175.120247007720764, -37.034154002029361, 100.0 ], [ 175.120311002586988, -37.034236996667907, 100.0 ], [ 175.120610994159762, -37.03454499743637, 100.0 ], [ 175.120623004385862, -37.034558996573736, 100.0 ], [ 175.120719002439444, -37.034638999760396, 100.0 ], [ 175.120742005965553, -37.034662001546209, 100.0 ], [ 175.120788996467752, -37.034697004682499, 100.0 ], [ 175.120821996417703, -37.034726998180602, 100.0 ], [ 175.120844991493016, -37.034751997303374, 100.0 ], [ 175.12086400358038, -37.034776997346093, 100.0 ], [ 175.120882992907582, -37.034794996753099, 100.0 ], [ 175.120917998582144, -37.034842003617527, 100.0 ], [ 175.120972002771708, -37.034892993199591, 100.0 ], [ 175.121029999078132, -37.034938003560711, 100.0 ], [ 175.121062991874567, -37.034969995223889, 100.0 ], [ 175.121152002378835, -37.035044000700196, 100.0 ], [ 175.121173001784626, -37.03505799583241, 100.0 ], [ 175.121189003977378, -37.035078005260964, 100.0 ], [ 175.121256997883677, -37.035141995825803, 100.0 ], [ 175.121311002828804, -37.035196995867651, 100.0 ], [ 175.121351000640033, -37.03525099906436, 100.0 ], [ 175.12137799966095, -37.035302994199306, 100.0 ], [ 175.121398998472102, -37.035337000120187, 100.0 ], [ 175.12154499304603, -37.035493996677779, 100.0 ], [ 175.121600995155688, -37.035535994333173, 100.0 ], [ 175.121622002405019, -37.035555998886117, 100.0 ], [ 175.121652999122801, -37.03559699728779, 100.0 ], [ 175.121729991964543, -37.035674998999056, 100.0 ], [ 175.121748999790213, -37.035689002614184, 100.0 ], [ 175.121765006609166, -37.035696001194793, 100.0 ], [ 175.121801996645786, -37.035721006614779, 100.0 ], [ 175.12187400116315, -37.035782998147219, 100.0 ], [ 175.121945001442327, -37.035865004898433, 100.0 ], [ 175.121958994815515, -37.035885005993727, 100.0 ], [ 175.121985004315007, -37.035909993308486, 100.0 ], [ 175.122006008269835, -37.035935000777769, 100.0 ], [ 175.122027006954994, -37.03594899576418, 100.0 ], [ 175.122253006282108, -37.036192995783125, 100.0 ], [ 175.122395004923931, -37.036310000545562, 100.0 ], [ 175.122491002473765, -37.036395005157864, 100.0 ], [ 175.122595993958839, -37.036475001716475, 100.0 ], [ 175.122624007339112, -37.036508995423333, 100.0 ], [ 175.122680001612338, -37.036560997639718, 100.0 ], [ 175.12269200413624, -37.036576995699797, 100.0 ], [ 175.122712996241773, -37.036593004105427, 100.0 ], [ 175.122728998753672, -37.036609001770344, 100.0 ], [ 175.122751999673369, -37.036621006841621, 100.0 ], [ 175.122812995161979, -37.036673995590952, 100.0 ], [ 175.122845992627447, -37.036720995429533, 100.0 ], [ 175.122905001363932, -37.036780993686406, 100.0 ], [ 175.122925997032468, -37.036791999962013, 100.0 ], [ 175.122994999171198, -37.036811998654947, 100.0 ], [ 175.123041000513354, -37.03685600328204, 100.0 ], [ 175.123147998520921, -37.036929005637752, 100.0 ], [ 175.123185992786034, -37.03697000632372, 100.0 ], [ 175.123200004239408, -37.036982000091214, 100.0 ], [ 175.123213999303118, -37.037002001898699, 100.0 ], [ 175.123222992395597, -37.037008997856027, 100.0 ], [ 175.123247006214399, -37.037038994692736, 100.0 ], [ 175.123292993783082, -37.037097992022574, 100.0 ], [ 175.12337400176844, -37.036865997889436, 100.0 ], [ 175.123531997614464, -37.037060998789293, 100.0 ], [ 175.123540003165232, -37.03708000194441, 100.0 ], [ 175.123575006514528, -37.037156001737372, 100.0 ], [ 175.123576006835208, -37.037185006391248, 100.0 ], [ 175.123580006729384, -37.037316994560506, 100.0 ], [ 175.123563998779275, -37.037350003446882, 100.0 ], [ 175.123543998092913, -37.037392999548352, 100.0 ], [ 175.123523992960173, -37.037448991980128, 100.0 ], [ 175.123518004970776, -37.037459997300928, 100.0 ], [ 175.12351600806889, -37.037464991819881, 100.0 ], [ 175.123500991402437, -37.037516998757866, 100.0 ], [ 175.123492002680393, -37.037533003050257, 100.0 ], [ 175.123463003174805, -37.037585994871066, 100.0 ], [ 175.123448991988198, -37.037618002735563, 100.0 ], [ 175.123447000084411, -37.037622006672677, 100.0 ], [ 175.123271993894718, -37.037958006219682, 100.0 ], [ 175.123258999387133, -37.03799100077201, 100.0 ], [ 175.12324699979402, -37.038005994553828, 100.0 ], [ 175.123238006446087, -37.038034993361173, 100.0 ], [ 175.123232996905756, -37.038043996563715, 100.0 ], [ 175.123208007086248, -37.038095005856242, 100.0 ], [ 175.123195007545917, -37.038128991884122, 100.0 ], [ 175.123184004879079, -37.038145994759468, 100.0 ], [ 175.123094999051915, -37.038272995653635, 100.0 ], [ 175.122985003547456, -37.038522993932297, 100.0 ], [ 175.122954993962878, -37.038620997605555, 100.0 ], [ 175.122952993585216, -37.038626999792484, 100.0 ], [ 175.122950993207269, -37.038633001979385, 100.0 ], [ 175.122938006364706, -37.038720003812067, 100.0 ], [ 175.122934000589652, -37.038732998766235, 100.0 ], [ 175.12291700436586, -37.038786005418032, 100.0 ], [ 175.122913998260515, -37.038816001079574, 100.0 ], [ 175.122906992809504, -37.038829999660848, 100.0 ], [ 175.122905991699213, -37.038837004193063, 100.0 ], [ 175.122899995075159, -37.038854003055221, 100.0 ], [ 175.122892000374236, -37.03887599734783, 100.0 ], [ 175.12285499689105, -37.039104996283321, 100.0 ], [ 175.122847994149254, -37.039121999632613, 100.0 ], [ 175.122841992501378, -37.039135993761455, 100.0 ], [ 175.122821007260143, -37.039249991957256, 100.0 ], [ 175.122815993037023, -37.039263998152357, 100.0 ], [ 175.122768995986803, -37.039380996284635, 100.0 ], [ 175.122761997766503, -37.039389000409344, 100.0 ], [ 175.122737008298628, -37.03945199643092, 100.0 ], [ 175.122731005510303, -37.039461995263459, 100.0 ], [ 175.122627993267997, -37.039638999980738, 100.0 ], [ 175.122612006582841, -37.039655000573212, 100.0 ], [ 175.12252400244418, -37.039746002788796, 100.0 ], [ 175.122495995062877, -37.03976200489732, 100.0 ], [ 175.122395006017399, -37.039820007031878, 100.0 ], [ 175.12236599812951, -37.039839002093267, 100.0 ], [ 175.122349993008584, -37.039846996136191, 100.0 ], [ 175.122238993061814, -37.039900995415081, 100.0 ], [ 175.121602006359893, -37.041589001574721, 100.0 ], [ 175.121281995047809, -37.04243499211416, 100.0 ], [ 175.119425006705285, -37.047357005406589, 100.0 ], [ 175.119301003494911, -37.047576001050992, 100.0 ], [ 175.119089002368639, -37.04774000474719, 100.0 ], [ 175.119073995207742, -37.047957996060489, 100.0 ], [ 175.118994003239493, -37.048094994635278, 100.0 ], [ 175.118242999476479, -37.048379001131828, 100.0 ], [ 175.116982998671318, -37.04907799244458, 100.0 ], [ 175.116689008830718, -37.049150005132027, 100.0 ], [ 175.116602998670601, -37.049084007591034, 100.0 ], [ 175.116572000185982, -37.048948995212648, 100.0 ], [ 175.116427994282418, -37.048839997709408, 100.0 ], [ 175.116047999398603, -37.048857007309905, 100.0 ], [ 175.114426994214512, -37.049144999790585, 100.0 ], [ 175.114129997572462, -37.04910599858453, 100.0 ], [ 175.113844006350519, -37.048929993697435, 100.0 ], [ 175.113066006708834, -37.048246006059891, 100.0 ], [ 175.112985005853602, -37.047897995999762, 100.0 ], [ 175.112855997987708, -37.047776002731887, 100.0 ], [ 175.112553990811335, -37.048028998787672, 100.0 ], [ 175.112412001995267, -37.047985997935974, 100.0 ], [ 175.112409997226706, -37.047896005255893, 100.0 ], [ 175.112708000087565, -37.047458004967041, 100.0 ], [ 175.112816996619586, -37.047314006418489, 100.0 ], [ 175.113335007468407, -37.047282004009766, 100.0 ], [ 175.113486000261673, -37.04735300156262, 100.0 ], [ 175.113633000305612, -37.047422000774581, 100.0 ], [ 175.11385899744829, -37.047443004354172, 100.0 ], [ 175.113968000076824, -37.047327998398266, 100.0 ], [ 175.113908999245467, -37.047239001923998, 100.0 ], [ 175.113801994915889, -37.047209000843573, 100.0 ], [ 175.113681995041162, -37.047175999351118, 100.0 ], [ 175.113567996655092, -37.04708699965127, 100.0 ], [ 175.113565991720918, -37.04699700700008, 100.0 ], [ 175.11386299186654, -37.046563994943163, 100.0 ], [ 175.113939996103483, -37.046313995415623, 100.0 ], [ 175.113869001091615, -37.046223001892457, 100.0 ], [ 175.113741003276203, -37.046227992576092, 100.0 ], [ 175.113576000847075, -37.046365999906463, 100.0 ], [ 175.113524993085122, -37.046547006319983, 100.0 ], [ 175.113226996890205, -37.046957996640238, 100.0 ], [ 175.113117005078095, -37.047050006620871, 100.0 ], [ 175.112837998425363, -37.047123003603581, 100.0 ], [ 175.112819994716119, -37.047159006397592, 100.0 ], [ 175.112744001656637, -37.047274997752467, 100.0 ], [ 175.112255003414191, -37.047380994827421, 100.0 ], [ 175.111505004999913, -37.048262002938195, 100.0 ], [ 175.111271008294409, -37.048390005796044, 100.0 ], [ 175.110934998409874, -37.048463994280056, 100.0 ], [ 175.110737992666316, -37.048444004001105, 100.0 ], [ 175.110051994032716, -37.048051003427531, 100.0 ], [ 175.109941005019465, -37.048121004007086, 100.0 ], [ 175.109945003044658, -37.048255997595376, 100.0 ], [ 175.110211002873228, -37.048701999723704, 100.0 ], [ 175.110185998944587, -37.048815004731104, 100.0 ], [ 175.110045992249326, -37.048884995419741, 100.0 ], [ 175.109709006282458, -37.048891006281721, 100.0 ], [ 175.109395006799417, -37.048694002568816, 100.0 ], [ 175.109085996350217, -37.04869999800836, 100.0 ], [ 175.108796996784889, -37.048434006708113, 100.0 ], [ 175.108655995231032, -37.048413997630057, 100.0 ], [ 175.108523001553635, -37.048687007373275, 100.0 ], [ 175.108117003318398, -37.04922300226638, 100.0 ], [ 175.107881991251901, -37.049397001013219, 100.0 ], [ 175.107660004789693, -37.049480003920003, 100.0 ], [ 175.10742699398395, -37.049743004168754, 100.0 ], [ 175.107066992636362, -37.049929005718695, 100.0 ], [ 175.106702002537816, -37.049935998660075, 100.0 ], [ 175.106530004087716, -37.04982599736352, 100.0 ], [ 175.106418003127828, -37.049828006675618, 100.0 ], [ 175.106301991349312, -37.049718005553601, 100.0 ], [ 175.106489996802281, -37.049399006359479, 100.0 ], [ 175.106510998674537, -37.049127993615762, 100.0 ], [ 175.106783003711257, -37.048808004733509, 100.0 ], [ 175.106653992105436, -37.048737998778648, 100.0 ], [ 175.106428000987734, -37.048684999006809, 100.0 ], [ 175.105728004265018, -37.048634001252637, 100.0 ], [ 175.105651992267781, -37.048494001588821, 100.0 ], [ 175.105662991431444, -37.048319998690509, 100.0 ], [ 175.105789999238709, -37.048266992209946, 100.0 ], [ 175.1059620019509, -37.048148004207746, 100.0 ], [ 175.105897007992041, -37.048090994197295, 100.0 ], [ 175.105727000819456, -37.048062001836918, 100.0 ], [ 175.105669005364206, -37.047985992185978, 100.0 ], [ 175.10572699881692, -37.047786004966461, 100.0 ], [ 175.105915002252459, -37.047640998132557, 100.0 ], [ 175.105871999203231, -37.04755199824573, 100.0 ], [ 175.105302996253471, -37.047537003423493, 100.0 ], [ 175.105289996155108, -37.047118999221652, 100.0 ], [ 175.105550994193123, -37.046958999631713, 100.0 ], [ 175.10544700188251, -37.04646099394602, 100.0 ], [ 175.105404007082029, -37.046102006373793, 100.0 ], [ 175.105519008580501, -37.045939003654759, 100.0 ], [ 175.106434999977409, -37.046017003545835, 100.0 ], [ 175.106947997007524, -37.046008003186962, 100.0 ], [ 175.107065007276532, -37.045889998753992, 100.0 ], [ 175.1066940009257, -37.045799997550901, 100.0 ], [ 175.106136992749924, -37.045676002369532, 100.0 ], [ 175.10593500544968, -37.045372003874839, 100.0 ], [ 175.105413006032222, -37.045086004335047, 100.0 ], [ 175.105454998748741, -37.044872992227496, 100.0 ], [ 175.105689995343454, -37.044688991793443, 100.0 ], [ 175.105882007973946, -37.0446769959633, 100.0 ], [ 175.106328991931548, -37.044555993001104, 100.0 ], [ 175.106518007524329, -37.044304996231325, 100.0 ], [ 175.106878002185368, -37.044072996855753, 100.0 ], [ 175.106894992556875, -37.043667005576602, 100.0 ], [ 175.10711199500517, -37.043415992854847, 100.0 ], [ 175.107188997767963, -37.043144006437721, 100.0 ], [ 175.107272002901112, -37.043074997781424, 100.0 ], [ 175.107579008123651, -37.04302499805884, 100.0 ], [ 175.107800992687487, -37.042907998793922, 100.0 ], [ 175.108053996501127, -37.042925005209057, 100.0 ], [ 175.107828994407242, -37.042757007433949, 100.0 ], [ 175.10759099774819, -37.042655004751587, 100.0 ], [ 175.107029992513901, -37.042493004985985, 100.0 ], [ 175.106801996639234, -37.042328996030029, 100.0 ], [ 175.106769005872508, -37.042286003984735, 100.0 ], [ 175.106761996519765, -37.042277001360176, 100.0 ], [ 175.106679991585366, -37.042214001203185, 100.0 ], [ 175.10589299659938, -37.041613995781994, 100.0 ], [ 175.106055005904295, -37.041408003712348, 100.0 ], [ 175.106051998309852, -37.041250997622726, 100.0 ], [ 175.105673996352323, -37.040829004215006, 100.0 ], [ 175.105670995820816, -37.040738999154229, 100.0 ], [ 175.105766001156951, -37.040105994577502, 100.0 ], [ 175.105502991025105, -37.039794997573466, 100.0 ], [ 175.105011004112384, -37.039423993075985, 100.0 ], [ 175.104764007340663, -37.039523999547022, 100.0 ], [ 175.104793997033738, -37.039715006726077, 100.0 ], [ 175.105002000812988, -37.039911001929539, 100.0 ], [ 175.105248999236181, -37.040193006583536, 100.0 ], [ 175.105070999350517, -37.040434000072885, 100.0 ], [ 175.104909006558643, -37.040663006233181, 100.0 ], [ 175.104746006211627, -37.041353001813249, 100.0 ], [ 175.104693999161015, -37.041962995614817, 100.0 ], [ 175.104734000753666, -37.042070994891034, 100.0 ], [ 175.10504000780125, -37.042309996725976, 100.0 ], [ 175.105052004298329, -37.042318995653673, 100.0 ], [ 175.105087007920076, -37.04234599731069, 100.0 ], [ 175.105090008607533, -37.042349005656249, 100.0 ], [ 175.105033998101902, -37.042460997323175, 100.0 ], [ 175.104668996843685, -37.04246699413207, 100.0 ], [ 175.104480996797406, -37.04275300231491, 100.0 ], [ 175.104022003530133, -37.043170996231773, 100.0 ], [ 175.104301003672049, -37.043165997425682, 100.0 ], [ 175.104847994714873, -37.042803003373841, 100.0 ], [ 175.105409997128703, -37.04285999986844, 100.0 ], [ 175.105609991717927, -37.042968997765328, 100.0 ], [ 175.10567199708882, -37.043148002661859, 100.0 ], [ 175.105758007643374, -37.043213993088528, 100.0 ], [ 175.105898994450001, -37.043211996169411, 100.0 ], [ 175.106041994977261, -37.043299992777797, 100.0 ], [ 175.105836004941551, -37.043482999349216, 100.0 ], [ 175.105430998357264, -37.043580995653272, 100.0 ], [ 175.105015002002602, -37.043813003223228, 100.0 ], [ 175.104874994048771, -37.043839001426463, 100.0 ], [ 175.104626991725269, -37.044000003584188, 100.0 ], [ 175.10383999280225, -37.043991998129627, 100.0 ], [ 175.103808006615623, -37.044076994555866, 100.0 ], [ 175.104154993200325, -37.044234994718344, 100.0 ], [ 175.104299991628608, -37.044367002940184, 100.0 ], [ 175.104303006068648, -37.044479991898719, 100.0 ], [ 175.10408100250396, -37.044618001722249, 100.0 ], [ 175.103392999271136, -37.044608004434188, 100.0 ], [ 175.102986992967203, -37.044684003051906, 100.0 ], [ 175.102933004363422, -37.044750992725177, 100.0 ], [ 175.103018992115892, -37.04481800667422, 100.0 ], [ 175.103442005798541, -37.044878005968116, 100.0 ], [ 175.103643005648735, -37.045010002269784, 100.0 ], [ 175.104202993739335, -37.044932004816239, 100.0 ], [ 175.104289004014049, -37.044997995386169, 100.0 ], [ 175.1042939934716, -37.045179000428163, 100.0 ], [ 175.103882005596461, -37.045545997923, 100.0 ], [ 175.103871004553866, -37.045647997611447, 100.0 ], [ 175.104035997980134, -37.046028001154362, 100.0 ], [ 175.103879001308769, -37.046447999586086, 100.0 ], [ 175.103701004569444, -37.046654003778293, 100.0 ], [ 175.103381995878863, -37.046748999568045, 100.0 ], [ 175.103077999497629, -37.04695799283094, 100.0 ], [ 175.103025005830403, -37.047072000269843, 100.0 ], [ 175.102777006046267, -37.047232997726226, 100.0 ], [ 175.102396995393917, -37.047251001104343, 100.0 ], [ 175.102008003659591, -37.047393992583849, 100.0 ], [ 175.101795999358472, -37.047386002137443, 100.0 ], [ 175.101595999133423, -37.047276998053519, 100.0 ], [ 175.101427006820614, -37.047279993628841, 100.0 ], [ 175.101316998125782, -37.047349998596999, 100.0 ], [ 175.101348995730888, -37.047484003571356, 100.0 ], [ 175.101505006694453, -37.047561006675764, 100.0 ], [ 175.102180997639692, -37.047570998584369, 100.0 ], [ 175.102647992969878, -37.047663994056265, 100.0 ], [ 175.103144003704358, -37.047340000841096, 100.0 ], [ 175.103285000612857, -37.047314992877645, 100.0 ], [ 175.10339800843434, -37.047356998354154, 100.0 ], [ 175.103485004431661, -37.047469002422858, 100.0 ], [ 175.103506004161829, -37.047705005434096, 100.0 ], [ 175.103333999003155, -37.04808000677626, 100.0 ], [ 175.103126999018997, -37.048241003305009, 100.0 ], [ 175.102807991741656, -37.048383004122556, 100.0 ], [ 175.10269800655351, -37.048473996871024, 100.0 ], [ 175.102623007446141, -37.048813996042057, 100.0 ], [ 175.102514995045453, -37.048973003868376, 100.0 ], [ 175.102127002386482, -37.049182994574053, 100.0 ], [ 175.101411997294974, -37.049253004571518, 100.0 ], [ 175.100923994766191, -37.049385002241451, 100.0 ], [ 175.100783995707019, -37.049597005573077, 100.0 ], [ 175.101136995262209, -37.049482001060724, 100.0 ], [ 175.101951000279684, -37.049445999379365, 100.0 ], [ 175.10235600653931, -37.049337003796374, 100.0 ], [ 175.103002004673584, -37.048979993690544, 100.0 ], [ 175.103477996841434, -37.04870899888725, 100.0 ], [ 175.103797004117865, -37.048566996270274, 100.0 ], [ 175.104373992528394, -37.048613998424969, 100.0 ], [ 175.104473991912158, -37.048644994863729, 100.0 ], [ 175.104589002241624, -37.048756998412323, 100.0 ], [ 175.10469399448678, -37.048990993141445, 100.0 ], [ 175.104640004293941, -37.04954500414226, 100.0 ], [ 175.104655003908363, -37.0496509928441, 100.0 ], [ 175.104792001925205, -37.049970002837725, 100.0 ], [ 175.104907004288208, -37.050102992170778, 100.0 ], [ 175.104944001358803, -37.050395001256838, 100.0 ], [ 175.104558000744902, -37.050673000289422, 100.0 ], [ 175.104480999466233, -37.050922000784738, 100.0 ], [ 175.103943006770152, -37.051244005567042, 100.0 ], [ 175.104407999870347, -37.051351994780788, 100.0 ], [ 175.105118006735665, -37.051631998263439, 100.0 ], [ 175.105234001903312, -37.051741999891796, 100.0 ], [ 175.10521199916397, -37.052475999220633, 100.0 ], [ 175.105002006861696, -37.052996998297189, 100.0 ], [ 175.104960006739759, -37.053539006816983, 100.0 ], [ 175.104839993468573, -37.053839995356888, 100.0 ], [ 175.104761991657341, -37.053981993695842, 100.0 ], [ 175.104542002732558, -37.054211003043584, 100.0 ], [ 175.102882003206133, -37.055164005804301, 100.0 ], [ 175.102713006286905, -37.055167994921398, 100.0 ], [ 175.102366004447475, -37.054976999909854, 100.0 ], [ 175.10190299613393, -37.053723998953956, 100.0 ], [ 175.094682007300236, -37.055207999091294, 100.0 ], [ 175.088699999139664, -37.056442002594046, 100.0 ], [ 175.088421008250378, -37.056499994909196, 100.0 ], [ 175.088258002111274, -37.056550993406951, 100.0 ], [ 175.088259995995571, -37.056492998585377, 100.0 ], [ 175.088253001989955, -37.056462993231584, 100.0 ], [ 175.08825800100584, -37.056442995262792, 100.0 ], [ 175.088254999564697, -37.056408004076502, 100.0 ], [ 175.088230008094456, -37.056344997549722, 100.0 ], [ 175.088224995142497, -37.056313993849834, 100.0 ], [ 175.088207003146948, -37.056280002082531, 100.0 ], [ 175.088183996082478, -37.056226003030716, 100.0 ], [ 175.088167993502282, -37.056153005348975, 100.0 ], [ 175.088131007454024, -37.056059005377513, 100.0 ], [ 175.088090002567895, -37.055976002245082, 100.0 ], [ 175.088059997932902, -37.055893004576745, 100.0 ], [ 175.088043993106027, -37.055859996222843, 100.0 ], [ 175.08803799517878, -37.055839001324962, 100.0 ], [ 175.087998990972665, -37.055800998444084, 100.0 ], [ 175.087968995207945, -37.055762992849424, 100.0 ], [ 175.087944006130215, -37.055724999131179, 100.0 ], [ 175.08792400762627, -37.05568700405729, 100.0 ], [ 175.087874002621874, -37.05557700677263, 100.0 ], [ 175.087794008266314, -37.055459994749789, 100.0 ], [ 175.087734998786686, -37.05539599899398, 100.0 ], [ 175.087724005933381, -37.055391005728126, 100.0 ], [ 175.087666998608881, -37.055350002116107, 100.0 ], [ 175.087647008560793, -37.055321005113598, 100.0 ], [ 175.087582998101539, -37.055256004982127, 100.0 ], [ 175.087573992274258, -37.055240999670119, 100.0 ], [ 175.087574004800388, -37.055230993558055, 100.0 ], [ 175.087553001402028, -37.05519300168492, 100.0 ], [ 175.087532994129816, -37.055171005123199, 100.0 ], [ 175.087523995151656, -37.055150996740487, 100.0 ], [ 175.087501005760032, -37.055126006380135, 100.0 ], [ 175.087491999940511, -37.055111000159776, 100.0 ], [ 175.087436998138742, -37.055045998177256, 100.0 ], [ 175.087427997144403, -37.055023001212739, 100.0 ], [ 175.087382997877114, -37.054941994131759, 100.0 ], [ 175.087375993471738, -37.054893000953115, 100.0 ], [ 175.087346001399226, -37.054840003407016, 100.0 ], [ 175.087314003921051, -37.054797001981207, 100.0 ], [ 175.087290999778162, -37.054739005548555, 100.0 ], [ 175.087277995583236, -37.054727004222549, 100.0 ], [ 175.087266002326828, -37.054709996574559, 100.0 ], [ 175.087263999253764, -37.054698000787077, 100.0 ], [ 175.087230006516222, -37.054615993267923, 100.0 ], [ 175.087207008083567, -37.054582003829026, 100.0 ], [ 175.087189001531016, -37.054544000592863, 100.0 ], [ 175.087168006678581, -37.054515006766202, 100.0 ], [ 175.087147995381741, -37.054494001600631, 100.0 ], [ 175.087141006913185, -37.054481001218576, 100.0 ], [ 175.08712999951635, -37.054468001272802, 100.0 ], [ 175.087097007768449, -37.054368999779641, 100.0 ], [ 175.08704700549535, -37.054301996208686, 100.0 ], [ 175.087033995209111, -37.054266004068204, 100.0 ], [ 175.087002007689222, -37.054202992388078, 100.0 ], [ 175.086974007763615, -37.054160999324822, 100.0 ], [ 175.086921995888162, -37.054112000575202, 100.0 ], [ 175.086911002150032, -37.054107007245328, 100.0 ], [ 175.086880997032864, -37.054081996018361, 100.0 ], [ 175.086859004734151, -37.054055003379474, 100.0 ], [ 175.086828994625591, -37.054030998944569, 100.0 ], [ 175.086761000173254, -37.053958997081892, 100.0 ], [ 175.086727002328985, -37.053900004307998, 100.0 ], [ 175.086704000046012, -37.05386700712755, 100.0 ], [ 175.08668400687921, -37.053823992554776, 100.0 ], [ 175.086580996393053, -37.053684994398445, 100.0 ], [ 175.086572005612283, -37.053677995616439, 100.0 ], [ 175.086560997145853, -37.053675992023187, 100.0 ], [ 175.086549998178839, -37.05364699343319, 100.0 ], [ 175.086434005093821, -37.053463003269002, 100.0 ], [ 175.086422003407506, -37.053454993050927, 100.0 ], [ 175.086386005601099, -37.053418991597326, 100.0 ], [ 175.086344998386437, -37.053391000427702, 100.0 ], [ 175.086332008077306, -37.053387005626291, 100.0 ], [ 175.086323008320477, -37.053377993545659, 100.0 ], [ 175.086297991457627, -37.05337099189645, 100.0 ], [ 175.08624799619389, -37.053345992414492, 100.0 ], [ 175.086197992777642, -37.053283000027882, 100.0 ], [ 175.086111992535194, -37.053220000972345, 100.0 ], [ 175.086061999924567, -37.053161995060215, 100.0 ], [ 175.086042995651411, -37.053137004590326, 100.0 ], [ 175.086031992340338, -37.053133995038728, 100.0 ], [ 175.08602099131798, -37.053127003635844, 100.0 ], [ 175.085994003317978, -37.053122998167616, 100.0 ], [ 175.085956001554223, -37.053122007405783, 100.0 ], [ 175.085884993310316, -37.053085994354788, 100.0 ], [ 175.085732998358054, -37.053074995567847, 100.0 ], [ 175.085697000310887, -37.053068003974715, 100.0 ], [ 175.085665008682554, -37.053067005649297, 100.0 ], [ 175.085636000462699, -37.053058004742155, 100.0 ], [ 175.085571001734365, -37.05305099411914, 100.0 ], [ 175.085461994052167, -37.053053004043221, 100.0 ], [ 175.085381006687015, -37.053034993300166, 100.0 ], [ 175.085356997211818, -37.053035003639025, 100.0 ], [ 175.085324996687859, -37.053043004558148, 100.0 ], [ 175.085295997558745, -37.05304300168617, 100.0 ], [ 175.085286999320772, -37.053048006047455, 100.0 ], [ 175.085278005675832, -37.05304500344522, 100.0 ], [ 175.085172992023274, -37.053027003172787, 100.0 ], [ 175.085086003577402, -37.053000000329646, 100.0 ], [ 175.085016993497618, -37.052988002006103, 100.0 ], [ 175.084916000831129, -37.052966006674971, 100.0 ], [ 175.084903008266934, -37.052965991762584, 100.0 ], [ 175.084835996944861, -37.05294899940376, 100.0 ], [ 175.084824004885917, -37.052950001550748, 100.0 ], [ 175.084745996227923, -37.05294299297951, 100.0 ], [ 175.084706000209593, -37.052934992548018, 100.0 ], [ 175.084629994455497, -37.052918991867351, 100.0 ], [ 175.084518008897135, -37.052917000257779, 100.0 ], [ 175.084473001349352, -37.052909993617661, 100.0 ], [ 175.084415001690502, -37.052896001563425, 100.0 ], [ 175.084401991621093, -37.05289600402773, 100.0 ], [ 175.084349995791911, -37.05288699407955, 100.0 ], [ 175.084303006084554, -37.052870995994418, 100.0 ], [ 175.084238998459682, -37.052842003263407, 100.0 ], [ 175.084097000016442, -37.052799000115449, 100.0 ], [ 175.083890006139285, -37.052706006313812, 100.0 ], [ 175.08386000110383, -37.052673994128604, 100.0 ], [ 175.083813003879783, -37.052648997695684, 100.0 ], [ 175.083785997919733, -37.052631006124528, 100.0 ], [ 175.083756002446904, -37.052621992357345, 100.0 ], [ 175.083738008053615, -37.05260700408072, 100.0 ], [ 175.083715995588562, -37.052595003816627, 100.0 ], [ 175.08370900192287, -37.052587006260715, 100.0 ], [ 175.083618004701549, -37.052526005649227, 100.0 ], [ 175.083520991751442, -37.052434005119331, 100.0 ], [ 175.083482008100304, -37.052388999249622, 100.0 ], [ 175.083466008070189, -37.052376992441495, 100.0 ], [ 175.083385005119197, -37.052351995744708, 100.0 ], [ 175.083366998510115, -37.052350001238239, 100.0 ], [ 175.083296998049065, -37.052320999710275, 100.0 ], [ 175.083289991546877, -37.052311995634916, 100.0 ], [ 175.083275006880456, -37.052305002754814, 100.0 ], [ 175.083182004276495, -37.052222000966083, 100.0 ], [ 175.083164002780762, -37.052218999619392, 100.0 ], [ 175.08313899716353, -37.052209999880048, 100.0 ], [ 175.083033996793034, -37.052082993304005, 100.0 ], [ 175.082897993256012, -37.051955000829224, 100.0 ], [ 175.082883000877388, -37.051945994595002, 100.0 ], [ 175.082873004335198, -37.051938998768343, 100.0 ], [ 175.082835002721424, -37.051905992965601, 100.0 ], [ 175.082821007699039, -37.051870004094404, 100.0 ], [ 175.082817995640283, -37.05185200274741, 100.0 ], [ 175.08280200740586, -37.051770005676275, 100.0 ], [ 175.082801996102518, -37.051751001685183, 100.0 ], [ 175.082792006079046, -37.051718002280111, 100.0 ], [ 175.082779999386048, -37.051594003662885, 100.0 ], [ 175.082772998141166, -37.051551994935373, 100.0 ], [ 175.082775000139975, -37.051543004749583, 100.0 ], [ 175.082764994876925, -37.051371000850182, 100.0 ], [ 175.082789004897023, -37.051235998730306, 100.0 ], [ 175.082785991754179, -37.051217997399419, 100.0 ], [ 175.082792992183926, -37.051149995254733, 100.0 ], [ 175.082806005939347, -37.051103003362329, 100.0 ], [ 175.082818996665168, -37.051004004053638, 100.0 ], [ 175.082897003287258, -37.050716001957404, 100.0 ], [ 175.08290600532078, -37.050696005074194, 100.0 ], [ 175.082905996571498, -37.050687006942013, 100.0 ], [ 175.082894008122821, -37.050634003789, 100.0 ], [ 175.082880005253628, -37.050620998355569, 100.0 ], [ 175.082846994340173, -37.050583994271008, 100.0 ], [ 175.082803004252185, -37.050568000558698, 100.0 ], [ 175.082773000901824, -37.050568001174902, 100.0 ], [ 175.082700007978843, -37.050580996955659, 100.0 ], [ 175.082642004505573, -37.050624992723733, 100.0 ], [ 175.082617003506471, -37.050639998127529, 100.0 ], [ 175.082509995803719, -37.050680005592334, 100.0 ], [ 175.082432993436953, -37.050730001186636, 100.0 ], [ 175.082397000487362, -37.050753998672505, 100.0 ], [ 175.082382997513548, -37.050759005977611, 100.0 ], [ 175.081828999035082, -37.051190001225798, 100.0 ], [ 175.081810991865552, -37.051199002892169, 100.0 ], [ 175.081742999844039, -37.051252002427553, 100.0 ], [ 175.081711992254242, -37.051279992246016, 100.0 ], [ 175.081675991590686, -37.051308992606565, 100.0 ], [ 175.081606004866018, -37.051365993572652, 100.0 ], [ 175.081537004739147, -37.051434003326833, 100.0 ], [ 175.081475007365725, -37.051468998251281, 100.0 ], [ 175.081401005512589, -37.051524991654105, 100.0 ], [ 175.081359998524647, -37.051546993999857, 100.0 ], [ 175.081319993811292, -37.051573003815825, 100.0 ], [ 175.081265006134998, -37.051594994642677, 100.0 ], [ 175.081122006641721, -37.051630004112866, 100.0 ], [ 175.081096999417213, -37.05163900053897, 100.0 ], [ 175.081069006009727, -37.051645993565742, 100.0 ], [ 175.081030001622793, -37.051647993902328, 100.0 ], [ 175.080987004197027, -37.051659005804758, 100.0 ], [ 175.08095100680103, -37.051658996688921, 100.0 ], [ 175.080913993989071, -37.051654005129919, 100.0 ], [ 175.080830997603755, -37.051625994445772, 100.0 ], [ 175.080790004061441, -37.051617002558338, 100.0 ], [ 175.080751996167777, -37.051581998965503, 100.0 ], [ 175.080671997299305, -37.051468994398704, 100.0 ], [ 175.080665006207369, -37.051450000205037, 100.0 ], [ 175.080654993069288, -37.05143600520865, 100.0 ], [ 175.080640999934957, -37.051421001220554, 100.0 ], [ 175.080637000146368, -37.051410003791716, 100.0 ], [ 175.080608000338771, -37.051374998019277, 100.0 ], [ 175.080553001698519, -37.051236997801759, 100.0 ], [ 175.080517995228547, -37.051180005436059, 100.0 ], [ 175.080509000595185, -37.051096000757191, 100.0 ], [ 175.080518004104334, -37.050991006059704, 100.0 ], [ 175.080514995422533, -37.050950995548007, 100.0 ], [ 175.080509993884533, -37.050943007006758, 100.0 ], [ 175.080509991283748, -37.050813002319764, 100.0 ], [ 175.080480998971467, -37.050733995426704, 100.0 ], [ 175.0804709975896, -37.050679002288732, 100.0 ], [ 175.080444005416041, -37.05060900094346, 100.0 ], [ 175.080443994739085, -37.050582997659305, 100.0 ], [ 175.080437005569792, -37.050566992028855, 100.0 ], [ 175.080418000472008, -37.050538996691728, 100.0 ], [ 175.080400999491673, -37.050522997259776, 100.0 ], [ 175.080386999280307, -37.050498995972113, 100.0 ], [ 175.080347999829627, -37.050486002445091, 100.0 ], [ 175.080293993997543, -37.050446006899485, 100.0 ], [ 175.080285002587203, -37.050445991584617, 100.0 ], [ 175.080265007137058, -37.050439993793063, 100.0 ], [ 175.080211999132729, -37.050439999844635, 100.0 ], [ 175.080145004496273, -37.050430995158557, 100.0 ], [ 175.080092999410539, -37.050441994393594, 100.0 ], [ 175.080065996081572, -37.050452002590617, 100.0 ], [ 175.080022004338105, -37.050454005348044, 100.0 ], [ 175.0799489940934, -37.050474000816237, 100.0 ], [ 175.079916996214479, -37.050478003987891, 100.0 ], [ 175.079891999871052, -37.050485001849026, 100.0 ], [ 175.079879008095673, -37.050492002761693, 100.0 ], [ 175.079862995320013, -37.050511003005902, 100.0 ], [ 175.079853996996405, -37.050516006958546, 100.0 ], [ 175.079834001004144, -37.050523993226385, 100.0 ], [ 175.079780991792887, -37.050534996417383, 100.0 ], [ 175.07977199341164, -37.050539998562357, 100.0 ], [ 175.079763995720242, -37.050559992024951, 100.0 ], [ 175.079605008530223, -37.050756998726065, 100.0 ], [ 175.079560996569342, -37.050857999994044, 100.0 ], [ 175.079518999499072, -37.050926003724392, 100.0 ], [ 175.079433006029433, -37.051180004562639, 100.0 ], [ 175.079406007914855, -37.051216994775594, 100.0 ], [ 175.079351005106616, -37.051343992981401, 100.0 ], [ 175.079340005790669, -37.051358002333593, 100.0 ], [ 175.079322995790079, -37.051393004936379, 100.0 ], [ 175.079309001417528, -37.051409998636544, 100.0 ], [ 175.079275994905771, -37.051478000560394, 100.0 ], [ 175.079267004882212, -37.051485003343515, 100.0 ], [ 175.079221006393709, -37.051553005929499, 100.0 ], [ 175.079205004632854, -37.051565996218216, 100.0 ], [ 175.079181997242586, -37.051576998558218, 100.0 ], [ 175.079154998633982, -37.051578999577671, 100.0 ], [ 175.079109002759225, -37.05158299199973, 100.0 ], [ 175.078991996194787, -37.05158099754626, 100.0 ], [ 175.078983002821985, -37.05158499462776, 100.0 ], [ 175.078901003513408, -37.051600994898934, 100.0 ], [ 175.078840998319379, -37.051589997722061, 100.0 ], [ 175.078831997787887, -37.051584996626609, 100.0 ], [ 175.07870500527676, -37.051546006718368, 100.0 ], [ 175.078613001107755, -37.051496993220688, 100.0 ], [ 175.078558005421513, -37.051481996573678, 100.0 ], [ 175.078543993973483, -37.05147100511293, 100.0 ], [ 175.078465007440627, -37.051431005864366, 100.0 ], [ 175.078369997970185, -37.051370000258082, 100.0 ], [ 175.078342002864275, -37.051321003899673, 100.0 ], [ 175.078341995585305, -37.051319005908873, 100.0 ], [ 175.078282998152929, -37.051262006120155, 100.0 ], [ 175.078262005275405, -37.051237006845732, 100.0 ], [ 175.078245997711122, -37.05123000240512, 100.0 ], [ 175.078200002978008, -37.051171003700226, 100.0 ], [ 175.078187992992525, -37.051137004616152, 100.0 ], [ 175.078162992659884, -37.051112994848502, 100.0 ], [ 175.078149996065378, -37.051100000954783, 100.0 ], [ 175.078137997722138, -37.051094994657888, 100.0 ], [ 175.078111003618687, -37.051061003088336, 100.0 ], [ 175.07803300038006, -37.05100100512368, 100.0 ], [ 175.078029001670444, -37.050989991358996, 100.0 ], [ 175.078005998645693, -37.050964999320897, 100.0 ], [ 175.077997004005198, -37.050952005582197, 100.0 ], [ 175.077971994028701, -37.050936996036803, 100.0 ], [ 175.077938993635541, -37.050881002386369, 100.0 ], [ 175.077872997657266, -37.050837995579315, 100.0 ], [ 175.077848003814751, -37.050826997282968, 100.0 ], [ 175.07778900104725, -37.050819991754032, 100.0 ], [ 175.077745994291377, -37.050790998811593, 100.0 ], [ 175.077727995422066, -37.05079100142359, 100.0 ], [ 175.077731997563234, -37.050784001427459, 100.0 ], [ 175.077716003197082, -37.050771002325334, 100.0 ], [ 175.077693995405184, -37.050762005676113, 100.0 ], [ 175.077671003505486, -37.050749001186233, 100.0 ], [ 175.077654999813547, -37.050731000182459, 100.0 ], [ 175.077616000923797, -37.050711005566491, 100.0 ], [ 175.07756400225, -37.050667996695971, 100.0 ], [ 175.077532000345713, -37.050666004939899, 100.0 ], [ 175.077502007033871, -37.050650005575534, 100.0 ], [ 175.077449993031593, -37.050567998002933, 100.0 ], [ 175.07742500594648, -37.050544994560113, 100.0 ], [ 175.077397005181666, -37.050536004600517, 100.0 ], [ 175.077377002891382, -37.050521006341256, 100.0 ], [ 175.077369001300866, -37.050509992373676, 100.0 ], [ 175.077261997665204, -37.050360004316403, 100.0 ], [ 175.077250007576595, -37.050335993570044, 100.0 ], [ 175.077175992691508, -37.050229998156333, 100.0 ], [ 175.077158991381367, -37.050185996647066, 100.0 ], [ 175.077159003662075, -37.050173001898138, 100.0 ], [ 175.077153998350411, -37.050159003595994, 100.0 ], [ 175.077148996275525, -37.050108994930071, 100.0 ], [ 175.077133998186667, -37.050070004547905, 100.0 ], [ 175.077134008386565, -37.050054004995587, 100.0 ], [ 175.077104992330476, -37.049948993242381, 100.0 ], [ 175.077076999501259, -37.049878995085251, 100.0 ], [ 175.077047999313663, -37.049784994772708, 100.0 ], [ 175.077030999194051, -37.049768994828511, 100.0 ], [ 175.077030991554778, -37.049724993978103, 100.0 ], [ 175.077035003350233, -37.049715996617209, 100.0 ], [ 175.077043996706152, -37.049683997173474, 100.0 ], [ 175.077063996627686, -37.04965400315286, 100.0 ], [ 175.077159997029213, -37.04957400387768, 100.0 ], [ 175.077176002088208, -37.04956699284088, 100.0 ], [ 175.07731399644149, -37.049479006247587, 100.0 ], [ 175.077475999623061, -37.049418997074021, 100.0 ], [ 175.077631006426714, -37.049334000827976, 100.0 ], [ 175.077678999730551, -37.049324999882636, 100.0 ], [ 175.077714001230646, -37.049322999594885, 100.0 ], [ 175.077777993094003, -37.049291003561017, 100.0 ], [ 175.077841002061348, -37.049251005200041, 100.0 ], [ 175.077888992766702, -37.049217998846899, 100.0 ], [ 175.077931994175344, -37.049191993552199, 100.0 ], [ 175.0780850030159, -37.049079993582829, 100.0 ], [ 175.078322993939565, -37.048849002630028, 100.0 ], [ 175.078361006268466, -37.048816000623397, 100.0 ], [ 175.078376991726032, -37.048791998998773, 100.0 ], [ 175.078378996077817, -37.048778997276628, 100.0 ], [ 175.078387991661145, -37.048764003789998, 100.0 ], [ 175.078452996328139, -37.048688003088955, 100.0 ], [ 175.0784630040867, -37.048682003671559, 100.0 ], [ 175.078479996920947, -37.048654002559708, 100.0 ], [ 175.078483992602457, -37.04860600741209, 100.0 ], [ 175.078491002720085, -37.048593002673144, 100.0 ], [ 175.078536005964821, -37.048516005084039, 100.0 ], [ 175.078550003848818, -37.04850500486733, 100.0 ], [ 175.078597007874492, -37.04841900183127, 100.0 ], [ 175.078599005078502, -37.048397001934944, 100.0 ], [ 175.078621005756588, -37.048322998647087, 100.0 ], [ 175.078625001783706, -37.048303005095448, 100.0 ], [ 175.078631994993458, -37.04829000064462, 100.0 ], [ 175.078633001327489, -37.048236997247585, 100.0 ], [ 175.07863999684767, -37.048219997418677, 100.0 ], [ 175.078642999593058, -37.0481309937839, 100.0 ], [ 175.078637994093896, -37.04807099644367, 100.0 ], [ 175.078630994280275, -37.048054000381669, 100.0 ], [ 175.078628993231689, -37.047975003846126, 100.0 ], [ 175.078633994344415, -37.0479550061956, 100.0 ], [ 175.078621999282234, -37.047925002211016, 100.0 ], [ 175.078618991662921, -37.047891993579199, 100.0 ], [ 175.078602004801752, -37.047816999983745, 100.0 ], [ 175.07860200453311, -37.04778199730022, 100.0 ], [ 175.0785870004581, -37.047750997872249, 100.0 ], [ 175.078575996451576, -37.047744997203992, 100.0 ], [ 175.078569007823603, -37.04773599341825, 100.0 ], [ 175.07856900532326, -37.047719002688083, 100.0 ], [ 175.078561998716907, -37.047709999216963, 100.0 ], [ 175.078542998650704, -37.047698993333235, 100.0 ], [ 175.078517007674662, -37.047654992745642, 100.0 ], [ 175.078499000163333, -37.047649993558387, 100.0 ], [ 175.07848900247879, -37.047639993425797, 100.0 ], [ 175.078483004638287, -37.047634005048856, 100.0 ], [ 175.078463996024993, -37.047585999393505, 100.0 ], [ 175.078450007310664, -37.047573999885387, 100.0 ], [ 175.078441002515802, -37.047556004289419, 100.0 ], [ 175.078417003137758, -37.047539999225144, 100.0 ], [ 175.078391994261381, -37.047497001634845, 100.0 ], [ 175.078378007907986, -37.047481006738643, 100.0 ], [ 175.078327005649868, -37.047370002272636, 100.0 ], [ 175.078261991001739, -37.047199002334743, 100.0 ], [ 175.078247997044002, -37.047180994113404, 100.0 ], [ 175.078219999583297, -37.047098001742299, 100.0 ], [ 175.078135993812793, -37.046924994821786, 100.0 ], [ 175.078071005235699, -37.046735006303813, 100.0 ], [ 175.078058997564511, -37.046710996831727, 100.0 ], [ 175.078045998535117, -37.04669499811007, 100.0 ], [ 175.078011995673393, -37.046638992245249, 100.0 ], [ 175.078011001306436, -37.046636998029925, 100.0 ], [ 175.077989994252306, -37.046572999982615, 100.0 ], [ 175.077938999361209, -37.046463993309978, 100.0 ], [ 175.077864000794079, -37.046379001582551, 100.0 ], [ 175.077844001517349, -37.046359993567812, 100.0 ], [ 175.07773699406539, -37.046277997811337, 100.0 ], [ 175.07771500313396, -37.046244994565818, 100.0 ], [ 175.077705998319885, -37.046205996564268, 100.0 ], [ 175.077671002314531, -37.04615800227387, 100.0 ], [ 175.077655991735043, -37.046125005606356, 100.0 ], [ 175.077631005975434, -37.046017996383711, 100.0 ], [ 175.07753999953988, -37.045768999193868, 100.0 ], [ 175.077536006638439, -37.045687004710416, 100.0 ], [ 175.077525999458004, -37.045658001331994, 100.0 ], [ 175.077519001648312, -37.04560200621016, 100.0 ], [ 175.07754799966844, -37.045520993888076, 100.0 ], [ 175.077587992935236, -37.045406006554408, 100.0 ], [ 175.077602993423625, -37.045259004040759, 100.0 ], [ 175.077569994789457, -37.045091001867981, 100.0 ], [ 175.077533001535613, -37.044963994626947, 100.0 ], [ 175.077469992971231, -37.044839992794103, 100.0 ], [ 175.077355003180969, -37.044709006315543, 100.0 ], [ 175.07723499973477, -37.044610995862158, 100.0 ], [ 175.077094994538697, -37.044516000660778, 100.0 ], [ 175.07694599872508, -37.044435006284374, 100.0 ], [ 175.076793002010845, -37.04436099633979, 100.0 ], [ 175.076645005223668, -37.044301992252031, 100.0 ], [ 175.076520001420221, -37.044228006402811, 100.0 ], [ 175.076504003435275, -37.044208996580593, 100.0 ], [ 175.076476000333003, -37.044165995083269, 100.0 ], [ 175.076370992485664, -37.044072995409344, 100.0 ], [ 175.076304991964008, -37.043993995355827, 100.0 ], [ 175.076282992300605, -37.043977005779908, 100.0 ], [ 175.076269007030334, -37.043953994186062, 100.0 ], [ 175.076265993481854, -37.043926003849023, 100.0 ], [ 175.076257001735314, -37.043894997966852, 100.0 ], [ 175.076231000754746, -37.043836004324021, 100.0 ], [ 175.076197000604168, -37.04377999873369, 100.0 ], [ 175.076183002589573, -37.043762996135712, 100.0 ], [ 175.076167004833593, -37.043751003568715, 100.0 ], [ 175.076144994934737, -37.043721996575464, 100.0 ], [ 175.076120003389747, -37.043696995657037, 100.0 ], [ 175.076054003899657, -37.043610995248869, 100.0 ], [ 175.075822006719619, -37.043348996894672, 100.0 ], [ 175.075797993228292, -37.043326005747076, 100.0 ], [ 175.075772996994374, -37.04330899641802, 100.0 ], [ 175.075605999772534, -37.043138994728814, 100.0 ], [ 175.075507995349113, -37.043035003224198, 100.0 ], [ 175.075431997218516, -37.042971000845704, 100.0 ], [ 175.075414000963463, -37.042942999587829, 100.0 ], [ 175.075376001980231, -37.042910998822443, 100.0 ], [ 175.075362004837984, -37.042886996820563, 100.0 ], [ 175.075334992541741, -37.042853995339392, 100.0 ], [ 175.07528599645218, -37.042779999300897, 100.0 ], [ 175.075276996947849, -37.042746995345787, 100.0 ], [ 175.075187992332587, -37.042560994270971, 100.0 ], [ 175.075176999947615, -37.042524993295196, 100.0 ], [ 175.075094005249241, -37.042374004176686, 100.0 ], [ 175.075075999641001, -37.042348002949822, 100.0 ], [ 175.075064997113572, -37.042320999546867, 100.0 ], [ 175.075028995632749, -37.042266998787767, 100.0 ], [ 175.074992994253847, -37.042226998389438, 100.0 ], [ 175.074779998479016, -37.042050004226617, 100.0 ], [ 175.074747998236262, -37.042017005140849, 100.0 ], [ 175.074735002854112, -37.04201099567161, 100.0 ], [ 175.074699003745081, -37.041988001260506, 100.0 ], [ 175.074654005518852, -37.04194600319606, 100.0 ], [ 175.074550006897312, -37.041866998949345, 100.0 ], [ 175.074523003059113, -37.041842996332626, 100.0 ], [ 175.074435000500728, -37.041783001222768, 100.0 ], [ 175.074253007824069, -37.041578991583258, 100.0 ], [ 175.074251000957332, -37.041568004111696, 100.0 ], [ 175.074242000065027, -37.041545997424024, 100.0 ], [ 175.074189997811317, -37.041450002017541, 100.0 ], [ 175.071758006731329, -37.042414002394459, 100.0 ], [ 175.070573001685972, -37.042883993728687, 100.0 ], [ 175.065829994698163, -37.044760999266153, 100.0 ], [ 175.065749004535235, -37.04479399156758, 100.0 ], [ 175.065181994362689, -37.044436994007029, 100.0 ], [ 175.064989008128578, -37.044273000433279, 100.0 ], [ 175.064503001674666, -37.044229995416131, 100.0 ], [ 175.064373005486146, -37.044141996576641, 100.0 ], [ 175.064116999589402, -37.044117999307339, 100.0 ], [ 175.063936005750946, -37.044004003445096, 100.0 ], [ 175.063919998570753, -37.044017997613423, 100.0 ], [ 175.062678001524375, -37.043842001039373, 100.0 ], [ 175.062239993682653, -37.043840002552685, 100.0 ], [ 175.06154999676582, -37.044080004137328, 100.0 ], [ 175.060988994074535, -37.043895995902638, 100.0 ], [ 175.060597997512644, -37.043722998318948, 100.0 ], [ 175.059787997351975, -37.043488003596195, 100.0 ], [ 175.059676001168555, -37.043707990597227, 100.0 ], [ 175.059902000493338, -37.044184006155334, 100.0 ], [ 175.060772999633798, -37.046019996593543, 100.0 ], [ 175.059033994257504, -37.046662996924042, 100.0 ], [ 175.060495001997879, -37.049069995745398, 100.0 ], [ 175.061939995700072, -37.05142299623521, 100.0 ], [ 175.06074400353117, -37.051871998808508, 100.0 ], [ 175.061207992927336, -37.052665000620394, 100.0 ], [ 175.061873999442611, -37.053793990565943, 100.0 ], [ 175.059537992265376, -37.05468700208737, 100.0 ], [ 175.058930006376528, -37.054916001637793, 100.0 ], [ 175.056963006550745, -37.05565199320629, 100.0 ], [ 175.05875099747314, -37.058759001055634, 100.0 ], [ 175.058759992361928, -37.058775000212066, 100.0 ], [ 175.0587510057305, -37.058773992693013, 100.0 ], [ 175.058742008074972, -37.058771994865261, 100.0 ], [ 175.058733003873471, -37.058771002971518, 100.0 ], [ 175.058724000406585, -37.058769996643967, 100.0 ], [ 175.058716006881525, -37.058767994900002, 100.0 ], [ 175.058707003829142, -37.058767003885592, 100.0 ], [ 175.058698005051411, -37.058765006073941, 100.0 ], [ 175.05868900156122, -37.058763998842856, 100.0 ], [ 175.058680002784286, -37.05876200102982, 100.0 ], [ 175.058670999294634, -37.058760993797343, 100.0 ], [ 175.058661996243501, -37.058760002779465, 100.0 ], [ 175.058652997467618, -37.058758004964346, 100.0 ], [ 175.058643993978706, -37.05875699772978, 100.0 ], [ 175.058636000456886, -37.058754995980316, 100.0 ], [ 175.058626996282726, -37.058754004979264, 100.0 ], [ 175.05861799281891, -37.058752998643548, 100.0 ], [ 175.058608995144567, -37.05875099990466, 100.0 ], [ 175.058600008541788, -37.058749993274851, 100.0 ], [ 175.058590992907966, -37.058747995747652, 100.0 ], [ 175.058582006719661, -37.05874700443092, 100.0 ], [ 175.058573003232738, -37.05874599719089, 100.0 ], [ 175.05856400446055, -37.058743999368886, 100.0 ], [ 175.058555000974167, -37.058742992127478, 100.0 ], [ 175.058547007869805, -37.05874100568635, 100.0 ], [ 175.058538003284269, -37.058739999363986, 100.0 ], [ 175.058529005661967, -37.058738002420618, 100.0 ], [ 175.058520002152278, -37.058736994275655, 100.0 ], [ 175.058510997981358, -37.058736003265686, 100.0 ], [ 175.058502000335835, -37.058734005419375, 100.0 ], [ 175.058492995727192, -37.058732998192696, 100.0 ], [ 175.058485002211398, -37.058730996432836, 100.0 ], [ 175.058475999165552, -37.058730005400655, 100.0 ], [ 175.05846699998358, -37.058727992256685, 100.0 ], [ 175.058458002339989, -37.05872599440697, 100.0 ], [ 175.058448999246309, -37.058725001570998, 100.0 ], [ 175.058440000503793, -37.058723004640264, 100.0 ], [ 175.05843200117431, -37.058721994378438, 100.0 ], [ 175.058423003507897, -37.058719995625168, 100.0 ], [ 175.058414004742218, -37.058717997791554, 100.0 ], [ 175.058405001698588, -37.058717006753902, 100.0 ], [ 175.058396002495471, -37.058714992703585, 100.0 ], [ 175.058387992561507, -37.058713007445043, 100.0 ], [ 175.058379005941021, -37.058711999897383, 100.0 ], [ 175.058370007177302, -37.058710002060366, 100.0 ], [ 175.058361996806241, -37.058708000584701, 100.0 ], [ 175.058352998043404, -37.058706002746369, 100.0 ], [ 175.0583439945392, -37.058704994587856, 100.0 ], [ 175.058334995801459, -37.058702997648972, 100.0 ], [ 175.058327002292486, -37.058700995878226, 100.0 ], [ 175.058318004655291, -37.058698998017661, 100.0 ], [ 175.058309993162595, -37.058696996557899, 100.0 ], [ 175.058300995526253, -37.058694998696033, 100.0 ], [ 175.058291996766314, -37.058693000852962, 100.0 ], [ 175.058284003259416, -37.058690999079232, 100.0 ], [ 175.058275004476002, -37.058689000333999, 100.0 ], [ 175.058266994133731, -37.058686999752616, 100.0 ], [ 175.05825799535117, -37.058685001006062, 100.0 ], [ 175.058250007250393, -37.05868199241376, 100.0 ], [ 175.05824099163263, -37.058679994859382, 100.0 ], [ 175.05823299812829, -37.058677993082142, 100.0 ], [ 175.058223999371933, -37.058675995233784, 100.0 ], [ 175.058215993726975, -37.058673003166604, 100.0 ], [ 175.058206996071277, -37.058671004396551, 100.0 ], [ 175.058199002568699, -37.058669002616959, 100.0 ], [ 175.058189991234883, -37.058665998261866, 100.0 ], [ 175.058181997708886, -37.058663995580254, 100.0 ], [ 175.058173992091071, -37.058661004410986, 100.0 ], [ 175.05816499443776, -37.058659005637679, 100.0 ], [ 175.058157005243459, -37.058655997959264, 100.0 ], [ 175.058149000702741, -37.058653004967042, 100.0 ], [ 175.058141006079353, -37.058651003202932, 100.0 ], [ 175.05813199587385, -37.058647998823773, 100.0 ], [ 175.058127004891702, -37.058644995884741, 100.0 ], [ 175.058118999229208, -37.05864200290992, 100.0 ], [ 175.058110998973689, -37.058638003118254, 100.0 ], [ 175.058102998743351, -37.058634004226874, 100.0 ], [ 175.058096002641634, -37.058630001426089, 100.0 ], [ 175.058088002388558, -37.058626001632803, 100.0 ], [ 175.058080006419033, -37.058620995042141, 100.0 ], [ 175.058072006192049, -37.058616996148544, 100.0 ], [ 175.058064005941532, -37.058612996353538, 100.0 ], [ 175.058056992983268, -37.058608993842959, 100.0 ], [ 175.0580489927587, -37.058604994947729, 100.0 ], [ 175.058040992510598, -37.058600995151089, 100.0 ], [ 175.058032996984878, -37.05859600477239, 100.0 ], [ 175.05802600198993, -37.058592001046883, 100.0 ], [ 175.058018000644722, -37.058588002168953, 100.0 ], [ 175.058010000399975, -37.058584002370104, 100.0 ], [ 175.058002000156051, -37.058580002570686, 100.0 ], [ 175.057995004064509, -37.058575999763605, 100.0 ], [ 175.057987003846534, -37.058572000863961, 100.0 ], [ 175.057979003605055, -37.058568001062909, 100.0 ], [ 175.057971003388758, -37.058564002162143, 100.0 ], [ 175.05796400725157, -37.058559997551406, 100.0 ], [ 175.057956007061193, -37.058555999550428, 100.0 ], [ 175.057948001414445, -37.058553006563528, 100.0 ], [ 175.057940000763125, -37.058548991445249, 100.0 ], [ 175.057931995142013, -37.058545999358067, 100.0 ], [ 175.057923994906048, -37.058541999553107, 100.0 ], [ 175.057916007270791, -37.058539007152696, 100.0 ], [ 175.057909005340179, -37.058535994941302, 100.0 ], [ 175.057901000845618, -37.058533002832455, 100.0 ], [ 175.057892994813841, -37.058529995428067, 100.0 ], [ 175.057883996058507, -37.058527996652202, 100.0 ], [ 175.057876008401848, -37.05852500334813, 100.0 ], [ 175.057867996937887, -37.058523001857552, 100.0 ], [ 175.057859992032405, -37.05851999443135, 100.0 ], [ 175.057851997405493, -37.058517991746193, 100.0 ], [ 175.057843999665749, -37.058516997639572, 100.0 ], [ 175.057835000913087, -37.058514998859899, 100.0 ], [ 175.057827007459991, -37.058512997955205, 100.0 ], [ 175.057818004421932, -37.058512005971124, 100.0 ], [ 175.057812997526128, -37.058511992818943, 100.0 ], [ 175.057804005524531, -37.05851199204313, 100.0 ], [ 175.057794996662466, -37.058511991559229, 100.0 ], [ 175.057786005809191, -37.058511991663387, 100.0 ], [ 175.05777699156053, -37.058512998895388, 100.0 ], [ 175.057768000682756, -37.058512998097349, 100.0 ], [ 175.057759003294166, -37.058514005035406, 100.0 ], [ 175.057750006591277, -37.058514995737958, 100.0 ], [ 175.057740993441342, -37.058516002046893, 100.0 ], [ 175.057731995638193, -37.058516993668448, 100.0 ], [ 175.057722999348215, -37.058517999683446, 100.0 ], [ 175.057714003082339, -37.058519006598623, 100.0 ], [ 175.057705006378086, -37.0585199972978, 100.0 ], [ 175.057696004261658, -37.058521994812757, 100.0 ], [ 175.057687007994843, -37.058523001725902, 100.0 ], [ 175.057677993305134, -37.058523992735132, 100.0 ], [ 175.057668997013451, -37.05852499874608, 100.0 ], [ 175.057660000745813, -37.058526005657193, 100.0 ], [ 175.057651004039855, -37.05852699635232, 100.0 ], [ 175.057641995199759, -37.058526996757699, 100.0 ], [ 175.05763299890711, -37.058528002765932, 100.0 ], [ 175.057624006927341, -37.058528002877367, 100.0 ], [ 175.057614993360062, -37.058528993862353, 100.0 ], [ 175.057606001355765, -37.058528993071576, 100.0 ], [ 175.057596992490943, -37.05852899257269, 100.0 ], [ 175.057589006199748, -37.058529004972726, 100.0 ], [ 175.057582000017049, -37.05852700043944, 100.0 ], [ 175.057574006544172, -37.058524998616676, 100.0 ], [ 175.057565996211224, -37.05852299708593, 100.0 ], [ 175.057556997488433, -37.058520999185802, 100.0 ], [ 175.057548991859818, -37.058518006171354, 100.0 ], [ 175.057541003826969, -37.058514998430653, 100.0 ], [ 175.057532998199548, -37.058512005415068, 100.0 ], [ 175.057524992159045, -37.058508997084459, 100.0 ], [ 175.057517004517393, -37.05850600375571, 100.0 ], [ 175.057508998502442, -37.058502996324819, 100.0 ], [ 175.057502002418346, -37.058498992586735, 100.0 ], [ 175.057494002233, -37.058494993652729, 100.0 ], [ 175.057485996609415, -37.058492000633855, 100.0 ], [ 175.057477996425604, -37.058488001698734, 100.0 ], [ 175.057469996218259, -37.058484001862169, 100.0 ], [ 175.057463000162215, -37.058479999022509, 100.0 ], [ 175.057454999956491, -37.058475999184893, 100.0 ], [ 175.057446999775948, -37.058472000247562, 100.0 ], [ 175.057438999571843, -37.058468000408809, 100.0 ], [ 175.057431992487494, -37.058463006357663, 100.0 ], [ 175.057423991185459, -37.058459007438188, 100.0 ], [ 175.057416008554725, -37.058454991971303, 100.0 ], [ 175.057408008354003, -37.058450992130332, 100.0 ], [ 175.057400007030083, -37.058446992308319, 100.0 ], [ 175.057392994558541, -37.05844300597213, 100.0 ], [ 175.057384994360262, -37.058439006129539, 100.0 ], [ 175.057377006293137, -37.058435996575589, 100.0 ], [ 175.057369006120723, -37.058431997632731, 100.0 ], [ 175.057361004825083, -37.058427998708787, 100.0 ], [ 175.057353000337514, -37.058425005661014, 100.0 ], [ 175.057344994312842, -37.058421997317701, 100.0 ], [ 175.057337005587272, -37.058419004896642, 100.0 ], [ 175.057329000712201, -37.058415997433549, 100.0 ], [ 175.057320995103055, -37.058413004403043, 100.0 ], [ 175.057312001791701, -37.05840999876623, 100.0 ], [ 175.057304008337496, -37.058407996924636, 100.0 ], [ 175.0572959969235, -37.058405996295363, 100.0 ], [ 175.057290996253982, -37.058405006032395, 100.0 ], [ 175.05728199713792, -37.058402992796225, 100.0 ], [ 175.057272999535627, -37.05840099395347, 100.0 ], [ 175.057263995416378, -37.058400002847009, 100.0 ], [ 175.057254992007728, -37.058398996405899, 100.0 ], [ 175.057245993282493, -37.058396997580559, 100.0 ], [ 175.057237008272551, -37.058396006140512, 100.0 ], [ 175.05722800374059, -37.058394999716796, 100.0 ], [ 175.057218007625579, -37.058395002797496, 100.0 ], [ 175.057209004169295, -37.058393994551132, 100.0 ], [ 175.057200001199874, -37.058393004321111, 100.0 ], [ 175.057190992349689, -37.058393003790862, 100.0 ], [ 175.057182000384273, -37.058393003868289, 100.0 ], [ 175.057172004269376, -37.058393006945089, 100.0 ], [ 175.057162995419077, -37.058393006412729, 100.0 ], [ 175.05715400455324, -37.058393005567673, 100.0 ], [ 175.05714500787883, -37.058393997124988, 100.0 ], [ 175.057135999028333, -37.058393996590567, 100.0 ], [ 175.057127002742789, -37.05839500256014, 100.0 ], [ 175.057118993770359, -37.058396006722788, 100.0 ], [ 175.057109995946661, -37.058396997396116, 100.0 ], [ 175.057100994975258, -37.058398995747311, 100.0 ], [ 175.05710000653778, -37.058398997572915, 100.0 ], [ 175.057091005590166, -37.058400996824211, 100.0 ], [ 175.057083003298573, -37.058403997189664, 100.0 ], [ 175.057074001201528, -37.058405995558346, 100.0 ], [ 175.057065998908712, -37.05840899592269, 100.0 ], [ 175.05705699681053, -37.058410994290114, 100.0 ], [ 175.057048994516521, -37.058413994653343, 100.0 ], [ 175.057040992246158, -37.0584169959169, 100.0 ], [ 175.057035005208888, -37.058418998759564, 100.0 ], [ 175.057027002937417, -37.058422000022198, 100.0 ], [ 175.057018994806441, -37.058425991885706, 100.0 ], [ 175.057011998196884, -37.058429004542724, 100.0 ], [ 175.057004008073164, -37.058432996994128, 100.0 ], [ 175.056996000377723, -37.058437005071468, 100.0 ], [ 175.056988997517692, -37.05844099391495, 100.0 ], [ 175.056981995070515, -37.058444998072503, 100.0 ], [ 175.056977006733916, -37.058448003829739, 100.0 ], [ 175.056970003871839, -37.058451992672147, 100.0 ], [ 175.056963001422616, -37.058455996828641, 100.0 ], [ 175.056955993113007, -37.058460991586131, 100.0 ], [ 175.056949008671069, -37.05846499633072, 100.0 ], [ 175.056942000384026, -37.058469991988282, 100.0 ], [ 175.056935997784336, -37.058474999942355, 100.0 ], [ 175.056929006356029, -37.058479995306719, 100.0 ], [ 175.05692799678323, -37.058481005121493, 100.0 ], [ 175.056921006453535, -37.058485999565072, 100.0 ], [ 175.056915003461938, -37.05849099310452, 100.0 ], [ 175.056908999710458, -37.05849600017595, 100.0 ], [ 175.056901992541981, -37.058500995811791, 100.0 ], [ 175.056897006626002, -37.058507006370121, 100.0 ], [ 175.056890998184315, -37.058513005824331, 100.0 ], [ 175.056885999291211, -37.058517994562962, 100.0 ], [ 175.056883996590386, -37.05851999858487, 100.0 ], [ 175.056878993397703, -37.058525994120494, 100.0 ], [ 175.056874994769231, -37.0585320019728, 100.0 ], [ 175.05687000301279, -37.058539004032362, 100.0 ], [ 175.056866005069111, -37.058544995649569, 100.0 ], [ 175.056862000577866, -37.058551994102906, 100.0 ], [ 175.056858001946779, -37.058558001954701, 100.0 ], [ 175.05685500273006, -37.058564997390846, 100.0 ], [ 175.056851004073451, -37.058571004341594, 100.0 ], [ 175.056847000703584, -37.058578002774972, 100.0 ], [ 175.056843001656432, -37.058583995311842, 100.0 ], [ 175.05683899828523, -37.058590993744971, 100.0 ], [ 175.056834999650363, -37.058597001596084, 100.0 ], [ 175.056830995153717, -37.058604000048476, 100.0 ], [ 175.056826996493271, -37.058610006998485, 100.0 ], [ 175.056822998591315, -37.058616000416094, 100.0 ], [ 175.056817994239424, -37.05862199506803, 100.0 ], [ 175.056813008309177, -37.058628005623149, 100.0 ], [ 175.056808005079745, -37.058634000255211, 100.0 ], [ 175.056804000603108, -37.05864099960764, 100.0 ], [ 175.056798997396498, -37.058646995140208, 100.0 ], [ 175.056794998731363, -37.058653002089237, 100.0 ], [ 175.056789995523246, -37.05865899762145, 100.0 ], [ 175.05678599101941, -37.058665996072492, 100.0 ], [ 175.056781992376642, -37.058672003921984, 100.0 ], [ 175.056780994946507, -37.058674004925926, 100.0 ], [ 175.056777008425655, -37.058681003064741, 100.0 ], [ 175.056773003943846, -37.05868800241624, 100.0 ], [ 175.056769993691745, -37.058694006640657, 100.0 ], [ 175.056766007168903, -37.058701004779152, 100.0 ], [ 175.056763007938628, -37.058708000213251, 100.0 ], [ 175.056759996536641, -37.058714003556091, 100.0 ], [ 175.056756997305342, -37.058720998990069, 100.0 ], [ 175.056753998073503, -37.058727994423968, 100.0 ], [ 175.056749999425136, -37.058734002272494, 100.0 ], [ 175.05674700016786, -37.05874099680539, 100.0 ], [ 175.05674400093443, -37.058747992239056, 100.0 ], [ 175.056745002062087, -37.058751999962738, 100.0 ], [ 175.056746992467964, -37.058758993571267, 100.0 ], [ 175.056750005451306, -37.058766000086507, 100.0 ], [ 175.056751995858065, -37.058772993694916, 100.0 ], [ 175.0567529994089, -37.058780006222811, 100.0 ], [ 175.056754006846631, -37.058785996638974, 100.0 ], [ 175.056753992558527, -37.058792005678214, 100.0 ], [ 175.05675299171088, -37.05879800298856, 100.0 ], [ 175.056752007723645, -37.05880400000644, 100.0 ], [ 175.056750993604851, -37.058809006145928, 100.0 ], [ 175.056748992901788, -37.058813999655648, 100.0 ], [ 175.056746003804079, -37.05881899678986, 100.0 ], [ 175.056742997845419, -37.058823994216446, 100.0 ], [ 175.056739992299953, -37.058829006957446, 100.0 ], [ 175.056735998656364, -37.058833992674373, 100.0 ], [ 175.056731005984318, -37.058838005219386, 100.0 ], [ 175.05672599491362, -37.058842002761672, 100.0 ], [ 175.056721001826958, -37.058845999991817, 100.0 ], [ 175.05671599190353, -37.058849998415049, 100.0 ], [ 175.056708993681042, -37.058852994859699, 100.0 ], [ 175.056702996461297, -37.058856995986297, 100.0 ], [ 175.056695998261972, -37.058859993331055, 100.0 ], [ 175.056688995736749, -37.058863996571844, 100.0 ], [ 175.056681998708882, -37.058866995698025, 100.0 ], [ 175.056673996351776, -37.058869996037629, 100.0 ], [ 175.056665998733166, -37.058872005794782, 100.0 ], [ 175.056656991829641, -37.058874994715609, 100.0 ], [ 175.056649006355542, -37.058877995662002, 100.0 ], [ 175.056640004165729, -37.058879993098763, 100.0 ], [ 175.056629992417783, -37.058883001248176, 100.0 ], [ 175.056621008211465, -37.058884998371617, 100.0 ], [ 175.056611001888086, -37.058886999702672, 100.0 ], [ 175.056600994440117, -37.058889001052393, 100.0 ], [ 175.056591004976212, -37.058891002089368, 100.0 ], [ 175.056580998651128, -37.058893003417943, 100.0 ], [ 175.056570004616219, -37.058894992133943, 100.0 ], [ 175.056558992985288, -37.058896995574486, 100.0 ], [ 175.056547998287272, -37.058899001424166, 100.0 ], [ 175.056537004639694, -37.058901004550791, 100.0 ], [ 175.056525992617651, -37.058902993574691, 100.0 ], [ 175.056515003320754, -37.058903991703687, 100.0 ], [ 175.056503991735468, -37.058905996940908, 100.0 ], [ 175.056491992853609, -37.058908004879228, 100.0 ], [ 175.056479999398789, -37.058909005999517, 100.0 ], [ 175.056469004234486, -37.058910994725792, 100.0 ], [ 175.056456993918232, -37.058911996136182, 100.0 ], [ 175.056444995033957, -37.058914004069806, 100.0 ], [ 175.056433999867835, -37.05891599279289, 100.0 ], [ 175.056422006410742, -37.058916993907367, 100.0 ], [ 175.056410007524619, -37.058919001837502, 100.0 ], [ 175.056397996081984, -37.05892000326147, 100.0 ], [ 175.056385996756802, -37.058921994973865, 100.0 ], [ 175.056375003149611, -37.058923999887391, 100.0 ], [ 175.056362991705555, -37.058925001307855, 100.0 ], [ 175.056350992378526, -37.058926993016762, 100.0 ], [ 175.056339997645495, -37.058928997946566, 100.0 ], [ 175.05632799873058, -37.058931004967668, 100.0 ], [ 175.056317004706841, -37.058932994561417, 100.0 ], [ 175.056305005790591, -37.058935001580224, 100.0 ], [ 175.056293994194391, -37.058937006798224, 100.0 ], [ 175.056283000120118, -37.058938994587166, 100.0 ], [ 175.056277999193156, -37.058940994712408, 100.0 ], [ 175.056269992529053, -37.058945002723682, 100.0 ], [ 175.056262007031251, -37.058948003644652, 100.0 ], [ 175.056254004647883, -37.058951003956643, 100.0 ], [ 175.056245997567942, -37.058954996651885, 100.0 ], [ 175.05623799520751, -37.058957997863672, 100.0 ], [ 175.056230005375681, -37.058962004679131, 100.0 ], [ 175.056222003013829, -37.058965005889881, 100.0 ], [ 175.056213994806626, -37.058968998602523, 100.0 ], [ 175.056205992419081, -37.058971998911389, 100.0 ], [ 175.05619800260834, -37.058976006625628, 100.0 ], [ 175.056189999854553, -37.058978993420659, 100.0 ], [ 175.056182997290676, -37.058982996632608, 100.0 ], [ 175.056175007428891, -37.058987002543674, 100.0 ], [ 175.056167005086451, -37.05899000465169, 100.0 ], [ 175.05615899687362, -37.058993997360787, 100.0 ], [ 175.056151007033719, -37.05899800417113, 100.0 ], [ 175.056143991962074, -37.059001002677519, 100.0 ], [ 175.056136001707188, -37.059004994172419, 100.0 ], [ 175.056127993904511, -37.059009002193989, 100.0 ], [ 175.056120003647891, -37.059012993687858, 100.0 ], [ 175.056113001101409, -37.059016997796711, 100.0 ], [ 175.056104998728898, -37.059019998999858, 100.0 ], [ 175.056097008907614, -37.059024006707574, 100.0 ], [ 175.056090004845714, -37.059027996420994, 100.0 ], [ 175.056081998162142, -37.059032004420096, 100.0 ], [ 175.056074007876305, -37.059035995010142, 100.0 ], [ 175.056067005325218, -37.059039999116408, 100.0 ], [ 175.056058997515095, -37.059044007133515, 100.0 ], [ 175.056051994549023, -37.059047995924452, 100.0 ], [ 175.056044004721912, -37.059052003628757, 100.0 ], [ 175.056037000630255, -37.059055992438338, 100.0 ], [ 175.056028993940856, -37.059060000434023, 100.0 ], [ 175.056022008221447, -37.059064003344552, 100.0 ], [ 175.056014001116978, -37.05906799602478, 100.0 ], [ 175.056006993125749, -37.059073006944637, 100.0 ], [ 175.056000007014831, -37.0590769954403, 100.0 ], [ 175.055992000321254, -37.059081003433612, 100.0 ], [ 175.055984996224112, -37.059084992240251, 100.0 ], [ 175.055977993663703, -37.059088996341515, 100.0 ], [ 175.055969997956112, -37.059093994642687, 100.0 ], [ 175.055962995418383, -37.059097999643953, 100.0 ], [ 175.055955992855587, -37.05910200374398, 100.0 ], [ 175.055947997145182, -37.05910700204376, 100.0 ], [ 175.055940994580737, -37.059111006142921, 100.0 ], [ 175.055933991602132, -37.059114994927228, 100.0 ], [ 175.055927001610257, -37.059120006431641, 100.0 ], [ 175.055919998605759, -37.059123994314298, 100.0 ], [ 175.055913007488101, -37.05912900583742, 100.0 ], [ 175.055906004506369, -37.059132994620157, 100.0 ], [ 175.055898997650303, -37.059138006415331, 100.0 ], [ 175.0558919935186, -37.059141994315908, 100.0 ], [ 175.05588500349711, -37.059147004917129, 100.0 ], [ 175.055877995100929, -37.059152001416145, 100.0 ], [ 175.055870992504282, -37.05915600461055, 100.0 ], [ 175.055864002066727, -37.059160999896115, 100.0 ], [ 175.055856999492818, -37.059165003990586, 100.0 ], [ 175.05585000792945, -37.059169999294866, 100.0 ], [ 175.055843000628585, -37.059174994871576, 100.0 ], [ 175.055835992616096, -37.059180005781883, 100.0 ], [ 175.055829994199399, -37.059184006885779, 100.0 ], [ 175.055823003756558, -37.059189002169063, 100.0 ], [ 175.055815995328089, -37.059193997763771, 100.0 ], [ 175.055809004883429, -37.059198993046273, 100.0 ], [ 175.055803002126936, -37.059204000045561, 100.0 ], [ 175.055795993695767, -37.059208995639167, 100.0 ], [ 175.055789003661772, -37.059214006235045, 100.0 ], [ 175.055783005239903, -37.059218007336696, 100.0 ], [ 175.055775996806091, -37.05922300292918, 100.0 ], [ 175.055769993632225, -37.059227994612421, 100.0 ], [ 175.055763003594734, -37.059233005206856, 100.0 ], [ 175.055756995006362, -37.059239004607356, 100.0 ], [ 175.055750991829996, -37.059243996289688, 100.0 ], [ 175.055744000665754, -37.059249006902569, 100.0 ], [ 175.055737997487711, -37.059253998584296, 100.0 ], [ 175.055731994722237, -37.059259005580216, 100.0 ], [ 175.055724004466612, -37.059262998850365, 100.0 ], [ 175.055716008723834, -37.059267997135358, 100.0 ], [ 175.05570799501956, -37.059272996632458, 100.0 ], [ 175.055699999274651, -37.059277994916407, 100.0 ], [ 175.05569200467707, -37.059282994081215, 100.0 ], [ 175.055684996644601, -37.059288004983117, 100.0 ], [ 175.055678993459594, -37.05929299666203, 100.0 ], [ 175.055672001872722, -37.05929799195642, 100.0 ], [ 175.055666998947316, -37.059304002759099, 100.0 ], [ 175.055662000335445, -37.059309006764025, 100.0 ], [ 175.05565800115744, -37.059314999264231, 100.0 ], [ 175.055654003491924, -37.059321006158456, 100.0 ], [ 175.055651996165977, -37.05932700738925, 100.0 ], [ 175.05565200480271, -37.059331993987172, 100.0 ], [ 175.05565200841437, -37.059338002716643, 100.0 ], [ 175.055652993476173, -37.059345000253394, 100.0 ], [ 175.05565399649862, -37.059351996577476, 100.0 ], [ 175.055657003556973, -37.059359994624756, 100.0 ], [ 175.055658994295669, -37.059367003567942, 100.0 ], [ 175.055661001482122, -37.059373996904284, 100.0 ], [ 175.055664008517908, -37.059381994050455, 100.0 ], [ 175.055665999257911, -37.059389002993456, 100.0 ], [ 175.05566800647, -37.05939599723046, 100.0 ], [ 175.055668991534276, -37.059402994766963, 100.0 ], [ 175.055669000585738, -37.059407996679269, 100.0 ], [ 175.055666994358745, -37.059413996989917, 100.0 ], [ 175.055664999578198, -37.059421004726154, 100.0 ], [ 175.055663005483723, -37.059427996227527, 100.0 ], [ 175.055659993967851, -37.059433999545242, 100.0 ], [ 175.055657000484985, -37.059440004352837, 100.0 ], [ 175.055652995837477, -37.059447002769154, 100.0 ], [ 175.055647992487934, -37.059452998256752, 100.0 ], [ 175.055643005974019, -37.059458992551008, 100.0 ], [ 175.055638003060579, -37.05946500425356, 100.0 ], [ 175.055632998584684, -37.059470999760059, 100.0 ], [ 175.055627007928308, -37.059476997941992, 100.0 ], [ 175.055620999310577, -37.059482997336296, 100.0 ], [ 175.055614007702872, -37.059487992627766, 100.0 ], [ 175.055606994918577, -37.059493995008687, 100.0 ], [ 175.055600992125989, -37.059499001998624, 100.0 ], [ 175.055593008458658, -37.059504990566062, 100.0 ], [ 175.055586000448301, -37.05951000326445, 100.0 ], [ 175.05557800469515, -37.059515002441849, 100.0 ], [ 175.055570996196622, -37.059519997122365, 100.0 ], [ 175.055563000441424, -37.059524996298805, 100.0 ], [ 175.055554993653089, -37.059529003363579, 100.0 ], [ 175.055546997920203, -37.059534003439836, 100.0 ], [ 175.055542997834664, -37.059537004624438, 100.0 ], [ 175.05553600621684, -37.059541999911566, 100.0 ], [ 175.055530003002474, -37.059546991583638, 100.0 ], [ 175.05552300039983, -37.059550996560603, 100.0 ], [ 175.055515991918611, -37.059555992138904, 100.0 ], [ 175.055509007274878, -37.059559995902468, 100.0 ], [ 175.0555009993802, -37.059564003884105, 100.0 ], [ 175.055493996336793, -37.059567992644091, 100.0 ], [ 175.055486993705955, -37.059571996718176, 100.0 ], [ 175.055479003793636, -37.059576004386649, 100.0 ], [ 175.055471001312043, -37.05957900464842, 100.0 ], [ 175.05546299300002, -37.059582997313122, 100.0 ], [ 175.055456007226866, -37.059587001093185, 100.0 ], [ 175.055448004767499, -37.059590002254318, 100.0 ], [ 175.055438998141426, -37.059593006400803, 100.0 ], [ 175.055431007786638, -37.059596997850825, 100.0 ], [ 175.055423005325196, -37.059599999010317, 100.0 ], [ 175.055415002863072, -37.059603000169297, 100.0 ], [ 175.055405995110021, -37.059606004332821, 100.0 ], [ 175.055397998088267, -37.059607998673584, 100.0 ], [ 175.055389008343013, -37.059611003424969, 100.0 ], [ 175.055381005853974, -37.059614003680878, 100.0 ], [ 175.055372003540242, -37.059616001024786, 100.0 ], [ 175.055365998377454, -37.059618004098716, 100.0 ], [ 175.055357995911066, -37.059621005253959, 100.0 ], [ 175.055349993444025, -37.059624006408683, 100.0 ], [ 175.055342008936805, -37.059627006350297, 100.0 ], [ 175.05533900592917, -37.059627992121648, 100.0 ], [ 175.055329999318303, -37.059630997160944, 100.0 ], [ 175.055322001556647, -37.059633005929832, 100.0 ], [ 175.055312999263208, -37.059635004170218, 100.0 ], [ 175.055303998044678, -37.059637000588758, 100.0 ], [ 175.055302992802552, -37.059637005394677, 100.0 ], [ 175.055294008468593, -37.059639002421072, 100.0 ], [ 175.055284993607643, -37.059639993253121, 100.0 ], [ 175.055275997168849, -37.05964099998809, 100.0 ], [ 175.05526800484796, -37.059642001936268, 100.0 ], [ 175.055259007995346, -37.059642993355489, 100.0 ], [ 175.055249998990263, -37.059642992682228, 100.0 ], [ 175.055241002550503, -37.059643999414575, 100.0 ], [ 175.055232006086186, -37.0596450052454, 100.0 ], [ 175.055228003666883, -37.059645003415795, 100.0 ], [ 175.055219006788974, -37.059645993931149, 100.0 ], [ 175.055210004490931, -37.059647992163832, 100.0 ], [ 175.05520100802562, -37.059648997992326, 100.0 ], [ 175.055191005880118, -37.059649992409781, 100.0 ], [ 175.05518300257819, -37.05965000404268, 100.0 ], [ 175.055173000407962, -37.059650997557775, 100.0 ], [ 175.055163991450229, -37.059650998679707, 100.0 ], [ 175.05515500042867, -37.059650997687555, 100.0 ], [ 175.05514599144658, -37.059650997907283, 100.0 ], [ 175.055135995158224, -37.059651000817425, 100.0 ], [ 175.055127003012529, -37.059650999842631, 100.0 ], [ 175.055117995154376, -37.059651000040738, 100.0 ], [ 175.055107997741914, -37.059651002968003, 100.0 ], [ 175.055099006720155, -37.059651001971602, 100.0 ], [ 175.055089997737838, -37.059651002187074, 100.0 ], [ 175.055080001449284, -37.059651005092483, 100.0 ], [ 175.055070997888606, -37.059649997588444, 100.0 ], [ 175.055062005791399, -37.059649998410414, 100.0 ], [ 175.055052996760452, -37.059649996821356, 100.0 ], [ 175.055044005762937, -37.059649996721646, 100.0 ], [ 175.055033991489495, -37.059649999934855, 100.0 ], [ 175.055025000467595, -37.059649998932848, 100.0 ], [ 175.055015991485135, -37.059649999142685, 100.0 ], [ 175.055007000463178, -37.059649998139299, 100.0 ], [ 175.054998008341414, -37.059649998055569, 100.0 ], [ 175.054990004625608, -37.059649994360946, 100.0 ], [ 175.054981007032325, -37.059651000192318, 100.0 ], [ 175.05497199912503, -37.059650998577638, 100.0 ], [ 175.054963001579893, -37.059652006209355, 100.0 ], [ 175.054954997888075, -37.05965200341322, 100.0 ], [ 175.054947005560763, -37.059653005339918, 100.0 ], [ 175.054937991816473, -37.059653996126279, 100.0 ], [ 175.054929995189184, -37.059656005750469, 100.0 ], [ 175.054922002472125, -37.059656993261861, 100.0 ], [ 175.054915004538827, -37.059660005819964, 100.0 ], [ 175.054908007315817, -37.059663003043696, 100.0 ], [ 175.054900992107434, -37.059666000578709, 100.0 ], [ 175.05489499472634, -37.059670001618159, 100.0 ], [ 175.054887996377516, -37.059672998860236, 100.0 ], [ 175.054881998995171, -37.059676999899061, 100.0 ], [ 175.054876000463821, -37.059681000056237, 100.0 ], [ 175.05486999721839, -37.059685992597281, 100.0 ], [ 175.054863998710005, -37.059689993654736, 100.0 ], [ 175.054857995851933, -37.059695000608848, 100.0 ], [ 175.054851992604227, -37.059699993149032, 100.0 ], [ 175.054846993912378, -37.059704997121706, 100.0 ], [ 175.054841007912785, -37.059710003782826, 100.0 ], [ 175.054835991945623, -37.059714992732744, 100.0 ], [ 175.054831005787463, -37.059721003210406, 100.0 ], [ 175.05482600667969, -37.059725991867765, 100.0 ], [ 175.054821003659271, -37.059732002637219, 100.0 ], [ 175.054816000224889, -37.05973799809199, 100.0 ], [ 175.054810995665662, -37.059743993566052, 100.0 ], [ 175.054805992642883, -37.05975000433493, 100.0 ], [ 175.05480100604268, -37.059755998596096, 100.0 ], [ 175.05479700718692, -37.059762006384112, 100.0 ], [ 175.054791997885928, -37.059768993340754, 100.0 ], [ 175.054787999004503, -37.059775000227638, 100.0 ], [ 175.054783008099918, -37.059782002186793, 100.0 ], [ 175.054779003354213, -37.059789000576203, 100.0 ], [ 175.054773999912868, -37.059794996029368, 100.0 ], [ 175.054769995165685, -37.0598019944185, 100.0 ], [ 175.054765991566114, -37.059808993688904, 100.0 ], [ 175.054760999533329, -37.059815995666682, 100.0 ], [ 175.054756995907951, -37.059822994035947, 100.0 ], [ 175.054752991157812, -37.059829992424589, 100.0 ], [ 175.054748000246576, -37.059836994382408, 100.0 ], [ 175.054743995494903, -37.059843992770759, 100.0 ], [ 175.054739992304064, -37.059851007354851, 100.0 ], [ 175.05473499982881, -37.059857993116317, 100.0 ], [ 175.05473099509922, -37.059864992405132, 100.0 ], [ 175.054726991881836, -37.059872006087986, 100.0 ], [ 175.054723005111413, -37.059879004164081, 100.0 ], [ 175.054717996209462, -37.059886006432407, 100.0 ], [ 175.054713991476945, -37.05989300572071, 100.0 ], [ 175.054709000533876, -37.059900006776196, 100.0 ], [ 175.054704995799852, -37.059907006064229, 100.0 ], [ 175.054700004441884, -37.059913991804891, 100.0 ], [ 175.05469600011952, -37.059921006407137, 100.0 ], [ 175.054691007635796, -37.059927992166934, 100.0 ], [ 175.054685998727848, -37.059934994434037, 100.0 ], [ 175.0546809956831, -37.059941005198148, 100.0 ], [ 175.054676992044222, -37.059948003565012, 100.0 ], [ 175.054672000018883, -37.059955006440276, 100.0 ], [ 175.054666008124173, -37.059961004596133, 100.0 ], [ 175.054661004663046, -37.059967000044978, 100.0 ], [ 175.054655995749869, -37.059974002310938, 100.0 ], [ 175.054650992262879, -37.059979996858551, 100.0 ], [ 175.054645000388888, -37.059985995914275, 100.0 ], [ 175.054639997337688, -37.059992006676815, 100.0 ], [ 175.054633994028336, -37.059996998306019, 100.0 ], [ 175.054628002151702, -37.060002997360961, 100.0 ], [ 175.054621993388992, -37.060008995806932, 100.0 ], [ 175.054616007375444, -37.060014003358503, 100.0 ], [ 175.054610004062766, -37.060018994986571, 100.0 ], [ 175.054604001186789, -37.060024002829707, 100.0 ], [ 175.054596992600636, -37.060028998356465, 100.0 ], [ 175.054590001974191, -37.060033992670348, 100.0 ], [ 175.054586999377563, -37.06003499463872, 100.0 ], [ 175.05457899683492, -37.060037995743443, 100.0 ], [ 175.054570994267294, -37.060040995946792, 100.0 ], [ 175.054562991723344, -37.060043997050471, 100.0 ], [ 175.054555007163657, -37.060046997842015, 100.0 ], [ 175.054546004774551, -37.060048995125278, 100.0 ], [ 175.054538002228696, -37.060051996227322, 100.0 ], [ 175.054528994385606, -37.060055000326663, 100.0 ], [ 175.054520997291462, -37.060056994610257, 100.0 ], [ 175.054512007431981, -37.060059998396731, 100.0 ], [ 175.054502999562516, -37.060063001593313, 100.0 ], [ 175.05449500249108, -37.060064996776035, 100.0 ], [ 175.054485995768658, -37.060068000852731, 100.0 ], [ 175.054477993218285, -37.060071001950845, 100.0 ], [ 175.054469007684958, -37.06007299893627, 100.0 ], [ 175.054461005133362, -37.060076000033277, 100.0 ], [ 175.054453002581113, -37.060079001129758, 100.0 ], [ 175.054445000003881, -37.060082001324865, 100.0 ], [ 175.054435993301638, -37.060085006298721, 100.0 ], [ 175.05442900698938, -37.06008899380565, 100.0 ], [ 175.054421004434431, -37.060091994900048, 100.0 ], [ 175.054412997548411, -37.06009600279183, 100.0 ], [ 175.054405999140926, -37.060099000007014, 100.0 ], [ 175.054397991840261, -37.060102992583325, 100.0 ], [ 175.054391000506968, -37.060108003120838, 100.0 ], [ 175.054383997766706, -37.060112007132709, 100.0 ], [ 175.054383004586299, -37.060113001320602, 100.0 ], [ 175.054377008349718, -37.060120007161551, 100.0 ], [ 175.054370999557818, -37.060126005595556, 100.0 ], [ 175.054365996062671, -37.060132001032834, 100.0 ], [ 175.054360004129848, -37.060137999174216, 100.0 ], [ 175.054354995177874, -37.060145001428452, 100.0 ], [ 175.054349004367253, -37.060150999549855, 100.0 ], [ 175.054343001050398, -37.060155992066015, 100.0 ], [ 175.054336996997449, -37.060160999015018, 100.0 ], [ 175.054330994092112, -37.060166006845115, 100.0 ], [ 175.0543239967989, -37.060169004036247, 100.0 ], [ 175.054315994231217, -37.060172005123896, 100.0 ], [ 175.054315001049133, -37.060172999311263, 100.0 ], [ 175.054306004531355, -37.060174005974858, 100.0 ], [ 175.054296995459993, -37.060174005231076, 100.0 ], [ 175.054288004397876, -37.060174005075893, 100.0 ], [ 175.054278006475982, -37.0601739917199, 100.0 ], [ 175.054268993096542, -37.060174998672785, 100.0 ], [ 175.054261000703434, -37.060176000555096, 100.0 ], [ 175.054259008851346, -37.060175992702419, 100.0 ], [ 175.054251006255868, -37.060178992884921, 100.0 ], [ 175.054243003684007, -37.060181993967774, 100.0 ], [ 175.05423600092891, -37.060185997971274, 100.0 ], [ 175.054228998173102, -37.060190001974391, 100.0 ], [ 175.054222006407429, -37.060194997187963, 100.0 ], [ 175.054214997779923, -37.060199992693228, 100.0 ], [ 175.054209007391194, -37.060206007023325, 100.0 ], [ 175.054205006827942, -37.06020899375148, 100.0 ], [ 175.05419799861113, -37.060214004570305, 100.0 ], [ 175.054191995279211, -37.060218997079218, 100.0 ], [ 175.054185003508451, -37.060223992290744, 100.0 ], [ 175.054183006586385, -37.06022500566791, 100.0 ], [ 175.054176003411044, -37.060228994353579, 100.0 ], [ 175.054169000648045, -37.060232998353328, 100.0 ], [ 175.054160998067118, -37.060235999430887, 100.0 ], [ 175.054159000707045, -37.060236996592316, 100.0 ], [ 175.054149992850398, -37.060240001564743, 100.0 ], [ 175.0541419957259, -37.060241995823603, 100.0 ], [ 175.054133993118626, -37.060244995998524, 100.0 ], [ 175.054131007368142, -37.060245997663657, 100.0 ], [ 175.054122006067189, -37.060247994896244, 100.0 ], [ 175.054114008205744, -37.060250003586368, 100.0 ], [ 175.054111998366608, -37.060249996042835, 100.0 ], [ 175.054103008467081, -37.060252999799388, 100.0 ], [ 175.054093995075419, -37.060254006739321, 100.0 ], [ 175.054084992648399, -37.06025600398862, 100.0 ], [ 175.054081008180134, -37.060256001809705, 100.0 ], [ 175.054071999098284, -37.060256001049126, 100.0 ], [ 175.054063006901572, -37.060256000896644, 100.0 ], [ 175.054053997819636, -37.060256000134686, 100.0 ], [ 175.054047991374972, -37.060254998317838, 100.0 ], [ 175.054042007687968, -37.060253005606448, 100.0 ], [ 175.054036006703001, -37.060250996971483, 100.0 ], [ 175.05403000500732, -37.060249003670165, 100.0 ], [ 175.054024991337371, -37.060246992352496, 100.0 ], [ 175.054019007627261, -37.060244998739066, 100.0 ], [ 175.054012994531206, -37.06024199891143, 100.0 ], [ 175.054008003595811, -37.060238995797938, 100.0 ], [ 175.054002007361561, -37.060235995677644, 100.0 ], [ 175.053995994291171, -37.06023299674996, 100.0 ], [ 175.053991008081624, -37.060229001251315, 100.0 ], [ 175.0539849950122, -37.060226002323027, 100.0 ], [ 175.053979991554058, -37.06022199270231, 100.0 ], [ 175.053975005346075, -37.060217997202933, 100.0 ], [ 175.053968998151419, -37.060214006770785, 100.0 ], [ 175.053963994694925, -37.060209997149329, 100.0 ], [ 175.053958997112318, -37.060204996024609, 100.0 ], [ 175.053953005632053, -37.060201004418133, 100.0 ], [ 175.05394800805081, -37.060196003292923, 100.0 ], [ 175.053942992460975, -37.060191001578133, 100.0 ], [ 175.053937994905311, -37.060186001353294, 100.0 ], [ 175.053931997512592, -37.0601799973035, 100.0 ], [ 175.053926999934106, -37.060174996177302, 100.0 ], [ 175.053922007106138, -37.060169003567289, 100.0 ], [ 175.053916997005047, -37.060162995934583, 100.0 ], [ 175.05391199942872, -37.060157994807668, 100.0 ], [ 175.053907006603055, -37.060152002196943, 100.0 ], [ 175.053902002378521, -37.060145003060477, 100.0 ], [ 175.053896991132319, -37.060138994545426, 100.0 ], [ 175.053892003794743, -37.060131996017262, 100.0 ], [ 175.053887999409397, -37.060126000705225, 100.0 ], [ 175.05388299518836, -37.060119001567813, 100.0 ], [ 175.053878007829184, -37.060112002138112, 100.0 ], [ 175.053873002510301, -37.060105003920526, 100.0 ], [ 175.053869002441189, -37.060098000908773, 100.0 ], [ 175.053863998248147, -37.060091002671278, 100.0 ], [ 175.053858998369464, -37.060082996734565, 100.0 ], [ 175.05385499830291, -37.060075993722236, 100.0 ], [ 175.053849998863512, -37.060068004000428, 100.0 ], [ 175.05384599994693, -37.060061001869101, 100.0 ], [ 175.053841000072225, -37.060052995931485, 100.0 ], [ 175.053837005908377, -37.06004500231618, 100.0 ], [ 175.053832006035748, -37.060036996378095, 100.0 ], [ 175.053827993888802, -37.060029003073915, 100.0 ], [ 175.053822995142269, -37.060020997115906, 100.0 ], [ 175.053819005320406, -37.060011996701711, 100.0 ], [ 175.053814993176275, -37.060004003396969, 100.0 ], [ 175.053809999184267, -37.059995005954654, 100.0 ], [ 175.053806004613961, -37.059986997023529, 100.0 ], [ 175.05380199793521, -37.059977996900635, 100.0 ], [ 175.05379800377969, -37.059970003283674, 100.0 ], [ 175.053793997078543, -37.059961002259563, 100.0 ], [ 175.053789003116322, -37.059952005716994, 100.0 ], [ 175.053784996441578, -37.059943005593347, 100.0 ], [ 175.053781006628668, -37.059934005177503, 100.0 ], [ 175.053776999931642, -37.059925004152646, 100.0 ], [ 175.053772993259855, -37.05991600402848, 100.0 ], [ 175.053768992052142, -37.059905997086496, 100.0 ], [ 175.053765003367289, -37.059896996650465, 100.0 ], [ 175.053762000844955, -37.059887992653131, 100.0 ], [ 175.053757994201362, -37.059878993429137, 100.0 ], [ 175.053753993386465, -37.059869000900107, 100.0 ], [ 175.053750003557184, -37.059859999582031, 100.0 ], [ 175.053746002380052, -37.059849993539842, 100.0 ], [ 175.053743001423356, -37.059841005737738, 100.0 ], [ 175.053738999099892, -37.059830998813844, 100.0 ], [ 175.053734992438024, -37.059821998687973, 100.0 ], [ 175.053731996923176, -37.05981200316694, 100.0 ], [ 175.053727994602866, -37.059801996242541, 100.0 ], [ 175.053724005928842, -37.059792995804671, 100.0 ], [ 175.053720991307841, -37.059783000614203, 100.0 ], [ 175.053717008099568, -37.059772993358337, 100.0 ], [ 175.053713993504715, -37.059762999068461, 100.0 ], [ 175.053710004834556, -37.059753998629951, 100.0 ], [ 175.053707008202053, -37.059744003127477, 100.0 ], [ 175.05370399434517, -37.059733994404105, 100.0 ], [ 175.053699993545791, -37.059724001872588, 100.0 ], [ 175.053697009023693, -37.059714997561443, 100.0 ], [ 175.05369399443407, -37.059705003270807, 100.0 ], [ 175.053690998516942, -37.059694992433755, 100.0 ], [ 175.053686996621764, -37.059685000821936, 100.0 ], [ 175.053684000019672, -37.05967500621945, 100.0 ], [ 175.053680998640857, -37.05966600219972, 100.0 ], [ 175.053678001603174, -37.059655991381646, 100.0 ], [ 175.053675005003555, -37.059645996778805, 100.0 ], [ 175.053671991519707, -37.059636001567029, 100.0 ], [ 175.053669007029129, -37.059626998155693, 100.0 ], [ 175.053665993546929, -37.059617002943675, 100.0 ], [ 175.053662996537724, -37.059606993025874, 100.0 ], [ 175.053659995577362, -37.059598004319867, 100.0 ], [ 175.053656998569807, -37.059587994401838, 100.0 ], [ 175.053653997611008, -37.05957900569561, 100.0 ], [ 175.053651000605072, -37.059568995777369, 100.0 ], [ 175.053647998523786, -37.059560007090376, 100.0 ], [ 175.053646006785556, -37.05954999328091, 100.0 ], [ 175.05364300582977, -37.059541004574278, 100.0 ], [ 175.053640003337705, -37.059532000572482, 100.0 ], [ 175.053637007872766, -37.059522005948722, 100.0 ], [ 175.053634992687307, -37.059512999268172, 100.0 ], [ 175.053632008206591, -37.059503995855451, 100.0 ], [ 175.053629994534987, -37.059495003568934, 100.0 ], [ 175.05362699204656, -37.059485999566647, 100.0 ], [ 175.053624007567976, -37.05947699615362, 100.0 ], [ 175.053621993922491, -37.059468004767737, 100.0 ], [ 175.053618992584546, -37.05945900164653, 100.0 ], [ 175.05361700675914, -37.059451000278912, 100.0 ], [ 175.053614992702364, -37.059441993578311, 100.0 ], [ 175.053612008615801, -37.059433004578487, 100.0 ], [ 175.053610005955505, -37.059425004403515, 100.0 ], [ 175.053607991900407, -37.059415997702729, 100.0 ], [ 175.053605001961643, -37.059408001106739, 100.0 ], [ 175.05360399792616, -37.059397999031454, 100.0 ], [ 175.053602999793753, -37.059387006353717, 100.0 ], [ 175.053602999922958, -37.059377001308135, 100.0 ], [ 175.053601995888329, -37.059366999232758, 100.0 ], [ 175.053600991878312, -37.059356998058185, 100.0 ], [ 175.053600004705032, -37.059346995690738, 100.0 ], [ 175.053600006371852, -37.059337005940137, 100.0 ], [ 175.053599001238638, -37.059327004784954, 100.0 ], [ 175.053597997205486, -37.059317002709435, 100.0 ], [ 175.053597998459821, -37.059306997644256, 100.0 ], [ 175.05359699442721, -37.05929699556868, 100.0 ], [ 175.053596007279936, -37.05928699410191, 100.0 ], [ 175.053594997806528, -37.059277999744921, 100.0 ], [ 175.053594997913166, -37.059267993798301, 100.0 ], [ 175.053594006424987, -37.059258999129781, 100.0 ], [ 175.053592996928046, -37.05925000387186, 100.0 ], [ 175.053592005027525, -37.059240993888793, 100.0 ], [ 175.053590995531181, -37.059231998630814, 100.0 ], [ 175.053590004044139, -37.059223003962195, 100.0 ], [ 175.053589006654363, -37.059214999896, 100.0 ], [ 175.053587004003248, -37.059206999720104, 100.0 ], [ 175.053586006614069, -37.059198995653844, 100.0 ], [ 175.053583999621907, -37.059192002276234, 100.0 ], [ 175.053583002233296, -37.05918399820991, 100.0 ], [ 175.053581006199408, -37.059177995142676, 100.0 ], [ 175.053578999208355, -37.059171001764895, 100.0 ], [ 175.053577003199422, -37.059164999598401, 100.0 ], [ 175.053574003029695, -37.059159000401756, 100.0 ], [ 175.053572002655216, -37.059154004132651, 100.0 ], [ 175.053568997731304, -37.059148996419694, 100.0 ], [ 175.053565992096708, -37.059144004040611, 100.0 ], [ 175.053562998568111, -37.059140002853312, 100.0 ], [ 175.053559999160626, -37.059136993169247, 100.0 ], [ 175.053557005632598, -37.05913299198177, 100.0 ], [ 175.053552997722562, -37.059130992065597, 100.0 ], [ 175.053549005549314, -37.059128991876754, 100.0 ], [ 175.053544997639705, -37.059126991960319, 100.0 ], [ 175.053539995839628, -37.059126001558639, 100.0 ], [ 175.053535998935814, -37.059124993754068, 100.0 ], [ 175.053530992404774, -37.059124995736724, 100.0 ], [ 175.05352800232194, -37.05912700328328, 100.0 ], [ 175.053521991264489, -37.059129997767592, 100.0 ], [ 175.053516997985071, -37.059133994868276, 100.0 ], [ 175.053510995077289, -37.059139001755987, 100.0 ], [ 175.05350499178013, -37.059143994229743, 100.0 ], [ 175.053499005731425, -37.059149000824902, 100.0 ], [ 175.053493002432702, -37.059153993298089, 100.0 ], [ 175.053486994054538, -37.059160007002518, 100.0 ], [ 175.053479997573334, -37.059165993655604, 100.0 ], [ 175.053473001503932, -37.059171995622819, 100.0 ], [ 175.053466005433421, -37.059177997589657, 100.0 ], [ 175.053458991377113, -37.05918399986755, 100.0 ], [ 175.053450996610451, -37.059188997984613, 100.0 ], [ 175.053443000743016, -37.059193997021481, 100.0 ], [ 175.053435992126964, -37.059198991579379, 100.0 ], [ 175.053427996670337, -37.059204005929793, 100.0 ], [ 175.053419000981933, -37.059208001135381, 100.0 ], [ 175.053410998474902, -37.05921100216041, 100.0 ], [ 175.053401991805202, -37.059214006153361, 100.0 ], [ 175.05339399476523, -37.059216000359392, 100.0 ], [ 175.053384998344455, -37.059217006950149, 100.0 ], [ 175.053381008023734, -37.059217995348561, 100.0 ], [ 175.053378998599953, -37.059218002205427, 100.0 ], [ 175.053370000617463, -37.059218992599163, 100.0 ], [ 175.053360000058177, -37.059220003057078, 100.0 ], [ 175.053351003199168, -37.059220993429918, 100.0 ], [ 175.053341006960068, -37.059220996186959, 100.0 ], [ 175.053331998022315, -37.059220996267257, 100.0 ], [ 175.053324004573852, -37.059218994156929, 100.0 ], [ 175.053315993141041, -37.059216992357477, 100.0 ], [ 175.053314006047401, -37.059215992103368, 100.0 ], [ 175.053306993681332, -37.059212004620711, 100.0 ], [ 175.053300003233488, -37.05920699471325, 100.0 ], [ 175.053299991155569, -37.059206004422116, 100.0 ], [ 175.053292996338712, -37.059202000411801, 100.0 ], [ 175.053286006305569, -37.059197005817971, 100.0 ], [ 175.053280003137189, -37.059191992332849, 100.0 ], [ 175.053273007635767, -37.05918800455612, 100.0 ], [ 175.053266000331661, -37.059182994938439, 100.0 ], [ 175.05325899344129, -37.05917800063483, 100.0 ], [ 175.053253007574028, -37.05917300307167, 100.0 ], [ 175.053246000248322, -37.059167992551849, 100.0 ], [ 175.053239997522013, -37.05916299527992, 100.0 ], [ 175.053233007495891, -37.0591580006827, 100.0 ], [ 175.053227004771202, -37.059153003410039, 100.0 ], [ 175.053221007493789, -37.05914699841825, 100.0 ], [ 175.053214000634, -37.05914200501261, 100.0 ], [ 175.05320799788754, -37.05913700683805, 100.0 ], [ 175.053201994729022, -37.059131993348643, 100.0 ], [ 175.053195997892374, -37.059126004570814, 100.0 ], [ 175.053189995172687, -37.05912100729612, 100.0 ], [ 175.053183997900732, -37.059115002302256, 100.0 ], [ 175.053180993037529, -37.05911299942607, 100.0 ], [ 175.051162004390108, -37.060563005549845, 100.0 ], [ 175.048762992520238, -37.06261800527529, 100.0 ], [ 175.046161999104157, -37.064844995915415, 100.0 ], [ 175.040444002856219, -37.064916993173441, 100.0 ], [ 175.040234001934863, -37.064918997081215, 100.0 ], [ 175.039970996312775, -37.064836005669726, 100.0 ], [ 175.039875998451464, -37.064482995315046, 100.0 ], [ 175.038843994238846, -37.063968004437086, 100.0 ], [ 175.038074996715636, -37.063865994699036, 100.0 ], [ 175.037288001788994, -37.063726002057571, 100.0 ], [ 175.036748995401894, -37.063560003235544, 100.0 ], [ 175.035563008008268, -37.063002998702828, 100.0 ], [ 175.03532999183011, -37.062783996701171, 100.0 ], [ 175.035054998868702, -37.062394996653744, 100.0 ], [ 175.034640008813881, -37.061951992687163, 100.0 ], [ 175.034188993001038, -37.061721006877853, 100.0 ], [ 175.033505007058267, -37.06169399641351, 100.0 ], [ 175.032855992910953, -37.061805995657892, 100.0 ], [ 175.032078993485129, -37.062326997769617, 100.0 ], [ 175.03144399421484, -37.062519000698188, 100.0 ], [ 175.030410003394252, -37.062584002327476, 100.0 ], [ 175.030230007171838, -37.062482000795221, 100.0 ], [ 175.030032996322632, -37.062482999835211, 100.0 ], [ 175.029707003534924, -37.062851993447879, 100.0 ], [ 175.029230998687837, -37.062875003415542, 100.0 ], [ 175.026606994853068, -37.063811994330884, 100.0 ], [ 175.026069995133156, -37.06406599605976, 100.0 ], [ 175.026068007619557, -37.064092997149892, 100.0 ], [ 175.025970002599337, -37.065417004592724, 100.0 ], [ 175.025129998973142, -37.064960993547565, 100.0 ], [ 175.02471999332721, -37.064676998905306, 100.0 ], [ 175.022812001783223, -37.06389700280225, 100.0 ], [ 175.022709995944979, -37.063856000694223, 100.0 ], [ 175.022409005460759, -37.063733007233019, 100.0 ], [ 175.02237900198898, -37.063719997989402, 100.0 ], [ 175.022346000537425, -37.065200997727381, 100.0 ], [ 175.022019997426383, -37.065474998661102, 100.0 ], [ 175.020793007374152, -37.065219998753484, 100.0 ], [ 175.020749992453688, -37.065210003913094, 100.0 ], [ 175.020749005783841, -37.065228003033752, 100.0 ] ] ] } }
]
}
