175.02074900578384,-37.06522800303375
175.02074900763128,-37.06524599972834
175.02075099520766,-37.06526499724925
175.02075100813204,-37.06528099562087
175.02075199665683,-37.06529900524232
175.02075199850574,-37.06531700193669
175.0207520046307,-37.065327997428014
175.02075200058312,-37.06534700095069
175.0207520013084,-37.06536499766407
175.02075300149485,-37.06538399759142
175.0207540080092,-37.065402006905984
175.0207549968681,-37.06541100193559
175.02075999985752,-37.065430005748134
175.02076299757476,-37.065447992844376
175.02076299845544,-37.065454001651915
175.02075799806704,-37.06547099214748
175.02074900736864,-37.06548900059394
175.02074699720984,-37.06549199555075
175.0207370081921,-37.065509001664104
175.02072399682686,-37.06552400256644
175.02071300153918,-37.065535002583694
175.02069700496662,-37.065547999442195
175.02067900356596,-37.065559996697935
175.0206619958376,-37.065570999130344
175.02065799406333,-37.065574000987425
175.02064299695942,-37.0655880019547
175.02062799870197,-37.0656020020385
175.0206130015871,-37.06561600300227
175.02061000404532,-37.0656190012637
175.0205930079752,-37.0656309948939
175.02057500766253,-37.0656429921156
175.02055900456807,-37.06565400715596
175.02054399534308,-37.065667001589645
175.0205289982,-37.06568100254348
175.02051800873753,-37.065690994814595
175.02050299359837,-37.065704996071865
175.02048799529229,-37.06571899613915
175.02047400351523,-37.06573299437513
175.0204700063565,-37.06573799338011
175.02045800028696,-37.0657529915442
175.02044500683644,-37.0657679930126
175.02043199651837,-37.06578299476703
175.02043100321703,-37.06578400399991
175.02041599394485,-37.065796998418534
175.02039899190316,-37.065809998851115
175.02038800293545,-37.06581700156181
175.02037100681002,-37.06582899606305
175.02035300526737,-37.065840992371385
175.02033700899943,-37.06585400540012
175.02033000345295,-37.06585799215133
175.0203150051091,-37.065871993099115
175.0203010063491,-37.06588399239875
175.02028599225648,-37.065897993611294
175.02027599519005,-37.065909996827884
175.0202650065047,-37.065925997885444
175.0202560035795,-37.06594300067718
175.02024800601606,-37.065959999857995
175.0202439929632,-37.065968003988274
175.0202340085289,-37.065984002353
175.02022599296987,-37.066001001838956
175.0202189996603,-37.066017998327915
175.0202120015444,-37.06603600072497
175.0202050024558,-37.06605099917751
175.02019500114054,-37.06606699782661
175.02018399332968,-37.06608300010393
175.02017200513794,-37.0660979979351
175.02016899649365,-37.06610299541011
175.02015799581727,-37.06612999225775
175.02014899284578,-37.06614699504224
175.02014799434951,-37.06614899576746
175.02014000880047,-37.06616700056297
175.0201340091746,-37.06618300313166
175.02012900858037,-37.06619999270349
175.02012500156772,-37.06621899322358
175.02012200515725,-37.066237000441426
175.02012099538618,-37.06624400255184
175.02011600576736,-37.06626199956521
175.02011299244316,-37.06628000526837
175.02011200548608,-37.06628600206469
175.0201120012898,-37.06630500558924
175.02011499889878,-37.06632299270296
175.02012200567023,-37.06633999220835
175.02013199189022,-37.06635699773249
175.0201360072277,-37.06636400075199
175.02014400139245,-37.06638099695263
175.02015499779847,-37.066396992956406
175.02017100772812,-37.06640899199356
175.0201870061646,-37.06641699675895
175.0202079947958,-37.066425000319136
175.02023099841304,-37.0664290021173
175.0202409957306,-37.066429002124146
175.02026399850558,-37.06642699510802
175.02028300588188,-37.06642399355578
175.02030600328405,-37.0664200038109
175.02032800083143,-37.06641499643048
175.0203369990355,-37.06641400672516
175.020359996025,-37.066410001655164
175.0203700055725,-37.06640800421017
175.02039199730942,-37.06640099788181
175.02041200847037,-37.06639199922401
175.0204219990006,-37.066386996335766
175.02043900116252,-37.06637399589732
175.02045399845326,-37.06635999495184
175.02045700811576,-37.06635800321548
175.0204730048946,-37.06634500638471
175.0204900070384,-37.0663320059394
175.02049399677097,-37.06632799756513
175.02050900037244,-37.06631300600051
175.02052100608458,-37.06629799161457
175.0205239919744,-37.06629400214778
175.02053500453968,-37.06627699393235
175.02053800150856,-37.06627100614255
175.0205490081446,-37.06625500385341
175.02056000383635,-37.06623799592324
175.02057099825933,-37.06622399197408
175.0205829938184,-37.066208002571955
175.02059099697365,-37.06619600536873
175.0205990003802,-37.06617799933865
175.0206049940085,-37.066163003577664
175.02061299265839,-37.06614600525676
175.0206219944242,-37.066129003360146
175.02062800073708,-37.0661180036496
175.0206399947377,-37.06610199894664
175.02065499821927,-37.06608700556346
175.02065600840777,-37.06608599694223
175.0206719941074,-37.06607199264496
175.02068899503294,-37.06605899219255
175.02070299474974,-37.06604999679182
175.0207210072483,-37.06603900697181
175.02074099409444,-37.06602799521845
175.02075899548322,-37.06601900281469
175.0207789955332,-37.06600899755779
175.02080000603837,-37.06600100295269
175.02080799264877,-37.06599800437906
175.02083100747126,-37.06599399891537
175.0208539921077,-37.06599199209555
175.02085499790383,-37.06599200469575
175.02087899410162,-37.065992007605594
175.02090200351063,-37.06599500244841
175.02091200066567,-37.06599800726372
175.02093100299015,-37.06600799942319
175.02094900462174,-37.06601999324999
175.02095699274244,-37.06602599300231
175.020977004928,-37.06603500627821
175.02098799638836,-37.066040005792765
175.0210039952978,-37.06605400303882
175.021015997221,-37.06606999624365
175.02102099410925,-37.066078002749386
175.02102999270264,-37.06609499618912
175.02103600635544,-37.066113004873344
175.02104200276608,-37.066130999430605
175.02104500636108,-37.06614200060926
175.02105499387977,-37.06615900603162
175.02106399246716,-37.066175998567175
175.0210700057287,-37.0661939919342
175.02107000806922,-37.066212003938546
175.02106799291923,-37.06623099757441
175.0210629987588,-37.066250001429935
175.02105899737046,-37.06626200165513
175.02105399221196,-37.06627999806872
175.0210469931744,-37.06629800142916
175.02104099950367,-37.066316001172055
175.0210400069217,-37.066316995075965
175.02103399526126,-37.066334995125125
175.0210270036378,-37.066352006952016
175.0210179945164,-37.06637000040937
175.02101500388162,-37.06637499669685
175.02100400829903,-37.06639200556727
175.02099300171824,-37.066408006995175
175.02098000309454,-37.06642400001504
175.02097600116656,-37.06643000584562
175.02096500511342,-37.06644699759624
175.02095399856464,-37.06646300082261
175.02094299198743,-37.06647900314717
175.02093099758977,-37.06649499256491
175.0209179981971,-37.066511000011694
175.02090599212707,-37.066525999121204
175.02090100349585,-37.06653199202419
175.02088999577379,-37.06654799436346
175.02087900126375,-37.06656500320425
175.02086900480074,-37.066579995097705
175.0208590035633,-37.06659599379938
175.0208489953027,-37.06661299934764
175.0208390061488,-37.06663000456941
175.02083400420892,-37.066637996731416
175.02082399706174,-37.066655002258614
175.02081400636646,-37.06667199218287
175.02080900592807,-37.06667999873868
175.02080000304497,-37.06669700156875
175.02079200553337,-37.06671400078297
175.02078400212267,-37.06673200682489
175.02077699788882,-37.06674799590144
175.0207670075781,-37.06676500113695
175.0207580046763,-37.06678200396418
175.020747997088,-37.066798994170846
175.02073899415433,-37.06681599609591
175.02073300091374,-37.06683100717767
175.02072700713194,-37.06684900690665
175.02072099646085,-37.066867006021866
175.0207160080753,-37.06688500303653
175.02071200016698,-37.066900998727114
175.0207079991686,-37.06691899243338
175.02070299317273,-37.066937004168004
175.0206989921707,-37.06695499787399
175.02069299837243,-37.06697299760143
175.0206919939841,-37.06697600515903
175.02068499552135,-37.066993993166626
175.02067699683138,-37.06701099239316
175.02067099145103,-37.06702499604966
175.02066499876548,-37.06704299575668
175.02065900492917,-37.06706099458173
175.02065499803825,-37.0670799960154
175.0206520016816,-37.0670980014397
175.02065099724416,-37.06710999203674
175.0206519974487,-37.06712899195978
175.02065300398152,-37.06714700127023
175.02065399806412,-37.06715500570454
175.02065499939474,-37.06717400560821
175.0206560043748,-37.067191998721974
175.02065700575466,-37.06721100042722
175.0206570001714,-37.06722100380799
175.02065800152832,-37.06724000461225
175.0206590065107,-37.067257997725754
175.02065900246225,-37.067277001243305
175.02066000267294,-37.06729600116563
175.020660991335,-37.067311005918945
175.0206610048683,-37.06732999381499
175.02066200508077,-37.0673489937371
175.02066299363423,-37.06736700335322
175.02066399927148,-37.067379002955946
175.02066500061014,-37.06739800285869
175.0206660067222,-37.067415995952416
175.0206670059477,-37.06743199193122
175.02066499813012,-37.067449994928964
175.0206630012539,-37.0674690035665
175.0206600045056,-37.06748699457636
175.02065599757356,-37.06750599510858
175.0206559928008,-37.06750700191752
175.0206520027298,-37.067526002162225
175.0206480016912,-37.0675439958661
175.02064200784082,-37.06756199559104
175.02063999274307,-37.06756900221866
175.02063299460244,-37.06758700463744
175.0206250075279,-37.06760499506783
175.02061799772142,-37.067622007179935
175.0206169988137,-37.06762399259404
175.0206110049505,-37.06764199231759
175.02060599258795,-37.067660995561454
175.02060000502362,-37.06767800377121
175.02059399341417,-37.06768999497556
175.0205829986597,-37.06770700289187
175.02057200869817,-37.0677230048992
175.02056899997353,-37.06772800058247
175.0205630061157,-37.06774600120475
175.0205599928554,-37.06776400691362
175.02055900097926,-37.06778299842274
175.02055700366517,-37.06780199174374
175.02055499433868,-37.06781099640491
175.02054699666616,-37.06782799560476
175.0205380056886,-37.06784600493919
175.02052799677338,-37.06786299424837
175.0205189948231,-37.06787999704081
175.02051099601167,-37.06789699625766
175.02050900478017,-37.06790299574872
175.0205060020843,-37.06792199358313
175.0205049984885,-37.06793999298416
175.02050499438556,-37.06795899559994
175.02050700001476,-37.06797799371083
175.0205079998566,-37.067987995279395
175.0205109980499,-37.068005997688296
175.020514007951,-37.06802499220464
175.02051799513183,-37.06804300840369
175.02051900617013,-37.068048006787016
175.02052300345758,-37.068066997095094
175.02052600280655,-37.06808500038492
175.02052899582847,-37.06810399428692
175.0205289960897,-37.06811599840413
175.020527005068,-37.06813400021089
175.02052399178805,-37.068152005918435
175.02051899698066,-37.068170994438304
175.02051600023432,-37.06818000240568
175.02051199911227,-37.068197995204216
175.02050699299963,-37.068216006930825
175.0204999943923,-37.0682339949287
175.02049600388023,-37.06824399591394
175.02048399746758,-37.06825899498727
175.02047099769464,-37.068275002392376
175.02045800383937,-37.06829000386903
175.0204519974616,-37.06829799871026
175.02044399971962,-37.06831499790406
175.02043700149562,-37.06833300121344
175.0204319949513,-37.0683509976225
175.0204299966796,-37.06835800395954
175.02042299844877,-37.068376007268185
175.0204170044644,-37.06839400608205
175.02041199793584,-37.06841200339122
175.02041199275396,-37.0684129948853
175.02040700346876,-37.068431006320864
175.02040300233426,-37.06844900001704
175.0203989952982,-37.068468000541124
175.02039700426423,-37.06848600324674
175.02039699318235,-37.06848800156883
175.0203949958174,-37.06850699488673
175.02039399221792,-37.06852499518705
175.02039199528198,-37.068544004720515
175.02039100273979,-37.068560005797785
175.0203870015722,-37.06857799859252
175.02038299932653,-37.068595993208
175.0203820064693,-37.06860299683265
175.0203789931654,-37.06862100343765
175.020376995794,-37.06863999675508
175.0203750047283,-37.06865799855926
175.0203739952237,-37.06867700568718
175.0203729916189,-37.06869500598704
175.02037199967077,-37.068713996592685
175.02037200000706,-37.06872299494592
175.02037199588003,-37.06874199756033
175.0203709922746,-37.06875999786004
175.02036999960808,-37.06877900379947
175.02036899600208,-37.068797004099075
175.0203689954526,-37.068799992746065
175.02036599422726,-37.06881900587197
175.02036199306687,-37.06883699956657
175.02035799078058,-37.06885499328018
175.02035799806794,-37.06885700570962
175.02035399577986,-37.06887499942311
175.0203499946143,-37.06889299311731
175.02034500643623,-37.068911005432
175.02034499998572,-37.06891500090692
175.02033999453568,-37.068932998193944
175.02033500479857,-37.06895099431173
175.02032999860245,-37.06896900603145
175.02032899477436,-37.06897500311491
175.0203269974092,-37.06899399733196
175.02032599376867,-37.06901199673012
175.0203239968086,-37.06903100626185
175.020322998088,-37.06904499488939
175.02032000159676,-37.06906300030435
175.0203160004153,-37.0690809939974
175.02031299804463,-37.06910000714102
175.0203119932106,-37.06910299938087
175.02030899783932,-37.06912100477638
175.0203059950594,-37.06914000260499
175.02030399821354,-37.06915600727371
175.0203020067402,-37.06917399466219
175.0203009971926,-37.0691930008878
175.0202990061244,-37.069211003590965
175.02029800692299,-37.06921899782698
175.0202929944201,-37.069238001959185
175.0202889932249,-37.069255995651275
175.02028700745748,-37.0692700019977
175.02028800762486,-37.06928900191916
175.0202910069801,-37.06930700521166
175.02029200596147,-37.06931099797528
175.02029399355374,-37.06932999459099
175.0202970049993,-37.06934900440456
175.02030000863613,-37.069360005595904
175.02030900864142,-37.06937699995647
175.02032000551972,-37.06939299502247
175.02032199825808,-37.06939599386769
175.020332996816,-37.06940900026637
175.0203360059296,-37.06941300203947
175.02034800825433,-37.0694289943909
175.02035999415122,-37.06944500324393
175.02037099217475,-37.069460998285244
175.02038200709018,-37.069476993938885
175.0203829943734,-37.06947999459399
175.02039200535242,-37.06949799458659
175.02039899564704,-37.06951499434381
175.02040500370111,-37.06953100591311
175.02041200453593,-37.06954899599413
175.02041800626642,-37.0695659981747
175.0204250075143,-37.06958400356947
175.02043199151979,-37.069601994837086
175.02043399635713,-37.06960600020133
175.02044400109574,-37.06962300536895
175.02045400543255,-37.06963999522076
175.02046399219282,-37.069657000692864
175.02047299222454,-37.06967399323628
175.02047700136418,-37.069684992609474
175.02048299722313,-37.06970300161344
175.02048800637527,-37.06972099859034
175.0204910046513,-37.0697390009929
175.02049199333433,-37.069754005741856
175.02049199517103,-37.06977200242535
175.02048999783503,-37.069790996642176
175.02048700136234,-37.06980900205894
175.020483998584,-37.06982799898859
175.02048400538075,-37.06983300186571
175.02048199635868,-37.06985100487586
175.0204810044123,-37.069869994577694
175.0204789953889,-37.069887997587735
175.020478003896,-37.06990700440602
175.0204780043642,-37.06991299789519
175.02047600702264,-37.06993199211155
175.02047499754124,-37.069950999236234
175.0204739939337,-37.06996899863224
175.02047300129126,-37.06998800456859
175.02047199680865,-37.069999995160615
175.0204709932003,-37.070017994556494
175.02047000170518,-37.07003700137443
175.0204679926766,-37.07005500438401
175.020467999473,-37.07006000726097
175.02046600687672,-37.07007799376746
175.02046399307272,-37.07009700358552
175.02046200202952,-37.0701150062884
175.02046000470492,-37.07013400140503
175.02045700819147,-37.07015200591981
175.02045499351036,-37.07016500693382
175.0204519966123,-37.07018299703453
175.0204480075052,-37.07020199725089
175.02044499304705,-37.07022000387359
175.0204420025635,-37.07023399759918
175.02044000520823,-37.070252991814506
175.02043699187098,-37.070270998417804
175.02043499449002,-37.070289991732125
175.0204339961906,-37.07030399567248
175.02043200513714,-37.070321998374645
175.02043000777812,-37.07034099258967
175.02042699441205,-37.07035899829177
175.02042500766458,-37.070370000696336
175.02041900260457,-37.07038699386982
175.02041200308267,-37.07040499719686
175.02040599209474,-37.0704229962966
175.02039999799157,-37.07044099600959
175.02039800692796,-37.07045899871113
175.02039699742622,-37.07047800583435
175.02039599379904,-37.07049600522896
175.02039600091717,-37.07051000555546
175.0203959953101,-37.07052899376954
175.02039699555974,-37.070547994585866
175.02039699778916,-37.07056600658256
175.02039699215905,-37.070584993895594
175.02039700607153,-37.07060399709858
175.02039700087224,-37.070623000627165
175.02039700269606,-37.070640997308864
175.02039800292485,-37.0706599972239
175.02039799762937,-37.07066399357936
175.020400002593,-37.07068300611568
175.02040199618642,-37.07070099679675
175.02040400149528,-37.07071099474772
175.02040699982533,-37.07072899804989
175.02041200311615,-37.07074800095237
175.02041699434415,-37.070765998234236
175.02042099243798,-37.07077899502643
175.02042600094046,-37.07079700733514
175.02043099215157,-37.070815003715225
175.02043600137696,-37.070833000689326
175.02043799460472,-37.07084199211814
175.0204419924817,-37.070860998632426
175.0204459962588,-37.07087899831882
175.0204510043684,-37.07089699531104
175.02045500866822,-37.07091200545015
175.0204630034283,-37.07092900160058
175.02047200252315,-37.070945995056185
175.0204809968251,-37.070963994418506
175.02048200847375,-37.0709660050538
175.02048800401857,-37.070983997835135
175.02049299528244,-37.07100199511213
175.0204980049432,-37.07102000739706
175.02050100881988,-37.07102800461699
175.0205109953806,-37.071044994760804
175.02052200579712,-37.07106199719811
175.02053000058925,-37.07107899334271
175.02053200534175,-37.07108600266355
175.02053499854202,-37.07110499745367
175.02053399382197,-37.07112299686608
175.02053300194848,-37.07113300443108
175.0205310046029,-37.071151998645256
175.02052700338484,-37.071169992341275
175.02052400061729,-37.07118000623476
175.02051999939644,-37.071197999930554
175.0205149927389,-37.07121599724088
175.02051099731813,-37.07122700503491
175.0205060011933,-37.071245992669404
175.02049699308571,-37.07126099742941
175.02047999618495,-37.07127300638574
175.0204669951817,-37.07128000103504
175.02044799286725,-37.07129099417233
175.0204279984377,-37.07129999256115
175.02042500006957,-37.071300001294695
175.0204029949888,-37.07130299718442
175.02037900229274,-37.07130200273475
175.0203750003304,-37.071301999727446
175.0203670063611,-37.07129999541037
175.02034400125373,-37.071295993686014
175.02032200578225,-37.071287992908914
175.02030100519343,-37.071278997289255
175.02029999975755,-37.071279000902116
175.0202809968329,-37.071268991551065
175.02026200547374,-37.07125700189288
175.02025100232507,-37.071250995795964
175.02023099440854,-37.07124100626455
175.02020999343654,-37.071231995313184
175.02019499872716,-37.07122400411114
175.02017500840637,-37.071213998948494
175.02015699341501,-37.071204003387734
175.0201359924616,-37.07119499242264
175.02011600143805,-37.07118500258348
175.0200970048929,-37.07117400258931
175.0200909969717,-37.071169995123995
175.02007600887237,-37.07115500357026
175.02006099645791,-37.071141002932954
175.02005600028463,-37.07113600034199
175.02003800809388,-37.07112499764695
175.02001699547378,-37.07111499455223
175.01999600597492,-37.07110700721797
175.0199729999489,-37.071100000576266
175.01995100093885,-37.071093007417545
175.01992800064528,-37.07108799699941
175.0199050019568,-37.07108300457499
175.01988699800896,-37.07107999368615
175.01986400502412,-37.071076996585354
175.01984099410083,-37.07107400158822
175.01983200643434,-37.07107299295018
175.01980899647643,-37.07107300188897
175.01978499276,-37.07107400563831
175.0197619933519,-37.071075005793745
175.01973800721538,-37.07107599391239
175.019734004546,-37.071076006217034
175.01971000042062,-37.07107699463645
175.01968600301484,-37.07107700685273
175.01966299743205,-37.07107599363972
175.01963900481036,-37.071074999037755
175.01963299785265,-37.07107399458974
175.01960899949174,-37.07107100284797
175.01958600039634,-37.07106599414517
175.0195630074727,-37.07106299878725
175.01955899272534,-37.071062004564446
175.01953499491657,-37.07106200143523
175.01951100806107,-37.07106300484184
175.01948699226364,-37.0710630020093
175.01946400508007,-37.07106200376586
175.0194549945963,-37.071062000412454
175.0194319955124,-37.07105699167938
175.01941000748826,-37.071051004058205
175.01938699674045,-37.0710450041094
175.0193769978431,-37.07104199920505
175.01935299428183,-37.07103999800399
175.01932900167265,-37.07103900333882
175.0193060083588,-37.07103599261566
175.01930199361584,-37.07103499838402
175.01928099896557,-37.071028000612436
175.01925999858827,-37.071019005702986
175.01923999636406,-37.071007993855346
175.01922699467343,-37.070999995625
175.0192079971972,-37.070988996402804
175.01918900604713,-37.07097700566414
175.0191750059737,-37.07096800418384
175.01915500377487,-37.07095699232099
175.01913600038046,-37.07094699901375
175.0191179972254,-37.07093799359473
175.01909800756857,-37.07092800536005
175.01907700568523,-37.07091899422004
175.01906200018004,-37.070909995427044
175.01904400243208,-37.070896994539716
175.01902900807414,-37.07088599832084
175.01901099349772,-37.07087299861614
175.01899499386406,-37.07085900023022
175.01898200353466,-37.070845999686505
175.01897000084705,-37.070829991883635
175.0189599966669,-37.07081300190454
175.01894999208517,-37.07079599660961
175.01894099813774,-37.07077799621832
175.0189300061234,-37.070760994216165
175.01891800386684,-37.070745001721896
175.01890899306983,-37.07072700161477
175.0189049955823,-37.07071999825577
175.01889900520203,-37.07070099767186
175.01889399751926,-37.07068300240389
175.01889200347975,-37.070671004297175
175.01888800599966,-37.07065199771815
175.01888599549505,-37.07063399197306
175.01888499564384,-37.07061499203386
175.01888499512762,-37.07060000018578
175.01888900263148,-37.07058099970464
175.01889399167803,-37.070563003658094
175.0188939918522,-37.070559998794536
175.01889399630332,-37.07054099527373
175.01889500661116,-37.07052200436791
175.018896004417,-37.07051399394392
175.01890199888436,-37.070495994296394
175.0189069947921,-37.070479996265526
175.01890899253448,-37.0704610020651
175.01890799155757,-37.07044200214483
175.01890799747605,-37.070440995316595
175.01890699757635,-37.07042199357536
175.01890400488696,-37.070403001431714
175.0188980032182,-37.070389003131346
175.01888600694934,-37.07037200380268
175.01887000744748,-37.070358005394944
175.0188649939586,-37.070355992585284
175.01884399343922,-37.070353006420724
175.0188189961413,-37.07035500387458
175.01879800782507,-37.070355998438814
175.0187749971295,-37.070353002325724
175.01876199595907,-37.0703509984324
175.01873900307316,-37.07035100686981
175.01871900106863,-37.07035199814621
175.0186959975933,-37.070356994427904
175.01867800665815,-37.070360998678375
175.0186550017026,-37.07036000057751
175.0186320028784,-37.070354991680716
175.01860900354862,-37.07034699415019
175.01859200514085,-37.070341006145014
175.01857000489036,-37.07033399562134
175.01854799413348,-37.070325994767856
175.01853199485316,-37.0703209955706
175.0185099950196,-37.07031400035024
175.01849400740178,-37.07030999235504
175.01847200277447,-37.070304003936684
175.01844799855405,-37.07029899860024
175.01842499954319,-37.070296993625625
175.0184230066596,-37.07029699961165
175.01839899224174,-37.07029699743315
175.01837599281822,-37.0703010012767
175.01835300619604,-37.07030599720501
175.0183429972279,-37.07030799537709
175.01831999301936,-37.07031300692014
175.018297000009,-37.07031899254971
175.01828899488245,-37.07032199217567
175.018269998779,-37.07033199255315
175.01825200796665,-37.07034499689965
175.01823900780167,-37.07035499525139
175.0179170026835,-37.07005899660145
175.01725500589063,-37.07044199622857
175.0146940071146,-37.07058400492446
175.01154299865485,-37.070758005841455
175.01140399531198,-37.07020000455649
175.01171000295923,-37.06934399560409
175.01263499820683,-37.066744002432955
175.0123420081434,-37.06569899906883
175.0123710047458,-37.06501200497905
175.01175500710227,-37.06445199719846
175.0117119984668,-37.06457500621834
175.01100300238915,-37.064977999881414
175.010281991029,-37.06580199255153
175.00912300639345,-37.06641999601269
175.00831000038693,-37.066923999549054
175.008294994722,-37.06693299702348
175.0072910019038,-37.06738800636564
175.00704200158054,-37.067629999844065
175.00673299648696,-37.06793399799139
175.00660700113693,-37.067772001786096
175.00543499482475,-37.06625800582758
175.00468900675776,-37.06514499290682
175.0035189982355,-37.06359400360584
175.00149500511534,-37.06091099435712
174.99855999649193,-37.05727399359263
175.00253900055253,-37.05597400505541
175.0044960040224,-37.05533300739721
175.00239000863306,-37.0508769966337
175.0017040018997,-37.051109999595084
175.0001610042057,-37.05158399338751
174.99920499880392,-37.05184199559444
174.99918699682343,-37.05180500306314
174.9990260051588,-37.05148299171947
174.99822500079748,-37.04988199911593
174.99704099864312,-37.0475139960794
174.99678700225297,-37.04700599905811
174.9967129951549,-37.0468579986892
174.9935490032433,-37.04783299282031
174.99332499570275,-37.04790199941822
174.99251699849793,-37.04815100379415
174.99146299596467,-37.04847599159954
174.990215006437,-37.0489239984132
174.98696699188224,-37.05008499306414
174.98673599191042,-37.050168005922394
174.9864710067816,-37.050262002860876
174.98580599198172,-37.05049999564945
174.98255899639523,-37.0494140034292
174.98269000222174,-37.04424799726984
174.98135599570008,-37.04466899969089
174.97927600681098,-37.04532299408592
174.9778299936139,-37.04379199356195
174.977202006706,-37.044832999575064
174.97666199223772,-37.04551600385457
174.97642400872988,-37.04553399859
174.97629000119838,-37.04536499516947
174.97602500432706,-37.0454670057387
174.97557700373977,-37.04530599690201
174.97523200095466,-37.04552600740509
174.9752249937187,-37.045544006561556
174.9752160020998,-37.04556899580792
174.9751579948229,-37.045716997086465
174.9750910082577,-37.04589099500735
174.97499799228373,-37.04613000182816
174.9749879965525,-37.04615499516021
174.9749440087802,-37.04626899341495
174.97504199783413,-37.046468995017214
174.97417799864314,-37.04674200037582
174.97338900025716,-37.045136992169816
174.9691510036624,-37.04647300741627
174.96860099538728,-37.04541699423999
174.9680560030802,-37.04436999433127
174.96750900307646,-37.043317005157604
174.96742499815298,-37.04334400613811
174.96579900159898,-37.04386799301479
174.96323100731593,-37.04469500670535
174.96318400374815,-37.04459500434052
174.96128099450718,-37.04505700599671
174.96110699234944,-37.045098995719655
174.9594839921618,-37.041803006083555
174.95710399945702,-37.042389004217355
174.95569799584965,-37.04273599281676
174.95286200122644,-37.0434349957627
174.9525910049341,-37.04289199866528
174.95226000605575,-37.04226400440479
174.95163500262038,-37.041000004387705
174.95161299270868,-37.04075599564533
174.9517379962786,-37.0405299982575
174.9513200027493,-37.04037500203112
174.94965000223158,-37.03705699881784
174.95177100407963,-37.03639899639527
174.95139200812,-37.03562800161687
174.95136700205651,-37.03557799469623
174.95096499133177,-37.034760998251414
174.95093799715679,-37.03470800639879
174.95056399162073,-37.0339470029409
174.94841900280903,-37.034613994568396
174.94816000430592,-37.03410199693359
174.94862500289284,-37.033950996233436
174.94844399491035,-37.033576005143175
174.9480329942226,-37.03370399515285
174.94799200256233,-37.03352199779656
174.94971299470842,-37.032985998643596
174.94936099762228,-37.03201500542029
174.9488249942734,-37.03053599159391
174.95021000022783,-37.03015500036207
174.94924599450445,-37.027916001157955
174.94974900562502,-37.02776400132378
174.9524520051157,-37.02694600456052
174.95386200005242,-37.026517993938675
174.95595400403917,-37.02588499456424
174.957653003751,-37.02536999273939
174.95800200264094,-37.025265992590334
174.95955700577142,-37.024794003219455
174.95965799307595,-37.0247649969359
174.96045900657057,-37.0245229998573
174.9612100075005,-37.02429399804887
174.96164999600154,-37.02416300425318
174.9627245836549,-37.023834669068016
174.96179160254192,-37.02190856041291
174.9685298416278,-37.01980697766005
174.96872142081546,-37.01974763531017
174.966226366665,-37.01657226920369
174.96531767387637,-37.01703232644306
174.96290634964853,-37.01825326882047
174.96261284128562,-37.01840187402765
174.96190090256857,-37.01622080622775
174.95954460190197,-37.0169426868139
174.96054261140563,-37.01903708185765
174.9604139442947,-37.01907648661113
174.95975517744066,-37.01769368699671
174.95941607391015,-37.01698201064887
174.95842508737007,-37.014901929351204
174.95839279477065,-37.01483412087378
174.95800313293225,-37.01401114887678
174.95693961160487,-37.01176465541745
174.9560449561621,-37.00994870259107
174.9553285334635,-37.00849461231723
174.95527297052385,-37.00838148886481
174.95525370848827,-37.0083428703264
174.95436123193053,-37.00654246387291
174.95590018736988,-37.00460946087767
174.95603103098964,-37.00445719656415
174.95709559492178,-37.003161003048575
174.95743203415464,-37.00289453500921
174.95772729789942,-37.00270053188369
174.95958056964324,-37.002046134166505
174.95958106734966,-37.00204595470033
174.95954000511134,-37.00186800408977
174.9572600055316,-37.00117899365937
174.9538285055486,-37.00015839688508
174.95346799282308,-36.99985699586794
174.95319200768918,-36.997072996928644
174.9528189955946,-36.99329599941893
174.9526169943061,-36.991223998381656
174.95083999846915,-36.99066899659903
174.9501040004013,-36.99044599660608
174.95127900741923,-36.98762600412196
174.95204899184216,-36.985615992921346
174.9525410077359,-36.985610002165544
174.95492100497708,-36.98559100076687
174.9562150034508,-36.985596004707986
174.95779000381617,-36.98559300340211
174.95788699462594,-36.98559300032694
174.96307299531435,-36.98557100442196
174.96378199237458,-36.98554099279416
174.964679999367,-36.98344100377654
174.9653419985758,-36.983544004038826
174.9669809997712,-36.983796993810984
174.96796400716255,-36.98321899256148
174.96842600178667,-36.98294700414185
174.96867400530476,-36.982801004406745
174.9687739988853,-36.98274199240586
174.9726479927807,-36.9804470058397
174.9737080030348,-36.97982400183986
174.97771100540373,-36.97746599839372
174.98115699358806,-36.97530800494985
174.98526200690543,-36.97273700504915
174.98584599389574,-36.973153995101605
174.98628299464707,-36.973026005928915
174.98658300446914,-36.97280899527583
174.98665200485138,-36.9725290018658
174.9871429999346,-36.9730959980673
174.98934900068605,-36.97362100134709
174.99149599279622,-36.97400600341416
174.99173199219902,-36.97403499712261
174.99253699651564,-36.9741890047598
174.9928169927979,-36.9746480044103
174.99329400273695,-36.975433993767645
174.99381900007486,-36.976298999739896
174.99425100600462,-36.976631997809875
174.99443900673805,-36.97652399908679
174.99480300340576,-36.976803002221935
174.99580499592395,-36.97718699296199
174.99695299490344,-36.97723600226046
174.99714500378735,-36.976466003671455
174.99726700191943,-36.97481800406491
174.99841199629438,-36.97355400291852
174.99917100721808,-36.972939004200114
175.00187699274437,-36.97204300328812
175.00061000757782,-36.971509991246634
174.99901300059756,-36.970666995711426
174.99815199680268,-36.97063900382974
174.99650899277097,-36.96988200442179
174.99744300174294,-36.96850699332054
174.99921100827154,-36.96778699625675
174.9998009920294,-36.96769600088067
175.00095200911403,-36.966831006299785
175.00274000820568,-36.96882300199733
175.00310299766392,-36.968608005959084
175.00583700724863,-36.96698600142267
175.0081199983773,-36.96562799358398
175.00999200016247,-36.967664001941486
175.01017400441197,-36.96755599462437
175.01225299313023,-36.969816001548814
175.0126729959726,-36.969571003591
175.0127940044333,-36.96950200708023
175.01290400660156,-36.9694390068447
175.0131189943186,-36.969234995084804
175.01355299182856,-36.968920999807246
175.0140270045089,-36.96850599299757
175.01496400469225,-36.967925992890834
175.015080007171,-36.96777599342209
175.01530500784298,-36.967162996045836
175.01577000789192,-36.96667500009739
175.01711999800384,-36.96533199258205
175.01659499581814,-36.96497599486416
175.01609999871218,-36.96481300158095
175.01575300778077,-36.96422700004781
175.01555399582642,-36.963944005692376
175.01529300841537,-36.96378699236025
175.01409999762595,-36.96305599781225
175.0167999985236,-36.960833995010844
175.01714899394167,-36.96039100336821
175.02172199562395,-36.95982000292014
175.0226550012421,-36.95687400732016
175.02390200035603,-36.95305599838957
175.02480200740894,-36.950102992202204
175.0248720050286,-36.949909004436776
175.02622400491367,-36.94560699611775
175.02657800081087,-36.94447899908033
175.03861500568007,-36.947159994155044
175.0393939963978,-36.94565599994597
175.0372809970288,-36.94310999395819
175.03702800304572,-36.943168995973025
175.03720700582411,-36.943553991863375
175.03691299937722,-36.94368200185119
175.03610000703338,-36.943211992311035
175.03625200611262,-36.94291199308832
175.03619700645964,-36.94203699208175
175.03573099364434,-36.941869002199205
175.03599600107987,-36.94160300081226
175.03512400077508,-36.94057300261622
175.03534199715028,-36.94043799757007
175.04382800057107,-36.93516099883011
175.04859499603555,-36.932196996554644
175.0513399930938,-36.93048999305087
175.04971900694335,-36.93019300499689
175.0508550023243,-36.92674899733447
175.0514960064957,-36.92480500010026
175.05195499434745,-36.92341300220793
175.05312599479234,-36.920050994040565
175.05295200764803,-36.91999600316762
175.05150299301087,-36.91953800395243
175.04824299521138,-36.911010005755706
175.04699799428988,-36.90772899904048
175.03580999904827,-36.90800900056923
175.0358050083565,-36.90801099957577
175.03578900526998,-36.908018997121445
175.0357720000207,-36.90802699832485
175.03575500562167,-36.90803300116452
175.0357380052707,-36.908037006829744
175.0357189930492,-36.908039004640735
175.03570000234123,-36.908039996232525
175.03568100099753,-36.90803999657691
175.03566099637223,-36.908040000596365
175.0356420071678,-36.90804100657385
175.0356240029357,-36.9080419956649
175.03560500753665,-36.90804399316933
175.0355859946181,-36.90804600719437
175.03556599665,-36.90804799303579
175.03554799876602,-36.90805099460268
175.03552899293342,-36.9080550066726
175.03551100565514,-36.90805899857753
175.03549299111754,-36.90806500534577
175.03547599740128,-36.90807099281207
175.03546099667938,-36.90807599795238
175.03544399604777,-36.90808299228143
175.03542700869556,-36.90809099312922
175.0354120030443,-36.90809999379751
175.03539699274626,-36.908110002193595
175.03538399961687,-36.90812099357995
175.03537299953138,-36.908131004444485
175.03536200721922,-36.908142997126916
175.03535300764696,-36.90815699619174
175.03534399858643,-36.90817000489312
175.03533599609457,-36.90818499181421
175.03532800134937,-36.908199003398664
175.03531900291048,-36.90821300334284
175.03531399187997,-36.90822500707427
175.03530800219028,-36.90823899691206
175.0353010034,-36.90825399637182
175.03529399285497,-36.908268004605944
175.0352849943783,-36.90828200364693
175.03527500419446,-36.908293992666295
175.0352679984236,-36.90830100134461
175.035255004146,-36.90831199363818
175.03524100808426,-36.90832300400004
175.03522700059892,-36.90833299338655
175.03519000618326,-36.90831299579024
175.03394999687814,-36.90763299992939
175.03273200265804,-36.90695299607605
175.0317509962441,-36.906410998572504
175.0302489940677,-36.907500992146
175.03007399613224,-36.907629996876906
175.03006299783772,-36.90762100336118
175.03005099587307,-36.90760899233104
175.03004499532196,-36.90760300303149
175.0300340029307,-36.90758999773504
175.03002499733577,-36.907577001738055
175.03001599872587,-36.90756299887115
175.03000800227503,-36.907548992392464
175.0300010084364,-36.90753499941915
175.02999500571698,-36.90751999356948
175.02999000053595,-36.90750599544384
175.02998100187904,-36.907494996600754
175.02997699407064,-36.907481999892696
175.02997199358677,-36.90746699313346
175.02996700516968,-36.90745299201621
175.0299610029416,-36.907438004182026
175.02995599837757,-36.90742699294547
175.02995399813216,-36.907423003741876
175.02994299880027,-36.90741100530454
175.02993099801014,-36.90739899424113
175.02991599359999,-36.90738900655661
175.02990100788278,-36.907379004129844
175.02988599210892,-36.907367994563735
175.02987400270584,-36.90735700537154
175.02986400040288,-36.90734599483206
175.02985999370156,-36.90733600302792
175.0298499913796,-36.907324991586194
175.02984200231137,-36.90731600429736
175.0298310041345,-36.907304005829275
175.02981900225717,-36.907291994772464
175.02980700081338,-36.907279999930324
175.02979499934952,-36.90726800418594
175.02979100494142,-36.90726499722851
175.02977799506124,-36.90725399662619
175.02976500201228,-36.9072429957347
175.02975100679157,-36.90723199754944
175.0297370053289,-36.90722199179825
175.02972299331248,-36.90721099479791
175.0297089922154,-36.907201002556484
175.0296949918857,-36.907190996780784
175.02968099668448,-36.907179998586585
175.0296669952404,-36.90716999282649
175.02965299420586,-36.90716000237974
175.02964199669273,-36.90715399841501
175.02962399229637,-36.90714900558278
175.02960399782677,-36.907144006199964
175.02958500148196,-36.90713999470315
175.02956800403481,-36.90713399322576
175.0295529956948,-36.90712499698862
175.02954399130383,-36.90711500585954
175.0295340022847,-36.90710500181371
175.02952099721344,-36.90709299434997
175.02950699730962,-36.907083002964825
175.0294920046923,-36.90707400645098
175.0294750010524,-36.90706599156586
175.02947500734956,-36.907065000931674
175.0294570078016,-36.907059003944696
175.02944399857574,-36.90705399692533
175.02942600487685,-36.90704699218237
175.0294090078918,-36.90704100689714
175.02938999360842,-36.9070369947738
175.02937100348768,-36.90703499573443
175.0293540030425,-36.90703599556054
175.02931799284428,-36.90702900303948
175.02930300774514,-36.90702799818304
175.02928399493086,-36.90702700626743
175.02926499966034,-36.90702599872691
175.02924599746595,-36.90702299312376
175.02922799785162,-36.90702000012938
175.029213992275,-36.90701699386617
175.0292010082793,-36.90701700481663
175.0291870027041,-36.907013998550184
175.02917999446277,-36.90701199303583
175.02916200700218,-36.90700700164575
175.02914299316808,-36.9070030056982
175.02912499941004,-36.90699900493669
175.02910700567762,-36.90699500507329
175.02908799256508,-36.90699099378244
175.02906999883623,-36.90698699391331
175.0290519992361,-36.90698400089176
175.02903799995107,-36.906980003072114
175.02902099259316,-36.90697900479051
175.0290009940656,-36.90697800082886
175.02898199768703,-36.906976993261736
175.0289620054402,-36.906974997758205
175.02894299739364,-36.9069729989562
175.02892400729712,-36.90697099984446
175.02890599675305,-36.90696700023753
175.02888900056317,-36.90696100044257
175.0288720031824,-36.90695499796161
175.02885800289664,-36.90694799611078
175.0288560085134,-36.90694600496537
175.02884000866445,-36.906938002582116
175.02882399676955,-36.90692899455364
175.02880799580555,-36.906920992185
175.02879200112707,-36.906911998278744
175.02877699767328,-36.90690199510778
175.028761004148,-36.90689300207883
175.0287459995801,-36.906882998922846
175.02873199940717,-36.90687299212658
175.02871799854557,-36.90686300156373
175.02870400354146,-36.906852003247685
175.02869000856523,-36.906841005830756
175.02867699891254,-36.90683000510004
175.02866499253213,-36.90681900074929
175.02865300814477,-36.906807004593496
175.0286490021634,-36.90680300726742
175.02863700054814,-36.90679099608214
175.02862600261034,-36.9067789965925
175.02861499153167,-36.906765992378695
175.0286050020794,-36.906752999554314
175.02859599794888,-36.90674000341768
175.02858699857902,-36.906726000448835
175.02858000615257,-36.90671200555886
175.02857400385201,-36.90669700232763
175.0285689978193,-36.90668300234812
175.02856399876617,-36.90666799459767
175.02855899904668,-36.906653003982996
175.02855399999774,-36.906637996231915
175.02854900025855,-36.90662300471574
175.02854400123763,-36.906607997864946
175.0285400005331,-36.90660000408816
175.02853300660024,-36.90658599389855
175.02852499300684,-36.9065720038291
175.02851699695998,-36.906557998137245
175.0285090012979,-36.906544006858994
175.02850100525706,-36.906530001165834
175.02849899880184,-36.90652700256872
175.02848999471735,-36.90651400642224
175.02848099537115,-36.906500002542565
175.0284720077386,-36.90648699169279
175.0284629920012,-36.906473004314954
175.02845599924058,-36.90645899500146
175.0284489936748,-36.90644399357677
175.02844400565638,-36.906429994184556
175.02844100823575,-36.90642199678713
175.02843600853456,-36.90640700526458
175.02843099157872,-36.906391997813095
175.02842599300354,-36.90637700627077
175.02842100497037,-36.90636300597628
175.02841500273118,-36.90634800273442
175.028415008613,-36.90634699588372
175.02840900635252,-36.90633199174055
175.02840299818865,-36.90631799354678
175.02839699641024,-36.9063030074206
175.02839100579453,-36.90628899360432
175.02838500397326,-36.90627400567554
175.02838000388834,-36.90625899883451
175.02837600747227,-36.9062440036925
175.02837600169357,-36.90624200561276
175.02837299649747,-36.906226001211444
175.02837100550823,-36.90621099975753
175.0283689965709,-36.90619599861011
175.0283670055835,-36.90618099715602
175.02836500296002,-36.906165005373694
175.02836199249919,-36.90615299741871
175.02835899823108,-36.90613799867908
175.02835399968876,-36.906123007132194
175.0283500028805,-36.90610799667348
175.02834499805374,-36.906093996661625
175.0283399983956,-36.906079005133044
175.02833499945578,-36.906063998269836
175.0283289972356,-36.90604899412079
175.028323992417,-36.90603499410771
175.0283189927673,-36.90602000257785
175.02831300738129,-36.9060049981403
175.02831300588682,-36.90599599960268
175.02831700648522,-36.90596699419003
175.02831400397258,-36.90593799482012
175.02829399151997,-36.905886996851876
175.02827800050102,-36.90586499256615
175.0282069985179,-36.905796006637885
175.02811800148737,-36.905748001957676
175.0280129961818,-36.90571200457938
175.02778600622278,-36.905591000228256
175.0277489986305,-36.90557699502118
175.02772200719772,-36.90556199590153
175.02768999580957,-36.905508000377075
175.0276490060754,-36.90549199374616
175.02758099918506,-36.905480999018216
175.0274380026102,-36.90546499430323
175.02735399201242,-36.90545299731407
175.02728799769204,-36.90545299184422
175.027214994537,-36.90543899344242
175.02695899855294,-36.905443994746996
175.0268869962242,-36.90545500542146
175.02685499333427,-36.905454999111846
175.02683400547068,-36.90546099762979
175.02682100215478,-36.90548300123544
175.0268080080114,-36.90549699664424
175.0267850031477,-36.90553899590073
175.0267500037678,-36.90565100633397
175.02673400613125,-36.905689002300434
175.02670899961603,-36.905726996982445
175.0266709927787,-36.905770995343545
175.02666200501022,-36.90578600032051
175.02664399205892,-36.90580399299434
175.0266149953803,-36.9058200072792
175.0265010068358,-36.9058230042194
175.02645399876025,-36.905840996813474
175.0264220045597,-36.90585799594495
175.02639500245652,-36.905881995899094
175.02638400289007,-36.905897998670945
175.0263750074704,-36.90590499661966
175.02632500489716,-36.905924004647225
175.02626699463312,-36.905940003747176
175.02616200256713,-36.90594500097181
175.0261189985049,-36.905943001012744
175.0260560017023,-36.90594499868495
175.02601500193768,-36.905942992435065
175.02599000183466,-36.90594000570719
175.02595800775043,-36.90592599913426
175.02592999401048,-36.90589300639081
175.02589399405403,-36.90586600290872
175.02582799696023,-36.905848000445516
175.02579600041994,-36.90584399738516
175.02576000217894,-36.90583500538753
175.02568699345653,-36.9058250015999
175.0256559936775,-36.905824992279705
175.02550100575303,-36.90582599718588
175.02547599279546,-36.90581899978814
175.02547600323487,-36.90581099156973
175.0254560079445,-36.90579099928715
175.02530999638122,-36.90568700094819
175.02528700545966,-36.9056740024277
175.02526400797797,-36.90565600180554
175.02505299655536,-36.90556599384908
175.02499100540902,-36.905545994727426
175.02488400604472,-36.9054899917776
175.0246669956484,-36.905310994695846
175.0246329967187,-36.9052879954264
175.02460100377823,-36.9052709979494
175.0245950042717,-36.90526799705388
175.02457899249086,-36.90525900375905
175.02456400191238,-36.905250006572714
175.0245480076591,-36.905240996751395
175.02453199701105,-36.90523200343071
175.02451700008098,-36.905223996874255
175.0245010073889,-36.90521500324317
175.02448599887916,-36.90520600635237
175.02447000466776,-36.9051969974208
175.0244549972631,-36.90518799960583
175.02443999357683,-36.90517799587568
175.02442399456345,-36.905169993770706
175.0244090039964,-36.9051609956627
175.02439299338099,-36.90515200232217
175.02437800765858,-36.905141998277735
175.02436299917727,-36.905133001370395
175.02434800864825,-36.905124004155105
175.02433300611008,-36.90511400039142
175.0243180035758,-36.90510399662571
175.02430400357625,-36.90509400461132
175.02428999271385,-36.90508300693052
175.02427700080833,-36.905072005399504
175.02426700072394,-36.9050609943319
175.02425500048975,-36.905048998887246
175.02424400350654,-36.90503699986081
175.02423399704546,-36.905024006040776
175.0242240081319,-36.90501099659864
175.02421299805016,-36.90499799194252
175.02420299274527,-36.90498499900124
175.02419200059592,-36.90497199313607
175.02418000036394,-36.90495999678201
175.02416800015956,-36.90494800132748
175.02415499146775,-36.90493700006847
175.02415099739812,-36.90493399290975
175.02413700339045,-36.90492299402137
175.02413400588816,-36.904921004568365
175.02412099722966,-36.90491000420617
175.02410700325444,-36.90489900621485
175.02409500378823,-36.90488699541788
175.0240819950935,-36.904875993249235
175.02406999491782,-36.90486399778377
175.0240579947459,-36.90485200231697
175.02404599455397,-36.90484000594792
175.02403499763415,-36.904828006899834
175.02402299706876,-36.904815996113896
175.02401199903426,-36.90480399708253
175.02400100844667,-36.90479100559272
175.0239899984352,-36.90477800091336
175.02397900153332,-36.90476600185943
175.0239679926273,-36.904752996257734
175.0239580031021,-36.90474000302543
175.02394699420353,-36.90472699742152
175.0239370058072,-36.90471400416806
175.0239260078012,-36.904702005127696
175.02391600215643,-36.904688995942884
175.0239049936772,-36.90467600564973
175.02389500376844,-36.90466299709614
175.02388399529664,-36.904650006800765
175.02387300325086,-36.90463700090227
175.02386299168128,-36.90462499856489
175.02385799396447,-36.904619005370066
175.0238470030257,-36.904605998548824
175.02383599306782,-36.90459299385321
175.0238249962173,-36.904580994783124
175.02381500788522,-36.90456800241879
175.02380399789078,-36.90455499591801
175.0237930010509,-36.90454299684456
175.02378199263796,-36.90453000743933
175.02376999213615,-36.90451799572373
175.02375899530702,-36.904505996646755
175.0237469952173,-36.90449400024376
175.02373499515517,-36.90448200474031
175.02372200343257,-36.90447100314201
175.02371999836407,-36.904468005337634
175.02370700664602,-36.904457003737534
175.02369299596313,-36.904446005078135
175.02367999902475,-36.90443599499315
175.02366600407848,-36.90442499696359
175.02365200541053,-36.904415004845774
175.02363799364522,-36.90440400709936
175.0236239945801,-36.90439399966279
175.02360999442064,-36.90438399314445
175.02359499847492,-36.904372997741525
175.02358400139914,-36.90436400358365
175.02357000122655,-36.90435399615932
175.02355600743283,-36.90434299809662
175.02354299893267,-36.904331996763695
175.023529005123,-36.90432099779662
175.0235159966067,-36.904309995559586
175.02350199802683,-36.90430000522445
175.02348900636864,-36.90428900359839
175.02347499574773,-36.9042780049111
175.0234610019815,-36.904267006836214
175.02344800510372,-36.9042569967237
175.02343399337278,-36.90424599805028
175.02342100285532,-36.90423499639699
175.02340699115607,-36.904223998620985
175.02339299258225,-36.90421400737108
175.02337899841112,-36.90420299306962
175.0233660019595,-36.90419299826256
175.02335499858236,-36.90418499561924
175.02334100482653,-36.90417399662811
175.0233270062704,-36.9041640053698
175.02331200402975,-36.90415400056494
175.02329800395472,-36.90414399400685
175.02328400428783,-36.9041340027622
175.02326999372468,-36.90412300404869
175.02325499152323,-36.90411300013699
175.02324099146304,-36.90410299357166
175.02322699290906,-36.904093001399765
175.02321299285614,-36.904082994830894
175.02319799702607,-36.904071999373784
175.023183996957,-36.90406199190032
175.02316999731988,-36.90405200064119
175.02315600366242,-36.90404100342827
175.02314200470244,-36.90403099502948
175.02313799912832,-36.904026996601665
175.02312399947976,-36.904017004435765
175.02312100761114,-36.904013993687805
175.02310699711705,-36.90400299585439
175.02309400073472,-36.90399300101514
175.0230800070751,-36.90398200289161
175.02306599544715,-36.90397100417115
175.02305300500538,-36.9039600015732
175.02303899343295,-36.90394900465106
175.0230260030226,-36.90393800295079
175.02301200297657,-36.90392799455452
175.02299799253763,-36.903916997608015
175.02298399295114,-36.90390700632518
175.02296999294003,-36.90389699882446
175.02295499082166,-36.903886994871954
175.02294999512384,-36.90388400563352
175.0229349930106,-36.90387400167832
175.02292000177258,-36.90386500428746
175.02290499442861,-36.90385599184689
175.02288900108718,-36.903846998001434
175.0228730077257,-36.903838003252794
175.0228569971605,-36.90382899437416
175.02284099894788,-36.903821005553986
175.02282500524043,-36.903811997285096
175.02280900665397,-36.90380399404607
175.0227919988821,-36.90379700122553
175.02277499707063,-36.90378900154936
175.02275800682534,-36.903781992201935
175.02274100018454,-36.90377499935466
175.02272399357057,-36.903768007405745
175.02270700333435,-36.903760998050714
175.02268899304337,-36.903753992546505
175.02267099474534,-36.9037479935869
175.02265399858297,-36.903741991977974
175.0226360003141,-36.90373599391379
175.02261799718647,-36.90373100177988
175.02259999253488,-36.903725994347084
175.0225819942499,-36.90371999537356
175.0225640015676,-36.90371599358172
175.02254499524216,-36.90371100590306
175.02252700258745,-36.903707005006396
175.0225179942611,-36.90370399755906
175.02250000273108,-36.903699996639105
175.02248100685063,-36.903695999300474
175.0224629925597,-36.903693006415416
175.0224439962307,-36.90368899195375
175.02242499663703,-36.903686001420965
175.0224069980314,-36.90368300735894
175.0223879968905,-36.903680000623154
175.02237699521967,-36.90367800682174
175.02235799520273,-36.90367500006197
175.02233900605071,-36.903672999865826
175.02232000493825,-36.90366999401989
175.0223020014979,-36.903668006775845
175.02228300036407,-36.90366500002301
175.02226399923157,-36.903661993267086
175.02224600175856,-36.90365899916117
175.0222350060346,-36.90365599759222
175.0222159933741,-36.90365200139781
175.02219800074823,-36.90364800045031
175.02217999614092,-36.90364299295232
175.02216199306193,-36.903638000747634
175.0221440064076,-36.90363299293845
175.02212600221128,-36.903628000747254
175.02210799761292,-36.90362299323806
175.0220899993876,-36.90361699418793
175.02207300439437,-36.90361099157345
175.02205500619814,-36.90360499341873
175.02205300570637,-36.90360399368812
175.02203500262027,-36.90359900056273
175.02201700442964,-36.90359300240206
175.0220000083491,-36.90358700069678
175.0219819933133,-36.9035810019162
175.02196499723794,-36.903575000205734
175.02194699903424,-36.9035690011332
175.02193000408593,-36.90356299939844
175.0219129964192,-36.903556005546754
175.02189499824752,-36.90355000736695
175.0218780081547,-36.90354299879016
175.02186100161867,-36.903536004911615
175.02184399358345,-36.903528996635316
175.02182700502573,-36.90352200334705
175.02180999699655,-36.90351499506568
175.02179399262664,-36.90350799943874
175.02177700293234,-36.903501005261205
175.02175999603392,-36.90349399695327
175.02174399164898,-36.903487000418416
175.02172700795876,-36.90347900028084
175.0217100062998,-36.90347099954536
175.02169400194776,-36.90346400390434
175.02167700031916,-36.90345600406481
175.02166100192156,-36.90344800066475
175.02164500242924,-36.90343999818241
175.0216290040382,-36.90343199477779
175.02161300565044,-36.90342399137092
175.0216059916036,-36.903420002640324
175.0215890079183,-36.90341200158114
175.0215729976112,-36.90340299342236
175.02155800174444,-36.90339500178478
175.02154200824734,-36.903385992434266
175.0215259983077,-36.90337699778221
175.02151100207035,-36.90336899172402
175.02150500323432,-36.90336600597849
175.02148999502728,-36.903356993369435
175.0214740030719,-36.903347999305346
175.0214589952761,-36.90333900200734
175.02144399345897,-36.90332899785372
175.0214290036188,-36.90332000024619
175.0214139958337,-36.903311002942125
175.02139899402783,-36.903300998782434
175.02138399222585,-36.903290994620704
175.0213690012783,-36.903281997024195
175.02135399948384,-36.90327199285842
175.0213510032628,-36.90327000421229
175.02133700360022,-36.90325999740889
175.02132200179045,-36.903249992337884
175.02130800366123,-36.90324000082695
175.02129300188292,-36.9032299966529
175.0212790026155,-36.90322000425648
175.0212650029714,-36.903209997443966
175.02125100483306,-36.9032000050249
175.02123600792606,-36.90318899400852
175.0212219918707,-36.90317900279213
175.02120799333946,-36.90316899505238
175.0211940000965,-36.90315799669235
175.02118000087887,-36.90314800518424
175.02116600761997,-36.903137005919746
175.02115199117904,-36.90312699937921
175.02113900115137,-36.9031159965577
175.02112500194855,-36.9031060050426
175.0211110023452,-36.903095998210496
175.0210969922791,-36.90308499922354
175.0210839963102,-36.903075004150146
175.0210559929718,-36.9030590013291
175.0210059961256,-36.90301899891172
175.0209759921458,-36.90298999281235
175.0209650006229,-36.90296800336607
175.02089799935916,-36.90288100355455
175.02087099935068,-36.902864997134756
175.02085500003682,-36.902856993638125
175.02083300298412,-36.902851998886135
175.02079199289952,-36.902834007327904
175.020753005131,-36.90280699538498
175.02070299834142,-36.90277800508683
175.0206799921,-36.90277099955164
175.0206500015944,-36.90277299965991
175.02058900215886,-36.90276800327901
175.02055999203267,-36.90277100605528
175.02055399205437,-36.90277099456982
175.02049299704734,-36.902767995345016
175.0204870034611,-36.90276699231737
175.02047899896678,-36.90276399737743
175.0204610017636,-36.90276100299197
175.02045500817826,-36.90275999996269
175.02044899774276,-36.90275899631845
175.0204309987201,-36.902752997025
175.0204180034179,-36.902751999543376
175.02041100134363,-36.90275199157876
175.02039200204834,-36.90274900071075
175.0203820086422,-36.90274599633657
175.0203670020803,-36.9027429934221
175.02034900374014,-36.902739998137584
175.02034600117165,-36.90273900100335
175.02034099285973,-36.90273799472692
175.0203219935464,-36.902735002946606
175.0203040019186,-36.90273400662459
175.02029699912734,-36.902730992829646
175.02029099955553,-36.90273099664603
175.02027300236617,-36.90272800223162
175.0202540079268,-36.902724003605236
175.02025300470817,-36.90272400715104
175.0202470058309,-36.902723994729975
175.02022900224927,-36.90272199184767
175.02021100394222,-36.9027189974428
175.02020600758974,-36.90271899770941
175.0201870082854,-36.90271600590718
175.02017499761942,-36.90271200203773
175.020170006114,-36.90271099456686
175.0201510004402,-36.90270899519858
175.0201450068623,-36.902707992153374
175.02013899683814,-36.90270700380842
175.020119996037,-36.90270399760004
175.02010100117556,-36.902703003890714
175.0200970080423,-36.9027030006082
175.0200919937423,-36.902703001175276
175.02007300487475,-36.90270100060728
175.02006699447176,-36.902699997844294
175.0200540040772,-36.902697994388205
175.0200350047829,-36.90269500256131
175.02002000377493,-36.90269399678923
175.02001400420534,-36.902694000591524
175.01999499252042,-36.90269300715132
175.01998199195506,-36.902693001141394
175.01997599238547,-36.90269300494177
175.01995699156925,-36.90268999780609
175.0199440023005,-36.902687994318754
175.0199249954911,-36.90268599403211
175.01991099170831,-36.902685991557384
175.01989200327594,-36.90268400717629
175.01987400570664,-36.902680997385325
175.01985500002206,-36.90267899706829
175.01983600516826,-36.90267800331629
175.01982599451884,-36.90267800412281
175.01980699438639,-36.90267800188611
175.0198059922899,-36.90267800540904
175.0197860068874,-36.902678006405715
175.01977699945598,-36.90267800366628
175.01976599711125,-36.902678998342424
175.01974699210206,-36.902680002931326
175.019728002797,-36.90268100725014
175.01972199264367,-36.90268299317672
175.01970700356654,-36.90268299301309
175.01968999722465,-36.90268199336145
175.01968500087355,-36.90268199360606
175.0196770072449,-36.90268000517896
175.01965799516148,-36.9026789963693
175.01965199671395,-36.902679000134185
175.01964199798903,-36.902680006573426
175.01989099620997,-36.90185300298288
175.0214469951712,-36.89670799864735
175.03201100121035,-36.898731999850554
175.0334699957586,-36.89373099843947
175.03440200263566,-36.890980998556635
175.03727900752037,-36.891538005251476
175.0427969933465,-36.89260500412907
175.04225100633758,-36.89368699177622
175.04871000018258,-36.899336996051744
175.06200000730976,-36.8950199980166
175.06201599350968,-36.895013994554645
175.06203000211934,-36.89503299578885
175.06217300680922,-36.89491399721005
175.06239799187392,-36.89480400383501
175.0633570049341,-36.89575399175967
175.06353099456607,-36.895965007421914
175.06360799996295,-36.89619999603036
175.06352199857977,-36.89664199774598
175.0632250005439,-36.896928993924305
175.06305800851985,-36.89709000425522
175.06299299623817,-36.89727100658318
175.06323200592243,-36.89778600554917
175.0632309985387,-36.89822600500707
175.06353900165678,-36.89870500028222
175.0635859935324,-36.89890699833948
175.0634890057563,-36.89940400476783
175.06352100509926,-36.89957300377146
175.06387099812684,-36.90001700304294
175.0640819962489,-36.90053199185701
175.06454699554158,-36.90109900764518
175.0648640056875,-36.90140899506488
175.06587900317552,-36.90200999664688
175.06716799341896,-36.902910994424424
175.06845399339014,-36.90368799389306
175.06970600344175,-36.90428500739387
175.07006400295765,-36.904486001860136
175.07013599235393,-36.904513994843754
175.070195007329,-36.90452999964163
175.07028899558392,-36.90457400625476
175.07034099431897,-36.904595998897406
175.0703879982951,-36.904610994437945
175.07044200196862,-36.90464699601311
175.0705500043177,-36.90468900057515
175.07064099388882,-36.90472099809647
175.07067899441662,-36.90472800282076
175.0706950043442,-36.90473499259174
175.07074900217808,-36.90475499529363
175.07070999898625,-36.90481999785967
175.0707769925303,-36.9048479928322
175.07109399570385,-36.90498200741724
175.071399008135,-36.9051109973808
175.07254499679212,-36.905417003362516
175.07322200428806,-36.90551700701363
175.07372900476776,-36.905541000765666
175.07448499940293,-36.90549399628316
175.0750370025216,-36.90533399559121
175.07520300062723,-36.90514199696519
175.07541900621683,-36.9048930062129
175.07549099650547,-36.904809993790174
175.0756440069763,-36.9047160017067
175.075793998282,-36.90462400358245
175.07700899763392,-36.904387993656684
175.0772719934794,-36.904250001844865
175.07790399318924,-36.90381000062371
175.07885099674536,-36.90353100681877
175.07947799223436,-36.90335000413774
175.07963100293006,-36.90335299217248
175.08037600754704,-36.903366996248394
175.08096399503964,-36.90327800315021
175.08120099804066,-36.903216994881454
175.081517004662,-36.903050998155614
175.0816010023971,-36.903006999422765
175.0818660049478,-36.90276300400777
175.0818889980777,-36.902741995641364
175.08234399405725,-36.90198900402205
175.08252400394795,-36.90167300706664
175.0829960065116,-36.901555002808585
175.08338100034956,-36.90140700673969
175.08363800762362,-36.901052005108276
175.08382899673646,-36.90089099956908
175.0840100005057,-36.90083200483114
175.08445799424754,-36.900790004638445
175.08487999966897,-36.900838006661886
175.08549100851044,-36.90106399281826
175.08601200351134,-36.901109998315775
175.0867190057555,-36.90129999967712
175.08767599496798,-36.901394993286424
175.08801599914932,-36.90150200258498
175.08911499304074,-36.90161699389222
175.08930899948894,-36.901625996287706
175.0903660038958,-36.901671992714405
175.0905149962191,-36.90165800671927
175.09198499414984,-36.90151099418131
175.09245199578686,-36.90146399816104
175.09334300658853,-36.90119999577361
175.09368600468687,-36.901058999563176
175.09398000567754,-36.90093999699246
175.0956730074303,-36.900910997183935
175.0963369981753,-36.90085100386049
175.097031002508,-36.9006129970198
175.09758999282468,-36.90051300208905
175.0982279936111,-36.900275000446456
175.09866300829222,-36.90025599486239
175.09903699538884,-36.900553006931375
175.09933000630738,-36.90096499972246
175.09912100335407,-36.90104700059745
175.09826600161708,-36.90109700656264
175.09715799250475,-36.90159199240126
175.09619399754573,-36.90175600043849
175.0959579970858,-36.90183899777064
175.09570100629028,-36.90213199656373
175.09568699639152,-36.90214800371061
175.09531100840402,-36.902752994984844
175.09526099504032,-36.90308699797055
175.09522799318373,-36.9033070060111
175.09518999164078,-36.90345399155696
175.09440300414857,-36.9044050037217
175.094060992625,-36.9046929938328
175.09379799967746,-36.904833006153474
175.0934730024467,-36.90479399389486
175.09326400161092,-36.904821002409534
175.0928760046193,-36.90500799469939
175.09238899864962,-36.90516399542064
175.09169099682174,-36.90527800629802
175.09129700293357,-36.90527400162894
175.0911710041988,-36.90528700428099
175.09063099923523,-36.9055340013521
175.0899859974417,-36.905569001418215
175.08978300131588,-36.905604994872974
175.08963700475505,-36.905631002800845
175.08930700596162,-36.905874994307794
175.08906399722045,-36.906182997319654
175.0888820086362,-36.90672800104961
175.0888420014563,-36.90677100583676
175.08866399332044,-36.90695699830136
175.08846900551777,-36.90698399264669
175.0881380059552,-36.90721500560507
175.08805800350478,-36.907373992716686
175.0879489933008,-36.90746700172101
175.08775099976867,-36.90742500632862
175.0876690022466,-36.907494991746475
175.08758100368172,-36.90782100083889
175.08742699989554,-36.908389997569344
175.08707100448416,-36.909174995970254
175.0868940031325,-36.909369004945056
175.08653500580937,-36.90961199609625
175.08630099531402,-36.90970899792997
175.08547699268613,-36.91004999668802
175.0846190029246,-36.91031299313906
175.08392799643138,-36.9103559976359
175.08307899502566,-36.9104080038843
175.08293300772422,-36.91045099283587
175.0825100019586,-36.91057299796414
175.082202992974,-36.91072799817441
175.0818129931371,-36.910825006189924
175.08169600271938,-36.910810999693325
175.08149000175194,-36.910785999234996
175.0809720071679,-36.910862996897265
175.08037999518353,-36.910784006795176
175.08018399750824,-36.91080999862891
175.07982599444875,-36.911041999916996
175.07955299627415,-36.911339992941436
175.07953899847612,-36.912081993933484
175.079536006405,-36.91220900556878
175.07949800703562,-36.91242600660477
175.07928300840047,-36.912675991925724
175.07889499870222,-36.91288599718544
175.07766799204433,-36.91320200030652
175.0774339987412,-36.91331899412744
175.07743200024382,-36.91332099930888
175.07728400172724,-36.913479002225124
175.07721599807084,-36.9136920065802
175.07719200423233,-36.91376400400884
175.07718400211067,-36.914509003037374
175.07706300499999,-36.91529799480333
175.0768959974605,-36.91638300304793
175.0768310054345,-36.91671000271359
175.07677600557713,-36.91698500434771
175.0766440065697,-36.918217005708705
175.07663199213167,-36.91875799558497
175.07669800403787,-36.91911699891449
175.07692499399795,-36.91964400609237
175.0771870062516,-36.91999899930557
175.07726600839484,-36.920294996592816
175.07643499293044,-36.92017000031033
175.07619099146697,-36.920221993784054
175.07661399564256,-36.920585002171435
175.0771949948464,-36.921228000158756
175.0776960045234,-36.92158000418528
175.07802899565678,-36.92190100587555
175.07797399238407,-36.922109997546166
175.07797299715392,-36.92211199960011
175.07790299671686,-36.92241999974645
175.07832699372298,-36.92239600171505
175.07875200591388,-36.92223599802793
175.07943700245352,-36.92225599236225
175.07946999352532,-36.92225700266336
175.0798620090228,-36.922205996058324
175.08049800501703,-36.921877993634894
175.08105899757572,-36.92182199884481
175.08135600176047,-36.92192999303424
175.0815619975696,-36.92205800605999
175.08158699195795,-36.922071001585344
175.0816880035891,-36.92217000191102
175.08172099443962,-36.92237300640326
175.08141399530717,-36.922909006173725
175.08137700351992,-36.92307899756848
175.08157600614476,-36.92367300687109
175.08177000216725,-36.92406400198901
175.0823539991761,-36.92488699717408
175.08265399183153,-36.92553499578687
175.08332499597904,-36.92644799244581
175.08338600092807,-36.92662800228601
175.0834780003741,-36.92672900127251
175.0836479966689,-36.92691599677917
175.08369699866878,-36.92727800301588
175.08373699254147,-36.9275790032767
175.08387300849438,-36.92792600623036
175.0836819944447,-36.928109993567524
175.08307299487217,-36.92843699978119
175.08307499964405,-36.928504999139264
175.0833459956435,-36.92866800533671
175.08232200797434,-36.928708998320126
175.08165299652367,-36.92890599371617
175.08097799838902,-36.92920200655383
175.0828979966015,-36.93191199240155
175.0841179972655,-36.93247500115016
175.08383500073364,-36.93245799968218
175.0835899938382,-36.932698994550066
175.08340000506672,-36.93294000407727
175.08334899873998,-36.93314300622314
175.08343700631815,-36.93327699455981
175.0841279995565,-36.933790000060014
175.08459199210708,-36.93434900166865
175.0850610056716,-36.93506199511965
175.08537900494255,-36.93538300237549
175.0859169993923,-36.9355319917727
175.08628699533313,-36.93572800297475
175.086457002134,-36.93620900280208
175.08656999725548,-36.93679500542807
175.08654699109385,-36.93696400235171
175.0863840001902,-36.937100991585
175.08602400185612,-36.937266000575974
175.08523000581573,-36.937494994893385
175.08458599759922,-36.93759700370603
175.08458500634123,-36.937597998104614
175.08411300610746,-36.937741001859564
175.0829299996093,-36.93762700597606
175.08121400469176,-36.93754600078382
175.08084500095413,-36.93741700301577
175.08084399728352,-36.93741700618679
175.0805499962723,-36.93739000006813
175.08048399357128,-36.93755899780931
175.08041500764034,-36.93860900607275
175.08043900091272,-36.93895800240342
175.08057599467298,-36.939282996377095
175.0811279971027,-36.93996000154353
175.08139200530087,-36.94034999920036
175.08152800217414,-36.94067499677887
175.08179900612532,-36.94229399755455
175.08195199725267,-36.942763992629075
175.08200599254093,-36.94324099439968
175.08204699863393,-36.943608001278406
175.08242400813072,-36.944006999121164
175.0824930063349,-36.944433996349545
175.08243599232318,-36.94492000032713
175.0820519921182,-36.94575100302794
175.08148500266137,-36.9465380057343
175.08094100113652,-36.94715700084179
175.0806940085394,-36.94735399522223
175.08045499987358,-36.9473690068859
175.08032499706022,-36.94727000243839
175.0805160045026,-36.94705300091597
175.08064999314183,-36.94683600707777
175.08081800360742,-36.94630200541578
175.08085300523857,-36.946123998312906
175.0806890075452,-36.9460470019335
175.08037000665567,-36.94649400062417
175.07990499509762,-36.94730100456283
175.07968600163375,-36.94748499466759
175.07951699072527,-36.94748799424664
175.07940099621138,-36.94735500378083
175.07933699543378,-36.94709700635809
175.07936000792094,-36.94692700398058
175.07957700420502,-36.94660699329593
175.07937000618656,-36.94606100675456
175.07896999255416,-36.94603199660066
175.07879399293031,-36.94576500415117
175.0786799980914,-36.945722004548465
175.07837999872197,-36.94603200164698
175.07819199805007,-36.946339994997814
175.07788099441703,-36.94726999458888
175.07764799195724,-36.94747699897835
175.07708699517363,-36.94777500398788
175.07775899377268,-36.94792700104667
175.07824599936816,-36.94823299554636
175.0783049976744,-36.9483440013582
175.07819600216885,-36.94843699883319
175.07705299753738,-36.94872399411294
175.0765110057349,-36.948985994701786
175.07620900810542,-36.94920600736009
175.0759359957863,-36.94957399368761
175.07584399219957,-36.94969700571291
175.0757920025083,-36.94987900556371
175.07546800395497,-36.950312997559664
175.07543600817655,-36.9506630014124
175.075237991401,-36.95112999335481
175.07489800168096,-36.951508006984355
175.07463600714425,-36.9516819953891
175.0742579953555,-36.951755992338185
175.07404699400945,-36.951737002902675
175.07342099759873,-36.95147900534237
175.07330899162338,-36.951479996434934
175.0732279940548,-36.951593997877644
175.07323299467146,-36.95175299369383
175.07407800701722,-36.95284199977363
175.07436200230427,-36.9534339960373
175.07444000557058,-36.95369199199619
175.07436900769238,-36.954166997584096
175.07416599823765,-36.954456003629005
175.07461099623552,-36.95478499374143
175.075246991364,-36.95525499455989
175.07568900109624,-36.95562000206273
175.07640500789168,-36.956079997179835
175.07702399585287,-36.956621000331296
175.07735400840278,-36.9568399981812
175.07854799685845,-36.95733700236681
175.07914800174282,-36.95768700464935
175.07965099414488,-36.95809500314577
175.0799719986091,-36.958506000263206
175.0800440020177,-36.95906799633272
175.0798790040138,-36.95920699677548
175.07955700847805,-36.95925799211482
175.07865600210363,-36.95916200186012
175.07770200431034,-36.95921300605576
175.0774090020945,-36.959274995650006
175.07718799336624,-36.959413993913664
175.07699799330487,-36.95964300293197
175.07699199537367,-36.95992499784476
175.07703899733949,-36.96006999582824
175.0772700074174,-36.96029200133446
175.07763899996536,-36.96051099811989
175.0778949954974,-36.96055100597914
175.07830899291164,-36.960802005935534
175.07849699816077,-36.9609459970146
175.07877700029465,-36.960918001631654
175.07884900440496,-36.96053300481192
175.0789819963771,-36.960215004625574
175.07911599839545,-36.960022002690636
175.07937800200065,-36.959825005246344
175.07965500928012,-36.959719005584866
175.08041200022495,-36.95968100142208
175.08085499193254,-36.95941400093332
175.08175900285298,-36.959105001438076
175.08200700199134,-36.95889700491347
175.08219200844107,-36.95853200538491
175.08230299825212,-36.95848600270632
175.08265800834457,-36.958096001595216
175.08300699616743,-36.9580219930615
175.08330299295315,-36.958061006138855
175.08373299687656,-36.958379998237156
175.0838419926047,-36.95854499327205
175.0839240016485,-36.95867000522924
175.08413600625835,-36.9592069992402
175.08435700295823,-36.96006000744556
175.08435099854472,-36.960342001559205
175.08410600466624,-36.96059399311573
175.08381500740205,-36.96073499497561
175.0834990069939,-36.9610110037041
175.0835459956954,-36.96164199580164
175.08340399450495,-36.96206199213711
175.08339799769684,-36.96235600643687
175.08444500818186,-36.963355997320754
175.0843410054937,-36.96192100358773
175.08447599641903,-36.96176099688909
175.08461500251232,-36.961690000442545
175.08492299962154,-36.961661996359744
175.0854649978592,-36.96194499361375
175.08654799782133,-36.96195899539692
175.08670399465757,-36.962035006924
175.0867089953502,-36.96219299660949
175.0865510057398,-36.96260199801215
175.08668099760476,-36.96268899367317
175.08719899444515,-36.96261199305855
175.08765100724193,-36.9626449976738
175.08727300087034,-36.962295006024334
175.0872369978461,-36.96200300563521
175.08733199410048,-36.961875993807126
175.08763600226519,-36.96172400042906
175.08776000815382,-36.961609006735465
175.08781700605775,-36.961373998084106
175.08762000569612,-36.96114999773291
175.0874050001822,-36.96102899671384
175.08640399210097,-36.960857002357116
175.08624699161874,-36.960803002010216
175.08596000613238,-36.9605830012646
175.08595499291647,-36.960403003301295
175.08600600605308,-36.960244002064535
175.08609900664786,-36.96004999701728
175.0860739961567,-36.959678998399724
175.08584100221026,-36.95939000063301
175.08580000126534,-36.9588729939744
175.08579500145007,-36.95880500437822
175.08567899434252,-36.958603996593006
175.08549200707836,-36.958484002927676
175.08480299150784,-36.958418006382345
175.08457299308614,-36.958241004393486
175.0844819993045,-36.95801699606592
175.08444299719054,-36.95717199394378
175.08428800524703,-36.95658100103143
175.08348799168292,-36.95666000084656
175.0830989912209,-36.956847995194366
175.08294299661546,-36.956771003446114
175.08281000802788,-36.956560001597296
175.08283699695764,-36.956051992067174
175.082732997146,-36.95582900627373
175.08247199250332,-36.95555199955771
175.08232800607868,-36.955071006920086
175.08231700476034,-36.95503500707859
175.08168499789625,-36.95454000022695
175.08145099233542,-36.95421700278435
175.08144500661274,-36.95401499940196
175.08157799909554,-36.95374200369139
175.08203599279264,-36.95303400199355
175.0822050012452,-36.952568992585974
175.08223599671737,-36.952172992622245
175.0821779969588,-36.95212900260793
175.08181399685677,-36.95220399542896
175.08115000437863,-36.95250999890153
175.08106299975475,-36.95244300597044
175.08108500404037,-36.95221700359767
175.0811660058059,-36.95211400695772
175.08145399155563,-36.95187199463063
175.08191900232254,-36.95161700428226
175.0820489963723,-36.951545996871545
175.0825370022202,-36.95143500540061
175.0840630016268,-36.95128299824829
175.08455899984187,-36.95092499843815
175.08499499883013,-36.9504200038377
175.08539900485448,-36.94980399893534
175.08638400358194,-36.94891700700943
175.08666099344583,-36.948725001225824
175.0869800023996,-36.94862299369475
175.08740799247755,-36.94861199220162
175.08787900626518,-36.9486189971679
175.08827899964095,-36.948364005555916
175.08880000474295,-36.94843300455312
175.0892350028756,-36.948413995050736
175.08945500117375,-36.94822899293087
175.08973900861886,-36.94784099962444
175.09016900256117,-36.94762999969981
175.09027599980556,-36.94748099293656
175.09054099726646,-36.946924002132235
175.09073100080445,-36.94667199999607
175.09103499344894,-36.94650899859051
175.09180200630894,-36.94632499957307
175.09294099709086,-36.945887996591935
175.09343899432957,-36.94559600539968
175.0937790046562,-36.94522899374403
175.0940320064634,-36.94475099622539
175.094276992338,-36.943990992086746
175.09456199213335,-36.94365900278519
175.09511299967164,-36.94324299294397
175.09566699188258,-36.94265799596182
175.0959430029027,-36.94231499340836
175.09608200347907,-36.941782005369376
175.09606700160157,-36.941262996990375
175.09593000475522,-36.940871994013555
175.09566699254745,-36.940514998271155
175.09555200791897,-36.94042800196645
175.09528000015578,-36.94021899616593
175.09509199530996,-36.9400750012519
175.09505800495782,-36.93989500466065
175.09511300243773,-36.93982700563943
175.09530800221086,-36.939777992541714
175.09556399491169,-36.93990900095512
175.09561300536944,-36.93997400430352
175.0957690020189,-36.94017500720544
175.09591200315947,-36.94028500423212
175.0966340003262,-36.94061100613928
175.096964994326,-36.94076200036183
175.09737599746424,-36.940856003422304
175.0977879983493,-36.940895994267464
175.0982489989635,-36.9409410021083
175.09834699565502,-36.94093999464571
175.0989939947531,-36.9404990074225
175.09926000561006,-36.940449005374745
175.09934700208711,-36.940537002189735
175.09932600551764,-36.940807998884246
175.09876100784362,-36.941190998979536
175.09858400627016,-36.94137500374546
175.09809399345363,-36.9418790035426
175.09768800227565,-36.94244000274914
175.09754499415178,-36.94283700658631
175.09747800144234,-36.94344699306407
175.0973120026719,-36.94402499998019
175.09745599920655,-36.94413499178859
175.0978530074337,-36.94426299678796
175.09815299384792,-36.94441599359732
175.0985120083812,-36.944712991309714
175.09899400794507,-36.94535800017708
175.09928500675238,-36.94522800169409
175.09942600129287,-36.945225994039525
175.09951199802424,-36.94529200167627
175.0994060073775,-36.94550799822505
175.09905300656308,-36.94593199465203
175.09889900683405,-36.94643100036095
175.09878900700048,-36.94652299860089
175.09842599628715,-36.946620992676856
175.09783199888045,-36.94694699410372
175.0977349918498,-36.94701600530715
175.0977670045891,-36.94715100140862
175.09832999303893,-36.947891994611695
175.09905099872495,-36.9473299966006
175.0994559924673,-36.94723300296718
175.09961999492063,-36.947093992576654
175.09961400056258,-36.94689099838843
175.09969699425793,-36.946821992896105
175.1005340064279,-36.946647998847624
175.10169900306752,-36.947122994146284
175.10193099848792,-36.94718399594767
175.10270500709197,-36.94738599905746
175.103378992072,-36.94741900371255
175.10464899856643,-36.947597993000784
175.10597000617926,-36.94759599426353
175.10650900695595,-36.94776599909837
175.1072959943751,-36.94781900427214
175.10839800477257,-36.94800199524744
175.10899899817832,-36.94791199757131
175.10963300350213,-36.9480010028273
175.11035499112225,-36.94817899664247
175.11137900145175,-36.94861100358211
175.1116099947233,-36.948821000904374
175.11169800740856,-36.94895399355999
175.11184500183015,-36.94917799621218
175.1119900082273,-36.94932100271356
175.11220899607548,-36.949384994251936
175.11230899307444,-36.94941500570606
175.11233100431443,-36.9494059986931
175.11238100226316,-36.94939799608116
175.11244800307617,-36.94937899358614
175.11245799756864,-36.94937599742529
175.11253199921705,-36.94936599484788
175.11255299306544,-36.949368004210704
175.11261400625256,-36.94938399579999
175.1126530058151,-36.94941000300765
175.11264900255009,-36.94942699306925
175.11263100683053,-36.94945099265586
175.11259700369698,-36.94947999622431
175.11257599549552,-36.94949299522665
175.11249199713225,-36.94954099701835
175.11243800703178,-36.949587005564105
175.11240499413907,-36.949646005857296
175.11239999179332,-36.949661994343174
175.11240099139542,-36.94968200027515
175.11240799079354,-36.949698994614685
175.11241899270476,-36.949711001248446
175.11243500877515,-36.949735006607064
175.11249099925857,-36.94979099357661
175.1125619939532,-36.949850004061396
175.1125399990619,-36.949925006092734
175.11248300481745,-36.9500929958717
175.1120520071453,-36.95038700523494
175.1120089922094,-36.950323007358506
175.1120140035333,-36.95043999976953
175.11201200862055,-36.95044900569537
175.1119339939004,-36.950558997875376
175.11183399337511,-36.95065300040501
175.1118000069475,-36.95070500139493
175.1117600045097,-36.950760001606774
175.11175400006053,-36.95077199720102
175.11175199426785,-36.95081399283775
175.11176800869015,-36.95085399781938
175.11179800568596,-36.95088499631116
175.11184899165292,-36.950953997846845
175.1118660060543,-36.95100999804891
175.11186900557382,-36.95110099370324
175.11187300617325,-36.95113500529845
175.1118770088197,-36.95117600267123
175.11188899673286,-36.951206992573496
175.111913003107,-36.95127800535034
175.11192299256558,-36.951364993925736
175.11191999499624,-36.9514780063655
175.11192299695676,-36.951507003883144
175.11192099524507,-36.95152499387713
175.11192900621472,-36.951633006635355
175.11799699389684,-36.95823099833962
175.12169600582124,-36.962222004964
175.11812399544212,-36.964848001246075
175.11449900528112,-36.96751099899295
175.10907300106928,-36.971496999765336
175.10851899318456,-36.97190400690593
175.10553200700735,-36.97409899199743
175.10364000554299,-36.97548799714849
175.10120999442816,-36.977272992914976
175.09875900798124,-36.979072000408976
175.09478299967336,-36.97731300398327
175.094795995884,-36.97723599466772
175.09479399252666,-36.97723499626436
175.0947329938889,-36.977211994433056
175.09472399473785,-36.97721199555603
175.09466199458717,-36.97719200180744
175.09465300759217,-36.97718199942086
175.0945939937635,-36.97717099274846
175.0944800012811,-36.977123005353505
175.09446399345453,-36.977123003073544
175.09437500026758,-36.97709099835722
175.09435599533023,-36.97708800443762
175.09434699744494,-36.977083994820035
175.09432199595648,-36.97708300481483
175.09430600665402,-36.97707900681881
175.0942510043954,-36.977043003419425
175.0942099959142,-36.97702700207294
175.09419400456946,-36.97701600386708
175.09418500287217,-36.97701300193361
175.09417599414175,-36.977004006621165
175.0941599917808,-36.9769769937862
175.09415500226652,-36.9769379978884
175.09414800740376,-36.9769239919783
175.09412399635423,-36.976899998244136
175.09407700517562,-36.976879002987026
175.09405399665687,-36.97685900133609
175.09404200000503,-36.976855994557106
175.09400299341047,-36.976812001051314
175.09397999139583,-36.97679399740519
175.0939410049964,-36.97675299216126
175.09392200472558,-36.97673799305685
175.09384699714417,-36.97672399476097
175.09375799325082,-36.97669099925332
175.09373300577732,-36.97667600660932
175.09370299351457,-36.976661994875975
175.0936529927037,-36.97662999836091
175.09363399391017,-36.97660000731301
175.09360500349894,-36.976574994544315
175.09356999992923,-36.97655900239667
175.09352800429374,-36.976492004044104
175.0935190016586,-36.976466993749874
175.0935069933748,-36.976452000113476
175.0934959951287,-36.97644299658201
175.09345699479758,-36.97642700460567
175.0933030084537,-36.976422995549925
175.0932510027644,-36.97641600505403
175.09319999666917,-36.97639900442609
175.09314299703976,-36.976360993427555
175.09312499965853,-36.97633900601201
175.09311999910105,-36.976327997665095
175.0930970045879,-36.976305006933515
175.0930599945072,-36.97624500542586
175.09305699872291,-36.97623800034808
175.0930360013269,-36.9762099993213
175.09302899722908,-36.97618699513485
175.09299499164376,-36.976153993400935
175.09298100767592,-36.976146999153904
175.09285000529965,-36.976026001918534
175.0928340050481,-36.97601700091318
175.0928180020412,-36.975993998586404
175.09280200470363,-36.97598100305702
175.09277400444788,-36.97594799359243
175.0927579934551,-36.97593400689078
175.0927419937503,-36.975913994036894
175.09272099350974,-36.9758940008637
175.09270499311998,-36.97587400333828
175.09269499728032,-36.9758579953385
175.09267599397535,-36.97577799403889
175.09267499907597,-36.975747005783916
175.09264600256756,-36.975726995875945
175.09252999822672,-36.9757059938725
175.0925050045915,-36.97569600496943
175.09248200451043,-36.97568899659002
175.09246099475334,-36.975678001905735
175.09233400761954,-36.97565199207439
175.09223800241625,-36.97561799854312
175.092216993835,-36.975607003793996
175.09217800797123,-36.975576994438384
175.09210600601733,-36.975561000675654
175.08430700206986,-36.976583005366294
175.08436400195987,-36.97768299720984
175.08437499657333,-36.97783899773068
175.08560799970172,-36.97792999562666
175.08590100165367,-36.97815400258499
175.08642799468223,-36.978960995831684
175.0867029957765,-36.979164995121344
175.08672500213495,-36.979181006039056
175.08672199366436,-36.979184006124214
175.0867109967872,-36.97919999982428
175.0867030000901,-36.979217994784236
175.08668400321125,-36.97924199371786
175.08665800520973,-36.97926800123023
175.08662199373248,-36.9792959972803
175.086611007188,-36.979305996379956
175.0865809975722,-36.97931699510608
175.0865449922193,-36.97933300310738
175.08653000515878,-36.97933999557117
175.0864939924438,-36.97933599438104
175.08649099892523,-36.979336005554835
175.08646399501987,-36.97933000284402
175.08644800749983,-36.97932899330274
175.08639500803918,-36.979308992000874
175.08630199268967,-36.979285995333484
175.08618300590715,-36.97924399743816
175.08601099745826,-36.979201000913676
175.08596999512798,-36.97919100723892
175.08589699760043,-36.97916200375108
175.08586200073714,-36.979152003620015
175.08585400217467,-36.97914899784224
175.08584699210738,-36.97914899217351
175.0858319979248,-36.97914700342352
175.08582200154413,-36.97914200668183
175.08580000634498,-36.97913799863941
175.08577899682422,-36.97913799838319
175.08577700638142,-36.97913800542783
175.08575199306236,-36.97913199640703
175.0857370049172,-36.97912500363434
175.08573399414504,-36.97912499977042
175.08570300168964,-36.97911699764796
175.08567400141277,-36.97911600490589
175.0856449964439,-36.97910500713388
175.08561000472454,-36.97909400010775
175.08557200039198,-36.9790830036559
175.0855389940446,-36.97907299638582
175.08549600310923,-36.97905899885887
175.0853609994616,-36.97897599938595
175.08533300686855,-36.978948998649
175.08530800257702,-36.978915993342966
175.0852760039269,-36.97889100434322
175.08526100599664,-36.978885995397505
175.0852509990822,-36.97888299692877
175.08523199902643,-36.97887899293032
175.08522099765392,-36.978884996790846
175.08520499717636,-36.97888700659516
175.08520200325557,-36.97888700242149
175.08518999327708,-36.97889400098888
175.08518799847582,-36.97889500040913
175.0851789918744,-36.97890000394483
175.0851749948623,-36.978900002975365
175.08516400817635,-36.978910001945735
175.08514300621144,-36.97891900072145
175.08514100402547,-36.978918001232195
175.08512100635804,-36.97893399611684
175.0851009982698,-36.978938004160575
175.08509200752002,-36.978947004586956
175.08506800118013,-36.978968992205694
175.0850429971815,-36.9789859970484
175.0850410058409,-36.978997000610676
175.08502800760402,-36.979015000421924
175.08500600380557,-36.97903800193377
175.08500600076806,-36.97905299477581
175.08498899311834,-36.97907700175641
175.08497899169956,-36.97909799343282
175.0849759917642,-36.97910999260292
175.08496799406828,-36.979131999065146
175.08495900678508,-36.979151005428534
175.0849580016562,-36.97916200518156
175.0849530035976,-36.97917899829768
175.08495100272722,-36.97919199926171
175.08494499421641,-36.979206997572604
175.08494300300472,-36.97922500317317
175.08493899668213,-36.97924100097618
175.08494099582597,-36.979256993310564
175.0849349963257,-36.979281006062486
175.0849300060119,-36.979324994171854
175.08492400528402,-36.97934200670505
175.08490600394285,-36.97938900114711
175.08490499462806,-36.97941499376115
175.08489799782072,-36.97944099242737
175.08489500685036,-36.97946200513609
175.08488799503098,-36.97949099361021
175.08488400288925,-36.97952199927167
175.08488299260506,-36.97952700740675
175.08486799757384,-36.9795749963128
175.0848470014949,-36.97962200189982
175.0848449993846,-36.97962800264398
175.08482299978382,-36.97967499701605
175.08479699668172,-36.97970899586579
175.08477799603244,-36.979723004784006
175.08473399833937,-36.979780998164806
175.08469799452348,-36.979824992122346
175.08469199543762,-36.97983799301898
175.084674003017,-36.979857992139756
175.0845750043999,-36.97993399755238
175.08427499097687,-36.980062999439504
175.08426699906036,-36.98006600227074
175.08419500829092,-36.980121990566715
175.08416799212063,-36.98015399631946
175.08416599565953,-36.980184003440435
175.08417499878533,-36.98022600538387
175.08418199847375,-36.98025300556149
175.084207002192,-36.98026799903419
175.0842110004001,-36.980268000014334
175.08425999442662,-36.98027900306076
175.0842860066905,-36.9802790004354
175.0843099976531,-36.98027799863733
175.0843480077447,-36.98027000632332
175.08440900864164,-36.98026400577208
175.08441099909044,-36.98026399784863
175.08446300661416,-36.98025299631139
175.08447299574186,-36.98025599605777
175.08452499372694,-36.98024699189682
175.08453200277586,-36.98024699766025
175.08457499909946,-36.98024199195147
175.08463199439763,-36.98023399231094
175.08467600822098,-36.98023000516321
175.0846850003669,-36.98022800498186
175.08472600396902,-36.9802200023202
175.08478399375315,-36.980203000279715
175.0847910078709,-36.98020199830821
175.0848360036297,-36.98020599991767
175.08487400301044,-36.98020000576121
175.08490499968474,-36.98020000015091
175.08492900246782,-36.98020400102342
175.08496300273168,-36.98020900241101
175.0850610089628,-36.980238006877826
175.08509000754145,-36.98024299606756
175.0851359995432,-36.980269992429314
175.08515000386836,-36.98027999300688
175.08516799906815,-36.98028799742392
175.08522700069045,-36.9803229983427
175.08525500312194,-36.980341000545124
175.0852690001114,-36.980349003100315
175.08532299789272,-36.980363007364225
175.08538900192016,-36.980389001237896
175.0854139933046,-36.980396003023216
175.08549199459634,-36.98043900404989
175.08558400105463,-36.98051700342096
175.0855999925534,-36.98052399209344
175.08563700053733,-36.98055500182122
175.08566000236695,-36.980568994595046
175.0856759914347,-36.98059099230625
175.08569399959123,-36.980600001340164
175.08570300667543,-36.980608997329306
175.0857099962016,-36.980630996386445
175.08570600777077,-36.980665006867085
175.08567799655742,-36.98072399492202
175.08567200140024,-36.980796995769644
175.08565200747404,-36.98084099343022
175.08562800574938,-36.98086900703519
175.0855339997705,-36.98096099440647
175.08547299868488,-36.98100300616504
175.08545299700813,-36.98100899607484
175.08541199518012,-36.98101300268762
175.0853469975362,-36.9810080071855
175.08532399658688,-36.98100799858919
175.08519399233143,-36.980938998139365
175.08509099680077,-36.98091800371045
175.08498699345398,-36.980880006234756
175.08488599363696,-36.98085799777185
175.08481199779467,-36.98086000437911
175.084798005944,-36.98085799518986
175.08477100507525,-36.98086199715107
175.08474399687688,-36.98086400199943
175.08464100673072,-36.98084900059077
175.08457300356312,-36.98084999328637
175.0845549949998,-36.98085899616112
175.08453300519784,-36.980878994278605
175.08451499998938,-36.9808910019546
175.08448799379062,-36.98091399210368
175.08444500183506,-36.98095000443066
175.0844280081553,-36.980964005982045
175.08438599799626,-36.98100100596952
175.084360996138,-36.981021000181144
175.0843249924918,-36.981046997274255
175.08431500227297,-36.98105499404861
175.08428499945092,-36.98107500668355
175.0842369959474,-36.98110600301255
175.0842169997247,-36.98111800235196
175.084169994181,-36.98115000227668
175.0841610052654,-36.98115500722981
175.08411300168498,-36.98118600441222
175.08409400453434,-36.981199006433634
175.08404500063844,-36.981229000007104
175.08402999949948,-36.98123899817572
175.08398600362852,-36.981274999129454
175.08397800094068,-36.98128000026861
175.08392200172605,-36.98129999887408
175.0838640057985,-36.98131800734114
175.083821004388,-36.981331003634615
175.0837640019929,-36.98135100626302
175.0837610024449,-36.981351993560665
175.08370199997728,-36.98136700033689
175.08367600709641,-36.98136999204335
175.0836139915151,-36.981370994423834
175.08361099788826,-36.981371004626595
175.08354899471348,-36.98137299726162
175.0835459995704,-36.9813729930689
175.08348499772984,-36.9813649918245
175.08343199973797,-36.98135499519363
175.08337099792098,-36.98134699388975
175.08334600346961,-36.981344003326136
175.08328600703254,-36.98133200337526
175.08325599176857,-36.98132599602668
175.08319500570929,-36.981317994354995
175.08318699233664,-36.9813179926252
175.08313799482872,-36.98132199821659
175.08311799718308,-36.98134499301123
175.08312000800728,-36.98138700421571
175.08312899386755,-36.98142900563885
175.08314700865773,-36.98147199589325
175.0831599916972,-36.98151399834625
175.08318199239903,-36.9815559993183
175.08318599791033,-36.98156499767924
175.08319499673158,-36.98160100535796
175.08321099691267,-36.98164900603045
175.08321300753354,-36.98165900377966
175.0832160002496,-36.98170900381014
175.08321500548226,-36.98172500636974
175.08321099412956,-36.981773993743566
175.0832089940351,-36.98178299929173
175.08318200099035,-36.981827998168555
175.083181991434,-36.98182999557208
175.0831539919121,-36.98187199282416
175.08313100154706,-36.98190900007751
175.0830960023188,-36.98194899407225
175.0830639932064,-36.98197200232669
175.08304499959328,-36.982001995045856
175.08301300834322,-36.98203200321254
175.08299800162737,-36.982068005973645
175.08296600361464,-36.98211000216761
175.0829620030524,-36.98211399656089
175.0829330075059,-36.98215799586305
175.08293100744385,-36.98216000116683
175.08290400349915,-36.98219999716973
175.08287600714556,-36.98222700241613
175.08284800864757,-36.98224400168678
175.0828329941689,-36.98226699459168
175.08279700231634,-36.98228699661269
175.08276099465579,-36.98231000376687
175.08272899883934,-36.98233400310731
175.0827100039541,-36.98235699465596
175.08269000626774,-36.9823870058433
175.08267499789105,-36.982415993032774
175.08265499800282,-36.98244299938653
175.08262700442634,-36.982465992930955
175.08259199861814,-36.982492992245646
175.0825399946283,-36.982517002892735
175.08248299612467,-36.98253599812032
175.0824790050645,-36.982537994193855
175.08243900000508,-36.98256100110239
175.08238299554492,-36.98257500557707
175.08233000155826,-36.982588998657654
175.08227800566863,-36.98259699421004
175.0822169964194,-36.982607996840144
175.08217200389515,-36.982596002550885
175.0821269932909,-36.98256999276029
175.0820809944122,-36.982554997707474
175.0820209971823,-36.98254299714242
175.08201999404227,-36.982543000322075
175.0819649995952,-36.98252000016001
175.0819619982476,-36.982517997899436
175.08192099791071,-36.982485993558285
175.08188799955184,-36.982467002995236
175.081843001776,-36.98244899983869
175.0817930076933,-36.98242999196445
175.08173299305193,-36.98241800687865
175.0817320063149,-36.98241799354507
175.0817029952416,-36.98241899907612
175.08166299879656,-36.98242600605466
175.08160500545634,-36.98244300665709
175.0815949998069,-36.98244699188093
175.0815460045158,-36.98246100189316
175.08149800021087,-36.982488001773724
175.0814460038052,-36.98251399372679
175.08143800525232,-36.98251800321715
175.08138800146435,-36.98254699300116
175.08138600135075,-36.982548998280336
175.08133999797795,-36.982580993946534
175.08133800300462,-36.98258199240516
175.08128500667652,-36.982606996899705
175.08126599418014,-36.98261600337184
175.08121600710444,-36.982644992791485
175.08120599670494,-36.98265000101896
175.0811559931574,-36.98267900602441
175.08114599917556,-36.982683998637235
175.08108799420967,-36.98270000688495
175.08108599810691,-36.98270100535921
175.0810410077077,-36.98271699804659
175.08104400615662,-36.98280799365925
175.07987099320516,-36.98365300471265
175.08459100217115,-36.98625100474442
175.08642100711873,-36.987258005552285
175.08468700632204,-36.98814400613079
175.08415899738824,-36.988413992364585
175.08310099852372,-36.98918100225122
175.08481299289045,-36.990604994696426
175.08493399347054,-36.992693005568626
175.08571200616527,-37.00817200672551
175.08807000600228,-37.00872200271252
175.0878690011951,-37.00820299979759
175.08790299299136,-37.00790999717394
175.08772800592317,-37.007582995309974
175.0873230017724,-37.00708000058413
175.0871900058762,-37.006701995779885
175.08729200820488,-37.00623899407964
175.08722400439083,-37.005954994377326
175.0873340037015,-37.0055889959368
175.0877140052198,-37.00522000304853
175.08787900438938,-37.00487899932012
175.08790600617655,-37.0045269976876
175.0877210072967,-37.0039039953155
175.08837899684335,-37.00391000604993
175.0890009923073,-37.003450004118164
175.09032700256023,-37.00340399712441
175.0918470018774,-37.0035309969329
175.09186299451525,-37.0040270022513
175.09064700731238,-37.004001000142765
175.0894840058719,-37.004505005623
175.09052099186613,-37.005368996412685
175.090947005403,-37.00535700333178
175.0917079994439,-37.00554499865906
175.09293299677884,-37.005424997083495
175.09310499212427,-37.00584999537202
175.0927769982678,-37.00663999261205
175.09287900774956,-37.00692799804584
175.09350799691563,-37.00691799639744
175.09381099926983,-37.00705500009582
175.09437200592893,-37.00704399362573
175.0944959958556,-37.00688000609338
175.09492599846692,-37.00669199578921
175.09505499910702,-37.0067980068417
175.09502600723903,-37.00699499935191
175.09488499332647,-37.00724099757406
175.09496800331803,-37.00774200126036
175.0955209987415,-37.00799600444527
175.09587300534648,-37.008331993795736
175.0960280073024,-37.00865699919074
175.09670099419617,-37.008767002611144
175.09714599255247,-37.00877200099852
175.0973199976122,-37.00859299989094
175.09761200807333,-37.00857699756008
175.09778600322107,-37.00877400018371
175.09816599230084,-37.00898600508485
175.09821400057538,-37.00901599398826
175.09874399859342,-37.009401995218475
175.09929699609904,-37.00994000044133
175.09949800238928,-37.01007500511617
175.09973399289828,-37.010353003637206
175.10003400863317,-37.01051599243471
175.1000660061273,-37.010522994906744
175.1004130079171,-37.010538001896094
175.10063000335026,-37.01078399357522
175.1009770031972,-37.01092699321446
175.10143500289016,-37.01159399316341
175.1016279916614,-37.011922006673664
175.10185099529386,-37.011970998387675
175.10177800518827,-37.0126890061327
175.10191200137098,-37.01314200092303
175.10186500450203,-37.014079994782065
175.10186600356903,-37.01417099838591
175.10190799465664,-37.014811004963725
175.10218400283853,-37.01510500042524
175.10197500554506,-37.0153499960624
175.10242900388485,-37.01551099876384
175.10187499229204,-37.015905003309236
175.1023219943447,-37.01639699632167
175.1025939916861,-37.01737799228021
175.1026639923543,-37.017631001212024
175.1014159922143,-37.017254997836844
175.10140499380856,-37.017641001104636
175.10107600297326,-37.01791699303727
175.10061000425011,-37.01789200065183
175.0996809977383,-37.01862499356522
175.0998159933768,-37.01887399405981
175.09977200464579,-37.01939299336353
175.0995699981405,-37.019665000226844
175.09841300060896,-37.02016000628047
175.09751399168402,-37.020899992899835
175.09747100576016,-37.02124200619377
175.09746900731534,-37.02126199299308
175.09734899274002,-37.02169400294888
175.0971140058487,-37.021721001207034
175.09689100399962,-37.02202799176461
175.09688100481353,-37.022953004407235
175.0992630005293,-37.02357800043998
175.09805800743277,-37.02685199186807
175.1082449982428,-37.02928099661695
175.11933000383715,-37.031922001163366
175.119340001315,-37.03196799264358
175.11935000194444,-37.03206100498195
175.11935799693345,-37.03208999828995
175.11935600452625,-37.032110000566504
175.11936199919654,-37.032132992928986
175.11937899643434,-37.032166999550874
175.1194159988617,-37.03228299838209
175.11943799207597,-37.03232299476686
175.1194479997393,-37.032358996405954
175.11944599923874,-37.03237300540071
175.1194259944139,-37.032380998411405
175.1194130007708,-37.03239399794994
175.11941500104547,-37.03245899314161
175.1194209945163,-37.03251000321401
175.11942900775807,-37.03253499996944
175.1194349924901,-37.03258399676563
175.1195229991995,-37.03286599609178
175.1195380046863,-37.032904006556244
175.11958899781453,-37.03300099271395
175.11961399433613,-37.033075004183345
175.11963000651673,-37.0331440020331
175.1196960088318,-37.033301998853155
175.11971899516283,-37.0333799991773
175.1197330042075,-37.03341200335113
175.11979799311698,-37.033517003886665
175.11981699507527,-37.0335400061829
175.11984299683763,-37.033585994557306
175.1198630072165,-37.03362799735764
175.11987999399383,-37.033680000578364
175.11991399789852,-37.03373399786874
175.11997300076345,-37.03380600085334
175.11999199806206,-37.03383400523357
175.12002299315276,-37.03387500322138
175.12005100920402,-37.0339240054271
175.12008399164444,-37.0339539985544
175.12009800232147,-37.03397000426113
175.1201060063923,-37.03398499616054
175.12010599292057,-37.03400799673228
175.12013199686515,-37.0340259988575
175.1201430066745,-37.034026992623616
175.12021700387106,-37.03412399626113
175.12024700772076,-37.03415400202936
175.120311002587,-37.03423699666791
175.12061099415976,-37.03454499743637
175.12062300438586,-37.034558996573736
175.12071900243944,-37.034638999760396
175.12074200596555,-37.03466200154621
175.12078899646775,-37.0346970046825
175.1208219964177,-37.0347269981806
175.12084499149302,-37.034751997303374
175.12086400358038,-37.03477699734609
175.12088299290758,-37.0347949967531
175.12091799858214,-37.03484200361753
175.1209720027717,-37.03489299319959
175.12102999907813,-37.03493800356071
175.12106299187457,-37.03496999522389
175.12115200237884,-37.035044000700196
175.12117300178463,-37.03505799583241
175.12118900397738,-37.035078005260964
175.12125699788368,-37.0351419958258
175.1213110028288,-37.03519699586765
175.12135100064003,-37.03525099906436
175.12137799966095,-37.035302994199306
175.1213989984721,-37.03533700012019
175.12154499304603,-37.03549399667778
175.1216009951557,-37.03553599433317
175.12162200240502,-37.03555599888612
175.1216529991228,-37.03559699728779
175.12172999196454,-37.035674998999056
175.1217489997902,-37.035689002614184
175.12176500660917,-37.03569600119479
175.1218019966458,-37.03572100661478
175.12187400116315,-37.03578299814722
175.12194500144233,-37.03586500489843
175.12195899481551,-37.03588500599373
175.121985004315,-37.035909993308486
175.12200600826984,-37.03593500077777
175.122027006955,-37.03594899576418
175.1222530062821,-37.036192995783125
175.12239500492393,-37.03631000054556
175.12249100247377,-37.036395005157864
175.12259599395884,-37.036475001716475
175.1226240073391,-37.03650899542333
175.12268000161234,-37.03656099763972
175.12269200413624,-37.0365769956998
175.12271299624177,-37.03659300410543
175.12272899875367,-37.036609001770344
175.12275199967337,-37.03662100684162
175.12281299516198,-37.03667399559095
175.12284599262745,-37.03672099542953
175.12290500136393,-37.036780993686406
175.12292599703247,-37.03679199996201
175.1229949991712,-37.03681199865495
175.12304100051335,-37.03685600328204
175.12314799852092,-37.03692900563775
175.12318599278603,-37.03697000632372
175.1232000042394,-37.036982000091214
175.12321399930312,-37.0370020018987
175.1232229923956,-37.03700899785603
175.1232470062144,-37.037038994692736
175.12329299378308,-37.037097992022574
175.12337400176844,-37.036865997889436
175.12353199761446,-37.03706099878929
175.12354000316523,-37.03708000194441
175.12357500651453,-37.03715600173737
175.1235760068352,-37.03718500639125
175.12358000672938,-37.037316994560506
175.12356399877928,-37.03735000344688
175.1235439980929,-37.03739299954835
175.12352399296017,-37.03744899198013
175.12351800497078,-37.03745999730093
175.1235160080689,-37.03746499181988
175.12350099140244,-37.037516998757866
175.1234920026804,-37.03753300305026
175.1234630031748,-37.037585994871066
175.1234489919882,-37.03761800273556
175.1234470000844,-37.03762200667268
175.12327199389472,-37.03795800621968
175.12325899938713,-37.03799100077201
175.12324699979402,-37.03800599455383
175.1232380064461,-37.03803499336117
175.12323299690576,-37.038043996563715
175.12320800708625,-37.03809500585624
175.12319500754592,-37.03812899188412
175.12318400487908,-37.03814599475947
175.12309499905192,-37.038272995653635
175.12298500354746,-37.0385229939323
175.12295499396288,-37.038620997605555
175.12295299358522,-37.038626999792484
175.12295099320727,-37.038633001979385
175.1229380063647,-37.03872000381207
175.12293400058965,-37.038732998766235
175.12291700436586,-37.03878600541803
175.12291399826051,-37.038816001079574
175.1229069928095,-37.03882999966085
175.1229059916992,-37.03883700419306
175.12289999507516,-37.03885400305522
175.12289200037424,-37.03887599734783
175.12285499689105,-37.03910499628332
175.12284799414925,-37.03912199963261
175.12284199250138,-37.039135993761455
175.12282100726014,-37.039249991957256
175.12281599303702,-37.03926399815236
175.1227689959868,-37.039380996284635
175.1227619977665,-37.039389000409344
175.12273700829863,-37.03945199643092
175.1227310055103,-37.03946199526346
175.122627993268,-37.03963899998074
175.12261200658284,-37.03965500057321
175.12252400244418,-37.039746002788796
175.12249599506288,-37.03976200489732
175.1223950060174,-37.03982000703188
175.1223659981295,-37.03983900209327
175.12234999300858,-37.03984699613619
175.1222389930618,-37.03990099541508
175.1216020063599,-37.04158900157472
175.1212819950478,-37.04243499211416
175.11942500670528,-37.04735700540659
175.1193010034949,-37.04757600105099
175.11908900236864,-37.04774000474719
175.11907399520774,-37.04795799606049
175.1189940032395,-37.04809499463528
175.11824299947648,-37.04837900113183
175.11698299867132,-37.04907799244458
175.11668900883072,-37.04915000513203
175.1166029986706,-37.049084007591034
175.11657200018598,-37.04894899521265
175.11642799428242,-37.04883999770941
175.1160479993986,-37.048857007309905
175.1144269942145,-37.049144999790585
175.11412999757246,-37.04910599858453
175.11384400635052,-37.048929993697435
175.11306600670883,-37.04824600605989
175.1129850058536,-37.04789799599976
175.1128559979877,-37.04777600273189
175.11255399081134,-37.04802899878767
175.11241200199527,-37.047985997935974
175.1124099972267,-37.04789600525589
175.11270800008757,-37.04745800496704
175.11281699661959,-37.04731400641849
175.1133350074684,-37.047282004009766
175.11348600026167,-37.04735300156262
175.1136330003056,-37.04742200077458
175.1138589974483,-37.04744300435417
175.11396800007682,-37.047327998398266
175.11390899924547,-37.047239001924
175.1138019949159,-37.04720900084357
175.11368199504116,-37.04717599935112
175.1135679966551,-37.04708699965127
175.11356599172092,-37.04699700700008
175.11386299186654,-37.04656399494316
175.11393999610348,-37.04631399541562
175.11386900109162,-37.04622300189246
175.1137410032762,-37.04622799257609
175.11357600084708,-37.04636599990646
175.11352499308512,-37.04654700631998
175.1132269968902,-37.04695799664024
175.1131170050781,-37.04705000662087
175.11283799842536,-37.04712300360358
175.11281999471612,-37.04715900639759
175.11274400165664,-37.04727499775247
175.1122550034142,-37.04738099482742
175.1115050049999,-37.048262002938195
175.1112710082944,-37.048390005796044
175.11093499840987,-37.048463994280056
175.11073799266632,-37.048444004001105
175.11005199403272,-37.04805100342753
175.10994100501946,-37.048121004007086
175.10994500304466,-37.048255997595376
175.11021100287323,-37.048701999723704
175.1101859989446,-37.048815004731104
175.11004599224933,-37.04888499541974
175.10970900628246,-37.04889100628172
175.10939500679942,-37.048694002568816
175.10908599635022,-37.04869999800836
175.1087969967849,-37.04843400670811
175.10865599523103,-37.04841399763006
175.10852300155364,-37.048687007373275
175.1081170033184,-37.04922300226638
175.1078819912519,-37.04939700101322
175.1076600047897,-37.04948000392
175.10742699398395,-37.049743004168754
175.10706699263636,-37.049929005718695
175.10670200253782,-37.049935998660075
175.10653000408772,-37.04982599736352
175.10641800312783,-37.04982800667562
175.1063019913493,-37.0497180055536
175.10648999680228,-37.04939900635948
175.10651099867454,-37.04912799361576
175.10678300371126,-37.04880800473351
175.10665399210544,-37.04873799877865
175.10642800098773,-37.04868499900681
175.10572800426502,-37.04863400125264
175.10565199226778,-37.04849400158882
175.10566299143144,-37.04831999869051
175.1057899992387,-37.048266992209946
175.1059620019509,-37.04814800420775
175.10589700799204,-37.048090994197295
175.10572700081946,-37.04806200183692
175.1056690053642,-37.04798599218598
175.10572699881692,-37.04778600496646
175.10591500225246,-37.04764099813256
175.10587199920323,-37.04755199824573
175.10530299625347,-37.04753700342349
175.1052899961551,-37.04711899922165
175.10555099419312,-37.04695899963171
175.1054470018825,-37.04646099394602
175.10540400708203,-37.04610200637379
175.1055190085805,-37.04593900365476
175.1064349999774,-37.046017003545835
175.10694799700752,-37.04600800318696
175.10706500727653,-37.04588999875399
175.1066940009257,-37.0457999975509
175.10613699274992,-37.04567600236953
175.10593500544968,-37.04537200387484
175.10541300603222,-37.04508600433505
175.10545499874874,-37.044872992227496
175.10568999534345,-37.04468899179344
175.10588200797395,-37.0446769959633
175.10632899193155,-37.044555993001104
175.10651800752433,-37.044304996231325
175.10687800218537,-37.04407299685575
175.10689499255687,-37.0436670055766
175.10711199500517,-37.04341599285485
175.10718899776796,-37.04314400643772
175.1072720029011,-37.043074997781424
175.10757900812365,-37.04302499805884
175.1078009926875,-37.04290799879392
175.10805399650113,-37.04292500520906
175.10782899440724,-37.04275700743395
175.1075909977482,-37.04265500475159
175.1070299925139,-37.042493004985985
175.10680199663923,-37.04232899603003
175.1067690058725,-37.042286003984735
175.10676199651977,-37.042277001360176
175.10667999158537,-37.042214001203185
175.10589299659938,-37.041613995781994
175.1060550059043,-37.04140800371235
175.10605199830985,-37.041250997622726
175.10567399635232,-37.040829004215006
175.10567099582082,-37.04073899915423
175.10576600115695,-37.0401059945775
175.1055029910251,-37.039794997573466
175.10501100411238,-37.039423993075985
175.10476400734066,-37.03952399954702
175.10479399703374,-37.03971500672608
175.105002000813,-37.03991100192954
175.10524899923618,-37.040193006583536
175.10507099935052,-37.040434000072885
175.10490900655864,-37.04066300623318
175.10474600621163,-37.04135300181325
175.10469399916101,-37.04196299561482
175.10473400075367,-37.042070994891034
175.10504000780125,-37.042309996725976
175.10505200429833,-37.04231899565367
175.10508700792008,-37.04234599731069
175.10509000860753,-37.04234900565625
175.1050339981019,-37.042460997323175
175.10466899684369,-37.04246699413207
175.1044809967974,-37.04275300231491
175.10402200353013,-37.04317099623177
175.10430100367205,-37.04316599742568
175.10484799471487,-37.04280300337384
175.1054099971287,-37.04285999986844
175.10560999171793,-37.04296899776533
175.10567199708882,-37.04314800266186
175.10575800764337,-37.04321399308853
175.10589899445,-37.04321199616941
175.10604199497726,-37.0432999927778
175.10583600494155,-37.043482999349216
175.10543099835726,-37.04358099565327
175.1050150020026,-37.04381300322323
175.10487499404877,-37.04383900142646
175.10462699172527,-37.04400000358419
175.10383999280225,-37.04399199812963
175.10380800661562,-37.044076994555866
175.10415499320032,-37.044234994718344
175.1042999916286,-37.044367002940184
175.10430300606865,-37.04447999189872
175.10408100250396,-37.04461800172225
175.10339299927114,-37.04460800443419
175.1029869929672,-37.044684003051906
175.10293300436342,-37.04475099272518
175.1030189921159,-37.04481800667422
175.10344200579854,-37.044878005968116
175.10364300564873,-37.045010002269784
175.10420299373934,-37.04493200481624
175.10428900401405,-37.04499799538617
175.1042939934716,-37.04517900042816
175.10388200559646,-37.045545997923
175.10387100455387,-37.04564799761145
175.10403599798013,-37.04602800115436
175.10387900130877,-37.046447999586086
175.10370100456944,-37.04665400377829
175.10338199587886,-37.046748999568045
175.10307799949763,-37.04695799283094
175.1030250058304,-37.04707200026984
175.10277700604627,-37.047232997726226
175.10239699539392,-37.04725100110434
175.1020080036596,-37.04739399258385
175.10179599935847,-37.04738600213744
175.10159599913342,-37.04727699805352
175.10142700682061,-37.04727999362884
175.10131699812578,-37.047349998597
175.1013489957309,-37.047484003571356
175.10150500669445,-37.047561006675764
175.1021809976397,-37.04757099858437
175.10264799296988,-37.047663994056265
175.10314400370436,-37.047340000841096
175.10328500061286,-37.047314992877645
175.10339800843434,-37.047356998354154
175.10348500443166,-37.04746900242286
175.10350600416183,-37.047705005434096
175.10333399900315,-37.04808000677626
175.103126999019,-37.04824100330501
175.10280799174166,-37.048383004122556
175.1026980065535,-37.048473996871024
175.10262300744614,-37.04881399604206
175.10251499504545,-37.048973003868376
175.10212700238648,-37.04918299457405
175.10141199729497,-37.04925300457152
175.1009239947662,-37.04938500224145
175.10078399570702,-37.04959700557308
175.1011369952622,-37.049482001060724
175.10195100027968,-37.049445999379365
175.1023560065393,-37.049337003796374
175.10300200467358,-37.048979993690544
175.10347799684143,-37.04870899888725
175.10379700411787,-37.048566996270274
175.1043739925284,-37.04861399842497
175.10447399191216,-37.04864499486373
175.10458900224162,-37.04875699841232
175.10469399448678,-37.048990993141445
175.10464000429394,-37.04954500414226
175.10465500390836,-37.0496509928441
175.1047920019252,-37.049970002837725
175.1049070042882,-37.05010299217078
175.1049440013588,-37.05039500125684
175.1045580007449,-37.05067300028942
175.10448099946623,-37.05092200078474
175.10394300677015,-37.05124400556704
175.10440799987035,-37.05135199478079
175.10511800673567,-37.05163199826344
175.1052340019033,-37.051741999891796
175.10521199916397,-37.05247599922063
175.1050020068617,-37.05299699829719
175.10496000673976,-37.05353900681698
175.10483999346857,-37.05383999535689
175.10476199165734,-37.05398199369584
175.10454200273256,-37.054211003043584
175.10288200320613,-37.0551640058043
175.1027130062869,-37.0551679949214
175.10236600444748,-37.054976999909854
175.10190299613393,-37.053723998953956
175.09468200730024,-37.055207999091294
175.08869999913966,-37.056442002594046
175.08842100825038,-37.056499994909196
175.08825800211127,-37.05655099340695
175.08825999599557,-37.05649299858538
175.08825300198995,-37.056462993231584
175.08825800100584,-37.05644299526279
175.0882549995647,-37.0564080040765
175.08823000809446,-37.05634499754972
175.0882249951425,-37.056313993849834
175.08820700314695,-37.05628000208253
175.08818399608248,-37.056226003030716
175.08816799350228,-37.056153005348975
175.08813100745402,-37.05605900537751
175.0880900025679,-37.05597600224508
175.0880599979329,-37.055893004576745
175.08804399310603,-37.05585999622284
175.08803799517878,-37.05583900132496
175.08799899097266,-37.055800998444084
175.08796899520794,-37.055762992849424
175.08794400613021,-37.05572499913118
175.08792400762627,-37.05568700405729
175.08787400262187,-37.05557700677263
175.08779400826631,-37.05545999474979
175.0877349987867,-37.05539599899398
175.08772400593338,-37.055391005728126
175.08766699860888,-37.05535000211611
175.0876470085608,-37.0553210051136
175.08758299810154,-37.05525600498213
175.08757399227426,-37.05524099967012
175.0875740048004,-37.055230993558055
175.08755300140203,-37.05519300168492
175.08753299412982,-37.0551710051232
175.08752399515166,-37.05515099674049
175.08750100576003,-37.055126006380135
175.0874919999405,-37.055111000159776
175.08743699813874,-37.055045998177256
175.0874279971444,-37.05502300121274
175.0873829978771,-37.05494199413176
175.08737599347174,-37.054893000953115
175.08734600139923,-37.054840003407016
175.08731400392105,-37.05479700198121
175.08729099977816,-37.054739005548555
175.08727799558324,-37.05472700422255
175.08726600232683,-37.05470999657456
175.08726399925376,-37.05469800078708
175.08723000651622,-37.05461599326792
175.08720700808357,-37.054582003829026
175.08718900153102,-37.05454400059286
175.08716800667858,-37.0545150067662
175.08714799538174,-37.05449400160063
175.08714100691319,-37.054481001218576
175.08712999951635,-37.0544680012728
175.08709700776845,-37.05436899977964
175.08704700549535,-37.054301996208686
175.0870339952091,-37.054266004068204
175.08700200768922,-37.05420299238808
175.08697400776362,-37.05416099932482
175.08692199588816,-37.0541120005752
175.08691100215003,-37.05410700724533
175.08688099703286,-37.05408199601836
175.08685900473415,-37.054055003379474
175.0868289946256,-37.05403099894457
175.08676100017325,-37.05395899708189
175.08672700232898,-37.053900004308
175.086704000046,-37.05386700712755
175.0866840068792,-37.053823992554776
175.08658099639305,-37.053684994398445
175.08657200561228,-37.05367799561644
175.08656099714585,-37.05367599202319
175.08654999817884,-37.05364699343319
175.08643400509382,-37.053463003269
175.0864220034075,-37.05345499305093
175.0863860056011,-37.053418991597326
175.08634499838644,-37.0533910004277
175.0863320080773,-37.05338700562629
175.08632300832048,-37.05337799354566
175.08629799145763,-37.05337099189645
175.0862479961939,-37.05334599241449
175.08619799277764,-37.05328300002788
175.0861119925352,-37.053220000972345
175.08606199992457,-37.053161995060215
175.0860429956514,-37.053137004590326
175.08603199234034,-37.05313399503873
175.08602099131798,-37.05312700363584
175.08599400331798,-37.053122998167616
175.08595600155422,-37.05312200740578
175.08588499331032,-37.05308599435479
175.08573299835805,-37.05307499556785
175.0856970003109,-37.053068003974715
175.08566500868255,-37.0530670056493
175.0856360004627,-37.053058004742155
175.08557100173437,-37.05305099411914
175.08546199405217,-37.05305300404322
175.08538100668702,-37.053034993300166
175.08535699721182,-37.053035003639025
175.08532499668786,-37.05304300455815
175.08529599755875,-37.05304300168617
175.08528699932077,-37.053048006047455
175.08527800567583,-37.05304500344522
175.08517299202327,-37.05302700317279
175.0850860035774,-37.05300000032965
175.08501699349762,-37.0529880020061
175.08491600083113,-37.05296600667497
175.08490300826693,-37.05296599176258
175.08483599694486,-37.05294899940376
175.08482400488592,-37.05295000155075
175.08474599622792,-37.05294299297951
175.0847060002096,-37.05293499254802
175.0846299944555,-37.05291899186735
175.08451800889713,-37.05291700025778
175.08447300134935,-37.05290999361766
175.0844150016905,-37.052896001563425
175.0844019916211,-37.05289600402773
175.0843499957919,-37.05288699407955
175.08430300608455,-37.05287099599442
175.08423899845968,-37.05284200326341
175.08409700001644,-37.05279900011545
175.08389000613928,-37.05270600631381
175.08386000110383,-37.052673994128604
175.08381300387978,-37.052648997695684
175.08378599791973,-37.05263100612453
175.0837560024469,-37.052621992357345
175.08373800805361,-37.05260700408072
175.08371599558856,-37.05259500381663
175.08370900192287,-37.052587006260715
175.08361800470155,-37.05252600564923
175.08352099175144,-37.05243400511933
175.0834820081003,-37.05238899924962
175.0834660080702,-37.052376992441495
175.0833850051192,-37.05235199574471
175.08336699851012,-37.05235000123824
175.08329699804906,-37.052320999710275
175.08328999154688,-37.052311995634916
175.08327500688046,-37.052305002754814
175.0831820042765,-37.05222200096608
175.08316400278076,-37.05221899961939
175.08313899716353,-37.05220999988005
175.08303399679303,-37.052082993304005
175.082897993256,-37.051955000829224
175.0828830008774,-37.051945994595
175.0828730043352,-37.05193899876834
175.08283500272142,-37.0519059929656
175.08282100769904,-37.051870004094404
175.08281799564028,-37.05185200274741
175.08280200740586,-37.051770005676275
175.08280199610252,-37.05175100168518
175.08279200607905,-37.05171800228011
175.08277999938605,-37.051594003662885
175.08277299814117,-37.05155199493537
175.08277500013997,-37.05154300474958
175.08276499487692,-37.05137100085018
175.08278900489702,-37.051235998730306
175.08278599175418,-37.05121799739942
175.08279299218393,-37.05114999525473
175.08280600593935,-37.05110300336233
175.08281899666517,-37.05100400405364
175.08289700328726,-37.050716001957404
175.08290600532078,-37.050696005074194
175.0829059965715,-37.05068700694201
175.08289400812282,-37.050634003789
175.08288000525363,-37.05062099835557
175.08284699434017,-37.05058399427101
175.08280300425218,-37.0505680005587
175.08277300090182,-37.0505680011749
175.08270000797884,-37.05058099695566
175.08264200450557,-37.05062499272373
175.08261700350647,-37.05063999812753
175.08250999580372,-37.05068000559233
175.08243299343695,-37.050730001186636
175.08239700048736,-37.050753998672505
175.08238299751355,-37.05075900597761
175.08182899903508,-37.0511900012258
175.08181099186555,-37.05119900289217
175.08174299984404,-37.05125200242755
175.08171199225424,-37.051279992246016
175.08167599159069,-37.051308992606565
175.08160600486602,-37.05136599357265
175.08153700473915,-37.05143400332683
175.08147500736573,-37.05146899825128
175.0814010055126,-37.051524991654105
175.08135999852465,-37.05154699399986
175.0813199938113,-37.051573003815825
175.081265006135,-37.05159499464268
175.08112200664172,-37.051630004112866
175.0810969994172,-37.05163900053897
175.08106900600973,-37.05164599356574
175.0810300016228,-37.05164799390233
175.08098700419703,-37.05165900580476
175.08095100680103,-37.05165899668892
175.08091399398907,-37.05165400512992
175.08083099760375,-37.05162599444577
175.08079000406144,-37.05161700255834
175.08075199616778,-37.0515819989655
175.0806719972993,-37.051468994398704
175.08066500620737,-37.05145000020504
175.0806549930693,-37.05143600520865
175.08064099993496,-37.051421001220554
175.08063700014637,-37.051410003791716
175.08060800033877,-37.05137499801928
175.08055300169852,-37.05123699780176
175.08051799522855,-37.05118000543606
175.08050900059519,-37.05109600075719
175.08051800410433,-37.050991006059704
175.08051499542253,-37.05095099554801
175.08050999388453,-37.05094300700676
175.08050999128375,-37.050813002319764
175.08048099897147,-37.050733995426704
175.0804709975896,-37.05067900228873
175.08044400541604,-37.05060900094346
175.08044399473908,-37.050582997659305
175.0804370055698,-37.050566992028855
175.080418000472,-37.05053899669173
175.08040099949167,-37.050522997259776
175.0803869992803,-37.05049899597211
175.08034799982963,-37.05048600244509
175.08029399399754,-37.050446006899485
175.0802850025872,-37.05044599158462
175.08026500713706,-37.05043999379306
175.08021199913273,-37.050439999844635
175.08014500449627,-37.05043099515856
175.08009299941054,-37.050441994393594
175.08006599608157,-37.05045200259062
175.0800220043381,-37.050454005348044
175.0799489940934,-37.05047400081624
175.07991699621448,-37.05047800398789
175.07989199987105,-37.050485001849026
175.07987900809567,-37.05049200276169
175.07986299532,-37.0505110030059
175.0798539969964,-37.050516006958546
175.07983400100414,-37.050523993226385
175.0797809917929,-37.05053499641738
175.07977199341164,-37.05053999856236
175.07976399572024,-37.05055999202495
175.07960500853022,-37.050756998726065
175.07956099656934,-37.050857999994044
175.07951899949907,-37.05092600372439
175.07943300602943,-37.05118000456264
175.07940600791486,-37.051216994775594
175.07935100510662,-37.0513439929814
175.07934000579067,-37.05135800233359
175.07932299579008,-37.05139300493638
175.07930900141753,-37.051409998636544
175.07927599490577,-37.051478000560394
175.0792670048822,-37.051485003343515
175.0792210063937,-37.0515530059295
175.07920500463285,-37.051565996218216
175.07918199724259,-37.05157699855822
175.07915499863398,-37.05157899957767
175.07910900275922,-37.05158299199973
175.0789919961948,-37.05158099754626
175.07898300282199,-37.05158499462776
175.0789010035134,-37.05160099489893
175.07884099831938,-37.05158999772206
175.0788319977879,-37.05158499662661
175.07870500527676,-37.05154600671837
175.07861300110775,-37.05149699322069
175.0785580054215,-37.05148199657368
175.07854399397348,-37.05147100511293
175.07846500744063,-37.051431005864366
175.07836999797019,-37.05137000025808
175.07834200286428,-37.05132100389967
175.0783419955853,-37.05131900590887
175.07828299815293,-37.051262006120155
175.0782620052754,-37.05123700684573
175.07824599771112,-37.05123000240512
175.078200002978,-37.051171003700226
175.07818799299253,-37.05113700461615
175.07816299265988,-37.0511129948485
175.07814999606538,-37.05110000095478
175.07813799772214,-37.05109499465789
175.0781110036187,-37.051061003088336
175.07803300038006,-37.05100100512368
175.07802900167044,-37.050989991358996
175.0780059986457,-37.0509649993209
175.0779970040052,-37.0509520055822
175.0779719940287,-37.0509369960368
175.07793899363554,-37.05088100238637
175.07787299765727,-37.050837995579315
175.07784800381475,-37.05082699728297
175.07778900104725,-37.05081999175403
175.07774599429138,-37.05079099881159
175.07772799542207,-37.05079100142359
175.07773199756323,-37.05078400142746
175.07771600319708,-37.050771002325334
175.07769399540518,-37.05076200567611
175.0776710035055,-37.05074900118623
175.07765499981355,-37.05073100018246
175.0776160009238,-37.05071100556649
175.07756400225,-37.05066799669597
175.0775320003457,-37.0506660049399
175.07750200703387,-37.050650005575534
175.0774499930316,-37.05056799800293
175.07742500594648,-37.05054499456011
175.07739700518167,-37.05053600460052
175.07737700289138,-37.050521006341256
175.07736900130087,-37.05050999237368
175.0772619976652,-37.0503600043164
175.0772500075766,-37.050335993570044
175.0771759926915,-37.05022999815633
175.07715899138137,-37.050185996647066
175.07715900366208,-37.05017300189814
175.0771539983504,-37.050159003595994
175.07714899627553,-37.05010899493007
175.07713399818667,-37.050070004547905
175.07713400838657,-37.05005400499559
175.07710499233048,-37.04994899324238
175.07707699950126,-37.04987899508525
175.07704799931366,-37.04978499477271
175.07703099919405,-37.04976899482851
175.07703099155478,-37.0497249939781
175.07703500335023,-37.04971599661721
175.07704399670615,-37.049683997173474
175.0770639966277,-37.04965400315286
175.0771599970292,-37.04957400387768
175.0771760020882,-37.04956699284088
175.0773139964415,-37.04947900624759
175.07747599962306,-37.04941899707402
175.0776310064267,-37.049334000827976
175.07767899973055,-37.049324999882636
175.07771400123065,-37.049322999594885
175.077777993094,-37.04929100356102
175.07784100206135,-37.04925100520004
175.0778889927667,-37.0492179988469
175.07793199417534,-37.0491919935522
175.0780850030159,-37.04907999358283
175.07832299393957,-37.04884900263003
175.07836100626847,-37.0488160006234
175.07837699172603,-37.04879199899877
175.07837899607782,-37.04877899727663
175.07838799166115,-37.04876400379
175.07845299632814,-37.048688003088955
175.0784630040867,-37.04868200367156
175.07847999692095,-37.04865400255971
175.07848399260246,-37.04860600741209
175.07849100272009,-37.048593002673144
175.07853600596482,-37.04851600508404
175.07855000384882,-37.04850500486733
175.0785970078745,-37.04841900183127
175.0785990050785,-37.048397001934944
175.0786210057566,-37.04832299864709
175.0786250017837,-37.04830300509545
175.07863199499346,-37.04829000064462
175.0786330013275,-37.048236997247585
175.07863999684767,-37.04821999741868
175.07864299959306,-37.0481309937839
175.0786379940939,-37.04807099644367
175.07863099428027,-37.04805400038167
175.0786289932317,-37.047975003846126
175.07863399434441,-37.0479550061956
175.07862199928223,-37.04792500221102
175.07861899166292,-37.0478919935792
175.07860200480175,-37.047816999983745
175.0786020045331,-37.04778199730022
175.0785870004581,-37.04775099787225
175.07857599645158,-37.04774499720399
175.0785690078236,-37.04773599341825
175.07856900532326,-37.04771900268808
175.0785619987169,-37.04770999921696
175.0785429986507,-37.047698993333235
175.07851700767466,-37.04765499274564
175.07849900016333,-37.04764999355839
175.0784890024788,-37.0476399934258
175.0784830046383,-37.047634005048856
175.078463996025,-37.047585999393505
175.07845000731066,-37.04757399988539
175.0784410025158,-37.04755600428942
175.07841700313776,-37.047539999225144
175.07839199426138,-37.047497001634845
175.078378007908,-37.04748100673864
175.07832700564987,-37.047370002272636
175.07826199100174,-37.04719900233474
175.078247997044,-37.047180994113404
175.0782199995833,-37.0470980017423
175.0781359938128,-37.04692499482179
175.0780710052357,-37.04673500630381
175.0780589975645,-37.04671099683173
175.07804599853512,-37.04669499811007
175.0780119956734,-37.04663899224525
175.07801100130644,-37.046636998029925
175.0779899942523,-37.046572999982615
175.0779389993612,-37.04646399330998
175.07786400079408,-37.04637900158255
175.07784400151735,-37.04635999356781
175.0777369940654,-37.04627799781134
175.07771500313396,-37.04624499456582
175.07770599831989,-37.04620599656427
175.07767100231453,-37.04615800227387
175.07765599173504,-37.046125005606356
175.07763100597543,-37.04601799638371
175.07753999953988,-37.04576899919387
175.07753600663844,-37.045687004710416
175.077525999458,-37.045658001331994
175.0775190016483,-37.04560200621016
175.07754799966844,-37.045520993888076
175.07758799293524,-37.04540600655441
175.07760299342362,-37.04525900404076
175.07756999478946,-37.04509100186798
175.0775330015356,-37.04496399462695
175.07746999297123,-37.0448399927941
175.07735500318097,-37.04470900631554
175.07723499973477,-37.04461099586216
175.0770949945387,-37.04451600066078
175.07694599872508,-37.044435006284374
175.07679300201085,-37.04436099633979
175.07664500522367,-37.04430199225203
175.07652000142022,-37.04422800640281
175.07650400343528,-37.04420899658059
175.076476000333,-37.04416599508327
175.07637099248566,-37.044072995409344
175.076304991964,-37.04399399535583
175.0762829923006,-37.04397700577991
175.07626900703033,-37.04395399418606
175.07626599348185,-37.04392600384902
175.0762570017353,-37.04389499796685
175.07623100075475,-37.04383600432402
175.07619700060417,-37.04377999873369
175.07618300258957,-37.04376299613571
175.0761670048336,-37.043751003568715
175.07614499493474,-37.043721996575464
175.07612000338975,-37.04369699565704
175.07605400389966,-37.04361099524887
175.07582200671962,-37.04334899689467
175.0757979932283,-37.043326005747076
175.07577299699437,-37.04330899641802
175.07560599977253,-37.043138994728814
175.0755079953491,-37.0430350032242
175.07543199721852,-37.042971000845704
175.07541400096346,-37.04294299958783
175.07537600198023,-37.04291099882244
175.07536200483798,-37.04288699682056
175.07533499254174,-37.04285399533939
175.07528599645218,-37.0427799993009
175.07527699694785,-37.04274699534579
175.0751879923326,-37.04256099427097
175.07517699994762,-37.042524993295196
175.07509400524924,-37.042374004176686
175.075075999641,-37.04234800294982
175.07506499711357,-37.04232099954687
175.07502899563275,-37.04226699878777
175.07499299425385,-37.04222699838944
175.07477999847902,-37.04205000422662
175.07474799823626,-37.04201700514085
175.0747350028541,-37.04201099567161
175.07469900374508,-37.041988001260506
175.07465400551885,-37.04194600319606
175.0745500068973,-37.041866998949345
175.0745230030591,-37.041842996332626
175.07443500050073,-37.04178300122277
175.07425300782407,-37.04157899158326
175.07425100095733,-37.041568004111696
175.07424200006503,-37.04154599742402
175.07418999781132,-37.04145000201754
175.07175800673133,-37.04241400239446
175.07057300168597,-37.04288399372869
175.06582999469816,-37.04476099926615
175.06574900453523,-37.04479399156758
175.0651819943627,-37.04443699400703
175.06498900812858,-37.04427300043328
175.06450300167467,-37.04422999541613
175.06437300548615,-37.04414199657664
175.0641169995894,-37.04411799930734
175.06393600575095,-37.044004003445096
175.06391999857075,-37.04401799761342
175.06267800152438,-37.04384200103937
175.06223999368265,-37.043840002552685
175.06154999676582,-37.04408000413733
175.06098899407453,-37.04389599590264
175.06059799751264,-37.04372299831895
175.05978799735198,-37.043488003596195
175.05967600116855,-37.04370799059723
175.05990200049334,-37.044184006155334
175.0607729996338,-37.04601999659354
175.0590339942575,-37.04666299692404
175.06049500199788,-37.0490699957454
175.06193999570007,-37.05142299623521
175.06074400353117,-37.05187199880851
175.06120799292734,-37.052665000620394
175.0618739994426,-37.05379399056594
175.05953799226538,-37.05468700208737
175.05893000637653,-37.05491600163779
175.05696300655075,-37.05565199320629
175.05875099747314,-37.058759001055634
175.05875999236193,-37.058775000212066
175.0587510057305,-37.05877399269301
175.05874200807497,-37.05877199486526
175.05873300387347,-37.05877100297152
175.05872400040658,-37.05876999664397
175.05871600688153,-37.0587679949
175.05870700382914,-37.05876700388559
175.0586980050514,-37.05876500607394
175.05868900156122,-37.058763998842856
175.05868000278429,-37.05876200102982
175.05867099929463,-37.05876099379734
175.0586619962435,-37.058760002779465
175.05865299746762,-37.058758004964346
175.0586439939787,-37.05875699772978
175.0586360004569,-37.058754995980316
175.05862699628273,-37.058754004979264
175.0586179928189,-37.05875299864355
175.05860899514457,-37.05875099990466
175.0586000085418,-37.05874999327485
175.05859099290797,-37.05874799574765
175.05858200671966,-37.05874700443092
175.05857300323274,-37.05874599719089
175.05856400446055,-37.058743999368886
175.05855500097417,-37.05874299212748
175.0585470078698,-37.05874100568635
175.05853800328427,-37.058739999363986
175.05852900566197,-37.05873800242062
175.05852000215228,-37.058736994275655
175.05851099798136,-37.058736003265686
175.05850200033584,-37.058734005419375
175.0584929957272,-37.058732998192696
175.0584850022114,-37.058730996432836
175.05847599916555,-37.058730005400655
175.05846699998358,-37.058727992256685
175.05845800234,-37.05872599440697
175.0584489992463,-37.058725001571
175.0584400005038,-37.058723004640264
175.0584320011743,-37.05872199437844
175.0584230035079,-37.05871999562517
175.05841400474222,-37.058717997791554
175.0584050016986,-37.0587170067539
175.05839600249547,-37.058714992703585
175.0583879925615,-37.05871300744504
175.05837900594102,-37.05871199989738
175.0583700071773,-37.058710002060366
175.05836199680624,-37.0587080005847
175.0583529980434,-37.05870600274637
175.0583439945392,-37.058704994587856
175.05833499580146,-37.05870299764897
175.0583270022925,-37.058700995878226
175.0583180046553,-37.05869899801766
175.0583099931626,-37.0586969965579
175.05830099552625,-37.05869499869603
175.05829199676631,-37.05869300085296
175.05828400325942,-37.05869099907923
175.058275004476,-37.058689000334
175.05826699413373,-37.05868699975262
175.05825799535117,-37.05868500100606
175.0582500072504,-37.05868199241376
175.05824099163263,-37.05867999485938
175.0582329981283,-37.05867799308214
175.05822399937193,-37.058675995233784
175.05821599372698,-37.058673003166604
175.05820699607128,-37.05867100439655
175.0581990025687,-37.05866900261696
175.05818999123488,-37.058665998261866
175.05818199770889,-37.058663995580254
175.05817399209107,-37.058661004410986
175.05816499443776,-37.05865900563768
175.05815700524346,-37.058655997959264
175.05814900070274,-37.05865300496704
175.05814100607935,-37.05865100320293
175.05813199587385,-37.05864799882377
175.0581270048917,-37.05864499588474
175.0581189992292,-37.05864200290992
175.0581109989737,-37.058638003118254
175.05810299874335,-37.058634004226874
175.05809600264163,-37.05863000142609
175.05808800238856,-37.0586260016328
175.05808000641903,-37.05862099504214
175.05807200619205,-37.058616996148544
175.05806400594153,-37.05861299635354
175.05805699298327,-37.05860899384296
175.0580489927587,-37.05860499494773
175.0580409925106,-37.05860099515109
175.05803299698488,-37.05859600477239
175.05802600198993,-37.05859200104688
175.05801800064472,-37.05858800216895
175.05801000039997,-37.058584002370104
175.05800200015605,-37.058580002570686
175.0579950040645,-37.058575999763605
175.05798700384653,-37.05857200086396
175.05797900360506,-37.05856800106291
175.05797100338876,-37.05856400216214
175.05796400725157,-37.058559997551406
175.0579560070612,-37.05855599955043
175.05794800141445,-37.05855300656353
175.05794000076312,-37.05854899144525
175.057931995142,-37.05854599935807
175.05792399490605,-37.05854199955311
175.0579160072708,-37.058539007152696
175.05790900534018,-37.0585359949413
175.05790100084562,-37.058533002832455
175.05789299481384,-37.05852999542807
175.0578839960585,-37.0585279966522
175.05787600840185,-37.05852500334813
175.0578679969379,-37.05852300185755
175.0578599920324,-37.05851999443135
175.0578519974055,-37.05851799174619
175.05784399966575,-37.05851699763957
175.0578350009131,-37.0585149988599
175.05782700746,-37.058512997955205
175.05781800442193,-37.058512005971124
175.05781299752613,-37.05851199281894
175.05780400552453,-37.05851199204313
175.05779499666247,-37.05851199155923
175.0577860058092,-37.05851199166339
175.05777699156053,-37.05851299889539
175.05776800068276,-37.05851299809735
175.05775900329417,-37.058514005035406
175.05775000659128,-37.05851499573796
175.05774099344134,-37.05851600204689
175.0577319956382,-37.05851699366845
175.05772299934821,-37.058517999683446
175.05771400308234,-37.05851900659862
175.0577050063781,-37.0585199972978
175.05769600426166,-37.05852199481276
175.05768700799484,-37.0585230017259
175.05767799330513,-37.05852399273513
175.05766899701345,-37.05852499874608
175.0576600007458,-37.05852600565719
175.05765100403985,-37.05852699635232
175.05764199519976,-37.0585269967577
175.0576329989071,-37.05852800276593
175.05762400692734,-37.05852800287737
175.05761499336006,-37.05852899386235
175.05760600135577,-37.058528993071576
175.05759699249094,-37.05852899257269
175.05758900619975,-37.058529004972726
175.05758200001705,-37.05852700043944
175.05757400654417,-37.058524998616676
175.05756599621122,-37.05852299708593
175.05755699748843,-37.0585209991858
175.05754899185982,-37.058518006171354
175.05754100382697,-37.05851499843065
175.05753299819955,-37.05851200541507
175.05752499215905,-37.05850899708446
175.0575170045174,-37.05850600375571
175.05750899850244,-37.05850299632482
175.05750200241835,-37.058498992586735
175.057494002233,-37.05849499365273
175.05748599660942,-37.058492000633855
175.0574779964256,-37.058488001698734
175.05746999621826,-37.05848400186217
175.05746300016222,-37.05847999902251
175.0574549999565,-37.05847599918489
175.05744699977595,-37.05847200024756
175.05743899957184,-37.05846800040881
175.0574319924875,-37.05846300635766
175.05742399118546,-37.05845900743819
175.05741600855472,-37.0584549919713
175.057408008354,-37.05845099213033
175.05740000703008,-37.05844699230832
175.05739299455854,-37.05844300597213
175.05738499436026,-37.05843900612954
175.05737700629314,-37.05843599657559
175.05736900612072,-37.05843199763273
175.05736100482508,-37.05842799870879
175.0573530003375,-37.058425005661014
175.05734499431284,-37.0584219973177
175.05733700558727,-37.05841900489664
175.0573290007122,-37.05841599743355
175.05732099510305,-37.05841300440304
175.0573120017917,-37.05840999876623
175.0573040083375,-37.058407996924636
175.0572959969235,-37.05840599629536
175.05729099625398,-37.058405006032395
175.05728199713792,-37.058402992796225
175.05727299953563,-37.05840099395347
175.05726399541638,-37.05840000284701
175.05725499200773,-37.0583989964059
175.0572459932825,-37.05839699758056
175.05723700827255,-37.05839600614051
175.0572280037406,-37.058394999716796
175.05721800762558,-37.058395002797496
175.0572090041693,-37.05839399455113
175.05720000119987,-37.05839300432111
175.0571909923497,-37.05839300379086
175.05718200038427,-37.05839300386829
175.05717200426938,-37.05839300694509
175.05716299541908,-37.05839300641273
175.05715400455324,-37.05839300556767
175.05714500787883,-37.05839399712499
175.05713599902833,-37.05839399659057
175.0571270027428,-37.05839500256014
175.05711899377036,-37.05839600672279
175.05710999594666,-37.058396997396116
175.05710099497526,-37.05839899574731
175.05710000653778,-37.058398997572915
175.05709100559017,-37.05840099682421
175.05708300329857,-37.058403997189664
175.05707400120153,-37.058405995558346
175.0570659989087,-37.05840899592269
175.05705699681053,-37.058410994290114
175.05704899451652,-37.05841399465334
175.05704099224616,-37.0584169959169
175.0570350052089,-37.058418998759564
175.05702700293742,-37.0584220000222
175.05701899480644,-37.058425991885706
175.05701199819688,-37.058429004542724
175.05700400807316,-37.05843299699413
175.05699600037772,-37.05843700507147
175.0569889975177,-37.05844099391495
175.05698199507052,-37.0584449980725
175.05697700673392,-37.05844800382974
175.05697000387184,-37.05845199267215
175.05696300142262,-37.05845599682864
175.056955993113,-37.05846099158613
175.05694900867107,-37.05846499633072
175.05694200038403,-37.05846999198828
175.05693599778434,-37.058474999942355
175.05692900635603,-37.05847999530672
175.05692799678323,-37.05848100512149
175.05692100645354,-37.05848599956507
175.05691500346194,-37.05849099310452
175.05690899971046,-37.05849600017595
175.05690199254198,-37.05850099581179
175.056897006626,-37.05850700637012
175.05689099818431,-37.05851300582433
175.0568859992912,-37.05851799456296
175.0568839965904,-37.05851999858487
175.0568789933977,-37.058525994120494
175.05687499476923,-37.0585320019728
175.0568700030128,-37.05853900403236
175.0568660050691,-37.05854499564957
175.05686200057787,-37.058551994102906
175.05685800194678,-37.0585580019547
175.05685500273006,-37.058564997390846
175.05685100407345,-37.058571004341594
175.05684700070358,-37.05857800277497
175.05684300165643,-37.05858399531184
175.05683899828523,-37.05859099374497
175.05683499965036,-37.058597001596084
175.05683099515372,-37.058604000048476
175.05682699649327,-37.058610006998485
175.05682299859131,-37.058616000416094
175.05681799423942,-37.05862199506803
175.05681300830918,-37.05862800562315
175.05680800507974,-37.05863400025521
175.0568040006031,-37.05864099960764
175.0567989973965,-37.05864699514021
175.05679499873136,-37.05865300208924
175.05678999552325,-37.05865899762145
175.0567859910194,-37.05866599607249
175.05678199237664,-37.058672003921984
175.0567809949465,-37.058674004925926
175.05677700842566,-37.05868100306474
175.05677300394385,-37.05868800241624
175.05676999369174,-37.05869400664066
175.0567660071689,-37.05870100477915
175.05676300793863,-37.05870800021325
175.05675999653664,-37.05871400355609
175.05675699730534,-37.05872099899007
175.0567539980735,-37.05872799442397
175.05674999942514,-37.058734002272494
175.05674700016786,-37.05874099680539
175.05674400093443,-37.058747992239056
175.0567450020621,-37.05875199996274
175.05674699246796,-37.05875899357127
175.0567500054513,-37.05876600008651
175.05675199585806,-37.058772993694916
175.0567529994089,-37.05878000622281
175.05675400684663,-37.058785996638974
175.05675399255853,-37.058792005678214
175.05675299171088,-37.05879800298856
175.05675200772365,-37.05880400000644
175.05675099360485,-37.05880900614593
175.0567489929018,-37.05881399965565
175.05674600380408,-37.05881899678986
175.05674299784542,-37.058823994216446
175.05673999229995,-37.058829006957446
175.05673599865636,-37.05883399267437
175.05673100598432,-37.058838005219386
175.05672599491362,-37.05884200276167
175.05672100182696,-37.05884599999182
175.05671599190353,-37.05884999841505
175.05670899368104,-37.0588529948597
175.0567029964613,-37.0588569959863
175.05669599826197,-37.058859993331055
175.05668899573675,-37.058863996571844
175.05668199870888,-37.058866995698025
175.05667399635178,-37.05886999603763
175.05666599873317,-37.05887200579478
175.05665699182964,-37.05887499471561
175.05664900635554,-37.058877995662
175.05664000416573,-37.05887999309876
175.05662999241778,-37.05888300124818
175.05662100821147,-37.05888499837162
175.0566110018881,-37.05888699970267
175.05660099444012,-37.05888900105239
175.0565910049762,-37.05889100208937
175.05658099865113,-37.05889300341794
175.05657000461622,-37.05889499213394
175.0565589929853,-37.058896995574486
175.05654799828727,-37.058899001424166
175.0565370046397,-37.05890100455079
175.05652599261765,-37.05890299357469
175.05651500332075,-37.05890399170369
175.05650399173547,-37.05890599694091
175.0564919928536,-37.05890800487923
175.0564799993988,-37.05890900599952
175.0564690042345,-37.05891099472579
175.05645699391823,-37.05891199613618
175.05644499503396,-37.058914004069806
175.05643399986783,-37.05891599279289
175.05642200641074,-37.05891699390737
175.05641000752462,-37.0589190018375
175.05639799608198,-37.05892000326147
175.0563859967568,-37.058921994973865
175.0563750031496,-37.05892399988739
175.05636299170556,-37.058925001307855
175.05635099237853,-37.05892699301676
175.0563399976455,-37.058928997946566
175.05632799873058,-37.05893100496767
175.05631700470684,-37.05893299456142
175.0563050057906,-37.058935001580224
175.0562939941944,-37.058937006798224
175.05628300012012,-37.058938994587166
175.05627799919316,-37.05894099471241
175.05626999252905,-37.05894500272368
175.05626200703125,-37.05894800364465
175.05625400464788,-37.05895100395664
175.05624599756794,-37.058954996651885
175.0562379952075,-37.05895799786367
175.05623000537568,-37.05896200467913
175.05622200301383,-37.05896500588988
175.05621399480663,-37.05896899860252
175.05620599241908,-37.05897199891139
175.05619800260834,-37.05897600662563
175.05618999985455,-37.05897899342066
175.05618299729068,-37.05898299663261
175.0561750074289,-37.058987002543674
175.05616700508645,-37.05899000465169
175.05615899687362,-37.05899399736079
175.05615100703372,-37.05899800417113
175.05614399196207,-37.05900100267752
175.0561360017072,-37.05900499417242
175.0561279939045,-37.05900900219399
175.0561200036479,-37.05901299368786
175.0561130011014,-37.05901699779671
175.0561049987289,-37.05901999899986
175.0560970089076,-37.059024006707574
175.05609000484571,-37.059027996420994
175.05608199816214,-37.0590320044201
175.0560740078763,-37.05903599501014
175.05606700532522,-37.05903999911641
175.0560589975151,-37.059044007133515
175.05605199454902,-37.05904799592445
175.0560440047219,-37.05905200362876
175.05603700063025,-37.05905599243834
175.05602899394086,-37.05906000043402
175.05602200822145,-37.05906400334455
175.05601400111698,-37.05906799602478
175.05600699312575,-37.05907300694464
175.05600000701483,-37.0590769954403
175.05599200032125,-37.05908100343361
175.0559849962241,-37.05908499224025
175.0559779936637,-37.059088996341515
175.0559699979561,-37.05909399464269
175.05596299541838,-37.05909799964395
175.0559559928556,-37.05910200374398
175.05594799714518,-37.05910700204376
175.05594099458074,-37.05911100614292
175.05593399160213,-37.05911499492723
175.05592700161026,-37.05912000643164
175.05591999860576,-37.0591239943143
175.0559130074881,-37.05912900583742
175.05590600450637,-37.05913299462016
175.0558989976503,-37.05913800641533
175.0558919935186,-37.05914199431591
175.0558850034971,-37.05914700491713
175.05587799510093,-37.059152001416145
175.05587099250428,-37.05915600461055
175.05586400206673,-37.059160999896115
175.05585699949282,-37.059165003990586
175.05585000792945,-37.059169999294866
175.05584300062858,-37.059174994871576
175.0558359926161,-37.05918000578188
175.0558299941994,-37.05918400688578
175.05582300375656,-37.05918900216906
175.0558159953281,-37.05919399776377
175.05580900488343,-37.05919899304627
175.05580300212694,-37.05920400004556
175.05579599369577,-37.05920899563917
175.05578900366177,-37.059214006235045
175.0557830052399,-37.059218007336696
175.0557759968061,-37.05922300292918
175.05576999363223,-37.05922799461242
175.05576300359473,-37.059233005206856
175.05575699500636,-37.059239004607356
175.05575099183,-37.05924399628969
175.05574400066575,-37.05924900690257
175.0557379974877,-37.059253998584296
175.05573199472224,-37.059259005580216
175.0557240044666,-37.059262998850365
175.05571600872383,-37.05926799713536
175.05570799501956,-37.05927299663246
175.05569999927465,-37.05927799491641
175.05569200467707,-37.059282994081215
175.0556849966446,-37.05928800498312
175.0556789934596,-37.05929299666203
175.05567200187272,-37.05929799195642
175.05566699894732,-37.0593040027591
175.05566200033545,-37.059309006764025
175.05565800115744,-37.05931499926423
175.05565400349192,-37.059321006158456
175.05565199616598,-37.05932700738925
175.0556520048027,-37.05933199398717
175.05565200841437,-37.05933800271664
175.05565299347617,-37.059345000253394
175.05565399649862,-37.059351996577476
175.05565700355697,-37.05935999462476
175.05565899429567,-37.05936700356794
175.05566100148212,-37.059373996904284
175.0556640085179,-37.059381994050455
175.0556659992579,-37.059389002993456
175.05566800647,-37.05939599723046
175.05566899153428,-37.05940299476696
175.05566900058574,-37.05940799667927
175.05566699435875,-37.05941399698992
175.0556649995782,-37.059421004726154
175.05566300548372,-37.05942799622753
175.05565999396785,-37.05943399954524
175.05565700048498,-37.05944000435284
175.05565299583748,-37.059447002769154
175.05564799248793,-37.05945299825675
175.05564300597402,-37.05945899255101
175.05563800306058,-37.05946500425356
175.05563299858468,-37.05947099976006
175.0556270079283,-37.05947699794199
175.05562099931058,-37.059482997336296
175.05561400770287,-37.059487992627766
175.05560699491858,-37.05949399500869
175.055600992126,-37.059499001998624
175.05559300845866,-37.05950499056606
175.0555860004483,-37.05951000326445
175.05557800469515,-37.05951500244185
175.05557099619662,-37.059519997122365
175.05556300044142,-37.059524996298805
175.0555549936531,-37.05952900336358
175.0555469979202,-37.059534003439836
175.05554299783466,-37.05953700462444
175.05553600621684,-37.059541999911566
175.05553000300247,-37.05954699158364
175.05552300039983,-37.0595509965606
175.0555159919186,-37.059555992138904
175.05550900727488,-37.05955999590247
175.0555009993802,-37.059564003884105
175.0554939963368,-37.05956799264409
175.05548699370596,-37.05957199671818
175.05547900379364,-37.05957600438665
175.05547100131204,-37.05957900464842
175.05546299300002,-37.05958299731312
175.05545600722687,-37.059587001093185
175.0554480047675,-37.05959000225432
175.05543899814143,-37.0595930064008
175.05543100778664,-37.059596997850825
175.0554230053252,-37.05959999901032
175.05541500286307,-37.0596030001693
175.05540599511002,-37.05960600433282
175.05539799808827,-37.059607998673584
175.055389008343,-37.05961100342497
175.05538100585397,-37.05961400368088
175.05537200354024,-37.059616001024786
175.05536599837745,-37.059618004098716
175.05535799591107,-37.05962100525396
175.05534999344403,-37.05962400640868
175.0553420089368,-37.0596270063503
175.05533900592917,-37.05962799212165
175.0553299993183,-37.059630997160944
175.05532200155665,-37.05963300592983
175.0553129992632,-37.05963500417022
175.05530399804468,-37.05963700058876
175.05530299280255,-37.05963700539468
175.0552940084686,-37.05963900242107
175.05528499360764,-37.05963999325312
175.05527599716885,-37.05964099998809
175.05526800484796,-37.05964200193627
175.05525900799535,-37.05964299335549
175.05524999899026,-37.05964299268223
175.0552410025505,-37.059643999414575
175.0552320060862,-37.0596450052454
175.05522800366688,-37.059645003415795
175.05521900678897,-37.05964599393115
175.05521000449093,-37.05964799216383
175.05520100802562,-37.059648997992326
175.05519100588012,-37.05964999240978
175.0551830025782,-37.05965000404268
175.05517300040796,-37.059650997557775
175.05516399145023,-37.05965099867971
175.05515500042867,-37.059650997687555
175.05514599144658,-37.05965099790728
175.05513599515822,-37.059651000817425
175.05512700301253,-37.05965099984263
175.05511799515438,-37.05965100004074
175.0551079977419,-37.059651002968
175.05509900672016,-37.0596510019716
175.05508999773784,-37.059651002187074
175.05508000144928,-37.05965100509248
175.0550709978886,-37.059649997588444
175.0550620057914,-37.059649998410414
175.05505299676045,-37.059649996821356
175.05504400576294,-37.059649996721646
175.0550339914895,-37.059649999934855
175.0550250004676,-37.05964999893285
175.05501599148513,-37.059649999142685
175.05500700046318,-37.0596499981393
175.0549980083414,-37.05964999805557
175.0549900046256,-37.059649994360946
175.05498100703232,-37.05965100019232
175.05497199912503,-37.05965099857764
175.0549630015799,-37.059652006209355
175.05495499788807,-37.05965200341322
175.05494700556076,-37.05965300533992
175.05493799181647,-37.05965399612628
175.05492999518918,-37.05965600575047
175.05492200247213,-37.05965699326186
175.05491500453883,-37.059660005819964
175.05490800731582,-37.059663003043696
175.05490099210743,-37.05966600057871
175.05489499472634,-37.05967000161816
175.05488799637752,-37.059672998860236
175.05488199899517,-37.05967699989906
175.05487600046382,-37.05968100005624
175.0548699972184,-37.05968599259728
175.05486399871,-37.059689993654736
175.05485799585193,-37.05969500060885
175.05485199260423,-37.05969999314903
175.05484699391238,-37.059704997121706
175.05484100791278,-37.059710003782826
175.05483599194562,-37.059714992732744
175.05483100578746,-37.059721003210406
175.0548260066797,-37.059725991867765
175.05482100365927,-37.05973200263722
175.0548160002249,-37.05973799809199
175.05481099566566,-37.05974399356605
175.05480599264288,-37.05975000433493
175.05480100604268,-37.059755998596096
175.05479700718692,-37.05976200638411
175.05479199788593,-37.059768993340754
175.0547879990045,-37.05977500022764
175.05478300809992,-37.05978200218679
175.0547790033542,-37.0597890005762
175.05477399991287,-37.05979499602937
175.05476999516569,-37.0598019944185
175.05476599156611,-37.059808993688904
175.05476099953333,-37.05981599566668
175.05475699590795,-37.05982299403595
175.0547529911578,-37.05982999242459
175.05474800024658,-37.05983699438241
175.0547439954949,-37.05984399277076
175.05473999230406,-37.05985100735485
175.0547349998288,-37.05985799311632
175.05473099509922,-37.05986499240513
175.05472699188184,-37.059872006087986
175.0547230051114,-37.05987900416408
175.05471799620946,-37.05988600643241
175.05471399147694,-37.05989300572071
175.05470900053388,-37.059900006776196
175.05470499579985,-37.05990700606423
175.05470000444188,-37.05991399180489
175.05469600011952,-37.05992100640714
175.0546910076358,-37.059927992166934
175.05468599872785,-37.05993499443404
175.0546809956831,-37.05994100519815
175.05467699204422,-37.05994800356501
175.05467200001888,-37.059955006440276
175.05466600812417,-37.05996100459613
175.05466100466305,-37.05996700004498
175.05465599574987,-37.05997400231094
175.05465099226288,-37.05997999685855
175.0546450003889,-37.059985995914275
175.0546399973377,-37.059992006676815
175.05463399402834,-37.05999699830602
175.0546280021517,-37.06000299736096
175.054621993389,-37.06000899580693
175.05461600737544,-37.0600140033585
175.05461000406277,-37.06001899498657
175.0546040011868,-37.06002400282971
175.05459699260064,-37.060028998356465
175.0545900019742,-37.06003399267035
175.05458699937756,-37.06003499463872
175.05457899683492,-37.06003799574344
175.0545709942673,-37.06004099594679
175.05456299172334,-37.06004399705047
175.05455500716366,-37.060046997842015
175.05454600477455,-37.06004899512528
175.0545380022287,-37.06005199622732
175.0545289943856,-37.06005500032666
175.05452099729146,-37.06005699461026
175.05451200743198,-37.06005999839673
175.05450299956252,-37.06006300159331
175.05449500249108,-37.060064996776035
175.05448599576866,-37.06006800085273
175.05447799321828,-37.060071001950845
175.05446900768496,-37.06007299893627
175.05446100513336,-37.06007600003328
175.0544530025811,-37.06007900112976
175.05444500000388,-37.060082001324865
175.05443599330164,-37.06008500629872
175.05442900698938,-37.06008899380565
175.05442100443443,-37.06009199490005
175.0544129975484,-37.06009600279183
175.05440599914093,-37.060099000007014
175.05439799184026,-37.060102992583325
175.05439100050697,-37.06010800312084
175.0543839977667,-37.06011200713271
175.0543830045863,-37.0601130013206
175.05437700834972,-37.06012000716155
175.05437099955782,-37.060126005595556
175.05436599606267,-37.060132001032834
175.05436000412985,-37.060137999174216
175.05435499517787,-37.06014500142845
175.05434900436725,-37.060150999549855
175.0543430010504,-37.060155992066015
175.05433699699745,-37.06016099901502
175.0543309940921,-37.060166006845115
175.0543239967989,-37.06016900403625
175.05431599423122,-37.060172005123896
175.05431500104913,-37.06017299931126
175.05430600453136,-37.06017400597486
175.05429699546,-37.060174005231076
175.05428800439788,-37.06017400507589
175.05427800647598,-37.0601739917199
175.05426899309654,-37.060174998672785
175.05426100070343,-37.060176000555096
175.05425900885135,-37.06017599270242
175.05425100625587,-37.06017899288492
175.054243003684,-37.060181993967774
175.0542360009289,-37.060185997971274
175.0542289981731,-37.06019000197439
175.05422200640743,-37.06019499718796
175.05421499777992,-37.06019999269323
175.0542090073912,-37.060206007023325
175.05420500682794,-37.06020899375148
175.05419799861113,-37.060214004570305
175.0541919952792,-37.06021899707922
175.05418500350845,-37.060223992290744
175.05418300658638,-37.06022500566791
175.05417600341104,-37.06022899435358
175.05416900064805,-37.06023299835333
175.05416099806712,-37.06023599943089
175.05415900070705,-37.060236996592316
175.0541499928504,-37.06024000156474
175.0541419957259,-37.0602419958236
175.05413399311863,-37.060244995998524
175.05413100736814,-37.06024599766366
175.0541220060672,-37.060247994896244
175.05411400820574,-37.06025000358637
175.0541119983666,-37.060249996042835
175.05410300846708,-37.06025299979939
175.05409399507542,-37.06025400673932
175.0540849926484,-37.06025600398862
175.05408100818013,-37.060256001809705
175.05407199909828,-37.060256001049126
175.05406300690157,-37.06025600089664
175.05405399781964,-37.060256000134686
175.05404799137497,-37.06025499831784
175.05404200768797,-37.06025300560645
175.054036006703,-37.06025099697148
175.05403000500732,-37.060249003670165
175.05402499133737,-37.060246992352496
175.05401900762726,-37.060244998739066
175.0540129945312,-37.06024199891143
175.0540080035958,-37.06023899579794
175.05400200736156,-37.060235995677644
175.05399599429117,-37.06023299674996
175.05399100808162,-37.060229001251315
175.0539849950122,-37.06022600232303
175.05397999155406,-37.06022199270231
175.05397500534608,-37.06021799720293
175.05396899815142,-37.060214006770785
175.05396399469493,-37.06020999714933
175.05395899711232,-37.06020499602461
175.05395300563205,-37.06020100441813
175.0539480080508,-37.06019600329292
175.05394299246097,-37.06019100157813
175.0539379949053,-37.060186001353294
175.0539319975126,-37.0601799973035
175.0539269999341,-37.0601749961773
175.05392200710614,-37.06016900356729
175.05391699700505,-37.06016299593458
175.05391199942872,-37.06015799480767
175.05390700660305,-37.06015200219694
175.05390200237852,-37.06014500306048
175.05389699113232,-37.060138994545426
175.05389200379474,-37.06013199601726
175.0538879994094,-37.060126000705225
175.05388299518836,-37.06011900156781
175.05387800782918,-37.06011200213811
175.0538730025103,-37.060105003920526
175.0538690024412,-37.06009800090877
175.05386399824815,-37.06009100267128
175.05385899836946,-37.060082996734565
175.0538549983029,-37.060075993722236
175.0538499988635,-37.06006800400043
175.05384599994693,-37.0600610018691
175.05384100007223,-37.060052995931485
175.05383700590838,-37.06004500231618
175.05383200603575,-37.060036996378095
175.0538279938888,-37.060029003073915
175.05382299514227,-37.060020997115906
175.0538190053204,-37.06001199670171
175.05381499317627,-37.06000400339697
175.05380999918427,-37.059995005954654
175.05380600461396,-37.05998699702353
175.0538019979352,-37.059977996900635
175.0537980037797,-37.059970003283674
175.05379399707854,-37.05996100225956
175.05378900311632,-37.059952005716994
175.05378499644158,-37.05994300559335
175.05378100662867,-37.0599340051775
175.05377699993164,-37.059925004152646
175.05377299325986,-37.05991600402848
175.05376899205214,-37.059905997086496
175.0537650033673,-37.059896996650465
175.05376200084496,-37.05988799265313
175.05375799420136,-37.05987899342914
175.05375399338647,-37.05986900090011
175.05375000355718,-37.05985999958203
175.05374600238005,-37.05984999353984
175.05374300142336,-37.05984100573774
175.0537389990999,-37.059830998813844
175.05373499243802,-37.05982199868797
175.05373199692318,-37.05981200316694
175.05372799460287,-37.05980199624254
175.05372400592884,-37.05979299580467
175.05372099130784,-37.0597830006142
175.05371700809957,-37.05977299335834
175.05371399350472,-37.05976299906846
175.05371000483456,-37.05975399862995
175.05370700820205,-37.05974400312748
175.05370399434517,-37.059733994404105
175.0536999935458,-37.05972400187259
175.0536970090237,-37.05971499756144
175.05369399443407,-37.05970500327081
175.05369099851694,-37.059694992433755
175.05368699662176,-37.059685000821936
175.05368400001967,-37.05967500621945
175.05368099864086,-37.05966600219972
175.05367800160317,-37.059655991381646
175.05367500500356,-37.059645996778805
175.0536719915197,-37.05963600156703
175.05366900702913,-37.05962699815569
175.05366599354693,-37.059617002943675
175.05366299653772,-37.059606993025874
175.05365999557736,-37.05959800431987
175.0536569985698,-37.05958799440184
175.053653997611,-37.05957900569561
175.05365100060507,-37.05956899577737
175.0536479985238,-37.059560007090376
175.05364600678556,-37.05954999328091
175.05364300582977,-37.05954100457428
175.0536400033377,-37.05953200057248
175.05363700787277,-37.05952200594872
175.0536349926873,-37.05951299926817
175.0536320082066,-37.05950399585545
175.053629994535,-37.059495003568934
175.05362699204656,-37.05948599956665
175.05362400756798,-37.05947699615362
175.0536219939225,-37.05946800476774
175.05361899258455,-37.05945900164653
175.05361700675914,-37.05945100027891
175.05361499270236,-37.05944199357831
175.0536120086158,-37.05943300457849
175.0536100059555,-37.059425004403515
175.0536079919004,-37.05941599770273
175.05360500196164,-37.05940800110674
175.05360399792616,-37.059397999031454
175.05360299979375,-37.05938700635372
175.05360299992296,-37.059377001308135
175.05360199588833,-37.05936699923276
175.0536009918783,-37.059356998058185
175.05360000470503,-37.05934699569074
175.05360000637185,-37.05933700594014
175.05359900123864,-37.059327004784954
175.0535979972055,-37.059317002709435
175.05359799845982,-37.059306997644256
175.0535969944272,-37.05929699556868
175.05359600727994,-37.05928699410191
175.05359499780653,-37.05927799974492
175.05359499791317,-37.0592679937983
175.053594006425,-37.05925899912978
175.05359299692805,-37.05925000387186
175.05359200502753,-37.05924099388879
175.05359099553118,-37.059231998630814
175.05359000404414,-37.059223003962195
175.05358900665436,-37.059214999896
175.05358700400325,-37.059206999720104
175.05358600661407,-37.059198995653844
175.0535839996219,-37.059192002276234
175.0535830022333,-37.05918399820991
175.0535810061994,-37.059177995142676
175.05357899920836,-37.059171001764895
175.05357700319942,-37.0591649995984
175.0535740030297,-37.059159000401756
175.05357200265522,-37.05915400413265
175.0535689977313,-37.059148996419694
175.0535659920967,-37.05914400404061
175.0535629985681,-37.05914000285331
175.05355999916063,-37.05913699316925
175.0535570056326,-37.05913299198177
175.05355299772256,-37.0591309920656
175.0535490055493,-37.059128991876754
175.0535449976397,-37.05912699196032
175.05353999583963,-37.05912600155864
175.0535359989358,-37.05912499375407
175.05353099240477,-37.059124995736724
175.05352800232194,-37.05912700328328
175.0535219912645,-37.05912999776759
175.05351699798507,-37.059133994868276
175.0535109950773,-37.05913900175599
175.05350499178013,-37.05914399422974
175.05349900573142,-37.0591490008249
175.0534930024327,-37.05915399329809
175.05348699405454,-37.05916000700252
175.05347999757333,-37.059165993655604
175.05347300150393,-37.05917199562282
175.05346600543342,-37.05917799758966
175.0534589913771,-37.05918399986755
175.05345099661045,-37.05918899798461
175.05344300074302,-37.05919399702148
175.05343599212696,-37.05919899157938
175.05342799667034,-37.05920400592979
175.05341900098193,-37.05920800113538
175.0534109984749,-37.05921100216041
175.0534019918052,-37.05921400615336
175.05339399476523,-37.05921600035939
175.05338499834446,-37.05921700695015
175.05338100802373,-37.05921799534856
175.05337899859995,-37.05921800220543
175.05337000061746,-37.05921899259916
175.05336000005818,-37.05922000305708
175.05335100319917,-37.05922099342992
175.05334100696007,-37.05922099618696
175.05333199802232,-37.05922099626726
175.05332400457385,-37.05921899415693
175.05331599314104,-37.05921699235748
175.0533140060474,-37.05921599210337
175.05330699368133,-37.05921200462071
175.0533000032335,-37.05920699471325
175.05329999115557,-37.059206004422116
175.0532929963387,-37.0592020004118
175.05328600630557,-37.05919700581797
175.0532800031372,-37.05919199233285
175.05327300763577,-37.05918800455612
175.05326600033166,-37.05918299493844
175.0532589934413,-37.05917800063483
175.05325300757403,-37.05917300307167
175.05324600024832,-37.05916799255185
175.053239997522,-37.05916299527992
175.0532330074959,-37.0591580006827
175.0532270047712,-37.05915300341004
175.0532210074938,-37.05914699841825
175.053214000634,-37.05914200501261
175.05320799788754,-37.05913700683805
175.05320199472902,-37.05913199334864
175.05319599789237,-37.059126004570814
175.0531899951727,-37.05912100729612
175.05318399790073,-37.059115002302256
175.05318099303753,-37.05911299942607
175.0511620043901,-37.060563005549845
175.04876299252024,-37.06261800527529
175.04616199910416,-37.064844995915415
175.04044400285622,-37.06491699317344
175.04023400193486,-37.064918997081215
175.03997099631277,-37.064836005669726
175.03987599845146,-37.064482995315046
175.03884399423885,-37.063968004437086
175.03807499671564,-37.063865994699036
175.037288001789,-37.06372600205757
175.0367489954019,-37.063560003235544
175.03556300800827,-37.06300299870283
175.0353299918301,-37.06278399670117
175.0350549988687,-37.062394996653744
175.03464000881388,-37.06195199268716
175.03418899300104,-37.06172100687785
175.03350500705827,-37.06169399641351
175.03285599291095,-37.06180599565789
175.03207899348513,-37.06232699776962
175.03144399421484,-37.06251900069819
175.03041000339425,-37.062584002327476
175.03023000717184,-37.06248200079522
175.03003299632263,-37.06248299983521
175.02970700353492,-37.06285199344788
175.02923099868784,-37.06287500341554
175.02660699485307,-37.063811994330884
175.02606999513316,-37.06406599605976
175.02606800761956,-37.06409299714989
175.02597000259934,-37.065417004592724
175.02512999897314,-37.064960993547565
175.0247199933272,-37.064676998905306
175.02281200178322,-37.06389700280225
175.02270999594498,-37.06385600069422
175.02240900546076,-37.06373300723302
175.02237900198898,-37.0637199979894
175.02234600053742,-37.06520099772738
175.02201999742638,-37.0654749986611
175.02079300737415,-37.065219998753484
175.0207499924537,-37.065210003913094
175.02074900578384,-37.06522800303375
