<?xml version="1.0" encoding="utf-8"?>
<kml xmlns="http://www.opengis.net/kml/2.2">
<Document>
  <name>Beachlands (polygon: official_shp)</name>
  <open>1</open>

  <Placemark>
    <name>Beachlands (polygon: official_shp)</name>
    <Style>
      <LineStyle><color>ffff0000</color><width>2</width></LineStyle>
      <PolyStyle><color>66ff0000</color><fill>1</fill><outline>1</outline></PolyStyle>
    </Style>
    <Polygon>
      <tessellate>1</tessellate>
      <altitudeMode>relativeToGround</altitudeMode>
      <outerBoundaryIs><LinearRing><coordinates>174.99955281985896,-36.87645389757819,100 174.99955574793037,-36.876453550862585,100 174.99955851408387,-36.876453577309356,100 174.99956132455674,-36.87645392657923,100 174.9995642814903,-36.87645460055822,100 174.99956764457954,-36.87645557684904,100 174.99957153408985,-36.87645682098033,100 174.9995761739488,-36.87645831566331,100 174.99958171996067,-36.87646005557148,100 174.99958832572742,-36.87646199395528,100 174.99959620108115,-36.87646421831459,100 174.99960522491085,-36.87646673068771,100 174.99961515736106,-36.87646958288095,100 174.99962584081229,-36.87647266758773,100 174.99963704811395,-36.87647600755877,100 174.99964859269087,-36.87647958971093,100 174.99966027849683,-36.87648333893038,100 174.9996718831423,-36.876487245440885,100 174.99968323346172,-36.87649129413119,100 174.99969411902495,-36.87649546060298,100 174.99970478749267,-36.87649986326529,100 174.99971565628022,-36.876504633893,100 174.99972660297774,-36.87650968171202,100 174.999737588159,-36.87651491455139,100 174.99974850972322,-36.87652028906447,100 174.99975930945573,-36.87652568094958,100 174.99976991887405,-36.87653104539291,100 174.99978023164368,-36.87653630577081,100 174.9997901750655,-36.87654134163076,100 174.99979969713195,-36.876546137624786,100 174.99980874431455,-36.876550663108354,100 174.99981744136667,-36.87655505568407,100 174.999825755791,-36.876559316800325,100 174.99983382554976,-36.8765634882988,100 174.999841667511,-36.876567571698196,100 174.99984935239985,-36.876571611774615,100 174.99985691687658,-36.87657563765404,100 174.99986442867174,-36.87657966532113,100 174.99987195960853,-36.87658373863214,100 174.99987954295298,-36.876587842606156,100 174.99988711145113,-36.876592022539356,100 174.99989457562967,-36.87659616006421,100 174.99990191757627,-36.876600299646306,100 174.99990919149408,-36.87660445479409,100 174.99991639511032,-36.87660858138181,100 174.99992358270526,-36.87661273888322,100 174.99993075265746,-36.876616865135446,100 174.99993792151253,-36.87662099230702,100 174.9999451270287,-36.87662514860407,100 174.9999523662112,-36.87662930523521,100 174.99995567781804,-36.87663149013256,100 174.9999560644122,-36.87663173058225,100 174.999995558576,-36.87665418600748,100 175.00001678504213,-36.8766651616794,100 175.00005773297153,-36.87668588733603,100 175.0000682384719,-36.876690664046976,100 175.00011218678188,-36.87670688941866,100 175.00014788585892,-36.876719332078785,100 175.00015493749493,-36.876722964590506,100 175.00016599240217,-36.87672940576886,100 175.00019844253166,-36.8767515263669,100 175.00020576418603,-36.876757338195205,100 175.00023327881564,-36.87678336071966,100 175.00025192896547,-36.87680214358249,100 175.00028012508153,-36.876827796802125,100 175.0002879772415,-36.87683403231973,100 175.00031481601715,-36.87685212208753,100 175.00032145272291,-36.87685571741165,100 175.00032277070753,-36.876856482059836,100 175.00035593589746,-36.876881237710286,100 175.00038025223813,-36.87689814956757,100 175.00041960913714,-36.87691580679968,100 175.00043640466936,-36.87692232703999,100 175.0004770257778,-36.87693825679098,100 175.00048508206172,-36.87694199494238,100 175.00050342061706,-36.876952916407085,100 175.0005213002346,-36.876964092555376,100 175.00052339662966,-36.876965494836256,100 175.00055892263998,-36.87698879742329,100 175.00056958498254,-36.87699536865273,100 175.00060752361375,-36.87701602491809,100 175.00064032312332,-36.8770316185543,100 175.00068072583898,-36.87704897777888,100 175.00069195889796,-36.87705377282459,100 175.0006941415725,-36.877054568872595,100 175.00073244461458,-36.87706979760096,100 175.00075403732728,-36.8770785055911,100 175.00079255551253,-36.877093422429446,100 175.00080004524352,-36.87709664373794,100 175.00083521188208,-36.87711403701785,100 175.00087300505302,-36.87713018911361,100 175.00089125792448,-36.8771387262016,100 175.0008922417276,-36.87713928105968,100 175.0009273304261,-36.87716421865848,100 175.00093691079942,-36.87717163006953,100 175.00097129643808,-36.877197354620364,100 175.00097783439202,-36.877203568964184,100 175.00099628175283,-36.87722613429892,100 175.00101052490186,-36.87724674791501,100 175.00103804406012,-36.87726260974092,100 175.00105827529399,-36.877271419922415,100 175.0010772220979,-36.87727886011898,100 175.0011117360736,-36.877299998421044,100 175.00112095342806,-36.87730562143051,100 175.001159470635,-36.877321697243374,100 175.00119409108993,-36.87733629655153,100 175.0012291582999,-36.877356836044505,100 175.00122975832832,-36.87735725856354,100 175.0012467792054,-36.877372276913874,100 175.0012590144561,-36.87738430242648,100 175.00125997753253,-36.87738535244778,100 175.00128763892235,-36.877415212711895,100 175.00128794119811,-36.87741553208993,100 175.00131450612062,-36.87744456088701,100 175.00134311755784,-36.87746839431985,100 175.0013726699139,-36.87749186939723,100 175.00138540382108,-36.87751650658709,100 175.0013975440132,-36.87752884283413,100 175.0014093629398,-36.87753841297528,100 175.00145204187757,-36.8775525699961,100 175.00146049966574,-36.87755397774715,100 175.00150636156815,-36.877558597576275,100 175.0015081515702,-36.87755891982853,100 175.00153895690949,-36.877567643702676,100 175.001568525398,-36.877569342896535,100 175.00158693689167,-36.87757556895641,100 175.00161500828634,-36.87758717708845,100 175.00162666378824,-36.87759345117978,100 175.0016428307313,-36.87760278580065,100 175.00167934193027,-36.87762301871724,100 175.00169147444177,-36.87762968674713,100 175.00172852132175,-36.87764933739117,100 175.00173485519667,-36.87765323156265,100 175.0017667068502,-36.87767796477471,100 175.00178093290899,-36.877690091881,100 175.00179474879758,-36.87770120471714,100 175.0018146250686,-36.8777157052866,100 175.0018150120973,-36.87771596194622,100 175.0018515068046,-36.877741059436076,100 175.0018861746828,-36.87776214624189,100 175.00192645775294,-36.877783147423834,100 175.0019409810942,-36.8777899869444,100 175.00197956483862,-36.87780717718026,100 175.00198233520806,-36.87780856627388,100 175.00199316559187,-36.877813787086744,100 175.00202801685725,-36.87783037955042,100 175.00204198905072,-36.87783729324073,100 175.00207557335193,-36.87785550505802,100 175.00209227519485,-36.87786478283186,100 175.00212587596454,-36.87788297993607,100 175.002143806628,-36.877892312702144,100 175.0021701023698,-36.87790530078276,100 175.00218001388953,-36.87790858663802,100 175.00219286687758,-36.87791263859863,100 175.0022349564082,-36.87792552090504,100 175.00224667314436,-36.87792906654919,100 175.0023776144749,-36.877981798629065,100 175.00238256511415,-36.87798444794263,100 175.00240017078463,-36.87799632692918,100 175.00241531830974,-36.87800687285576,100 175.00243442995,-36.878017004056275,100 175.00245376023219,-36.87802691525465,100 175.0024726181049,-36.87803725261903,100 175.0024851489841,-36.878045121600714,100 175.0025018213508,-36.878057605758244,100 175.00251738133235,-36.87807105593749,100 175.0025321143018,-36.8780851870221,100 175.00253962597634,-36.878092807123394,100 175.00255032502392,-36.878104937708244,100 175.00255284329,-36.878107756002926,100 175.00256602932387,-36.87812219436761,100 175.0025748938215,-36.878130579403084,100 175.00259169287366,-36.878142070876386,100 175.0026099631124,-36.87815237305892,100 175.00262858878287,-36.878162452031944,100 175.0026378858596,-36.8781678545587,100 175.00265405412264,-36.87818019397005,100 175.00267000265623,-36.87819275429815,100 175.00268660581105,-36.87820460507592,100 175.00268959811154,-36.878206500550434,100 175.00270758315176,-36.87821773767331,100 175.00272370444574,-36.87822484217961,100 175.002727042079,-36.87822612795622,100 175.00272961814315,-36.87822677763145,100 175.0027511101819,-36.878228904708344,100 175.0027736794059,-36.87822700010503,100 175.00279672294124,-36.87822298114858,100 175.00281190163514,-36.87822011416183,100 175.00283421766238,-36.87821719263602,100 175.00285649140895,-36.87821406992633,100 175.00287880865616,-36.87821119523953,100 175.0028912493065,-36.87820989581064,100 175.00291376775846,-36.87820802358252,100 175.00293635710915,-36.87820684686434,100 175.00295895534583,-36.878206568594166,100 175.0029682581967,-36.87820673711307,100 175.0029908337806,-36.87820748129982,100 175.00299209855893,-36.878207581650784,100 175.00301293389063,-36.87820973687775,100 175.0030348685428,-36.87821283075208,100 175.00304646932932,-36.878214769439836,100 175.00306831215806,-36.87821829928572,100 175.0030899519652,-36.87822256080613,100 175.00311128730698,-36.87822766476973,100 175.00312794679706,-36.878232436578635,100 175.00314915195295,-36.87823844043134,100 175.0031693967067,-36.87824590256455,100 175.00318075449886,-36.87825142262007,100 175.0031980928359,-36.878262423614665,100 175.0032069600207,-36.87826966299637,100 175.0032137508769,-36.87827567015392,100 175.0032214545029,-36.87828333384176,100 175.00323591672208,-36.87829770193886,100 175.00324934521467,-36.87831274001151,100 175.00326202473278,-36.878328225142155,100 175.00327380039232,-36.87834351100259,100 175.00328535546862,-36.87835954325768,100 175.00329672387733,-36.87837568771744,100 175.00330870383857,-36.87839144962363,100 175.00331113904045,-36.87839439368261,100 175.00332507489944,-36.87840909691724,100 175.00333967501854,-36.878423416708735,100 175.00335171684847,-36.87843531997744,100 175.00335208826505,-36.87843562286181,100 175.00336593221235,-36.87845071520291,100 175.0033797229552,-36.878465746249425,100 175.00339476589647,-36.87847923657487,100 175.0034047719748,-36.878485835734445,100 175.00342453602772,-36.87849400444153,100 175.00344632083915,-36.87849973257872,100 175.0034690381577,-36.878504222814264,100 175.0034751723543,-36.8785053640643,100 175.00349699788137,-36.87851067510207,100 175.00351898172008,-36.878515518391936,100 175.00354115887603,-36.8785198167324,100 175.00355036238994,-36.87852133433285,100 175.0035633496355,-36.878523433452,100 175.0035665436349,-36.8785239014387,100 175.00358875789203,-36.87852712929435,100 175.0036111083081,-36.878529642817675,100 175.00363357341675,-36.87853135043745,100 175.00363867936858,-36.878531611321094,100 175.0036613075099,-36.87853298901179,100 175.00368392545255,-36.87853337543369,100 175.00370647059356,-36.87853247871834,100 175.00371891484787,-36.87853127287727,100 175.00374079627613,-36.8785270885708,100 175.003762623318,-36.87852224001395,100 175.0037782708647,-36.878519410961616,100 175.0038007090033,-36.878517167679725,100 175.00381020770809,-36.87851692994473,100 175.00382347595018,-36.87851617256372,100 175.00383317251726,-36.878516164927575,100 175.00385583987034,-36.878517712266564,100 175.00387845144132,-36.87852090272145,100 175.00390104514787,-36.87852469734828,100 175.00391640966262,-36.87852709341568,100 175.00393917344576,-36.87852958277925,100 175.00396199473448,-36.87853165386376,100 175.0039848683331,-36.87853315083091,100 175.00400777259233,-36.87853388927821,100 175.00401354612626,-36.87853393699136,100 175.00403672218278,-36.87853451492203,100 175.0040553270825,-36.878534217283196,100 175.00406003122234,-36.87853430015952,100 175.004083989021,-36.878533238035956,100 175.00410372722905,-36.87853084376047,100 175.00412691257765,-36.87852632643496,100 175.0041496139284,-36.87851998942215,100 175.00417182543293,-36.87851225282952,100 175.00418727552577,-36.87850620578773,100 175.0042088457517,-36.878497800422714,100 175.0042299244897,-36.87848853358582,100 175.0042505170999,-36.87847856742194,100 175.00425959543725,-36.87847392304878,100 175.00427938242095,-36.878463009680225,100 175.0042989910469,-36.87845188300429,100 175.00431597881848,-36.87844277170039,100 175.00433662779506,-36.87843298843717,100 175.0043578512791,-36.87842393815302,100 175.0043795102143,-36.878415623193874,100 175.0043884236197,-36.87841243810402,100 175.00439675024552,-36.87840929536113,100 175.00440915959723,-36.87840748526077,100 175.0044293363866,-36.87840534671279,100 175.00444949814053,-36.87840447835495,100 175.0044560495887,-36.87840454266385,100 175.00447611723803,-36.87840578224096,100 175.00449610243166,-36.87840841662474,100 175.00451602620257,-36.878411919999024,100 175.00452702790187,-36.87841407144376,100 175.00454694232414,-36.87841721715216,100 175.00456676375262,-36.87842075379051,100 175.00458642573568,-36.87842475728852,100 175.00460581041045,-36.878429354015374,100 175.00461981481308,-36.87843315284211,100 175.0046344097295,-36.878437652832595,100 175.0046393493985,-36.87843811927301,100 175.00466111746343,-36.87844084431804,100 175.00468284724428,-36.87844403598019,100 175.00470150888816,-36.87844689635941,100 175.00472331254596,-36.878449652338034,100 175.00474510060874,-36.87845245544369,100 175.00476684151616,-36.87845542878662,100 175.00478848693376,-36.87845869756269,100 175.00481004007986,-36.87846234193387,100 175.00481664208436,-36.87846356715266,100 175.00483807297803,-36.87846777058882,100 175.0048593420019,-36.87847234809085,100 175.0048669626436,-36.878474128444694,100 175.00488069231235,-36.87847737396872,100 175.00489975363536,-36.87848213203017,100 175.00492094573087,-36.87848767161125,100 175.0049420586557,-36.87849344416027,100 175.00496314011772,-36.87849934341931,100 175.00498418754898,-36.878505271189375,100 175.0049969406873,-36.878508799066644,100 175.00501837816677,-36.878513854092624,100 175.00503971935743,-36.87851917392114,100 175.00506060254875,-36.87852538475563,100 175.00506290714245,-36.87852616334195,100 175.00508284849903,-36.87853449822316,100 175.00508300597946,-36.878534556853886,100 175.00509205966466,-36.8785387095771,100 175.00511588670483,-36.87854328711932,100 175.0051413953392,-36.878543868725394,100 175.0051673862697,-36.87854375899547,100 175.00517640294566,-36.878544180030126,100 175.0052009247962,-36.87854889904916,100 175.00522494282941,-36.8785553309364,100 175.0052483811423,-36.87856327598222,100 175.0052710625026,-36.87857252086532,100 175.00528048351683,-36.878576776431316,100 175.0053015785603,-36.878587954347324,100 175.0053218313451,-36.87859871475195,100 175.00532253134813,-36.87859901208329,100 175.0053287857207,-36.878601358056606,100 175.0053457064929,-36.878606202652634,100 175.00539718420694,-36.878756516854054,100 175.00540675896002,-36.87876193069582,100 175.0054235849069,-36.878773699809095,100 175.00543916549563,-36.87878666885131,100 175.0054541085092,-36.87880026875305,100 175.00545771272928,-36.87880359411238,100 175.00547244718703,-36.87881719843379,100 175.00548699607762,-36.87883091404268,100 175.00550189879215,-36.878844345172965,100 175.0055098687257,-36.87885102719673,100 175.00552698454985,-36.878862682342955,100 175.0055446239425,-36.87887389421818,100 175.0055618416191,-36.878885453903905,100 175.00557311704569,-36.878894119772,100 175.00558690222684,-36.87890836110448,100 175.00560068813394,-36.878922587100796,100 175.00560551182397,-36.87892689592143,100 175.00562255561914,-36.878938412567045,100 175.00564098322286,-36.87894878912922,100 175.00565729311876,-36.87895764038164,100 175.00567504686532,-36.87896863309146,100 175.00569263349226,-36.878979798966895,100 175.00571005190176,-36.87899113892786,100 175.0057273356091,-36.87900260463936,100 175.0057274419293,-36.87900268035651,100 175.00574430679626,-36.879014603789955,100 175.0057611029174,-36.87902655812473,100 175.00577821953925,-36.879038197897735,100 175.00579257917533,-36.879047163177745,100 175.0058113520901,-36.87905692820489,100 175.0058306613635,-36.879066095620075,100 175.00585005536539,-36.879075199411325,100 175.00586450218765,-36.8790823506849,100 175.00588207895254,-36.87909378078039,100 175.00589932125803,-36.87910563472646,100 175.00591677569278,-36.879117020014355,100 175.0059351253164,-36.87912707157364,100 175.00594342311203,-36.87913075930196,100 175.00596395091387,-36.87913782860981,100 175.0059854517668,-36.87914323840295,100 175.00600581471872,-36.87914696574262,100 175.00602785748052,-36.8791508323552,100 175.00605013140577,-36.87915311417028,100 175.00606364206104,-36.87915351422679,100 175.00608589829466,-36.8791527616385,100 175.00610808106168,-36.87915005896042,100 175.00613013521502,-36.87914587129624,100 175.0061508904309,-36.87914096469101,100 175.0061721832787,-36.87913555238343,100 175.00619319377685,-36.87912933997466,100 175.00621412380372,-36.87912271071552,100 175.00623505665587,-36.87911618956165,100 175.0062392725725,-36.8791149349474,100 175.00626042492237,-36.87910882738655,100 175.00628170569212,-36.879102997057785,100 175.00630312166152,-36.87909766015982,100 175.00632473159754,-36.879093047335566,100 175.0063323141055,-36.87909165203767,100 175.00635428767944,-36.87908828768362,100 175.00637645754526,-36.87908569333026,100 175.0063987630949,-36.87908365368785,100 175.00642112783433,-36.87908186090053,100 175.0064273713514,-36.87908138861619,100 175.0064498385565,-36.87908016732305,100 175.00647230696316,-36.87907899197195,100 175.006494624889,-36.879077339663844,100 175.00651668407298,-36.87907454616277,100 175.00652165438584,-36.87907369519932,100 175.0065432439286,-36.879068989845514,100 175.00656458302984,-36.87906337479441,100 175.0065650462921,-36.87906324258922,100 175.00658681966848,-36.87905831690779,100 175.0066081751028,-36.87905264028427,100 175.00662714148874,-36.87904566016579,100 175.00664547847515,-36.87903542254278,100 175.00666281728465,-36.879025283797,100 175.0066824077378,-36.87901655721393,100 175.00670279193392,-36.879009008745186,100 175.00671213945913,-36.87900590808126,100 175.00673283510577,-36.87899894289867,100 175.00675391504566,-36.878992729218524,100 175.0067753480654,-36.87898736040238,100 175.00679479662742,-36.878983329294904,100 175.00681667485838,-36.87897962487176,100 175.00683880230235,-36.87897678329027,100 175.00686109982016,-36.87897448141732,100 175.0068807669773,-36.87897262956451,100 175.0069029700295,-36.87897001923058,100 175.00692516031484,-36.87896756413271,100 175.006947427391,-36.878965385335405,100 175.00696972327015,-36.87896357828644,100 175.00697765814024,-36.87896304405031,100 175.00700010857693,-36.87896242681139,100 175.007022564296,-36.878962011371364,100 175.00704493749072,-36.878961100702135,100 175.007056318538,-36.87896020900346,100 175.00707830082303,-36.87895713729322,100 175.00710011580415,-36.87895303190456,100 175.00712179119847,-36.878948308772294,100 175.00714344290503,-36.87894332375651,100 175.0071527486606,-36.878941199877566,100 175.00717468837937,-36.87893723116872,100 175.0071965917039,-36.878933200880724,100 175.00721834595493,-36.878928833315456,100 175.0072398253732,-36.87892386741681,100 175.0072491581276,-36.87892144654473,100 175.0072699349973,-36.878914929648225,100 175.0072903090653,-36.87890759756396,100 175.00731045764158,-36.878899666313245,100 175.00733044184315,-36.87889141336678,100 175.00735040636468,-36.87888305169162,100 175.00737042569912,-36.87887481256575,100 175.00737760226278,-36.87887196935446,100 175.007398007841,-36.878864513240664,100 175.0074185202429,-36.87885719502057,100 175.00743912382663,-36.87885006002372,100 175.00745983820997,-36.87884317191122,100 175.00748068088777,-36.87883651326256,100 175.00750165276747,-36.878830161574605,100 175.00752277333822,-36.87882413274142,100 175.00752868966305,-36.8788225203698,100 175.0075499418886,-36.87881689219041,100 175.0075713757046,-36.87881160073051,100 175.00759288502718,-36.878806493659596,100 175.00761443196558,-36.87880149500706,100 175.00761549679612,-36.87880124267207,100 175.00763717253648,-36.87879653566419,100 175.00765886862317,-36.87879192024167,100 175.00768050991292,-36.87878718316378,100 175.00770203887302,-36.878782183898,100 175.00772332909338,-36.878776679425805,100 175.00772878092477,-36.87877515240692,100 175.00774951958525,-36.878768464825136,100 175.00776996319914,-36.87876117835194,100 175.00779024000687,-36.87875347739022,100 175.007810388063,-36.87874552984094,100 175.007830536033,-36.87873753632318,100 175.00785073884032,-36.87872966625531,100 175.00785950901005,-36.87872632830275,100 175.00788000298388,-36.87871899499308,100 175.00790055369538,-36.87871181484411,100 175.00792119631,-36.878704802583606,100 175.00794194780195,-36.87869800659509,100 175.00795885355404,-36.87869267533406,100 175.00797999169487,-36.87868667766904,100 175.00800125698677,-36.878680908585146,100 175.00802250515832,-36.87867517133256,100 175.0080436085247,-36.87866917424413,100 175.00806022685606,-36.87866404971961,100 175.00808070517473,-36.87865676260689,100 175.00810087597725,-36.87864900029327,100 175.0081209167891,-36.87864090128291,100 175.00814084841934,-36.878632617544696,100 175.0081607608753,-36.878624287259434,100 175.00817927794589,-36.87861669619579,100 175.00819985738153,-36.87860932984116,100 175.00822017004728,-36.87860167326598,100 175.00823838329836,-36.87859374843858,100 175.0082569018678,-36.87858381664811,100 175.00827450642524,-36.8785727421295,100 175.00829139606094,-36.87856084418464,100 175.00830787228122,-36.87854841154215,100 175.00832413659597,-36.87853581303449,100 175.00832560782203,-36.878534671444946,100 175.00834200286198,-36.87852239519472,100 175.00835608968475,-36.87851160185631,100 175.00835829320306,-36.878510105390156,100 175.00837518089426,-36.8784987338287,100 175.00839215666417,-36.87848746983372,100 175.00840931303514,-36.878476419096245,100 175.00841489919532,-36.87847295467299,100 175.0084324629635,-36.87846225215875,100 175.0084502579027,-36.87845180891464,100 175.00846835706992,-36.87844171563853,100 175.00848672614958,-36.87843199003526,100 175.00850064499673,-36.878424978692586,100 175.00851927747155,-36.878415372109835,100 175.0085382510508,-36.87840623834996,100 175.00855762497926,-36.878397826072614,100 175.00857752943477,-36.87839039355373,100 175.00858062846183,-36.87838937675873,100 175.00860109955752,-36.878382461017374,100 175.00862212079977,-36.87837658869482,100 175.00864353649993,-36.878371855257704,100 175.00866524826804,-36.878368402071736,100 175.00868712223001,-36.8783663864249,100 175.00869573540928,-36.87836600914937,100 175.00871762520134,-36.878365711116835,100 175.00873960768556,-36.878366852699784,100 175.00876158602136,-36.87836907771758,100 175.00878346771148,-36.8783721101323,100 175.0087853242645,-36.878372401405656,100 175.0088069997208,-36.87837548417126,100 175.00882852144656,-36.87837925091913,100 175.0088499189425,-36.878383500159465,100 175.00885957067928,-36.87838555055044,100 175.00888071672688,-36.878391292993285,100 175.00890179274194,-36.87839697442658,100 175.00941300470552,-36.87801499787899,100 175.00960800026124,-36.87796600230151,100 175.00977600853915,-36.877962994207394,100 175.00986100434446,-36.87798399780681,100 175.0102039976517,-36.87818100231761,100 175.010600997767,-36.87833100533061,100 175.01181800654845,-36.87869100496074,100 175.01196099223097,-36.87880100668267,100 175.01202000069367,-36.87889000342596,100 175.0120240000581,-36.87900199758538,100 175.0119700053011,-36.8790710065503,100 175.01163999167224,-36.87930199999682,100 175.01150300596973,-36.87941800568275,100 175.01131399232045,-36.879636003174916,100 175.01143000375046,-36.879801999697264,100 175.01182400040778,-36.8798400009291,100 175.01188100509984,-36.87988399617588,100 175.01253300511075,-36.88009599331301,100 175.01267399204298,-36.88011600209044,100 175.0137999972363,-36.88022900154231,100 175.0139119937734,-36.880249996910806,100 175.0141110020934,-36.88033600341721,100 175.01413999773402,-36.88035799842725,100 175.01428500091157,-36.88053599705845,100 175.01434499215705,-36.88064699656277,100 175.01458600780225,-36.88120600441912,100 175.01456999807922,-36.881612002347126,100 175.01490000475076,-36.881818000753924,100 175.01495400042876,-36.881848003195515,100 175.01496699729583,-36.88185999720518,100 175.01497100771738,-36.881863004426734,100 175.01497899791983,-36.88186499326556,100 175.0150030006965,-36.88187500067885,100 175.01509199518352,-36.88190799205679,100 175.0152779937855,-36.881978997787066,100 175.0156869957436,-36.88207300522688,100 175.01608099411453,-36.88206499407479,100 175.0178200065014,-36.88170699969596,100 175.01794899975508,-36.88178200510957,100 175.01801199536234,-36.88183099693736,100 175.01811299997905,-36.88190999271931,100 175.01815500773793,-36.88195099586143,100 175.0182510078391,-36.88203200533248,100 175.01829000724146,-36.882055006434605,100 175.018346999997,-36.88210499235801,100 175.01844099284122,-36.8821530039159,100 175.01850600515746,-36.88217600006864,100 175.01854700405096,-36.88220300584691,100 175.01856600476805,-36.88220799525283,100 175.01865500748374,-36.88223999235798,100 175.01869699183115,-36.882261001190834,100 175.018759994514,-36.8823000033446,100 175.01879500681008,-36.88231900355284,100 175.0188469999569,-36.88236099942058,100 175.01886899203654,-36.882386995981754,100 175.0190790082834,-36.88272399822575,100 175.0190949934976,-36.88277299804731,100 175.01911100632512,-36.882802002892795,100 175.01913500609828,-36.88286400206849,100 175.0191560049459,-36.88293099769677,100 175.01916699260235,-36.882949997864834,100 175.0191760049923,-36.88297600408669,100 175.01919199495012,-36.883000006175884,100 175.0192229950551,-36.88307099760731,100 175.0192409983725,-36.883141998151906,100 175.01924600807985,-36.88319400559417,100 175.0192339924306,-36.883239995127546,100 175.0191840083547,-36.883343005652755,100 175.01916900652984,-36.88336699736782,100 175.0191439968618,-36.88338499518371,100 175.01900899330596,-36.88343299765599,100 175.01898500336713,-36.88345099162642,100 175.0188349980325,-36.88352300091562,100 175.01881200414073,-36.883529995548145,100 175.0187879916539,-36.88354300385522,100 175.01869599410225,-36.88356299264645,100 175.0186400002473,-36.883580003616636,100 175.01845699879917,-36.88366100574581,100 175.01811800746037,-36.88389599383537,100 175.0181959978741,-36.88385599299405,100 175.01832700376832,-36.88377300137862,100 175.01857100562992,-36.88365499457943,100 175.01866000108922,-36.88363399156068,100 175.01868400303775,-36.883638006365516,100 175.01869799744503,-36.88363599567999,100 175.0187099995298,-36.88363800260962,100 175.0187239932181,-36.88363600725542,100 175.01873599487632,-36.883637997966225,100 175.01875000593282,-36.88363299827133,100 175.01878299615663,-36.88363100543998,100 175.01879200679608,-36.883626997432366,100 175.01880099399958,-36.88362699881748,100 175.01885100203887,-36.88360500435269,100 175.01888199284622,-36.883599006736944,100 175.01892600312416,-36.88358299337563,100 175.0189339937332,-36.88357599865154,100 175.01895300099216,-36.883570998739025,100 175.01897200081225,-36.88355800619636,100 175.01902200431934,-36.88354900582052,100 175.0190619984409,-36.883533996223896,100 175.01908099324316,-36.8835309946912,100 175.01925600856592,-36.88352900397985,100 175.01927899737782,-36.88353199758576,100 175.01931300093415,-36.883530993235986,100 175.01936400144604,-36.88354399729917,100 175.01937700569727,-36.883554999251174,100 175.01940299644104,-36.883564999902326,100 175.01941799420965,-36.88357799318696,100 175.01942899333676,-36.883594994943635,100 175.01945800512743,-36.883626994595474,100 175.01946900550058,-36.88365000531234,100 175.019487997873,-36.88369899540447,100 175.019489999098,-36.88372099733259,100 175.01950399488314,-36.883745996769,100 175.01951999738495,-36.88378000395604,100 175.0195379922072,-36.883809994411834,100 175.01958600613585,-36.883862004356104,100 175.01958800531884,-36.88387200366824,100 175.0195969994428,-36.88387699358547,100 175.01961900444644,-36.88389800286511,100 175.01962860083805,-36.88391609919815,100 175.01979380551737,-36.88421597562882,100 175.01979700606753,-36.88424899811305,100 175.0198040025291,-36.88427099891697,100 175.019794998009,-36.88428899331129,100 175.01974699609033,-36.884323000874524,100 175.01964700752896,-36.884362003164284,100 175.01955099329462,-36.884370993823865,100 175.01954199936517,-36.8843689944231,100 175.01938900368773,-36.88436800287661,100 175.01934499144508,-36.88437799213886,100 175.01930199480873,-36.88438300605418,100 175.01917199489577,-36.884423001217115,100 175.01916100157007,-36.88442300421888,100 175.01912599575672,-36.884439005217416,100 175.01909200541994,-36.88447400643207,100 175.01908999499545,-36.88448700584386,100 175.01908100210503,-36.884499996857045,100 175.01907899172562,-36.884512998070484,100 175.01907200409784,-36.884525998260955,100 175.01905200575084,-36.884608006119336,100 175.0190550014269,-36.88461899255348,100 175.01905000222112,-36.884646995377345,100 175.019048993127,-36.88471500500071,100 175.0190579948731,-36.884754996916946,100 175.0190649964188,-36.88476999816208,100 175.01908600778972,-36.88485900157301,100 175.01908399847485,-36.884886994134774,100 175.01908000755083,-36.8849140019071,100 175.01908199846346,-36.88495299356929,100 175.0190800048749,-36.88496599359533,100 175.01905799405355,-36.885013007432676,100 175.01898300123918,-36.885114996356755,100 175.01877200122826,-36.88529500618816,100 175.01875800139518,-36.88530099713059,100 175.01870799779746,-36.88533099866294,100 175.01871100818354,-36.8853669978058,100 175.01873600028907,-36.885437001761396,100 175.01874299516126,-36.885443995964955,100 175.01876599559768,-36.885456994824864,100 175.01879199225004,-36.885466004967554,100 175.01881699871177,-36.88547899766472,100 175.01883499767666,-36.885484005842,100 175.01885799901538,-36.88548800696445,100 175.01891999331897,-36.88550399693418,100 175.01893600066006,-36.88551300738162,100 175.01918799741136,-36.88557599366431,100 175.0192149968322,-36.885576001582294,100 175.01924699722093,-36.88558099701269,100 175.0193750052472,-36.88563899818078,100 175.01941199182374,-36.88567899560436,100 175.0194150017314,-36.88570900106953,100 175.01942199700352,-36.885724992927486,100 175.01940600803837,-36.88579500122583,100 175.01940600290038,-36.88581699399482,100 175.01939699995728,-36.88584400135638,100 175.019396001009,-36.885909998185895,100 175.0193749918613,-36.88595099778105,100 175.01936900639933,-36.88597299397478,100 175.01936700359326,-36.88599999499241,100 175.01937400565737,-36.88602399480908,100 175.01941099254142,-36.88607000120634,100 175.0194289980091,-36.88608300012753,100 175.01945599794965,-36.8860920065829,100 175.01948200206462,-36.8861150010511,100 175.01950700485247,-36.88616799886852,100 175.01952099630958,-36.8862089973804,100 175.01952600734512,-36.88626699842042,100 175.0195450017265,-36.88632199742422,100 175.0195699981616,-36.886360995403514,100 175.01959100047122,-36.886381991976094,100 175.0196920019794,-36.886462999821696,100 175.01971300638598,-36.88650800342482,100 175.01971799223753,-36.88652799786242,100 175.01973400550585,-36.886553997644754,100 175.01975000622687,-36.88656700266121,100 175.01979999627434,-36.886593995673174,100 175.0198069917549,-36.886601005121896,100 175.01982400846717,-36.88663599995026,100 175.0198379939843,-36.886747994100496,100 175.01984499501378,-36.88675700163938,100 175.01985899675316,-36.88676299785541,100 175.01989800382185,-36.8867699992276,100 175.0199440064084,-36.88679299330591,100 175.0199669927262,-36.886829998347864,100 175.0199650011913,-36.88686099555214,100 175.01991999640683,-36.886932999798255,100 175.01987700546758,-36.8869760046327,100 175.01986299430982,-36.886990003969984,100 175.01983599625805,-36.88700799158347,100 175.0197270072886,-36.887084999007755,100 175.01969400182924,-36.88712300210804,100 175.01965999249796,-36.88715199302212,100 175.01956299838042,-36.887289999280824,100 175.01954699319637,-36.887308000016795,100 175.01943999258435,-36.88739700396002,100 175.01940400011952,-36.887419001064146,100 175.01919300261298,-36.8876429960633,100 175.0191659932921,-36.88766299812985,100 175.01914800645065,-36.88768300274585,100 175.0190440077107,-36.88778500616902,100 175.018952004423,-36.88788700300161,100 175.01894100096865,-36.88790700065124,100 175.01890600624046,-36.8879449940866,100 175.0188680031885,-36.88797399767944,100 175.01878999313132,-36.88804700411091,100 175.01862799427684,-36.88824699377201,100 175.01861700811452,-36.888269996040236,100 175.01857500884307,-36.888330002852065,100 175.01853299145935,-36.88840500221903,100 175.01847499182557,-36.88847899871961,100 175.01841800133798,-36.8885879936372,100 175.018408997787,-36.888615001833294,100 175.0184030079865,-36.88865900514686,100 175.01839400287437,-36.888685997144805,100 175.01839499591895,-36.8887240017057,100 175.01838799729742,-36.88875100287024,100 175.01838799226772,-36.88876700197174,100 175.01836399875387,-36.88884900637197,100 175.01836500530587,-36.88892399473824,100 175.0183739948076,-36.88894800409556,100 175.01837899838446,-36.88898900042767,100 175.0183959976377,-36.88902699888572,100 175.01839599810836,-36.88904499608005,100 175.0184069931905,-36.889072003334725,100 175.01843099666095,-36.88916999601657,100 175.0184399974701,-36.8891859971054,100 175.01845899197542,-36.889247006140785,100 175.018483008742,-36.88936999529569,100 175.01848499643904,-36.88937900338111,100 175.01850099913577,-36.88940399674172,100 175.01850099938548,-36.88941299533798,100 175.01851000023993,-36.88942899641958,100 175.0185150028843,-36.88945499959666,100 175.01855500725637,-36.88956299427224,100 175.01857599815236,-36.8896620034033,100 175.01858800742454,-36.88969300239304,100 175.01859200760933,-36.889716005042004,100 175.01860399314697,-36.88972999956678,100 175.01860399983377,-36.88973800662078,100 175.0186929946803,-36.88990299620412,100 175.0187050035123,-36.889915998889556,100 175.01872300625186,-36.88995399555822,100 175.0187700045679,-36.89013599886327,100 175.01877999682182,-36.89015700061926,100 175.01879600240878,-36.89023299495859,100 175.0188049924027,-36.890259992983744,100 175.01881599853192,-36.89036999819751,100 175.0188199979233,-36.890380997309165,100 175.01884199346392,-36.890513007593476,100 175.0188399965055,-36.89056000297075,100 175.01884099644656,-36.890600004681964,100 175.01883499575175,-36.890669997229104,100 175.018826003134,-36.89070100073538,100 175.01881700462297,-36.89071499857666,100 175.0187949970511,-36.89078200497302,100 175.01879600620666,-36.89080199672344,100 175.01878299295348,-36.89085599678091,100 175.01878200523052,-36.89100200194168,100 175.01878099780717,-36.89112400216043,100 175.01876899771162,-36.89115499909355,100 175.01875599708455,-36.89123099159821,100 175.0187610081777,-36.89129500341183,100 175.01880900121807,-36.891417994135274,100 175.01882499795397,-36.891446999233246,100 175.01885299236858,-36.89148499458658,100 175.01886599797425,-36.891495997443045,100 175.0188939924515,-36.891533993686146,100 175.01900300086677,-36.8916670007799,100 175.01902100183548,-36.89168399618417,100 175.01907999882144,-36.89175400057667,100 175.01909999938738,-36.89176899263319,100 175.01913199306617,-36.89180600060429,100 175.01916399655565,-36.891840994891375,100 175.0191820054811,-36.8918659972988,100 175.01920499700995,-36.891889992968096,100 175.0192169950697,-36.89191100293994,100 175.0192440041368,-36.89194599828772,100 175.0192479929894,-36.89196199978396,100 175.01929400054496,-36.892009000143254,100 175.0193120074368,-36.89202199902833,100 175.01935299468624,-36.89206099282626,100 175.0193640081644,-36.89207900106162,100 175.01938000424997,-36.89209600255315,100 175.0193850014011,-36.892105000912494,100 175.01939400131235,-36.89211200423584,100 175.01943499149178,-36.89218099687709,100 175.01944899596015,-36.892216992901815,100 175.01945800714205,-36.89228599296056,100 175.01947199130683,-36.89237099219303,100 175.0194680006102,-36.89240699764175,100 175.01946400616413,-36.89247100569266,100 175.0194530032645,-36.892503006908136,100 175.01944999543625,-36.892520997553895,100 175.01944199982694,-36.89254699544259,100 175.0193670044049,-36.892869994587656,100 175.01936499219735,-36.89294999497391,100 175.01937899497815,-36.89303799793022,100 175.01940699320787,-36.89312400629992,100 175.0194110047578,-36.893144995203215,100 175.0194319981967,-36.89318299766607,100 175.01954100471647,-36.893316995653365,100 175.01957700883034,-36.89334200296551,100 175.01959500395233,-36.89335100743241,100 175.01963599765966,-36.89337999475533,100 175.01968400565025,-36.89342200106246,100 175.0197069929401,-36.89344700344643,100 175.01971600674966,-36.893467000567504,100 175.01977999196345,-36.8935749970241,100 175.01980499971668,-36.893664003393,100 175.01980300533293,-36.89372899589955,100 175.01979400406955,-36.89379500164972,100 175.01976100605077,-36.89383100555599,100 175.01974900324345,-36.89383499332481,100 175.0197200047326,-36.89386700404172,100 175.01970500117247,-36.89389099584188,100 175.0196960030567,-36.893920001308096,100 175.01968199252522,-36.89396400043155,100 175.01965499576377,-36.8940330043564,100 175.0195560082685,-36.89414899324178,100 175.01952299909357,-36.89419599405077,100 175.01944599877672,-36.894284995371954,100 175.01940999165777,-36.89430600221742,100 175.01938999785577,-36.89432599682889,100 175.01935800818774,-36.89435199255659,100 175.0193310084611,-36.89438500479345,100 175.019318003668,-36.894395004110144,100 175.01930900508594,-36.894430003209415,100 175.01929999986234,-36.894541991580525,100 175.01931900128713,-36.894677992159785,100 175.01933000274386,-36.89469799877581,100 175.01939100689933,-36.894859002955926,100 175.01940300375895,-36.894941003068304,100 175.01947300491534,-36.89513399192542,100 175.01952300507185,-36.89522999830965,100 175.01956400253826,-36.89528599666777,100 175.01963199468526,-36.89541299926236,100 175.01963899780677,-36.89543699809822,100 175.01965300264231,-36.895463996376776,100 175.01966400535983,-36.89549600556273,100 175.0196930037822,-36.895533998018244,100 175.0197050028693,-36.89555799841973,100 175.0197210059652,-36.895580001947934,100 175.01978400173246,-36.89568299942994,100 175.01979999288503,-36.89570399459361,100 175.019808996594,-36.895735004866864,100 175.01983199149518,-36.895789000131984,100 175.01987999251145,-36.89595399437882,100 175.01989099229883,-36.89602300379929,100 175.01988399302033,-36.89604700099965,100 175.01986199464014,-36.89608499901909,100 175.01985099633848,-36.896115993427614,100 175.01983300314342,-36.89615199724906,100 175.01982199927906,-36.89618099356509,100 175.0198199920437,-36.8962420061217,100 175.01982399560586,-36.8963859983858,100 175.01983100551874,-36.89642399789903,100 175.01983400626347,-36.89648299740539,100 175.01984099955217,-36.89652700617363,100 175.01984100662997,-36.89655000545155,100 175.01985400485233,-36.89659899904086,100 175.01984300554074,-36.8967030024473,100 175.0198369980206,-36.89674099710606,100 175.01983500787566,-36.896792994555234,100 175.01980800393227,-36.896941993583816,100 175.01973599614485,-36.89709799581735,100 175.01970900892374,-36.89714700601611,100 175.01968399572863,-36.89717699223069,100 175.01967100330825,-36.89720599440571,100 175.01954299541217,-36.897372006850674,100 175.01950900661433,-36.89742399768751,100 175.01948600412146,-36.89745300060273,100 175.01947099468637,-36.897483991973616,100 175.01944400013082,-36.89752200636702,100 175.0194299993515,-36.897554992286395,100 175.0194209935748,-36.89756699300926,100 175.01940299303521,-36.8975860055652,100 175.01938800101735,-36.89762000156686,100 175.0193720065821,-36.89764500340357,100 175.01933400818848,-36.897736003970046,100 175.0193269921699,-36.89776900000857,100 175.01931099114444,-36.897806995102854,100 175.01931999427347,-36.89783499957436,100 175.01933000672054,-36.89786800262398,100 175.0193280068091,-36.897876001422205,100 175.01932500069455,-36.89790300503331,100 175.019335002279,-36.89794700593991,100 175.01936300288276,-36.89805099514606,100 175.01936500414428,-36.898076001060204,100 175.01937200748927,-36.898100000797754,100 175.0193829972783,-36.89812499358665,100 175.01945700095695,-36.898228993736915,100 175.0194819965355,-36.89828100010421,100 175.01949800272115,-36.89834499159307,100 175.01949400658344,-36.8983730061746,100 175.01949199846814,-36.89843999705313,100 175.01946799353018,-36.89855099482124,100 175.01945399148747,-36.898574998398864,100 175.01944500344507,-36.89859900054271,100 175.0194300080258,-36.89866999770481,100 175.0194209965072,-36.89869200296344,100 175.01935099365988,-36.89879600456821,100 175.01933299847695,-36.898813996750626,100 175.01925900061028,-36.89889999965258,100 175.01923599849152,-36.89893499706506,100 175.01920700345926,-36.89896900578551,100 175.01919100779787,-36.89899699633148,100 175.01917100450052,-36.899081992880376,100 175.01915299881318,-36.89911700537795,100 175.01913299595134,-36.89919899787717,100 175.01911999225337,-36.89924500682567,100 175.0190909943352,-36.89934299530064,100 175.0190819971532,-36.8994019995856,100 175.01908500243258,-36.89945999226108,100 175.01910100609402,-36.899576006912206,100 175.01910100767918,-36.89959999680559,100 175.01909299576292,-36.89965899966171,100 175.01908599507414,-36.899677002282985,100 175.01906999285038,-36.89969700109075,100 175.0190410042188,-36.899748000081786,100 175.01902799358226,-36.89978600107993,100 175.0189559941427,-36.89996699936149,100 175.01887699411841,-36.90007799901341,100 175.01886099741975,-36.900087992361115,100 175.01884099581505,-36.90010600505739,100 175.01879800807305,-36.90013200462935,100 175.01878400475115,-36.90013200200755,100 175.0187640081831,-36.90013700523173,100 175.01870299258178,-36.90013199280228,100 175.01867799888865,-36.9001249936049,100 175.0185349923916,-36.900124991565775,100 175.01851200641894,-36.9001449963305,100 175.0184829987157,-36.900177999242004,100 175.01848099976414,-36.90018599710757,100 175.01846900882612,-36.900209002901626,100 175.01846300591603,-36.90024899468777,100 175.0184719969439,-36.90027300395352,100 175.0184969912868,-36.90031299259037,100 175.01852900650076,-36.90038599371019,100 175.0185609983264,-36.90044200569994,100 175.01856599626805,-36.900460001747724,100 175.01857999457306,-36.90048800608825,100 175.0185960014809,-36.900564000290075,100 175.01861699787398,-36.900602003684995,100 175.0186220057529,-36.900623995927724,100 175.01865400469865,-36.900691003634606,100 175.01866100264118,-36.90072799844855,100 175.01866999863745,-36.90075099905619,100 175.01868100087427,-36.90077100569188,100 175.0186950006292,-36.90080199960565,100 175.0187109988206,-36.90082799969251,100 175.0187139962242,-36.90084200633004,100 175.0187300024086,-36.90090599789973,100 175.01874099999762,-36.900930000073274,100 175.01874400327395,-36.90095500337801,100 175.01877100418469,-36.900991996167946,100 175.01880099979704,-36.90101299674455,100 175.01890600080688,-36.901068996067764,100 175.01891699735432,-36.90109299824108,100 175.01891300008327,-36.90113899376079,100 175.01890199490066,-36.901158992323694,100 175.01888799259902,-36.90119199442256,100 175.01887499253564,-36.901204006220354,100 175.01879800253772,-36.90131399373893,100 175.01877400474376,-36.90138700140749,100 175.01877600519987,-36.901402993428114,100 175.01877900842499,-36.901413003597014,100 175.01877499747283,-36.90142799280437,100 175.0187730046797,-36.90144099368774,100 175.01877300514704,-36.90145600123423,100 175.0187740026867,-36.90146600313438,100 175.01877400387264,-36.90148099534648,100 175.0187750069112,-36.901492994434996,100 175.0187769958618,-36.90150799612164,100 175.0187790074216,-36.90151900105758,100 175.01877800051588,-36.90153500363815,100 175.01877899225204,-36.90154900110178,100 175.01878899732716,-36.901561995430505,100 175.01880099544067,-36.90157400681103,100 175.0188050017826,-36.9015780053784,100 175.01881299509347,-36.901591995588795,100 175.01881699496275,-36.9016000068554,100 175.0188179919002,-36.90160700473068,100 175.01882099412555,-36.901613995558506,100 175.01882700590636,-36.90162399694647,100 175.0188270007382,-36.90163099743496,100 175.01882200493267,-36.90164600518691,100 175.01882200612962,-36.90166099739831,100 175.01882299703436,-36.901669001227326,100 175.01885499928747,-36.901675003383644,100 175.0188929934557,-36.901681991545026,100 175.01989099620997,-36.90185300298288,100 175.01964199798903,-36.902680006573426,100 175.01965199671395,-36.902679000134185,100 175.01965799516148,-36.9026789963693,100 175.0196770072449,-36.90268000517896,100 175.01968500087355,-36.90268199360606,100 175.01968999722465,-36.90268199336145,100 175.01970700356654,-36.90268299301309,100 175.01972199264367,-36.90268299317672,100 175.019728002797,-36.90268100725014,100 175.01974699210206,-36.902680002931326,100 175.01976599711125,-36.902678998342424,100 175.01977699945598,-36.90267800366628,100 175.0197860068874,-36.902678006405715,100 175.0198059922899,-36.90267800540904,100 175.01980699438639,-36.90267800188611,100 175.01982599451884,-36.90267800412281,100 175.01983600516826,-36.90267800331629,100 175.01985500002206,-36.90267899706829,100 175.01987400570664,-36.902680997385325,100 175.01989200327594,-36.90268400717629,100 175.01991099170831,-36.902685991557384,100 175.0199249954911,-36.90268599403211,100 175.0199440023005,-36.902687994318754,100 175.01995699156925,-36.90268999780609,100 175.01997599238547,-36.90269300494177,100 175.01998199195506,-36.902693001141394,100 175.01999499252042,-36.90269300715132,100 175.02001400420534,-36.902694000591524,100 175.02002000377493,-36.90269399678923,100 175.0200350047829,-36.90269500256131,100 175.0200540040772,-36.902697994388205,100 175.02006699447176,-36.902699997844294,100 175.02007300487475,-36.90270100060728,100 175.0200919937423,-36.902703001175276,100 175.0200970080423,-36.9027030006082,100 175.02010100117556,-36.902703003890714,100 175.020119996037,-36.90270399760004,100 175.02013899683814,-36.90270700380842,100 175.0201450068623,-36.902707992153374,100 175.0201510004402,-36.90270899519858,100 175.020170006114,-36.90271099456686,100 175.02017499761942,-36.90271200203773,100 175.0201870082854,-36.90271600590718,100 175.02020600758974,-36.90271899770941,100 175.02021100394222,-36.9027189974428,100 175.02022900224927,-36.90272199184767,100 175.0202470058309,-36.902723994729975,100 175.02025300470817,-36.90272400715104,100 175.0202540079268,-36.902724003605236,100 175.02027300236617,-36.90272800223162,100 175.02029099955553,-36.90273099664603,100 175.02029699912734,-36.902730992829646,100 175.0203040019186,-36.90273400662459,100 175.0203219935464,-36.902735002946606,100 175.02034099285973,-36.90273799472692,100 175.02034600117165,-36.90273900100335,100 175.02034900374014,-36.902739998137584,100 175.0203670020803,-36.9027429934221,100 175.0203820086422,-36.90274599633657,100 175.02039200204834,-36.90274900071075,100 175.02041100134363,-36.90275199157876,100 175.0204180034179,-36.902751999543376,100 175.0204309987201,-36.902752997025,100 175.02044899774276,-36.90275899631845,100 175.02045500817826,-36.90275999996269,100 175.0204610017636,-36.90276100299197,100 175.02047899896678,-36.90276399737743,100 175.0204870034611,-36.90276699231737,100 175.02049299704734,-36.902767995345016,100 175.02055399205437,-36.90277099456982,100 175.02055999203267,-36.90277100605528,100 175.02058900215886,-36.90276800327901,100 175.0206500015944,-36.90277299965991,100 175.0206799921,-36.90277099955164,100 175.02070299834142,-36.90277800508683,100 175.020753005131,-36.90280699538498,100 175.02079199289952,-36.902834007327904,100 175.02083300298412,-36.902851998886135,100 175.02085500003682,-36.902856993638125,100 175.02087099935068,-36.902864997134756,100 175.02089799935916,-36.90288100355455,100 175.0209650006229,-36.90296800336607,100 175.0209759921458,-36.90298999281235,100 175.0210059961256,-36.90301899891172,100 175.0210559929718,-36.9030590013291,100 175.0210839963102,-36.903075004150146,100 175.0210969922791,-36.90308499922354,100 175.0211110023452,-36.903095998210496,100 175.02112500194855,-36.9031060050426,100 175.02113900115137,-36.9031159965577,100 175.02115199117904,-36.90312699937921,100 175.02116600761997,-36.903137005919746,100 175.02118000087887,-36.90314800518424,100 175.0211940000965,-36.90315799669235,100 175.02120799333946,-36.90316899505238,100 175.0212219918707,-36.90317900279213,100 175.02123600792606,-36.90318899400852,100 175.02125100483306,-36.9032000050249,100 175.0212650029714,-36.903209997443966,100 175.0212790026155,-36.90322000425648,100 175.02129300188292,-36.9032299966529,100 175.02130800366123,-36.90324000082695,100 175.02132200179045,-36.903249992337884,100 175.02133700360022,-36.90325999740889,100 175.0213510032628,-36.90327000421229,100 175.02135399948384,-36.90327199285842,100 175.0213690012783,-36.903281997024195,100 175.02138399222585,-36.903290994620704,100 175.02139899402783,-36.903300998782434,100 175.0214139958337,-36.903311002942125,100 175.0214290036188,-36.90332000024619,100 175.02144399345897,-36.90332899785372,100 175.0214589952761,-36.90333900200734,100 175.0214740030719,-36.903347999305346,100 175.02148999502728,-36.903356993369435,100 175.02150500323432,-36.90336600597849,100 175.02151100207035,-36.90336899172402,100 175.0215259983077,-36.90337699778221,100 175.02154200824734,-36.903385992434266,100 175.02155800174444,-36.90339500178478,100 175.0215729976112,-36.90340299342236,100 175.0215890079183,-36.90341200158114,100 175.0216059916036,-36.903420002640324,100 175.02161300565044,-36.90342399137092,100 175.0216290040382,-36.90343199477779,100 175.02164500242924,-36.90343999818241,100 175.02166100192156,-36.90344800066475,100 175.02167700031916,-36.90345600406481,100 175.02169400194776,-36.90346400390434,100 175.0217100062998,-36.90347099954536,100 175.02172700795876,-36.90347900028084,100 175.02174399164898,-36.903487000418416,100 175.02175999603392,-36.90349399695327,100 175.02177700293234,-36.903501005261205,100 175.02179399262664,-36.90350799943874,100 175.02180999699655,-36.90351499506568,100 175.02182700502573,-36.90352200334705,100 175.02184399358345,-36.903528996635316,100 175.02186100161867,-36.903536004911615,100 175.0218780081547,-36.90354299879016,100 175.02189499824752,-36.90355000736695,100 175.0219129964192,-36.903556005546754,100 175.02193000408593,-36.90356299939844,100 175.02194699903424,-36.9035690011332,100 175.02196499723794,-36.903575000205734,100 175.0219819933133,-36.9035810019162,100 175.0220000083491,-36.90358700069678,100 175.02201700442964,-36.90359300240206,100 175.02203500262027,-36.90359900056273,100 175.02205300570637,-36.90360399368812,100 175.02205500619814,-36.90360499341873,100 175.02207300439437,-36.90361099157345,100 175.0220899993876,-36.90361699418793,100 175.02210799761292,-36.90362299323806,100 175.02212600221128,-36.903628000747254,100 175.0221440064076,-36.90363299293845,100 175.02216199306193,-36.903638000747634,100 175.02217999614092,-36.90364299295232,100 175.02219800074823,-36.90364800045031,100 175.0222159933741,-36.90365200139781,100 175.0222350060346,-36.90365599759222,100 175.02224600175856,-36.90365899916117,100 175.02226399923157,-36.903661993267086,100 175.02228300036407,-36.90366500002301,100 175.0223020014979,-36.903668006775845,100 175.02232000493825,-36.90366999401989,100 175.02233900605071,-36.903672999865826,100 175.02235799520273,-36.90367500006197,100 175.02237699521967,-36.90367800682174,100 175.0223879968905,-36.903680000623154,100 175.0224069980314,-36.90368300735894,100 175.02242499663703,-36.903686001420965,100 175.0224439962307,-36.90368899195375,100 175.0224629925597,-36.903693006415416,100 175.02248100685063,-36.903695999300474,100 175.02250000273108,-36.903699996639105,100 175.0225179942611,-36.90370399755906,100 175.02252700258745,-36.903707005006396,100 175.02254499524216,-36.90371100590306,100 175.0225640015676,-36.90371599358172,100 175.0225819942499,-36.90371999537356,100 175.02259999253488,-36.903725994347084,100 175.02261799718647,-36.90373100177988,100 175.0226360003141,-36.90373599391379,100 175.02265399858297,-36.903741991977974,100 175.02267099474534,-36.9037479935869,100 175.02268899304337,-36.903753992546505,100 175.02270700333435,-36.903760998050714,100 175.02272399357057,-36.903768007405745,100 175.02274100018454,-36.90377499935466,100 175.02275800682534,-36.903781992201935,100 175.02277499707063,-36.90378900154936,100 175.0227919988821,-36.90379700122553,100 175.02280900665397,-36.90380399404607,100 175.02282500524043,-36.903811997285096,100 175.02284099894788,-36.903821005553986,100 175.0228569971605,-36.90382899437416,100 175.0228730077257,-36.903838003252794,100 175.02288900108718,-36.903846998001434,100 175.02290499442861,-36.90385599184689,100 175.02292000177258,-36.90386500428746,100 175.0229349930106,-36.90387400167832,100 175.02294999512384,-36.90388400563352,100 175.02295499082166,-36.903886994871954,100 175.02296999294003,-36.90389699882446,100 175.02298399295114,-36.90390700632518,100 175.02299799253763,-36.903916997608015,100 175.02301200297657,-36.90392799455452,100 175.0230260030226,-36.90393800295079,100 175.02303899343295,-36.90394900465106,100 175.02305300500538,-36.9039600015732,100 175.02306599544715,-36.90397100417115,100 175.0230800070751,-36.90398200289161,100 175.02309400073472,-36.90399300101514,100 175.02310699711705,-36.90400299585439,100 175.02312100761114,-36.904013993687805,100 175.02312399947976,-36.904017004435765,100 175.02313799912832,-36.904026996601665,100 175.02314200470244,-36.90403099502948,100 175.02315600366242,-36.90404100342827,100 175.02316999731988,-36.90405200064119,100 175.023183996957,-36.90406199190032,100 175.02319799702607,-36.904071999373784,100 175.02321299285614,-36.904082994830894,100 175.02322699290906,-36.904093001399765,100 175.02324099146304,-36.90410299357166,100 175.02325499152323,-36.90411300013699,100 175.02326999372468,-36.90412300404869,100 175.02328400428783,-36.9041340027622,100 175.02329800395472,-36.90414399400685,100 175.02331200402975,-36.90415400056494,100 175.0233270062704,-36.9041640053698,100 175.02334100482653,-36.90417399662811,100 175.02335499858236,-36.90418499561924,100 175.0233660019595,-36.90419299826256,100 175.02337899841112,-36.90420299306962,100 175.02339299258225,-36.90421400737108,100 175.02340699115607,-36.904223998620985,100 175.02342100285532,-36.90423499639699,100 175.02343399337278,-36.90424599805028,100 175.02344800510372,-36.9042569967237,100 175.0234610019815,-36.904267006836214,100 175.02347499574773,-36.9042780049111,100 175.02348900636864,-36.90428900359839,100 175.02350199802683,-36.90430000522445,100 175.0235159966067,-36.904309995559586,100 175.023529005123,-36.90432099779662,100 175.02354299893267,-36.904331996763695,100 175.02355600743283,-36.90434299809662,100 175.02357000122655,-36.90435399615932,100 175.02358400139914,-36.90436400358365,100 175.02359499847492,-36.904372997741525,100 175.02360999442064,-36.90438399314445,100 175.0236239945801,-36.90439399966279,100 175.02363799364522,-36.90440400709936,100 175.02365200541053,-36.904415004845774,100 175.02366600407848,-36.90442499696359,100 175.02367999902475,-36.90443599499315,100 175.02369299596313,-36.904446005078135,100 175.02370700664602,-36.904457003737534,100 175.02371999836407,-36.904468005337634,100 175.02372200343257,-36.90447100314201,100 175.02373499515517,-36.90448200474031,100 175.0237469952173,-36.90449400024376,100 175.02375899530702,-36.904505996646755,100 175.02376999213615,-36.90451799572373,100 175.02378199263796,-36.90453000743933,100 175.0237930010509,-36.90454299684456,100 175.02380399789078,-36.90455499591801,100 175.02381500788522,-36.90456800241879,100 175.0238249962173,-36.904580994783124,100 175.02383599306782,-36.90459299385321,100 175.0238470030257,-36.904605998548824,100 175.02385799396447,-36.904619005370066,100 175.02386299168128,-36.90462499856489,100 175.02387300325086,-36.90463700090227,100 175.02388399529664,-36.904650006800765,100 175.02389500376844,-36.90466299709614,100 175.0239049936772,-36.90467600564973,100 175.02391600215643,-36.904688995942884,100 175.0239260078012,-36.904702005127696,100 175.0239370058072,-36.90471400416806,100 175.02394699420353,-36.90472699742152,100 175.0239580031021,-36.90474000302543,100 175.0239679926273,-36.904752996257734,100 175.02397900153332,-36.90476600185943,100 175.0239899984352,-36.90477800091336,100 175.02400100844667,-36.90479100559272,100 175.02401199903426,-36.90480399708253,100 175.02402299706876,-36.904815996113896,100 175.02403499763415,-36.904828006899834,100 175.02404599455397,-36.90484000594792,100 175.0240579947459,-36.90485200231697,100 175.02406999491782,-36.90486399778377,100 175.0240819950935,-36.904875993249235,100 175.02409500378823,-36.90488699541788,100 175.02410700325444,-36.90489900621485,100 175.02412099722966,-36.90491000420617,100 175.02413400588816,-36.904921004568365,100 175.02413700339045,-36.90492299402137,100 175.02415099739812,-36.90493399290975,100 175.02415499146775,-36.90493700006847,100 175.02416800015956,-36.90494800132748,100 175.02418000036394,-36.90495999678201,100 175.02419200059592,-36.90497199313607,100 175.02420299274527,-36.90498499900124,100 175.02421299805016,-36.90499799194252,100 175.0242240081319,-36.90501099659864,100 175.02423399704546,-36.905024006040776,100 175.02424400350654,-36.90503699986081,100 175.02425500048975,-36.905048998887246,100 175.02426700072394,-36.9050609943319,100 175.02427700080833,-36.905072005399504,100 175.02428999271385,-36.90508300693052,100 175.02430400357625,-36.90509400461132,100 175.0243180035758,-36.90510399662571,100 175.02433300611008,-36.90511400039142,100 175.02434800864825,-36.905124004155105,100 175.02436299917727,-36.905133001370395,100 175.02437800765858,-36.905141998277735,100 175.02439299338099,-36.90515200232217,100 175.0244090039964,-36.9051609956627,100 175.02442399456345,-36.905169993770706,100 175.02443999357683,-36.90517799587568,100 175.0244549972631,-36.90518799960583,100 175.02447000466776,-36.9051969974208,100 175.02448599887916,-36.90520600635237,100 175.0245010073889,-36.90521500324317,100 175.02451700008098,-36.905223996874255,100 175.02453199701105,-36.90523200343071,100 175.0245480076591,-36.905240996751395,100 175.02456400191238,-36.905250006572714,100 175.02457899249086,-36.90525900375905,100 175.0245950042717,-36.90526799705388,100 175.02460100377823,-36.9052709979494,100 175.0246329967187,-36.9052879954264,100 175.0246669956484,-36.905310994695846,100 175.02488400604472,-36.9054899917776,100 175.02499100540902,-36.905545994727426,100 175.02505299655536,-36.90556599384908,100 175.02526400797797,-36.90565600180554,100 175.02528700545966,-36.9056740024277,100 175.02530999638122,-36.90568700094819,100 175.0254560079445,-36.90579099928715,100 175.02547600323487,-36.90581099156973,100 175.02547599279546,-36.90581899978814,100 175.02550100575303,-36.90582599718588,100 175.0256559936775,-36.905824992279705,100 175.02568699345653,-36.9058250015999,100 175.02576000217894,-36.90583500538753,100 175.02579600041994,-36.90584399738516,100 175.02582799696023,-36.905848000445516,100 175.02589399405403,-36.90586600290872,100 175.02592999401048,-36.90589300639081,100 175.02595800775043,-36.90592599913426,100 175.02599000183466,-36.90594000570719,100 175.02601500193768,-36.905942992435065,100 175.0260560017023,-36.90594499868495,100 175.0261189985049,-36.905943001012744,100 175.02616200256713,-36.90594500097181,100 175.02626699463312,-36.905940003747176,100 175.02632500489716,-36.905924004647225,100 175.0263750074704,-36.90590499661966,100 175.02638400289007,-36.905897998670945,100 175.02639500245652,-36.905881995899094,100 175.0264220045597,-36.90585799594495,100 175.02645399876025,-36.905840996813474,100 175.0265010068358,-36.9058230042194,100 175.0266149953803,-36.9058200072792,100 175.02664399205892,-36.90580399299434,100 175.02666200501022,-36.90578600032051,100 175.0266709927787,-36.905770995343545,100 175.02670899961603,-36.905726996982445,100 175.02673400613125,-36.905689002300434,100 175.0267500037678,-36.90565100633397,100 175.0267850031477,-36.90553899590073,100 175.0268080080114,-36.90549699664424,100 175.02682100215478,-36.90548300123544,100 175.02683400547068,-36.90546099762979,100 175.02685499333427,-36.905454999111846,100 175.0268869962242,-36.90545500542146,100 175.02695899855294,-36.905443994746996,100 175.027214994537,-36.90543899344242,100 175.02728799769204,-36.90545299184422,100 175.02735399201242,-36.90545299731407,100 175.0274380026102,-36.90546499430323,100 175.02758099918506,-36.905480999018216,100 175.0276490060754,-36.90549199374616,100 175.02768999580957,-36.905508000377075,100 175.02772200719772,-36.90556199590153,100 175.0277489986305,-36.90557699502118,100 175.02778600622278,-36.905591000228256,100 175.0280129961818,-36.90571200457938,100 175.02811800148737,-36.905748001957676,100 175.0282069985179,-36.905796006637885,100 175.02827800050102,-36.90586499256615,100 175.02829399151997,-36.905886996851876,100 175.02831400397258,-36.90593799482012,100 175.02831700648522,-36.90596699419003,100 175.02831300588682,-36.90599599960268,100 175.02831300738129,-36.9060049981403,100 175.0283189927673,-36.90602000257785,100 175.028323992417,-36.90603499410771,100 175.0283289972356,-36.90604899412079,100 175.02833499945578,-36.906063998269836,100 175.0283399983956,-36.906079005133044,100 175.02834499805374,-36.906093996661625,100 175.0283500028805,-36.90610799667348,100 175.02835399968876,-36.906123007132194,100 175.02835899823108,-36.90613799867908,100 175.02836199249919,-36.90615299741871,100 175.02836500296002,-36.906165005373694,100 175.0283670055835,-36.90618099715602,100 175.0283689965709,-36.90619599861011,100 175.02837100550823,-36.90621099975753,100 175.02837299649747,-36.906226001211444,100 175.02837600169357,-36.90624200561276,100 175.02837600747227,-36.9062440036925,100 175.02838000388834,-36.90625899883451,100 175.02838500397326,-36.90627400567554,100 175.02839100579453,-36.90628899360432,100 175.02839699641024,-36.9063030074206,100 175.02840299818865,-36.90631799354678,100 175.02840900635252,-36.90633199174055,100 175.028415008613,-36.90634699588372,100 175.02841500273118,-36.90634800273442,100 175.02842100497037,-36.90636300597628,100 175.02842599300354,-36.90637700627077,100 175.02843099157872,-36.906391997813095,100 175.02843600853456,-36.90640700526458,100 175.02844100823575,-36.90642199678713,100 175.02844400565638,-36.906429994184556,100 175.0284489936748,-36.90644399357677,100 175.02845599924058,-36.90645899500146,100 175.0284629920012,-36.906473004314954,100 175.0284720077386,-36.90648699169279,100 175.02848099537115,-36.906500002542565,100 175.02848999471735,-36.90651400642224,100 175.02849899880184,-36.90652700256872,100 175.02850100525706,-36.906530001165834,100 175.0285090012979,-36.906544006858994,100 175.02851699695998,-36.906557998137245,100 175.02852499300684,-36.9065720038291,100 175.02853300660024,-36.90658599389855,100 175.0285400005331,-36.90660000408816,100 175.02854400123763,-36.906607997864946,100 175.02854900025855,-36.90662300471574,100 175.02855399999774,-36.906637996231915,100 175.02855899904668,-36.906653003982996,100 175.02856399876617,-36.90666799459767,100 175.0285689978193,-36.90668300234812,100 175.02857400385201,-36.90669700232763,100 175.02858000615257,-36.90671200555886,100 175.02858699857902,-36.906726000448835,100 175.02859599794888,-36.90674000341768,100 175.0286050020794,-36.906752999554314,100 175.02861499153167,-36.906765992378695,100 175.02862600261034,-36.9067789965925,100 175.02863700054814,-36.90679099608214,100 175.0286490021634,-36.90680300726742,100 175.02865300814477,-36.906807004593496,100 175.02866499253213,-36.90681900074929,100 175.02867699891254,-36.90683000510004,100 175.02869000856523,-36.906841005830756,100 175.02870400354146,-36.906852003247685,100 175.02871799854557,-36.90686300156373,100 175.02873199940717,-36.90687299212658,100 175.0287459995801,-36.906882998922846,100 175.028761004148,-36.90689300207883,100 175.02877699767328,-36.90690199510778,100 175.02879200112707,-36.906911998278744,100 175.02880799580555,-36.906920992185,100 175.02882399676955,-36.90692899455364,100 175.02884000866445,-36.906938002582116,100 175.0288560085134,-36.90694600496537,100 175.02885800289664,-36.90694799611078,100 175.0288720031824,-36.90695499796161,100 175.02888900056317,-36.90696100044257,100 175.02890599675305,-36.90696700023753,100 175.02892400729712,-36.90697099984446,100 175.02894299739364,-36.9069729989562,100 175.0289620054402,-36.906974997758205,100 175.02898199768703,-36.906976993261736,100 175.0290009940656,-36.90697800082886,100 175.02902099259316,-36.90697900479051,100 175.02903799995107,-36.906980003072114,100 175.0290519992361,-36.90698400089176,100 175.02906999883623,-36.90698699391331,100 175.02908799256508,-36.90699099378244,100 175.02910700567762,-36.90699500507329,100 175.02912499941004,-36.90699900493669,100 175.02914299316808,-36.9070030056982,100 175.02916200700218,-36.90700700164575,100 175.02917999446277,-36.90701199303583,100 175.0291870027041,-36.907013998550184,100 175.0292010082793,-36.90701700481663,100 175.029213992275,-36.90701699386617,100 175.02922799785162,-36.90702000012938,100 175.02924599746595,-36.90702299312376,100 175.02926499966034,-36.90702599872691,100 175.02928399493086,-36.90702700626743,100 175.02930300774514,-36.90702799818304,100 175.02931799284428,-36.90702900303948,100 175.0293540030425,-36.90703599556054,100 175.02937100348768,-36.90703499573443,100 175.02938999360842,-36.9070369947738,100 175.0294090078918,-36.90704100689714,100 175.02942600487685,-36.90704699218237,100 175.02944399857574,-36.90705399692533,100 175.0294570078016,-36.907059003944696,100 175.02947500734956,-36.907065000931674,100 175.0294750010524,-36.90706599156586,100 175.0294920046923,-36.90707400645098,100 175.02950699730962,-36.907083002964825,100 175.02952099721344,-36.90709299434997,100 175.0295340022847,-36.90710500181371,100 175.02954399130383,-36.90711500585954,100 175.0295529956948,-36.90712499698862,100 175.02956800403481,-36.90713399322576,100 175.02958500148196,-36.90713999470315,100 175.02960399782677,-36.907144006199964,100 175.02962399229637,-36.90714900558278,100 175.02964199669273,-36.90715399841501,100 175.02965299420586,-36.90716000237974,100 175.0296669952404,-36.90716999282649,100 175.02968099668448,-36.907179998586585,100 175.0296949918857,-36.907190996780784,100 175.0297089922154,-36.907201002556484,100 175.02972299331248,-36.90721099479791,100 175.0297370053289,-36.90722199179825,100 175.02975100679157,-36.90723199754944,100 175.02976500201228,-36.9072429957347,100 175.02977799506124,-36.90725399662619,100 175.02979100494142,-36.90726499722851,100 175.02979499934952,-36.90726800418594,100 175.02980700081338,-36.907279999930324,100 175.02981900225717,-36.907291994772464,100 175.0298310041345,-36.907304005829275,100 175.02984200231137,-36.90731600429736,100 175.0298499913796,-36.907324991586194,100 175.02985999370156,-36.90733600302792,100 175.02986400040288,-36.90734599483206,100 175.02987400270584,-36.90735700537154,100 175.02988599210892,-36.907367994563735,100 175.02990100788278,-36.907379004129844,100 175.02991599359999,-36.90738900655661,100 175.02993099801014,-36.90739899424113,100 175.02994299880027,-36.90741100530454,100 175.02995399813216,-36.907423003741876,100 175.02995599837757,-36.90742699294547,100 175.0299610029416,-36.907438004182026,100 175.02996700516968,-36.90745299201621,100 175.02997199358677,-36.90746699313346,100 175.02997699407064,-36.907481999892696,100 175.02998100187904,-36.907494996600754,100 175.02999000053595,-36.90750599544384,100 175.02999500571698,-36.90751999356948,100 175.0300010084364,-36.90753499941915,100 175.03000800227503,-36.907548992392464,100 175.03001599872587,-36.90756299887115,100 175.03002499733577,-36.907577001738055,100 175.0300340029307,-36.90758999773504,100 175.03004499532196,-36.90760300303149,100 175.03005099587307,-36.90760899233104,100 175.03006299783772,-36.90762100336118,100 175.03007399613224,-36.907629996876906,100 175.0302489940677,-36.907500992146,100 175.0317509962441,-36.906410998572504,100 175.03273200265804,-36.90695299607605,100 175.03394999687814,-36.90763299992939,100 175.03519000618326,-36.90831299579024,100 175.03522700059892,-36.90833299338655,100 175.03524100808426,-36.90832300400004,100 175.035255004146,-36.90831199363818,100 175.0352679984236,-36.90830100134461,100 175.03527500419446,-36.908293992666295,100 175.0352849943783,-36.90828200364693,100 175.03529399285497,-36.908268004605944,100 175.0353010034,-36.90825399637182,100 175.03530800219028,-36.90823899691206,100 175.03531399187997,-36.90822500707427,100 175.03531900291048,-36.90821300334284,100 175.03532800134937,-36.908199003398664,100 175.03533599609457,-36.90818499181421,100 175.03534399858643,-36.90817000489312,100 175.03535300764696,-36.90815699619174,100 175.03536200721922,-36.908142997126916,100 175.03537299953138,-36.908131004444485,100 175.03538399961687,-36.90812099357995,100 175.03539699274626,-36.908110002193595,100 175.0354120030443,-36.90809999379751,100 175.03542700869556,-36.90809099312922,100 175.03544399604777,-36.90808299228143,100 175.03546099667938,-36.90807599795238,100 175.03547599740128,-36.90807099281207,100 175.03549299111754,-36.90806500534577,100 175.03551100565514,-36.90805899857753,100 175.03552899293342,-36.9080550066726,100 175.03554799876602,-36.90805099460268,100 175.03556599665,-36.90804799303579,100 175.0355859946181,-36.90804600719437,100 175.03560500753665,-36.90804399316933,100 175.0356240029357,-36.9080419956649,100 175.0356420071678,-36.90804100657385,100 175.03566099637223,-36.908040000596365,100 175.03568100099753,-36.90803999657691,100 175.03570000234123,-36.908039996232525,100 175.0357189930492,-36.908039004640735,100 175.0357380052707,-36.908037006829744,100 175.03575500562167,-36.90803300116452,100 175.0357720000207,-36.90802699832485,100 175.03578900526998,-36.908018997121445,100 175.0358050083565,-36.90801099957577,100 175.03580999904827,-36.90800900056923,100 175.04699799428988,-36.90772899904048,100 175.04824299521138,-36.911010005755706,100 175.05150299301087,-36.91953800395243,100 175.05295200764803,-36.91999600316762,100 175.05312599479234,-36.920050994040565,100 175.05195499434745,-36.92341300220793,100 175.0514960064957,-36.92480500010026,100 175.0508550023243,-36.92674899733447,100 175.04971900694335,-36.93019300499689,100 175.03834699676565,-36.92815099321966,100 175.03529599926938,-36.936022996578856,100 175.0307929970583,-36.935218003427536,100 175.03066500709227,-36.935196004587105,100 175.03054700316,-36.93517600333204,100 175.0242139931953,-36.934040006147455,100 175.01690399399436,-36.93272800226955,100 175.0159269980312,-36.92510799596808,100 175.00921499716432,-36.92456499257152,100 175.00898800615616,-36.92674600073995,100 175.00885300063368,-36.92787799959311,100 175.0088249918185,-36.92821399624596,100 175.00428299950224,-36.92789099286741,100 175.00283799889948,-36.92776699417299,100 175.00196699368556,-36.92770499783816,100 175.00213499925434,-36.927549000887126,100 175.00226600446135,-36.92705599541024,100 175.0024749935415,-36.92669599711152,100 175.00244500643004,-36.926409998595815,100 175.0019609942651,-36.926544994728786,100 175.00186000645098,-36.926555005564246,100 175.00177900207171,-36.926551995425456,100 175.00152100761986,-36.92649999898576,100 175.00127299775187,-36.92635100344361,100 175.00114400528741,-36.926115000874844,100 175.0010370058902,-36.92602799995415,100 175.0010139953112,-36.92595400705778,100 175.00089800442814,-36.92580299218191,100 175.0006940041182,-36.92559999862428,100 175.00072900729646,-36.92525700042123,100 175.00073999230872,-36.92514599867363,100 174.99962900001557,-36.92494199596307,100 174.99898599756278,-36.92476099262234,100 174.9989900048989,-36.92475599324257,100 174.99901200763088,-36.92473199973823,100 174.99900499229508,-36.92472799439349,100 174.998988006413,-36.924720006414915,100 174.99897200569686,-36.924712000046064,100 174.998956004984,-36.92470399367493,100 174.99893900228057,-36.924696005972365,100 174.99892300045227,-36.92468799961545,100 174.99890700643311,-36.92467900259567,100 174.9989030004275,-36.9246779920788,100 174.9988869990066,-36.92467000103217,100 174.99886999591766,-36.92466199800384,100 174.99885299834747,-36.924653002548304,100 174.99883700324506,-36.924644006438356,100 174.9988229971996,-36.92463500298083,100 174.9988090040805,-36.92462400112082,100 174.99879699896658,-36.92461299463576,100 174.99878600178857,-36.92460099327149,100 174.99877700703712,-36.924587003278,100 174.99876899747338,-36.92457299579862,100 174.99876100509715,-36.924559001548815,100 174.99875899429597,-36.92455400614003,100 174.9987520050848,-36.92453999500315,100 174.9987460007378,-36.92452599703052,100 174.99874100656925,-36.92451100414219,100 174.99873599404918,-36.924495996240395,100 174.9987309998848,-36.92448100335147,100 174.9987259990598,-36.924467002004945,100 174.99872000096315,-36.92445199627152,100 174.9987150000294,-36.92444099986222,100 174.9987089967963,-36.924427000967256,100 174.99870199631619,-36.924411998585995,100 174.9986950064073,-36.92439800277902,100 174.99868699687974,-36.92438399529264,100 174.9986800080749,-36.92436999856476,100 174.99867199785453,-36.924356007312305,100 174.99866300275448,-36.92434200199277,100 174.99865499321544,-36.92432799360285,100 174.9986459918581,-36.92431499513994,100 174.99863699606922,-36.92430100605321,100 174.99863700233323,-36.92429999919506,100 174.9986280009824,-36.92428700073054,100 174.99861900477683,-36.924272995425916,100 174.99861000343236,-36.92425999695978,100 174.99860000596743,-36.924245994987054,100 174.99859000109592,-36.924232998989524,100 174.99857999737353,-36.92422000387304,100 174.99856999210905,-36.92420699255818,100 174.9985590028611,-36.92419400140938,100 174.99854800688126,-36.924181999099545,100 174.99853600739564,-36.924170000159286,100 174.99852499349285,-36.92415799905016,100 174.99851899467546,-36.924151991902306,100 174.9985060034016,-36.9241410037862,100 174.99849300114258,-36.92412899287728,100 174.99847999414348,-36.92411800412154,100 174.9984660000477,-36.92410700223478,100 174.9984530032213,-36.92409700473541,100 174.9984389923253,-36.92408600402938,100 174.9984249982413,-36.92407500213736,100 174.99841200769274,-36.92406399777485,100 174.99839799680868,-36.92405299706357,100 174.99838500514565,-36.92404199271673,100 174.9983770060007,-36.92403500075684,100 174.99836500656525,-36.92402300179752,100 174.99835300161143,-36.924011995261786,100 174.99834100330548,-36.92399999628089,100 174.99832900390473,-36.923987998218436,100 174.99831700448428,-36.92397599925373,100 174.99830500621323,-36.92396400116969,100 174.99829300682387,-36.92395200310319,100 174.99825599747453,-36.923984001107655,100 174.99820899724585,-36.92402400494201,100 174.99779400176638,-36.92438000309216,100 174.9976989932289,-36.9244520066698,100 174.99758299985868,-36.92427100487371,100 174.99778000424251,-36.92402900441882,100 174.99779399878636,-36.92401099621418,100 174.997833991272,-36.92396300685355,100 174.9977380071543,-36.923937998244305,100 174.99760099607883,-36.92391699835896,100 174.99746100322838,-36.92388299763839,100 174.99742599303937,-36.92386699362846,100 174.99736699907876,-36.923822006134266,100 174.99735099405797,-36.923805991555604,100 174.99731600746267,-36.92378899658578,100 174.99730200289466,-36.923779993819565,100 174.9971810002344,-36.92373399517812,100 174.99690099950251,-36.92355900479172,100 174.99687699439033,-36.92353900393804,100 174.99686500823947,-36.9235250064144,100 174.99686200874868,-36.92350900108182,100 174.99686800816505,-36.923489004873,100 174.99688199446658,-36.92348100315463,100 174.99691999812936,-36.92348499582272,100 174.9969389965186,-36.92349200209129,100 174.99707699570973,-36.92352100681287,100 174.99712899864863,-36.923514999268576,100 174.99715999945235,-36.92351300332802,100 174.99717599162972,-36.92350499577794,100 174.99718199497863,-36.92349599535901,100 174.99719700615228,-36.92342100610442,100 174.99720299303297,-36.923405996988336,100 174.99720800389636,-36.92332600426982,100 174.9972019916286,-36.92329899606614,100 174.99721399423302,-36.923146005652406,100 174.99721799332494,-36.92312799709191,100 174.99724899525495,-36.92307399334343,100 174.99724799591144,-36.92305600035719,100 174.99722000476706,-36.923003006897225,100 174.99717199633903,-36.92294000497871,100 174.9971440046921,-36.92289000022115,100 174.9971340036758,-36.92286500230395,100 174.99712899268988,-36.92282400618662,100 174.9971330086198,-36.9228059973449,100 174.99714800114143,-36.9227830008528,100 174.99717099445172,-36.922761002725885,100 174.99724800225277,-36.92270599624557,100 174.9973060073391,-36.92263899668081,100 174.99734900092852,-36.92257800440268,100 174.99735600242386,-36.92258699698151,100 174.99763500224256,-36.92261400597296,100 174.99769099716994,-36.922590995587086,100 174.9977450014756,-36.92252199463513,100 174.99782299378322,-36.922340003158965,100 174.99781899414575,-36.92220499428064,100 174.99786800712775,-36.92195599461232,100 174.99823399751205,-36.92104799262671,100 174.99802900372666,-36.9207370033825,100 174.99776800698027,-36.920470999843864,100 174.99773800861593,-36.92040399617219,100 174.997695995777,-36.919931998412224,100 174.9976640009454,-36.91979699357115,100 174.9975470010149,-36.919641006949306,100 174.9974899926484,-36.91959700541654,100 174.99703599221044,-36.9194480043701,100 174.99656000000837,-36.9194799921514,100 174.99641699687436,-36.91937000056998,100 174.99639899879818,-36.91878499609917,100 174.99610599978934,-36.91836199266622,100 174.99609700577315,-36.91809199397197,100 174.99614600306768,-36.91781999657013,100 174.99619899673093,-36.917729006201604,100 174.9962819978119,-36.9176829955529,100 174.99639399218523,-36.91768099468479,100 174.9964789942286,-36.91770199359255,100 174.99664999814956,-36.917788004804386,100 174.9967619926272,-36.91778600268389,100 174.9969280068909,-36.917714998701655,100 174.99726600353765,-36.91775399271848,100 174.99761100538103,-36.9180179986357,100 174.99765299589356,-36.91799399270392,100 174.99768999622225,-36.91783600390317,100 174.9976249984427,-36.917544006679144,100 174.99756699879504,-36.91747799942144,100 174.99719500713724,-36.91721399480399,100 174.9969959927973,-36.917128005666484,100 174.99691199921696,-36.917128996346705,100 174.99671899452377,-36.91724599961826,100 174.99666300381847,-36.91726899322178,100 174.99652300898848,-36.91727200679421,100 174.99638400500586,-36.91731999292624,100 174.99627399443543,-36.9174120031871,100 174.99610700658624,-36.917438001692744,100 174.99538599402197,-36.91776699733702,100 174.99530399457197,-36.917836002577154,100 174.99498699924467,-36.91849600456385,100 174.99496000507767,-36.91851900503883,100 174.99487600580588,-36.9185210011472,100 174.99435400120578,-36.91798899623794,100 174.9942960046454,-36.91790000319649,100 174.9942309961092,-36.9176089955599,100 174.99422799533394,-36.91749599202181,100 174.9942859947736,-36.91661600589016,100 174.99410900067764,-36.91632600629028,100 174.99413099227382,-36.91614599211754,100 174.99418599903493,-36.91610000417846,100 174.9947140071177,-36.91593200036211,100 174.99515300280854,-36.91558500129344,100 174.99531199223424,-36.91524399642893,100 174.99539299724137,-36.915130001373534,100 174.9958849939804,-36.91471499358919,100 174.9960239916662,-36.913720995873774,100 174.9961580013863,-36.91349299683227,100 174.99627200820208,-36.91355800300266,100 174.99633100574164,-36.91364699184049,100 174.99640099539968,-36.91409699454883,100 174.99677400163714,-36.91440499824136,100 174.9968620051361,-36.91451600186894,100 174.99712600591977,-36.91491700311363,100 174.99718799420515,-36.915095996576646,100 174.99708500130586,-36.915413995567675,100 174.99705999512744,-36.91552700584736,100 174.99708100190819,-36.916224999325244,100 174.99694499473182,-36.916384999964734,100 174.99691900576866,-36.91643099691218,100 174.99692299183596,-36.91658799795455,100 174.99704099597145,-36.916789004701016,100 174.99721300027898,-36.916920994440424,100 174.9972700069888,-36.91694199766302,100 174.9979460010297,-36.917019005849724,100 174.99810999123193,-36.916857993362,100 174.99850999868954,-36.91518399631894,100 174.99834500055786,-36.91437499476387,100 174.99805099226768,-36.913907998579276,100 174.99812499269532,-36.91359099762398,100 174.99837400838084,-36.913450996552264,100 174.9984009986706,-36.913427996286345,100 174.99848000018366,-36.913245999909506,100 174.99804799269398,-36.91284899834112,100 174.99801699958044,-36.912781006413276,100 174.99795300761224,-36.91251200603912,100 174.99777699578374,-36.912244993798566,100 174.99776499980524,-36.911839997114704,100 174.99745999505953,-36.911332007198816,100 174.99705699200783,-36.91084100009456,100 174.99650900171443,-36.91017399908845,100 174.99598599704606,-36.908674000384366,100 174.99525799877276,-36.9077190064073,100 174.99506000784925,-36.90769999383707,100 174.9950029922912,-36.90767900579775,100 174.9948879924275,-36.90759100102315,100 174.99476799301144,-36.90730000022583,100 174.9947389921302,-36.907277999816685,100 174.99467900153098,-36.90726299756924,100 174.99431499359738,-36.90717299581081,100 174.99405699517396,-36.90697600474982,100 174.99358899858692,-36.9063530059282,100 174.99293600169415,-36.90609499764481,100 174.9926490011934,-36.90585199721067,100 174.99217499737358,-36.90502799788969,100 174.9921719935023,-36.904916000851266,100 174.99227299968885,-36.90478700540449,100 174.99233299183368,-36.904709997444016,100 174.9923580026641,-36.904597004079946,100 174.99235399600886,-36.90446199644436,100 174.99229700259446,-36.90441800630007,100 174.99195899865765,-36.90437900007101,100 174.99181899852186,-36.90438100112409,100 174.9916520065453,-36.90445200155834,100 174.99159600148664,-36.904453000226056,100 174.99136800721834,-36.904299993663855,100 174.99138799576264,-36.904028996805465,100 174.99174699353503,-36.90381899716474,100 174.9918289975579,-36.90374999341623,100 174.99196199832784,-36.903545000827705,100 174.99192900150086,-36.90330999565156,100 174.991340992423,-36.903399006117766,100 174.9910000078484,-36.90327099907459,100 174.99074800123128,-36.903274996349765,100 174.99069300273285,-36.90332099877374,100 174.99064100199203,-36.90345700657674,100 174.99064299527834,-36.90352999325794,100 174.99064900077215,-36.903728000240086,100 174.9906219981916,-36.903772991699,100 174.99051300355424,-36.90386499403087,100 174.99034500224843,-36.903868995751644,100 174.99017300713487,-36.903782003554085,100 174.99011700253774,-36.90378300241109,100 174.9900620061816,-36.90380600502169,100 174.99003399648373,-36.90382900697317,100 174.9900740058466,-36.904188992695616,100 174.99030599412848,-36.90445500260012,100 174.9909720070284,-36.904664000087,100 174.9908189938141,-36.90473900025046,100 174.99073499555905,-36.90476300126797,100 174.9903989999544,-36.904769006841306,100 174.99011700049158,-36.90472899727782,100 174.98997600578411,-36.904686999427625,100 174.98957200079843,-36.904312002552935,100 174.98941899872798,-36.90388599521302,100 174.98944599540147,-36.90287199423365,100 174.98920899930675,-36.90249300036113,100 174.9884960006296,-36.90207800457922,100 174.98840999691316,-36.90201199622722,100 174.98823499354776,-36.90181300482532,100 174.98820499241185,-36.90174599839933,100 174.9881969983737,-36.90145299712706,100 174.98762800769498,-36.90024700592017,100 174.98727700148493,-36.899779994283115,100 174.98716200231976,-36.89967000599966,100 174.9866460018162,-36.89929699559266,100 174.98663300470815,-36.89882300537753,100 174.9870049999317,-36.898139992962875,100 174.9879519922948,-36.89600400464647,100 174.9881240080663,-36.8951899951095,100 174.9882290020223,-36.89430800224249,100 174.9883280008434,-36.89354100627701,100 174.98831500409779,-36.89311299790263,100 174.9883969992069,-36.89304399757666,100 174.98842499203388,-36.89304300259722,100 174.98801171718196,-36.89244984590747,100 174.98864285527014,-36.89182456008429,100 174.98871743284064,-36.89130324230763,100 174.9887554793799,-36.89102215656223,100 174.98840528861754,-36.8914272846283,100 174.98756313847136,-36.89162844475837,100 174.98689888412272,-36.8912994634259,100 174.98666787543357,-36.89132744458059,100 174.98549194663553,-36.890760615597436,100 174.98524088533696,-36.89018462254381,100 174.98590898562423,-36.88927492782862,100 174.9857047721632,-36.889059602717055,100 174.98547335558794,-36.88846734463806,100 174.98526954304012,-36.88816929181208,100 174.98421248130762,-36.88788562983977,100 174.98633659657716,-36.887503328333445,100 174.98649387895958,-36.88803595569369,100 174.98760687175277,-36.88795095776459,100 174.98737099462167,-36.887674993597926,100 174.98720700454285,-36.887432991719635,100 174.98672400539775,-36.88671999814226,100 174.98653600279005,-36.88607899596235,100 174.98604599433503,-36.88562899821645,100 174.98559599198046,-36.885591999244724,100 174.98519700088855,-36.88535199713519,100 174.9849410001057,-36.88524499612532,100 174.98488499204444,-36.88524599239712,100 174.98465700689357,-36.88513700572909,100 174.98457748537805,-36.88496563830459,100 174.98457008609566,-36.88495950143847,100 174.98456329204976,-36.8849527325578,100 174.98455703398136,-36.88494543016102,100 174.9845511812017,-36.884937746950015,100 174.98454559869919,-36.88492984200806,100 174.9845402041276,-36.88492187173587,100 174.9845348623373,-36.88491394654832,100 174.98453283570313,-36.884911335968766,100 174.9845272124602,-36.88490385081471,100 174.98452177784975,-36.884896284095184,100 174.98451646163508,-36.88488865320718,100 174.98451123208469,-36.884880989325275,100 174.98450868870898,-36.88487727155883,100 174.98450349357785,-36.88486959358192,100 174.98449839964425,-36.884861880565715,100 174.98449334010604,-36.88485415255374,100 174.98448831452004,-36.88484639242854,100 174.9844833072761,-36.88483864731891,100 174.98447826416748,-36.884830903709506,100 174.98447318739062,-36.884823159761034,100 174.9844729543588,-36.88482286982766,100 174.9844673126961,-36.884815322787965,100 174.98446162023706,-36.88480780724106,100 174.98445596173028,-36.88480025958088,100 174.98445049197056,-36.88479267812275,100 174.98444529610293,-36.88478501457627,100 174.98444049438973,-36.884777233584,100 174.98443622365977,-36.88476928959741,100 174.98443309013751,-36.88476240908374,100 174.98442979564726,-36.8847541216133,100 174.9844269461551,-36.884745687006024,100 174.98442450808298,-36.88473715178961,100 174.98442237976792,-36.88472853298465,100 174.98442050821598,-36.88471986392354,100 174.98441887886852,-36.88471118901362,100 174.98441883176082,-36.88471075627142,100 174.98441787405142,-36.88470197730664,100 174.98441700267682,-36.88469319599826,100 174.98441568441424,-36.88468453211496,100 174.98441343978126,-36.88467610092235,100 174.98441077386207,-36.88467046631586,100 174.98440614170372,-36.884662559911554,100 174.9844010641529,-36.884654785328,100 174.98439827304043,-36.88465025240842,100 174.9843959311158,-36.88464690441548,100 174.98439353762913,-36.88464295160484,100 174.984388897519,-36.88463478124935,100 174.98438470352824,-36.88462646373838,100 174.98438109287972,-36.88461801210186,100 174.98437833255517,-36.884609684160516,100 174.98437609635548,-36.884600928355226,100 174.98437425517184,-36.88459208843859,100 174.98437256750026,-36.884583197286844,100 174.9843708114625,-36.884574309079724,100 174.98436921101074,-36.8845684836222,100 174.98436671655668,-36.88455976367662,100 174.98436410137464,-36.88455106106997,100 174.98436138231088,-36.88454237642214,100 174.98435852681786,-36.884533709375525,100 174.98435563622957,-36.88452507355955,100 174.98435264358295,-36.88451643944837,100 174.98434963341236,-36.88450782185339,100 174.98434660529807,-36.88449920455805,100 174.98434464383263,-36.88449343290012,100 174.98434166803486,-36.88448479940844,100 174.98433865672206,-36.88447618093086,100 174.98433837810285,-36.88447547355177,100 174.98433564829134,-36.88446641684248,100 174.98433258586894,-36.88445656082118,100 174.98432942035816,-36.88444675338987,100 174.98432773301533,-36.88444147197057,100 174.9843244628074,-36.884431650965794,100 174.9843211081806,-36.88442186291687,100 174.9843176851183,-36.8844120751097,100 174.9843141414431,-36.88440235240878,100 174.98431049570993,-36.88439263141255,100 174.98430674492747,-36.884382926591925,100 174.9843028754021,-36.88437327242534,100 174.9842991231898,-36.884364682546426,100 174.9842948418291,-36.884355112771516,100 174.98429078244038,-36.884345492420486,100 174.98428710313533,-36.8843358179509,100 174.98428666676304,-36.88433447778461,100 174.98428382865802,-36.88432461801463,100 174.98428145468276,-36.88431465675553,100 174.9842793381713,-36.88430462900535,100 174.98427853350432,-36.884300677592364,100 174.98427732828065,-36.88429594602839,100 174.98427530832507,-36.88428813117925,100 174.98427506053102,-36.88428731422678,100 174.98427262915877,-36.884279599986016,100 174.9842701118495,-36.884271903404255,100 174.98426754178243,-36.8842642059011,100 174.9842649549164,-36.88425650957978,100 174.9842623516245,-36.88424882885501,100 174.98425976590443,-36.884241133415706,100 174.98425862619,-36.884237545418536,100 174.98425624596823,-36.88422981319806,100 174.98425386619007,-36.88422209809497,100 174.9842515039137,-36.88421436557463,100 174.98424910577242,-36.88420663455461,100 174.98424665758287,-36.884198920594066,100 174.98424414027917,-36.88419122401151,100 174.98424151865103,-36.88418352827019,100 174.98424017057258,-36.8841798662408,100 174.9842372403123,-36.88417225406857,100 174.98423422448832,-36.88416467396996,100 174.98423113985558,-36.8841570796984,100 174.9842280560164,-36.88414951605796,100 174.98422497178143,-36.884141937101795,100 174.98422193953357,-36.8841343725994,100 174.98421897411342,-36.88412674569168,100 174.98421865601657,-36.884125900170204,100 174.98421585566228,-36.884117974876084,100 174.98421405890974,-36.88411189041409,100 174.98421151939004,-36.88410281520028,100 174.984209100972,-36.88409373706223,100 174.98420676769913,-36.884084610633856,100 174.98420446888872,-36.88407551517555,100 174.9842021360368,-36.884066404963555,100 174.9841997688148,-36.884057310647854,100 174.98419724763966,-36.88404825044943,100 174.98419458739653,-36.88403919257386,100 174.9841917231962,-36.88403023093975,100 174.98419043828218,-36.88402697164064,100 174.98418683335962,-36.88401813233865,100 174.98418305805794,-36.884009342750474,100 174.98417917927193,-36.88400058643648,100 174.98417524847716,-36.88399181476752,100 174.98417137160743,-36.88398308906571,100 174.98416757794533,-36.883974283560086,100 174.98416397454608,-36.883965459554055,100 174.9841605931409,-36.883956585873165,100 174.98415888267724,-36.88395110384525,100 174.98415858138137,-36.88395025714164,100 174.98415579395245,-36.883941573629656,100 174.98415317842205,-36.88393285570056,100 174.98415069962655,-36.88392408861945,100 174.98414827354304,-36.883915320657806,100 174.98414584633866,-36.88390655271482,100 174.9841433847642,-36.883897800668095,100 174.98414078638834,-36.8838890518076,100 174.98413988124503,-36.88388641978412,100 174.98413676834286,-36.88387781922046,100 174.9841335163731,-36.88386922097955,100 174.98413019680768,-36.88386065541336,100 174.98412680731244,-36.88385207569284,100 174.9841233838438,-36.88384352718416,100 174.98411994355322,-36.88383497895632,100 174.98411653805383,-36.88382643104856,100 174.98411318258044,-36.883817865180255,100 174.98410989739037,-36.883809283716964,100 174.98410671496097,-36.883800684313634,100 174.98410370405674,-36.88379203607854,100 174.98410347430172,-36.883791265692324,100 174.98410082401608,-36.88378254834223,100 174.98409902175283,-36.883776293622766,100 174.9840987246104,-36.88377374337706,100 174.98409769340924,-36.88376481061035,100 174.98409676536465,-36.883755875219315,100 174.98409585376996,-36.88374692513256,100 174.9840949605162,-36.883737990061704,100 174.98409403207597,-36.88372903935497,100 174.9840930528624,-36.883720121042046,100 174.98409200371864,-36.883711188574885,100 174.9840913082067,-36.88370677206447,100 174.9840898460401,-36.88369787804161,100 174.98408834910688,-36.88368898459942,100 174.98408688500336,-36.88368005906307,100 174.9840854927683,-36.88367117919432,100 174.9840842365657,-36.88366226640896,100 174.98408315417504,-36.88365334981916,100 174.98408291990395,-36.883649977431475,100 174.9840824584135,-36.88364103424748,100 174.98408223762925,-36.88363207081953,100 174.98408215591297,-36.883623105068764,100 174.9840821433343,-36.88361412284098,100 174.9840821812238,-36.88360513977025,100 174.98408218584103,-36.88359617167616,100 174.98408212595666,-36.883591603944915,100 174.98408082004843,-36.88358701286133,100 174.98407796237095,-36.88357769509776,100 174.98407488202363,-36.88356844414485,100 174.98407145895789,-36.88355926020501,100 174.98406786329423,-36.88355012691719,100 174.98406407888842,-36.88354102742617,100 174.98406012340274,-36.883531993884006,100 174.98405597917505,-36.8835229941386,100 174.98405168066694,-36.88351405916012,100 174.98404724540296,-36.883505172432315,100 174.98404262144376,-36.88349632130304,100 174.98403924369657,-36.8834906219642,100 174.98403396887727,-36.88348198359836,100 174.98402874525243,-36.883473329054965,100 174.98402388224522,-36.88346460539668,100 174.9840196720152,-36.88345569958694,100 174.98401956130206,-36.883455453576296,100 174.98401668923998,-36.88344622978724,100 174.9840145211921,-36.88343685273429,100 174.9840127817325,-36.883427345043806,100 174.98401144503396,-36.88341922314769,100 174.98401140881458,-36.883417953809264,100 174.9840111127412,-36.88340933233276,100 174.98401043698613,-36.88340078028923,100 174.9840089697199,-36.883394116186636,100 174.98400677718493,-36.88338570033705,100 174.98400441315025,-36.8833773342198,100 174.9840020322468,-36.88336896658161,100 174.98399982373022,-36.88336058344587,100 174.98399795977687,-36.88335216120684,100 174.98399753779162,-36.883344006908224,100 174.98399760396853,-36.88333537938135,100 174.98399801554754,-36.88332674518432,100 174.9839986173636,-36.883318091586425,100 174.98399921847778,-36.88330945422381,100 174.98399961405002,-36.88330085183988,100 174.98399964783846,-36.88329231678735,100 174.9839991483221,-36.883283854634826,100 174.98399790879122,-36.8832754985779,100 174.98399756352285,-36.88327429659138,100 174.9839946362017,-36.8832661886427,100 174.9839911075375,-36.88325816915122,100 174.98398713036116,-36.88325020401856,100 174.98398289453667,-36.88324225942913,100 174.98397862544084,-36.883234329816155,100 174.98397447515828,-36.8832263522519,100 174.9839706163104,-36.88321827698533,100 174.98396820534228,-36.883211305073544,100 174.98396558497979,-36.883203005426516,100 174.98396316973978,-36.883194654584216,100 174.98396080573997,-36.883186289366456,100 174.98395842487145,-36.88317792262774,100 174.9839559416641,-36.883169590045256,100 174.98395321700428,-36.883161292139775,100 174.98395022984587,-36.88315468676877,100 174.9839463538531,-36.883146642432074,100 174.98394235867588,-36.88313863163155,100 174.98393846665496,-36.88313061820673,100 174.98393478129776,-36.88312256978442,100 174.98393152613636,-36.88311445288824,100 174.98392885505268,-36.883106230698495,100 174.98392800876726,-36.88310257740886,100 174.98392649060338,-36.88309416291275,100 174.983925453408,-36.883085647549116,100 174.98392481208398,-36.883077081409866,100 174.98392449805598,-36.88306845933112,100 174.98392441438116,-36.883062451705925,100 174.9839244582657,-36.8830597254166,100 174.9839246868093,-36.88305073825949,100 174.98392471622375,-36.883042033833625,100 174.98392489439053,-36.88303309438587,100 174.98392515888997,-36.88302415259495,100 174.98392547462896,-36.88301519642864,100 174.98392575590435,-36.88300625255489,100 174.98392596846475,-36.88299729811175,100 174.98392615175203,-36.88298916344677,100 174.98392634707014,-36.88298019306803,100 174.9839264552838,-36.88297123856494,100 174.98392640877643,-36.88296228844847,100 174.98392620635647,-36.8829533400346,100 174.98392574451918,-36.88294438243364,100 174.98392502475681,-36.88293547330441,100 174.98392449322938,-36.882930759325745,100 174.98392329016863,-36.88292186097202,100 174.983915707021,-36.88291411559138,100 174.98391405545067,-36.88290527159612,100 174.9839122139734,-36.88289641635153,100 174.9839102861408,-36.8828875625491,100 174.98390828994118,-36.882878754953836,100 174.98390813172972,-36.88287806088477,100 174.98390546055768,-36.88287039840802,100 174.98390369045077,-36.882866511785586,100 174.9838998256822,-36.882858250044,100 174.98389635904834,-36.88284998165308,100 174.98389382504024,-36.88284167966027,100 174.98389277627672,-36.88283336728352,100 174.9838928980896,-36.882830964163645,100 174.98389428350683,-36.88282254443727,100 174.98389686143167,-36.882814118314606,100 174.9839000278165,-36.882805713008594,100 174.9839001385842,-36.88280535424056,100 174.9839030842817,-36.882797092322924,100 174.98390632619063,-36.88278891739167,100 174.98390974120676,-36.882780754891506,100 174.98391319138514,-36.88277260712624,100 174.98391648446153,-36.88276441511661,100 174.98391953412687,-36.882756182106675,100 174.98392095464777,-36.882751416599156,100 174.98392323955008,-36.88274302691546,100 174.9839252641958,-36.88273459561159,100 174.98392713215952,-36.882726136279935,100 174.98392889615192,-36.88271764804021,100 174.98393057297227,-36.882709129710506,100 174.983932232268,-36.882700627897016,100 174.98393349394144,-36.882693929933154,100 174.98393508480163,-36.88268542836126,100 174.9839353576315,-36.8826840916709,100 174.98393777319143,-36.882676025177105,100 174.98394091006682,-36.8826665667333,100 174.98394359173918,-36.8826599820525,100 174.98394780640857,-36.882650766987474,100 174.98395231728853,-36.88264163890866,100 174.9839570016713,-36.88263253857643,100 174.98396170404368,-36.882623439746176,100 174.98396626765432,-36.88261431168746,100 174.9839705511266,-36.88260511079477,100 174.98397343552426,-36.88259773228004,100 174.98397686701827,-36.8825882995592,100 174.98398005353715,-36.882578808739424,100 174.98398301458948,-36.88256927661978,100 174.983985801741,-36.88255970143775,100 174.98398841534157,-36.882550096707114,100 174.98399092459775,-36.882540448653714,100 174.9839932947874,-36.88253080292289,100 174.98399521761573,-36.88252424713839,100 174.9839979856079,-36.882514625408,100 174.98400056325002,-36.882504975310916,100 174.98400289939622,-36.88249531482622,100 174.984004939795,-36.882485628636466,100 174.98400587312284,-36.88248016013249,100 174.9840063856643,-36.88247629397222,100 174.98400715386668,-36.88246743660258,100 174.98400748801916,-36.88246092627893,100 174.98400756309124,-36.88245203542033,100 174.98400727662124,-36.88244313437653,100 174.98400667611094,-36.8824341944136,100 174.98400583678946,-36.88242530440594,100 174.9840048052958,-36.882416402285635,100 174.98400445137528,-36.88241365199559,100 174.98400317997252,-36.882404800750166,100 174.98400168466702,-36.8823959685665,100 174.9840000518608,-36.88238715580414,100 174.9839983311585,-36.8823783282862,100 174.98399661199787,-36.88236951696603,100 174.9839949787732,-36.882360687986996,100 174.98399351865584,-36.882351871439,100 174.9839922820221,-36.88234301961264,100 174.98399224973608,-36.882342509109996,100 174.9839915139918,-36.88233363269443,100 174.98399096736097,-36.882324736896805,100 174.9839905418752,-36.88231583997716,100 174.98399020190536,-36.88230690918215,100 174.98398986235532,-36.88229799460366,100 174.98398976308363,-36.88229571955657,100 174.98398948684994,-36.88228903465895,100 174.98398895482396,-36.88228187363605,100 174.98398825032427,-36.882272903863765,100 174.98398751217994,-36.88226393465339,100 174.98398678973672,-36.88225496518075,100 174.98398606841528,-36.88224599568937,100 174.98398539826306,-36.88223700911979,100 174.98398481640376,-36.88222805262139,100 174.98398431938185,-36.88221907938381,100 174.9839840996221,-36.88221501004131,100 174.9839836717134,-36.88220601942586,100 174.98398333015987,-36.882197027368136,100 174.98398309218038,-36.88218804890281,100 174.98398297492596,-36.88217905309896,100 174.98398297916603,-36.88217006968687,100 174.9839831733583,-36.88216109932586,100 174.98398345095177,-36.88215626187375,100 174.98398416325077,-36.88214728195827,100 174.9839850497542,-36.88213831355423,100 174.9839860742012,-36.88212934284631,100 174.98398713268915,-36.88212038689209,100 174.98398817398146,-36.882111416804115,100 174.98398909564688,-36.882102463135,100 174.98398989469635,-36.88209349709281,100 174.9839904530211,-36.8820845503933,100 174.9839906819557,-36.88207557855062,100 174.9839905893211,-36.88207108887771,100 174.9839901622293,-36.88206212979426,100 174.98398950932133,-36.88205315916001,100 174.98398866727774,-36.882044207006835,100 174.98398761736203,-36.88203524300316,100 174.98398642994607,-36.88202629842079,100 174.98398517407284,-36.882017353179094,100 174.983983796004,-36.88200841178084,100 174.98398238426745,-36.88199947004353,100 174.98398238025703,-36.881999315085466,100 174.98398155345203,-36.88199030138866,100 174.98398072774546,-36.8819812867722,100 174.98397991697055,-36.88197224216314,100 174.9839790733206,-36.8819632278463,100 174.98397816128326,-36.88195421557291,100 174.98397717856898,-36.8819452035786,100 174.98397607629846,-36.88193621070588,100 174.98397485367673,-36.88192724958635,100 174.98397344196647,-36.88191830874967,100 174.9839718587362,-36.88190941674431,100 174.98397008564584,-36.88190055855429,100 174.983968073091,-36.881891768356525,100 174.9839657671027,-36.88188299838165,100 174.98396320520087,-36.88187431109461,100 174.9839602979718,-36.88186567644294,100 174.9839585256771,-36.88185988358957,100 174.9839556144622,-36.881851094880574,100 174.98395242973984,-36.88184240267284,100 174.9839489180307,-36.88183377811631,100 174.98394504732238,-36.881825284837234,100 174.98394080004417,-36.881816937549935,100 174.98393610857806,-36.881808768028144,100 174.98393099170735,-36.88180080840524,100 174.98392537996745,-36.88179310580798,100 174.98392000775058,-36.881787721882226,100 174.9839124174714,-36.88178095363614,100 174.98390455525006,-36.88177429898949,100 174.98389675989975,-36.88176762700197,100 174.98388947936988,-36.88176077516748,100 174.9838830008408,-36.88175356834273,100 174.98387773410784,-36.88174584375771,100 174.98387613506685,-36.88173881141418,100 174.9838738659222,-36.88172951355632,100 174.98386925275744,-36.881722288196606,100 174.98386344448105,-36.881719823678324,100 174.98385227925044,-36.8817179839998,100 174.9838403948527,-36.8817164050916,100 174.9838321629,-36.881713195106556,100 174.9838227749821,-36.881708194598055,100 174.983814100853,-36.881702205150106,100 174.98380630304905,-36.88169539439582,100 174.98379945324243,-36.881687930584484,100 174.98379362887349,-36.881680031440965,100 174.98379278792032,-36.88167840420184,100 174.98378934537317,-36.88166976316283,100 174.98378646419334,-36.881660833343375,100 174.98378303926276,-36.881652222654424,100 174.98377796240717,-36.88164446424926,100 174.9837757419391,-36.881642336387145,100 174.98376770221927,-36.88163614886901,100 174.98375860990137,-36.88163064769911,100 174.98375681710232,-36.88162961138989,100 174.98374731409385,-36.88162484533473,100 174.98373745999262,-36.88162047270446,100 174.98372773989294,-36.8816159887773,100 174.9837185395874,-36.88161095358146,100 174.98371231615417,-36.88160662306915,100 174.98370437521373,-36.881600263549736,100 174.98369695768108,-36.88159349240449,100 174.98369662108954,-36.88159318887637,100 174.98368958010514,-36.88158627083853,100 174.98368306565487,-36.88157901863537,100 174.98367695818015,-36.88157149465109,100 174.98367119132178,-36.881563779309054,100 174.9836656107552,-36.881555935573985,100 174.98366019942247,-36.881547997980505,100 174.98365480519547,-36.88154002765399,100 174.9836493441675,-36.881532120632976,100 174.98364873498997,-36.88153134216035,100 174.98364262712622,-36.88152380285842,100 174.98363655211566,-36.881516232363055,100 174.9836305637895,-36.88150862977537,100 174.98362472820125,-36.881500946223056,100 174.98361914967234,-36.88149318086543,100 174.98361387818238,-36.881485270677686,100 174.98361238897735,-36.88148274213753,100 174.98360778546314,-36.88147458735654,100 174.98360343667426,-36.88146630394134,100 174.98359924143892,-36.881457971093845,100 174.983594977794,-36.88144963938849,100 174.98359059424206,-36.88144135655322,100 174.98358786953523,-36.881437301997586,100 174.98358239018182,-36.881429379956955,100 174.9835769971605,-36.88142145557315,100 174.98357213659608,-36.881413382595355,100 174.98356816678535,-36.88140504598251,100 174.98356581393926,-36.88140070671269,100 174.98356214889304,-36.88139157366174,100 174.98356238134284,-36.8813832993725,100 174.98356252890437,-36.88138301840419,100 174.9837662426283,-36.88139127058131,100 174.98377569323506,-36.88139297216009,100 174.9837804027305,-36.881393862420104,100 174.98379126719541,-36.88139604782348,100 174.98380211492946,-36.88139828037326,100 174.98381299381643,-36.881400372699005,100 174.98382393351406,-36.88140217018157,100 174.9838330875541,-36.88140316377334,100 174.98384419202108,-36.881404044575504,100 174.98385535654978,-36.88140464496791,100 174.98386655146146,-36.88140507540586,100 174.98387774474122,-36.88140544277841,100 174.98388895526296,-36.88140582608549,100 174.98390015297267,-36.88140636463055,100 174.98390297801805,-36.88140662209276,100 174.98391410210607,-36.88140761071771,100 174.9839251950422,-36.881408739564684,100 174.9839362910819,-36.88140994497004,100 174.98394735559677,-36.881411276182696,100 174.98395840527155,-36.88141268425342,100 174.98396945695185,-36.88141416980214,100 174.98398045860645,-36.881415716573,100 174.98399147988394,-36.881417327909304,100 174.9840024843839,-36.88141898459023,100 174.9840058346689,-36.881419464913975,100 174.9840168391694,-36.881421121593554,100 174.98402781123832,-36.8814228256818,100 174.9840387833987,-36.88142457663555,100 174.98404975826648,-36.88142638883203,100 174.9840606983688,-36.881428201608145,100 174.9840716572081,-36.88143004471479,100 174.98408259852386,-36.881431904336644,100 174.98409355734077,-36.88143374654032,100 174.98410237522728,-36.881435103545215,100 174.984113364122,-36.88143680734448,100 174.98412435259743,-36.88143849492615,100 174.98413534188947,-36.88144021403897,100 174.98414629833024,-36.88144196434395,100 174.98415727168475,-36.88144376123345,100 174.98416821412567,-36.881445620828565,100 174.9841791410018,-36.8814475726161,100 174.98419003514113,-36.88144960336329,100 174.98419052281653,-36.88144971869687,100 174.98420126575195,-36.8814524964494,100 174.98421197627735,-36.881455365774464,100 174.9842227183748,-36.88145811109192,100 174.9842335204654,-36.88146053003394,100 174.9842443762507,-36.881462422615215,100 174.98425538324045,-36.881463568189005,100 174.98425735800095,-36.881463701945385,100 174.98426855089303,-36.881464053965146,100 174.98427973835643,-36.881463632751846,100 174.98429028670427,-36.88146201355855,100 174.98430124688227,-36.881459660129146,100 174.98431217943158,-36.88145753969785,100 174.9843230727217,-36.88145650329415,100 174.98432599775157,-36.88145663559681,100 174.98433694267604,-36.8814579840929,100 174.98434786197006,-36.88146029290964,100 174.98435865806272,-36.881463130147516,100 174.98436856350529,-36.88146562804813,100 174.98437912209516,-36.88146860895434,100 174.9843896327356,-36.88147173126472,100 174.98440012653126,-36.88147485295422,100 174.9844062438991,-36.881476645314706,100 174.98441682447006,-36.8814797817767,100 174.98442743745036,-36.88148286992698,100 174.98443806520353,-36.88148583525157,100 174.98444875420626,-36.8814885661131,100 174.98445950513894,-36.88149100211254,100 174.98447033167318,-36.88149306460764,100 174.98448124783246,-36.88149464520711,100 174.98448578829934,-36.88149507318747,100 174.98449686882358,-36.88149572179066,100 174.98450802303427,-36.881495966276944,100 174.98451922165,-36.88149593241735,100 174.9845304689853,-36.88149578688186,100 174.9845417166723,-36.88149561159624,100 174.98455296685276,-36.88149557597071,100 174.98456063149774,-36.88149585441387,100 174.98457179282386,-36.88149633041156,100 174.98458297531232,-36.881496930435205,100 174.98459412464425,-36.88149759320201,100 174.98460527719487,-36.881498380294566,100 174.9846164160274,-36.881499244226454,100 174.9846275565608,-36.88150021718722,100 174.98463864861017,-36.88150126756815,100 174.98464497363082,-36.88150184959501,100 174.98465604894966,-36.88150294712187,100 174.98466714351676,-36.881504138062176,100 174.98467822476243,-36.88150542115747,100 174.98468929009385,-36.88150678293144,100 174.98470034018948,-36.88150820624791,100 174.98471137467604,-36.881509676692154,100 174.9847223928053,-36.88151120869763,100 174.98473341408575,-36.88151281906327,100 174.98474443536657,-36.88151442942787,100 174.9847554230714,-36.88151608631915,100 174.98476264194244,-36.88151713109883,100 174.98477366399413,-36.881518771191004,100 174.9847846517234,-36.88152042898046,100 174.98479564101592,-36.881522147130426,100 174.9848065963826,-36.88152389829333,100 174.98481757046324,-36.8815256788857,100 174.98482852898167,-36.88152750840773,100 174.9848394863091,-36.881529335244714,100 174.98485042723465,-36.88153117857828,100 174.98486137049508,-36.88153306873986,100 174.98486772626939,-36.881534145059234,100 174.98487866801258,-36.881536019922315,100 174.98488961127435,-36.88153791008125,100 174.98490053738593,-36.88153983117021,100 174.9849114638946,-36.88154176757376,100 174.98492239124351,-36.88154373640936,100 174.98492470026827,-36.881544126850024,100 174.9849333585376,-36.88154590466696,100 174.98494434496567,-36.881548118570535,100 174.98495533108934,-36.881550364023965,100 174.98495787388572,-36.881551029963354,100 174.9849688303066,-36.88155403481349,100 174.98497980548854,-36.88155707089492,100 174.98499075871513,-36.88155995231714,100 174.985001755506,-36.8815625229603,100 174.9850127204019,-36.88156459841579,100 174.98502373574448,-36.88156602228266,100 174.98503476077207,-36.881566563605766,100 174.98504188093338,-36.88156652574386,100 174.98505318266587,-36.881565837563365,100 174.98506442779302,-36.881564393228686,100 174.98507560142858,-36.88156226779719,100 174.98508658560306,-36.88155954165406,100 174.98509731281376,-36.881556294341216,100 174.98510761345455,-36.881553255147516,100 174.98511803327858,-36.881549532572144,100 174.9851281269348,-36.88154525933922,100 174.98513780690058,-36.88154043510878,100 174.98514700520857,-36.88153507814162,100 174.9851517955259,-36.88153215626453,100 174.98515360934005,-36.88153088395061,100 174.98516037864212,-36.881526439139215,100 174.98516848481475,-36.88152032800014,100 174.98517614736,-36.88151385293509,100 174.98517909747383,-36.88151122769526,100 174.98518612688383,-36.88150439277248,100 174.98519280478823,-36.881497285219176,100 174.98519925176572,-36.88149001207872,100 174.98520566507418,-36.88148273859927,100 174.9852122179336,-36.88147552497762,100 174.98521379960656,-36.881474040228255,100 174.98522105834934,-36.881467309627894,100 174.98522847544834,-36.88146071518216,100 174.9852359632912,-36.88145416642173,100 174.98524353825684,-36.88144764594804,100 174.98525107847857,-36.881441126955814,100 174.98525856589762,-36.881434561977535,100 174.98526591338998,-36.881427922726054,100 174.98527043716578,-36.88142350371906,100 174.98527734261657,-36.88141656180429,100 174.98528414293,-36.88140954593633,100 174.9852908731986,-36.881402468146995,100 174.9852975320194,-36.88139536090688,100 174.98530417474154,-36.88138823861322,100 174.98531078078182,-36.88138108628773,100 174.9853174051612,-36.88137394897766,100 174.98532408231742,-36.88136685675191,100 174.9853260141854,-36.881364901073304,100 174.98533065272628,-36.88136027825295,100 174.98533295079883,-36.88135781983308,100 174.98533988141475,-36.88135050705644,100 174.98534684635197,-36.88134317658097,100 174.98535382782856,-36.881335878275756,100 174.98536077638425,-36.881328565198125,100 174.98536772339713,-36.88132123592231,100 174.98537461690586,-36.88131387689584,100 174.98538144312445,-36.881306518993604,100 174.98538821310748,-36.881299069196096,100 174.98539486269414,-36.881291606088176,100 174.98539551437165,-36.88129081917007,100 174.98540177738212,-36.88128311556423,100 174.9854079344838,-36.88127535153786,100 174.98541402046587,-36.88126752741087,100 174.98542008850305,-36.881259703583495,100 174.9854261404183,-36.881251863801715,100 174.98543221076451,-36.88124408590187,100 174.98543840152777,-36.881236322212665,100 174.98544470008878,-36.88122864865491,100 174.985451155396,-36.881221049088246,100 174.98545780499327,-36.881213586878005,100 174.98546245830946,-36.88120888539186,100 174.98546975743895,-36.881201766539036,100 174.9854771629631,-36.88119477028803,100 174.98548467315675,-36.88118778670809,100 174.9854921658254,-36.881180819644136,100 174.98549962442834,-36.88117383692557,100 174.9855012563724,-36.881172257596155,100 174.98550677328896,-36.88116693779742,100 174.98551367944384,-36.88115998143651,100 174.98551761754197,-36.88115564972195,100 174.98552399565375,-36.88114836239305,100 174.9855302342125,-36.88114101520606,100 174.98553640011025,-36.88113359172072,100 174.98554251554037,-36.881126169078605,100 174.9855486126523,-36.88111873232144,100 174.9855547968869,-36.88111132385091,100 174.9855610686874,-36.881103960784486,100 174.98556334639798,-36.881101409865835,100 174.98556989961193,-36.88109421244251,100 174.98557648836046,-36.88108704416806,100 174.9855831314273,-36.88107993717561,100 174.9855898413848,-36.8810728137425,100 174.98559655367592,-36.88106573713804,100 174.98560326554582,-36.8810586443167,100 174.98560878641206,-36.881052827826416,100 174.98561551664335,-36.88104575092105,100 174.98562226409226,-36.88103868904973,100 174.9856289927796,-36.88103159594588,100 174.9856357214657,-36.881024502841655,100 174.98564236300356,-36.88101738054929,100 174.98564900526495,-36.881010242922216,100 174.9856555409163,-36.881003061110086,100 174.98565930780944,-36.880998747574914,100 174.9856656151501,-36.880991414553506,100 174.98567176903134,-36.88098417783298,100 174.985671852188,-36.88098405296374,100 174.9856779648618,-36.8809765681706,100 174.98568409510463,-36.88096906866255,100 174.98569026048537,-36.88096158298777,100 174.9856965131039,-36.88095417336696,100 174.98570287197998,-36.880946794416744,100 174.98570732819718,-36.880941848356066,100 174.9857139856581,-36.880934648281105,100 174.9857207127412,-36.88092749391,100 174.98572749260097,-36.880920384623046,100 174.98573432596226,-36.88091330508586,100 174.9857411941113,-36.8809062258681,100 174.9857480442922,-36.88089914604898,100 174.985754877253,-36.88089205119509,100 174.9857588045227,-36.880887952191266,100 174.9857656366881,-36.88088082670559,100 174.98577243487998,-36.88087373243192,100 174.9857791971148,-36.880866592792216,100 174.98578590734047,-36.88085943779799,100 174.9857925468434,-36.88085223801892,100 174.98579909800807,-36.88084496310497,100 174.98580552571738,-36.88083764338639,100 174.98581053480433,-36.88083203823652,100 174.9858169280505,-36.88082468754765,100 174.98582321501485,-36.88081726202392,100 174.9858293100687,-36.88080974777454,100 174.98583519482517,-36.88080212798206,100 174.98583903899066,-36.88079690012422,100 174.98584074900535,-36.880794437104285,100 174.98584411303597,-36.8807893416532,100 174.9858490220928,-36.8807814776926,100 174.98585372127258,-36.88077352440556,100 174.9858582116501,-36.88076547997152,100 174.98586259618955,-36.88075737782027,100 174.98586689241313,-36.88074924469812,100 174.9858711901774,-36.88074112777363,100 174.98587331181633,-36.880735497885,100 174.9858765870521,-36.88072667159954,100 174.98588028525973,-36.88071814829314,100 174.9858850055734,-36.88071031813083,100 174.98589129486152,-36.880703589276095,100 174.98589760703462,-36.880698826693255,100 174.98590692110753,-36.880693916584804,100 174.98591715848076,-36.88069047639652,100 174.9859207791289,-36.88068952717822,100 174.9859315156912,-36.880687859628786,100 174.98594267255498,-36.880687561349745,100 174.98595384172532,-36.880688301171105,100 174.9859601254783,-36.88068863505748,100 174.9859711027448,-36.8806899359953,100 174.9859817952725,-36.880692155619045,100 174.985992030074,-36.880695329267894,100 174.98599874291259,-36.88069797774896,100 174.9860079657577,-36.88070262573006,100 174.98601674275272,-36.88070799319788,100 174.98602527306005,-36.880713799219876,100 174.98603361748096,-36.88071974895307,100 174.98603795300662,-36.88072270486551,100 174.98604622425728,-36.88072851521699,100 174.98605035343311,-36.88073147457883,100 174.98605455867445,-36.88073472829793,100 174.98606315964616,-36.880741182978994,100 174.986072028588,-36.88074737089853,100 174.98607280285754,-36.8807478518706,100 174.98608217624374,-36.88075350318897,100 174.9860918858942,-36.88075883883452,100 174.9861018298005,-36.880763905578064,100 174.9861119905091,-36.88076872263883,100 174.98612228626695,-36.88077338241577,100 174.98613268081235,-36.88077791435695,100 174.98614312608413,-36.880782368837906,100 174.9861479785396,-36.8807846635562,100 174.98615819156615,-36.88078946441596,100 174.98616843620744,-36.88079418633241,100 174.9861787471602,-36.880798782758696,100 174.98618914124648,-36.880803253413546,100 174.9861996329764,-36.880807552087624,100 174.9862102245929,-36.88081167874338,100 174.9862209126392,-36.880815586570556,100 174.98623175017562,-36.88081924493878,100 174.98623435094066,-36.88082015684027,100 174.98624525609455,-36.88082378343219,100 174.9862562587528,-36.88082718937486,100 174.98626740968717,-36.88083029901076,100 174.9862786726592,-36.88083314268894,100 174.98629001246076,-36.88083566061043,100 174.98630146416173,-36.880837820643,100 174.9863064822413,-36.88083862632801,100 174.9863180727156,-36.8808402099052,100 174.98632199035956,-36.88084063380895,100 174.98632925234452,-36.8808413524008,100 174.98634021920333,-36.88084225059331,100 174.98635121891292,-36.88084311759101,100 174.98636220228983,-36.88084404705109,100 174.98637065754494,-36.88084478985147,100 174.98638164363106,-36.88084578055339,100 174.9863926181243,-36.88084697334119,100 174.98640344628168,-36.88084849394722,100 174.98641409929127,-36.880850529424116,100 174.98641794491687,-36.880851464669426,100 174.98642829634758,-36.880854418213204,100 174.98643850153542,-36.88085774644184,100 174.98644864354338,-36.880861277619125,100 174.9864588199211,-36.880864792898564,100 174.98646816406475,-36.880867625382606,100 174.98647853474932,-36.880870672336044,100 174.98648890188537,-36.880873625611834,100 174.98649932054087,-36.88087653205847,100 174.9865097540115,-36.88087936074391,100 174.9865202386738,-36.88088217325014,100 174.98653070296533,-36.88088489236002,100 174.98654120122953,-36.88088758025636,100 174.98654826160683,-36.880889697431286,100 174.98655870266825,-36.88089281891062,100 174.9865691741305,-36.88089577133597,100 174.9865756328954,-36.8808974028505,100 174.9865800181156,-36.880898421901556,100 174.98659141670345,-36.88090056657056,100 174.98660291964762,-36.88090210561679,100 174.98661368713434,-36.880902713291555,100 174.9866253897069,-36.88090277716081,100 174.98663716509105,-36.88090236031528,100 174.98664898480197,-36.88090166242043,100 174.98666081776267,-36.88090082640266,100 174.98667266873588,-36.880900036049184,100 174.98667524118696,-36.88089994165314,100 174.98668698259831,-36.88089955601532,100 174.9866987602935,-36.88089918509175,100 174.9867105540861,-36.88089882922005,100 174.98672231703603,-36.880898582019974,100 174.98673408313857,-36.880898413179814,100 174.986745852112,-36.88089839841418,100 174.98675760940057,-36.88089853886782,100 174.9867683669403,-36.88089880600041,100 174.98678011541526,-36.88089925574792,100 174.98679186753262,-36.880899846037416,100 174.98680362394697,-36.88090055883181,100 174.9868133389069,-36.88090124808483,100 174.98681517540984,-36.88090141565694,100 174.9868259744072,-36.880902503182654,100 174.9868367406238,-36.88090366786685,100 174.9868475080782,-36.880904880298694,100 174.98685825987823,-36.880906138056794,100 174.98686869554263,-36.88090723255683,100 174.98687946176037,-36.880908397237114,100 174.98689021358462,-36.8809096558932,100 174.98690094907676,-36.88091097701175,100 174.98691167085335,-36.88091237496991,100 174.9869223427463,-36.88091388281974,100 174.9869330170214,-36.8809154825622,100 174.98694031255962,-36.88091675936631,100 174.98695087881705,-36.88091878002218,100 174.9869614139053,-36.88092093999987,100 174.98697193420347,-36.88092317863783,100 174.98698242134773,-36.88092548001965,100 174.98699291001103,-36.88092779669738,100 174.9870033971331,-36.8809300971764,100 174.98701391783058,-36.880932351126155,100 174.98702443572648,-36.880934496964855,100 174.9870349836477,-36.88093650259762,100 174.98704556119722,-36.88093835270884,100 174.9870562022539,-36.88093996921933,100 174.98706017581438,-36.88094051564247,100 174.98706085220206,-36.880940596261844,100 174.98707110074938,-36.880941786708654,100 174.98708205489206,-36.880942886036706,100 174.9870930394105,-36.8809438154097,100 174.98710403675807,-36.8809445904434,100 174.98711504452888,-36.88094516160608,100 174.9871260837967,-36.880945562794935,100 174.98713711601107,-36.880945778431276,100 174.9871449568131,-36.88094614569483,100 174.98715604575344,-36.88094651540549,100 174.98716714707894,-36.880946713659405,100 174.9871782416087,-36.88094664974529,100 174.98718929338543,-36.880946321560735,100 174.98720030042452,-36.88094560926498,100 174.98721121034345,-36.88094452635262,100 174.98722205440424,-36.8809429803673,100 174.9872300852701,-36.88094154723735,100 174.98724075424795,-36.88093930656676,100 174.98725136484134,-36.88093680459125,100 174.98725813250667,-36.88093533310489,100 174.9872687799426,-36.8809329539907,100 174.98727938929636,-36.88093040426411,100 174.9872898880462,-36.88092765629649,100 174.98729040212672,-36.88092749177008,100 174.9873012034368,-36.88092503256634,100 174.98731240490744,-36.88092203940198,100 174.98732203337715,-36.88091843983363,100 174.98733301064425,-36.88091549728615,100 174.9873407011934,-36.88091547858665,100 174.98735198265337,-36.88091773510136,100 174.9873633091906,-36.88092160059713,100 174.98737466521044,-36.88092586758196,100 174.98738451868462,-36.88092835077781,100 174.98739576689428,-36.88093127210864,100 174.9874069831885,-36.88093430393194,100 174.98741810100285,-36.880937475301884,100 174.98741947702368,-36.88093788400735,100 174.98743051371727,-36.880941258626294,100 174.98744145288842,-36.88094485299234,100 174.98745230930388,-36.88094858754335,100 174.98746311885094,-36.88095246167893,100 174.98747384375022,-36.88095644628801,100 174.98748453822958,-36.88096055578555,100 174.9874951827105,-36.88096472740757,100 174.98750577684262,-36.88096894764035,100 174.98751637254082,-36.88097322823358,100 174.9875185216521,-36.88097407195338,100 174.9875290985442,-36.88097827624893,100 174.9875396591055,-36.88098254300699,100 174.98754389162892,-36.880984292833894,100 174.98754987390802,-36.88098619635047,100 174.98755983411658,-36.8809894204236,100 174.9875697954241,-36.88099264357618,100 174.98757977287684,-36.88099588358262,100 174.98758973425606,-36.88099910943623,100 174.98759971238806,-36.88100233230475,100 174.9876026242432,-36.88100325519441,100 174.98761263515658,-36.88100640090215,100 174.98762264455215,-36.88100953131222,100 174.9876326539485,-36.88101266172139,100 174.98764268049507,-36.881015761198285,100 174.98765274141098,-36.88101884477702,100 174.98766278356658,-36.881021897123006,100 174.98766426507856,-36.8810223500272,100 174.98767429242173,-36.881025480132514,100 174.98768433619074,-36.8810285946399,100 174.98769437874583,-36.88103166229873,100 174.98770445527325,-36.88103469874378,100 174.9877145462175,-36.881037642111984,100 174.98772468711516,-36.88104052155192,100 174.9877348416588,-36.881043278184734,100 174.98774506372564,-36.88104595617432,100 174.98774750384123,-36.881046685962275,100 174.9877577374489,-36.88104976574102,100 174.98776800189842,-36.881052736845824,100 174.98777830877918,-36.88105539718976,100 174.9877886915722,-36.881057653377844,100 174.98779916116573,-36.88105931955842,100 174.9878037360113,-36.88105973241574,100 174.9878096671864,-36.881060443442394,100 174.98781435917996,-36.88106074437944,100 174.9878250455285,-36.88106090445019,100 174.98783581753182,-36.88106047363122,100 174.98784659474677,-36.88105959477399,100 174.98785738273304,-36.881058482296766,100 174.98786650488347,-36.88105772667208,100 174.98787717336174,-36.88105667838316,100 174.9878878183127,-36.881055415074385,100 174.987898422844,-36.88105393432451,100 174.98790898739955,-36.88105225325099,100 174.98791947763394,-36.88105038865212,100 174.987922743347,-36.88104977068471,100 174.98793317444682,-36.88104765921452,100 174.9879435147537,-36.881045378014306,100 174.98795384994352,-36.88104294277514,100 174.98796413041418,-36.88104043093832,100 174.9879744111879,-36.881037887549766,100 174.9879847088064,-36.881035344779754,100 174.98798831582067,-36.88103451920589,100 174.98799863425535,-36.881032130209974,100 174.98800898899702,-36.88102975682911,100 174.9880193093228,-36.881027397542915,100 174.9880261445248,-36.88102584827145,100 174.98802973480943,-36.88102506984434,100 174.98804024751334,-36.8810228172964,100 174.98805079729527,-36.88102061009373,100 174.98806134756717,-36.88101846507217,100 174.9880678917214,-36.88101702792483,100 174.9880784563145,-36.88101474295936,100 174.98808902212184,-36.88101250484064,100 174.98809960706367,-36.881010312367465,100 174.9881101937104,-36.881008228923086,100 174.98812083666385,-36.88100628333684,100 174.98813148475688,-36.88100449268859,100 174.9881421896474,-36.88100290208048,100 174.9881529172941,-36.881001496760014,100 174.98816368807053,-36.881000370122194,100 174.98817294219333,-36.880999425694576,100 174.98818380651898,-36.8809985750921,100 174.98819467881174,-36.88099798843853,100 174.98821165722364,-36.88099516799336,100 174.98822324987628,-36.88099501632933,100 174.9882330727968,-36.88099523858395,100 174.98824459984422,-36.88099580185175,100 174.98825009366558,-36.880996304763876,100 174.98825483724391,-36.880996604820155,100 174.98826472483705,-36.88099724419658,100 174.98827460689267,-36.880997713317676,100 174.98827922129072,-36.88099770458387,100 174.98828906664002,-36.88099749383063,100 174.98829427813433,-36.88099961300475,100 174.98830469870538,-36.88099895638934,100 174.98831511729009,-36.8809982231951,100 174.9883255331408,-36.88099742785546,100 174.98833595172496,-36.880996694659395,100 174.9883463891172,-36.88099603775879,100 174.9883517127071,-36.88099603337524,100 174.9883622067826,-36.88099613442574,100 174.98837272123188,-36.88099632887034,100 174.98838323455965,-36.88099652333276,100 174.9883937122103,-36.880996639977646,100 174.98840418355186,-36.88099655663685,100 174.98841457849198,-36.880996209589455,100 174.9884249451834,-36.880995508799984,100 174.98843523107993,-36.88099437493159,100 174.98844521756513,-36.880993030661536,100 174.98845541432402,-36.880991185348904,100 174.9884601515643,-36.88099002989077,100 174.98847998363235,-36.88098424500763,100 174.98851332299435,-36.88108015121113,100 174.98852513934284,-36.88104895923556,100 174.98854040022755,-36.88100220079344,100 174.98855486738393,-36.88099859042967,100 174.98857366018416,-36.88103098520559,100 174.98856940058957,-36.881085935345595,100 174.98860506206648,-36.88109220363216,100 174.98863505244833,-36.88105225223835,100 174.98864672094166,-36.88105476443064,100 174.9886488650856,-36.881125223430324,100 174.98870952610378,-36.881122623414136,100 174.98873938962151,-36.88107700489209,100 174.98874420310824,-36.88107126319308,100 174.98878762084817,-36.880997224832015,100 174.9888147189954,-36.88096130739834,100 174.9888593128185,-36.88097901057359,100 174.98890261971707,-36.88094118407041,100 174.98888619891616,-36.880867673429854,100 174.9889004772312,-36.88086469980554,100 174.98891963098075,-36.88090006189719,100 174.98892704807827,-36.88090074708815,100 174.9889382328789,-36.88090143859677,100 174.988949497652,-36.88090188270832,100 174.98896075889616,-36.88090223404316,100 174.98897203925267,-36.88090263012234,100 174.98897867487028,-36.880903205816736,100 174.98898981726936,-36.88090420898163,100 174.98900094251985,-36.88090524307709,100 174.9890121181662,-36.88090623036099,100 174.98902327418577,-36.88090710981552,100 174.98903442506364,-36.880907834330124,100 174.98904560544793,-36.88090835555537,100 174.98904989253342,-36.88090840184408,100 174.98906110776954,-36.88090832041069,100 174.98907229980264,-36.88090803657047,100 174.98908352267475,-36.880907644055895,100 174.98909472792982,-36.88090722119077,100 174.9891059328814,-36.88090682987544,100 174.989117144073,-36.88090659257822,100 174.98912834335192,-36.88090658801683,100 174.9891361314442,-36.88090695603133,100 174.98914729795248,-36.880907634306894,100 174.9891584687616,-36.880908435087264,100 174.98916965833257,-36.880909267098176,100 174.98918079439977,-36.88091006935948,100 174.98919197843153,-36.880910731113865,100 174.9892000383857,-36.88091093954686,100 174.9892112420831,-36.88091110525082,100 174.98922244650453,-36.88091125561936,100 174.98923365211817,-36.88091145193358,100 174.98924484535146,-36.88091181970255,100 174.98925525825837,-36.88091272780261,100 174.98926638795425,-36.88091393304714,100 174.98927748833046,-36.88091526226078,100 174.98928860520246,-36.880916621841614,100 174.98929970125513,-36.88091782764639,100 174.98931082531817,-36.880918815765895,100 174.9893219897951,-36.880919415645224,100 174.98932592058281,-36.880919653560014,100 174.98933723692346,-36.880920095869804,100 174.98934848374662,-36.88091993456516,100 174.9893595136433,-36.88091885034782,100 174.98936199171683,-36.88091844832551,100 174.989372707392,-36.88091602101264,100 174.98938322684208,-36.88091277679486,100 174.98939359719915,-36.880909148411945,100 174.9893966461855,-36.88090817801711,100 174.98940700455864,-36.88090473640445,100 174.98941723573333,-36.880901062581074,100 174.989427356625,-36.880897159868944,100 174.98943733281865,-36.880893042364086,100 174.98944020318288,-36.880891890191464,100 174.98945014301972,-36.880887712005496,100 174.98945995610202,-36.880883318726326,100 174.98946953654306,-36.88087865083842,100 174.98947884798733,-36.880873647661744,100 174.98948237112617,-36.88087170943106,100 174.9894914491103,-36.88086640011345,100 174.98950020653322,-36.880860757272075,100 174.98950861049903,-36.88085481029983,100 174.98951553501425,-36.880849138668204,100 174.98952303440322,-36.88084240287814,100 174.98953039192287,-36.88083556130671,100 174.98953791126348,-36.88082890269405,100 174.98954589074023,-36.88082263835779,100 174.98955053254062,-36.88081936277639,100 174.9895594098568,-36.88081367105476,100 174.98956869770888,-36.880808451051124,100 174.98957751257444,-36.88080420066391,100 174.98957841719601,-36.88080378082579,100 174.98958856969955,-36.88079980005823,100 174.98959905627476,-36.88079658701665,100 174.98960196782824,-36.88079568200995,100 174.98961281096712,-36.880792849656274,100 174.98962396953402,-36.88079080156419,100 174.9896353059859,-36.88078955535952,100 174.98964664997746,-36.88078916166464,100 174.9896579006954,-36.880789713200116,100 174.98966061984433,-36.88078991101006,100 174.9896716343463,-36.88079130381554,100 174.98968255248997,-36.8807935661933,100 174.98969333735798,-36.880796572578596,100 174.9897039280829,-36.8808000959601,100 174.98971432318996,-36.880803993054634,100 174.98971509156692,-36.880804289333255,100 174.98972522724137,-36.880808176351266,100 174.98973516549944,-36.880812454237386,100 174.98974497294867,-36.88081696594976,100 174.98975469769354,-36.880821619650625,100 174.98976169811908,-36.88082466598441,100 174.98977160474809,-36.880829021909676,100 174.98978149495366,-36.88083339343141,100 174.98979136840936,-36.88083781119957,100 174.98980119151787,-36.88084227757951,100 174.98981096502746,-36.88084682140058,100 174.98982067134443,-36.88085141321434,100 174.9898303105399,-36.8808560989863,100 174.98983986621278,-36.880860895214745,100 174.9898493558389,-36.88086578358081,100 174.98985871122002,-36.880870816601416,100 174.98986751170605,-36.88087578140375,100 174.9898765999525,-36.88088111272395,100 174.98988562147514,-36.880886553318035,100 174.98989123202014,-36.88088999696856,100 174.98990841770524,-36.880896851051794,100 174.98992545197535,-36.88090387981866,100 174.98993133310498,-36.8809064662975,100 174.98994776930473,-36.88091435681537,100 174.98996385685845,-36.880922733568276,100 174.98997972729973,-36.88093134739467,100 174.98999345596187,-36.88093883891738,100 174.9899934978173,-36.88094213700234,100 174.98999760974147,-36.88094209155376,100 174.9900153652822,-36.88094652057041,100 174.99003155357653,-36.880956011445214,100 174.99004750907469,-36.880966388597834,100 174.99006445701903,-36.88097341879047,100 174.9900720532454,-36.88097434786706,100 174.99007614837242,-36.88097430359844,100 174.99009421623302,-36.880976976130135,100 174.9901107080417,-36.88098376609798,100 174.99012622508548,-36.88099333039518,100 174.9901412128836,-36.881004376293504,100 174.9901562929788,-36.88101560631297,100 174.99016726847296,-36.88102288526431,100 174.99018392973952,-36.881030756655804,100 174.99020092049793,-36.88103809525976,100 174.99021825499486,-36.88104471516795,100 174.9902359921463,-36.881050335987815,100 174.9902416522901,-36.88105184278156,100 174.9902600423451,-36.88105551574894,100 174.9902788665427,-36.88105801965414,100 174.99029796422087,-36.881059821362236,100 174.9903171933854,-36.88106137210332,100 174.99033641017263,-36.881063094297104,100 174.9903445256293,-36.881064013755186,100 174.99036320549433,-36.88106752682582,100 174.9903818062352,-36.88107131972328,100 174.9904004065087,-36.881075051336715,100 174.99041908357168,-36.88107845628852,100 174.99042693007328,-36.881079690297206,100 174.99044584736998,-36.88108240892966,100 174.99046486866703,-36.88108455258484,100 174.99048391640912,-36.8810858134137,100 174.9904845384775,-36.88108583273345,100 174.99050355501765,-36.88108597826318,100 174.99052257685318,-36.88108511784186,100 174.99054162784378,-36.881083435837766,100 174.99056066211034,-36.881081196201464,100 174.99057972157496,-36.88107863076785,100 174.99059877865204,-36.88107597343783,100 174.99061348188343,-36.881073983024514,100 174.99063431146777,-36.88106980612524,100 174.99065610893265,-36.88106505329109,100 174.9906773551491,-36.88105976800477,100 174.9906989579836,-36.88105426042469,100 174.99072068389628,-36.8810494312654,100 174.99074267515277,-36.88104600639916,100 174.99075389363344,-36.881044839576845,100 174.9907764689044,-36.881043727586864,100 174.9907990253821,-36.88104439779254,100 174.99081184881751,-36.8810461900997,100 174.99083410617683,-36.88104847594814,100 174.99084121349836,-36.88104798910292,100 174.99086296578875,-36.88104348484765,100 174.99088437708926,-36.88103669427816,100 174.99089383074332,-36.881033670583435,100 174.99091473355705,-36.88102661182909,100 174.99093596736748,-36.8810208931758,100 174.990949340605,-36.88101892861682,100 174.99097183748822,-36.881017477209326,100 174.99099458105428,-36.88101744572895,100 174.9910095532396,-36.88101760398272,100 174.99103208128327,-36.88101847561233,100 174.9910546136309,-36.881019469743336,100 174.99106201805083,-36.88101975212845,100 174.9910845932372,-36.88102045170948,100 174.99110715445613,-36.88102065670251,100 174.99112965372262,-36.881019901935865,100 174.99113672356054,-36.88101935441236,100 174.99115905531048,-36.8810169449435,100 174.99118137964447,-36.881014336405805,100 174.99119724486167,-36.88101367209546,100 174.99121997242034,-36.88101306760866,100 174.99124249327528,-36.881011848285446,100 174.9912645128971,-36.881008825731904,100 174.99127049579096,-36.8810071211155,100 174.99129132699264,-36.88099998508201,100 174.99131247806002,-36.880993803575436,100 174.9913293887001,-36.8809916183422,100 174.99135197039882,-36.880990150118805,100 174.99135507567647,-36.88098992230897,100 174.9913775322298,-36.88098830115371,100 174.99139998719062,-36.88098661873199,100 174.99142234210626,-36.88098441071832,100 174.99143117561403,-36.880983256774506,100 174.9914533408095,-36.880979921695946,100 174.99147541234578,-36.88097626371273,100 174.9914869702693,-36.88097430068419,100 174.99150905467081,-36.88097053342088,100 174.99153119178266,-36.88096737004708,100 174.99155213523332,-36.880965420012004,100 174.99157463812256,-36.88096420092719,100 174.9915971933262,-36.88096357041609,100 174.9916197924463,-36.88096329157564,100 174.99162100097092,-36.88096325509046,100 174.99164356901863,-36.88096251439572,100 174.99166612983797,-36.880962100091146,100 174.99168868586548,-36.880962149134675,100 174.9917111747052,-36.88096285094566,100 174.99173127297706,-36.88096581095148,100 174.99175384126403,-36.880968663744405,100 174.99177582762675,-36.88096811934809,100 174.99178611431154,-36.88096580897054,100 174.9918070662198,-36.88095870056649,100 174.9918272925478,-36.88095095718611,100 174.99184772880363,-36.880943348182406,100 174.99186458627997,-36.88093868607059,100 174.99188638404252,-36.88093394923038,100 174.9919084639852,-36.880930011620784,100 174.99192937421702,-36.88092626577075,100 174.99195152013692,-36.88092283808817,100 174.99197376762174,-36.8809199512854,100 174.99198055310964,-36.88091908310799,100 174.99200288086604,-36.8809165653911,100 174.9920252929915,-36.88091457442135,100 174.99204778745218,-36.88091307508182,100 174.99206878317395,-36.88091231741032,100 174.99209132640357,-36.88091191774103,100 174.9921138887936,-36.880911564614124,100 174.99213642207488,-36.880910825310224,100 174.99213725191586,-36.88091080959122,100 174.99216012211937,-36.880910342235325,100 174.99218270297496,-36.880908843224034,100 174.99220451183396,-36.88090509577509,100 174.99220908750237,-36.88090372656397,100 174.9922294169007,-36.880895979584544,100 174.99224971915024,-36.88088787884321,100 174.9922500610065,-36.88088777937401,100 174.9922714185239,-36.88088212059897,100 174.99229329218815,-36.88087762936975,100 174.9923154260895,-36.88087378361457,100 174.99233295191152,-36.88087075060698,100 174.99235507977787,-36.880867277185594,100 174.9923772264542,-36.88086388005575,100 174.99239933234543,-36.88086025196987,100 174.9924049525544,-36.88085914193343,100 174.99242679183575,-36.88085466657867,100 174.99244859426247,-36.88085006835899,100 174.9924704883337,-36.88084571555638,100 174.99249055983074,-36.88084224956162,100 174.99251268686083,-36.8808387445793,100 174.99253489107673,-36.88083553302572,100 174.99255711885397,-36.880832537386546,100 174.9925677952842,-36.88083119471754,100 174.99259013892038,-36.880828599111894,100 174.99261244830703,-36.88082606716809,100 174.99263477118626,-36.88082336374538,100 174.99265694505192,-36.88082032302525,100 174.99266399914333,-36.88081917089806,100 174.99268601148944,-36.88081531179097,100 174.99270794589515,-36.880811130417946,100 174.99272983984218,-36.88080673070191,100 174.99275171507023,-36.880802301552755,100 174.99275935041697,-36.88080093687517,100 174.99278137870516,-36.880797000871965,100 174.99280340263763,-36.88079294055737,100 174.99282524418945,-36.88078851105837,100 174.99284689633984,-36.880783528626175,100 174.99285993929965,-36.88077969557588,100 174.99288095577006,-36.88077300500876,100 174.9929020110304,-36.880766468812055,100 174.99292338849142,-36.88076093306513,100 174.9929383366687,-36.8807584434382,100 174.99296060802294,-36.88075578768697,100 174.9929830856439,-36.880753686380224,100 174.9930055244461,-36.880751429794344,100 174.99301858170372,-36.88074926931314,100 174.99304064358222,-36.88074533179728,100 174.99306271182627,-36.88074159606337,100 174.99308490640186,-36.88073866307315,100 174.99308970147283,-36.88073831132835,100 174.99311214589633,-36.88073747959483,100 174.99313471700208,-36.880737420855766,100 174.9931573260586,-36.88073748405344,100 174.99317990440866,-36.88073709981233,100 174.99318905169713,-36.88073727170424,100 174.99319313239533,-36.880737320404975,100 174.99321592536418,-36.88073656031609,100 174.9932372672168,-36.8807322022177,100 174.9932391500955,-36.88073156404476,100 174.99324054690777,-36.88073087273872,100 174.99325825495427,-36.88072212134868,100 174.99327394181117,-36.880710975749,100 174.99328885071537,-36.880697397053254,100 174.99330039207734,-36.880685134889575,100 174.99331490491295,-36.88067164215158,100 174.99332362040838,-36.880666340429514,100 174.9933433735793,-36.88065779806296,100 174.99336452549807,-36.88065101230359,100 174.99336940177488,-36.88064929640842,100 174.99339026590872,-36.88064274801087,100 174.99341161248688,-36.88063732175321,100 174.99342341333937,-36.88063478122939,100 174.99344527487875,-36.880631080439336,100 174.9934674038064,-36.88062825663664,100 174.99348966703673,-36.880625894749265,100 174.9935119674673,-36.8806236259694,100 174.99351396346918,-36.880623325686585,100 174.9935360608632,-36.880620022904914,100 174.99355818938525,-36.88061718376995,100 174.9935804011378,-36.88061547437461,100 174.99358891313636,-36.88061516207972,100 174.99361131714215,-36.88061532326979,100 174.99363368272083,-36.88061655224823,100 174.99365540873063,-36.88061898708942,100 174.99367756010955,-36.88062181586939,100 174.99369975302898,-36.880623653411455,100 174.99371686026308,-36.88062355467164,100 174.99373922105207,-36.880622183439385,100 174.99376152144856,-36.880619913711975,100 174.99376231420376,-36.88061985263744,100 174.99378450709256,-36.88061746123103,100 174.99380657970718,-36.88061450041044,100 174.99382856905865,-36.88061101281728,100 174.99384656486495,-36.88060810959928,100 174.99386841920605,-36.8806041763152,100 174.993890141156,-36.88059981172053,100 174.99391171316938,-36.880595031432065,100 174.9939227919665,-36.88059320059016,100 174.99394507522717,-36.8805891510345,100 174.99396649132757,-36.880583768576095,100 174.99398619410184,-36.88057588039724,100 174.9940010421006,-36.8805662206181,100 174.99401777024926,-36.880554049781594,100 174.99403288374162,-36.88054523727726,100 174.99405186482252,-36.880535656830155,100 174.99407161478376,-36.8805270386878,100 174.9940919110338,-36.88051932259351,100 174.99409676847088,-36.880517530373886,100 174.99411743463492,-36.88051070757024,100 174.99413846298123,-36.88050448075633,100 174.99415960199084,-36.88049845397383,100 174.99416169230267,-36.88049781140294,100 174.99418268582596,-36.88049154010049,100 174.99420364333824,-36.880485221629606,100 174.99422450856864,-36.8804787199363,100 174.99424520945183,-36.8804718956265,100 174.99426286817427,-36.88046565415548,100 174.99428316732048,-36.88045809390636,100 174.9943033753056,-36.88045035041629,100 174.99432354688062,-36.88044254444259,100 174.99433621467472,-36.88043766480327,100 174.99435636942098,-36.88042985910659,100 174.99437654180517,-36.88042208465616,100 174.99439678533295,-36.880414371198114,100 174.99441708517458,-36.880406795592485,100 174.99442529736035,-36.88040388709929,100 174.99444583346158,-36.8803967248274,100 174.9944664243805,-36.880389686011995,100 174.99448701489703,-36.8803826318776,100 174.99450755140828,-36.88037548581178,100 174.99452526852053,-36.880370110379246,100 174.99454601650285,-36.880363114879756,100 174.99456531456585,-36.880354380764686,100 174.9945752495698,-36.88034821935925,100 174.99459139981272,-36.880335748096925,100 174.99460657029928,-36.88032227390492,100 174.99462097046208,-36.88031028357848,100 174.99463593468732,-36.88029685971406,100 174.99464991540668,-36.880282849387434,100 174.99466043399792,-36.880271736309396,100 174.9946729172418,-36.88025674706832,100 174.9946837203093,-36.88024104426258,100 174.99468680151847,-36.880236357102895,100 174.99469621626218,-36.88021986012232,100 174.99470350580722,-36.88020275078642,100 174.9947081897873,-36.88018519489036,100 174.9947094229653,-36.880179379680385,100 174.99471131300402,-36.880161424551595,100 174.99471065785525,-36.88014331657665,100 174.99470772489502,-36.8801253279671,100 174.99470640114245,-36.88011890855324,100 174.9947056912138,-36.88011646080699,100 174.99470380202672,-36.88010172010629,100 174.99470020234637,-36.880084625972536,100 174.99469908249264,-36.880079876862006,100 174.99469445268392,-36.88006303436511,100 174.99468954851923,-36.88004621179697,100 174.99468535075286,-36.880029329597974,100 174.9946851420788,-36.88002807938372,100 174.99468302868644,-36.880010973812084,100 174.99468186342924,-36.879993742360554,100 174.99468117955433,-36.8799764703789,100 174.9946804268962,-36.87995918513124,100 174.99468018295687,-36.87995726944315,100 174.99467780767614,-36.87994005921048,100 174.9946754328186,-36.87992286519413,100 174.9946737495512,-36.8799056893082,100 174.99467341506863,-36.87988852141902,100 174.99467378909176,-36.87988405276726,100 174.9946759434456,-36.87986689896865,100 174.99467801067323,-36.879849716889765,100 174.99467820146003,-36.879837601921295,100 174.99467777744147,-36.87982035622035,100 174.99467763154337,-36.87980310584939,100 174.99467851956288,-36.87979062225588,100 174.99468027572465,-36.87977342917642,100 174.99468206595125,-36.879756251748454,100 174.9946824910334,-36.879744474441125,100 174.99468284331357,-36.87972718235662,100 174.99468356170607,-36.879709947216085,100 174.99468535384952,-36.8796928004002,100 174.99468775653804,-36.8796807068759,100 174.99469200956213,-36.8796637936373,100 174.99469304205084,-36.87966001063932,100 174.99479721967685,-36.87963197920359,100 174.9947642389713,-36.879534349123425,100 174.9948324533884,-36.879497936411106,100 174.9949665230676,-36.87958763182594,100 174.99497266786358,-36.87957887698594,100 174.9949877242717,-36.87956628704198,100 174.99499661053432,-36.87955850283567,100 174.99501295604458,-36.8795462148089,100 174.99502764434203,-36.87953827728009,100 174.99504828255346,-36.8795310834488,100 174.99506618455516,-36.87952794998876,100 174.9950887048563,-36.879526729049786,100 174.9951114815031,-36.879526046388136,100 174.9951261815298,-36.87952575984613,100 174.99514916038356,-36.87952426801268,100 174.99516965025984,-36.8795185313614,100 174.9951745508043,-36.87951645896935,100 174.99518738292787,-36.87950583064865,100 174.9951895822792,-36.87950355936938,100 174.99518972576152,-36.87950312343084,100 174.995186257108,-36.87948636780478,100 174.99518245884917,-36.8794786316865,100 174.99517336217812,-36.87946332705157,100 174.99517019991094,-36.87945545587081,100 174.99516615725946,-36.879438587306645,100 174.99516635109376,-36.879421763858254,100 174.9951669185603,-36.87941498641259,100 174.9951714920267,-36.87939719891579,100 174.99518094253847,-36.8793813511391,100 174.99519566388312,-36.87936972759021,100 174.9952146790327,-36.87936319731346,100 174.99522064259904,-36.87935291238144,100 174.99522117306495,-36.87935212834781,100 174.99523265866964,-36.879337915607096,100 174.99524681593707,-36.8793253109896,100 174.99525165358529,-36.87932159837069,100 174.99526810066067,-36.87931110400737,100 174.99528561146056,-36.87930152012159,100 174.99528930665448,-36.8792995626075,100 174.99530714205946,-36.879290467182734,100 174.9953240368124,-36.87928049165578,100 174.99532510098632,-36.87927965178929,100 174.9953389439769,-36.8792669136385,100 174.99535299916232,-36.87925431072325,100 174.99535870347782,-36.87925070521931,100 174.9953755223354,-36.87924052996849,100 174.99538122624028,-36.87923630527242,100 174.99539545653056,-36.879223792245625,100 174.9954080646115,-36.87921016270712,100 174.99541469786496,-36.879200995854504,100 174.99542465634727,-36.87918595971584,100 174.9954363050393,-36.87917202362165,100 174.9954369722199,-36.87917119042265,100 174.99545217991803,-36.87915963438291,100 174.99546782626973,-36.879163466199095,100 174.9954859714252,-36.87916942007694,100 174.9954969335741,-36.87917566045254,100 174.99551361576698,-36.87918605530548,100 174.99552419288787,-36.87919030484977,100 174.9955443199904,-36.879195462919604,100 174.99556139139756,-36.879197750279666,100 174.99558068746416,-36.879202877238086,100 174.99559286050535,-36.8791994316464,100 174.99559874118827,-36.87919837837382,100 174.99560494364587,-36.87919529085334,100 174.99562034474638,-36.879182028073096,100 174.99562212154405,-36.87918067871113,100 174.99563774733764,-36.87916803135199,100 174.9956520339657,-36.8791544952664,100 174.99565522150675,-36.87915113842767,100 174.995667431717,-36.879136277150266,100 174.99567783514496,-36.87912053590452,100 174.9956827837442,-36.87911164790196,100 174.99569069182388,-36.8790950382556,100 174.99569858036253,-36.8790783676481,100 174.9957055347967,-36.879065895698815,100 174.99571531092622,-36.87904993425365,100 174.995725997258,-36.87903437301898,100 174.99573415376256,-36.879023428417625,100 174.99574624090363,-36.879008538555404,100 174.99575881895132,-36.87899388830413,100 174.9957684368423,-36.87898145993285,100 174.9957808201049,-36.87896661105894,100 174.99579475857504,-36.878953020418194,100 174.99580152888032,-36.87894739698392,100 174.99581846100796,-36.87893571638834,100 174.99583713852735,-36.87892583341585,100 174.99584886338351,-36.87892124886577,100 174.99585417315436,-36.878920159206004,100 174.9958594809315,-36.8789189929684,100 174.99586478557006,-36.87891774927086,100 174.99587010855018,-36.878916520587175,100 174.99587539566755,-36.878915293407076,100 174.99588072143825,-36.878914171931555,100 174.9958860152074,-36.878913114084966,100 174.99589132943325,-36.87891219559703,100 174.99589663166887,-36.878911462979566,100 174.99590192271165,-36.878910946863606,100 174.9959072913282,-36.878910738592374,100 174.99591273910903,-36.87891085616529,100 174.99591824600037,-36.87891121880165,100 174.99592379059246,-36.87891173673042,100 174.99592926949316,-36.87891231705154,100 174.99593469528764,-36.87891288294245,100 174.99593999560875,-36.878913326560905,100 174.99594515512723,-36.878913619322645,100 174.99595009838868,-36.87891362099025,100 174.99595482339944,-36.878913254986145,100 174.99595926105243,-36.87891253869501,100 174.99596346714685,-36.878911546889164,100 174.99596745974728,-36.87891032703433,100 174.9959713088798,-36.8789089401442,100 174.9959750332614,-36.878907415647404,100 174.99597870251944,-36.87890579924205,100 174.99598233773546,-36.87890416808635,100 174.99598599017162,-36.878902551963414,100 174.99598967899055,-36.87890099741926,100 174.99599349171578,-36.87889954804863,100 174.99599780539964,-36.87889812090515,100 174.99600213735033,-36.87889666281016,100 174.99600645145603,-36.87889525188281,100 174.99601078380508,-36.87889380910303,100 174.99601513225286,-36.87889238137482,100 174.9960194470573,-36.87889095421174,100 174.99602376106412,-36.87888949641746,100 174.9960280575265,-36.87888805424003,100 174.9960323016051,-36.87888658229819,100 174.99603652886196,-36.87888511063885,100 174.99604072133064,-36.87888363866257,100 174.99604487905805,-36.87888216817121,100 174.99604903638652,-36.878880682364176,100 174.99605315932556,-36.87887921155575,100 174.99605728151386,-36.878877711917966,100 174.99606138685698,-36.878876211661776,100 174.99606547343598,-36.878874680175,100 174.9960695255742,-36.87887311862233,100 174.99607357537113,-36.87887151024091,100 174.9960776423368,-36.87886987182773,100 174.99608167177442,-36.8788681709535,100 174.99608568391673,-36.87886640908088,100 174.99608967657224,-36.87886463131201,100 174.99609365081096,-36.87886279256361,100 174.99609762617092,-36.87886095379623,100 174.99610159961176,-36.878859084416526,100 174.99610555508596,-36.87885721443728,100 174.99610951170482,-36.87885534533998,100 174.99611348594257,-36.878853506590936,100 174.99611746015668,-36.87885166694085,100 174.9961336847198,-36.87884241639705,100 174.99613759333207,-36.87883947915537,100 174.99615242939493,-36.87882580759555,100 174.99616667829645,-36.87881156095203,100 174.99618012182688,-36.878800595979286,100 174.99619674201267,-36.878788270730055,100 174.9962140534127,-36.87877655306135,100 174.9962281133991,-36.87876720278092,100 174.99624604755465,-36.87875609203814,100 174.9962645162476,-36.87874556086359,100 174.99628346866618,-36.87873563985408,100 174.99628416620493,-36.87873524057027,100 174.99630295950809,-36.878724594876786,100 174.99632247958152,-36.87871518978387,100 174.99634312578965,-36.87870827319918,100 174.99635914230976,-36.87870447812733,100 174.99638163552703,-36.878702916707375,100 174.99640313969988,-36.87870611368065,100 174.9964246414903,-36.87871279514288,100 174.9964270472393,-36.878713540652264,100 174.9964478000085,-36.87872066912803,100 174.99646801350622,-36.8787288458701,100 174.99648806397286,-36.878737396687065,100 174.9965012606734,-36.878742589951784,100 174.99652155689643,-36.87875062559166,100 174.9965417349224,-36.8787588182393,100 174.99656181451502,-36.878767151339076,100 174.996572811813,-36.87877219859539,100 174.99659241419275,-36.87878137792584,100 174.99661217968702,-36.878790229139646,100 174.9966324524349,-36.87879809480773,100 174.99663879091207,-36.87880036231634,100 174.99665994776788,-36.87880706575623,100 174.99668163512968,-36.87881242724266,100 174.99668934710417,-36.8788137568364,100 174.99670342185055,-36.87881518498192,100 174.9967102559731,-36.87881546128057,100 174.99673199584126,-36.87881538609309,100 174.9967538312087,-36.878815014569064,100 174.99675673618395,-36.878815069391074,100 174.99677853199435,-36.87881572060945,100 174.99680026151137,-36.87881710029283,100 174.9968218127619,-36.87881947530761,100 174.9968295994796,-36.878820400751636,100 174.9968510892959,-36.87882369071894,100 174.99687219891453,-36.87882814885785,100 174.99689272420778,-36.8788339498482,100 174.99691071836065,-36.87884069559117,100 174.99692989826818,-36.87884903023168,100 174.9969359881432,-36.87885165972205,100 174.99694917463378,-36.87886012034531,100 174.99696321975267,-36.878868379061466,100 174.99698346943765,-36.878879621352,100 174.99700436560565,-36.87888996858917,100 174.9970110382844,-36.878893005583386,100 174.9970328985537,-36.87890198825314,100 174.99705534001322,-36.87891015357743,100 174.9970780616124,-36.878917788726,100 174.99709044967602,-36.878922516023046,100 174.99711299820518,-36.87893074262773,100 174.99713589698112,-36.87893798632319,100 174.99715935399337,-36.87894353158009,100 174.99717005096414,-36.87894531659186,100 174.99719441134243,-36.878948027366555,100 174.99720362352946,-36.87894863138924,100 174.99721761148515,-36.87894823398348,100 174.99723368850988,-36.87894775188163,100 174.9972559152921,-36.8789465985602,100 174.99727813360082,-36.87894512000531,100 174.99728543253391,-36.87894467642343,100 174.99730763327378,-36.87894321257933,100 174.99732981118257,-36.8789415183804,100 174.9973519466507,-36.87893953016357,100 174.99735804878196,-36.87893896879978,100 174.99738014190783,-36.87893673343028,100 174.99740220871513,-36.8789342199954,100 174.99742423584547,-36.87893147558772,100 174.99744227792524,-36.8789295940358,100 174.99746439661396,-36.87892704817131,100 174.99748634139974,-36.87892385628596,100 174.99750787441442,-36.87891958704836,100 174.9975240939193,-36.87891561715812,100 174.99754090581385,-36.878910614321356,100 174.99754519663958,-36.87890955974608,100 174.99756658161112,-36.878903139765356,100 174.99757005891948,-36.878902037579884,100 174.9975909005306,-36.878894700188276,100 174.99761133914123,-36.87888657912374,100 174.9976315578692,-36.8788780282247,100 174.99765172149066,-36.87886938631563,100 174.99767072464823,-36.878861849091194,100 174.99769116244298,-36.878853697382375,100 174.99771152950703,-36.8788455008929,100 174.99773184091933,-36.87883714940979,100 174.99773518915438,-36.878835787109864,100 174.9977554462576,-36.87882737524719,100 174.9977756325307,-36.87881887173769,100 174.9977956909285,-36.878810154061675,100 174.99781556984146,-36.87880122218587,100 174.99782299050128,-36.87879778688948,100 174.99784263474956,-36.87878850384082,100 174.99784971008074,-36.87878512031703,100 174.9978612639933,-36.87877936314075,100 174.99786216702265,-36.878778927944815,100 174.99788030133703,-36.87876999655684,100 174.9978984001314,-36.87876103692171,100 174.9979116517861,-36.87875425704639,100 174.99792960585702,-36.87874508262564,100 174.9979477937838,-36.87873622873954,100 174.9979483222281,-36.87873597109121,100 174.9979666660298,-36.87872711458066,100 174.99798544522505,-36.87871899342128,100 174.99800492241204,-36.87871229900499,100 174.9980190508941,-36.87870898701976,100 174.9980398426247,-36.87870533583256,100 174.9980555121889,-36.87870273879722,100 174.9980607100156,-36.87870196187294,100 174.9980762283293,-36.878698856337934,100 174.99809654124567,-36.878694827435034,100 174.99810148241508,-36.87869414675918,100 174.99812235701017,-36.87869160908028,100 174.99814249921684,-36.87868765965197,100 174.99814710576305,-36.878686149992625,100 174.99816540363304,-36.87867811531476,100 174.99818295189104,-36.87866865385614,100 174.99818486021732,-36.87866770422686,100 174.99820161861345,-36.87865901675427,100 174.9982024513122,-36.878658552094365,100 174.99821951055614,-36.878648278666844,100 174.99822501208206,-36.878644863008724,100 174.99824153566556,-36.87863401093637,100 174.99825756197052,-36.87862271837581,100 174.99825818794926,-36.87862224277187,100 174.99827354138102,-36.87861035855349,100 174.9982886821302,-36.878598277820664,100 174.9983041771282,-36.8785865309196,100 174.99831354917725,-36.87858005510714,100 174.99832630968126,-36.878571780969864,100 174.99833173563323,-36.878568134942356,100 174.9983559028048,-36.878553192131385,100 174.99838011541758,-36.87854167171405,100 174.99840334200846,-36.87852649865945,100 174.99840379212074,-36.87852594759957,100 174.99840883892176,-36.87852049632031,100 174.99841811157086,-36.878505085715865,100 174.9984242532161,-36.87849261286487,100 174.99843142034885,-36.87847669869803,100 174.9984382830919,-36.87846227770878,100 174.99844750252237,-36.87844680580719,100 174.99844870928953,-36.87844549844012,100 174.99845972058327,-36.87843287336463,100 174.99846356037597,-36.878429968751085,100 174.99848135706924,-36.87842009928441,100 174.9985007581215,-36.87841139254964,100 174.99851766154114,-36.87840293513067,100 174.99853581047844,-36.87839332291163,100 174.99854191073874,-36.87838967905013,100 174.99855879240408,-36.87837866588556,100 174.99857526271794,-36.87836719456486,100 174.99859184130625,-36.87835583137975,100 174.99860910879235,-36.878345631906264,100 174.99862670158774,-36.8783353016756,100 174.99864382987238,-36.87832445379567,100 174.99864452465263,-36.87832399235441,100 174.99866132302094,-36.878312453312525,100 174.9986779056414,-36.878300686262385,100 174.99869180053204,-36.87829160255501,100 174.99870909543787,-36.87828051932534,100 174.99872623042071,-36.878269283759174,100 174.99873935625394,-36.87826052393653,100 174.9987560106987,-36.878248801633866,100 174.99877186886002,-36.87823644468718,100 174.99878284799038,-36.87822753801368,100 174.9987975012596,-36.87821415041293,100 174.9988103264036,-36.87819971019929,100 174.99881182691428,-36.87819779310938,100 174.99881507684867,-36.878192963304,100 174.9988221215556,-36.87818186775715,100 174.99883095984106,-36.87816516384427,100 174.99883289680423,-36.87816161255183,100 174.99884144087252,-36.878144898266434,100 174.99884966996333,-36.87812806580122,100 174.9988580913135,-36.87811129229064,100 174.99885964009184,-36.87810804225669,100 174.99886804107575,-36.878091176253506,100 174.99887810626925,-36.87807510063381,100 174.9988790231502,-36.87807390629697,100 174.9988922079803,-36.87805932122128,100 174.99890653096404,-36.87804527309926,100 174.9989126945746,-36.87803902608072,100 174.99892656254576,-36.878024738654595,100 174.9989393072078,-36.87800988157528,100 174.99894204879098,-36.87800603733685,100 174.9989497889233,-36.87799386113108,100 174.99895225027257,-36.87798989722757,100 174.99896192477402,-36.87797342529095,100 174.9989661324314,-36.8779670750851,100 174.99897708384185,-36.877951169312695,100 174.9989880179802,-36.87793524670512,100 174.99899115002086,-36.877930543259176,100 174.99900162967165,-36.87791444443155,100 174.99901188259102,-36.877898255682425,100 174.99901462854476,-36.877893976939,100 174.9990248271547,-36.877877727813804,100 174.99903439927868,-36.87786128913988,100 174.99903444842113,-36.87786119457704,100 174.99904277903826,-36.8778443000027,100 174.99905110960486,-36.87782740362603,100 174.99905678406375,-36.87781853301589,100 174.99906760783864,-36.87780238062248,100 174.99907332297957,-36.87779192933635,100 174.9990763469614,-36.87778643816191,100 174.99907983559285,-36.87777669401374,100 174.9990832665067,-36.87776008918879,100 174.99908399076955,-36.87774311711262,100 174.999082139873,-36.8777261306874,100 174.99907788057175,-36.87770954441183,100 174.99907234618266,-36.87769370965146,100 174.99906429944562,-36.877678247046234,100 174.99906145454898,-36.87767365318983,100 174.99905129041954,-36.87765908065328,100 174.99904128977425,-36.87762728409707,100 174.99902169341885,-36.87759656203461,100 174.99901292857876,-36.87758496820074,100 174.99899349963314,-36.87755769712354,100 174.99898944604135,-36.877548913600265,100 174.9989757736959,-36.87752224777069,100 174.99897275400352,-36.87751576861554,100 174.99895418056798,-36.877479096025624,100 174.99894984119175,-36.877471184366726,100 174.998927299285,-36.87743596295571,100 174.9989162084812,-36.8774180324078,100 174.99889814992656,-36.87738122586265,100 174.99888792172547,-36.877357781023306,100 174.998871661616,-36.877320415145306,100 174.99886782787178,-36.877311456669744,100 174.99885611676427,-36.87728449193896,100 174.9988553973373,-36.8772804788078,100 174.99885471113,-36.87727644889415,100 174.9988540432647,-36.877272433994094,100 174.99885337542293,-36.87726841999495,100 174.99885270755777,-36.87726440509488,100 174.99885200567454,-36.877260376346264,100 174.99885128510314,-36.877256362333014,100 174.99885051409186,-36.87725235006975,100 174.9988497083168,-36.87724833839141,100 174.9988488326151,-36.87724431256744,100 174.99884787054128,-36.87724028729542,100 174.99884682014596,-36.8772361877997,100 174.99884571662167,-36.87723207297439,100 174.99884456178847,-36.877227926565325,100 174.99884340672648,-36.87722381440977,100 174.99884221917313,-36.87721974696491,100 174.99884105006169,-36.877215741399915,100 174.99883993570003,-36.87721181332738,100 174.99883885971923,-36.877208023410304,100 174.99883789050185,-36.877204369596775,100 174.99883696085712,-36.877200856622565,100 174.99883612075536,-36.877197464719444,100 174.99883530069252,-36.87719419595818,100 174.99883453617792,-36.877191035320394,100 174.99883379122662,-36.877187936543606,100 174.99883302910783,-36.877184867798796,100 174.9988323017763,-36.87718179936995,100 174.99883155804648,-36.877178747440546,100 174.99883083029235,-36.87717566279528,100 174.99883006615397,-36.87717251657203,100 174.99883047725413,-36.87716935057456,100 174.99883092277162,-36.87716621374112,100 174.99883135258932,-36.877163077171836,100 174.99883176374232,-36.87715995623882,100 174.99883219286133,-36.877156835904806,100 174.99883263910084,-36.87715368373699,100 174.9988330490324,-36.87715051595655,100 174.9988334757322,-36.87714730282864,100 174.99883390198573,-36.8771440725834,100 174.99883432666562,-36.87714078197709,100 174.99883469619658,-36.87713739856276,100 174.99883501254556,-36.877133954754406,100 174.99883529171169,-36.87713041873709,100 174.99883553529202,-36.87712685177278,100 174.99883579683842,-36.87712328540748,100 174.99883610882472,-36.877119717292175,100 174.99883650947885,-36.87711619365162,100 174.9988370149232,-36.87711273043806,100 174.99883766226424,-36.8771093738951,100 174.99883848469798,-36.87710610633936,100 174.99883948416783,-36.87710295928389,100 174.9988406580082,-36.87709991655,100 174.99884195614896,-36.877096951039654,100 174.99884335863365,-36.87709402883897,100 174.99884486700643,-36.877091166145476,100 174.99884639262302,-36.87708831938534,100 174.998847971345,-36.87708548705385,100 174.99884951418176,-36.877082655326156,100 174.99885104012088,-36.8770797779161,100 174.9988524606239,-36.87707690137878,100 174.99887249902733,-36.877054786837775,100 174.99890434550807,-36.87702863043543,100 174.9989167342553,-36.877020051541436,100 174.99895230605276,-36.876997233073396,100 174.99897748601617,-36.87698208742932,100 174.9990132340446,-36.87695940297658,100 174.99904467505937,-36.876938998289894,100 174.9990796055203,-36.87691550918854,100 174.99910083928842,-36.87690137990172,100 174.99913747426703,-36.876879454709254,100 174.99916664682866,-36.876860129174304,100 174.99919748885443,-36.87683327756598,100 174.99922062429056,-36.876810718779886,100 174.99925068750727,-36.87678321510015,100 174.9992799755734,-36.87675519899643,100 174.99928012710888,-36.876755072967136,100 174.99930823469072,-36.87672627365909,100 174.99932953639757,-36.87670305080571,100 174.99933661790948,-36.87669505240074,100 174.99934048776322,-36.87669016437872,100 174.99934430643125,-36.87668529254027,100 174.99934809155695,-36.87668046813417,100 174.99935185834033,-36.87667562871444,100 174.99935566100817,-36.87667078869063,100 174.9993594800737,-36.87666593216722,100 174.99936336634622,-36.87666102854595,100 174.99936730340403,-36.876656093425396,100 174.99937130869623,-36.87665110758443,100 174.9993754335724,-36.87664606114578,100 174.99937967759237,-36.87664098025473,100 174.9993840263016,-36.87663591292379,100 174.9993884785787,-36.87663085917183,100 174.99939298194013,-36.876625742369775,100 174.99939753496528,-36.876620594087264,100 174.99940212073292,-36.87661536774112,100 174.99940668725915,-36.87661004888404,100 174.99941123299968,-36.8766046213185,100 174.99941575677983,-36.876599039998936,100 174.99942019017058,-36.876593305175724,100 174.99942452883195,-36.87658729344291,100 174.99942877356273,-36.876581035431485,100 174.99943292548429,-36.87657453112258,100 174.99943707458596,-36.876567918704175,100 174.99944122054512,-36.876561228826134,100 174.99944542000821,-36.876554568691866,100 174.99944970826178,-36.87654800079894,100 174.99945412204275,-36.87654160023882,100 174.9994586996792,-36.87653546010229,100 174.999463458069,-36.87652962607159,100 174.99946845113953,-36.87652414410696,100 174.99947364242968,-36.876518906665275,100 174.9994789585487,-36.87651385279158,100 174.9994844181375,-36.876508965948574,100 174.99948996843705,-36.8765042019589,100 174.99949557231727,-36.876499513678205,100 174.9995011770191,-36.876494856929185,100 174.99950679814185,-36.876490184581286,100 174.9995123660584,-36.8764854509385,100 174.9995178432629,-36.87648059444192,100 174.99952099732292,-36.876477857263026,100 174.99952407429709,-36.876474874423444,100 174.99952711321842,-36.87647176604131,100 174.9995301689072,-36.87646861231155,100 174.99953322661625,-36.876465536060095,100 174.99953633992698,-36.87646261299616,100 174.9995394788625,-36.87645998422816,100 174.9995427320668,-36.87645769332944,100 174.9995460505227,-36.876455882630154,100 174.99954952252807,-36.87645462545261,100 174.99955281985896,-36.87645389757819,100</coordinates></LinearRing></outerBoundaryIs>
    </Polygon>
  </Placemark>

  <Placemark>
    <name>Beachlands</name>
    <Point>
      <altitudeMode>relativeToGround</altitudeMode>
      <coordinates>175.01574580818104,-36.90806897225628,100</coordinates>
    </Point>
  </Placemark>

</Document>
</kml>