<?xml version="1.0" encoding="utf-8"?>
<kml xmlns="http://www.opengis.net/kml/2.2">
<Document>
  <name>Clendon Park (polygon: official_shp)</name>
  <open>1</open>

  <Placemark>
    <name>Clendon Park (polygon: official_shp)</name>
    <Style>
      <LineStyle><color>ffff0000</color><width>2</width></LineStyle>
      <PolyStyle><color>66ff0000</color><fill>1</fill><outline>1</outline></PolyStyle>
    </Style>
    <Polygon>
      <tessellate>1</tessellate>
      <altitudeMode>relativeToGround</altitudeMode>
      <outerBoundaryIs><LinearRing><coordinates>174.86042225924894,-37.037400072431765,100 174.86011121421052,-37.0375085593872,100 174.86022073895597,-37.03766686858059,100 174.86031617328015,-37.03763356926597,100 174.86039353798904,-37.03774538319599,100 174.8606038932347,-37.03766272822515,100 174.8606450622484,-37.037722231959656,100 174.86080973891825,-37.03796019896273,100 174.8607180075968,-37.0379391387269,100 174.86052142781506,-37.03802658908683,100 174.8606426803907,-37.038201747672545,100 174.8606717896429,-37.038277796558525,100 174.8606995579132,-37.038350354985766,100 174.86070427305987,-37.03846549580383,100 174.86070584734736,-37.03850350529865,100 174.86070162024726,-37.038659748024074,100 174.86070096472463,-37.03868309761295,100 174.8606411519453,-37.03880930924917,100 174.860619418356,-37.03885524632057,100 174.8605632767755,-37.03897369777204,100 174.8605225454525,-37.03905970112697,100 174.86048541812133,-37.03913803911673,100 174.86043930803197,-37.039235332742486,100 174.8604075415361,-37.039302396013646,100 174.86035603841475,-37.039411088283266,100 174.8603296301833,-37.03946676962808,100 174.86027275194627,-37.03958681338537,100 174.86025177056055,-37.03963111083423,100 174.8601738761702,-37.03979546875791,100 174.86009603124043,-37.03995979340764,100 174.86006638365492,-37.03999866567587,100 174.8600312601478,-37.04004452330235,100 174.86002053484665,-37.04016453086106,100 174.8600037024101,-37.04035453492423,100 174.86024633824994,-37.04039162736913,100 174.86022299565192,-37.040447998775356,100 174.86017200029985,-37.04057500292646,100 174.86013700099397,-37.04066299826258,100 174.86008399932993,-37.0407940013857,100 174.86007299883505,-37.04082099944867,100 174.86001500080636,-37.040963997953334,100 174.86000900522527,-37.040980006322194,100 174.85993999797267,-37.04115099441805,100 174.85993000708766,-37.0411749996243,100 174.85985599521962,-37.041357007093005,100 174.85944699278122,-37.042370995205474,100 174.8575849991735,-37.04178100539473,100 174.85756365778732,-37.041774404084876,100 174.85756091108158,-37.041763704441536,100 174.85756003067345,-37.04175927389242,100 174.8575576290327,-37.041744602199266,100 174.8575565185313,-37.04173741996269,100 174.85755268588017,-37.041722990599325,100 174.8575511096389,-37.04171976517747,100 174.85754273709097,-37.04170654436138,100 174.8575399550137,-37.0417016361593,100 174.85753262946423,-37.041688055547866,100 174.85752542307898,-37.04167442800442,100 174.857521226009,-37.041667097621406,100 174.85751348841507,-37.0416536793875,100 174.85750599020486,-37.0416401645696,100 174.8575051170635,-37.041638569413315,100 174.85749806425193,-37.041624876371515,100 174.85749149394562,-37.04161105139271,100 174.8574855420986,-37.04159704457868,100 174.85748320784944,-37.04159071971995,100 174.8574783053044,-37.04157644771243,100 174.85747314427812,-37.04156222662049,100 174.85747223580165,-37.04156001191909,100 174.85746599292554,-37.04154610429861,100 174.85745928401317,-37.04153231213273,100 174.85745304200205,-37.041519131851494,100 174.857445734136,-37.04150558340399,100 174.8574368245166,-37.041493021732784,100 174.85742773428612,-37.04148015374144,100 174.85742305074555,-37.04147149974437,100 174.85741677264966,-37.04145757644896,100 174.85741102536846,-37.04144347359257,100 174.8574065085473,-37.04143261779832,100 174.8574006773455,-37.041418577544306,100 174.8573943820662,-37.04140468696359,100 174.85739184911753,-37.04139740532387,100 174.8573837055452,-37.041384350354896,100 174.85737252218158,-37.041377403366106,100 174.85737245098395,-37.04137734229096,100 174.85736610298864,-37.04136405640881,100 174.8573634214375,-37.04134864641772,100 174.85736338508124,-37.04134858479696,100 174.85735692942515,-37.04133904732748,100 174.85734544788647,-37.041325538993995,100 174.85734201232924,-37.04131300696135,100 174.85734686392786,-37.04130530414031,100 174.8573425417779,-37.04129136282961,100 174.85733806895334,-37.04127700567236,100 174.85733332193544,-37.04126270057776,100 174.85732805907458,-37.041248543263,100 174.85732696583966,-37.041245897925464,100 174.85732072339115,-37.04123200561154,100 174.85731403102025,-37.041218197854924,100 174.85730722103204,-37.04120445412972,100 174.8573005118075,-37.041190646636124,100 174.85729385974494,-37.04118024608356,100 174.85728547069823,-37.04116643605144,100 174.85727950171696,-37.041152415072666,100 174.85727814804892,-37.04113806675385,100 174.8572795786297,-37.041130701415675,100 174.85728026713707,-37.04111696825622,100 174.85727824242772,-37.04110216627262,100 174.85727390258216,-37.041087543848725,100 174.85726778934915,-37.04107332413673,100 174.85726092590698,-37.04106020044232,100 174.85725239917235,-37.04104706043088,100 174.85724330524855,-37.04103408342335,100 174.85723444996088,-37.04102097919954,100 174.85723323129932,-37.041018769352966,100 174.85722600779914,-37.041005172700906,100 174.8572193000834,-37.040991379599184,100 174.85721303934335,-37.0409774731441,100 174.85720710371362,-37.04096343541521,100 174.85720144380372,-37.04094931585642,100 174.85719541605758,-37.040937680647495,100 174.85718827041993,-37.04092372585659,100 174.85718172828842,-37.040909667879724,100 174.85717634300295,-37.040895467408475,100 174.85717266777132,-37.04088107972872,100 174.8571712365408,-37.040866454118806,100 174.85717131093867,-37.04086083241166,100 174.8571708849911,-37.0408520261141,100 174.8571685209584,-37.04083746287895,100 174.85716444681043,-37.04082308414885,100 174.85715906037146,-37.040808835925375,100 174.85715277594664,-37.04079469459647,100 174.8571459918602,-37.04078067285261,100 174.85713910512337,-37.040766683359955,100 174.85713490919937,-37.0407568121625,100 174.85712870017338,-37.04074290399104,100 174.85712225025637,-37.04072903023531,100 174.8571156452605,-37.04071520577522,100 174.8571090402671,-37.040701381314655,100 174.85710833982745,-37.04069981319404,100 174.85710199296614,-37.04068592340257,100 174.85709552542798,-37.040672064341955,100 174.85708871440778,-37.04065832061817,100 174.85708243501048,-37.040646968747424,100 174.85707452603728,-37.040633615354004,100 174.8570663076553,-37.040620345217995,100 174.85705800537417,-37.04060713858507,100 174.85704975253023,-37.040593884309544,100 174.85704177540558,-37.04058054820424,100 174.85703486584615,-37.04056894301567,100 174.85702704007193,-37.040555450416335,100 174.8570195749944,-37.04054185663077,100 174.85701269394522,-37.04052809867625,100 174.8570066063212,-37.04051418769538,100 174.85700144697708,-37.040500028742464,100 174.856998370969,-37.04048863662756,100 174.8569952442536,-37.040474055585356,100 174.85699249702753,-37.04045940641152,100 174.8569896280043,-37.04044474201966,100 174.85698706866734,-37.040435820406046,100 174.85698242701662,-37.04042158935418,100 174.8569772680571,-37.04040744571607,100 174.8569716112422,-37.04039344957455,100 174.85696552363737,-37.040379538590784,100 174.85695903858675,-37.040365696920446,100 174.85695222724743,-37.04035193787036,100 174.85694517539162,-37.0403382285519,100 174.8569379171534,-37.04032458555547,100 174.85693052070025,-37.04031094562368,100 174.85692302047343,-37.04029733796044,100 174.8569155033909,-37.040283730560525,100 174.85690800240138,-37.04027009136243,100 174.85690057149148,-37.040256467290185,100 174.85689329526977,-37.04024277770429,100 174.8568862254749,-37.040229069564006,100 174.85687941304244,-37.04021526455967,100 174.85687532647947,-37.04020235694267,100 174.85687052074223,-37.04018780398424,100 174.85686497895412,-37.04017358972257,100 174.8568581369841,-37.040159956427296,100 174.85684941150745,-37.040147143063166,100 174.85684839574046,-37.04014610714112,100 174.85683634914707,-37.04013473017381,100 174.85682528024762,-37.04012301072558,100 174.85682464849373,-37.04012204630398,100 174.85681837780453,-37.040108417582445,100 174.8568145217379,-37.04009380198526,100 174.8568110773489,-37.04007896272849,100 174.8568105185627,-37.040077532090685,100 174.85680425984413,-37.040063702189656,100 174.85679717548524,-37.04005008710579,100 174.85678947303396,-37.040036668267696,100 174.85678128923726,-37.04002338224575,100 174.85677281247536,-37.040010162098156,100 174.8567642499667,-37.03999697573922,100 174.85675577472978,-37.03998377178992,100 174.85674757256757,-37.03997046982939,100 174.85674342499965,-37.039962395062666,100 174.85673661487914,-37.03994868284728,100 174.85673002875453,-37.03993488871139,100 174.85672366402673,-37.03992099827485,100 174.85671747310985,-37.0399070888936,100 174.85671140056456,-37.03989310014667,100 174.85670546551427,-37.03987907860268,100 174.8566996001257,-37.03986505506655,100 174.85669380219952,-37.03985098540876,100 174.85668805668158,-37.039836897805436,100 174.85668227557437,-37.039822826081064,100 174.85667649598835,-37.039808770556064,100 174.85667066470546,-37.03979471583995,100 174.85666761907748,-37.03978770628936,100 174.85666153008833,-37.03977373402033,100 174.8566554744232,-37.03975974500578,100 174.85664936930453,-37.03974580273158,100 174.8566432623401,-37.03973183074281,100 174.85663715572915,-37.03971787316903,100 174.85663099744346,-37.03970391730505,100 174.85662482267486,-37.03968997702091,100 174.85661857895158,-37.03967606755883,100 174.85661233602542,-37.039662144564296,100 174.85660600618434,-37.039648253574256,100 174.85660303176402,-37.03964130509722,100 174.85659702667888,-37.03962726841952,100 174.8565909886474,-37.03961326380287,100 174.85658479628967,-37.03959929314719,100 174.8565784151334,-37.03958541828085,100 174.8565717414299,-37.03957162640683,100 174.85656472565756,-37.039557961562956,100 174.8565572799291,-37.03954446207831,100 174.8565559755629,-37.039542286012264,100 174.85654775851472,-37.03952906178135,100 174.85653911296387,-37.0395160164063,100 174.85653019317795,-37.039503067256156,100 174.85652110297636,-37.039490183864075,100 174.85651192548772,-37.03947731715966,100 174.85650285177772,-37.03946441818572,100 174.85649396609867,-37.039451437854375,100 174.856486048532,-37.03943906066542,100 174.85648414912703,-37.03943604217782,100 174.856477272187,-37.03942562977104,100 174.85646838943663,-37.039412123029045,100 174.85645947297286,-37.039398616814005,100 174.85645563038997,-37.039392905894395,100 174.85644655924668,-37.039379465190684,100 174.85643747195056,-37.03936605358083,100 174.8564282974334,-37.03935266136143,100 174.85641912402156,-37.03933926822266,100 174.85640995135904,-37.039325905715806,100 174.8564007596205,-37.039312498441426,100 174.85639471471742,-37.03930471834021,100 174.85638393245625,-37.03929206511434,100 174.85637290972642,-37.03927946342019,100 174.85636228065962,-37.03926672938097,100 174.856358018026,-37.039260158876964,100 174.85634951894664,-37.03924675427722,100 174.85634119103958,-37.03923326858423,100 174.85633298339596,-37.03921973504181,100 174.8563248442952,-37.03920615355812,100 174.85631680822166,-37.03919255513918,100 174.85630873731074,-37.03917895726485,100 174.85630085227723,-37.039165835975695,100 174.85629273041948,-37.039152269541894,100 174.8562846415352,-37.039138671947036,100 174.85627662233463,-37.03912507326098,100 174.8562702171868,-37.039112886897605,100 174.85626286548035,-37.03909895059016,100 174.85625493168604,-37.039085303697945,100 174.85624583631238,-37.03907225001689,100 174.85624022698514,-37.03906587273311,100 174.856228535356,-37.03905414854894,100 174.85621617549606,-37.03904273135075,100 174.85620393548322,-37.03903124918424,100 174.8562036863185,-37.039030989902145,100 174.85619246855217,-37.039018917604864,100 174.85618147366176,-37.039006717438376,100 174.856170478753,-37.038994516369776,100 174.85616202155822,-37.038985230068654,100 174.8561539717307,-37.03897438894815,100 174.8561453074405,-37.038960614678345,100 174.85613650833875,-37.03894698312123,100 174.85612633567834,-37.03893442758601,100 174.8561134102933,-37.0389238862827,100 174.8561098545131,-37.038921732824505,100 174.8561054459963,-37.03891877342306,100 174.85609276733263,-37.03890709801872,100 174.85608365315377,-37.03889336232982,100 174.85607908365552,-37.038878574001195,100 174.85607863784864,-37.038873563406234,100 174.85607570415212,-37.038862927934936,100 174.8560679273822,-37.03884930921629,100 174.85605732953908,-37.038836421436926,100 174.8560456180006,-37.03882396928976,100 174.8560326948226,-37.03881287093538,100 174.85602025964766,-37.03880122055444,100 174.85601263019643,-37.03878792579945,100 174.85601173685666,-37.038783651363644,100 174.856011405465,-37.0387822775508,100 174.8560063299682,-37.03876799375628,100 174.85599883158127,-37.03875444818892,100 174.85598942611938,-37.038741446206586,100 174.85597864552128,-37.03872885510511,100 174.85596705804556,-37.0387165100664,100 174.85595514466124,-37.038704262960586,100 174.85594350551168,-37.0386919655959,100 174.85594038364175,-37.038687915303896,100 174.85593044739608,-37.03867513883657,100 174.85592047668655,-37.03866237822981,100 174.85591047190806,-37.03864964970092,100 174.8559004334386,-37.03863692259959,100 174.85589706128707,-37.03863261304107,100 174.85587953014502,-37.038627261392286,100 174.85586651589603,-37.03862308737644,100 174.85584022324127,-37.038614602869735,100 174.85581388194805,-37.03860619843304,100 174.85578740992543,-37.03859810428249,100 174.85576077764625,-37.03859049302946,100 174.85575869243658,-37.03858958469016,100 174.8557518427824,-37.03857760714338,100 174.8557423355938,-37.03856019303545,100 174.85573234072208,-37.03854329759725,100 174.8557213939103,-37.03852835576113,100 174.85570902888293,-37.03851671957064,100 174.85569474772566,-37.03850987315484,100 174.85568347823505,-37.03850938610455,100 174.85567854790295,-37.038508959409036,100 174.85567061757547,-37.03851031916879,100 174.8556629486142,-37.03851368655447,100 174.85565168480508,-37.0385082602542,100 174.85564165982677,-37.03850061087811,100 174.85562956104243,-37.038490489214816,100 174.8556205715102,-37.03848528600646,100 174.8556050043389,-37.03847890854908,100 174.85559397647756,-37.03847583096122,100 174.85557677694757,-37.03847319962911,100 174.85557566584774,-37.038473095334844,100 174.85555821940767,-37.03847283739679,100 174.85554078683765,-37.03847250262815,100 174.85554004096937,-37.03847243768528,100 174.85552253616527,-37.03847001301348,100 174.85550644738217,-37.03846488480157,100 174.85550616753198,-37.03846475037823,100 174.85549160783785,-37.038456575262906,100 174.85548069836645,-37.03844561298791,100 174.85547880091312,-37.03844267196477,100 174.85547462401016,-37.03842959535837,100 174.85547373525057,-37.03841516132211,100 174.8554735001462,-37.03840051426668,100 174.8554715364468,-37.03838732282229,100 174.8554712664737,-37.0383856542211,100 174.85546819843694,-37.03837259001128,100 174.85546714176044,-37.03836807026655,100 174.85546345499023,-37.03835323565556,100 174.85545880362776,-37.03833863424969,100 174.85545633028,-37.03833226465272,100 174.85544976883895,-37.03831812935799,100 174.8554419885108,-37.03830435742872,100 174.85543319371436,-37.03829089429256,100 174.8554236636524,-37.0382777554105,100 174.8554135507384,-37.038264874405506,100 174.85540740594755,-37.03825658567364,100 174.8553971930203,-37.03824384503275,100 174.8553862474158,-37.03823153495919,100 174.85537597865343,-37.03822121159192,100 174.85537452046236,-37.03821978059433,100 174.8553641743207,-37.03821048141903,100 174.85535131959008,-37.038199969567934,100 174.8553403996772,-37.038191855570176,100 174.85532730864983,-37.03818156642995,100 174.85532461148028,-37.03817916517735,100 174.85532150084182,-37.03817746800318,100 174.85530275062828,-37.03817574596857,100 174.8552849673808,-37.0381745811357,100 174.8552665680112,-37.03817433986174,100 174.85525307379794,-37.03817423096526,100 174.8552476327093,-37.0381669992659,100 174.8552486820757,-37.03816221133687,100 174.85526153547337,-37.03814998776831,100 174.85526702003153,-37.038143946150235,100 174.85527043414538,-37.038140789551086,100 174.855284129267,-37.03813095299312,100 174.85529881569647,-37.03812188866964,100 174.85531226803909,-37.038112009038,100 174.8553184065561,-37.038105166742895,100 174.8553276093036,-37.03809243334832,100 174.85533572109088,-37.03807908339943,100 174.85533712111825,-37.03807706240286,100 174.85534553299675,-37.0380638934284,100 174.85535188478565,-37.038050154604825,100 174.85535276700546,-37.038047507188004,100 174.8553557543455,-37.038032960243605,100 174.85535640503292,-37.038024911314366,100 174.85536027765454,-37.03801361685628,100 174.85536742739856,-37.03799991241806,100 174.85537211592788,-37.0379861563477,100 174.85537621810994,-37.0379718217972,100 174.8553801637279,-37.037957429308065,100 174.85538264169773,-37.037951656436015,100 174.85538446837856,-37.03794420740744,100 174.85538638679944,-37.03793692458678,100 174.85538302063458,-37.037926345431934,100 174.85537352524992,-37.037911903614386,100 174.85536823658794,-37.037904559576525,100 174.85536019886703,-37.03789023375792,100 174.8553587107788,-37.037881245773924,100 174.8553577311478,-37.03787827416818,100 174.85534950198019,-37.03786393511985,100 174.85534015542046,-37.03784987943444,100 174.85533504684415,-37.037838894004295,100 174.85532965429707,-37.03782247723709,100 174.8553284626611,-37.03780640665668,100 174.85533347549074,-37.03779179378033,100 174.85533610892372,-37.03778862054886,100 174.85534876855834,-37.03777629184513,100 174.8553515454937,-37.03777328671555,100 174.85535159453804,-37.03777317689032,100 174.85534252406535,-37.037759100662704,100 174.855328887299,-37.037751699731366,100 174.85532603030055,-37.037747211750315,100 174.85532255115547,-37.037740812816786,100 174.85531739779776,-37.03772553876902,100 174.8553163756319,-37.03771841731229,100 174.85531612593203,-37.03771166863068,100 174.8553182245578,-37.037696222564215,100 174.85532315002393,-37.037680930568335,100 174.8553297739389,-37.03766571655694,100 174.8553369350571,-37.0376504941423,100 174.85534352413273,-37.037635234708446,100 174.85534835853025,-37.03761980443349,100 174.85535031252613,-37.037604144315125,100 174.85535027458513,-37.03760078393708,100 174.85535196379737,-37.03758819510603,100 174.85535730957423,-37.037573081301936,100 174.855364671148,-37.037558196443854,100 174.85537230839356,-37.03754332079281,100 174.85537853784606,-37.03752820668475,100 174.85538078513844,-37.037520301324676,100 174.85538170373746,-37.03751836356789,100 174.8553930388014,-37.037506399877834,100 174.8554097794102,-37.037497068168186,100 174.85542814888137,-37.037488466271284,100 174.8554328711539,-37.037485659641455,100 174.85544946561842,-37.037476051708694,100 174.85546577645496,-37.03746620035116,100 174.8554808019049,-37.037455596679266,100 174.85549349225676,-37.03744374787617,100 174.85550284387782,-37.03743016040463,100 174.8555037640078,-37.037428285714405,100 174.85551050367064,-37.03741866068587,100 174.85552375295873,-37.03740705009394,100 174.85553916275936,-37.03739653323676,100 174.85555429230934,-37.0373859117037,100 174.85555939421786,-37.03738175077566,100 174.85557397106325,-37.037372487142136,100 174.85559088665855,-37.03736388002412,100 174.8556073983901,-37.03735507823049,100 174.85562168134044,-37.037344549248246,100 174.85562286343693,-37.03734341403662,100 174.85563121492712,-37.037333219396466,100 174.85563342017093,-37.03733019255971,100 174.85563538889156,-37.03732608605291,100 174.85564286948696,-37.03731373829597,100 174.85565312019102,-37.037300738819845,100 174.85566424940848,-37.03728817354812,100 174.8556696802913,-37.03728205523912,100 174.8556756308757,-37.03727405498334,100 174.8556844433385,-37.037260351552426,100 174.8556942591072,-37.037247266944,100 174.85570452863269,-37.037237535305984,100 174.8557186066447,-37.03722708703088,100 174.85572293144048,-37.03722430283176,100 174.85573059214565,-37.03721935468087,100 174.8557455764694,-37.0372097899244,100 174.8557611149074,-37.03720086543731,100 174.8557624146832,-37.037200223200394,100 174.85577798786753,-37.03719323417362,100 174.85577917117985,-37.037192795651286,100 174.85579673097044,-37.0371862685551,100 174.85580572573468,-37.03718199443438,100 174.85582200406398,-37.03717353695693,100 174.85583842777936,-37.03716532506183,100 174.85584358551526,-37.03716392034449,100 174.8558601655224,-37.037156355842946,100 174.85586396460423,-37.03715012695947,100 174.85587064102185,-37.03713619826118,100 174.85587292627116,-37.03712454376495,100 174.8558743115144,-37.03710898627297,100 174.85587635449107,-37.037097955666106,100 174.8558756574984,-37.03708613602396,100 174.85587359751375,-37.03707065316711,100 174.85587428308455,-37.03706325443202,100 174.8558776668776,-37.03704795679184,100 174.8558825258932,-37.037032804613936,100 174.8558827962261,-37.03703190178173,100 174.85588498984788,-37.0370239188384,100 174.8558902265493,-37.03700927179146,100 174.8558956420395,-37.036998043305914,100 174.8559028711628,-37.03698539031941,100 174.8559069119191,-37.03697200218172,100 174.85590817022185,-37.03695686488145,100 174.85590873175246,-37.03694160058336,100 174.855910100633,-37.036931928877436,100 174.85591404261788,-37.03691679284917,100 174.85592137716174,-37.036902882692225,100 174.85592647949895,-37.03689680195935,100 174.8559389831543,-37.036885141699806,100 174.85593920377852,-37.03688496790082,100 174.8559525747618,-37.036874021423166,100 174.8559646981755,-37.03686235178837,100 174.85596658733726,-37.036859827412414,100 174.855968658445,-37.03685697211397,100 174.85596923064526,-37.03685572296309,100 174.85596753724298,-37.03684162869254,100 174.85595944885023,-37.03682669892856,100 174.85595838847152,-37.03681232976877,100 174.85595959178582,-37.0367977512368,100 174.85596254262296,-37.03678309669072,100 174.85596668767067,-37.036768405432525,100 174.8559714369302,-37.0367536875952,100 174.85597621957956,-37.03673890974898,100 174.85598048298777,-37.036724139125916,100 174.85598078749663,-37.03672126910813,100 174.85598121628263,-37.036717869881485,100 174.85598286148144,-37.03670232364225,100 174.8559842628101,-37.036686735252225,100 174.85598569897758,-37.03667114631703,100 174.85598736103253,-37.036655599813905,100 174.8559895437735,-37.03664010555096,100 174.85599249149138,-37.036624676830506,100 174.85599487361432,-37.03661469364035,100 174.8559954393066,-37.036609944818295,100 174.8559948170419,-37.03659445298577,100 174.85599226969023,-37.03657885517824,100 174.85599006771625,-37.03656322042069,100 174.8559896124195,-37.03655463268665,100 174.85598981425096,-37.03653886387633,100 174.85599168988978,-37.0365287191656,100 174.85599269831962,-37.03652368401089,100 174.85599578803044,-37.0365161656376,100 174.8560041493624,-37.03650245572244,100 174.8560146216032,-37.03648928059948,100 174.85602575773802,-37.036476360071426,100 174.85602956345227,-37.03647229872077,100 174.85604121433894,-37.03645983340819,100 174.8560502072647,-37.03644643717588,100 174.85605414704412,-37.03643444493386,100 174.85605531759046,-37.036426417608375,100 174.85605702162334,-37.03641111830633,100 174.85606105765845,-37.0364014634481,100 174.85607010188122,-37.03638800422146,100 174.8560812566977,-37.03637511313906,100 174.85609024152362,-37.036365263671364,100 174.8560926756149,-37.03636240269078,100 174.85609755860835,-37.036355257334804,100 174.85610678756632,-37.03634222874306,100 174.8561166661267,-37.036329560422416,100 174.85611831184096,-37.036327612183186,100 174.85612936861668,-37.036315589687305,100 174.85614107501624,-37.03630392836306,100 174.8561529754486,-37.03629238657902,100 174.85615873254247,-37.036286187433525,100 174.85617010434407,-37.03627426725967,100 174.85618230713303,-37.036263046112886,100 174.8561861253771,-37.03626010037862,100 174.8562004018283,-37.03625060883368,100 174.85621565384918,-37.0362419825967,100 174.85623134837812,-37.03623370725154,100 174.85624693459116,-37.03622527767338,100 174.85625141701203,-37.03622259824419,100 174.85625522280748,-37.03621918762842,100 174.85626974403388,-37.03620589774454,100 174.85627989423412,-37.03619626075964,100 174.85628425830996,-37.036193661594936,100 174.85629557094813,-37.03618670042191,100 174.85631045345008,-37.036177212899,100 174.85632510444032,-37.03616749826296,100 174.85633952502073,-37.03615755559532,100 174.8563536796014,-37.03614740077536,100 174.8563676382333,-37.03613704802909,100 174.85637929572812,-37.03612938293858,100 174.85639198732275,-37.03611824605383,100 174.85640117105135,-37.03610871882171,100 174.85640379787,-37.036094936392324,100 174.8563980437804,-37.036090869622114,100 174.85639792512552,-37.03607676332937,100 174.85640121102293,-37.03607139419504,100 174.85640435625353,-37.03606468071033,100 174.85641030753683,-37.036050206323104,100 174.85641351600194,-37.03604521244248,100 174.8564139672777,-37.03604458437955,100 174.85642128630818,-37.03603073662485,100 174.85642511445377,-37.03602173485003,100 174.85642960503813,-37.03600637210212,100 174.8564354962327,-37.03599095408488,100 174.8564308911842,-37.035978070779,100 174.85642801905226,-37.03597753168372,100 174.85642644458005,-37.03597238643169,100 174.85642402511968,-37.03596804485014,100 174.85641177345548,-37.03595546418401,100 174.8564106670706,-37.03595425932815,100 174.8563992911714,-37.03594139997024,100 174.8563924547677,-37.03593185307022,100 174.85638467102183,-37.03591733677137,100 174.8563811145698,-37.03590997918571,100 174.8563767717653,-37.03589461408168,100 174.85637656628052,-37.03589337800119,100 174.8563775475773,-37.03587762673379,100 174.85638568844232,-37.0358634560696,100 174.8563913356695,-37.035859626364584,100 174.85639359339137,-37.035857280080265,100 174.85640073869936,-37.03584405514432,100 174.85640177773928,-37.035843417882575,100 174.8564076719218,-37.03584040359938,100 174.8564106536506,-37.03583727176131,100 174.85641464220572,-37.03582645494882,100 174.85641721416334,-37.03581642191095,100 174.85642154744536,-37.03580623422277,100 174.85642215607345,-37.03580565056506,100 174.85642632654316,-37.035793901658096,100 174.85642662818637,-37.035789622040504,100 174.856425850798,-37.03577418040633,100 174.856426406222,-37.03577099641076,100 174.85643040234353,-37.03575591990485,100 174.85643117019592,-37.03575291825373,100 174.85643356787264,-37.03573766757593,100 174.85643370645533,-37.035732509032584,100 174.85642944575235,-37.03571760681795,100 174.8564253590381,-37.03571372756235,100 174.85641033614962,-37.03570373375381,100 174.8564075309345,-37.03569984796088,100 174.85640196030906,-37.03568521590809,100 174.85639756467802,-37.03566980476302,100 174.8563925175217,-37.035661110436095,100 174.85638435254344,-37.035647188655915,100 174.85638252320936,-37.03564353454736,100 174.8563772993365,-37.03563538557191,100 174.85636900631246,-37.03562188400073,100 174.85636884443971,-37.035621653997005,100 174.85636857610154,-37.03562069920644,100 174.8563675803512,-37.035605477302326,100 174.85636813123372,-37.035589825604994,100 174.85636725684583,-37.03558434312227,100 174.85636333736863,-37.035569232770435,100 174.8563577974545,-37.03555442988749,100 174.8563568729996,-37.03555224697007,100 174.85635235884868,-37.03554078630155,100 174.85634718116796,-37.03552594620328,100 174.85634240051814,-37.03551102057618,100 174.85633949833505,-37.03550222868491,100 174.8563347514252,-37.0354873034307,100 174.85633021203572,-37.035472312738406,100 174.85632922957464,-37.035467978408505,100 174.85632575624277,-37.03545272137035,100 174.85632046962752,-37.03543830118162,100 174.85632033993448,-37.03543800758276,100 174.85631391913753,-37.03542908959377,100 174.8563098392898,-37.03542549143394,100 174.85629530530238,-37.03541562695693,100 174.85628936455046,-37.03541044818533,100 174.85627848664967,-37.03539804429167,100 174.85627462961335,-37.0353917765789,100 174.85626806454772,-37.03537748725528,100 174.8562620384378,-37.03536520121318,100 174.8562556467973,-37.03535092359568,100 174.85625293406176,-37.03534404761882,100 174.8562478512303,-37.03532945389036,100 174.85624389426212,-37.035318804686476,100 174.85624005204878,-37.03530400316984,100 174.85623916403242,-37.03529994586476,100 174.85623973001773,-37.03528486716166,100 174.8562467390904,-37.035274959371726,100 174.8562521008794,-37.035268873663426,100 174.85626220253505,-37.035256139649114,100 174.85626293460422,-37.03525434630963,100 174.8562654284379,-37.03525047763113,100 174.85627142574896,-37.03523577089343,100 174.85627489757633,-37.03522640336051,100 174.85627866933407,-37.035211346593144,100 174.85627940253337,-37.03520706022185,100 174.85628044645148,-37.03519170995623,100 174.85628020986888,-37.03518287093975,100 174.85627831174682,-37.03516757212324,100 174.8562753752293,-37.0351523364249,100 174.85627390912342,-37.03514023589367,100 174.85627121460806,-37.035124965763536,100 174.8562664887247,-37.035110163655254,100 174.85625966326288,-37.03510036961605,100 174.85625270719467,-37.03508636581457,100 174.8562528581936,-37.03508425619671,100 174.85625502008165,-37.03507248014244,100 174.8562552019794,-37.0350689153322,100 174.85625156215528,-37.035059747419524,100 174.85625610593988,-37.03504703188246,100 174.85625713496728,-37.03504215142722,100 174.85625893592646,-37.035026587421584,100 174.85626197464524,-37.035019148252346,100 174.8562635333138,-37.03500425320255,100 174.85625303602149,-37.034996396749776,100 174.85624799948948,-37.034990675659365,100 174.8562397371673,-37.034976399373846,100 174.85623816499393,-37.03497393276544,100 174.8562299573817,-37.034959733135395,100 174.85622364024834,-37.034945004596835,100 174.85622122601393,-37.03493764355097,100 174.85621851016367,-37.03492218898496,100 174.8562182940379,-37.03491737578447,100 174.85621740712534,-37.034908145862886,100 174.8562168009338,-37.034892622230636,100 174.85621751089067,-37.034890705758386,100 174.8562178395875,-37.034889383805655,100 174.85622161644423,-37.03487582943776,100 174.8562202390082,-37.03487291093091,100 174.85621993457178,-37.03486862637673,100 174.8562260284508,-37.034853684691136,100 174.85622657585165,-37.034846938857775,100 174.85622277972226,-37.03483195094887,100 174.85622187523134,-37.03483049507205,100 174.8562189153625,-37.03482667388398,100 174.8562059864355,-37.03481531154113,100 174.8561951212028,-37.034806655973625,100 174.85618829936712,-37.034800888009485,100 174.85618422741723,-37.034794980573295,100 174.85617829090918,-37.034780230753235,100 174.85617448862038,-37.034774039691804,100 174.8561659833068,-37.03476035575596,100 174.85615960059593,-37.03474768862642,100 174.85615593585453,-37.034736942010674,100 174.85615258888265,-37.03472188488031,100 174.8561494812297,-37.03470672936768,100 174.85614896665436,-37.034704942017015,100 174.85614512331088,-37.03469207742107,100 174.85613977892945,-37.0346768045881,100 174.85613345473206,-37.0346617841308,100 174.8561272903498,-37.03464884859856,100 174.85611902471166,-37.03463443355385,100 174.85611757920816,-37.03463218217636,100 174.85611471926342,-37.034624984028255,100 174.85611539600848,-37.03460886618683,100 174.85612042479747,-37.034598108814706,100 174.85613103419368,-37.03458425194957,100 174.85613129932852,-37.0345838286931,100 174.85614048337044,-37.034569794942456,100 174.8561498951604,-37.03455583423832,100 174.8561553708347,-37.03454754756383,100 174.85616467584518,-37.034533495694866,100 174.85617408536197,-37.03451948815647,100 174.8561836705802,-37.03450554005801,100 174.85619353600433,-37.0344917416974,100 174.85620378878642,-37.03447815358795,100 174.85621446378136,-37.03446482205204,100 174.85622568271197,-37.03445175960567,100 174.85623753511695,-37.0344390883265,100 174.85624355615118,-37.034433022946416,100 174.8562441951013,-37.0344323459805,100 174.8562465063744,-37.03443003040664,100 174.85625834564468,-37.03441751255311,100 174.85626965074354,-37.03440443433329,100 174.8562800761949,-37.03439082819298,100 174.85628938190993,-37.034376806947805,100 174.85629725663696,-37.034362377271535,100 174.8563033737323,-37.03434765243307,100 174.85630747469824,-37.03433263557675,100 174.85630923225543,-37.03431741384346,100 174.85630848843633,-37.03430579592357,100 174.8563074177852,-37.03429035887413,100 174.85630739347746,-37.03428816006618,100 174.8563117281045,-37.03427738380619,100 174.85632154479237,-37.034263663710156,100 174.85632172266776,-37.03426321207573,100 174.8563230518473,-37.034259162433536,100 174.856325984004,-37.034248363957204,100 174.8563262412392,-37.03424761635351,100 174.85633178856574,-37.03423294729817,100 174.85633858707075,-37.03421841278531,100 174.85634616733506,-37.03420398771403,100 174.85635404354844,-37.034189620200856,100 174.85636178150844,-37.03417525394951,100 174.85636886056244,-37.034160883588676,100 174.856374831236,-37.034146471988755,100 174.8563792218472,-37.034131947216814,100 174.8563815139921,-37.034117303866516,100 174.85638129184582,-37.03410250157773,100 174.85637976741427,-37.03409862457983,100 174.85637767573456,-37.03408387137818,100 174.856390183128,-37.0340730321043,100 174.85639695217813,-37.03406453770535,100 174.85639880823325,-37.034056870984415,100 174.8563931440362,-37.03404194566325,100 174.85639290836653,-37.03404154736874,100 174.85637787244826,-37.03403234329818,100 174.85637609958894,-37.03403276130942,100 174.8563677595664,-37.03403172734299,100 174.8563543106457,-37.0340190428228,100 174.8563530089135,-37.03401632412363,100 174.8563573990773,-37.03400630589291,100 174.8563719588707,-37.03399577158974,100 174.8563917358978,-37.033984761763,100 174.85641179299887,-37.03397325002844,100 174.85641423277636,-37.03397122626622,100 174.85642763867355,-37.033959659091614,100 174.85644027172276,-37.03394765606162,100 174.8564514351793,-37.033935090181124,100 174.8564604341638,-37.03392191103708,100 174.8564654156021,-37.03391069021843,100 174.85646798709496,-37.033898055112154,100 174.85647052412202,-37.033885435867425,100 174.85647295551564,-37.03387277230925,100 174.8564733769303,-37.03387041059923,100 174.85647580984175,-37.033857763240746,100 174.85647798088903,-37.03384507311267,100 174.856479684438,-37.03383234433467,100 174.85647975402918,-37.03383169340334,100 174.85648059037874,-37.03381894755337,100 174.8564809922427,-37.03380613369502,100 174.85648141168767,-37.03379334930462,100 174.8564815943202,-37.03378981512642,100 174.85648346906373,-37.033777053024494,100 174.8564850501211,-37.03376428019679,100 174.8564853186587,-37.033754255265485,100 174.85648355840303,-37.03374157078479,100 174.85648074481077,-37.03372893523679,100 174.8564805255192,-37.03372787062041,100 174.85649542707287,-37.03373077394377,100 174.85650660398474,-37.03373298206781,100 174.85652214907464,-37.03373595102548,100 174.8565377836361,-37.033738439085546,100 174.85654836329903,-37.0337396660173,100 174.85656422957004,-37.033741050853024,100 174.8565801418711,-37.03374224839569,100 174.8565750004427,-37.03373844964385,100 174.85656832338077,-37.03373354558967,100 174.85656161266658,-37.033728690732374,100 174.85655491802044,-37.033723803176166,100 174.85654820691306,-37.03371893210072,100 174.85654147894948,-37.033714061288705,100 174.8565347850738,-37.03370920526499,100 174.85652809080403,-37.033704333023536,100 174.85652139693497,-37.03369943103229,100 174.85651473713185,-37.03369454292837,100 174.85650809381363,-37.03368963924387,100 174.8565015021961,-37.03368468878314,100 174.8564949274145,-37.033679737157236,100 174.85648843804762,-37.03367473822748,100 174.85648198240057,-37.033669692802974,100 174.85647556007353,-37.033664630633076,100 174.85646924149307,-37.03365953529337,100 174.85646297348947,-37.03365439319509,100 174.8564567728978,-37.033649203173475,100 174.8564506577208,-37.033643965848086,100 174.85644462866554,-37.03363866408303,100 174.8564387007582,-37.03363331476799,100 174.85643285749765,-37.033627886615484,100 174.8564271340948,-37.03362239439668,100 174.8564215140655,-37.0336168536918,100 174.85642030169373,-37.03361554233711,100 174.8564150891913,-37.03360974739457,100 174.85640999654643,-37.03360388838583,100 174.85640502299134,-37.033597933777145,100 174.85640013482893,-37.03359193096387,100 174.8563953485652,-37.03358586526679,100 174.85639066567498,-37.033579751083735,100 174.85638604907277,-37.03357358899512,100 174.8563814837982,-37.03356736481417,100 174.85637700503509,-37.03356113837779,100 174.85637255924584,-37.03355483481414,100 174.85636814827322,-37.0335485298041,100 174.85636380510726,-37.033542193088294,100 174.8563594443342,-37.03353587197008,100 174.85635511723697,-37.033529502555396,100 174.85635079133013,-37.03352313582584,100 174.85634644777227,-37.033516782891944,100 174.85634213870196,-37.03351041499725,100 174.85633776070267,-37.03350407882553,100 174.85633336584712,-37.033497742917426,100 174.85632893690038,-37.033491438187085,100 174.8563244735115,-37.0334851502191,100 174.85631992433665,-37.03347889423788,100 174.8563153245866,-37.03347268501459,100 174.85631065707528,-37.03346650929857,100 174.85630588617016,-37.03346038116706,100 174.8563009287271,-37.033454348789135,100 174.85629595180737,-37.033448301393584,100 174.85629092545815,-37.0334423016393,100 174.85628582980715,-37.033436318291514,100 174.85628071694396,-37.03343036675859,100 174.85627553588083,-37.033424430713616,100 174.85627032152138,-37.033418512314284,100 174.85626505581394,-37.03341265510581,100 174.85625973843452,-37.03340679960702,100 174.85625435252112,-37.03340099204842,100 174.85624893364044,-37.03339521564989,100 174.85624342934685,-37.03338948655436,100 174.856237907863,-37.03338379017461,100 174.8562323017172,-37.03337812576389,100 174.85622662664258,-37.03337249307596,100 174.85622091861754,-37.03336693841577,100 174.85621512557955,-37.03336140130913,100 174.85620928084262,-37.033355910977875,100 174.85620336906845,-37.03335048388551,100 174.85619738873834,-37.033345103832296,100 174.856191357877,-37.033339772338756,100 174.85618522511876,-37.03333450372829,100 174.8561790417854,-37.033329281875545,100 174.85617278993996,-37.03332410886384,100 174.8561664534275,-37.03331901378774,100 174.8561641352445,-37.033317165430525,100 174.85615771521103,-37.03331214917329,100 174.8561512090138,-37.03330719555285,100 174.85614465419872,-37.033302322909144,100 174.8561379952004,-37.0332974654149,100 174.8561313040464,-37.03329267241624,100 174.85612452593898,-37.03328790961964,100 174.8561177501187,-37.033283194556105,100 174.8561109049968,-37.03327849589881,100 174.85610402728042,-37.03327384371779,100 174.8560971136254,-37.033269193,100 174.85609020221358,-37.03326458821335,100 174.85608327207615,-37.03325995307486,100 174.8560763254774,-37.033255334417056,100 174.85606939569257,-37.033250713693114,100 174.8560624659305,-37.03324609386972,100 174.85605555415,-37.03324147376454,100 174.8560499737112,-37.033229660226986,100 174.8560454957474,-37.03322087855969,100 174.85603885118942,-37.03320945571436,100 174.85603175344548,-37.03319853567843,100 174.85602411552475,-37.033187500615135,100 174.8560237910685,-37.03318701087442,100 174.85601409867326,-37.03317429186843,100 174.85600951619475,-37.033170637567274,100 174.855994538148,-37.033160984589216,100 174.85598508935414,-37.03315411575747,100 174.8559711262875,-37.03314357713414,100 174.85595724975687,-37.033133037155125,100 174.855943102808,-37.03312274926486,100 174.85592848583445,-37.033113011313716,100 174.85591653413422,-37.03310644932535,100 174.85590031794442,-37.03309844256607,100 174.85588369879463,-37.033090877440394,100 174.85586686013087,-37.033083531159136,100 174.85585005446038,-37.033076154616104,100 174.8558334495016,-37.033068479301775,100 174.85582156727625,-37.03306320057904,100 174.85580451095822,-37.03305550257907,100 174.8557877587851,-37.03304750599219,100 174.85577159836518,-37.03303897197913,100 174.8557564046503,-37.033029693682685,100 174.85574248362428,-37.033019448199916,100 174.85573015929532,-37.03300801414867,100 174.85572345480284,-37.03299883737779,100 174.8557127814773,-37.03298632116385,100 174.85571178946333,-37.03298551739522,100 174.85569654191283,-37.03297679784203,100 174.85567856063787,-37.03297077269849,100 174.8556596157675,-37.03296626600658,100 174.85565323297234,-37.03296457856641,100 174.85563467484883,-37.03296095000242,100 174.85563196994713,-37.03296081025298,100 174.85561064502912,-37.03296184326492,100 174.85559025918388,-37.032963029225925,100 174.85557485504867,-37.032959469384906,100 174.85557272140667,-37.032956749268976,100 174.8555679542957,-37.03294232000947,100 174.8555637270841,-37.03292610042012,100 174.85555494305316,-37.032912360405255,100 174.8555425111382,-37.03290010692606,100 174.85552677181948,-37.03289178170385,100 174.8555246594766,-37.0328911838318,100 174.85550592082387,-37.03288789696273,100 174.85550557208697,-37.03288779516234,100 174.8554886308981,-37.03288052884359,100 174.85547316399922,-37.03287009299834,100 174.85545865279025,-37.032857813449986,100 174.85544454345435,-37.03284504721704,100 174.8554303697913,-37.03283310217791,100 174.85541557877772,-37.032823321818576,100 174.8553996685794,-37.03281702809403,100 174.85538213901097,-37.03281556456454,100 174.8553730772423,-37.03281669593918,100 174.85535907090545,-37.03282008040805,100 174.85534102093624,-37.03282633659524,100 174.8553230593451,-37.03283206683669,100 174.8553048036319,-37.03283453443774,100 174.85530048726912,-37.03283437572128,100 174.85528168650546,-37.03283139983753,100 174.85526806456323,-37.03282711176578,100 174.85526713403968,-37.032826617081206,100 174.85525717639976,-37.03281500265505,100 174.85525239119156,-37.032799226210734,100 174.85524735723416,-37.03278325266521,100 174.85523954700338,-37.03277095120347,100 174.85523087746165,-37.032764084542954,100 174.8552181313329,-37.032754346083095,100 174.85520628143357,-37.032746418751564,100 174.85520311672138,-37.03274461516039,100 174.85519668311943,-37.03273266079971,100 174.85519669320212,-37.03273238213814,100 174.85520789304945,-37.032719877993195,100 174.85521353127788,-37.03271443784957,100 174.8552263539689,-37.03270306740238,100 174.8552287086988,-37.03270110628335,100 174.85524262740685,-37.03268991698004,100 174.855255283332,-37.03267816157602,100 174.85526411083757,-37.032665047391816,100 174.85526620027335,-37.032659622191765,100 174.85526849213232,-37.03264431279626,100 174.85526836996647,-37.032638460717564,100 174.85526560872324,-37.03262325378916,100 174.8552651406229,-37.03261870860845,100 174.85526050541768,-37.03260401409017,100 174.85525354036162,-37.03259807796008,100 174.85523636991363,-37.03258997967795,100 174.8552354562281,-37.03258948382842,100 174.8552195226088,-37.032581023702775,100 174.85520347212395,-37.03257270420401,100 174.85518770817671,-37.03256410171772,100 174.85517667612666,-37.032556980879725,100 174.85516239605815,-37.03254684999963,100 174.85514857067437,-37.03253627757666,100 174.85513494793352,-37.0325254856691,100 174.85512135814287,-37.03251466169886,100 174.8551075657227,-37.03250401124299,100 174.85509338530713,-37.03249377063891,100 174.8550850389395,-37.032488587061,100 174.8550696772425,-37.03247951229198,100 174.85505406425253,-37.03247069021156,100 174.85503833140405,-37.032461978160306,100 174.85502258207498,-37.03245328168687,100 174.85500695111512,-37.032444459881106,100 174.85500510427931,-37.03244340719391,100 174.85498965833295,-37.0324343805997,100 174.85498930731907,-37.032434185097415,100 174.85497323215185,-37.03242563431666,100 174.8549569873069,-37.032417179021714,100 174.8549411488344,-37.03240837577432,100 174.85492632911834,-37.03239879589059,100 174.8549132061066,-37.03238793305059,100 174.85490652624182,-37.03237966977114,100 174.8548953729522,-37.032367332233534,100 174.85488032974132,-37.03235850031844,100 174.8548635508533,-37.032350781617424,100 174.8548487271236,-37.03234172905113,100 174.8548330505398,-37.03233315579467,100 174.85481939869135,-37.032328419286316,100 174.85480108561725,-37.03232422704558,100 174.85478210930964,-37.03232109970198,100 174.85476316520467,-37.03231790966159,100 174.85476152673908,-37.03231751977839,100 174.8547428154093,-37.032312668591075,100 174.8547240733177,-37.03230733838634,100 174.85470542216797,-37.03230149481417,100 174.8546869822271,-37.03229513689548,100 174.85466892541828,-37.032288215074274,100 174.85465135436286,-37.03228069620047,100 174.85463439118078,-37.03227256304271,100 174.85461820741654,-37.03226379669559,100 174.85460288885636,-37.032254365173735,100 174.8545885905665,-37.03224421918511,100 174.85457541593487,-37.03223335711361,100 174.85456353725684,-37.032221744720104,100 174.85455305867129,-37.03220936505463,100 174.85454821519926,-37.03220246285889,100 174.8545401457869,-37.03218888103723,100 174.8545330984845,-37.03217466043173,100 174.85452675012223,-37.03216001069183,100 174.85452077708604,-37.03214516941432,100 174.85451485646936,-37.03213035706006,100 174.8545131952465,-37.03212782962832,100 174.85450273980413,-37.03211177857172,100 174.85449527480984,-37.0320968389415,100 174.8544950361951,-37.032084671418794,100 174.85449987829497,-37.03208116444092,100 174.85451672557113,-37.03207653872284,100 174.85453794730884,-37.03207293699528,100 174.85455786600488,-37.03206725198516,100 174.85455984288618,-37.03206607191093,100 174.85457454240506,-37.03205624857646,100 174.85458374783917,-37.032051413348654,100 174.85459935883773,-37.032042642908245,100 174.85460282289927,-37.03203942335723,100 174.8546155586714,-37.03202803901198,100 174.8546182726767,-37.032026567105355,100 174.85463308065346,-37.03201561092741,100 174.85464533719335,-37.03200897404667,100 174.8546426933014,-37.03202280268132,100 174.85463870959495,-37.032031187638246,100 174.85463155655265,-37.03204538781033,100 174.85463133451688,-37.03204615018256,100 174.85462942049494,-37.03206137614852,100 174.85462940954108,-37.03206356018723,100 174.85462915177706,-37.03206622758028,100 174.85462411033632,-37.032081042776774,100 174.85462405383933,-37.032081539379085,100 174.85462499701538,-37.03209605009996,100 174.8546311025856,-37.03211005378814,100 174.8546413479151,-37.03212338166389,100 174.85465479206889,-37.03213589611698,100 174.8546705296777,-37.032147442757704,100 174.85468757291292,-37.032157897327785,100 174.85470494448765,-37.0321670605961,100 174.85471180470515,-37.03217100110223,100 174.85472829175964,-37.032178833446835,100 174.85474586187067,-37.03218502019225,100 174.85476373200748,-37.032188197285535,100 174.85478170909187,-37.03219281299274,100 174.85478794515274,-37.03219609718788,100 174.85480219779225,-37.03220649172563,100 174.85481060330605,-37.03221447836611,100 174.85482407756592,-37.03222490129586,100 174.8548260891653,-37.0322256566822,100 174.85484442557592,-37.03222812886037,100 174.85486443195515,-37.032228311739935,100 174.85487994808108,-37.032230243966474,100 174.85489907428902,-37.03223375741403,100 174.85491713610855,-37.03223894410546,100 174.85493340888178,-37.03224646972218,100 174.85494005431738,-37.03225216301072,100 174.85495232010123,-37.032264620146165,100 174.85496579997303,-37.03227462566641,100 174.85497915909363,-37.03227809679384,100 174.85499869771257,-37.03227892238698,100 174.8550183674313,-37.03227686534904,100 174.85502516031968,-37.03227572712245,100 174.85502535021698,-37.032275723251445,100 174.85504416917058,-37.03227293773808,100 174.8550630450616,-37.03227032077705,100 174.8550818257772,-37.032267396153124,100 174.8551002741476,-37.032263703402265,100 174.85511292336335,-37.03226077642171,100 174.8551310946964,-37.03225577028768,100 174.85514868155758,-37.03224966017739,100 174.85516535091347,-37.03224225030814,100 174.85517725933525,-37.032234890560986,100 174.85519285194565,-37.03222610500836,100 174.8551971508324,-37.03222494629146,100 174.85521455341785,-37.0322190715908,100 174.85521669713546,-37.032216339549436,100 174.85522211118084,-37.032201225576934,100 174.85523204707758,-37.032191344172965,100 174.85524415153748,-37.03217965958542,100 174.85524798691054,-37.03216896958272,100 174.85524848975479,-37.03215345923528,100 174.85524610712324,-37.03213750190375,100 174.85524614661946,-37.03213316509734,100 174.85524553014315,-37.03211725495109,100 174.8552424534917,-37.03210192857335,100 174.85523531399897,-37.0320881285606,100 174.85522834733425,-37.03208083057804,100 174.8552147497207,-37.03206968226877,100 174.8552030672052,-37.032057633343214,100 174.85519225363495,-37.032045073304765,100 174.85518208803035,-37.03203211466789,100 174.8551723655394,-37.03201888591824,100 174.8551629157308,-37.03200549787825,100 174.85515353443793,-37.031992060996636,100 174.85514403368765,-37.031978704396145,100 174.85513420783897,-37.031965524127536,100 174.8551238373654,-37.031952646201674,100 174.8551127844912,-37.031940183633914,100 174.85510752219108,-37.03193575218511,100 174.85509443661044,-37.03192434619145,100 174.85508357816315,-37.03191201938148,100 174.85508052462671,-37.031906605213656,100 174.85507495605827,-37.0318919883738,100 174.85507061903965,-37.03187683942993,100 174.85506826325056,-37.03187358109237,100 174.85505669898583,-37.03185751858373,100 174.8550494677953,-37.03184096379516,100 174.8550494205455,-37.031840500360865,100 174.85505201664003,-37.03182295457296,100 174.85505674668784,-37.031804909437035,100 174.8550580325769,-37.03179339585788,100 174.85505604755082,-37.031775526939576,100 174.85505175207618,-37.03176578158305,100 174.855050611431,-37.03176261059615,100 174.85504694871628,-37.031744818387416,100 174.85504674103038,-37.031726671110384,100 174.85504726714723,-37.031719785908535,100 174.85505037452572,-37.03170195362071,100 174.85505384523836,-37.031684084105,100 174.85505435088905,-37.03168097840437,100 174.85505682439947,-37.03166273782254,100 174.85505794570898,-37.031644459802216,100 174.85505670272462,-37.031626454898586,100 174.8550520447574,-37.0316089720801,100 174.85504774931545,-37.03159922762384,100 174.85504336689849,-37.03158623170972,100 174.8550508168714,-37.03158054422317,100 174.85506326892093,-37.03156632965643,100 174.8550624642652,-37.031560195324715,100 174.85505050481177,-37.031543644176665,100 174.8550421660213,-37.031535533029256,100 174.8550257814116,-37.03152248055518,100 174.85501298547794,-37.03150828227787,100 174.85501083242713,-37.031497045100366,100 174.85500820161286,-37.031478969965455,100 174.85500388820418,-37.031469225788236,100 174.85499784644884,-37.031456320715044,100 174.85498896829418,-37.031439716868,100 174.85497834507598,-37.03142388569049,100 174.85497214752223,-37.031416821720725,100 174.85495771589328,-37.03140299241369,100 174.85494254903605,-37.03138953242101,100 174.85492830729677,-37.03137565237152,100 174.85492308179403,-37.03136871109863,100 174.8549129080913,-37.03135282601754,100 174.85490411761594,-37.03133626675912,100 174.85489623394747,-37.03131927421217,100 174.85488879598205,-37.03130207190093,100 174.8548813059702,-37.03128490194875,100 174.85488063156336,-37.031283658776026,100 174.8548715481947,-37.031267120318354,100 174.85486265323445,-37.03125051672358,100 174.85485436094208,-37.03123377842252,100 174.85484706724583,-37.03121682171182,100 174.85484359147833,-37.031204677768166,100 174.8548397561347,-37.0311869026709,100 174.85483666056192,-37.0311689447575,100 174.85483355000326,-37.03115101772274,100 174.85482968017914,-37.03113325758502,100 174.85482428108367,-37.03111589810612,100 174.85482206472122,-37.03111009769863,100 174.85481450768566,-37.03109299007825,100 174.85480537153867,-37.03107645243985,100 174.85479442480928,-37.03106081287309,100 174.85478932983474,-37.03105484566846,100 174.8547753186169,-37.031041195432906,100 174.85475951628248,-37.0310285502187,100 174.85474253638938,-37.031016529994304,100 174.85472499129975,-37.03100479800992,100 174.85470748068568,-37.03099300419489,100 174.85469064871552,-37.030980732889105,100 174.85468049129622,-37.03097129007652,100 174.8546663332279,-37.03095733207381,100 174.85465272012905,-37.03094299330873,100 174.85463954897367,-37.03092838264784,100 174.85462678646525,-37.03091351773673,100 174.85461433148083,-37.03089844702454,100 174.85460213154803,-37.03088323171936,100 174.85459711144387,-37.03087682890523,100 174.85459012002386,-37.03086795127692,100 174.85458965547986,-37.03086738620965,100 174.8545770450685,-37.03085239543572,100 174.85456474399993,-37.030837273640955,100 174.85455290516163,-37.03082192830443,100 174.8545416132081,-37.03080637342501,100 174.8545310238721,-37.030790494806006,100 174.85452278042442,-37.03077686883134,100 174.85451368259797,-37.030760423404026,100 174.85450504583306,-37.03074375265138,100 174.85449668363242,-37.030727000093115,100 174.8544883210631,-37.03071023221772,100 174.85448821329217,-37.03070811222485,100 174.8544858781862,-37.03069590266679,100 174.854485366174,-37.03067221619986,100 174.8544867182322,-37.03066517658115,100 174.85448612851846,-37.03061005372476,100 174.8544823391796,-37.030566755570305,100 174.85448232450383,-37.030557138849055,100 174.85447099024404,-37.03044540970735,100 174.85446867574328,-37.03043913133077,100 174.85446539985213,-37.03042803697583,100 174.85445475086414,-37.03040475684242,100 174.85445150536881,-37.030399950434195,100 174.8544417872794,-37.030380370935916,100 174.85443392019675,-37.030368535375544,100 174.85442974730475,-37.030358184200125,100 174.85442648951155,-37.03034191695718,100 174.85442644744188,-37.03033191310154,100 174.85442550991354,-37.03032599805591,100 174.8544261789718,-37.03029337108033,100 174.8544271973438,-37.03014748304433,100 174.85443102991505,-37.030132146868105,100 174.85443455708008,-37.03012482268233,100 174.85443624411985,-37.030118614240266,100 174.85444072224692,-37.03011382859203,100 174.8544464043235,-37.03010030487295,100 174.85445698028818,-37.030081988103774,100 174.85446634134416,-37.03007131178329,100 174.8544909330387,-37.030050663232274,100 174.8544976283079,-37.030043300331485,100 174.8545002909896,-37.03003925870123,100 174.85450465598134,-37.030028296356186,100 174.85450539827752,-37.030018465005746,100 174.85450622791393,-37.03001518299302,100 174.85450249248774,-37.029989445969704,100 174.8544990504381,-37.029973414145786,100 174.8544946875316,-37.02995594290895,100 174.85449315872336,-37.02994540709047,100 174.85449348525864,-37.02993881883521,100 174.85449431925426,-37.029934421836934,100 174.85449423239172,-37.029928585425914,100 174.8544954590271,-37.02992198219753,100 174.85450939748193,-37.02988887918116,100 174.85452055075763,-37.02985071379878,100 174.854535689992,-37.02980809673135,100 174.85453744635947,-37.02980515534508,100 174.85453874110348,-37.02980112158056,100 174.85456568715108,-37.02975904457293,100 174.85457101095903,-37.02975348679737,100 174.85459514033477,-37.02973301670173,100 174.85459917757763,-37.029731135644404,100 174.85460232535186,-37.02973035366761,100 174.85467225151342,-37.02968502962153,100 174.85467898394927,-37.02968164630376,100 174.85469243434514,-37.02967303671947,100 174.8546978086337,-37.02967001713244,100 174.854705423964,-37.02966406299935,100 174.85472244376123,-37.02965356524463,100 174.85475068865588,-37.029634851411,100 174.8547962802162,-37.02959906776785,100 174.85482925139587,-37.0295660402571,100 174.85483100847594,-37.029563082631896,100 174.85483813319598,-37.029554937872675,100 174.8548474440929,-37.02954243535655,100 174.85486391250961,-37.02952364516096,100 174.85488941030994,-37.02950254702895,100 174.85491046917468,-37.02948770487844,100 174.85493819545349,-37.02946509825145,100 174.85494578835255,-37.02945697590799,100 174.85494710266968,-37.029453701635326,100 174.85497016320625,-37.02942174298761,100 174.85497725222524,-37.02941291738996,100 174.85498522562372,-37.02940153627497,100 174.85499457561943,-37.02939050407002,100 174.85501647808826,-37.029370924054795,100 174.85502319872194,-37.0293664566294,100 174.85503434810533,-37.029355362032916,100 174.8550650261079,-37.02931749604737,100 174.85506857396683,-37.02931162713108,100 174.85509571590563,-37.029281409952006,100 174.8551202430461,-37.029257062415034,100 174.85513761799717,-37.02923718725168,100 174.85516839428925,-37.02920692313328,100 174.85517551772907,-37.029198081663445,100 174.85518402121733,-37.029190331725054,100 174.85518578772286,-37.02918776241084,100 174.85518936252052,-37.02918480339179,100 174.85519379557803,-37.0291796479831,100 174.85522241034178,-37.02915595664218,100 174.85522644087106,-37.02915190712289,100 174.85523220653855,-37.029143444703884,100 174.85524099890605,-37.02913356856551,100 174.85524594159813,-37.02912477922405,100 174.85524684008166,-37.02912405133635,100 174.855248643377,-37.029122208801034,100 174.8552499772406,-37.02911964625232,100 174.8552621870278,-37.02911189422352,100 174.85526353263094,-37.029110414862735,100 174.8552779889642,-37.029101896736016,100 174.85527934276413,-37.029100061230366,100 174.8552843125238,-37.029097467052125,100 174.85528749153488,-37.02909524427944,100 174.85528930731445,-37.02909451556439,100 174.85529690551897,-37.0290788059089,100 174.85529688162117,-37.02907662241447,100 174.85530091960382,-37.02906964532919,100 174.85530271774564,-37.02906565055121,100 174.85532114492912,-37.02903852591113,100 174.8553229348502,-37.029034886376614,100 174.85532654094914,-37.02903048837708,100 174.8553310079765,-37.02902206338953,100 174.8553372531284,-37.0290056331178,100 174.85533624602252,-37.02899256368634,100 174.8553330258453,-37.02898676456555,100 174.85533302504126,-37.02898349733821,100 174.85533025475272,-37.028977707404394,100 174.8553174323828,-37.02896185205893,100 174.85531423808663,-37.028958964657534,100 174.8553055724354,-37.028952886576704,100 174.85530420060718,-37.02895143980245,100 174.85530282171527,-37.0289478083691,100 174.8553009800616,-37.028945625364244,100 174.85529820966605,-37.02893913781921,100 174.8552977496549,-37.02893621756688,100 174.8552931345253,-37.02892681970971,100 174.85529266697938,-37.028923543558726,100 174.85529573430694,-37.02890679705968,100 174.85529481667172,-37.028904242685094,100 174.85529429666397,-37.02889516022986,100 174.85527948454762,-37.02885347658386,100 174.85527758409057,-37.028840051587416,100 174.8552747890372,-37.02883134901323,100 174.8552743125883,-37.02882844614269,100 174.85527295599002,-37.0288262852942,100 174.85526916252778,-37.028804870069116,100 174.85526731731403,-37.02880124682977,100 174.85526408694028,-37.028791839931955,100 174.85525304677208,-37.02877013155403,100 174.85524343406485,-37.02875968792499,100 174.8552333170676,-37.02873687993248,100 174.85523329119292,-37.02873396821227,100 174.85523683071338,-37.02872193627987,100 174.855239973681,-37.02871643060858,100 174.85524041055578,-37.02871461124638,100 174.8552426671603,-37.028713519621235,100 174.85524492573995,-37.02871056856755,100 174.8552489829056,-37.02870687554875,100 174.85527159332955,-37.028695011325354,100 174.85528062877484,-37.028688382398876,100 174.8552960375847,-37.02868311481109,100 174.85529691100956,-37.02868274333146,100 174.85529964486608,-37.02868200025743,100 174.85531683653545,-37.02867345016092,100 174.8553358486594,-37.0286656115627,100 174.85534759137948,-37.02865857976501,100 174.8553633895709,-37.02864385857211,100 174.8553696825625,-37.02863507875017,100 174.85537056692274,-37.02863252323065,100 174.85537506837318,-37.028626669133466,100 174.85537687551715,-37.02862299868421,100 174.85537909964796,-37.02862006439037,100 174.85538133819168,-37.0286156895815,100 174.8553822390127,-37.02861311758089,100 174.85538439491813,-37.02859855478201,100 174.85538295680726,-37.02858620592711,100 174.85538156850885,-37.02858223394729,100 174.85537284253564,-37.02856739159754,100 174.85535825311777,-37.02855736020209,100 174.85533957555754,-37.02854919355808,100 174.85532909575772,-37.02854132140825,100 174.85532272327464,-37.02853810156039,100 174.85531953047118,-37.02853522855633,100 174.8553171970735,-37.028527619258824,100 174.85531442638768,-37.02852181220539,100 174.85531841176072,-37.028505050445204,100 174.85533143886337,-37.02848455285386,100 174.85533458922967,-37.02848124625496,100 174.85533817028133,-37.02847466477838,100 174.8553408798373,-37.028471721991636,100 174.85534534639305,-37.028462585878906,100 174.85534894898836,-37.02845744435465,100 174.85535567137885,-37.028444644294446,100 174.85535834135484,-37.02843697927436,100 174.855365498676,-37.0284216334274,100 174.8553659246181,-37.02841945731789,100 174.85536774228606,-37.02841617336509,100 174.8553784367132,-37.02838805113842,100 174.8553851351938,-37.02837306758211,100 174.85538648902278,-37.02837123387739,100 174.8553891539085,-37.02836211242307,100 174.8553925773445,-37.02833408409088,100 174.85539436840594,-37.02832785868566,100 174.85539570299713,-37.02832532676832,100 174.85539834006346,-37.02831256716992,100 174.8553985903162,-37.0282798385777,100 174.8553998602867,-37.028270354082515,100 174.85540967182519,-37.02824480267183,100 174.85541103466127,-37.0282433392634,100 174.85541191864345,-37.02824076842716,100 174.8554195653581,-37.028230152195206,100 174.8554357439078,-37.028206349776944,100 174.85543754131282,-37.02820560602496,100 174.85544568405876,-37.02819860528955,100 174.8554488281932,-37.028196383058265,100 174.85544974118818,-37.0281949122646,100 174.85545335314143,-37.02819269713678,100 174.85545560426897,-37.02819013375798,100 174.85546101281253,-37.02818644843643,100 174.85546960502103,-37.02817943976784,100 174.85547321660027,-37.028177209323054,100 174.85549667047545,-37.02815806732548,100 174.85549892940222,-37.028155131583816,100 174.8555025292366,-37.02815181795006,100 174.8555056776225,-37.0281477840224,100 174.85550794868615,-37.02814594768607,100 174.855508832686,-37.028143377750155,100 174.85551198225804,-37.02814008557998,100 174.85551826693748,-37.02812837933425,100 174.85552726464562,-37.028117754581615,100 174.8555299859472,-37.028115895880006,100 174.8555317872309,-37.02811332511534,100 174.85554105519262,-37.02810114858911,100 174.85556468196188,-37.028081352228476,100 174.85556694597182,-37.0280798729192,100 174.8555692037678,-37.02807947798018,100 174.85558409590323,-37.02806587232932,100 174.85559495689716,-37.028059568135916,100 174.85559900374238,-37.02805480631594,100 174.8556075818651,-37.028049252568415,100 174.85564093807756,-37.02801508857355,100 174.8556486094823,-37.02800992395085,100 174.85565406813325,-37.02800876059693,100 174.85570016149845,-37.02798210531976,100 174.85571099809763,-37.027972905596044,100 174.85571416924964,-37.027971055175236,100 174.85572858719684,-37.02795524241167,100 174.85573083361498,-37.02795377959806,100 174.85573353295888,-37.0279504647222,100 174.85573940779304,-37.02794677119234,100 174.85575928439454,-37.02793238272126,100 174.85576335676117,-37.02792797741435,100 174.8557660298353,-37.02792432225444,100 174.85576918884283,-37.02792137242686,100 174.85577099009205,-37.02791880075787,100 174.85577910143945,-37.027910004185046,100 174.85578267734024,-37.02790450704893,100 174.85578494012458,-37.027899744290984,100 174.85578808969666,-37.02789645301492,100 174.85578851441304,-37.02789353424557,100 174.85579031729435,-37.0278916763864,100 174.85579299932877,-37.02788510986202,100 174.85580059617263,-37.02786939929403,100 174.85580284842476,-37.02786683679248,100 174.85580284333244,-37.02786538035898,100 174.85580462580498,-37.02786208343058,100 174.85581048799372,-37.02785403677916,100 174.8558104668184,-37.02785256617635,100 174.8558122582801,-37.027849638643346,100 174.85581315788343,-37.02784637084898,100 174.8558149470097,-37.02784270067496,100 174.85581762474268,-37.02783466418453,100 174.85582028720367,-37.02782738593269,100 174.85582118603904,-37.02782408660452,100 174.85582745500218,-37.02781312326609,100 174.85585451900826,-37.027788467302464,100 174.85591963573324,-37.027755055554024,100 174.85592325907155,-37.027753910086204,100 174.8559309585682,-37.02774911634481,100 174.85597304205731,-37.02773050567989,100 174.85599244301585,-37.027717178240856,100 174.8559965086163,-37.02771314256809,100 174.85600099587978,-37.027705462620226,100 174.85600179588167,-37.02769200619862,100 174.85599579863853,-37.027674965271466,100 174.85599577313153,-37.02767206976907,100 174.85599486712246,-37.02766990097729,100 174.85599434865944,-37.027661531434504,100 174.85599059075432,-37.0276433838157,100 174.855989216552,-37.02764123857266,100 174.85598410451863,-37.02762491115011,100 174.8559835883156,-37.027614001686885,100 174.85598619747682,-37.027600885594275,100 174.85598711825398,-37.02759904243472,100 174.8559889249789,-37.02759794341352,100 174.85599024079144,-37.02759538023761,100 174.8560137422841,-37.02757603640309,100 174.85603363737386,-37.02756112033272,100 174.8560351116662,-37.02755860244602,100 174.85603698060595,-37.02755793507835,100 174.85605107067727,-37.02754994895415,100 174.85606850358081,-37.027538761355785,100 174.85607803565057,-37.02753065276397,100 174.8560806995902,-37.02752343667347,100 174.85608434804203,-37.027488915385355,100 174.8560853564816,-37.02748711772143,100 174.85608500257075,-37.027484908746025,100 174.85608603641043,-37.02748276908907,100 174.85608629080764,-37.027478026032924,100 174.85609707721707,-37.02744626282259,100 174.85610570208095,-37.027378344126994,100 174.8561083910405,-37.02737077072648,100 174.8561140966292,-37.02729791527813,100 174.85611516926508,-37.027294644774024,100 174.85611529805848,-37.02729171531146,100 174.85612093903435,-37.027266962763036,100 174.85612124587752,-37.0272596636788,100 174.85612716836755,-37.02723894909018,100 174.85612960019353,-37.0272353598872,100 174.85613063131802,-37.02723246227254,100 174.8561365355282,-37.02722272769972,100 174.8561495504342,-37.027206272575526,100 174.85615281070096,-37.02720452890581,100 174.856166736243,-37.027188447093195,100 174.85618193020395,-37.027173859628455,100 174.8561834217128,-37.02717135679275,100 174.8561962910727,-37.02715852900047,100 174.85620109798475,-37.027152437555294,100 174.85621254121298,-37.02714068840936,100 174.8562210052596,-37.027134702874456,100 174.85626117107506,-37.02710142719709,100 174.85626309630823,-37.02709891667215,100 174.85626497270388,-37.02709786342462,100 174.85628549960845,-37.02707612173754,100 174.8562935156073,-37.02706184396753,100 174.85629548262426,-37.027055739274495,100 174.85630388388333,-37.02704292640926,100 174.85631582719722,-37.02703172643616,100 174.85632857296244,-37.02701428496717,100 174.85633470111588,-37.027009687939305,100 174.85634285865007,-37.02700002444916,100 174.85634945411243,-37.026984423252635,100 174.85634964041765,-37.02698039329442,100 174.8563488922235,-37.026976349118144,100 174.85635033544457,-37.02696428956924,100 174.85634861703087,-37.026941492645555,100 174.85634629936604,-37.02693189934269,100 174.85634648716797,-37.026927884683275,100 174.85634582634813,-37.026921980643145,100 174.85635102369582,-37.026896833042606,100 174.85635030881892,-37.02689277212135,100 174.85635133173844,-37.02689023064973,100 174.85635096136266,-37.02688803815617,100 174.85635248456586,-37.026884759697765,100 174.85635260665424,-37.026882201678575,100 174.8563576620692,-37.02686988010476,100 174.85635938646476,-37.02686184409969,100 174.85636653109245,-37.026844097307695,100 174.85636894765605,-37.026841221273116,100 174.85637048614058,-37.026837231443565,100 174.8563729030547,-37.02683436982435,100 174.8563804772981,-37.02682688310457,100 174.85638239432842,-37.02682472872263,100 174.85639503625765,-37.026817015784275,100 174.85641584048702,-37.02680953383091,100 174.856419108901,-37.02680743310868,100 174.8564371766391,-37.0267998903255,100 174.85644512361347,-37.026795339636955,100 174.85645522164583,-37.0267831482476,100 174.85645638226163,-37.02677730493268,100 174.85645488519302,-37.02676992772372,100 174.8564535819135,-37.02676843302131,100 174.85645278483872,-37.0267658443212,100 174.85644495325985,-37.0267579109939,100 174.85644501892745,-37.026756452551666,100 174.85643100690396,-37.02673369659791,100 174.85643071720273,-37.02673001568432,100 174.85642912422324,-37.02672484006801,100 174.85642845705485,-37.02671932188729,100 174.85642865887377,-37.02670872565935,100 174.85639447884188,-37.026707532744865,100 174.85639450152735,-37.02670643279444,100 174.8563997388977,-37.02668861039415,100 174.8564043743135,-37.026680647805875,100 174.85644130625874,-37.026604126557125,100 174.85644500567216,-37.02659872030303,100 174.85644642313986,-37.026594746787225,100 174.85644964182384,-37.02659078834593,100 174.85645158969797,-37.02658463708172,100 174.8564546388688,-37.02656397194907,100 174.85646829316926,-37.026503461677656,100 174.85646886266164,-37.02649693270506,100 174.8564717433328,-37.02648680108842,100 174.85647326442694,-37.026477017923455,100 174.85647255479955,-37.02646536881066,100 174.85647581070492,-37.02643237055187,100 174.85648538450752,-37.02640123286201,100 174.856485930919,-37.026395787622405,100 174.85648782400818,-37.02639144974477,100 174.85649022396862,-37.02638276684175,100 174.85652354840187,-37.02631123307845,100 174.85652356834424,-37.026309420236444,100 174.85652587333612,-37.02630690286269,100 174.85653285712942,-37.026296082423556,100 174.85657139813932,-37.026264196652214,100 174.8565820527556,-37.02625016778787,100 174.8565861898263,-37.02624620939051,100 174.85660035814072,-37.02623729363146,100 174.8566017724872,-37.026235131791196,100 174.85661328215735,-37.02622330315367,100 174.85662722970994,-37.02620093342047,100 174.85662864475336,-37.02619621455887,100 174.8566301967185,-37.02618497619789,100 174.85662981963577,-37.02618061526352,100 174.85663081700915,-37.02617517828741,100 174.85662996702192,-37.02617189370548,100 174.8566300783585,-37.026165015886036,100 174.85662796338298,-37.02615589891113,100 174.85662665539942,-37.02615296399423,100 174.85660719293844,-37.02612514329056,100 174.85659159211377,-37.02611224819059,100 174.8565898018129,-37.02611004907851,100 174.85657586372005,-37.02610297834228,100 174.85657406881538,-37.026102575608405,100 174.85657183809778,-37.026100755628924,100 174.85656733760177,-37.02609888194307,100 174.8565641888565,-37.02609703126562,100 174.8565394438699,-37.026087297748326,100 174.85653722924127,-37.0260854459706,100 174.85653316211344,-37.02608359614558,100 174.85653229256206,-37.026082139721225,100 174.85652333965618,-37.02607695040258,100 174.85652021087745,-37.02607328778279,100 174.85651023646355,-37.02606224693609,100 174.85651024973316,-37.026060806438565,100 174.85649039208118,-37.02602215187034,100 174.85648953306566,-37.02601849608972,100 174.85648776704954,-37.026015909033596,100 174.85648690693245,-37.02601225417149,100 174.85646440828873,-37.02596808526792,100 174.85646083475294,-37.02596328404445,100 174.85644717247933,-37.025936787595136,100 174.85639817944525,-37.02587506392309,100 174.85639370598648,-37.02587097529391,100 174.8563785319896,-37.025853952705475,100 174.85636333023334,-37.02583911441828,100 174.85635709386275,-37.02583062615083,100 174.85635354190308,-37.02582472499066,100 174.85634469003,-37.025805812566055,100 174.85634076243502,-37.02579754864657,100 174.85633942621183,-37.025793545216914,100 174.85633632597182,-37.025787682954125,100 174.8563341374183,-37.02577965139764,100 174.85633258037493,-37.02575124400657,100 174.85633041296188,-37.0257388624074,100 174.85632890190683,-37.02570500138381,100 174.85632801909276,-37.02570244556971,100 174.85632775800158,-37.02568169794298,100 174.85630491881145,-37.02560468797047,100 174.85630223865024,-37.02560028916618,100 174.85629741892703,-37.02558456015213,100 174.8562947391398,-37.025580176664015,100 174.85629297464098,-37.02557506501747,100 174.8562894823819,-37.0255597469572,100 174.85628594793212,-37.02555059270036,100 174.85628333030607,-37.02554077335263,100 174.85627535829587,-37.02552175341733,100 174.85627449035343,-37.02551846911321,100 174.85626961150072,-37.02550566756972,100 174.85626876231484,-37.02549982866547,100 174.85625067901896,-37.02544977628635,100 174.8562468248527,-37.02542610065122,100 174.85623794427468,-37.02540743742679,100 174.8562295755149,-37.025380059558344,100 174.8562284136862,-37.02535929718249,100 174.85622756092582,-37.02535201804361,100 174.85622729281965,-37.02533162744292,100 174.85622685585588,-37.02533016244445,100 174.8562256377152,-37.02531378310872,100 174.85625972964866,-37.02531364532508,100 174.85625750790084,-37.02531149982657,100 174.85623661179747,-37.02528706516882,100 174.85622979602513,-37.025280863564625,100 174.85622389121394,-37.02527246293535,100 174.85621799617797,-37.02526700402194,100 174.8562084911543,-37.025250209963794,100 174.85620486505442,-37.02523377907621,100 174.85620492192075,-37.02521260736393,100 174.8562031179059,-37.0252060100771,100 174.8562030982075,-37.025202013985854,100 174.8562024487208,-37.02519135536629,100 174.85620223999388,-37.02519067724349,100 174.8561945808916,-37.02515162714462,100 174.8561914611842,-37.02512755155026,100 174.8561914850171,-37.02512132584324,100 174.8561970752958,-37.02508627573367,100 174.85619711703896,-37.02507168741097,100 174.85619081776966,-37.02504980397654,100 174.85618950687564,-37.02503446259512,100 174.85618959538942,-37.02500927956645,100 174.8561910284008,-37.02499102728865,100 174.85619110645428,-37.02497645281851,100 174.856188039964,-37.02494726597434,100 174.8561862750416,-37.024936316560215,100 174.85618461500962,-37.02489693104013,100 174.8561833002738,-37.02488854421088,100 174.85618291013617,-37.02487394642185,100 174.85618204100064,-37.02486737957153,100 174.85617259421213,-37.02484369229526,100 174.85617034357668,-37.0248411443621,100 174.85616762862588,-37.024839332852174,100 174.8561513484022,-37.024834672753826,100 174.85613417606373,-37.02483293963931,100 174.85612696688122,-37.02483334175842,100 174.85611972563393,-37.02483191832876,100 174.8561125235215,-37.024831964319716,100 174.85610622577093,-37.02483346619359,100 174.85610262886172,-37.024834952848046,100 174.85608998593148,-37.02483355985469,100 174.85608049128254,-37.02483141458117,100 174.856059738446,-37.02483045672073,100 174.85605384664234,-37.02482900856838,100 174.85604842576817,-37.02482829662674,100 174.85604256252694,-37.02482210985062,100 174.85603265239777,-37.02480829643085,100 174.8560308730665,-37.02480391326834,100 174.85602859383403,-37.02480028240757,100 174.85602727249483,-37.024795549582315,100 174.8560265080248,-37.0247714812962,100 174.8560256083779,-37.0247689257426,100 174.85602654984564,-37.02476530127397,100 174.85602657168914,-37.02476093319345,100 174.85602797702532,-37.024753274422935,100 174.856035387587,-37.02474160911784,100 174.85604412840303,-37.02473435022442,100 174.85606160191793,-37.024723425176525,100 174.8560657546561,-37.024722006438004,100 174.85607725701982,-37.024720229353136,100 174.8560823137228,-37.02472025028034,100 174.85609473332966,-37.02471847236205,100 174.85617250820926,-37.02469356366573,100 174.85618125099296,-37.02468703298845,100 174.85618677739583,-37.02467938003576,100 174.8561900543124,-37.02466918003321,100 174.85619107890201,-37.02465243662565,100 174.8561897939297,-37.024642593717914,100 174.85617315808466,-37.02462078008397,100 174.85617092148394,-37.02461677631856,100 174.856142124518,-37.02458117187297,100 174.85613585674417,-37.024569540319604,100 174.8561277631279,-37.02455826541013,100 174.85611292970066,-37.024542290179554,100 174.85610302362494,-37.024533214877856,100 174.85608908629425,-37.024515769109655,100 174.8560832355907,-37.02451069705693,100 174.85606437300336,-37.02448782225589,100 174.85602972191393,-37.02445406782658,100 174.85602433667938,-37.024448260231274,100 174.8560099312458,-37.024436659549394,100 174.85594874549724,-37.024381914173816,100 174.85593530823863,-37.02436704641572,100 174.85592631583404,-37.0243590690184,100 174.85589622834414,-37.02432825712561,100 174.85588950929252,-37.02431918872794,100 174.85587747376638,-37.024297760043034,100 174.8558757245948,-37.024291936115404,100 174.8558730327373,-37.0242890399633,100 174.8558600828033,-37.024269067674744,100 174.85584718638768,-37.024243302741304,100 174.8558440955867,-37.02423459037905,100 174.85583916914428,-37.02422841867937,100 174.8558196531226,-37.02419212727161,100 174.85581473375657,-37.02418559944339,100 174.8557723732161,-37.02413162842217,100 174.85576214132843,-37.02411678170309,100 174.8557594823562,-37.02411061689037,100 174.85575682809989,-37.02410589319556,100 174.85574387980125,-37.02409180640979,100 174.8557403399941,-37.02408635298821,100 174.85573049890598,-37.024075139635215,100 174.85572297141815,-37.0240617179369,100 174.8557202799475,-37.02405883709726,100 174.85571633179543,-37.024049767705066,100 174.85571274466204,-37.024045787760464,100 174.85570701485534,-37.024034178411256,100 174.85569768892498,-37.02402149958141,100 174.8556943643071,-37.024011815656735,100 174.85568963626247,-37.024004649407814,100 174.85568583166844,-37.023996397959266,100 174.85568123472527,-37.023983809191705,100 174.8556770190288,-37.02397376876765,100 174.85567354221578,-37.02396873256545,100 174.85566502724097,-37.02395076028253,100 174.85566174876988,-37.023938907087384,100 174.8556523212417,-37.023919834159756,100 174.85564970651808,-37.023916596101095,100 174.85563946036285,-37.02389284466837,100 174.85563288729153,-37.0238852917743,100 174.8556191901052,-37.0238749345844,100 174.8556143306278,-37.02387063564685,100 174.85558546548873,-37.023853135798916,100 174.8555650216003,-37.023841717840455,100 174.85555474253573,-37.02383744959322,100 174.85554983180725,-37.02383640337469,100 174.85553509844686,-37.02382998217164,100 174.85551861244315,-37.0238195793613,100 174.85551328320298,-37.02381454508917,100 174.85550704536666,-37.023809866624134,100 174.85549371585677,-37.02379835720427,100 174.8554861089751,-37.0237929430525,100 174.85545796553973,-37.02377461079259,100 174.8554508304472,-37.023768120307736,100 174.85539977379844,-37.02372950735234,100 174.85537595126263,-37.023715421153554,100 174.85536291151354,-37.02370565572456,100 174.85535391146698,-37.02369805154251,100 174.85534715540325,-37.02369406436545,100 174.85534084553174,-37.02369118332537,100 174.85533588242006,-37.023687567385835,100 174.85532866006307,-37.023683588401674,100 174.8553146992253,-37.02367306405019,100 174.85530612278498,-37.02366836356385,100 174.85526746642068,-37.0236434448743,100 174.85526062542758,-37.02364017105393,100 174.855241959142,-37.02362848909525,100 174.855238316147,-37.02362373578529,100 174.8552210216468,-37.023605092295995,100 174.85520143190715,-37.0235886721736,100 174.85516271521658,-37.02356603019564,100 174.85515682511743,-37.02355947155218,100 174.85515269275976,-37.02355581106741,100 174.85514951286035,-37.023552165431,100 174.85514769993705,-37.02355106534369,100 174.85513768255544,-37.023533891639666,100 174.8551308520977,-37.02352513498822,100 174.85513019380122,-37.023523211074945,100 174.85512949725882,-37.02352110118895,100 174.85512998270028,-37.023518552809435,100 174.8551346146061,-37.0235098007765,100 174.85513646588578,-37.02350651630046,100 174.85513741520896,-37.023502520376006,100 174.85513525821247,-37.02348787539956,100 174.85512495007626,-37.02346956157939,100 174.85511608838894,-37.02344250317802,100 174.85511295546561,-37.023437368745796,100 174.85511071513451,-37.023432607016595,100 174.8551061951959,-37.02342673717501,100 174.8550999426723,-37.02341502871212,100 174.85509680502446,-37.0234109939495,100 174.85509365997595,-37.02340476011014,100 174.85508255681006,-37.02337547988102,100 174.85507903473732,-37.02336160163155,100 174.8550763473515,-37.02335500461812,100 174.85506154910024,-37.0233293648692,100 174.85503811267915,-37.0233018448694,100 174.8550354459976,-37.02329600643283,100 174.85501203462834,-37.023268129117625,100 174.8550048316316,-37.023257133124275,100 174.85500215595428,-37.02325420605363,100 174.85499990698023,-37.023249088440394,100 174.85497599454027,-37.023224502419204,100 174.8549628831156,-37.02321529687582,100 174.85495610089984,-37.023211618331814,100 174.85494615604338,-37.0232042632307,100 174.85493301753937,-37.02319727172077,100 174.85490856923974,-37.023181802686985,100 174.85490267531935,-37.02317702597638,100 174.85489725423693,-37.02317371190623,100 174.8548909167573,-37.02317112600078,100 174.85487550624256,-37.02316338406826,100 174.85487053887454,-37.023158250371466,100 174.85484112950493,-37.02313984672039,100 174.85482752796423,-37.023131748421015,100 174.85482212216448,-37.02312772207472,100 174.8548098904084,-37.02312034413311,100 174.85479676288983,-37.023111168565556,100 174.85479406179837,-37.02310858258192,100 174.85478411109378,-37.02310232625319,100 174.85476239763568,-37.023086160079146,100 174.8547587773275,-37.023082845788274,100 174.8547533734851,-37.02307954676405,100 174.8547291575313,-37.02306174958492,100 174.8547246180891,-37.02306099225433,100 174.8547218946855,-37.023059522437684,100 174.85471736421087,-37.02305585193767,100 174.85470015607092,-37.0230488384032,100 174.8546915712165,-37.02304184597477,100 174.85468703451536,-37.023039259844985,100 174.85466900204054,-37.02302021140338,100 174.85466672805407,-37.023018732756626,100 174.8546563240144,-37.02301102879236,100 174.85465178258278,-37.02300954233147,100 174.8546431231547,-37.02300498369683,100 174.85462686498462,-37.02299917657281,100 174.85461416344032,-37.022993649130726,100 174.85460282070957,-37.02299102609165,100 174.85459192026838,-37.0229913371066,100 174.85455875548877,-37.02298786458436,100 174.85455558420847,-37.022987113799196,100 174.854552393374,-37.022985651285936,100 174.85454921426506,-37.02298527196209,100 174.85454423795642,-37.02298305141988,100 174.85454060592312,-37.022981935596825,100 174.85453790048217,-37.02298046459374,100 174.85452795063205,-37.022971653019994,100 174.8545252350204,-37.0229698099352,100 174.8545234350785,-37.02296725492312,100 174.85450308710287,-37.02295292314806,100 174.85449270856867,-37.02294229132031,100 174.8544899789198,-37.02294190496867,100 174.8544863460871,-37.02294006270176,100 174.85447501665644,-37.02293599825008,100 174.85446274180836,-37.022934103604946,100 174.85445956464932,-37.022934451604144,100 174.85445226493417,-37.022937318310845,100 174.85444819012704,-37.02293837975732,100 174.8543833321544,-37.02297813455132,100 174.85437695077925,-37.02298100041798,100 174.85435918082104,-37.022986014564495,100 174.85435735697286,-37.02298709940732,100 174.85434463114262,-37.022985195575934,100 174.85433966661236,-37.02298151742508,100 174.85433741293116,-37.02297749856711,100 174.85433475810973,-37.02297020341373,100 174.8543361733894,-37.022962901422304,100 174.85434125783536,-37.02295163129967,100 174.85435410756136,-37.0229342199558,100 174.8543564126077,-37.022929116768324,100 174.85437236411875,-37.02291694942104,100 174.85437927214457,-37.022911749946346,100 174.85441361868595,-37.02287584931097,100 174.85442373669895,-37.02285986326859,100 174.85443163163993,-37.02283584706767,100 174.85443126457247,-37.02282602043092,100 174.85442859015774,-37.02281796578273,100 174.8544267960614,-37.022814310179946,100 174.85442407888323,-37.022811755083445,100 174.85442000964034,-37.02280916163582,100 174.85441364438188,-37.02280876000897,100 174.85440319100454,-37.02281090629249,100 174.85439361492737,-37.02281413755657,100 174.85436447640987,-37.0228194393719,100 174.85435447403952,-37.02281900716803,100 174.85434086864078,-37.022815276612626,100 174.85433317400657,-37.02281049917809,100 174.8543259476112,-37.02280315831294,100 174.854323702983,-37.02279951155345,100 174.8543223587217,-37.02279586423986,100 174.8543228441867,-37.02279331586274,100 174.85433067679156,-37.02277732228848,100 174.85433206887876,-37.02277368988657,100 174.85433711500855,-37.022767501940464,100 174.8543494733086,-37.022756278551256,100 174.85437780399513,-37.02273892625386,100 174.85439106189827,-37.02272443507437,100 174.8543974824047,-37.02271716930842,100 174.85439931529297,-37.022716456564126,100 174.854434092701,-37.02268565960724,100 174.85444368446647,-37.02267914462775,100 174.8544546585552,-37.02266864228127,100 174.85446245858623,-37.02265921614175,100 174.85446986488031,-37.02264284256128,100 174.85447173264123,-37.02263630591622,100 174.8544750434383,-37.02261699860504,100 174.85447559318794,-37.022603872366524,100 174.8544660888568,-37.022580604043135,100 174.85446286602897,-37.022574727417954,100 174.85446007963694,-37.02256632030629,100 174.85445686109557,-37.02255863198371,100 174.8544536507598,-37.02255387008166,100 174.8544450225212,-37.02254652319653,100 174.85443818523504,-37.02253881933698,100 174.85442999862587,-37.02253183688629,100 174.85442725572685,-37.02252706767654,100 174.85438819944108,-37.02250203055651,100 174.8543727335671,-37.022490247051955,100 174.85434730299212,-37.02247296719983,100 174.85431644595863,-37.02245672574728,100 174.85431144934483,-37.02245380699785,100 174.8542352909724,-37.02242053315825,100 174.85422893088122,-37.02241904806734,100 174.85422170012652,-37.022418646437984,100 174.85420769266275,-37.02241931963519,100 174.8542000152407,-37.02242038059935,100 174.85417294331546,-37.02242717958624,100 174.85414992319002,-37.022428180212586,100 174.85414042386037,-37.022427769870895,100 174.85412863651524,-37.02242405413758,100 174.85412091261617,-37.02241816312828,100 174.85409548603,-37.02240233877205,100 174.8540846092219,-37.02239899456351,100 174.85407782827482,-37.02239860031625,100 174.854072869961,-37.022399661136944,100 174.85405343679503,-37.02240140424372,100 174.8540457609431,-37.02240317720719,100 174.85402996795582,-37.02240567910334,100 174.85402726879045,-37.02240640718314,100 174.8540096149449,-37.022404124269514,100 174.85400416106603,-37.02240153802563,100 174.85399829345013,-37.02239968830749,100 174.85398784575946,-37.022392309435304,100 174.85398100546664,-37.02238387823941,100 174.8539805157934,-37.02237913239023,100 174.85398452808,-37.02237184659824,100 174.85400111944406,-37.022355114086956,100 174.8540384804576,-37.02233483479679,100 174.8540556169467,-37.02232943041869,100 174.8540781904104,-37.0223266107405,100 174.8540921642094,-37.02232339729586,100 174.8540962315374,-37.02232267667342,100 174.8541115520511,-37.02231544397347,100 174.85412907963777,-37.02230458055503,100 174.85415928958523,-37.022293375606594,100 174.85420080767489,-37.02228480959375,100 174.8542093858602,-37.02228376519524,100 174.85422336902633,-37.0222808913822,100 174.85422877910167,-37.02228056617252,100 174.8542495545946,-37.022275919671344,100 174.8542684902025,-37.02226980214735,100 174.85427747946036,-37.0222647215678,100 174.85432105508147,-37.02222949959728,100 174.85432780397693,-37.0222247848132,100 174.8543336408017,-37.0222196814004,100 174.85435252634966,-37.02220845422575,100 174.85436739227293,-37.02220231377455,100 174.85438992942827,-37.02219365682913,100 174.85440618502994,-37.022188963783385,100 174.85443552063433,-37.02218327131666,100 174.85446076430972,-37.022176085347,100 174.8545162095158,-37.02215735286924,100 174.85452568260536,-37.02215483614105,100 174.85453876183036,-37.022150522611405,100 174.85454640910066,-37.022148361599186,100 174.85455498461644,-37.02214401842812,100 174.85457030814257,-37.022137513879876,100 174.85457792922347,-37.02213242672603,100 174.8546013596053,-37.02212084274757,100 174.85460946097848,-37.022116878324184,100 174.85462204896334,-37.02210780274005,100 174.854625643822,-37.02210563477387,100 174.85463279560807,-37.02209724264418,100 174.8546368452803,-37.02209325413441,100 174.85464133704082,-37.022087060421384,100 174.85467180610902,-37.02205249568316,100 174.85469235901957,-37.02202335231343,100 174.85470217239416,-37.02200441381647,100 174.85471197440728,-37.021987643143504,100 174.85472806684587,-37.021963253604326,100 174.85474197682998,-37.02195053227594,100 174.85476986480631,-37.02193019806955,100 174.85477839443166,-37.02192475510231,100 174.85480630819112,-37.02190991936815,100 174.85482250233974,-37.021899744566724,100 174.85483283192198,-37.021891034149974,100 174.85487003719368,-37.0218480990398,100 174.85490101144808,-37.0218234073911,100 174.85491046411542,-37.02181686390518,100 174.85491854901886,-37.02181032918646,100 174.85495401881772,-37.02177761498636,100 174.8549795994061,-37.0217558188354,100 174.855028501896,-37.02170744884805,100 174.8550499854318,-37.02167942020517,100 174.85505309210467,-37.02167321839228,100 174.85508311267512,-37.02163681919005,100 174.85509252261605,-37.021627365131245,100 174.85513968404246,-37.02158704667495,100 174.85514774857626,-37.02157976867983,100 174.8551621355754,-37.021569981714855,100 174.85516844009464,-37.02156488627018,100 174.85517653707709,-37.02155945094178,100 174.85518549332213,-37.02155181740355,100 174.8551895316392,-37.02154745681237,100 174.85521006423244,-37.021514302849084,100 174.8552185769777,-37.02150373257011,100 174.85524144771912,-37.021478995409915,100 174.8552850067636,-37.021438645806086,100 174.85529172034518,-37.02143137540919,100 174.85531369418084,-37.021410663986586,100 174.85532673921776,-37.021401208940674,100 174.8553352781677,-37.021396153350956,100 174.8553595866458,-37.02138311339875,100 174.8553861503813,-37.02136898183622,100 174.8554153693334,-37.021347928150405,100 174.85544057419705,-37.02133343206859,100 174.8554504910603,-37.02132873977857,100 174.85551528033236,-37.021291045879984,100 174.85552653830246,-37.021285989209034,100 174.85556080271584,-37.02127554969697,100 174.855575667233,-37.021269409118666,100 174.8556206865172,-37.021244785118334,100 174.85567742378518,-37.02121618059338,100 174.85577952774358,-37.021154552660825,100 174.85580341450833,-37.021142619713586,100 174.8558115998782,-37.02113791031587,100 174.85581615329855,-37.021134672788065,100 174.8558540974185,-37.02109220531316,100 174.8558582155146,-37.021088215692046,100 174.85588595214713,-37.02107194218774,100 174.85590045208156,-37.02106509523905,100 174.85594814398698,-37.02103944958314,100 174.85598396385575,-37.02102503518067,100 174.85599530589147,-37.021021819425314,100 174.85603336287713,-37.021008155949694,100 174.8560428901875,-37.021003810400074,100 174.8560515057613,-37.02100093743137,100 174.85607414606855,-37.0209948328652,100 174.85616282041272,-37.02097555900637,100 174.85618405934457,-37.020972747194364,100 174.8562537299805,-37.02095959215905,100 174.85626276445487,-37.020958182654766,100 174.8562813155613,-37.02095388336156,100 174.856368162182,-37.020937522136286,100 174.85641573341857,-37.0209235546345,100 174.85643973279852,-37.02091708713579,100 174.85649191453027,-37.0208987662404,100 174.85657445881833,-37.02087693455305,100 174.85658578085992,-37.02087553158596,100 174.8565984746232,-37.02087303639594,100 174.85661118278023,-37.02086910068836,100 174.8566646744322,-37.020857680365175,100 174.85670679346882,-37.02085024964322,100 174.85672087570276,-37.0208485051308,100 174.85675822522447,-37.020841435654205,100 174.85681508301772,-37.02083480440817,100 174.85682555364943,-37.02083268828972,100 174.85684102199295,-37.020830950909776,100 174.85689159362866,-37.020818481099056,100 174.85689983332767,-37.02081706956572,100 174.85691999790328,-37.02081099187356,100 174.856943901507,-37.02080096290044,100 174.8569718665169,-37.02079131379287,100 174.85701127103394,-37.02078208678475,100 174.85703229261313,-37.0207789384307,100 174.85704053462695,-37.02077826862826,100 174.85709311207088,-37.020770208981986,100 174.85714066714115,-37.02076468219819,100 174.85715666001485,-37.020761867614226,100 174.85719551740368,-37.02075810112499,100 174.85720283877026,-37.02075669042756,100 174.85722249923842,-37.020755716573944,100 174.8572491141767,-37.0207518821476,100 174.85725873303105,-37.02075157743634,100 174.85728393372932,-37.02074995081574,100 174.85729722207844,-37.02074893340157,100 174.85730681823594,-37.02074972773671,100 174.8573182889816,-37.02074870903321,100 174.85734436626788,-37.020750722580146,100 174.85736126980618,-37.02075410192338,100 174.8573922858726,-37.02076270601581,100 174.85741560619786,-37.0207664860133,100 174.85742563335236,-37.02076910054283,100 174.85743205213188,-37.02077022942909,100 174.85747035487987,-37.020783244882765,100 174.85748769176664,-37.020786648067215,100 174.85748997747302,-37.02078666996264,100 174.85751418681107,-37.0207919222784,100 174.85752149614538,-37.020792694718594,100 174.85753784326377,-37.02079921119,100 174.85754565159021,-37.020803072711075,100 174.8575543044265,-37.02080676418064,100 174.85756023114172,-37.02080827300498,100 174.8575675306977,-37.020811228564256,100 174.85759034107517,-37.02081793044179,100 174.85760266101272,-37.02082021072199,100 174.8576145913722,-37.02081955613196,100 174.85762236850545,-37.02082033656309,100 174.85763194315027,-37.0208222317061,100 174.85764337487976,-37.02082302611309,100 174.85766032180223,-37.020823524152455,100 174.85767867164142,-37.020821442307984,100 174.85769520700535,-37.02081754930359,100 174.85770209071276,-37.020817229702686,100 174.85775579067962,-37.02080777138073,100 174.8577740850124,-37.020807518244084,100 174.85778047865057,-37.02080830681052,100 174.8578181102973,-37.020802718840656,100 174.85784282491235,-37.020803609857005,100 174.85785014822648,-37.02080292554368,100 174.85787533842804,-37.020803452187224,100 174.85789042752012,-37.02080502029974,100 174.8578959169241,-37.02080504969845,100 174.85790323992555,-37.02080693681938,100 174.8579292789558,-37.02081074714377,100 174.85793751480043,-37.02081116255084,100 174.8579498445599,-37.020813799559114,100 174.8579608078113,-37.02081714206056,100 174.85797036180026,-37.020820865352874,100 174.8579895382354,-37.020825723206855,100 174.85799591081968,-37.02082832372104,100 174.85800867334933,-37.020834237411314,100 174.8580172906749,-37.020840484611924,100 174.8580245753988,-37.02084416863219,100 174.85803950874592,-37.02085738496924,100 174.8580467324502,-37.02086336287207,100 174.85805306976326,-37.02086788372217,100 174.85805936832776,-37.020873536320714,100 174.85809730667611,-37.02090139461379,100 174.85810320557198,-37.02090443697183,100 174.85811892507138,-37.0209198392761,100 174.858136785272,-37.020946013833274,100 174.8581448525456,-37.020955012320684,100 174.858158875775,-37.02096335059593,100 174.85817023513886,-37.020967909948496,100 174.85819508895764,-37.02098563244444,100 174.85823184652025,-37.021002344682714,100 174.85823547845908,-37.02100350455905,100 174.85824222418893,-37.02101099331849,100 174.85824630278316,-37.02101327733998,100 174.8582544115231,-37.02101931707646,100 174.85826700451162,-37.02103243394525,100 174.8582760272905,-37.02103958870184,100 174.85828541670898,-37.02104882784839,100 174.85829114798597,-37.021057215777546,100 174.85829842065084,-37.02107793559604,100 174.85830105650638,-37.02108194839151,100 174.85831309160434,-37.021093619282595,100 174.85832300360914,-37.02109911702131,100 174.8583506104426,-37.02110904871329,100 174.85835511191718,-37.02111161903176,100 174.85838405731968,-37.02112371181455,100 174.85838764826107,-37.021125910635384,100 174.85839832341932,-37.02113721796244,100 174.85842381696,-37.021158770861526,100 174.8584274247584,-37.02116096941702,100 174.85843012116035,-37.02116206913422,100 174.85843826016108,-37.021165335959566,100 174.85844504083533,-37.0211689521395,100 174.858466761263,-37.02117441629946,100 174.85849312423036,-37.02117735256212,100 174.85849491993633,-37.021178438447535,100 174.85850215619288,-37.021180961410636,100 174.85850484329004,-37.0211824172886,100 174.85851020543743,-37.02118930940998,100 174.85851588300355,-37.0212247851836,100 174.8585244694607,-37.021251213119356,100 174.8585244402556,-37.021253382124335,100 174.85852750724615,-37.02125991092173,100 174.85852964067018,-37.02126715285839,100 174.85853399035324,-37.02127765525701,100 174.85853895688825,-37.0212794747032,100 174.85854989113906,-37.0212791321541,100 174.85855811715692,-37.02127660490018,100 174.85856455896064,-37.02127406323678,100 174.85857652862177,-37.02126648498555,100 174.8585812058322,-37.02126072084937,100 174.85858306090464,-37.02125889187406,100 174.85859059855224,-37.021245505626084,100 174.85859903072097,-37.02123321757756,100 174.85860275801886,-37.021228879771265,100 174.85860464432295,-37.021225610917185,100 174.85861206212215,-37.02121874660873,100 174.85861943421463,-37.02121406598427,100 174.85864050778858,-37.02120829822973,100 174.8586487107677,-37.02120685560429,100 174.85866604727082,-37.021205070690655,100 174.85867424720814,-37.02120544064181,100 174.85871443606462,-37.02119897140049,100 174.85872228225824,-37.02119391200261,100 174.85873016468642,-37.021186326571076,100 174.85873537525185,-37.02117657299427,100 174.8587377483545,-37.02117077104554,100 174.85873916923646,-37.02116823773863,100 174.85873914108817,-37.021146510344145,100 174.8587328753288,-37.0211168374066,100 174.85872464961795,-37.02109548270541,100 174.85871946351423,-37.02108027056386,100 174.85870595621304,-37.021049840420005,100 174.85869449709935,-37.021029934305375,100 174.85868560880394,-37.021018705363744,100 174.85867065720214,-37.02099187603742,100 174.85865488561507,-37.02095967243691,100 174.85864953953973,-37.02095270165619,100 174.85864729989322,-37.02094861956948,100 174.85864414232486,-37.020944508601204,100 174.85864014960146,-37.02093633860695,100 174.85863846880136,-37.02092594491632,100 174.8586375750577,-37.02092298730563,100 174.85863824474066,-37.02090595560835,100 174.85864722868632,-37.02087936416351,100 174.85866115777407,-37.020860911566416,100 174.85866999248466,-37.02084618637779,100 174.85867554278133,-37.02083879701985,100 174.85869822378115,-37.02081416943432,100 174.858706053094,-37.02080717339083,100 174.85870975341965,-37.02080311360674,100 174.8587304531823,-37.020789206571905,100 174.85876771740095,-37.020762778602325,100 174.85880516576225,-37.0207186775888,100 174.85881162700235,-37.02070780301361,100 174.85881259912887,-37.020702722429675,100 174.85882000276027,-37.02068822244742,100 174.8588214125015,-37.020682049831514,100 174.8588223483282,-37.02067949257792,100 174.85882443651124,-37.020665643705435,100 174.85883126748496,-37.020644665078805,100 174.85883177940934,-37.020635967545196,100 174.85882871966086,-37.02061742059796,100 174.85882874174806,-37.02061306873585,100 174.85882654274462,-37.020601429447446,100 174.8588243569713,-37.02058834966117,100 174.8588272463885,-37.020566928060894,100 174.85883471608085,-37.0205426397366,100 174.8588370559632,-37.020537551240984,100 174.858839802608,-37.02053277994148,100 174.85884167279636,-37.02052958884864,100 174.85884629886303,-37.02051868444143,100 174.85885186170958,-37.02050853687555,100 174.8588528081202,-37.0205063679197,100 174.85885648328843,-37.02050201469881,100 174.8588784974858,-37.020486100559665,100 174.85888815249754,-37.0204806856338,100 174.85889410214128,-37.020478523003845,100 174.85889960000227,-37.020475625676056,100 174.85891103652108,-37.020472052146616,100 174.85891927424743,-37.02047060895883,100 174.858934799782,-37.02047103895836,100 174.8589430020251,-37.02047215243504,100 174.8589808491974,-37.02048173694905,100 174.85900455868585,-37.02048580436243,100 174.85901323648812,-37.02048655256275,100 174.85905109719656,-37.02049212602056,100 174.85905930456929,-37.020494695021455,100 174.85907294240485,-37.02050091754884,100 174.85909021405524,-37.02051225123062,100 174.85910067868969,-37.02051699576425,100 174.85911162521012,-37.02052103513271,100 174.85912160343085,-37.020528328074825,100 174.85913209852038,-37.02053164716011,100 174.85913709243957,-37.020533853715236,100 174.85914212278664,-37.0205367708314,100 174.85916208237666,-37.02055208491714,100 174.85917208599153,-37.0205590358611,100 174.8592092991957,-37.02059149011532,100 174.85921519605535,-37.02059767621266,100 174.85926196724216,-37.02063272333753,100 174.85926787226674,-37.020638552386146,100 174.8593143843051,-37.020675554883105,100 174.85932028559876,-37.02067929385389,100 174.8593416401163,-37.02068722686481,100 174.85935158570655,-37.020693963289865,100 174.85937276064573,-37.02071523306192,100 174.8593912723351,-37.020730168718835,100 174.85940439578948,-37.02073917259421,100 174.8594111616116,-37.02074549918526,100 174.85942202363074,-37.020754093257324,100 174.85943878912195,-37.02076199632958,100 174.8594505016037,-37.02077006512589,100 174.85945496484302,-37.02077443230883,100 174.85946259315418,-37.020780588550544,100 174.85951571284315,-37.02081216517217,100 174.85952835297022,-37.02081798688,100 174.85954916759144,-37.020824519570795,100 174.85955686423222,-37.020827438137886,100 174.85956771413245,-37.02083106167207,100 174.85957993616168,-37.020836147250115,100 174.85961415832335,-37.02085646437459,100 174.85963612300398,-37.02087425258344,100 174.85964425184798,-37.02087714814616,100 174.85965056198626,-37.02088004337593,100 174.85967047666526,-37.02088659195485,100 174.85967636896888,-37.02088807056772,100 174.85969764319563,-37.020894965563556,100 174.85971434919176,-37.020902592827035,100 174.8597296460182,-37.02091129580785,100 174.8597396061429,-37.020915306416,100 174.8597459096077,-37.020918573084124,100 174.85975224593003,-37.02092111278254,100 174.85975897732555,-37.020925472337275,100 174.85976435090566,-37.020930893287094,100 174.85978226540323,-37.02094613297059,100 174.85979262225484,-37.02095267633947,100 174.859795746703,-37.02095556472064,100 174.85982538986224,-37.02097492337194,100 174.8598409237706,-37.020981500942135,100 174.8598445844092,-37.02098369862576,100 174.85986472436394,-37.0209870376871,100 174.85987522697656,-37.02098996992613,100 174.85988073561978,-37.020990695642205,100 174.85988393351806,-37.02099180188482,100 174.8598889818133,-37.02099217970233,100 174.85991045984917,-37.02099696690984,100 174.85992466398318,-37.02099847202545,100 174.85993425946538,-37.020999236414525,100 174.85994480456128,-37.02099925495382,100 174.85996220899537,-37.02099675585179,100 174.8599686362442,-37.020994957018786,100 174.85998883332192,-37.020985565089255,100 174.85999159324746,-37.0209819400196,100 174.85999205963753,-37.02097866366317,100 174.8599916108514,-37.02097611639263,100 174.85999026369936,-37.02097429614184,100 174.85996238975846,-37.02095894855504,100 174.85995509159872,-37.02095600844496,100 174.85994774539645,-37.020954555344545,100 174.85994135212405,-37.020953783113264,100 174.85991800785663,-37.020952992727786,100 174.85990564782117,-37.020951145945894,100 174.85989697060003,-37.02094784259438,100 174.85987504178533,-37.02093397185872,100 174.85986726025078,-37.020931767578176,100 174.85985460761742,-37.02092741703789,100 174.8598450774362,-37.020925227551814,100 174.85983335596225,-37.02091942031828,100 174.8598242982167,-37.02091613824916,100 174.85979950239,-37.02090380501184,100 174.85977115065876,-37.02088674607501,100 174.8597237748453,-37.020862783908726,100 174.8597125258472,-37.020855884982694,100 174.85969541611405,-37.020846081981,100 174.85968687257835,-37.020840653937675,100 174.85967966636707,-37.020836643417574,100 174.85967242769425,-37.020833376083736,100 174.85966478614793,-37.020828660353594,100 174.8596480880211,-37.02082066342313,100 174.8596386374694,-37.0208156074136,100 174.85962919784515,-37.02080906317239,100 174.85956839471442,-37.020773128440325,100 174.859557093032,-37.02076877021114,100 174.8595458230422,-37.02076368322714,100 174.85951289926024,-37.02074659584749,100 174.85949754389063,-37.020733137552575,100 174.85948228031887,-37.02071339299532,100 174.8594701017363,-37.020702203968625,100 174.85944885100687,-37.02068649467055,100 174.85943120845093,-37.02067488925302,100 174.85940725269822,-37.0206558352293,100 174.85936218812975,-37.02060434318574,100 174.85935311727107,-37.020596693546054,100 174.85932948296016,-37.020579895849984,100 174.85931224438252,-37.02056530976564,100 174.85930724987105,-37.020559851307496,100 174.85930227601318,-37.020552565573794,100 174.85929463359517,-37.020538727692845,100 174.85927559136363,-37.02052014643127,100 174.85925210192434,-37.02048226755452,100 174.85923770998545,-37.02045243988831,100 174.85923320391277,-37.02044516124116,100 174.85921972015402,-37.02041496242129,100 174.85921525563856,-37.020401502851904,100 174.8592162839243,-37.020386230293035,100 174.85921459564855,-37.020365894397045,100 174.85921281261918,-37.02036007104778,100 174.85919380436508,-37.02027426066077,100 174.85919200572675,-37.020269180233655,100 174.85918975227534,-37.02026517768835,100 174.8591888783038,-37.02025971143109,100 174.85918531652555,-37.02024699481154,100 174.85917809588994,-37.02023533328026,100 174.85916270419813,-37.02021857942407,100 174.8591514062813,-37.02020145857119,100 174.85914962525206,-37.02019636254512,100 174.8591473562137,-37.02019310382246,100 174.85914285446285,-37.02018471018532,100 174.85914013762405,-37.02018217141492,100 174.859138308914,-37.020178531748655,100 174.85912248893152,-37.02016066877912,100 174.8591111921176,-37.02014100982078,100 174.85909637152122,-37.02010936190012,100 174.85908933970524,-37.02009571542707,100 174.85891400663695,-37.02016217008457,100 174.85891065651532,-37.02015988909172,100 174.85890747855584,-37.020156969978785,100 174.85889562007603,-37.020152543797984,100 174.85888556282896,-37.02015325929647,100 174.8588809950554,-37.02015470085795,100 174.85887088147848,-37.02016302157565,100 174.85886809981386,-37.0201710137991,100 174.85886542970135,-37.020178648257826,100 174.85882709679086,-37.020191651791414,100 174.8588262945065,-37.020201764422524,100 174.85882583181416,-37.02020321106159,100 174.85882713951446,-37.02021522213573,100 174.8588238511533,-37.02022756029407,100 174.85881922491234,-37.020235182138755,100 174.85880084733978,-37.020251109588706,100 174.85879167033312,-37.020256904580386,100 174.8587623350165,-37.02027095954655,100 174.8587495245196,-37.0202749304345,100 174.858722976668,-37.02027993945005,100 174.85870928330093,-37.020281352733804,100 174.85869232648176,-37.02028565626726,100 174.85868822141668,-37.020288189266715,100 174.858685004883,-37.02028963759078,100 174.85866345207086,-37.02030335879304,100 174.85864420704092,-37.02031275000258,100 174.8586194479748,-37.02032248356859,100 174.85861212947768,-37.02032465501205,100 174.85858832008847,-37.0203336454361,100 174.85856954387063,-37.020340503823135,100 174.8584861313478,-37.02038095169011,100 174.8583890096594,-37.02042096981828,100 174.85835560938023,-37.02042739930144,100 174.85833549071762,-37.020431338613136,100 174.85832087229022,-37.02043312326111,100 174.85830351475838,-37.020433438417996,100 174.85827751248482,-37.020427164322925,100 174.85826293447664,-37.020422026282766,100 174.85825745053003,-37.020420927863576,100 174.85825381500104,-37.020418373719764,100 174.85825063510467,-37.02041726624921,100 174.85823923298742,-37.02041177922514,100 174.85822603528547,-37.02040774799767,100 174.8582096346023,-37.020401154045686,100 174.85820007002206,-37.02039639443326,100 174.85819822578068,-37.02039603756034,100 174.8581959866628,-37.02039455933575,100 174.85818776758273,-37.02039344607086,100 174.85817209527738,-37.020390774014366,100 174.85816951433213,-37.020390121333946,100 174.85816770186136,-37.020389038409704,100 174.85816541684437,-37.020386460405966,100 174.85816451956123,-37.0203846484095,100 174.85816454096582,-37.02038285086542,100 174.8581677643718,-37.02037776206334,100 174.8581718764986,-37.02037487205297,100 174.85818244984176,-37.02036945541843,100 174.8582095233036,-37.02035173705335,100 174.85824297992752,-37.02033511743833,100 174.8582796307819,-37.0203207019516,100 174.8582924339412,-37.020317120594214,100 174.85830940748127,-37.02030953429081,100 174.8583185809174,-37.02030229910124,100 174.8583241004886,-37.02029503281844,100 174.85832830614538,-37.020282694725104,100 174.85832834112765,-37.02027688704758,100 174.85832407572727,-37.020268225592794,100 174.85832273078591,-37.02025034577578,100 174.85831753767954,-37.02023036490036,100 174.85831587574557,-37.02022715613784,100 174.85831494293038,-37.02022333207756,100 174.8583022469637,-37.02019860076196,100 174.85829036959262,-37.02018633884148,100 174.8582832810994,-37.020175758556604,100 174.85848999513877,-37.02010500158926,100 174.8604750048315,-37.019422003654704,100 174.8619390035062,-37.01891899895712,100 174.86250699188747,-37.018712003653114,100 174.86254799715326,-37.01896700055623,100 174.8627259978584,-37.01890600658858,100 174.86284499745952,-37.01913100717946,100 174.86287199981885,-37.01918099782924,100 174.86293500547865,-37.019159002579755,100 174.86297699853324,-37.01914500559693,100 174.86303899968635,-37.01926100096982,100 174.86310200632343,-37.01937899223422,100 174.8632159969989,-37.01933999511937,100 174.86339800660784,-37.01927800342503,100 174.86352299830315,-37.01951200517048,100 174.86364800039775,-37.019746998041676,100 174.86367500388536,-37.01979700379941,100 174.86377299365762,-37.019980998562566,100 174.86389800575355,-37.02021500134213,100 174.86395299352841,-37.020317999566885,100 174.86402299225497,-37.020449994010136,100 174.8639480074214,-37.02047600681292,100 174.86411600752024,-37.02079100496976,100 174.86405300776693,-37.02081199400055,100 174.86389500390962,-37.02086599982144,100 174.86392900575987,-37.020929002364035,100 174.86395500577055,-37.020978994065075,100 174.8640100014804,-37.02108100158242,100 174.86385599572552,-37.021133002218406,100 174.86398899528407,-37.02138199697092,100 174.86381399265073,-37.02144199488829,100 174.86390400514847,-37.021607994013756,100 174.86409100392956,-37.02154399403207,100 174.86411299636762,-37.02158600179015,100 174.86421000233636,-37.02176800164566,100 174.86431700248,-37.02173099793433,100 174.8644429929669,-37.021687999410204,100 174.86453299570272,-37.021657003066046,100 174.86454999397944,-37.02165099457579,100 174.86457400290513,-37.02164300658335,100 174.86465500871645,-37.02179399930253,100 174.86472300625022,-37.021920995432744,100 174.86473600573242,-37.02194599795611,100 174.864816994582,-37.02209700523747,100 174.86487099617344,-37.022197992339635,100 174.8648979934097,-37.02224900463847,100 174.86497899142537,-37.0224010030882,100 174.8650189972525,-37.02247599742444,100 174.86505999887478,-37.02255199456691,100 174.86513999382018,-37.02270399514216,100 174.86516699825683,-37.02275399959705,100 174.86522600545663,-37.02286400741078,100 174.8653420043349,-37.0230219978443,100 174.86545800522345,-37.02318000434665,100 174.86551699640256,-37.0232339942249,100 174.86561000460478,-37.02331799891097,100 174.86565500174834,-37.023359004645435,100 174.8657619949018,-37.023455001976195,100 174.86593699914795,-37.0235739988679,100 174.86595400294345,-37.02358299774685,100 174.86616500451285,-37.0236800004077,100 174.8663129934658,-37.023747998549936,100 174.86630399642556,-37.023774003090374,100 174.8662569930386,-37.02390699669291,100 174.86620700547246,-37.02405199756156,100 174.86620199649764,-37.02406600695633,100 174.86609699348608,-37.024179994021,100 174.8661759920547,-37.02432699371626,100 174.86619900139326,-37.02437000532813,100 174.86627699658646,-37.02451700631079,100 174.86630100111682,-37.0245609927797,100 174.86635799995938,-37.02466900542232,100 174.86640200518914,-37.024751006162035,100 174.866438994702,-37.02481999514355,100 174.86650400592055,-37.02494199159718,100 174.86651999871904,-37.024971993218216,100 174.86660100459036,-37.02512400742446,100 174.86660599909553,-37.02513200364079,100 174.86668200032938,-37.025274996941974,100 174.8667069960315,-37.025322992955765,100 174.8665259972603,-37.025385003654605,100 174.86630900763825,-37.025459002570905,100 174.8663460075042,-37.02552899997003,100 174.86642699529776,-37.0256809983404,100 174.86648100098472,-37.02578199985594,100 174.86643400237315,-37.02579800475282,100 174.8664649992626,-37.02585599381413,100 174.86658099999966,-37.026073004896396,100 174.86659499470804,-37.02626500178841,100 174.86674100527162,-37.02653800641358,100 174.86693600318804,-37.02647099812529,100 174.86696700675486,-37.02646099960311,100 174.86759200407977,-37.02671199597371,100 174.86757699574207,-37.026735996996656,100 174.8674470053934,-37.02668399479703,100 174.86703900230555,-37.0267639951574,100 174.86711299397408,-37.02690299631529,100 174.86718800656953,-37.027041994870785,100 174.86720700237012,-37.027077998679886,100 174.86726200713974,-37.02718000524775,100 174.8672859966542,-37.027224007041106,100 174.86733700344172,-37.02731900395305,100 174.8673829987373,-37.027406004028414,100 174.86741099622793,-37.02745800488263,100 174.86746200336012,-37.02755300262954,100 174.86748599311494,-37.02759700437336,100 174.86755999327787,-37.02773499832262,100 174.86763400488059,-37.02787399879824,100 174.867704996467,-37.028015994041326,100 174.86777999655646,-37.028157005886925,100 174.8678560015122,-37.028298000954734,100 174.86793100180165,-37.02843899736671,100 174.86800699766658,-37.02857900103169,100 174.86808199853013,-37.028719997326405,100 174.86815800499556,-37.02886100657219,100 174.86823300645636,-37.029002003650554,100 174.8682540042487,-37.02899400463803,100 174.86832600469182,-37.02912899845044,100 174.86834700306161,-37.0291680034056,100 174.86802399170264,-37.02928000158563,100 174.86810900020936,-37.02943699344302,100 174.86841099734872,-37.02933299342941,100 174.8685080036054,-37.029513006435266,100 174.8685130003859,-37.029523001620085,100 174.86858300637553,-37.0296540023408,100 174.86858900814826,-37.02966399611181,100 174.8686589975505,-37.029794997043005,100 174.86866399324686,-37.029804992237665,100 174.86873400809404,-37.02993500218304,100 174.86873999190803,-37.02994499532709,100 174.8688099987009,-37.03007599588336,100 174.86881499595802,-37.03008600726967,100 174.86888500376622,-37.030216992437545,100 174.8688910048991,-37.030227002424986,100 174.86896099534937,-37.03035800223641,100 174.8689699975434,-37.03037399917547,100 174.8690360081397,-37.03049800622335,100 174.8691119999252,-37.0306390005873,100 174.8692910013894,-37.03057700471962,100 174.8693340000391,-37.03050500502061,100 174.86927399816622,-37.030279996008275,100 174.86934700608612,-37.030178996186194,100 174.869398997872,-37.030176005595315,100 174.86950800831025,-37.03013800285735,100 174.86997599963047,-37.030467003315614,100 174.8700189940066,-37.03066099214788,100 174.8699630037402,-37.03081000161684,100 174.86990500082638,-37.0309640017669,100 174.8697850024166,-37.03100300006868,100 174.86961899325902,-37.03104200601189,100 174.869359992719,-37.03110300175247,100 174.86939399276073,-37.03116499579106,100 174.86947099481685,-37.03130999920249,100 174.86951800727752,-37.03139600529301,100 174.86954699655794,-37.03145000165817,100 174.8696109951999,-37.03157000130463,100 174.86962200328244,-37.03159099675652,100 174.8696959949858,-37.03172900555249,100 174.86969799771046,-37.031732006877135,100 174.86977299493978,-37.031871995259074,100 174.86978899884076,-37.03190100386265,100 174.86984900790375,-37.03201300407663,100 174.86992399894328,-37.03215400010703,100 174.8699999941302,-37.03229499377307,100 174.8700749928803,-37.03243499723685,100 174.87015100587735,-37.03257600583472,100 174.87030199440986,-37.032857995059196,100 174.87038800284094,-37.033018994553906,100 174.87050700512387,-37.032976991955685,100 174.8706650017023,-37.033269004434985,100 174.87073899157318,-37.03335799507085,100 174.87079699619946,-37.03342700708553,100 174.87075799963395,-37.033439994330436,100 174.87069400698755,-37.033508006559686,100 174.8706459970931,-37.033699994437754,100 174.8706489962023,-37.03380999194301,100 174.87065299633213,-37.03390699487167,100 174.8707109947147,-37.0340150028663,100 174.87072300061112,-37.034037003641934,100 174.8704939993048,-37.03417499415663,100 174.87033599859146,-37.03409499909195,100 174.87025499434645,-37.03410499735416,100 174.87029500079163,-37.03461800659279,100 174.87021399738558,-37.03460299361464,100 174.87016799752942,-37.034760998352255,100 174.87012400312207,-37.03490800257448,100 174.87050800874138,-37.03490700575838,100 174.87043700290334,-37.03514800407448,100 174.87039800083858,-37.03528100000024,100 174.8703729993766,-37.03536800509779,100 174.87030900342944,-37.03558700010827,100 174.870222992206,-37.035569997619476,100 174.8700220029857,-37.03553299533174,100 174.86995200531723,-37.03551899930006,100 174.86982200817368,-37.03549500001072,100 174.86958899969704,-37.035450993854944,100 174.86951900092865,-37.0356890005623,100 174.86919100523025,-37.035350001114345,100 174.8688149951655,-37.0352999971742,100 174.86879999997376,-37.0353670056901,100 174.868704998248,-37.03582399660872,100 174.86869999720415,-37.03584599783209,100 174.86838299260015,-37.03595699496478,100 174.8681240015911,-37.03604800056921,100 174.8683009995443,-37.03637299931291,100 174.86831399282036,-37.03639699558722,100 174.86815799588743,-37.03645199417932,100 174.86767700781252,-37.03662000005366,100 174.86741299313678,-37.03671299670401,100 174.86734700540833,-37.036736005777655,100 174.86714200142958,-37.036808002551226,100 174.86686899171283,-37.036904003041926,100 174.86681199734494,-37.03692400682794,100 174.86676999539898,-37.03693800538111,100 174.86598499958905,-37.03721399974479,100 174.86589200721184,-37.03704300513889,100 174.86564900537505,-37.03659899698242,100 174.86564199573795,-37.03658499369882,100 174.86554100826564,-37.03639999657692,100 174.86534800333507,-37.036046001552045,100 174.8651809968955,-37.035741006912346,100 174.86495100302338,-37.035821996713544,100 174.86494700495703,-37.03581500325497,100 174.86484599177524,-37.035849998290274,100 174.8647010069818,-37.0355840059027,100 174.8644849935168,-37.0356599981024,100 174.8644659944628,-37.035698005556,100 174.86429100206928,-37.03575899571257,100 174.86424399532868,-37.03574399501881,100 174.86388100111535,-37.0358709981335,100 174.86402199256057,-37.036128992119394,100 174.86374799544038,-37.03622500276677,100 174.86386500641657,-37.03644000110251,100 174.86398199121925,-37.03665399296112,100 174.86403100539988,-37.03674499992219,100 174.86410400633136,-37.03673799329751,100 174.86404799732253,-37.03689399985834,100 174.86400800158088,-37.03700399728077,100 174.86401300834135,-37.037055001876716,100 174.86402200432832,-37.03715199597144,100 174.86382499764326,-37.03720399570558,100 174.86362699396528,-37.03725500492286,100 174.86357400832685,-37.03725599694006,100 174.86335700857705,-37.03726000456075,100 174.8631210009131,-37.03726499264078,100 174.8631020054956,-37.037169007264026,100 174.86299200422778,-37.03696799540698,100 174.86291600166058,-37.03695800120275,100 174.8629329942529,-37.036861998561484,100 174.86281799453027,-37.03685800567511,100 174.86270400788538,-37.036853004430384,100 174.8626370083865,-37.03684999257978,100 174.86263699928855,-37.036840003554246,100 174.86236299739366,-37.03693599579306,100 174.86209899300104,-37.037028995850534,100 174.86200799414988,-37.037060996675336,100 174.86188999284803,-37.03710199721601,100 174.8617369943276,-37.03715600570167,100 174.86147799186747,-37.03724699708727,100 174.86143600556463,-37.03726099441873,100 174.86112000317007,-37.0373569939923,100 174.8610719994188,-37.03726999517571,100 174.86099400572817,-37.03712700187315,100 174.86098400632966,-37.037129993364914,100 174.86067900722583,-37.0372229989429,100 174.86065800482046,-37.03722899941887,100 174.8605680083875,-37.037064003059854,100 174.86026300288114,-37.03717099323267,100 174.86042225924894,-37.037400072431765,100</coordinates></LinearRing></outerBoundaryIs>
    </Polygon>
  </Placemark>

  <Placemark>
    <name>Clendon Park</name>
    <Point>
      <altitudeMode>relativeToGround</altitudeMode>
      <coordinates>174.86151960667192,-37.02997107097786,100</coordinates>
    </Point>
  </Placemark>

</Document>
</kml>