<?xml version="1.0" encoding="utf-8"?>
<kml xmlns="http://www.opengis.net/kml/2.2">
<Document>
  <name>Conifer Grove (polygon: official_shp)</name>
  <open>1</open>

  <Placemark>
    <name>Conifer Grove (polygon: official_shp)</name>
    <Style>
      <LineStyle><color>ffff0000</color><width>2</width></LineStyle>
      <PolyStyle><color>66ff0000</color><fill>1</fill><outline>1</outline></PolyStyle>
    </Style>
    <Polygon>
      <tessellate>1</tessellate>
      <altitudeMode>relativeToGround</altitudeMode>
      <outerBoundaryIs><LinearRing><coordinates>174.9036755065936,-37.04436724389375,100 174.90372266706683,-37.04426594886949,100 174.90376984695547,-37.04416471570438,100 174.90381072497507,-37.044076865213434,100 174.90396185844187,-37.04375230601375,100 174.9040440583841,-37.043575823543335,100 174.9042080330621,-37.04322374943206,100 174.90428090818952,-37.04306727031419,100 174.90436287590188,-37.042891224875746,100 174.90449354271007,-37.042610667844976,100 174.9046119735428,-37.04235639074489,100 174.90470411563174,-37.04215850004437,100 174.90482988597,-37.04188834294823,100 174.90498712984063,-37.04155069568993,100 174.90500319428264,-37.04151627934974,100 174.9051421340843,-37.04136459792869,100 174.9052685266847,-37.041226580603045,100 174.90540156210886,-37.04108130642662,100 174.90554793262086,-37.04092150343568,100 174.9057577317433,-37.04069237620132,100 174.90591114857412,-37.040524905767036,100 174.90613792975387,-37.04027722033865,100 174.90629996790548,-37.04010024275901,100 174.9065058786919,-37.03987536505642,100 174.90658390216794,-37.03979008009797,100 174.90659878613695,-37.03977391219019,100 174.90669464526655,-37.03969859723583,100 174.90693537101444,-37.039509297603495,100 174.90711187635378,-37.03937050329676,100 174.9072963984366,-37.039225372574535,100 174.90752088016356,-37.03904881056606,100 174.9077696206187,-37.038853188452755,100 174.90795147770658,-37.03871011670116,100 174.90813055528378,-37.038569262422186,100 174.90830963255937,-37.03842842230332,100 174.90852391923303,-37.03825985924988,100 174.90873227449262,-37.03809606089586,100 174.90904873306098,-37.037847050325105,100 174.90907121478318,-37.03787988871552,100 174.90915063625468,-37.037995833280185,100 174.90915140707406,-37.03799173077987,100 174.90921582549356,-37.03807972236071,100 174.90933296493674,-37.03823965140663,100 174.90933460040543,-37.038241835965,100 174.90945010330614,-37.038399562318176,100 174.90956722572557,-37.03855948958421,100 174.90964375330236,-37.03866393204167,100 174.90967929925753,-37.038734173857385,100 174.9098350677374,-37.03904184764845,100 174.9105642381103,-37.03911469392107,100 174.91068751122336,-37.03897709792556,100 174.9108403258008,-37.03880653318027,100 174.91098660365705,-37.03864330197109,100 174.91101279969047,-37.038614017634366,100 174.91115806492908,-37.03850217383104,100 174.91136072330593,-37.038346152592545,100 174.91159982824527,-37.038162076558244,100 174.91189126551632,-37.03814538923534,100 174.91199441217393,-37.03813947783809,100 174.9121845834836,-37.03822541532193,100 174.91244895568417,-37.03834490295866,100 174.91255661647776,-37.03839356488874,100 174.91266589486375,-37.03847523320826,100 174.91285632130857,-37.03861755428509,100 174.91304789664204,-37.038760737081816,100 174.9131992245526,-37.03887379665157,100 174.91332912416013,-37.03897088098827,100 174.91355518314592,-37.03913984258386,100 174.9135586044264,-37.0392175901205,100 174.9136945470567,-37.039325330829605,100 174.91380069149997,-37.03932260243034,100 174.9140091746363,-37.03948025873293,100 174.91413997517577,-37.03957919960322,100 174.91390087886242,-37.039782392582424,100 174.91407110476808,-37.03991114587083,100 174.9142411722863,-37.040039747339485,100 174.91441122390418,-37.04016836413318,100 174.91458536067822,-37.040300066567475,100 174.914824457815,-37.040096873113264,100 174.91498633711336,-37.04021928397932,100 174.91498911776884,-37.04029572589243,100 174.91523842542694,-37.040484112991024,100 174.9153336907732,-37.04048185359612,100 174.91549721702484,-37.04060548904311,100 174.91521956913385,-37.04084147274811,100 174.91526042821906,-37.04087238901579,100 174.91539130170233,-37.04097129661261,100 174.9155630184043,-37.04110113669807,100 174.91573475328732,-37.04123096090921,100 174.91589833319395,-37.04135462643966,100 174.91593756581963,-37.04138428619165,100 174.9160618791214,-37.04147826073899,100 174.9160001755966,-37.041530677437734,100 174.91590245121245,-37.041729157052316,100 174.91576708188404,-37.042004065369994,100 174.91597029455613,-37.04200393555503,100 174.9161492611809,-37.042003911393564,100 174.91633719837432,-37.042003820435326,100 174.91666632842927,-37.042003736878655,100 174.91679655610233,-37.04200367556617,100 174.91705558871627,-37.04178352205199,100 174.9181309100898,-37.04259656156874,100 174.91787008497622,-37.042810741949374,100 174.91801564847904,-37.04292078515951,100 174.91816120971302,-37.04303076603103,100 174.91830682422236,-37.04314079182118,100 174.91860524403688,-37.042955231393904,100 174.91870226957064,-37.04302857758926,100 174.91871001444213,-37.04303497588201,100 174.91871706375574,-37.043041882041,100 174.91872332983704,-37.04304925241991,100 174.91872879192383,-37.0430570215601,100 174.9187334148474,-37.04306513234763,100 174.9187371277235,-37.043073538160606,100 174.9187399297479,-37.043082162401966,100 174.91874181742497,-37.043090955556984,100 174.91874273831894,-37.04309984456768,100 174.9187427077003,-37.043108766096296,100 174.918741704489,-37.04311764207107,100 174.91873976463938,-37.04312642684545,100 174.91873688505387,-37.04313504205676,100 174.91873309790682,-37.04314342589625,100 174.91872843647388,-37.04315151563603,100 174.91872290069918,-37.0431592644095,100 174.9187165729246,-37.043166593372966,100 174.9187094703612,-37.043173471603765,100 174.9187016607175,-37.04317981959364,100 174.91869319458152,-37.04318559236053,100 174.9186841584258,-37.04319078580151,100 174.91867458444776,-37.04319533900874,100 174.91866455910977,-37.04319920281465,100 174.9186541494606,-37.043202360812444,100 174.91898327951955,-37.04330629839734,100 174.9190964869995,-37.04332643757612,100 174.91931431482283,-37.04349112171501,100 174.91908546513986,-37.043685888904974,100 174.91878105222577,-37.04394496620634,100 174.9190857104459,-37.04417499955987,100 174.91880519310087,-37.04441379956658,100 174.91882978149783,-37.044432396582785,100 174.91938863325893,-37.04485426984143,100 174.9195373873692,-37.044727642146285,100 174.91968612449023,-37.044601028963775,100 174.9198348615265,-37.04447443182293,100 174.91993443391064,-37.04454962123941,100 174.9200991016402,-37.04467386519292,100 174.92011790277027,-37.04465785843095,100 174.9204666851585,-37.044360991694646,100 174.92057075092688,-37.04443952372494,100 174.9205743237425,-37.04453382255762,100 174.92073912875327,-37.0446579867762,100 174.92085674446554,-37.04465512567943,100 174.92096096847658,-37.044733747624214,100 174.92061188019497,-37.045030822640214,100 174.92077665613218,-37.04515512515244,100 174.92094139896767,-37.04527947573137,100 174.92078657153473,-37.04541134000857,100 174.92081530024336,-37.045433039404024,100 174.92050557437923,-37.045696690174395,100 174.92055921312567,-37.04573668634781,100 174.9209768352345,-37.04538166573761,100 174.9210591267074,-37.04544373359928,100 174.9211416431581,-37.04550584462466,100 174.92122383422242,-37.04556802214941,100 174.92130633446854,-37.04563014864015,100 174.92138854112704,-37.04569230957022,100 174.92147100833228,-37.04575445270042,100 174.92155325012357,-37.04581661384384,100 174.9216003134809,-37.04577654941724,100 174.92176503983453,-37.045900852205826,100 174.92161623493055,-37.04602749970457,100 174.92160715861937,-37.046033112219824,100 174.92122931140906,-37.04624356909936,100 174.92121992687626,-37.046259346885535,100 174.92121905105253,-37.046260911301815,100 174.92121010466332,-37.04627689739937,100 174.9212082753171,-37.04628024470271,100 174.9211996127844,-37.04629647405762,100 174.92119815461007,-37.0462982651195,100 174.9211829598066,-37.04631001089086,100 174.92117224012745,-37.04632514604612,100 174.92116938311398,-37.0463295654131,100 174.9211591597819,-37.046343203586424,100 174.92114820362647,-37.04635605057502,100 174.92113463525592,-37.0463690227956,100 174.92112210388416,-37.046383121961355,100 174.92111993643218,-37.04638554640547,100 174.9211064375593,-37.04639913488474,100 174.9211061845595,-37.04639940216124,100 174.92109530546463,-37.04641249665443,100 174.92108355549618,-37.04642356111427,100 174.92107044218514,-37.0464360753087,100 174.92105919040438,-37.04645075580685,100 174.92104747556897,-37.04646620269539,100 174.9210465520193,-37.046467256848786,100 174.9210326728086,-37.04648150401854,100 174.92103209593046,-37.046481947787115,100 174.92101580271532,-37.046493433729985,100 174.9209995211046,-37.04650600464279,100 174.9209827700479,-37.046517839588084,100 174.9209664610636,-37.04653003870465,100 174.92095221335174,-37.046544120587626,100 174.92094928505554,-37.04654660512065,100 174.92093086767906,-37.04655706012522,100 174.92092571743655,-37.04655998622902,100 174.92090913389535,-37.046572267296185,100 174.92090489362099,-37.04657551844926,100 174.92089131163488,-37.0465855003637,100 174.9208740492243,-37.04659703443155,100 174.92086926220853,-37.046600542294854,100 174.92085492664432,-37.046613325920724,100 174.92084107132473,-37.04662718512438,100 174.92082655150554,-37.046640822554274,100 174.9208258574961,-37.04664139259773,100 174.92081149198634,-37.046653078023894,100 174.92079824191887,-37.04666753038701,100 174.92079720277863,-37.04666877207748,100 174.9207843740182,-37.04668343392673,100 174.92078247443254,-37.04668551243546,100 174.92076864329235,-37.04669961819426,100 174.9207632345875,-37.04670446913831,100 174.9207471400675,-37.04671692702902,100 174.9207443938715,-37.046719097660905,100 174.9207295384774,-37.046732493558814,100 174.92072693517025,-37.04673480157705,100 174.92071112562306,-37.04674750270415,100 174.92071033406685,-37.04674830686102,100 174.9206990690834,-37.04676376175258,100 174.92069831394778,-37.04676467257373,100 174.9206831057738,-37.04677781280335,100 174.9206687278738,-37.04678842857512,100 174.92065483024044,-37.04680012082636,100 174.9206445826066,-37.04681355926213,100 174.92062909173322,-37.04682650307413,100 174.9206253151035,-37.04682963675093,100 174.92061188343376,-37.04684313215454,100 174.9205993408386,-37.046853714591784,100 174.92058684314387,-37.04686719396654,100 174.92057427581454,-37.04687813371487,100 174.9205621877399,-37.0468876560744,100 174.920549640339,-37.04689679921497,100 174.92053846437724,-37.046909185540486,100 174.92052185610692,-37.04692120467788,100 174.92052005111353,-37.04692235241478,100 174.92050568441468,-37.046931496169755,100 174.92048888115633,-37.04694336343724,100 174.92048861013524,-37.04694358503817,100 174.9204731900523,-37.04695657364996,100 174.9204684624855,-37.0469603896792,100 174.92045274332278,-37.04697137143916,100 174.92044103829875,-37.046987840179575,100 174.9204393738085,-37.046989030704935,100 174.9204213584036,-37.0469996485664,100 174.92040564709416,-37.04701027327994,100 174.9203912679536,-37.047020843072694,100 174.92037824466686,-37.04703033459091,100 174.9203606418825,-37.04704144237608,100 174.92035664910267,-37.0470442541766,100 174.92034170397878,-37.047057574869605,100 174.92033622572774,-37.04706301456548,100 174.92032397475228,-37.04707415105569,100 174.92031276291223,-37.04708966724024,100 174.92031110129778,-37.04709222137781,100 174.92030014757904,-37.047107004233496,100 174.92029237193847,-37.047116496398246,100 174.9202772004029,-37.04712783879978,100 174.9202692282237,-37.047140865422136,100 174.92026636682075,-37.04714323979876,100 174.92026557022683,-37.0471438890114,100 174.92025047264187,-37.047153525861894,100 174.92023791741317,-37.04716053212451,100 174.92022583194915,-37.04716824280359,100 174.92021241580096,-37.04717414900098,100 174.9201913054809,-37.047181848970055,100 174.92019012436742,-37.04718236560824,100 174.92017509997766,-37.04719026717112,100 174.92017080868456,-37.04719354886719,100 174.9201668275475,-37.047196778674206,100 174.92016305206093,-37.04719995918544,100 174.92015927767534,-37.04720313877743,100 174.92015541602913,-37.0472063360054,100 174.92015136671512,-37.04720958223773,100 174.92014697130026,-37.04721288184204,100 174.92014209379641,-37.047216282084776,100 174.9201366312305,-37.04721980175762,100 174.92013042740575,-37.047223489355424,100 174.92012362438348,-37.047227404767526,100 174.92011643123132,-37.04723158967379,100 174.92010882693486,-37.04723596870555,100 174.92010079263682,-37.04724046285396,100 174.92009232640748,-37.04724499554005,100 174.92008342442134,-37.04724945957148,100 174.92007405324352,-37.04725382214148,100 174.92006422515888,-37.047257946054096,100 174.9200539546997,-37.047261783305274,100 174.92004319007359,-37.04726524189992,100 174.920031845178,-37.04726838542123,100 174.92001988714512,-37.04727129281389,100 174.9200074032691,-37.047273992407256,100 174.91999441345186,-37.047276515424336,100 174.91998103715116,-37.04727887254921,100 174.91996729169207,-37.04728103736369,100 174.9199532831013,-37.04728306763678,100 174.91993904505233,-37.047284961020644,100 174.9199246829135,-37.04728674915741,100 174.91991023111908,-37.047288415266294,100 174.91989543116895,-37.047290008596654,100 174.9198800920805,-37.04729153584519,100 174.9198643340158,-37.04729294639653,100 174.91984827683027,-37.04729422208701,100 174.91983209549875,-37.04729534566335,100 174.91981590873007,-37.04729629807931,100 174.91979983833252,-37.047297049422944,100 174.91978405534172,-37.047297559972584,100 174.91976864756305,-37.04729783371483,100 174.91975380295978,-37.047297833358016,100 174.91973936529044,-37.04729751636664,100 174.91972517906268,-37.04729686993568,100 174.91971119299384,-37.04729595618346,100 174.91969744194955,-37.047294775447,100 174.91968392903948,-37.04729345115356,100 174.91967061975038,-37.04729195231651,100 174.91965751682858,-37.04729038794825,100 174.91964461837853,-37.04728872743551,100 174.91963191138834,-37.047287079144425,100 174.9196194303484,-37.047285473160876,100 174.91960713846413,-37.04728383256905,100 174.91959501810442,-37.0472821270103,100 174.91958310488377,-37.047280386552316,100 174.9195713972589,-37.04727854993198,100 174.91955989559293,-37.047276631564266,100 174.9195486344445,-37.04727466423781,100 174.91953759609177,-37.04727261399026,100 174.91952681621726,-37.047270513592125,100 174.91951624227903,-37.04726833054592,100 174.91950597703425,-37.047266082115776,100 174.91949605709695,-37.047263748781994,100 174.91948653191082,-37.04726128467963,100 174.91947735056783,-37.04725872217807,100 174.9194684257622,-37.04725607711112,100 174.91945970883384,-37.04725338181172,100 174.91945105895797,-37.04725067010445,100 174.919442513555,-37.04724790983833,100 174.91943391612068,-37.04724518195903,100 174.91942523291354,-37.04724248611131,100 174.91941637779703,-37.047239839912535,100 174.9193834743791,-37.04721499372864,100 174.91936164126918,-37.04720712634872,100 174.91922054591237,-37.047156414394145,100 174.9190996024743,-37.047112887585634,100 174.91909172743027,-37.04711937636118,100 174.9190007435134,-37.04706992804511,100 174.91878352336116,-37.047037477264816,100 174.91854754186363,-37.04704948227259,100 174.9184901161498,-37.04705240488363,100 174.91844276501013,-37.047067646552065,100 174.9184408946796,-37.04706829960174,100 174.9184327287453,-37.047071186052705,100 174.91842456429723,-37.0470740868998,100 174.9184163994856,-37.047076973331485,100 174.9184082526895,-37.04707990543731,100 174.91840189201525,-37.04708227868914,100 174.91839383527847,-37.04708534903812,100 174.91838576206717,-37.04708843497507,100 174.9183776876758,-37.04709147406316,100 174.91836955924546,-37.04709442119132,100 174.9183613564895,-37.047097229820245,100 174.91835555510323,-37.0470991298556,100 174.918354865874,-37.04709926538279,100 174.91834608849675,-37.04709943709996,100 174.91833704089333,-37.04709798634796,100 174.91833388087304,-37.04709770217887,100 174.91832505594738,-37.047096744438285,100 174.9183162416316,-37.04709558283253,100 174.91830745750937,-37.04709423597205,100 174.91829872008734,-37.04709273423392,100 174.918290015888,-37.04709112290095,100 174.91828944068538,-37.047091008727016,100 174.91828075141805,-37.04708932054168,100 174.9182721103706,-37.04708753784098,100 174.91826348651304,-37.04708572331625,100 174.91826135762594,-37.04708517280833,100 174.91824134625267,-37.04708431938356,100 174.91823006449536,-37.04709041976557,100 174.91823476286714,-37.04710500335475,100 174.91824812906782,-37.04711926198335,100 174.91826597523132,-37.04712884162577,100 174.91828329191594,-37.04714061457116,100 174.91828469598377,-37.047141271438335,100 174.91830370843869,-37.04714545688099,100 174.918325392535,-37.047148526564925,100 174.91834748973127,-37.04715147960485,100 174.91835162438127,-37.04715193277456,100 174.91837390870592,-37.04715352002307,100 174.9183877475887,-37.04715412716994,100 174.91841008726286,-37.04715523312554,100 174.91843242418284,-37.04715618499984,100 174.91843426226416,-37.04715626071916,100 174.9184565854654,-37.04715738225447,100 174.91847893850726,-37.04715834918123,100 174.91847985830273,-37.04715839468934,100 174.91850229611447,-37.047158664439905,100 174.91852471217373,-37.047159365357594,100 174.91852603139367,-37.04715946569217,100 174.91854833050184,-37.047161595248866,100 174.91856548885252,-37.04716386204054,100 174.91858759380813,-37.04716707808843,100 174.91860724316896,-37.04717047806423,100 174.91862906445513,-37.04717475320966,100 174.91864542330595,-37.047178179372054,100 174.91866901185116,-37.047187487598535,100 174.91868266932153,-37.04719031212998,100 174.91870439301994,-37.04719481957193,100 174.9187226097894,-37.04719901962209,100 174.91874386492023,-37.04720474507784,100 174.9187626022058,-37.04721023636952,100 174.9187838095195,-37.047216116713244,100 174.9188035158223,-37.047222179064605,100 174.91882406850112,-37.047229434554396,100 174.91883219783296,-37.047232774821346,100 174.91885187424805,-37.047241579390466,100 174.9188540992383,-37.04724308821298,100 174.91886704336827,-37.047257726735076,100 174.9188688727425,-37.04726000175065,100 174.91888294319224,-37.04727400105474,100 174.91888681907994,-37.04727761833596,100 174.91890150167214,-37.04729123369568,100 174.9189033429976,-37.047292688338004,100 174.91892129202404,-37.047303490175565,100 174.91892667798535,-37.047306615249994,100 174.91894322721419,-37.04731880519612,100 174.9189491197279,-37.04732271160871,100 174.91896802640568,-37.047332427204466,100 174.918971485292,-37.047334130568345,100 174.9189901899412,-37.04734408376631,100 174.9189965939253,-37.04734767185483,100 174.91901462642494,-37.04735839391445,100 174.91902538657558,-37.047364801070295,100 174.9190436728423,-37.04737528558359,100 174.91905235296434,-37.047379778693205,100 174.91907190954092,-37.04738859958464,100 174.91908104434728,-37.047392573398696,100 174.91910036828597,-37.04740175586419,100 174.91910333230044,-37.04740309679922,100 174.91910738313356,-37.04740553414962,100 174.91912719115632,-37.04741590029065,100 174.91913822043298,-37.04742205432341,100 174.91915583978223,-37.04743471993135,100 174.9191627526494,-37.047439181243355,100 174.91918319410823,-37.04744866917658,100 174.91918570894862,-37.04745003360142,100 174.91920312238608,-37.04746282691303,100 174.91920443628098,-37.047463965619016,100 174.91921542717037,-37.04747372905434,100 174.91922164704866,-37.047479426438116,100 174.91923656112496,-37.04749325522103,100 174.9192404421008,-37.047497073396855,100 174.91925442168224,-37.047511522970794,100 174.91926024086956,-37.04751778473887,100 174.91927353826185,-37.047532649130666,100 174.9192800762302,-37.04753985914586,100 174.91929431236505,-37.04755422615026,100 174.91929933995274,-37.04755937140309,100 174.9193038038029,-37.047564232857574,100 174.91931413802268,-37.04757216466149,100 174.91931713274113,-37.04757459025435,100 174.9193319018957,-37.047586949553775,100 174.91934075438806,-37.04759448983725,100 174.91935576014262,-37.047606644315586,100 174.91936385427573,-37.04761371828215,100 174.91937699261007,-37.0476272215752,100 174.9193860635481,-37.047637050315195,100 174.91940414926574,-37.04765599577683,100 174.919412576463,-37.04766571235674,100 174.91942217815068,-37.04768036254848,100 174.91942452836463,-37.047684565109094,100 174.91942804525362,-37.04769147160263,100 174.91943351009584,-37.04770308287946,100 174.9194375347809,-37.04771086442428,100 174.91944736728763,-37.047728204851325,100 174.9194538024582,-37.04774168863765,100 174.91946067371532,-37.0477597178109,100 174.9194631783418,-37.04776701472397,100 174.91946989526755,-37.04778507703841,100 174.91947273590907,-37.047793839427726,100 174.9194770825349,-37.04781199057658,100 174.91947856648565,-37.04782371855538,100 174.9194798862816,-37.04784142838729,100 174.9194806789491,-37.047853835414394,100 174.91948277755628,-37.04787148397138,100 174.91948412171786,-37.047883152924314,100 174.9194858397655,-37.04790087073111,100 174.91948609090278,-37.04790932262368,100 174.91948448704832,-37.04792716089042,100 174.91948390738548,-37.047935038584356,100 174.91948491702576,-37.04795280030306,100 174.919485352911,-37.04795979271145,100 174.9194842167497,-37.04797700331707,100 174.9194836575278,-37.04798622811734,100 174.91948503977218,-37.048003068990155,100 174.91948590826732,-37.04800879979309,100 174.91948759207028,-37.0480271220219,100 174.91948832142566,-37.04803156982896,100 174.91948896775435,-37.0480342839854,100 174.91949449105851,-37.0480492858882,100 174.9194957413321,-37.04805316555954,100 174.91949764619804,-37.048068836203186,100 174.91949782680842,-37.048082879974615,100 174.9194985063833,-37.04809874259684,100 174.91949894974135,-37.048112905593186,100 174.9195045289889,-37.04812990476252,100 174.9195047140838,-37.04813600263777,100 174.91950636942758,-37.04815203423268,100 174.91950847263024,-37.04816673998323,100 174.91950926599623,-37.04817225569078,100 174.91950908518888,-37.048184539673095,100 174.91950854551405,-37.04820328905031,100 174.91950848333596,-37.04820479341797,100 174.91950676649554,-37.04822354742681,100 174.91950478963025,-37.04824229032204,100 174.91950396769607,-37.048251441862575,100 174.91950294863676,-37.04827035492257,100 174.91950279307537,-37.048289220658916,100 174.91950283167824,-37.048289994247156,100 174.91950407953286,-37.0483088201446,100 174.9195055502654,-37.04832761088934,100 174.91950555492986,-37.048327751415975,100 174.9195052818275,-37.04834672721003,100 174.91950604386136,-37.04836492555678,100 174.91951081539293,-37.04838342673835,100 174.91951440383914,-37.04839861768155,100 174.91951441938912,-37.048417357170536,100 174.91951353785717,-37.04842686568732,100 174.9195147976837,-37.048442997417524,100 174.91951633073452,-37.04845587014669,100 174.91951693231903,-37.048472028753814,100 174.91951916184217,-37.04848942733302,100 174.91952358732138,-37.04850731402302,100 174.9195270916331,-37.04852568159196,100 174.91952784645434,-37.04854488770332,100 174.91952567060704,-37.04856394476561,100 174.91952529112098,-37.04856588689084,100 174.9195204705964,-37.04858454241875,100 174.91951705028396,-37.04859428219923,100 174.91951071858253,-37.04861276209767,100 174.91950626953644,-37.04862103409395,100 174.91949268695956,-37.04863663814384,100 174.91948599243207,-37.04864321509324,100 174.919485171833,-37.048644251345145,100 174.9194750061322,-37.04865877261427,100 174.91946740028587,-37.04866747154146,100 174.91945131930467,-37.04867982178688,100 174.9194427328765,-37.04868499178684,100 174.91942438476323,-37.04869612682133,100 174.9194220490414,-37.04869750034368,100 174.91940382426392,-37.04870871089036,100 174.91939921026477,-37.048711595804065,100 174.91938098757703,-37.04872226463474,100 174.91937376472544,-37.04872728638029,100 174.91935945300585,-37.04874095271302,100 174.91935317200483,-37.04874747519398,100 174.91933968085738,-37.04876010437251,100 174.9193286052639,-37.048775556071156,100 174.91932384958213,-37.04878522642634,100 174.91931763095576,-37.048802171380764,100 174.91931665787203,-37.0488058590073,100 174.91931343011342,-37.048823199897626,100 174.91931242730317,-37.04883017142542,100 174.91930921640258,-37.04884751204278,100 174.91930747006813,-37.048857687091306,100 174.91930569024908,-37.04887037188891,100 174.91930499073973,-37.04887451925525,100 174.91930411594512,-37.04888175188956,100 174.91930294684076,-37.04889712077647,100 174.91930275981844,-37.048905409414374,100 174.91930244010533,-37.04892084026407,100 174.91930355222016,-37.04892972526506,100 174.9193082474632,-37.04894421602092,100 174.91930988149872,-37.04894819763852,100 174.91931540415987,-37.04896250285609,100 174.91931738713,-37.048966587883385,100 174.91932585733886,-37.048981041881184,100 174.91932817686222,-37.04898411381307,100 174.91933004320705,-37.04898772033693,100 174.91933987683356,-37.04900259931125,100 174.91934426065342,-37.049008297558366,100 174.91935515796843,-37.0490228177258,100 174.91936059853444,-37.04902913157962,100 174.91937333154917,-37.04904238095241,100 174.91937893100211,-37.049047547588415,100 174.91939329016762,-37.04905946556515,100 174.9193989100999,-37.04906415057687,100 174.91941260853028,-37.04907657675982,100 174.9194175626961,-37.04908161503792,100 174.91942889440293,-37.04909552339838,100 174.91943001840974,-37.04909671114051,100 174.91943382993722,-37.049099911241846,100 174.9194512050474,-37.04911063034643,100 174.91945713904562,-37.04911349866798,100 174.9194767500071,-37.04912111086789,100 174.91949090872077,-37.04912578475844,100 174.91951101879363,-37.049132676850924,100 174.9195189717708,-37.04913588112173,100 174.91953738645728,-37.04914537294757,100 174.91954797999986,-37.04915198373613,100 174.9195648322722,-37.049163238543926,100 174.91957970139774,-37.04917477600814,100 174.9195943349048,-37.04918785128922,100 174.91959996458505,-37.04919287772428,100 174.91961534573963,-37.04920541274206,100 174.9196224641127,-37.04921101624412,100 174.91963821778393,-37.04922325140684,100 174.91965153485944,-37.04923379371689,100 174.9196665427725,-37.04924659884877,100 174.919675782011,-37.049254395119505,100 174.9196915023432,-37.04926664523523,100 174.91970091946564,-37.049273959135306,100 174.9197163335785,-37.04928646206059,100 174.91972427920263,-37.04929316706826,100 174.91973906624557,-37.04930613078859,100 174.91974810376894,-37.049314132208835,100 174.91976280545302,-37.04932714417516,100 174.91977014734758,-37.04933331727373,100 174.9197816849179,-37.04934280681934,100 174.91978562055382,-37.049346067089296,100 174.91979185901755,-37.04934990566685,100 174.91981211053636,-37.049356918894766,100 174.9198270011477,-37.049359845001206,100 174.91984862887998,-37.049363952700396,100 174.91986086514572,-37.04936546978404,100 174.9198828783358,-37.04936724769718,100 174.9198915971634,-37.04936746436795,100 174.9199136900509,-37.049366514566174,100 174.91992365302477,-37.04936661735887,100 174.91994543249567,-37.04936996369301,100 174.9199561506278,-37.049372948317746,100 174.91997644710165,-37.04938031680125,100 174.91998241213554,-37.04938307643797,100 174.92000180871779,-37.04939235040354,100 174.92001223339054,-37.04939975341819,100 174.9200252979244,-37.049414326761784,100 174.92002604679158,-37.0494157540069,100 174.9200302034566,-37.049433273691605,100 174.9200300325741,-37.04943586317624,100 174.9200259097478,-37.04945342136492,100 174.92001930385302,-37.04946324878324,100 174.92000382542284,-37.0494754172007,100 174.9199965729258,-37.04948002216414,100 174.9199802828317,-37.04949166294154,100 174.9199773920787,-37.04949363490761,100 174.919960000618,-37.049504273245944,100 174.9199560104219,-37.04950719314735,100 174.919942498669,-37.04952096917497,100 174.919942177886,-37.04952126909172,100 174.91992640378731,-37.04953339631972,100 174.9199243574515,-37.049534563277014,100 174.91990475875033,-37.04954243791586,100 174.919887820748,-37.049553223024475,100 174.9198725787345,-37.04956580579902,100 174.91986997737766,-37.049567571187495,100 174.9198561721261,-37.049574475071935,100 174.9198393307479,-37.0495856146213,100 174.91983878673148,-37.04958598034086,100 174.91982112785726,-37.04959636071104,100 174.9198182761849,-37.04959850058293,100 174.91980532783958,-37.049612592842564,100 174.91980402464944,-37.04961433541268,100 174.91979274740078,-37.04962937131502,100 174.91979062981397,-37.04963235192872,100 174.9197801975177,-37.04964785364135,100 174.91977593587342,-37.049652853614454,100 174.91976063865573,-37.049665344435056,100 174.91975718310877,-37.049667527428554,100 174.91974352490206,-37.04968102730433,100 174.91973522112391,-37.049684565912145,100 174.91971540433434,-37.04969208803871,100 174.91970840918415,-37.04969405523366,100 174.91968706502132,-37.04969830513994,100 174.91968250790038,-37.04969889714966,100 174.9196605787908,-37.04970077259289,100 174.9196512696731,-37.04970113958553,100 174.91962916233732,-37.0497016091829,100 174.9196258216013,-37.04970169930862,100 174.91960372030786,-37.04970298898238,100 174.91959893409654,-37.049703414352095,100 174.91957705774686,-37.04970595588463,100 174.91955952062267,-37.04970885259152,100 174.9195380186672,-37.049713043736986,100 174.91953082814078,-37.04971484373891,100 174.91951018138292,-37.04972115710807,100 174.9194985037825,-37.04972543709275,100 174.9194786966605,-37.04973329971333,100 174.91947241799767,-37.04973616831051,100 174.91945406869397,-37.04974597125533,100 174.91944904164654,-37.049748352723086,100 174.91943014209153,-37.04975523896458,100 174.91940934502148,-37.04976112122593,100 174.91940458172851,-37.04976236729718,100 174.91938394452964,-37.049767766576174,100 174.91936333220247,-37.04977406404076,100 174.9193628685226,-37.0497742265678,100 174.919342794331,-37.04978179966584,100 174.91934258757138,-37.049781849879366,100 174.91933689291304,-37.04978388703646,100 174.91931509019392,-37.04978783515303,100 174.91930047830246,-37.049788744893,100 174.91927798563415,-37.04978905121761,100 174.91926368364636,-37.04978927365702,100 174.91924142075345,-37.049791604171254,100 174.9192308042487,-37.04979292332676,100 174.91920852686422,-37.049795392868866,100 174.91918687968413,-37.04979748087472,100 174.91916277565508,-37.049798992148,100 174.91915454871216,-37.04980031498892,100 174.91913643586506,-37.049806784672846,100 174.91913244526603,-37.04980781543793,100 174.9191269257377,-37.04980926120503,100 174.91910476263362,-37.04981211643553,100 174.91909581363436,-37.04981298678936,100 174.91907479355643,-37.049815775749444,100 174.91906218888047,-37.04981726856507,100 174.9190410252826,-37.04981927030661,100 174.91903029291504,-37.049820141572525,100 174.9190090797661,-37.04982164929888,100 174.9189949815119,-37.04982295176664,100 174.9189739626626,-37.04982583442377,100 174.9189668928337,-37.04982698080203,100 174.91894606956538,-37.04983066424529,100 174.9189349015372,-37.04983272144648,100 174.91891402461025,-37.049836328240936,100 174.91891354211768,-37.0498364135592,100 174.91890877588406,-37.04983696295673,100 174.9188866844712,-37.04983922753931,100 174.91888365977198,-37.04983949909892,100 174.9188609121914,-37.04984120377336,100 174.9188505937798,-37.04984203678,100 174.91882797099035,-37.04984454428605,100 174.91882163125675,-37.04984516780849,100 174.91879886738053,-37.049846314832706,100 174.91879426602816,-37.04984653528898,100 174.91877146020272,-37.04984807054377,100 174.91876128208574,-37.04984831272678,100 174.9187385727682,-37.049847027161086,100 174.91873517218522,-37.04984683972969,100 174.91871266290983,-37.04984590693438,100 174.91869546406383,-37.04984156514368,100 174.91869099375037,-37.04984091642953,100 174.91868932674902,-37.04984076043582,100 174.91866718705398,-37.04984191175726,100 174.91866488158178,-37.04984247901736,100 174.91864586474713,-37.04985136520462,100 174.91864325909648,-37.0498530062572,100 174.91862651797558,-37.049864609083244,100 174.91862423970517,-37.04986616732771,100 174.91860461362575,-37.04987809892845,100 174.918598546317,-37.04988105689405,100 174.91857601187087,-37.04988926181548,100 174.9185695884114,-37.04989124943802,100 174.91854817287822,-37.04989735876668,100 174.91854406124892,-37.04989836172724,100 174.9185228017865,-37.04990316705566,100 174.91851899763594,-37.04990405598453,100 174.91849883022783,-37.04990953944286,100 174.9184781077837,-37.04991562132374,100 174.91847608070728,-37.04991621472076,100 174.91845526552868,-37.04992209710886,100 174.91844977541064,-37.049923372024026,100 174.91842813520242,-37.04992694511441,100 174.9184245758914,-37.04992728659841,100 174.9184024909995,-37.04992856136303,100 174.91838989846946,-37.04992794758301,100 174.9183684087546,-37.049924412412985,100 174.9183597020543,-37.04992213417148,100 174.9183394598737,-37.04991549278016,100 174.9183296475648,-37.049912042709735,100 174.91830910838885,-37.04990593157253,100 174.91829607597802,-37.0499025398939,100 174.91827491972373,-37.04989791235042,100 174.9182648616622,-37.04989564334176,100 174.91824388381758,-37.04988992864823,100 174.91823289673843,-37.04988662375249,100 174.91821244001437,-37.04987972263097,100 174.9182077082612,-37.04987838142558,100 174.91820549738705,-37.04987797194477,100 174.91818676283313,-37.04987131876038,100 174.9181750427015,-37.04986779408267,100 174.9181539285251,-37.04986095135319,100 174.91814997719334,-37.0498596119438,100 174.91812949369537,-37.04985173603879,100 174.91812474313477,-37.04985031762279,100 174.91810247183093,-37.049846732855755,100 174.91809901177547,-37.04984628228829,100 174.91807712471677,-37.04984214872189,100 174.91806828198526,-37.0498405855837,100 174.9180461256864,-37.049837370279846,100 174.91804408232184,-37.04983740603085,100 174.9180215705964,-37.04984204855922,100 174.91801747199608,-37.04984414997036,100 174.91800759528812,-37.049853462360936,100 174.9180084760133,-37.04986843756688,100 174.91800946100204,-37.04988657193074,100 174.91801066997527,-37.04990467022547,100 174.91801241350055,-37.04992265171952,100 174.918015035785,-37.04994047659691,100 174.918018829821,-37.049958080633544,100 174.91802249628418,-37.049968561990475,100 174.91802970169056,-37.049985486257505,100 174.91803804245203,-37.05000217314722,100 174.9180471252788,-37.05001872275478,100 174.91805657110737,-37.05003521962333,100 174.9180658959887,-37.05005178063654,100 174.91807475756517,-37.05006847442215,100 174.91808269015596,-37.05008538422067,100 174.9180840900657,-37.05008904517511,100 174.91809043940444,-37.05010635641967,100 174.91809678792976,-37.0501236352303,100 174.91810039336409,-37.050133746237535,100 174.9181067156132,-37.05015132109749,100 174.91811319372655,-37.05016892317889,100 174.91812010219368,-37.05018637859867,100 174.918127575069,-37.050203607677155,100 174.91813585231566,-37.050220449707716,100 174.91814510249216,-37.05023681093304,100 174.91815553112596,-37.05025254742666,100 174.91816732502193,-37.05026753088674,100 174.9181779041116,-37.05027615642582,100 174.9181952707118,-37.05028845401792,100 174.9182134390648,-37.05030030511631,100 174.91823139832528,-37.050312113627726,100 174.91824819126998,-37.05032431413751,100 174.9182627722871,-37.050337358884576,100 174.91827418378978,-37.050351668040335,100 174.91827422019912,-37.05035172964082,100 174.9182799251724,-37.05036827708332,100 174.91828292239575,-37.05038589489908,100 174.91828429386646,-37.05040419154929,100 174.9182852404201,-37.05042280601947,100 174.9182868417751,-37.05044130084137,100 174.91828703299151,-37.05044259831803,100 174.91829008020642,-37.05046077232543,100 174.91829381780667,-37.05047881078684,100 174.91829875850487,-37.05049653326153,100 174.91830532919346,-37.050513700310006,100 174.91831404331396,-37.05053007109266,100 174.9183178398083,-37.050533968173575,100 174.91833445243302,-37.05054905302875,100 174.91834904213115,-37.05056364604947,100 174.91835562794856,-37.050578242355,100 174.91835149156165,-37.05058965206871,100 174.9183386090634,-37.05060490307368,100 174.91832220493532,-37.050619983914466,100 174.91830911463688,-37.050634619087475,100 174.91829546241524,-37.05064895420385,100 174.9182814218092,-37.050663048645816,100 174.9182670805245,-37.05067694696069,100 174.91826568138706,-37.0506783197324,100 174.91825134040408,-37.05069218559388,100 174.91823671605616,-37.05070587307399,100 174.91822189935309,-37.05071942396277,100 174.91820693980682,-37.050732884326685,100 174.91819185764962,-37.05074625383843,100 174.91817672186465,-37.05075959267035,100 174.91816156923687,-37.05077293267408,100 174.918146434588,-37.050786272385125,100 174.91813140527108,-37.05079968700078,100 174.9181164813088,-37.05081317742202,100 174.9181157566286,-37.050813871423514,100 174.91810099202883,-37.050827483644156,100 174.91808633388507,-37.050841170751376,100 174.91807172821188,-37.05085488765226,100 174.91805722901742,-37.05086868034068,100 174.9180428527537,-37.05088253232731,100 174.91802860023722,-37.050896476045615,100 174.91801452543078,-37.05091055568769,100 174.91800062413589,-37.05092469381009,100 174.91798690095933,-37.05093898407309,100 174.9179733903701,-37.050953455662075,100 174.9179607243848,-37.050968423723624,100 174.9179482349533,-37.05098348176203,100 174.91793555094134,-37.0509984041464,100 174.91792238998946,-37.05101296290874,100 174.91790843423286,-37.05102699374583,100 174.91790654473428,-37.05102885483403,100 174.91789189154207,-37.051042696860435,100 174.917876408292,-37.05105599530783,100 174.9178601075481,-37.051068534563015,100 174.9178428804906,-37.05108014604058,100 174.91782470403288,-37.05109062732196,100 174.91781387214147,-37.051096084980074,100 174.9177942037596,-37.05110461113779,100 174.9177738024391,-37.051112297420154,100 174.91775302566163,-37.0511195418265,100 174.91773223051024,-37.05112677120433,100 174.91771454047333,-37.0511303992632,100 174.91770331645486,-37.05113292142326,100 174.9177224704206,-37.05123203992558,100 174.91811511262583,-37.05177531091252,100 174.918025143127,-37.05187588329277,100 174.91810843243377,-37.0520022696151,100 174.91782910098829,-37.05210183144135,100 174.91776151801244,-37.05200163314381,100 174.9176198733515,-37.052022386611775,100 174.91715244671474,-37.05133935128214,100 174.91685646708638,-37.051468939820076,100 174.9167080478812,-37.05203320997667,100 174.91632109449515,-37.05239755164661,100 174.91631121443933,-37.05240862959107,100 174.9162973443969,-37.0524207697415,100 174.9162859022057,-37.05242857598627,100 174.91627582908555,-37.052435197436594,100 174.91626172788133,-37.05244145585754,100 174.91624724021594,-37.052444375813174,100 174.91623146591976,-37.05244648285796,100 174.91621800458034,-37.052448316388706,100 174.91620482087814,-37.052450145431926,100 174.9161869639456,-37.05245086387702,100 174.91617093925976,-37.05245209168974,100 174.91615545844942,-37.052453527924946,100 174.91613603380458,-37.05245455289672,100 174.9161228146306,-37.052455731768504,100 174.91610453376524,-37.05245743405522,100 174.9160902072855,-37.052459251806766,100 174.91606747656826,-37.052462286895796,100 174.91605026114806,-37.052464279302,100 174.91603720474674,-37.05246759340778,100 174.9160176678982,-37.05247081933448,100 174.9160039986667,-37.052473910803364,100 174.9159897734218,-37.05247818924706,100 174.91597467864105,-37.05248294770704,100 174.91595785396444,-37.05248844974158,100 174.9159439367753,-37.052493218014334,100 174.91592881487236,-37.05249703234881,100 174.91591014540535,-37.05250344925244,100 174.9158944757812,-37.052508109734895,100 174.9158822205468,-37.05251157942306,100 174.91586575427328,-37.05251814278873,100 174.91584804678206,-37.05252239004531,100 174.9158335150843,-37.05252749540279,100 174.9158144507387,-37.052535962809294,100 174.9158084916679,-37.05253845291635,100 174.91581710697764,-37.05254808829231,100 174.91582227774535,-37.05255471941387,100 174.91581628510926,-37.05255976523686,100 174.91581026385725,-37.05256505937815,100 174.9158004246081,-37.05256944630373,100 174.91578654330678,-37.052576134639615,100 174.9157763113883,-37.05258766797106,100 174.91576232488615,-37.05259245356577,100 174.91575032769973,-37.05259585598126,100 174.91573691251645,-37.05260059989728,100 174.91572569880532,-37.05260479541252,100 174.91571411840917,-37.05260760074295,100 174.91570343976014,-37.052611072885384,100 174.9156902478392,-37.05261575190159,100 174.91567623909785,-37.05262162120294,100 174.91566081733941,-37.05262773324358,100 174.91564885304015,-37.052634232871036,100 174.9156365096737,-37.05263889456935,100 174.91562266110796,-37.052641742837764,100 174.9156090593596,-37.0526441211479,100 174.91559575060054,-37.05264647940189,100 174.91558178080277,-37.052646787068554,100 174.91556980709956,-37.052647277901436,100 174.91555411654454,-37.05264806671102,100 174.91553985190694,-37.05264836561566,100 174.91552552064624,-37.052647535369836,100 174.91550832405724,-37.052646477409,100 174.9154929112387,-37.05264659476567,100 174.9154791867954,-37.05264641896798,100 174.91546457753427,-37.05264557878423,100 174.91545081101424,-37.052644489748964,100 174.91543818027108,-37.052643133610175,100 174.9154263853466,-37.05264129800062,100 174.915413129373,-37.05263927057781,100 174.91539822637588,-37.052638420709265,100 174.9153896306694,-37.052637659143805,100 174.91537591944663,-37.05263796441255,100 174.91536296146387,-37.05263727870715,100 174.9153526410276,-37.0526367955548,100 174.91533703510984,-37.0526343310936,100 174.91532556014243,-37.052634084698695,100 174.91531551176416,-37.05263404599455,100 174.91530603993587,-37.052633547330274,100 174.91528992929406,-37.052632252784484,100 174.91527811849187,-37.052631082572795,100 174.91526319887558,-37.052630913433944,100 174.9152499805468,-37.05263024904534,100 174.91523618540612,-37.05262936323884,100 174.91522212541489,-37.05262894587526,100 174.91521006259617,-37.05262870986397,100 174.91519799360293,-37.0526282729622,100 174.9151847748898,-37.05262759325048,100 174.91517218873545,-37.05262783165669,100 174.9151558626931,-37.052628167410056,100 174.91514587473523,-37.052629056050456,100 174.9151312554386,-37.052629113678165,100 174.9151175023491,-37.052629140191385,100 174.91510085175105,-37.052629000787654,100 174.9150873642604,-37.05262858858378,100 174.91507532416762,-37.052628585627374,100 174.9150615838648,-37.052629076094966,100 174.91504267863945,-37.05262947331028,100 174.9150226913166,-37.052631467967664,100 174.9150055539946,-37.05263249908166,100 174.91499144637103,-37.05263161829251,100 174.91497367649208,-37.05263173128147,100 174.91496019991592,-37.05263175331147,100 174.91494499830367,-37.05263137057241,100 174.91492688454838,-37.05263032913926,100 174.91491082294812,-37.05263018019824,100 174.9148904669207,-37.052630122227136,100 174.91487098294272,-37.05263026558165,100 174.91485668483898,-37.05263124632402,100 174.91484068949677,-37.0526322571727,100 174.91482465234265,-37.052633036159996,100 174.91480692565514,-37.052634062340545,100 174.91478750834077,-37.05263538169736,100 174.91477183852308,-37.05263753282789,100 174.91475295809232,-37.05263882728735,100 174.91473550246,-37.05263963186861,100 174.91471496137808,-37.0526416516382,100 174.91469700064692,-37.05264361171836,100 174.9146824435249,-37.05264529332333,100 174.91466707555165,-37.05264768742315,100 174.9146499681203,-37.05264986355028,100 174.91463579810392,-37.05265361458419,100 174.9146184763794,-37.05265742100548,100 174.91459999988524,-37.0526607837024,100 174.91458004994175,-37.05266350592893,100 174.91456469285114,-37.05266633336319,100 174.91454738948934,-37.052670154799735,100 174.91452600851386,-37.05267311913445,100 174.9145123468943,-37.05267521978525,100 174.91449752467335,-37.05267668933624,100 174.91447642502513,-37.052679169631055,100 174.91446274728932,-37.052681300279104,100 174.9144470408424,-37.0526827552565,100 174.91443365027752,-37.05268463431034,100 174.9144165131861,-37.05268634671532,100 174.91440310435823,-37.052687543779555,100 174.91438710243827,-37.052688338362366,100 174.91437132971382,-37.05268863262923,100 174.91437004985693,-37.052688670413744,100 174.9143476084012,-37.05269024491212,100 174.91432966663194,-37.052692915753205,100 174.91431138099426,-37.052694432174434,100 174.91429488226373,-37.05269729422539,100 174.91428152829914,-37.05269986937305,100 174.91426959393456,-37.05270241890088,100 174.91425969158746,-37.05270514923503,100 174.91423978408756,-37.05270880085681,100 174.914222412917,-37.05271144624826,100 174.91420731518093,-37.052713587169166,100 174.91419563174057,-37.05271520340334,100 174.91418195919218,-37.05271686976801,100 174.91416803310332,-37.052719455038776,100 174.91415470390058,-37.052722926562,100 174.91413884979167,-37.05272718781365,100 174.9141192191264,-37.05273080340172,100 174.91410218640024,-37.05273438787119,100 174.91408227222942,-37.052737774593346,100 174.9140621006147,-37.05274188019492,100 174.91406034180076,-37.052742189786045,100 174.91403851316693,-37.05274649427499,100 174.91402048399414,-37.05275356480434,100 174.9140033210727,-37.0527606060283,100 174.91398554570833,-37.052767439921766,100 174.91396676036615,-37.052770328015626,100 174.9139651080339,-37.05277071339829,100 174.9139438244527,-37.05277657192053,100 174.91392934013086,-37.05277963124133,100 174.9139134687509,-37.052783877419785,100 174.91389358422063,-37.0527877287008,100 174.91387282876315,-37.052791378623944,100 174.91386051388187,-37.05279207668075,100 174.91384764599198,-37.052792784562,100 174.91383338331843,-37.052794461311386,100 174.91381833901673,-37.0527972980225,100 174.913804752293,-37.05280148658757,100 174.91378830702618,-37.05280504621004,100 174.91377559897933,-37.05280970008164,100 174.91376150754527,-37.05281506035956,100 174.91374790880545,-37.05281881558874,100 174.91373174114895,-37.052822369822294,100 174.91371986119492,-37.05282628117664,100 174.91370349200332,-37.05283192966518,100 174.91369135279865,-37.05283586142348,100 174.91367772986592,-37.05283937007996,100 174.9136647069323,-37.0528426356174,100 174.9136522366216,-37.0528458760128,100 174.9136383865719,-37.05285055010014,100 174.91362375376542,-37.05285638416627,100 174.91362047837018,-37.052857604196504,100 174.9136001074729,-37.05286514957725,100 174.91358578043034,-37.05287142755037,100 174.91356796488841,-37.05287617192475,100 174.9135536331495,-37.052882218336755,100 174.91353765239498,-37.05288945402631,100 174.9135249721711,-37.052893828921945,100 174.91350759776836,-37.052902034356414,100 174.91349058486307,-37.05291138040413,100 174.91348524435196,-37.05291437054858,100 174.91347565138867,-37.0529195266212,100 174.91346123138194,-37.05292617831467,100 174.91344512068122,-37.05293307629997,100 174.91342927695675,-37.0529402169307,100 174.9134137752134,-37.05294848226689,100 174.91339744283943,-37.052956762805216,100 174.91338355389914,-37.05296320312945,100 174.91336964963406,-37.05296845128472,100 174.91335464581454,-37.05297464821715,100 174.913341036793,-37.052979921348474,100 174.9133279757265,-37.05298493868266,100 174.9133114762906,-37.05298840357616,100 174.9132953572552,-37.052994388662974,100 174.9132816930363,-37.052998270175735,100 174.91326720247156,-37.05300238223077,100 174.91325347455756,-37.05300708584856,100 174.91324640491754,-37.05301707630431,100 174.9132425667198,-37.05302364828661,100 174.91323165776305,-37.05303197199489,100 174.91322411104838,-37.053043518572416,100 174.91321478845884,-37.053052233085495,100 174.9132043879337,-37.05305890642763,100 174.91319010516614,-37.05306865182635,100 174.91317486007762,-37.05307491481803,100 174.91315877852077,-37.05308096057005,100 174.91314771030136,-37.05308227115181,100 174.91313284923785,-37.05308107873143,100 174.91311967455337,-37.05307821423954,100 174.91311015903264,-37.05307297709057,100 174.91309992453236,-37.053062394235596,100 174.91308675296733,-37.05304765241061,100 174.91307706212265,-37.053035433042886,100 174.9130684774142,-37.053022482004316,100 174.91305817334722,-37.053007471298976,100 174.9130503514902,-37.05299077568626,100 174.9130431650777,-37.05297574082533,100 174.91304277684463,-37.05297483407511,100 174.91303758928868,-37.05295691256524,100 174.9130348830557,-37.05294040572045,100 174.9130146112686,-37.05293582426682,100 174.91300168305344,-37.05292996618659,100 174.9129919232431,-37.05292592628426,100 174.91297676549826,-37.05292151559484,100 174.91296273374525,-37.05291958242946,100 174.91296132322495,-37.05291934290469,100 174.9129394265842,-37.05291489760585,100 174.91292011377817,-37.05290927679488,100 174.9129091575949,-37.05290519579644,100 174.91289222695713,-37.05290120575671,100 174.91288928100008,-37.05290049888984,100 174.9128706261532,-37.052896181547595,100 174.912866284253,-37.05289514388825,100 174.91284480852264,-37.05288959220138,100 174.912828982826,-37.052884822735166,100 174.91281025381608,-37.05288091036016,100 174.9127963385722,-37.05287694377432,100 174.91278447281874,-37.05287506307776,100 174.91277317492538,-37.05287179333673,100 174.91276157983071,-37.05286967483676,100 174.9127439033623,-37.052865001004356,100 174.9127274201431,-37.05286149763484,100 174.9127111892363,-37.05285774233719,100 174.9126987356329,-37.05285587201433,100 174.9126822654514,-37.05285351487685,100 174.91266926489166,-37.05285256728651,100 174.91265309072085,-37.05285022069293,100 174.91263979529936,-37.052849263434105,100 174.912621336601,-37.05284760712014,100 174.91260227852175,-37.05284689060739,100 174.9125861638081,-37.05284731543263,100 174.9125697022916,-37.05284588557341,100 174.91255154048662,-37.05284561876563,100 174.91255027556358,-37.052845579679506,100 174.91252759815578,-37.052844880965274,100 174.9125106040289,-37.05284485579485,100 174.91249243813462,-37.052845053211456,100 174.9124723263816,-37.05284756138284,100 174.91245041935247,-37.05284776234213,100 174.9124279574435,-37.05284794340389,100 174.9124071985983,-37.05284837099216,100 174.91238645890678,-37.052848800070514,100 174.91236488918605,-37.05284994013308,100 174.91234239647503,-37.05284965570519,100 174.91232365919953,-37.05284984788885,100 174.91230349631232,-37.05285049838349,100 174.91230226703286,-37.05285053533016,100 174.91227958980707,-37.05285047107801,100 174.91226286597472,-37.052850193657186,100 174.9122569611893,-37.05285028256016,100 174.91223437320343,-37.05285153365412,100 174.91221509111338,-37.052853361445,100 174.91220128358262,-37.05286336224158,100 174.91219253978724,-37.05286920031995,100 174.9121820290241,-37.05287502362589,100 174.912170070535,-37.05287921459267,100 174.91215234684324,-37.05288412761927,100 174.9121380140309,-37.05288578997405,100 174.91212446299386,-37.052885580348175,100 174.91211237016768,-37.052884911883496,100 174.9120968163565,-37.05288496978411,100 174.91207946364597,-37.052881993180634,100 174.91206806198193,-37.05287870972306,100 174.91206694729385,-37.05287910083174,100 174.91204612340073,-37.0528859430294,100 174.91204567654606,-37.05288610525689,100 174.91202474227885,-37.05289271669595,100 174.91200505123217,-37.05289854739364,100 174.91200386608364,-37.052898908993654,100 174.91198282259205,-37.05290533561802,100 174.91196313153864,-37.052911166308924,100 174.91194397872846,-37.05291514426704,100 174.911942530471,-37.05291541727474,100 174.9119202090988,-37.05291819711563,100 174.91191988015922,-37.05291821864203,100 174.9118972535921,-37.052918695179265,100 174.91189452976695,-37.05291917712136,100 174.9118780450075,-37.05292192955526,100 174.91185635387336,-37.05292683619724,100 174.9118371038795,-37.052934873340504,100 174.91182224924438,-37.05293958143786,100 174.91182118352475,-37.05293986269799,100 174.9117987756111,-37.05294519908607,100 174.9117780246449,-37.05295154344721,100 174.91177366320304,-37.05295295308197,100 174.91175219448135,-37.05296027069227,100 174.91174948186062,-37.05296115442856,100 174.91172815837803,-37.052968748193784,100 174.9117255423851,-37.05296998728519,100 174.91170595331147,-37.052980152426024,100 174.91170226891316,-37.05298161062986,100 174.91168103659984,-37.052989342618,100 174.91167643601864,-37.05299152941625,100 174.91165702776166,-37.05300195481291,100 174.91163806661962,-37.05301169071799,100 174.91161883588973,-37.053021662598745,100 174.91161259844887,-37.053024762654886,100 174.91159304534403,-37.05303497316364,100 174.9115758786029,-37.05304568327776,100 174.91156407161688,-37.053054749557255,100 174.91155133281094,-37.05306333874749,100 174.91153880303062,-37.05307698714824,100 174.9115216366717,-37.05308896807618,100 174.91150787531504,-37.05309879770398,100 174.91149760182674,-37.05310695508805,100 174.91148873377833,-37.053113894699415,100 174.91147960535105,-37.05312591911389,100 174.91147360232762,-37.053133118986324,100 174.91146445106574,-37.05314176841324,100 174.91145417731965,-37.053153053295766,100 174.9114430460466,-37.053165298359865,100 174.9114342081779,-37.05317586159303,100 174.91142449734727,-37.0531881144053,100 174.91141223936245,-37.05320157184393,100 174.91139678255865,-37.053215225045186,100 174.91138672746175,-37.053226306310165,100 174.91137546393642,-37.053233101558554,100 174.9113621136132,-37.05324084976108,100 174.91134757946855,-37.05324838540858,100 174.91133392672546,-37.05325398528531,100 174.91131820179507,-37.0532610308885,100 174.9113086820266,-37.053264450612765,100 174.9113085298025,-37.05327026101919,100 174.9113072344592,-37.05327609165137,100 174.91129957748933,-37.05328110458752,100 174.91128786657987,-37.05328360424966,100 174.9112720383171,-37.0532831247871,100 174.91125699681248,-37.05327917797434,100 174.911250292934,-37.053276013408194,100 174.91123437252585,-37.053277239776854,100 174.91121211140216,-37.05327969224559,100 174.91120964292173,-37.05327999881075,100 174.91118687900433,-37.053282445858216,100 174.91118463571908,-37.05328276411574,100 174.9111622088644,-37.053286768574274,100 174.91115905537822,-37.053287381802676,100 174.91114975831917,-37.053287576692355,100 174.9111423509823,-37.05328591059533,100 174.9111219128148,-37.053287247607855,100 174.9111142805166,-37.053287506698,100 174.91109127824234,-37.05328820725088,100 174.91106853095994,-37.05329001769242,100 174.91106380954827,-37.0532903028766,100 174.91104081192773,-37.05329118901174,100 174.9110340446712,-37.0532913701651,100 174.91101101320623,-37.053291669194664,100 174.91100893601873,-37.05329170537051,100 174.9109859018189,-37.05329189538241,100 174.9109835125506,-37.053291952809985,100 174.9109605025214,-37.05329234431783,100 174.91095958380612,-37.05329234470095,100 174.91093652770533,-37.05329233406708,100 174.91093210835174,-37.05329228810954,100 174.91090906522476,-37.053292122238304,100 174.9109061041675,-37.05329215823361,100 174.9108830827508,-37.05329281308843,100 174.91087630738667,-37.05329271586287,100 174.91085325303425,-37.0532921472822,100 174.91084152566688,-37.05329215327867,100 174.91081918247312,-37.05329290354608,100 174.91081620846415,-37.053293095672075,100 174.91079404029827,-37.053295175230595,100 174.91077342997667,-37.053297181014884,100 174.91076322076842,-37.05329759336254,100 174.91074082492614,-37.05329767930677,100 174.9107240800816,-37.05329791304346,100 174.91070174983014,-37.05329846209115,100 174.910695450207,-37.05329868165704,100 174.91067332618312,-37.05329983124531,100 174.91066297001055,-37.0533005713201,100 174.91064131918534,-37.053302564102374,100 174.9106347573856,-37.05330331514734,100 174.91061318862614,-37.05330575544792,100 174.91060812256063,-37.05330610835604,100 174.91058637083245,-37.05330753043074,100 174.91058053164735,-37.05330812922879,100 174.91055910054433,-37.053311171170414,100 174.91055301716702,-37.05331230115948,100 174.91053187512392,-37.05331642179762,100 174.91052996079884,-37.0533167194212,100 174.91050882865667,-37.05331930679063,100 174.91049588489477,-37.05332040218765,100 174.91047519172136,-37.053321929765275,100 174.9104717900089,-37.05332233066315,100 174.91045099438566,-37.05332457100981,100 174.91044857256855,-37.05332467581837,100 174.91042747262873,-37.05332464619119,100 174.91042688364556,-37.05332465658052,100 174.9104057920041,-37.053324285224484,100 174.91038651247274,-37.053323665658716,100 174.9103859406838,-37.05332364422549,100 174.91036482563564,-37.05332305692808,100 174.91036291889094,-37.05332302905886,100 174.91034184079894,-37.053323153186184,100 174.91032111412014,-37.05332280658015,100 174.9102999367178,-37.05332376870279,100 174.91028103643828,-37.053324954616585,100 174.91027813099356,-37.05332514562468,100 174.91025592538688,-37.05332645057098,100 174.9102553184187,-37.053326461249156,100 174.9102330325672,-37.053326763439536,100 174.91021325808438,-37.0533270341872,100 174.91021291187485,-37.053327039763715,100 174.91019064979042,-37.05332757229519,100 174.9101705669451,-37.05332738473621,100 174.91014884175257,-37.053327892388786,100 174.91013268240812,-37.05332672140457,100 174.9101165654843,-37.053326479872794,100 174.91010016681457,-37.05332670704441,100 174.9100866468398,-37.053328277647786,100 174.9100742450486,-37.05332959590287,100 174.91005589777603,-37.053330771972675,100 174.9100383989054,-37.05333125119269,100 174.91003694442068,-37.05333127642104,100 174.91001468082425,-37.053331793621794,100 174.90999687603252,-37.05333249497519,100 174.9099934489682,-37.05333260244504,100 174.90997118570428,-37.05333308808689,100 174.90995478664783,-37.053333299922585,100 174.90993870801285,-37.0533344511543,100 174.9099214783001,-37.053334677264445,100 174.90990507382227,-37.053334672869426,100 174.9098869658745,-37.05333445075323,100 174.90986944617006,-37.05333423358167,100 174.90985248170475,-37.053334005663196,100 174.90983859085512,-37.053333476782484,100 174.9098219068001,-37.05333209879602,100 174.90981143504803,-37.05333177262151,100 174.90980642516985,-37.05333732777507,100 174.9098035597529,-37.05334526116487,100 174.90979821617148,-37.05335441606233,100 174.90979249043036,-37.05336102103699,100 174.90978556233463,-37.05336671884104,100 174.90977735414984,-37.053375675617076,100 174.90976722092287,-37.053378177663305,100 174.90975758271594,-37.05337858072932,100 174.9097503079611,-37.05337291696274,100 174.90974505715386,-37.05336024817373,100 174.90974076946665,-37.053351727864666,100 174.90973532397112,-37.05334138575261,100 174.90972952770232,-37.05332965588451,100 174.90972666337996,-37.05332063136169,100 174.909712017567,-37.05331968200114,100 174.9096901370288,-37.05331645980241,100 174.9096866048084,-37.05331587135322,100 174.90966682136641,-37.05331268928708,100 174.90964546943826,-37.05330852842998,100 174.90964477356394,-37.05330840173698,100 174.90962608251897,-37.053305912295244,100 174.909609337551,-37.0533029561881,100 174.90959037560515,-37.05330002225714,100 174.90956929188917,-37.05329489718665,100 174.90956690360923,-37.05329436602313,100 174.90955014720447,-37.05329162640288,100 174.90953362521927,-37.05328612593967,100 174.90951902989733,-37.05327942907559,100 174.90950419719275,-37.053275509321246,100 174.90949027073157,-37.05327364885666,100 174.90947383395903,-37.05327181709241,100 174.90945569033389,-37.05326842111818,100 174.9094392017659,-37.05326474703165,100 174.90942380158407,-37.053259676435346,100 174.90941149095207,-37.05325547902117,100 174.90940035088204,-37.053259176142646,100 174.9093872324765,-37.0532615144145,100 174.9093712620184,-37.05326343713987,100 174.90935388945616,-37.05326352666754,100 174.90933892213462,-37.0532603373073,100 174.9093275819288,-37.05325613868124,100 174.9093173281965,-37.053250512032996,100 174.90930792348942,-37.05324488613553,100 174.9092990087088,-37.0532369125838,100 174.90929436009307,-37.05323166707115,100 174.90928824389707,-37.053223411421484,100 174.90926685285427,-37.05322033538501,100 174.909245456444,-37.05321583357992,100 174.9092391472017,-37.053214412863454,100 174.90921779789525,-37.053209726430495,100 174.9092145593727,-37.05320910079221,100 174.9091928653494,-37.05320573579727,100 174.90918750331178,-37.05320477841772,100 174.90916771873827,-37.0532002479461,100 174.9091461949346,-37.05319613663259,100 174.9091442980547,-37.053195829182975,100 174.909124604104,-37.05319338915459,100 174.9091079449394,-37.05319040004933,100 174.90909015195555,-37.05318650085829,100 174.90906991253493,-37.05318499973975,100 174.90905074090216,-37.05318392757081,100 174.9090337638591,-37.053180728162225,100 174.9090120319607,-37.05317598566114,100 174.90900666408012,-37.053174794931586,100 174.9089848544999,-37.05317036282067,100 174.90896243356167,-37.05316823434647,100 174.90895785099394,-37.05316791244176,100 174.90893548368234,-37.05316585970943,100 174.90893437346747,-37.053165801871145,100 174.90891186230115,-37.05316550266926,100 174.90890781368856,-37.0531656669797,100 174.90888547389508,-37.05316776426592,100 174.9088793856998,-37.053168119131705,100 174.9088579539634,-37.05316736721869,100 174.90883759397371,-37.05316334256784,100 174.90882057172382,-37.05316291624461,100 174.90880517088777,-37.053161003721,100 174.9087846170967,-37.05315813043223,100 174.90876415985113,-37.05315691126789,100 174.90874190423483,-37.053155770615966,100 174.90874171314542,-37.053155773691536,100 174.90871938934202,-37.05315595092725,100 174.9087156481877,-37.05315595435836,100 174.9086983478914,-37.05315551626927,100 174.9086818666027,-37.053154599025824,100 174.90866085151583,-37.05315387011416,100 174.9086460717496,-37.0531530931222,100 174.90862710610446,-37.05315319556408,100 174.90860859146906,-37.053151416047406,100 174.90859061820083,-37.053149161844885,100 174.90857324481732,-37.053147332410376,100 174.90855129618419,-37.053144126417955,100 174.90854985235586,-37.05314390359991,100 174.90852984536053,-37.05314077180783,100 174.9085123757574,-37.05313730084898,100 174.90850076075873,-37.05313196101708,100 174.90848240629293,-37.05313347764885,100 174.90846443027095,-37.053136814214746,100 174.90844726763456,-37.053140120563945,100 174.90843211398635,-37.0531446636072,100 174.90841881579033,-37.05314799519029,100 174.90840615053457,-37.05314790878377,100 174.908394347864,-37.05314392030125,100 174.90838504424178,-37.05313500927891,100 174.9083764754894,-37.053124504654676,100 174.90836808610462,-37.05311738962425,100 174.90835731199428,-37.05311172529936,100 174.90835005331766,-37.05310853885089,100 174.90834340165821,-37.05310538860027,100 174.90833472560303,-37.053100431378205,100 174.90832164549272,-37.053098507585105,100 174.90830806496416,-37.05309977071641,100 174.9082959951059,-37.053103700809764,100 174.90827710360495,-37.05310775058332,100 174.9082579548807,-37.05311378734562,100 174.90823759095298,-37.053117864410666,100 174.90821697087964,-37.05312392664394,100 174.9081987311712,-37.05313092307201,100 174.90818192664756,-37.05313591174952,100 174.9081642270154,-37.053140451560495,100 174.90814652551234,-37.053144961656145,100 174.90812943504534,-37.053148995046044,100 174.90811080277504,-37.05314988157728,100 174.90809151787465,-37.053149045412425,100 174.90808782457196,-37.0531489389969,100 174.90806888624206,-37.05314811167298,100 174.90804540987395,-37.05314734834582,100 174.90804057306408,-37.05314720174244,100 174.90801704882136,-37.053146547335515,100 174.908014916502,-37.05314649241359,100 174.9079925270922,-37.05314616043388,100 174.9079763092365,-37.053146646679416,100 174.9079598380396,-37.0531461320527,100 174.90794179588573,-37.05314391040512,100 174.90792171849242,-37.053139448427295,100 174.90790009985622,-37.053135678200874,100 174.90787938955768,-37.0531302358727,100 174.90785629330298,-37.05312565661137,100 174.9078554047867,-37.05312547081744,100 174.9078391343034,-37.05312214901061,100 174.90783861266593,-37.053122064568775,100 174.907821701527,-37.053121898591726,100 174.90780295806394,-37.05312377828975,100 174.9077825415101,-37.05312593455876,100 174.90776608146194,-37.0531289185598,100 174.90774702459518,-37.05313013813362,100 174.907727685773,-37.05313114502747,100 174.90770614036745,-37.05313380163624,100 174.90770049201797,-37.053135016413556,100 174.90768276620364,-37.053140532678526,100 174.90766264560966,-37.053147143782745,100 174.9076576912109,-37.053148408683434,100 174.90763625807242,-37.05315137261849,100 174.9076329268075,-37.05315180294586,100 174.9076118179394,-37.05315586124255,100 174.90761071466932,-37.053156035814695,100 174.9075931863526,-37.05315803293072,100 174.9075750086516,-37.0531590652864,100 174.90755410315566,-37.05315853630601,100 174.90753307573604,-37.05315605707411,100 174.90752848196527,-37.05315533241453,100 174.907507792135,-37.053151919412386,100 174.90749007000377,-37.05314617568825,100 174.9074745027412,-37.053133797105396,100 174.90747319159487,-37.05313272041461,100 174.90745975856456,-37.05312357199939,100 174.90744178678077,-37.05311315635533,100 174.90742138125293,-37.05310560271397,100 174.90740317187004,-37.05309917101226,100 174.90738276098924,-37.053090145632474,100 174.90738258482088,-37.05309007095433,100 174.90736659665674,-37.05308374142048,100 174.90735031203414,-37.05307738330443,100 174.90733460863234,-37.05307200726486,100 174.9073181390702,-37.053067110417025,100 174.90730046242518,-37.05306241864724,100 174.9072810512546,-37.05305887327983,100 174.90725840337518,-37.05305544756053,100 174.90725459588668,-37.053054957200274,100 174.90723424059047,-37.053052373370626,100 174.9072129399304,-37.05304881511684,100 174.9071904358429,-37.05304619193012,100 174.90718483320148,-37.05304469574807,100 174.90717277546725,-37.05304210464967,100 174.90715612431768,-37.05303691597523,100 174.90714510387613,-37.053033625910984,100 174.90712744304224,-37.05303077791431,100 174.90711067338077,-37.05302817696003,100 174.9070989179921,-37.05302463643283,100 174.90708443431532,-37.0530207720487,100 174.9070704525464,-37.05301624885534,100 174.90705597469096,-37.053012616908674,100 174.907041793753,-37.053009660664806,100 174.90702705624352,-37.05300603288996,100 174.9070149386634,-37.05300127511859,100 174.90700056125206,-37.05299496199417,100 174.9069907734906,-37.05298799643336,100 174.90698426838782,-37.05298261213772,100 174.9069732461298,-37.05297484624596,100 174.90696137384163,-37.05296766814766,100 174.906950050061,-37.052960929172826,100 174.90694095829326,-37.052951534236655,100 174.90693846152013,-37.05294891375542,100 174.90692305688054,-37.052941814083255,100 174.90691156601702,-37.052934644267424,100 174.90690147098695,-37.05292721766916,100 174.90689255113156,-37.05292091682115,100 174.9068809486814,-37.05291791459097,100 174.90686804748913,-37.05291743073605,100 174.90685383494886,-37.05291837759326,100 174.906839991509,-37.05292207558143,100 174.90682530639435,-37.05292602143826,100 174.90680866432385,-37.05292999965964,100 174.90679255131974,-37.052933056358334,100 174.9067759103004,-37.0529301125976,100 174.90676339663406,-37.052924804166985,100 174.90674684955178,-37.052912628709585,100 174.90674580310383,-37.05291174874394,100 174.90672962552065,-37.052899195107564,100 174.90672382983206,-37.05289438793827,100 174.90671078744865,-37.052883095279,100 174.90669856998883,-37.05287847878159,100 174.9066834101081,-37.05287648459519,100 174.90668302749845,-37.0528764285571,100 174.90666753602662,-37.05287938241246,100 174.9066536806107,-37.05289086957998,100 174.90664741449868,-37.05290491879378,100 174.90664540097936,-37.052919945142094,100 174.9066438839972,-37.052930952735885,100 174.90663423208645,-37.05294154583129,100 174.90661427999345,-37.05294671377652,100 174.9065939046487,-37.0529497524491,100 174.9065688148925,-37.05295389528959,100 174.90656189543674,-37.05295486907157,100 174.9065369443212,-37.052957182747505,100 174.9065167434684,-37.052956454785445,100 174.9064947203984,-37.05295871687441,100 174.90647294589814,-37.052959363444316,100 174.90645396694137,-37.05295646082754,100 174.90644388094447,-37.05294809038661,100 174.9064413986873,-37.05293526427532,100 174.9064392809851,-37.05292244672433,100 174.90644190913534,-37.05290713019517,100 174.90644238790637,-37.05289426729943,100 174.90644472709567,-37.05287976117489,100 174.9064426142414,-37.05286776643007,100 174.90643857193436,-37.05285555484531,100 174.9064347061325,-37.052847880256074,100 174.90642766997965,-37.052842707257795,100 174.90641932465564,-37.05284475937149,100 174.90641071676353,-37.05284921585939,100 174.90640025289198,-37.05285612216428,100 174.90639562801258,-37.052859905346885,100 174.9063908828848,-37.05286373642846,100 174.9063763785584,-37.05287621100128,100 174.9063628343035,-37.05288382206271,100 174.90634583218667,-37.0528891858927,100 174.9063301284492,-37.05289012871737,100 174.90631268452034,-37.05288947537521,100 174.9062992215089,-37.052890626428976,100 174.90628366973817,-37.052896429302244,100 174.90626731879914,-37.05290408907305,100 174.90624957314725,-37.05291200559728,100 174.90623206683284,-37.05292301602978,100 174.90623109654382,-37.052923606653415,100 174.9062126620688,-37.05293361083251,100 174.90621144474903,-37.05293408104766,100 174.9061975340094,-37.05293846142347,100 174.90618559911036,-37.05294351936017,100 174.9061699294523,-37.052946319189175,100 174.906153961938,-37.05294773129965,100 174.9061325877429,-37.05294716363484,100 174.90611713724476,-37.052947172222595,100 174.90609604610088,-37.05294681631307,100 174.90607856488595,-37.05294548215528,100 174.90606225380623,-37.05294507284619,100 174.90604513528646,-37.05294556068458,100 174.90602766833422,-37.05294470668135,100 174.90601358012123,-37.05294329725181,100 174.90599947076245,-37.05294167184916,100 174.9059833992633,-37.052940545752726,100 174.90596958777337,-37.052938465812026,100 174.90595182297184,-37.052936224080504,100 174.90593539158388,-37.05293208441621,100 174.90591921365885,-37.05292773788439,100 174.90590588230205,-37.05292354388865,100 174.9058904638323,-37.05291593236647,100 174.9058807357205,-37.05290986344577,100 174.9058761070027,-37.05290531327719,100 174.90587120617374,-37.05289968502362,100 174.9058718232802,-37.052891853650124,100 174.90587749852605,-37.05288591482952,100 174.90588396434748,-37.05287723597848,100 174.90589051728506,-37.05287109558229,100 174.90590102436403,-37.05286515031147,100 174.90591482120314,-37.05285662132775,100 174.90592864597352,-37.052849703412775,100 174.90593935456909,-37.05284098070756,100 174.90594894346265,-37.05283249501166,100 174.90596096191334,-37.05282097796229,100 174.9059739224719,-37.052812913060556,100 174.90598750573653,-37.05280668040079,100 174.90599767595035,-37.052799811298215,100 174.9060114105693,-37.05278897598288,100 174.90602503839128,-37.052774905824556,100 174.9060377162651,-37.05276659940516,100 174.9060495203513,-37.05275739221151,100 174.90606528510486,-37.052748596343434,100 174.90607630934946,-37.05274192891801,100 174.9060857874948,-37.05273000654286,100 174.90609863372592,-37.052717777670104,100 174.90611086532823,-37.05270394985941,100 174.906122073319,-37.052693840126835,100 174.9061300921162,-37.05268053518046,100 174.90613782896204,-37.05266701755271,100 174.9061409025012,-37.052656556368134,100 174.9061443250249,-37.05263986341398,100 174.90614541411475,-37.05262968378443,100 174.9061447602568,-37.052617213131704,100 174.9061429364719,-37.052603151566466,100 174.90614049936764,-37.05258817242425,100 174.90613590759693,-37.05257422204426,100 174.90613311725218,-37.05256027065029,100 174.90613062287133,-37.05254259754998,100 174.9061304966537,-37.0525417775957,100 174.90612828388402,-37.05252803413088,100 174.90612604114185,-37.05251385672252,100 174.90612184765232,-37.05249991436102,100 174.90611681195574,-37.052485569136564,100 174.9061117771819,-37.0524718899556,100 174.9061050367438,-37.05245664559674,100 174.90610085255722,-37.052444917571805,100 174.90609371075405,-37.05242769861204,100 174.90609326434344,-37.05242657556036,100 174.90608708017905,-37.05240888965865,100 174.90608641834046,-37.05240684173334,100 174.90608217718972,-37.052393690573666,100 174.90607462545415,-37.052379188401574,100 174.9060687527904,-37.05236213200535,100 174.90606810975186,-37.0523601612893,100 174.90606221125483,-37.05234404986726,100 174.90605720762358,-37.05233085057428,100 174.9060527375118,-37.052316278142406,100 174.90604833761236,-37.05230554591028,100 174.90604425060718,-37.05229486993734,100 174.9060392873358,-37.052280631700455,100 174.90603603436986,-37.05226814423467,100 174.90603308147467,-37.052258346824544,100 174.90603038606938,-37.05224913292174,100 174.90602738463804,-37.05224139575551,100 174.90602194364592,-37.052228063788824,100 174.9060167833382,-37.05221799541428,100 174.9060156253623,-37.052209869903805,100 174.906010493525,-37.05220026523939,100 174.90600616346032,-37.052190166396215,100 174.90600124258168,-37.05217874583228,100 174.90599608681512,-37.052168229439005,100 174.90598879977736,-37.05215392309434,100 174.9059811568372,-37.05213734669365,100 174.9059739376112,-37.05212485176674,100 174.90596553691273,-37.05211034880979,100 174.90595601915487,-37.05209425498923,100 174.90595501887128,-37.05209252254847,100 174.9059462793152,-37.05207643064113,100 174.90593672470467,-37.052061515406535,100 174.90592826971059,-37.05204565055786,100 174.9059201520772,-37.0520313593595,100 174.90591059633115,-37.05201644323952,100 174.90590114867095,-37.05200036360957,100 174.90590043725152,-37.051999075372045,100 174.9058918016176,-37.05198358565921,100 174.90588637931916,-37.051971538634675,100 174.90587994125394,-37.05195848856667,100 174.90587244130893,-37.05194398554745,100 174.9058662463002,-37.05193220059904,100 174.90586118013576,-37.051919915315246,100 174.90585338133903,-37.05190650135789,100 174.90584420965735,-37.051892957143345,100 174.90583560427757,-37.051879170391466,100 174.90582775388597,-37.05186958236685,100 174.90581829427083,-37.051856259989876,100 174.90581048433992,-37.05184433334876,100 174.90580210893413,-37.05183137840109,100 174.90579210836233,-37.05182043512672,100 174.90578232742737,-37.05181054013587,100 174.90577505829265,-37.051798789567705,100 174.90576717531275,-37.05179239355604,100 174.9057584843203,-37.05178435394385,100 174.90574681696773,-37.051772634393934,100 174.9057357335668,-37.051758860415596,100 174.90573383936612,-37.051756725036775,100 174.90572296243292,-37.05174666468931,100 174.90571347435625,-37.051736114249785,100 174.90570134684333,-37.05172150712265,100 174.90570041600597,-37.051720392754824,100 174.90568880844188,-37.05170706161986,100 174.90567660594527,-37.051692872995574,100 174.90566638726514,-37.05167905266853,100 174.90565792904036,-37.0516687641767,100 174.90564667322764,-37.051658121362784,100 174.9056382127698,-37.051646484564564,100 174.90563318504456,-37.051638116591526,100 174.90562242304523,-37.05162280433069,100 174.9056211787873,-37.05162098297346,100 174.90561205473531,-37.05160601302308,100 174.90560269838443,-37.05159011756699,100 174.90560169849894,-37.05158840043861,100 174.90559491265356,-37.0515765483579,100 174.90558658184966,-37.051563980234825,100 174.9055758031576,-37.05155119187005,100 174.90556725334147,-37.051538813833126,100 174.9055562181341,-37.05152804308631,100 174.90554743108441,-37.051518363738666,100 174.90553695620522,-37.05150783094225,100 174.9055272606849,-37.05149410945066,100 174.9055153947481,-37.05148271933687,100 174.9055071915497,-37.05147412838522,100 174.9054961672142,-37.05146563503619,100 174.90548755243998,-37.05145029907759,100 174.90547761428664,-37.05143906004776,100 174.90547016523809,-37.051428969835754,100 174.9054627998996,-37.0514218669803,100 174.90545790622912,-37.051413327401356,100 174.90544791638766,-37.05140024604624,100 174.90543874443603,-37.05138668557865,100 174.90543219944328,-37.051377942699105,100 174.9054247959077,-37.0513694470491,100 174.90541703905436,-37.05135631088727,100 174.90541100493914,-37.051345963600745,100 174.9054015540432,-37.05133168026469,100 174.90539292893544,-37.05131786315059,100 174.90538494151212,-37.05130638817673,100 174.90537948100652,-37.051297394434286,100 174.90537345809912,-37.05128749491039,100 174.90536938345755,-37.05127847619796,100 174.9053650130346,-37.05126693770346,100 174.90536124485473,-37.051258392655946,100 174.9053538162226,-37.05124898258746,100 174.90534665344705,-37.05123792788598,100 174.90533751356452,-37.05122551334482,100 174.90532895369097,-37.05121403404426,100 174.90532062550378,-37.0512008926336,100 174.9053157727713,-37.05119385395192,100 174.90531336136686,-37.051190550682,100 174.90530377328764,-37.051173792776005,100 174.90530198715254,-37.05116995220153,100 174.9052950948343,-37.051152310075246,100 174.90529499981542,-37.05115201777882,100 174.9052877442286,-37.0511350475469,100 174.90528149649077,-37.05112132742483,100 174.90527285117682,-37.0511042271991,100 174.90527281477748,-37.05110416559434,100 174.90526576887135,-37.05109166783527,100 174.9052571576434,-37.05107453641653,100 174.90525614208397,-37.05107286640418,100 174.90524427948444,-37.051057153585106,100 174.90524381176527,-37.05105652658565,100 174.90523410467884,-37.0510417534395,100 174.90522461902228,-37.05102558242808,100 174.90521381749343,-37.05100940191096,100 174.9052125146616,-37.05100739582272,100 174.9052030608737,-37.05099173443179,100 174.90519520949695,-37.05098021129209,100 174.90518564670734,-37.05096877963706,100 174.9051764072357,-37.05095777631132,100 174.90516568505666,-37.05094706178509,100 174.90514961710304,-37.050937201039254,100 174.90513787645313,-37.050929106719735,100 174.90512225938315,-37.0509236965443,100 174.90511138385423,-37.05091557300269,100 174.9051002811902,-37.05090929355816,100 174.90508638177826,-37.05089702575342,100 174.9050751362313,-37.05088678559665,100 174.90506457482317,-37.05087935190504,100 174.90505520632658,-37.05087375572299,100 174.9050489868038,-37.050868042261,100 174.9050452034904,-37.050858305028775,100 174.90504511054573,-37.05084797675124,100 174.90504662825288,-37.050835730777756,100 174.90504772766403,-37.050826543316816,100 174.9050488533138,-37.05081831531621,100 174.90505115347625,-37.05080300407912,100 174.9050525125359,-37.05079381244725,100 174.9050513527535,-37.05078560944154,100 174.90505656608426,-37.05077235323465,100 174.9050573024051,-37.05076128158517,100 174.90505722914313,-37.05075165059559,100 174.90505630803287,-37.05074206477079,100 174.90505244639877,-37.05073135359275,100 174.90504760790213,-37.05072420741585,100 174.90503905836238,-37.05071057382521,100 174.90503281991238,-37.050704147739744,100 174.90502399130574,-37.05069806158955,100 174.90501519099013,-37.050691712706644,100 174.9049970307972,-37.0506806958339,100 174.90499614604576,-37.05068002956597,100 174.90498423681467,-37.050667663985266,100 174.9049673680127,-37.05065513742092,100 174.90496387363012,-37.050651513552175,100 174.9049574004748,-37.050639702374596,100 174.9049488747491,-37.05062252268994,100 174.90494688118162,-37.05061928931065,100 174.9049369602452,-37.050606842216524,100 174.9049273738908,-37.050595813797464,100 174.90492194023406,-37.050588429317855,100 174.9049210200757,-37.050579510436414,100 174.90492347796499,-37.050569337668804,100 174.90493024255588,-37.05055952384183,100 174.90493636956114,-37.05054800057991,100 174.9049413530017,-37.05053769260925,100 174.9049476484339,-37.05052404588827,100 174.90495351377587,-37.05051370572561,100 174.90495965672636,-37.05050336020227,100 174.90496548628596,-37.050492308588744,100 174.90497008697437,-37.0504794200409,100 174.9049734490492,-37.05047127599014,100 174.90497607923234,-37.05045913472393,100 174.90497849343882,-37.05044865441302,100 174.90497848580551,-37.05043445188875,100 174.90497829539206,-37.05042310310456,100 174.90497678201882,-37.05041780254748,100 174.9049768011475,-37.0504159590867,100 174.9049769312557,-37.050397326274926,100 174.90497636975803,-37.05037873611757,100 174.904975145635,-37.05036881356685,100 174.90497306121085,-37.05035029744304,100 174.9049737927149,-37.05034159628326,100 174.9049742365713,-37.0503236389113,100 174.9049728309664,-37.05031914058044,100 174.90496468026717,-37.05030234242973,100 174.90496378485082,-37.05030003506989,100 174.90495744117197,-37.05028283205207,100 174.90495695841568,-37.05028164829094,100 174.9049493078188,-37.05026479343602,100 174.9049412695117,-37.05024893713671,100 174.90494041793497,-37.05024757363235,100 174.90492997131634,-37.05023172897644,100 174.904928342349,-37.05022855102844,100 174.90491998757912,-37.050211910273916,100 174.90491919464318,-37.05021077836227,100 174.9049069031655,-37.05019584841083,100 174.90490589728913,-37.05019456489617,100 174.90489336762246,-37.05017977756887,100 174.90488654806245,-37.05017367355856,100 174.90487068265804,-37.050161066869364,100 174.90485724030216,-37.05014903774737,100 174.9048569549452,-37.0501487331856,100 174.9048441665067,-37.05013402932328,100 174.90484014618812,-37.05012956217133,100 174.90482693309488,-37.050115143628595,100 174.90482368036032,-37.050111469006346,100 174.90481062042764,-37.05009696958883,100 174.90480475746804,-37.05009098720658,100 174.90479016483746,-37.050077429924634,100 174.90478796440016,-37.050075501338476,100 174.90477253940543,-37.050062563094905,100 174.90477229121333,-37.05006235076967,100 174.9047567826909,-37.0500494895745,100 174.90474685903925,-37.05003818895631,100 174.9047348207188,-37.05002303770726,100 174.9047272341803,-37.05001544444357,100 174.90471289013024,-37.05000211389146,100 174.90470881670967,-37.049998220812924,100 174.9046955004442,-37.04998448619399,100 174.90468906725124,-37.04997665358674,100 174.90467752803582,-37.04996199002945,100 174.9046699742999,-37.04995372927478,100 174.90465681194465,-37.04993989844445,100 174.90465105187184,-37.04993326276361,100 174.90463841869504,-37.049919144030284,100 174.904634698007,-37.049915461595695,100 174.90462059912056,-37.04990222082947,100 174.90461486413773,-37.04989649865966,100 174.90460130973588,-37.049882907555016,100 174.9045971803667,-37.049878845025674,100 174.90458303017206,-37.04986562040079,100 174.90457446709308,-37.04985782559656,100 174.90455916022196,-37.04984538114057,100 174.90455042638553,-37.04983957193166,100 174.9045331541701,-37.049828710167034,100 174.9045277140652,-37.049824887699444,100 174.90451169348424,-37.049812950412154,100 174.904503274449,-37.049807228978025,100 174.9044874575855,-37.04979516403684,100 174.90448326267747,-37.04979063838748,100 174.9044713627953,-37.04977607343429,100 174.90446925808413,-37.049773880125784,100 174.90445539587046,-37.04976043364769,100 174.90445019596172,-37.04975524365582,100 174.90443701643824,-37.04974139775338,100 174.9044318639106,-37.0497354490084,100 174.9044199644299,-37.049720899365326,100 174.90441734481126,-37.04971758499811,100 174.90440606559167,-37.04970423223112,100 174.90439240796954,-37.04969127727239,100 174.90439160746428,-37.04969051681318,100 174.90437775867213,-37.04967693131011,100 174.90437415399904,-37.04967307575742,100 174.9043616193048,-37.04965875442209,100 174.9043588116703,-37.04965552058414,100 174.90434687392892,-37.04964087871392,100 174.90434401832582,-37.049637165254154,100 174.90433343263305,-37.04962191132224,100 174.90432472934035,-37.0496077393649,100 174.9043183110177,-37.04959348024438,100 174.9043181098717,-37.04959308059407,100 174.9043104400907,-37.049576799227005,100 174.9043035646333,-37.04956292058302,100 174.90430260646886,-37.04956084585863,100 174.90429516106607,-37.04954449869804,100 174.9042940248067,-37.049542226745096,100 174.9042858741029,-37.04952609370072,100 174.90428459895523,-37.04952253872714,100 174.90427759915138,-37.04950539397225,100 174.90426453531128,-37.049491359623055,100 174.9042627405238,-37.049474526060806,100 174.90426248566934,-37.04947346211501,100 174.90425679238126,-37.04945595298606,100 174.90425556792187,-37.049451096625496,100 174.90425123557128,-37.04943333130689,100 174.90425020746716,-37.0494299427115,100 174.90424387701623,-37.04941258441474,100 174.9042433260956,-37.0494114170669,100 174.90423570600316,-37.04939442287104,100 174.90423308433702,-37.049380902235875,100 174.9042326979116,-37.04937880300875,100 174.9042302989814,-37.04936078672887,100 174.9042301637141,-37.049358388744686,100 174.90422977099036,-37.04934024471502,100 174.90422974643178,-37.049339981930366,100 174.90422750261615,-37.04932196315975,100 174.90422389037693,-37.04930516058031,100 174.90422383099684,-37.04930489925606,100 174.90422160478528,-37.0492868648805,100 174.90421942025256,-37.049272252964755,100 174.90421930593965,-37.0492693436082,100 174.90422161716577,-37.049251275134516,100 174.90422241497146,-37.04924814834082,100 174.9042297379491,-37.04923093764838,100 174.90422991822348,-37.04923054719579,100 174.9042407043599,-37.04921454541824,100 174.90425632835328,-37.04920319687334,100 174.90426794773742,-37.04919484544979,100 174.90428444381303,-37.04918239773604,100 174.90429605875127,-37.04917265387602,100 174.9043111556836,-37.049159068654056,100 174.9043210148977,-37.04914971169964,100 174.90433604100912,-37.049136127611725,100 174.90434374148947,-37.04913015363988,100 174.90436059068801,-37.04911797874661,100 174.90436279952831,-37.04911637592164,100 174.90437947213485,-37.04910406416016,100 174.90439584333743,-37.04909152560266,100 174.9044096397796,-37.04907980620778,100 174.90442569233073,-37.04906702580745,100 174.90443478017252,-37.04906108903741,100 174.9044530357464,-37.04905029757236,100 174.9044685444634,-37.04904104276334,100 174.90448664034665,-37.04903011595896,100 174.90449279110925,-37.04902638315487,100 174.90451035304108,-37.04901492324135,100 174.90451703194444,-37.049009601979755,100 174.90453308560913,-37.048996822448544,100 174.904542089706,-37.04899162968466,100 174.90456090104945,-37.04898152598146,100 174.90456275617817,-37.04898034793656,100 174.90457966043306,-37.048968264060925,100 174.90458015281772,-37.04896789923972,100 174.9045961704481,-37.04895507341133,100 174.90459808792392,-37.04895364560643,100 174.90460369791214,-37.048949736715066,100 174.90461512745156,-37.0489420705893,100 174.90461798724516,-37.048940239191644,100 174.90463557680562,-37.048929166374265,100 174.9046440336205,-37.04892362728052,100 174.9046619290926,-37.048912332333686,100 174.90466653373883,-37.04890967977077,100 174.90468546528805,-37.04889952815146,100 174.9046929291228,-37.04889569493495,100 174.90471221914981,-37.04888598459796,100 174.90471850519697,-37.04888276154678,100 174.90473712859796,-37.04886766043423,100 174.90474223413506,-37.048864983600545,100 174.90476105878912,-37.04885473995115,100 174.90476329143235,-37.04885341523758,100 174.9047811854353,-37.04884269262072,100 174.9047916394499,-37.048837971363774,100 174.90481177268276,-37.048829966243076,100 174.9048147164319,-37.04882865985026,100 174.90483414831047,-37.04881972233151,100 174.90483637179202,-37.048818660942686,100 174.90485562399374,-37.048809463127355,100 174.90486595931034,-37.04880485192615,100 174.9048857684567,-37.04879638782999,100 174.90490066341616,-37.048790023371055,100 174.9049204549289,-37.04878152890827,100 174.9049299359773,-37.048777335204214,100 174.90494969074976,-37.0487688106826,100 174.90495973321896,-37.0487648549141,100 174.90498026557717,-37.048757523834084,100 174.90498170761558,-37.048757049121164,100 174.90500260887953,-37.04875048632656,100 174.90500765061935,-37.048748631588616,100 174.90502773095227,-37.0487405813152,100 174.90503718678394,-37.04873672869827,100 174.90505739469597,-37.04872892422749,100 174.90506871164663,-37.0487253481539,100 174.90508980980889,-37.04871906068227,100 174.90509346776375,-37.048717896931954,100 174.9051140004785,-37.04871058114534,100 174.90511785285804,-37.04870891855737,100 174.90513730152878,-37.048699980719796,100 174.90513917008485,-37.04869925039531,100 174.9051596491716,-37.048691858852045,100 174.90516081549396,-37.04869142011149,100 174.90518064337354,-37.04868303317732,100 174.90518081491396,-37.04868296823213,100 174.90519983338916,-37.04867346497108,100 174.90521493555323,-37.04866392187252,100 174.90523001327247,-37.04865470543455,100 174.90523078057691,-37.04865427310337,100 174.90524920843464,-37.04864408442197,100 174.90525238901796,-37.048641952230184,100 174.90526886077788,-37.04862989233042,100 174.90527112207906,-37.04862836525634,100 174.90528851802407,-37.048617155752794,100 174.90530634416808,-37.048606512560866,100 174.9053065313741,-37.04860639959504,100 174.90532463901343,-37.04859590690134,100 174.90532530446404,-37.048595538395425,100 174.90534427004633,-37.04858598999512,100 174.90536024701717,-37.048579280925004,100 174.90537898834762,-37.04857043282514,100 174.9053809357655,-37.04856943895227,100 174.905399526325,-37.04855946304407,100 174.90541780008868,-37.048550623351375,100 174.9054180730756,-37.048550478363076,100 174.90543653725814,-37.048540350357634,100 174.9054538807645,-37.04853293613622,100 174.90545394968584,-37.04853290438477,100 174.90547125520686,-37.048521588151885,100 174.9054730432561,-37.04852047155764,100 174.905491092001,-37.04850717584784,100 174.90549459160425,-37.04850341258292,100 174.90550744964813,-37.04848655361774,100 174.90552207753058,-37.04847108756176,100 174.90552336341014,-37.04846931477869,100 174.9055334077145,-37.048452845314884,100 174.90553398955183,-37.04845192114923,100 174.90554380713905,-37.04843537871692,100 174.90554653511649,-37.04842998658514,100 174.90555418475358,-37.04841272369733,100 174.90555668667983,-37.048406655618855,100 174.90556409307806,-37.04838933354776,100 174.90557222420182,-37.04837446307849,100 174.9055831144458,-37.04835845860753,100 174.9055913093881,-37.04834843338958,100 174.9056062079331,-37.04833461955978,100 174.90561171293209,-37.04833069788767,100 174.9056298402136,-37.04831964602799,100 174.9056337371792,-37.04831711475738,100 174.90565117235806,-37.048305455724886,100 174.90565416300998,-37.04830337344183,100 174.90567115195412,-37.04829122676412,100 174.90567290285324,-37.04829001883151,100 174.90568976808015,-37.04827778130543,100 174.9056915261974,-37.04827623256601,100 174.90570653120102,-37.04826249542613,100 174.90570958962158,-37.04826033544245,100 174.90572741616893,-37.048249039642286,100 174.90573089186793,-37.048246299727566,100 174.9057464613932,-37.04823296991114,100 174.90575143370688,-37.048229195592164,100 174.9057682449312,-37.048216912956704,100 174.90578140955478,-37.048206831301485,100 174.90578320401906,-37.04820529729872,100 174.90579866818237,-37.048191891657034,100 174.9058150023674,-37.04818180142648,100 174.9058162807872,-37.048181034608454,100 174.90583453441826,-37.04817018167704,100 174.90583664909965,-37.04816895257414,100 174.9058549739919,-37.04815820665022,100 174.90585664295503,-37.04815713973278,100 174.9058744863384,-37.04814584454162,100 174.9058785472723,-37.048143620674544,100 174.90589802420246,-37.048133798988296,100 174.90589850241972,-37.048133542545095,100 174.90591787213265,-37.048123615324194,100 174.90592351354073,-37.048120248447724,100 174.9059423465727,-37.04810967911056,100 174.90594375145042,-37.048109113050934,100 174.90596496787703,-37.04810207905334,100 174.9059653967343,-37.048101917138105,100 174.90598575811694,-37.04809338089519,100 174.90598945038377,-37.04809161269674,100 174.90600885489465,-37.048081684000636,100 174.90602732056817,-37.04807225258394,100 174.9060280208767,-37.04807188441523,100 174.906047159157,-37.04806169681267,100 174.90606471412488,-37.04805190959315,100 174.90606653508218,-37.048050715850934,100 174.9060836747309,-37.04803839544649,100 174.9061021727539,-37.04802823524984,100 174.90611326443195,-37.048019615431286,100 174.90613036011567,-37.04800760577323,100 174.90614609514543,-37.04799523312732,100 174.90615994440748,-37.047985463993015,100 174.90616677245285,-37.047981797729555,100 174.906186734636,-37.0479726333551,100 174.90620337527747,-37.04796360528283,100 174.90620354604908,-37.04796350970441,100 174.90622505704616,-37.04795710634123,100 174.90624626651964,-37.04795172989218,100 174.90626700843677,-37.04794636185579,100 174.90628962309597,-37.04794357837913,100 174.9062898486328,-37.04794355943193,100 174.9063126557309,-37.047943389324985,100 174.9063181187233,-37.04794363409378,100 174.9063407455959,-37.04794574355629,100 174.90635277425207,-37.047947250957826,100 174.9063752607327,-37.04794990615289,100 174.90638197520096,-37.047950329989135,100 174.9063879750282,-37.047950549000866,100 174.9064044788184,-37.04795106333648,100 174.90640609214174,-37.047951143756435,100 174.90642850772835,-37.047951864093484,100 174.90642875048553,-37.047951859289974,100 174.90645117103517,-37.04795084544622,100 174.9064606560966,-37.04794996562848,100 174.90648288971892,-37.04794718824013,100 174.90648466914735,-37.047946986586595,100 174.90650692273815,-37.04794433325181,100 174.90651711682509,-37.04794275974949,100 174.90653902431762,-37.04793881230111,100 174.90654295422624,-37.04793813894727,100 174.90656445107135,-37.047933733026,100 174.90657012076372,-37.04793203757165,100 174.90659077466336,-37.047925354999265,100 174.9065928573212,-37.047924869067145,100 174.9066144109119,-37.04792066411532,100 174.90661966297043,-37.047919534177105,100 174.90664116212724,-37.04791522103853,100 174.90666080605678,-37.04791275383648,100 174.90666989759603,-37.04791079696875,100 174.90669112500555,-37.04790542015222,100 174.90669315868683,-37.04790504406275,100 174.90671477165293,-37.04790110041584,100 174.90671702627802,-37.04790061171685,100 174.90673797668617,-37.047894590411026,100 174.9067405635191,-37.04789353756607,100 174.9067598700625,-37.04788446295109,100 174.90676863348324,-37.04788125674482,100 174.90678935703707,-37.0478745730183,100 174.906799014205,-37.04787113522775,100 174.90681924624187,-37.047863592350176,100 174.90682913725848,-37.04785979388357,100 174.90684916782268,-37.04785188380687,100 174.90685281527198,-37.047850347935906,100 174.90687286529945,-37.04784245196309,100 174.90687478863128,-37.04784184510998,100 174.9068960562826,-37.0478366848228,100 174.90691701063383,-37.04783275443275,100 174.90691962590714,-37.04783211932875,100 174.9069397854803,-37.04782442257275,100 174.9069467732638,-37.04781963789,100 174.9069612999373,-37.04780553604923,100 174.90697339362964,-37.047793692321775,100 174.90697466008444,-37.04779249306096,100 174.90698952998113,-37.04777889673383,100 174.90699377604665,-37.04777454729634,100 174.9070088064081,-37.04776111783063,100 174.9070109164398,-37.047759749080704,100 174.90703023821973,-37.047750611987766,100 174.9070503276048,-37.047744155626084,100 174.90707041547904,-37.04773768396327,100 174.9070728901987,-37.047736959183666,100 174.90709406355182,-37.04773153719879,100 174.90709909002746,-37.04773038022282,100 174.90712039556342,-37.04772534276443,100 174.90712695471214,-37.047723245422944,100 174.9071476092244,-37.047716591586244,100 174.90715003731313,-37.04771607034686,100 174.90717170652073,-37.04771226541417,100 174.90718010723057,-37.04771038270762,100 174.90720116634193,-37.04770457498289,100 174.9072135422762,-37.04770108983312,100 174.90723351032412,-37.04769338078565,100 174.9072426351324,-37.04768821742385,100 174.90725166899182,-37.04768225066517,100 174.90726005422786,-37.04767660528438,100 174.9072764577669,-37.047666512838646,100 174.90729194921138,-37.04765349322346,100 174.90730974792987,-37.047645637889254,100 174.90731443564417,-37.04764352556896,100 174.90733402199757,-37.047634539195435,100 174.90733888126914,-37.047632362826924,100 174.90735874035352,-37.047623850652286,100 174.90737481315387,-37.04761748136479,100 174.9073899767276,-37.04760892843307,100 174.90740378432739,-37.047598896646754,100 174.90741623842618,-37.0475862719627,100 174.9074253969979,-37.047576663745616,100 174.90744062296463,-37.04756341674752,100 174.90745645495176,-37.047552683634024,100 174.9074680025858,-37.04754301716141,100 174.90746927446372,-37.0475420350209,100 174.90748666599973,-37.04753071711495,100 174.9074925899205,-37.04752754570913,100 174.90751200854325,-37.047518778315776,100 174.90751312083387,-37.04751829355393,100 174.90753293939335,-37.04751018578364,100 174.9075511811755,-37.04750269372087,100 174.90757164376518,-37.04749596809039,100 174.90757185052735,-37.047495917897315,100 174.9075930291877,-37.047490712050376,100 174.9076121684334,-37.04748435019113,100 174.9076124590386,-37.04748423555859,100 174.90763130150822,-37.047474642811494,100 174.90764550980938,-37.04746534812284,100 174.9076463953868,-37.0474647903961,100 174.90766373361922,-37.0474534111324,100 174.90767705595886,-37.047441515125094,100 174.90767914777138,-37.04743946437425,100 174.90769347020324,-37.047425521655164,100 174.90769553643813,-37.04742379668388,100 174.90771257131294,-37.04741211314767,100 174.90771395197774,-37.04741129959994,100 174.9077330456749,-37.047402041683746,100 174.9077526255423,-37.04739531580069,100 174.90777221034125,-37.04738820317845,100 174.90778090121628,-37.04738614541704,100 174.90780249675086,-37.04738218743353,100 174.9078032533483,-37.04738200221371,100 174.90782433923349,-37.04737655086277,100 174.90782483853565,-37.0473764184518,100 174.9078462029496,-37.047371627774105,100 174.9078670834563,-37.047365653361666,100 174.90786900870754,-37.04736512397332,100 174.90788976312587,-37.047358919050474,100 174.9079089122989,-37.04735106984323,100 174.90792885012604,-37.047344136282206,100 174.9079437948456,-37.04733520014477,100 174.9079459909879,-37.04733381376982,100 174.90796312877586,-37.047322066353,100 174.90797804802506,-37.04731090081094,100 174.9079894545943,-37.04729798467625,100 174.90800128660746,-37.047283558331735,100 174.9080104625368,-37.047268854756055,100 174.90801104165465,-37.04726786843277,100 174.90801971959124,-37.04725083490216,100 174.90801980185066,-37.04725066233223,100 174.90802723978882,-37.04723327921803,100 174.9080281353881,-37.04722993361391,100 174.90802548116918,-37.047214013433916,100 174.90802648663498,-37.047208993254024,100 174.9080304247577,-37.04719091205829,100 174.9080304733471,-37.04719078689752,100 174.90803415108712,-37.04717268014782,100 174.90803442142615,-37.04717117243428,100 174.90803736814917,-37.04715297019065,100 174.90803768578107,-37.04715065685754,100 174.90804103263895,-37.04713249324128,100 174.9080474863531,-37.04711644365697,100 174.90805302142306,-37.04710039443082,100 174.90805684110757,-37.047088091555594,100 174.90805758258142,-37.0470854613572,100 174.90806273884257,-37.0470675759727,100 174.90806784731438,-37.047053036072064,100 174.908073446683,-37.04703995919115,100 174.90807901340378,-37.04702503968169,100 174.90808997127766,-37.047009653990536,100 174.90810047736488,-37.04699611872051,100 174.90811052739235,-37.046981119869294,100 174.90812114304225,-37.04697092755004,100 174.90813262126562,-37.04695997778159,100 174.90814457202214,-37.04695052106999,100 174.90815129069497,-37.04693908186071,100 174.90815672691897,-37.04692761821949,100 174.90815983152976,-37.04691325296004,100 174.90816431997078,-37.046896943869534,100 174.90816433137067,-37.04689672557211,100 174.9081646192855,-37.04687818305128,100 174.90816461137794,-37.046877238618634,100 174.90816491612972,-37.046858694925554,100 174.90816496457188,-37.04685793525361,100 174.90816797282284,-37.04683945261423,100 174.9081724519411,-37.0468227714374,100 174.90817463553915,-37.046809569248815,100 174.90817527398565,-37.04680695602934,100 174.9081803202375,-37.046788855196766,100 174.9081833262969,-37.04677531440682,100 174.90818539972162,-37.046758116735774,100 174.90818527952476,-37.046756864063404,100 174.90818104287823,-37.04673881884988,100 174.9081790274464,-37.04672470000294,100 174.90817703488696,-37.04671019232865,100 174.9081746274077,-37.046699456050064,100 174.90816439382021,-37.046675600216496,100 174.90816044871744,-37.04665806134699,100 174.90815940659084,-37.046652905566766,100 174.90815604659178,-37.04663524822629,100 174.9081557058377,-37.04663232719531,100 174.90815518222087,-37.046616400677934,100 174.90815598551754,-37.04660083766599,100 174.90815720918343,-37.04658486410938,100 174.90815611293792,-37.04656699459422,100 174.90815576111865,-37.04656426030985,100 174.9081534567251,-37.046549108717514,100 174.90814978562204,-37.04653398001519,100 174.9081456960994,-37.046520686777484,100 174.90813672557093,-37.046512559894154,100 174.90811987745923,-37.04650138087302,100 174.9081183596633,-37.04650035437921,100 174.90810451644217,-37.0464894631953,100 174.90809509165177,-37.046474869596096,100 174.90809056269956,-37.04645754290859,100 174.90809019498616,-37.04645552090479,100 174.9080875104061,-37.0464422492251,100 174.90808961491186,-37.046428088427746,100 174.90809215829194,-37.04641281918382,100 174.90809120706828,-37.046395845928,100 174.90808979333704,-37.04638218066512,100 174.90808056146454,-37.04637021665107,100 174.9080704783615,-37.04636444743034,100 174.90805736304023,-37.046362417805234,100 174.9080446749628,-37.04636146466499,100 174.90802431039958,-37.04635596990456,100 174.90802042603687,-37.046354551563226,100 174.90800312722823,-37.04634777900923,100 174.90798714053062,-37.04634023997095,100 174.9079742421464,-37.046332863052655,100 174.90796668275846,-37.04631871712071,100 174.90796665994097,-37.04630083033395,100 174.90796704524382,-37.04629654928055,100 174.90796655297052,-37.04627863940188,100 174.90796653215736,-37.046276595593554,100 174.90796695772647,-37.04625865382457,100 174.90796689987036,-37.046258453765944,100 174.9079624412077,-37.04624810919622,100 174.90794099559184,-37.04624546729464,100 174.9079379806113,-37.04624607820655,100 174.90791885882373,-37.0462536628956,100 174.90790283506144,-37.046261798008764,100 174.90788199877574,-37.04626876314087,100 174.907878367732,-37.04626964804186,100 174.90785711095612,-37.046273291441445,100 174.90784688594536,-37.04627433829469,100 174.90782593650664,-37.046275930799005,100 174.9078047223373,-37.046272293722254,100 174.90780400699074,-37.04627210514116,100 174.9077895112917,-37.046267126112156,100 174.9077749209818,-37.04626056862835,100 174.90775450445244,-37.04625380472831,100 174.90773392182956,-37.046247322898665,100 174.90773049203986,-37.04624605135762,100 174.90771520813885,-37.04623887141062,100 174.9077002758052,-37.046231856151906,100 174.90768199459447,-37.04622716062009,100 174.90766323670354,-37.046219593106436,100 174.9076462046879,-37.04621058459492,100 174.90763221812986,-37.046203305356876,100 174.90761207452508,-37.04619765104608,100 174.90759170987965,-37.0461946654245,100 174.90757056367843,-37.046191631081655,100 174.90756254877638,-37.046190502682144,100 174.90754152418364,-37.046186846285295,100 174.90752943517887,-37.04618498395893,100 174.9075081030768,-37.04618274303296,100 174.90749503942226,-37.04618196712051,100 174.90747351432321,-37.04618149403335,100 174.90745444395915,-37.046181521340294,100 174.90743267610878,-37.04618105305117,100 174.9074109562445,-37.04618106437802,100 174.90740438069935,-37.04618128819959,100 174.90738274478122,-37.046183126003115,100 174.9073610067481,-37.04618564592475,100 174.9073528357008,-37.046186410043624,100 174.9073309508044,-37.04618800398492,100 174.9073214286473,-37.0461881562177,100 174.90729943958124,-37.04618657655629,100 174.9072892023236,-37.04618592100678,100 174.9072670344798,-37.0461860485685,100 174.90725876836686,-37.046186518584015,100 174.90723675955883,-37.04618864266111,100 174.9072279701495,-37.04618963392811,100 174.9072059483134,-37.04619191142963,100 174.90719669581887,-37.046192415328626,100 174.90717455350256,-37.04619217022658,100 174.90716446476642,-37.046191249098996,100 174.90714287724512,-37.046187293439495,100 174.90713575190907,-37.04618639585953,100 174.90711359605527,-37.04618695762528,100 174.90711161937128,-37.046186868636596,100 174.90709011834952,-37.04618286470902,100 174.90708781606511,-37.046182300563785,100 174.90706666363158,-37.04617712925376,100 174.90705272494708,-37.04617288384653,100 174.9070317915785,-37.04616622186632,100 174.90702659221174,-37.046162937318776,100 174.90701572386158,-37.04614748717475,100 174.90701547513385,-37.04614662412558,100 174.90701617059045,-37.04612903403,100 174.9070180013437,-37.046122527866544,100 174.90702282669827,-37.04610520574662,100 174.9070245707813,-37.04610125705734,100 174.90703398731142,-37.04608524731002,100 174.9070403606595,-37.04607698898607,100 174.90705298798076,-37.04606248685479,100 174.90705330609651,-37.0460620788595,100 174.90706518696825,-37.04604690915092,100 174.9070670243247,-37.046042509213585,100 174.90706744409252,-37.04602500106218,100 174.90706129796246,-37.0460112018768,100 174.907058582353,-37.045993672037085,100 174.90705891376837,-37.04598804441203,100 174.90706292469318,-37.04597075341198,100 174.90706619447204,-37.045961138966156,100 174.90707157659736,-37.04594391514585,100 174.90707311874422,-37.045936345584195,100 174.9070735690923,-37.045918666595504,100 174.90707296358633,-37.04591491431456,100 174.90706700895456,-37.045897983645006,100 174.90706527943343,-37.04589366269284,100 174.9070608388088,-37.04587639492785,100 174.90705786792392,-37.04586596240671,100 174.90705041462613,-37.04584935236098,100 174.90704741181747,-37.04584155304392,100 174.907044646073,-37.045824086199026,100 174.90704352064867,-37.04581272270554,100 174.90704014914357,-37.04579526740331,100 174.90703881730968,-37.045787113145245,100 174.9070380044428,-37.04576950313799,100 174.90703755076177,-37.04576179802683,100 174.90703516637956,-37.04574433856885,100 174.9070345409293,-37.04574046313044,100 174.90703125827375,-37.045723098331464,100 174.90703019134813,-37.04571452161141,100 174.90703046979175,-37.04569689225378,100 174.90703161551707,-37.04568561301532,100 174.90703285118198,-37.045672536043945,100 174.90703329389467,-37.04566785118929,100 174.90703625970235,-37.04565031381523,100 174.90704077475587,-37.04563245500315,100 174.90704319024732,-37.04562451358346,100 174.90704934158265,-37.04560693580319,100 174.90705237632997,-37.04559759011815,100 174.90705599032745,-37.045579670084905,100 174.9070573772319,-37.0455715135705,100 174.90706132523584,-37.04555382070125,100 174.9070630791118,-37.04554451273637,100 174.90706492630656,-37.04552657784985,100 174.90706554375922,-37.04551755313967,100 174.90706674915535,-37.045499582606695,100 174.90706722862407,-37.04549497377114,100 174.90707060410367,-37.04547722791785,100 174.90707314141477,-37.04546615703485,100 174.9070763598974,-37.04544838306166,100 174.9070782259434,-37.04544063704472,100 174.90708428237397,-37.04542335641418,100 174.90709086359536,-37.04540880458665,100 174.90709939652143,-37.045392176330665,100 174.90710371496348,-37.04538353554743,100 174.90711080499673,-37.04536671598323,100 174.90711471315697,-37.045355743830044,100 174.90711990418703,-37.04533852398074,100 174.9071209323732,-37.04533557822922,100 174.90712835286317,-37.045318799316405,100 174.90713728712274,-37.04530414565709,100 174.90714922571897,-37.04528917600123,100 174.9071552645899,-37.04528202263305,100 174.90716643034784,-37.04526663368124,100 174.9071727815102,-37.045258839875366,100 174.90718739552716,-37.04524541798467,100 174.9071953704137,-37.04523812262262,100 174.90720723731664,-37.0452230297348,100 174.90721732484528,-37.04521128313729,100 174.90723310621695,-37.04519876990465,100 174.90723952668745,-37.04519415025338,100 174.9072558748413,-37.045182045204285,100 174.9072662329174,-37.045174460051086,100 174.90728213489206,-37.045161914228466,100 174.90729471594602,-37.045153298291396,100 174.90731346668696,-37.04514356556941,100 174.9073184529802,-37.045141573728834,100 174.9073393432036,-37.0451353360791,100 174.90735357312968,-37.04513186256268,100 174.90737453111478,-37.04512554720675,100 174.90738955667157,-37.045121472343055,100 174.90741138124648,-37.045117076328026,100 174.9074223133852,-37.0451146382545,100 174.90744375362934,-37.04510760040124,100 174.9074540894709,-37.04510487809175,100 174.90747685151348,-37.045102448040474,100 174.90747901114673,-37.04510225558001,100 174.907501760044,-37.0450993453436,100 174.90750901218868,-37.04509790109402,100 174.90753078498602,-37.045091616769454,100 174.90753780370272,-37.0450892470343,100 174.9075591895209,-37.04508210187995,100 174.90756948227886,-37.04507846723864,100 174.90759095540074,-37.04507135131858,100 174.90760636377578,-37.04506541179414,100 174.90762579187904,-37.04505574564024,100 174.90763499917975,-37.045051061315306,100 174.90765531329637,-37.04504274276684,100 174.90766859227452,-37.04503685641186,100 174.90768672466055,-37.04502605111876,100 174.90769663572718,-37.04501983588097,100 174.90771540774077,-37.04500960884277,100 174.90772515773767,-37.04500387658523,100 174.90774171025302,-37.04499167534935,100 174.90775025805206,-37.04498503589309,100 174.90776638765885,-37.04497381756205,100 174.90777886194206,-37.04496574587317,100 174.90779609306114,-37.04495554541105,100 174.90780757505826,-37.044948528877214,100 174.90782375711663,-37.04493734033891,100 174.9078322241559,-37.044930933809496,100 174.90784732463513,-37.044918850552776,100 174.90785968151627,-37.044908380587785,100 174.90787478196032,-37.04489625136201,100 174.90788741204284,-37.04488501720526,100 174.90790000665902,-37.0448712437603,100 174.90790636623552,-37.04486374540631,100 174.9079183986031,-37.04484965563553,100 174.9079253275817,-37.04484213099612,100 174.90793947322894,-37.044829321319824,100 174.9079462799081,-37.04482297484036,100 174.90795880366937,-37.044809156562906,100 174.9079640499843,-37.04480277659963,100 174.90797560861805,-37.04478844838981,100 174.90798127859378,-37.04478111614882,100 174.9079923730886,-37.04476504598487,100 174.9079997628318,-37.04475661443344,100 174.90801680191592,-37.04474445039718,100 174.90802249336622,-37.044740401237,100 174.90803747808977,-37.04472661636572,100 174.90804245288732,-37.04472169726452,100 174.90805713733644,-37.04470768558798,100 174.90805829649207,-37.04470637988633,100 174.90806894310762,-37.044687870798285,100 174.9080731225901,-37.0446830266803,100 174.90807149233487,-37.04466843565856,100 174.90806792009695,-37.04466070861848,100 174.90806351223281,-37.04464336285111,100 174.90806281806917,-37.044625023593525,100 174.90806381404062,-37.044615853087734,100 174.90806769534296,-37.04459761777634,100 174.9080720657522,-37.044581403417645,100 174.90807525243255,-37.04456308824987,100 174.90807784823295,-37.044544705076405,100 174.90807853774183,-37.04453955117777,100 174.9080808387107,-37.04452115832666,100 174.9080832101517,-37.044502795887155,100 174.90808506972252,-37.04449102386117,100 174.9080887936383,-37.04447274511471,100 174.90809293683049,-37.04445455155516,100 174.90809513469495,-37.0444450192196,100 174.90809922431538,-37.04442679677882,100 174.90810317566851,-37.044408575661045,100 174.9081051483618,-37.04439903162579,100 174.90810875358815,-37.04438081787891,100 174.90811201073026,-37.04436257818652,100 174.9081134203949,-37.044353988670736,100 174.90811574127443,-37.04433567300991,100 174.90811813147945,-37.0443173868778,100 174.90811935948423,-37.0443097151019,100 174.90812371140404,-37.044291595694574,100 174.90812790781433,-37.04427346256559,100 174.9081280290752,-37.04427282700227,100 174.9081298640307,-37.04425450383663,100 174.90813084814442,-37.04423610332851,100 174.9081322116193,-37.04421888823289,100 174.90813555643916,-37.044200648030284,100 174.9081395081577,-37.0441824422271,100 174.90814235224238,-37.04416930601887,100 174.9081458682063,-37.04415103061572,100 174.90814907398857,-37.04413276110409,100 174.9081517762483,-37.04411445462836,100 174.90815258990958,-37.044108152280636,100 174.90815418167978,-37.044089771738534,100 174.90815523547036,-37.04407137010884,100 174.90815611579325,-37.044052955947876,100 174.90815725574174,-37.04403453760985,100 174.90815740765365,-37.04403252166616,100 174.9081595190343,-37.044014147184804,100 174.90816164729554,-37.043995773333094,100 174.90816290461797,-37.04398289608903,100 174.90816371527842,-37.04396448394986,100 174.90816480352436,-37.04394606644338,100 174.90816508342652,-37.04394301014521,100 174.90816790555357,-37.043924686418165,100 174.90817161405377,-37.04390642233692,100 174.90817377089974,-37.04389668966991,100 174.90817651862196,-37.043878133703465,100 174.90818140669384,-37.043861894787916,100 174.90819158416292,-37.043845221068594,100 174.9081977428893,-37.043837384338715,100 174.90821142515725,-37.043822198152924,100 174.90821775502314,-37.04381428115695,100 174.90822693145216,-37.04379714495116,100 174.90823181551121,-37.04378195881413,100 174.90823538390293,-37.043763668143455,100 174.9082361653617,-37.04375428387394,100 174.90823635108012,-37.043735835822474,100 174.9082359593719,-37.043722167631564,100 174.90823633575036,-37.04370370028909,100 174.9082366697642,-37.0436918933191,100 174.9082373061507,-37.0436734371153,100 174.90823734506466,-37.043665381588966,100 174.90823661333013,-37.043646934778835,100 174.90823573083637,-37.0436381387894,100 174.90823295972368,-37.04361983565063,100 174.90823223038674,-37.04361724623896,100 174.90822431209006,-37.043600117385274,100 174.90822193637047,-37.04359495602005,100 174.90821656195214,-37.04357708592866,100 174.9082148758736,-37.04356740517496,100 174.90821362566516,-37.043548997350165,100 174.9082137580735,-37.04353488630061,100 174.90821337167804,-37.04351640058572,100 174.908213540507,-37.04350235204098,100 174.90821507634192,-37.04348384891884,100 174.90821652640193,-37.043465377820795,100 174.9082165620791,-37.043464153284056,100 174.90821629711175,-37.043445667417934,100 174.90821541305638,-37.043432363160356,100 174.90821362564404,-37.043413964879505,100 174.90821287232703,-37.04340731911094,100 174.90821127519163,-37.04338888622318,100 174.90820946176294,-37.04337519674168,100 174.9082056024866,-37.04335703638912,100 174.90820104046878,-37.04334161467052,100 174.90819454767308,-37.04332402755214,100 174.9081872458387,-37.043306640018386,100 174.9081862830318,-37.04330438063236,100 174.90817946323418,-37.0432868456415,100 174.90817235096443,-37.04326943973475,100 174.90817020734622,-37.043264521589556,100 174.90816245911776,-37.04324726741753,100 174.908155416283,-37.04323362241062,100 174.90814523564347,-37.04321733931309,100 174.90813453966481,-37.043201220430035,100 174.90813388730123,-37.043200178209254,100 174.90812428748276,-37.04318360636294,100 174.90811728153903,-37.04317192829369,100 174.90810620962066,-37.04315601734674,100 174.90809488229834,-37.043140233985405,100 174.90809392735167,-37.04313887216498,100 174.9080840522681,-37.043122397577186,100 174.90807421355998,-37.04310593862665,100 174.90806747300186,-37.04309574342657,100 174.90805544582696,-37.0430803435562,100 174.90804239532036,-37.04306552075471,100 174.90803243977524,-37.04305494825536,100 174.908018692088,-37.04304057109256,100 174.90800446702076,-37.04302652697637,100 174.90800281285277,-37.04302494567125,100 174.90798838522915,-37.043011029190694,100 174.9079735491635,-37.0429974149046,100 174.90795827244983,-37.0429841637179,100 174.90795612815532,-37.042982406431804,100 174.90794012365737,-37.04296977082003,100 174.9079239495754,-37.04295723257031,100 174.90791799914203,-37.04295245857736,100 174.9079026524041,-37.042939194088824,100 174.9078948778633,-37.04293296680216,100 174.9078778409008,-37.04292117157652,100 174.90786947503966,-37.042916115573455,100 174.90785094210347,-37.04290600369786,100 174.90784090301835,-37.04290120984662,100 174.9078211364096,-37.04289283929024,100 174.90780088521004,-37.04288514258463,100 174.9077956170727,-37.04288314532558,100 174.90777553275757,-37.042875198074185,100 174.90775548367088,-37.04286726557476,100 174.9077535578413,-37.04286650971834,100 174.90775310793055,-37.04281920510955,100 174.90775237550625,-37.042803869585,100 174.90775170322763,-37.042796416748224,100 174.90775072618692,-37.04278918602639,100 174.9077494421138,-37.04278217655469,100 174.90774778562644,-37.042775471402905,100 174.90774568760298,-37.04276904915039,100 174.90774311374747,-37.042762977044816,100 174.90774004761104,-37.04275731663903,100 174.9077364596414,-37.042752145018675,100 174.90773164003562,-37.04274758355906,100 174.90772619256282,-37.04274345220329,100 174.90772016619744,-37.04273968617131,100 174.90771359587438,-37.042736333571256,100 174.90770653355634,-37.04273331425297,100 174.90769899574468,-37.04273065859513,100 174.90769105101623,-37.042728321331,100 174.9076826974127,-37.042726269143955,100 174.9076739885205,-37.04272448675123,100 174.90766495805656,-37.042722973610466,100 174.90765563968924,-37.042721682312546,100 174.90764606522228,-37.04272058080044,100 174.90763629092206,-37.042719715937885,100 174.9076162324187,-37.0427184126139,100 174.90759579070485,-37.04271761116394,100 174.90757520169853,-37.04271716899351,100 174.90752893679897,-37.0427164520779,100 174.90751079601324,-37.042714277883356,100 174.9075017113363,-37.04271333882768,100 174.90748358800457,-37.04271186195307,100 174.9074745692713,-37.04271140132541,100 174.90746559119657,-37.042711172578116,100 174.90745667135687,-37.04271115920516,100 174.90744782933902,-37.04271146994866,100 174.90743908123477,-37.042712073905676,100 174.90743664597812,-37.04271230234273,100 174.90742820056644,-37.042713814446095,100 174.90741988927192,-37.04271578856056,100 174.90741167457378,-37.042718163100005,100 174.9074035583589,-37.04272092361333,100 174.90739555437764,-37.04272399056518,100 174.9073876098967,-37.04272736840881,100 174.90737974201556,-37.0427309766537,100 174.9073641775576,-37.042738793355625,100 174.90731796663306,-37.04276400043291,100 174.90730243932515,-37.04277190936315,100 174.90729458982693,-37.04277557859515,100 174.90728666485154,-37.04277901740671,100 174.90727868006257,-37.042782177777156,100 174.90727061747432,-37.04278501493078,100 174.90726187439162,-37.04278766203722,100 174.9072516230784,-37.042787100439575,100 174.90724113346386,-37.04278609202395,100 174.9072304454101,-37.04278474700894,100 174.90721966083524,-37.04278309439975,100 174.9072088199168,-37.04278125702816,100 174.907155928851,-37.04277131717968,100 174.9071460475435,-37.04276972574836,100 174.90713655458916,-37.042768421894834,100 174.9071274882748,-37.042767497837296,100 174.90711890183283,-37.042767014008156,100 174.9071108841483,-37.04276706271333,100 174.90710348845357,-37.04276770438526,100 174.90709678596355,-37.042768999167265,100 174.90709079853474,-37.04277105666642,100 174.90708562842312,-37.04277391940223,100 174.9070813147012,-37.0427776660608,100 174.90708055943304,-37.04277853173443,100 174.90707862174906,-37.042784311371435,100 174.90707739721344,-37.0427908222113,100 174.90707670769532,-37.042797865227485,100 174.9070754123119,-37.04282073126391,100 174.90707447980571,-37.042828398280314,100 174.90707293383076,-37.042835812883,100 174.90707195015875,-37.04283909860983,100 174.90706818646672,-37.04284523567993,100 174.9070637039899,-37.04285104541919,100 174.9070585574713,-37.04285664862259,100 174.90705283387643,-37.04286201595146,100 174.90704661858024,-37.04286718929531,100 174.90704000158846,-37.04287221587697,100 174.9070330705464,-37.04287713845074,100 174.9070258925501,-37.04288194241828,100 174.90699531471893,-37.04290185614635,100 174.9069176394311,-37.042906477685705,100 174.90688176224165,-37.042908766977,100 174.90684594636807,-37.04291134999623,100 174.90681912529232,-37.04291352611716,100 174.90679530163234,-37.042915742370255,100 174.90676856837715,-37.04291859754813,100 174.90667068018962,-37.04293017383039,100 174.90665369043145,-37.04293463979336,100 174.90664162346783,-37.042937996433245,100 174.90657930431624,-37.042956269813374,100 174.90655518680128,-37.042962920623516,100 174.90654366113847,-37.04296580258093,100 174.90653264469333,-37.042968320338886,100 174.90652220590576,-37.042970378161066,100 174.90651242679567,-37.04297192876296,100 174.9065034297956,-37.04297287734296,100 174.906495296903,-37.042973175715694,100 174.90648811456282,-37.042972728756766,100 174.90648198392395,-37.04297148977551,100 174.90647698916095,-37.04296936278275,100 174.90647323405355,-37.04296631636759,100 174.90647081774452,-37.042962223656055,100 174.90646979269687,-37.04295706938416,100 174.9064702951421,-37.04295072608165,100 174.90647095726413,-37.04294770960858,100 174.9064710147844,-37.04294286240275,100 174.90646881433295,-37.04293840930727,100 174.9064643895743,-37.04293560619083,100 174.90645797901266,-37.04293427887406,100 174.9064498904766,-37.04293428270738,100 174.90644036199672,-37.04293542459171,100 174.90642969967192,-37.04293758063515,100 174.90641815987593,-37.04294057186466,100 174.90640606691264,-37.04294423804394,100 174.9063936574186,-37.04294837528101,100 174.90638120701522,-37.04295289983133,100 174.90636898639167,-37.04295757571036,100 174.906357321385,-37.04296230394592,100 174.906346173381,-37.042965720593074,100 174.90633797328425,-37.04296859143943,100 174.90632990153225,-37.042971738723544,100 174.90632194009441,-37.042975115867755,100 174.9063141241949,-37.04297873762796,100 174.90630640060158,-37.04298254357151,100 174.9062988375601,-37.04298656504826,100 174.90629138404393,-37.04299078485243,100 174.90628409213292,-37.04299517240411,100 174.90627692435513,-37.042999712983544,100 174.90626301806762,-37.04300923428576,100 174.90623879817866,-37.043027347587554,100 174.90623252725922,-37.04303236766138,100 174.90622643324875,-37.04303749304738,100 174.9062146880054,-37.04304818464744,100 174.90620900262434,-37.043053689220784,100 174.90619803749746,-37.043065002795295,100 174.90619274046486,-37.04307079494966,100 174.90618241300558,-37.043082654375375,100 174.90617245777634,-37.04309478631907,100 174.9061627510768,-37.04310714500006,100 174.90615329141986,-37.04311967095662,100 174.9061163703159,-37.043170407161995,100 174.90609724442666,-37.043194888259926,100 174.9060597501351,-37.04324433308615,100 174.90604555207017,-37.043262781005055,100 174.90603112232674,-37.04328104697802,100 174.90601633983238,-37.04329905543896,100 174.9060010284654,-37.04331673260773,100 174.90599045159965,-37.04332833284593,100 174.905973892165,-37.043345335166826,100 174.90595678510854,-37.04336197585205,100 174.90593913342144,-37.043378284596116,100 174.90592705954293,-37.04338896702856,100 174.9059148075792,-37.04339949729821,100 174.90589599129785,-37.043415052337735,100 174.90588321120052,-37.0434252359794,100 174.90587025452484,-37.043435282755915,100 174.90585044752018,-37.04345011284116,100 174.90582350819602,-37.043469465781264,100 174.90580288728555,-37.04348362755558,100 174.90578897431973,-37.04349293259897,100 174.905774920428,-37.043502132650694,100 174.90575362511754,-37.043515719409136,100 174.90573931993825,-37.04352462786858,100 174.90571765037365,-37.043537816852506,100 174.9056957828447,-37.04355077828101,100 174.9056737731442,-37.04356354009903,100 174.9056425248564,-37.04358117225434,100 174.90562021978153,-37.04359327365022,100 174.9055901347604,-37.04360908991265,100 174.90551449468038,-37.04364819486703,100 174.90549202913044,-37.04366017533949,100 174.90546979682418,-37.04367244588378,100 174.9054555234826,-37.0436818657355,100 174.90544166634754,-37.04369129331971,100 174.9053868242205,-37.04372961431313,100 174.90537301611283,-37.04373897981353,100 174.90535906394845,-37.04374811509162,100 174.90534491298862,-37.04375694441634,100 174.90533054367413,-37.043765405010944,100 174.9053159024127,-37.043773422027215,100 174.90530090068066,-37.04378091757289,100 174.9052932727216,-37.043784461440005,100 174.90527995360958,-37.04378887635386,100 174.90526318077656,-37.043793709970394,100 174.90524602984954,-37.043797991754545,100 174.9052286065943,-37.043801814643466,100 174.9052109492987,-37.04380531592065,100 174.90514859123584,-37.04381654283268,100 174.9051221127177,-37.04382173242086,100 174.90510475951817,-37.04382561455339,100 174.9050961915412,-37.043827717910254,100 174.90507932671744,-37.04383233576568,100 174.90507106552292,-37.04383488213836,100 174.90506291270353,-37.04383758089174,100 174.90505483499413,-37.04384049565105,100 174.90504722383085,-37.04384403743013,100 174.90503227454585,-37.04385156364521,100 174.90502493606377,-37.043855533666296,100 174.90501049354265,-37.043863856598506,100 174.90499637580734,-37.043872623158954,100 174.90498254459732,-37.04388178709477,100 174.90496893168688,-37.04389127289149,100 174.9049555160572,-37.043901049341336,100 174.9049291179519,-37.04392119824821,100 174.90488352996798,-37.043957218979294,100 174.90484311396042,-37.04398599310829,100 174.9047898421306,-37.04402476629825,100 174.90473706620708,-37.044063948801785,100 174.90467802562355,-37.04410836658512,100 174.90466118738394,-37.04412345433917,100 174.90464897393244,-37.04413472743312,100 174.90460649074274,-37.04417468824808,100 174.90458817935206,-37.044191613061194,100 174.90456966686827,-37.044208185087875,100 174.9045508111516,-37.04422420562095,100 174.90454445735222,-37.04422938196132,100 174.90453153675674,-37.04423949020427,100 174.90451834345322,-37.04424916930039,100 174.904511664432,-37.04425383982518,100 174.90449805398254,-37.04426279917098,100 174.90449112140791,-37.044267087109056,100 174.9044769865634,-37.04427521936936,100 174.90446976516424,-37.04427906309738,100 174.90446245184282,-37.044282737955605,100 174.9044550308867,-37.0442862450976,100 174.90444751913233,-37.044289583351706,100 174.90443986298965,-37.04429272293424,100 174.90443211451958,-37.04429567743003,100 174.9044174887331,-37.04429982211034,100 174.90440919635788,-37.044301888546165,100 174.90440079556035,-37.044303755732784,100 174.90438375610162,-37.044307060399,100 174.90437510094182,-37.044308512564236,100 174.90435757389193,-37.04431106796508,100 174.90434868473946,-37.04431220031937,100 174.90433077807046,-37.04431418768446,100 174.9043127074994,-37.04431591540064,100 174.9042486980945,-37.04432123961761,100 174.90422129869486,-37.04432382822405,100 174.90420318602824,-37.044325896388976,100 174.90419088032456,-37.04432812638726,100 174.90416467534058,-37.04433320321659,100 174.90413852862662,-37.04433854228381,100 174.90404296566825,-37.04435916507929,100 174.904008142851,-37.04436646943351,100 174.90398884377285,-37.044371995967175,100 174.9039352899465,-37.04438785328477,100 174.9039085400925,-37.04439520016265,100 174.90389074988252,-37.04439955510595,100 174.90387303003163,-37.04440330594844,100 174.90386424011743,-37.044404900842316,100 174.90385544477857,-37.04440627860966,100 174.90384667854332,-37.04440747114299,100 174.90383797389032,-37.04440838328459,100 174.9038292799066,-37.0444090473972,100 174.90382064750537,-37.04440943111809,100 174.90381204148468,-37.044409520591586,100 174.9038034794225,-37.04440929931213,100 174.90379499429403,-37.04440873700758,100 174.90378653397104,-37.04440781739003,100 174.90377815053702,-37.04440655494552,100 174.90377276611028,-37.044405348912214,100 174.9037644970213,-37.04440321758212,100 174.90375628951426,-37.044400760795476,100 174.90374810951397,-37.044398054808326,100 174.90373999190737,-37.044395100863305,100 174.90373188571394,-37.04439192862028,100 174.90371573000715,-37.04438515240202,100 174.9036755065936,-37.04436724389375,100</coordinates></LinearRing></outerBoundaryIs>
    </Polygon>
  </Placemark>

  <Placemark>
    <name>Conifer Grove</name>
    <Point>
      <altitudeMode>relativeToGround</altitudeMode>
      <coordinates>174.9121869779901,-37.04623311263946,100</coordinates>
    </Point>
  </Placemark>

</Document>
</kml>