<?xml version="1.0" encoding="utf-8"?>
<kml xmlns="http://www.opengis.net/kml/2.2">
<Document>
  <name>Drury (polygon: official_shp)</name>
  <open>1</open>

  <Placemark>
    <name>Drury (polygon: official_shp)</name>
    <Style>
      <LineStyle><color>ffff0000</color><width>2</width></LineStyle>
      <PolyStyle><color>66ff0000</color><fill>1</fill><outline>1</outline></PolyStyle>
    </Style>
    <Polygon>
      <tessellate>1</tessellate>
      <altitudeMode>relativeToGround</altitudeMode>
      <outerBoundaryIs><LinearRing><coordinates>174.9962509994275,-37.110268005344835,100 174.99530400143829,-37.11344000021854,100 174.9950279996269,-37.11451099356636,100 174.9946390059198,-37.115861999920625,100 174.9944310024306,-37.11654399870077,100 174.99316600447068,-37.120597004724125,100 174.99296600680353,-37.12133800059345,100 174.99230899558637,-37.123486993648335,100 174.9925889920209,-37.12347800414645,100 174.99306399170393,-37.12803599545025,100 174.99304399997237,-37.128281002376085,100 174.99295000823346,-37.129434003113936,100 174.9930569986357,-37.13041500141133,100 174.9899039987544,-37.130663994826676,100 174.99001399321605,-37.13125299782185,100 174.99012900206276,-37.13190399888857,100 174.9883510071421,-37.13206700693667,100 174.98571600232273,-37.13228099318379,100 174.9852280079257,-37.132316996577046,100 174.9844760067018,-37.13237600206216,100 174.98471399708245,-37.13391900556133,100 174.98214000219133,-37.13415999834708,100 174.98190000008336,-37.1341730029696,100 174.98185300449293,-37.133813993690815,100 174.98168899222327,-37.132580995635664,100 174.97752599202772,-37.13298400358639,100 174.97765000018987,-37.13382799308776,100 174.97775899542006,-37.13457499607944,100 174.97665200496897,-37.134683001791274,100 174.976416997435,-37.134692992779215,100 174.9764579969349,-37.134918006392084,100 174.97493700628434,-37.13505799775097,100 174.9748019943561,-37.135069991593106,100 174.97471199143195,-37.13507799422858,100 174.97427700623862,-37.13511399404797,100 174.97262699833058,-37.13526300641751,100 174.97236700137842,-37.133654996054695,100 174.97235700466942,-37.133587993016874,100 174.97233799691205,-37.133471005557176,100 174.97222600605392,-37.13278100099571,100 174.97056900364151,-37.13295199617915,100 174.97034599380112,-37.1329850032484,100 174.97041200161047,-37.13340500022485,100 174.9704279982503,-37.133507004806056,100 174.9705029955488,-37.13367600526138,100 174.97048200021007,-37.13367799742248,100 174.9693749933675,-37.13373499696128,100 174.969226005018,-37.13373899886685,100 174.968562994161,-37.13380900378069,100 174.96851799579952,-37.133814000843216,100 174.96663000052,-37.1339999965795,100 174.96636699323074,-37.13343800041326,100 174.96809999499527,-37.13266800064145,100 174.9680960065768,-37.13266799478178,100 174.96802700607168,-37.132660000016365,100 174.96799299495063,-37.13265000731032,100 174.96793899802242,-37.13261700613042,100 174.96792500652205,-37.13260299560686,100 174.9678880071442,-37.1325559955802,100 174.9678730016233,-37.13251900579992,100 174.96786400187804,-37.13246499389888,100 174.96786999670735,-37.13240900704035,100 174.96787900710373,-37.13237500362857,100 174.9678950052333,-37.13232199520149,100 174.96791100272478,-37.13229099327085,100 174.96794199301672,-37.13224200340856,100 174.96797300674888,-37.13220300110422,100 174.96801100055382,-37.1321569971091,100 174.96803800514212,-37.13213200683538,100 174.96808999890828,-37.13209600070035,100 174.9681160047509,-37.13207799657435,100 174.96816500087547,-37.13203899567935,100 174.9681939953307,-37.132001006545316,100 174.96820899636177,-37.13196300738586,100 174.96807199813773,-37.13201500264894,100 174.96558100513306,-37.13295799769053,100 174.9640289920656,-37.13353600480987,100 174.96370600673004,-37.133656995227554,100 174.9635790074662,-37.13343599475728,100 174.96320200618248,-37.13357800080342,100 174.96278000033328,-37.13271499433841,100 174.9624120008668,-37.13231999705474,100 174.96210900349226,-37.131521000421536,100 174.96139800447355,-37.13033800741154,100 174.9608700028135,-37.12936800200748,100 174.96071299708737,-37.12907600521085,100 174.960183998067,-37.12817400533704,100 174.96017599143144,-37.12815999400428,100 174.9597719950852,-37.12766399554512,100 174.95940100689933,-37.12708499360299,100 174.95940399776276,-37.1269510050377,100 174.95927099267877,-37.12687799776741,100 174.95902999425232,-37.12650800333922,100 174.95884300452363,-37.12594000401921,100 174.95863700096717,-37.12558599484406,100 174.9580680053582,-37.124597994632694,100 174.9578319966406,-37.124154001971455,100 174.95746499841664,-37.123462994674746,100 174.95709900097503,-37.1227739974394,100 174.9565180033573,-37.121644993366445,100 174.9559399942881,-37.120981993434405,100 174.9556210061299,-37.120564998627025,100 174.9556149916575,-37.12044599543072,100 174.95545999566409,-37.12040000187622,100 174.95499099646514,-37.119926006628184,100 174.95368500527258,-37.11914799580979,100 174.95276799377288,-37.11871400774765,100 174.9524990065024,-37.11857899779241,100 174.95145900154512,-37.11804499600607,100 174.9503400047201,-37.11819700483961,100 174.95024100704413,-37.117909993031844,100 174.95021800384922,-37.11782600076224,100 174.95016099638016,-37.117701005411895,100 174.94970399661008,-37.11670299377262,100 174.94963799758918,-37.11655900281417,100 174.94852800194502,-37.11525800342673,100 174.94851299810855,-37.11517600356716,100 174.9485539981276,-37.11515799873836,100 174.9484449988111,-37.11495299957234,100 174.94839500086186,-37.11497599757933,100 174.94831199155416,-37.11480200234027,100 174.9482279942081,-37.11462799443413,100 174.94815699249241,-37.11446799959177,100 174.94815000569915,-37.11445499176124,100 174.9481199936368,-37.11441899664835,100 174.9480349942014,-37.114298993690106,100 174.94788700593708,-37.11408899455188,100 174.9477990034909,-37.113800993891125,100 174.94770399273526,-37.113487998575685,100 174.94763400758308,-37.11325400305437,100 174.94755400638167,-37.11299099393021,100 174.94735499065658,-37.112299994003855,100 174.94737600823422,-37.11258699842947,100 174.94733900176942,-37.11269500514122,100 174.94721999234886,-37.11225600140094,100 174.94675200311272,-37.11084900254495,100 174.9467219978197,-37.11076299921596,100 174.94669799498084,-37.11076699227679,100 174.9461289920313,-37.11085499509423,100 174.9455760032421,-37.111798999332294,100 174.94538000564887,-37.111718000583565,100 174.94532800723132,-37.11181199627966,100 174.9445590061391,-37.11296999978156,100 174.94415999124465,-37.11286400239469,100 174.9440559925335,-37.113026005141876,100 174.9438119963897,-37.1129129997224,100 174.94366500096865,-37.11297199209822,100 174.94348799856485,-37.11300499302983,100 174.9426810052008,-37.11253700617009,100 174.94255300096378,-37.11259500722062,100 174.94212099517918,-37.11288499897156,100 174.9421990041074,-37.11185899617759,100 174.9422370026168,-37.1113639931623,100 174.9422919987714,-37.11090099284773,100 174.94230599276625,-37.110866995117085,100 174.94232199875717,-37.11083299235293,100 174.9423159936763,-37.110833998354224,100 174.94230700732462,-37.11083499642967,100 174.94229799601652,-37.11083699984504,100 174.94228900272913,-37.110839003865685,100 174.94228199236528,-37.11083999659672,100 174.94227299795213,-37.11084200063462,100 174.9422640046634,-37.1108440046534,100 174.94225500031152,-37.110845003019904,100 174.94224600702188,-37.11084700703734,100 174.94223699644422,-37.110848995114296,100 174.9422280031766,-37.11085100003132,100 174.94222199806984,-37.11085200512701,100 174.94221300438716,-37.11085399382658,100 174.94220399309708,-37.11085599813583,100 174.9421950067179,-37.11085699530199,100 174.94218700144282,-37.11085899754545,100 174.9421859954269,-37.11085899960989,100 174.94217700529023,-37.110857999590955,100 174.94216800824012,-37.11085800641884,100 174.9421650089242,-37.11085799698286,100 174.94215600078965,-37.11085699725725,100 174.94214700371657,-37.11085700318262,100 174.94213800512733,-37.11085699381032,100 174.94212899811805,-37.11085599406422,100 174.9421199999201,-37.11085600000596,100 174.94211100287,-37.11085600682951,100 174.94210199471323,-37.11085500619886,100 174.94209299724895,-37.110854996804704,100 174.94208400711364,-37.11085399677867,100 174.94207499204248,-37.11085400299348,100 174.94207100475492,-37.1108539971255,100 174.94206199657575,-37.11085299559087,100 174.942053006441,-37.11085199556247,100 174.94204399830824,-37.11085099582827,100 174.9420350012355,-37.11085100174512,100 174.94202599310304,-37.110850002009556,100 174.94201700294596,-37.11084900107748,100 174.94200799481393,-37.11084800134052,100 174.94199899357494,-37.110845993854426,100 174.94199000231674,-37.11084499383962,100 174.94198099416244,-37.11084399319969,100 174.94197200402954,-37.11084299316507,100 174.94196300318322,-37.1108410009916,100 174.94195399505267,-37.110840001250494,100 174.94194499381587,-37.11083799376021,100 174.9419369978846,-37.11083600044169,100 174.94192799664867,-37.1108339929501,100 174.94191899580446,-37.11083200077322,100 174.941916991861,-37.11083099983331,100 174.9419089959081,-37.110829005611954,100 174.94190000198208,-37.110826006586,100 174.94189199497225,-37.11082300671166,100 174.94188399975445,-37.11082099715471,100 174.94187500470542,-37.11081799814525,100 174.94186699882223,-37.11081499825073,100 174.94185899176878,-37.110811996572274,100 174.9418510027601,-37.11080899640019,100 174.94184199198833,-37.11080599854704,100 174.94183899890447,-37.1108049993908,100 174.941830993001,-37.11080199859285,100 174.9418219921858,-37.11080000730933,100 174.9418139958242,-37.110797996865045,100 174.94180500192832,-37.11079499873258,100 174.9417960007234,-37.11079299213161,100 174.94178800477735,-37.11079099790186,100 174.94177900396446,-37.110789006614986,100 174.9417700027378,-37.1107869991111,100 174.94176100155764,-37.110784993408316,100 174.94175300559024,-37.11078299827525,100 174.9417440047561,-37.11078100608476,100 174.9417349966348,-37.1107800063267,100 174.94172599541028,-37.110777998819394,100 174.94171800323517,-37.11077800266986,100 174.9417089951145,-37.11077700290979,100 174.94169999763517,-37.11077699258463,100 174.94169100753598,-37.11077599342926,100 174.94168100445583,-37.110776001379165,100 174.9416719963358,-37.11077500161629,100 174.94166399420791,-37.11077399889184,100 174.9416549933769,-37.11077200669448,100 174.94164599217814,-37.110770000081914,100 174.9416380031587,-37.110766998994166,100 174.94162999614176,-37.11076399820072,100 174.94162199758534,-37.1107600067569,100 174.9416179954598,-37.11075699623557,100 174.94161300888823,-37.11075099876228,100 174.9416080043193,-37.1107450015836,100 174.941602006823,-37.1107270047509,100 174.9416000049181,-37.11072299889099,100 174.94159599448838,-37.11070600327974,100 174.9415900013468,-37.11069500664844,100 174.9415780021059,-37.110679996746214,100 174.9415669970732,-37.11066399356447,100 174.94156400869554,-37.11066000566599,100 174.94155200314813,-37.110651005626615,100 174.941538000569,-37.110639996890654,100 174.94152299725926,-37.11063100359386,100 174.9415110024288,-37.11062299568842,100 174.94149999222202,-37.11061300234727,100 174.9414910073187,-37.11060599242754,100 174.94148000403987,-37.11059499223659,100 174.94147299909065,-37.11058500358519,100 174.9414730035515,-37.11056900571896,100 174.94147600371807,-37.110556005122355,100 174.9414840078059,-37.11054399779142,100 174.9414920018303,-37.110536003141725,100 174.94149599226307,-37.11053300409662,100 174.9415159952985,-37.1105229975447,100 174.94151900842363,-37.11052099240107,100 174.94153900189278,-37.1105099945895,100 174.94155599291796,-37.110501993156795,100 174.94155799313089,-37.11050099781981,100 174.94157599950915,-37.11048899787851,100 174.9415780066201,-37.11048699479256,100 174.94159700513717,-37.11047700558366,100 174.9416000002602,-37.110475000732905,100 174.9416159916189,-37.11046099328718,100 174.94161799914218,-37.11045900641692,100 174.9416320045168,-37.11044399592707,100 174.941633993627,-37.11044199313507,100 174.9416499922844,-37.11042699415275,100 174.94166400067905,-37.11041399707844,100 174.94166500666626,-37.1104139941177,100 174.94168400517648,-37.1104040057965,100 174.94170200420055,-37.11039299736939,100 174.94172100756973,-37.11038500620834,100 174.9417250075707,-37.11038299931271,100 174.94174599272966,-37.110373996886615,100 174.94174799291363,-37.11037300064567,100 174.94176900599604,-37.110365003591156,100 174.94176999515543,-37.11036500270779,100 174.94178900635202,-37.11035300069345,100 174.94180299783594,-37.11034000388006,100 174.94180800735876,-37.11033500440249,100 174.94182199469805,-37.11031999508739,100 174.9418300086618,-37.11030899430615,100 174.94183800092395,-37.11029599843693,100 174.94184299913042,-37.1102850047027,100 174.94184499871102,-37.11027900634325,100 174.9418549950054,-37.11026199306293,100 174.94186499228758,-37.11024999721422,100 174.94188000284953,-37.11023499996944,100 174.94186900657132,-37.11016400211706,100 174.94219099641197,-37.10990300589095,100 174.9427870035651,-37.10953000615834,100 174.9430110052554,-37.108952995930814,100 174.9430190082321,-37.108760995766986,100 174.9429319922826,-37.108661996607935,100 174.94247200200743,-37.10826299824754,100 174.94232500064118,-37.10805200026915,100 174.9423329978338,-37.107814994565565,100 174.94255200396228,-37.10707900466008,100 174.94279899734332,-37.106837005655024,100 174.94282500569025,-37.10673599690952,100 174.9426759973623,-37.10644499632464,100 174.94291900392327,-37.10606899544756,100 174.942825996247,-37.10570999443659,100 174.94284999941993,-37.10558500020736,100 174.9430949997739,-37.10528799362266,100 174.94351000782865,-37.1049770069574,100 174.9438349917901,-37.10455299513921,100 174.94392262705887,-37.10391116458307,100 174.94379952411722,-37.10368180559347,100 174.94393253394978,-37.10368628299921,100 174.94390939390598,-37.103669584049804,100 174.94391022232745,-37.10366695223181,100 174.94390977899164,-37.10366598431239,100 174.9439074425457,-37.10365989299238,100 174.9439055352282,-37.10365368557925,100 174.94390399114147,-37.103647425342395,100 174.94390261868173,-37.103641100102216,100 174.94390134970178,-37.10363477316499,100 174.9439000454394,-37.10362843058323,100 174.94389679559887,-37.103622527289,100 174.94389333929084,-37.10361673463357,100 174.94388952163413,-37.10361098035023,100 174.94388522083787,-37.10360534214422,100 174.9438806633471,-37.10359978655949,100 174.94387581282723,-37.10359434483554,100 174.94387168463723,-37.10358991242115,100 174.9438664057739,-37.10358461742053,100 174.94386090354496,-37.10357938827136,100 174.9438551438654,-37.10357425617627,100 174.94384918003723,-37.103569237385514,100 174.94384302617237,-37.10356426767641,100 174.94383670151075,-37.10355939540279,100 174.94383017111522,-37.10355461843371,100 174.9438234521993,-37.103549905843195,100 174.9438165796771,-37.10354525886119,100 174.94380958844332,-37.10354072197968,100 174.94380244321178,-37.10353623539122,100 174.94379521372218,-37.10353184211509,100 174.94378997909945,-37.10352876174329,100 174.94378249575234,-37.10352460606206,100 174.94377487523306,-37.1035204985953,100 174.94376708428553,-37.10351650297829,100 174.94375924318803,-37.10351257037177,100 174.9437512994179,-37.10350867099334,100 174.9437433388266,-37.10350481785574,100 174.94373532722975,-37.103500950232174,100 174.94372736624854,-37.10349708177803,100 174.94371943893876,-37.10349316590438,100 174.94371159745458,-37.10348921797914,100 174.94370387585806,-37.10348520589879,100 174.94369627145858,-37.10348106842012,100 174.94368887311697,-37.103476848248974,100 174.94368233657377,-37.103473062785525,100 174.94367493549348,-37.103468735405514,100 174.94366753321663,-37.10346436117783,100 174.9436601995519,-37.103459985824585,100 174.943653019837,-37.10345551421287,100 174.94364599299314,-37.10345094816294,100 174.94363918949324,-37.10344631536037,100 174.94363339386857,-37.103441757060594,100 174.94362782082786,-37.103437102278406,100 174.94362241745708,-37.10343230591595,100 174.94361733971198,-37.10342739425712,100 174.9436125205666,-37.103422386426686,100 174.9436080250931,-37.10341723088574,100 174.94360586401177,-37.10341496173625,100 174.9436011929983,-37.103409718043615,100 174.94359690049782,-37.10340435908881,100 174.94359303746705,-37.103398853392655,100 174.94358967405984,-37.10339326019095,100 174.94358679379243,-37.10338755091289,100 174.94358462123165,-37.103381750717446,100 174.943583324792,-37.10337756207394,100 174.94358213655963,-37.10337161955852,100 174.94358168786553,-37.1033655107972,100 174.94358184452304,-37.10335931279686,100 174.94358258745692,-37.10335302767287,100 174.9435839012886,-37.10334667009792,100 174.94358568107216,-37.10334027243649,100 174.94358792756375,-37.103333820255585,100 174.94359039900965,-37.10332736438607,100 174.94359321759558,-37.103320886601274,100 174.94359629566173,-37.10331443520539,100 174.94359961706974,-37.103307995141165,100 174.9436031308629,-37.10330159788779,100 174.9436068025647,-37.103295259332434,100 174.94360698203982,-37.10329488506021,100 174.94361021021015,-37.10328880343329,100 174.94361373231402,-37.10328273140715,100 174.94361728767348,-37.10327659574566,100 174.94361933544292,-37.10326985300383,100 174.94362157481473,-37.10326312244203,100 174.94362391803364,-37.103256404597936,100 174.9436263820403,-37.103249701897596,100 174.94362886473013,-37.10324298176645,100 174.9436313988402,-37.10323629233705,100 174.94363386355587,-37.10322957340181,100 174.94363629340322,-37.10322285503827,100 174.9436386005775,-37.10321609181938,100 174.9436407694275,-37.1032093317699,100 174.94364239539965,-37.103204268728625,100 174.9436445787489,-37.10319741560899,100 174.94364672644693,-37.10319053243021,100 174.9436487710341,-37.10318366536272,100 174.94365069416872,-37.10317680118799,100 174.94365245937104,-37.103169877414274,100 174.9436540521643,-37.1031629880126,100 174.94365541922028,-37.10315607166876,100 174.94365650845768,-37.10314915988043,100 174.9436573037384,-37.10314223759045,100 174.94365780366493,-37.10313533816923,100 174.94365792378753,-37.10312845939644,100 174.94365762737672,-37.103121573033214,100 174.94365718510642,-37.103116904419785,100 174.9436562123176,-37.10311001382568,100 174.94365485937976,-37.103103130366335,100 174.94365317578297,-37.10309625323026,100 174.94365118177308,-37.10308938208542,100 174.94364892723152,-37.10308253143575,100 174.94364646568675,-37.103075682377785,100 174.9436437781099,-37.103068838828676,100 174.94364093382217,-37.10306198342859,100 174.94363796994458,-37.103055159731774,100 174.94363492026622,-37.103048368986755,100 174.94363176750113,-37.10304159525384,100 174.94362863050642,-37.10303482216353,100 174.94362513806036,-37.10302831807671,100 174.943621292854,-37.103021571920756,100 174.9436172902038,-37.10301482924759,100 174.94361327261345,-37.10300811836422,100 174.94360928954976,-37.103001437558234,100 174.94360539307095,-37.10299475443108,100 174.94360170506638,-37.102988083207265,100 174.94359827881456,-37.1029814392363,100 174.94359521510708,-37.102974803741134,100 174.94358899856118,-37.10296385682304,100 174.9435865903772,-37.10295706997856,100 174.94358475435848,-37.10295030439597,100 174.94358389840542,-37.10294384630452,100 174.943583809022,-37.10294065722179,100 174.94358405617575,-37.10293399357551,100 174.9435849103389,-37.10292734971854,100 174.94358633737681,-37.10292071088872,100 174.94358824958059,-37.10291407942547,100 174.9435906829691,-37.10290749980242,100 174.94359805317944,-37.102904502051764,100 174.9436013349599,-37.1028978769724,100 174.94360500040742,-37.10289133843426,100 174.94360899732206,-37.10288486926755,100 174.94361325686626,-37.102878505751065,100 174.94361784870637,-37.10287224403862,100 174.94362265290687,-37.10286610231988,100 174.94362761587033,-37.102860096795546,100 174.9436307883644,-37.102856416202414,100 174.94363595317137,-37.102850779598676,100 174.94364139819297,-37.10284527629651,100 174.9436471249915,-37.1028399233947,100 174.94365307833115,-37.102834628966534,100 174.9436591899697,-37.102829408551585,100 174.94366537212576,-37.10282421762369,100 174.94367164169387,-37.102819056807085,100 174.94367787558747,-37.102813865030186,100 174.94368405656664,-37.10280862815511,100 174.94369009687668,-37.10280334671956,100 174.94369597883664,-37.10279794530559,100 174.94370163193176,-37.10279243858876,100 174.94370698679145,-37.10278679796424,100 174.94371204070214,-37.10278096128793,100 174.94371345395058,-37.10277941854724,100 174.94371850350822,-37.1027734115992,100 174.94372230063496,-37.10276722690575,100 174.9437241753382,-37.10276172626648,100 174.943725576908,-37.1027548399993,100 174.94372540932997,-37.10274757929267,100 174.94372383381258,-37.102740220000086,100 174.94372101288562,-37.10273291357602,100 174.94371719162405,-37.10272582724577,100 174.94371251654155,-37.1027191902369,100 174.9437108986186,-37.10271712758927,100 174.943705741304,-37.10271183058676,100 174.9436996090854,-37.10270700021279,100 174.94369268847893,-37.10270249370961,100 174.94368523659145,-37.10269824467243,100 174.94367740842256,-37.10269410995912,100 174.94366942400794,-37.10269002557541,100 174.94366143952163,-37.10268589432553,100 174.94365372622826,-37.102681587384076,100 174.94364645724238,-37.10267700998145,100 174.94364624598353,-37.102676889068235,100 174.9436342341553,-37.102671343944635,100 174.94362894315148,-37.10266561471147,100 174.94362401072678,-37.10265969483495,100 174.9436193846815,-37.10265356714535,100 174.943615013691,-37.10264724870742,100 174.94361093310988,-37.10264080203142,100 174.94360710917218,-37.102634226769744,100 174.94360350620437,-37.10262749196239,100 174.9436001077724,-37.102620615003254,100 174.94359691351133,-37.10261362564076,100 174.94359392613464,-37.102606586019064,100 174.943591059427,-37.10259951287372,100 174.94358843376097,-37.102592405132256,100 174.94358585942004,-37.102585280326025,100 174.94358333652093,-37.1025793317543,100 174.94358056040542,-37.1025724130455,100 174.94357799151948,-37.102565457591176,100 174.94357556063437,-37.10255848635474,100 174.94357330135125,-37.102551449214566,100 174.94357123134748,-37.10254437742581,100 174.94356928281834,-37.1025373036452,100 174.9435675239103,-37.102530164566744,100 174.94356588613493,-37.10252305414575,100 174.94356442039887,-37.10251589493831,100 174.9435630776305,-37.10250874813515,100 174.94356185291278,-37.10250155343079,100 174.9435608216807,-37.102494400618134,100 174.94356063192762,-37.10249071837546,100 174.94356044597944,-37.10248344264748,100 174.94356050256522,-37.1024761467196,100 174.9435607139765,-37.102468832931265,100 174.94356094338394,-37.10246151884783,100 174.9435611908601,-37.10245425133495,100 174.9435612999907,-37.10244698609046,100 174.94356121908638,-37.102439769927436,100 174.94356082816276,-37.10243257507079,100 174.94356011051664,-37.10242549642936,100 174.9435589268817,-37.10241850023521,100 174.9435572421372,-37.10241157715005,100 174.94355493818694,-37.1024047732732,100 174.94355387057385,-37.102403197306685,100 174.94354868322677,-37.10239619555804,100 174.94354303125024,-37.1023893294099,100 174.94353738238306,-37.10238258488397,100 174.94353217317675,-37.102376048555975,100 174.94352788925426,-37.102369745811096,100 174.94352491304016,-37.102363758704975,100 174.94352375037982,-37.10235811139,100 174.94352503636574,-37.10235449507895,100 174.9435285773807,-37.102349692655345,100 174.9435338779368,-37.10234523000701,100 174.943540573194,-37.10234105272973,100 174.94354840132985,-37.10233708670446,100 174.94355706572338,-37.102333261086606,100 174.94356621723546,-37.10232951941207,100 174.94357561247725,-37.10232580438415,100 174.94357872149905,-37.10232289903686,100 174.94358759005885,-37.10231896101366,100 174.94359135950663,-37.10231675685221,100 174.94359869266978,-37.10231244383341,100 174.94360602502624,-37.10230809928242,100 174.94361316382438,-37.102303665973714,100 174.94362010860027,-37.10229908172628,100 174.9436201921017,-37.10229900284658,100 174.94363023136412,-37.102294114596745,100 174.94364608586739,-37.102285838597844,100 174.943649580993,-37.10228373176507,100 174.94366407908316,-37.10227407109965,100 174.94367811271775,-37.10226389259933,100 174.9436847247545,-37.10225918942698,100 174.94369874236767,-37.10224908869749,100 174.94371313339818,-37.10223929008254,100 174.94372068081393,-37.10223455534682,100 174.94373592623785,-37.10222556288811,100 174.94375163571874,-37.10221707294501,100 174.9437563792488,-37.102214370617745,100 174.94377219371884,-37.10220589427216,100 174.94378889356446,-37.102198687736646,100 174.9437973104577,-37.10219596572773,100 174.94381526892656,-37.1021910287138,100 174.94379944820287,-37.10217694059852,100 174.9437962759716,-37.102173806576545,100 174.94378218792372,-37.10215847871842,100 174.94377755945348,-37.10215163905902,100 174.94377000613883,-37.102133778681974,100 174.94376843727972,-37.10212914476564,100 174.9437603184537,-37.102116497680505,100 174.94375893662064,-37.102112929621036,100 174.94375229874635,-37.10209500556164,100 174.94375118147596,-37.10209161882839,100 174.9437456795368,-37.10207336519792,100 174.94374513860888,-37.10206950304932,100 174.94374582763024,-37.10205071978795,100 174.94374589149675,-37.10205053307597,100 174.94374597199948,-37.102031714728874,100 174.94374653380146,-37.10202512343242,100 174.94375076685736,-37.10200663175378,100 174.9437529779689,-37.1019995456447,100 174.94375894121148,-37.101981566364735,100 174.94376769301346,-37.101964125389415,100 174.943767726315,-37.10196406355597,100 174.94377560818862,-37.10194652959253,100 174.94378395477804,-37.10192886363063,100 174.94378519240666,-37.10192414854212,100 174.9437848798471,-37.10190549256267,100 174.94378579436975,-37.101887960191526,100 174.9437905290721,-37.10186946118636,100 174.94379168507933,-37.101866791550506,100 174.94380227519636,-37.10184999999581,100 174.9438042509766,-37.10184748635828,100 174.94381501640075,-37.10183451607976,100 174.9438255649832,-37.10182618105962,100 174.94383998653055,-37.10181683167059,100 174.94385246912228,-37.101806990430255,100 174.94386632562117,-37.101797325841716,100 174.94388496786698,-37.10178766839091,100 174.9439019476762,-37.10178243827339,100 174.94392438309424,-37.101777669368786,100 174.9439246428885,-37.10177766420697,100 174.94394430747863,-37.101776088026156,100 174.94396740933453,-37.101773444229316,100 174.94397265192796,-37.10177248310308,100 174.94399460398753,-37.10176654503421,100 174.94399494923601,-37.10176649340652,100 174.94401457932253,-37.1017649322005,100 174.94403645689772,-37.10175880968082,100 174.94404175733797,-37.10175681022386,100 174.94406030123739,-37.10174986542382,100 174.9440800072907,-37.10173983178404,100 174.9440824472169,-37.10173844074084,100 174.94410123661135,-37.10172727840107,100 174.94410132201943,-37.10172723013346,100 174.94411096481107,-37.101718105096865,100 174.94411784909295,-37.10170763642244,100 174.94412089848754,-37.10169025199545,100 174.9441190762616,-37.101670909663845,100 174.94411728847635,-37.1016646227809,100 174.94411152724098,-37.10165013718564,100 174.94410701402384,-37.101638122272725,100 174.94410083244222,-37.10161912182442,100 174.94409996147382,-37.10161154909256,100 174.94409909121586,-37.10160396012591,100 174.94409825702283,-37.10159641743454,100 174.94409745537487,-37.10158882734258,100 174.94409675800986,-37.10158126708522,100 174.94409618321944,-37.10157370391622,100 174.94409612196696,-37.10157276037419,100 174.94409533635792,-37.1015650934099,100 174.94409460173114,-37.10155744003,100 174.94409400618164,-37.101549769047224,100 174.944093566949,-37.1015420945994,100 174.9440933876057,-37.101534462755936,100 174.9440935221165,-37.101526871730464,100 174.9440940390908,-37.10151932039774,100 174.9440949925661,-37.10151185383701,100 174.94409601805503,-37.10150636802079,100 174.94409803314758,-37.101499098554235,100 174.94410058865492,-37.101491929279746,100 174.94410359714234,-37.101484829185054,100 174.94410702371965,-37.101477797941094,100 174.9441107634399,-37.101470823749786,100 174.94411479901734,-37.10146389067149,100 174.9441190269753,-37.101457000403315,100 174.9441234116636,-37.10145012288626,100 174.9441278649606,-37.10144324424379,100 174.94413233591098,-37.1014363959553,100 174.9441367543393,-37.10142951788437,100 174.9441389290527,-37.1014260717538,100 174.94414137600154,-37.101421830731226,100 174.94414984123202,-37.101410263595966,100 174.94415836887006,-37.10139598797649,100 174.9441657917953,-37.10138436312887,100 174.9441767582718,-37.10136988707852,100 174.9441806647186,-37.10135086087169,100 174.94418087110796,-37.101350175213824,100 174.94418832207958,-37.10133458605349,100 174.9441902425229,-37.101331361302144,100 174.9441971069245,-37.101318972310864,100 174.94420636479828,-37.10130412411151,100 174.9442065614559,-37.101303718011565,100 174.9442120827443,-37.10128729526667,100 174.9442127624012,-37.10128557978908,100 174.94422064952195,-37.10127067836372,100 174.94422573859535,-37.10125680342974,100 174.94423112877604,-37.101241854632754,100 174.94423535959132,-37.101227638669315,100 174.94423847995262,-37.101210919124206,100 174.9442396064087,-37.101199128063435,100 174.94424194516307,-37.1011866501674,100 174.94424242701817,-37.10116918707761,100 174.9442453339244,-37.101153493090536,100 174.94425074895491,-37.101136963932376,100 174.94425230235024,-37.10113179391844,100 174.9442553991084,-37.10111481158468,100 174.9442559724235,-37.101112369612785,100 174.94426165240017,-37.10109603709492,100 174.9442628331243,-37.10109363112559,100 174.94427238647427,-37.101078854683784,100 174.9442745161364,-37.10107567156362,100 174.9442827618939,-37.101061199572214,100 174.94429166309106,-37.10104851038647,100 174.9443020355285,-37.10103756088252,100 174.94430732547323,-37.10103088391719,100 174.94431359708514,-37.1010170959341,100 174.94431827515965,-37.10100400284265,100 174.94431562819577,-37.100988052056714,100 174.94431168765777,-37.10097172141704,100 174.94430250443526,-37.100955113553496,100 174.94430068190314,-37.10095252882009,100 174.94429072761844,-37.100939342262905,100 174.94428394453976,-37.100925509742275,100 174.94427888964248,-37.10091519272743,100 174.94426965628568,-37.10089864787203,100 174.94426738402328,-37.100894228288126,100 174.94426145625357,-37.1008768802446,100 174.94425713806888,-37.10086685938436,100 174.94424724994067,-37.10085295882155,100 174.94424402008298,-37.100835377255386,100 174.94424419311662,-37.10083413515034,100 174.9442489767162,-37.10081922784622,100 174.9442543542043,-37.10080572041059,100 174.94425743937066,-37.10079576738823,100 174.94425648841025,-37.10077974011251,100 174.94425453715954,-37.100767586743714,100 174.9442513045411,-37.1007554868384,100 174.94425528256926,-37.10073842605784,100 174.94425628582243,-37.100735900424674,100 174.94426218355852,-37.10071928403481,100 174.94426237821074,-37.10071879955586,100 174.94426920080454,-37.10070490970496,100 174.944273883538,-37.10069138302027,100 174.94427745100916,-37.10068071007115,100 174.9442787666024,-37.100668219213595,100 174.94427659214384,-37.100656797744456,100 174.94426463559648,-37.10064143227237,100 174.94425587871453,-37.1006332245978,100 174.94424231085335,-37.10062036679021,100 174.94423409433747,-37.100606095417746,100 174.94423221996738,-37.10059980995551,100 174.94423066389982,-37.10059435566498,100 174.9442303695481,-37.100577603801,100 174.94423679577415,-37.100559477202864,100 174.94423747581956,-37.100558349356525,100 174.9442463418334,-37.1005462664145,100 174.9442630125717,-37.100533095588226,100 174.94426551986385,-37.10053161240678,100 174.94428506217542,-37.10052134888948,100 174.94428720075433,-37.10052031969406,100 174.94430426794133,-37.10051143337755,100 174.9443239893663,-37.10050135438326,100 174.94432830063232,-37.10049930985212,100 174.944347313456,-37.10049117843739,100 174.94436819024955,-37.10048271992189,100 174.94437375434433,-37.100480870245875,100 174.94439627196783,-37.100475943985295,100 174.9444041978306,-37.10047426917139,100 174.94442242271123,-37.1004695593298,100 174.9444031592414,-37.10046251722757,100 174.94438167522628,-37.100458535357745,100 174.94435946083607,-37.100452568216696,100 174.94435872569997,-37.100452333323084,100 174.94434133658572,-37.10044598599991,100 174.9443245597767,-37.10044109862659,100 174.9443040562708,-37.10043748640947,100 174.94428676761405,-37.100432251418766,100 174.9442693584107,-37.10041961614837,100 174.94426911074765,-37.10041943544718,100 174.9442535489178,-37.100405295370734,100 174.94425326245366,-37.10040500534916,100 174.94424260403702,-37.100388920085585,100 174.94423949035033,-37.100372404635216,100 174.94423203457845,-37.10035928073791,100 174.9442244756466,-37.10034498235504,100 174.94421678350383,-37.10032837796538,100 174.9442072827762,-37.10031338679708,100 174.94420124559375,-37.10030020718393,100 174.94419474125988,-37.10028701991063,100 174.94418340524703,-37.10027026438325,100 174.9441821262749,-37.10026790236254,100 174.9441767987673,-37.100249691851346,100 174.94417676612173,-37.1002485468534,100 174.94418009324377,-37.10023115696555,100 174.94418201958987,-37.10022314629332,100 174.94418211624205,-37.10020553539933,100 174.94418044501109,-37.10019473927702,100 174.94417552715763,-37.10017754410389,100 174.94417501752912,-37.100176050921526,100 174.94417125371552,-37.10016478169691,100 174.94416614049922,-37.10015424932336,100 174.94416318736523,-37.10013974380649,100 174.94414924284982,-37.10012579259577,100 174.94414347058898,-37.100121434919345,100 174.94413018791505,-37.10011008928203,100 174.94411501648617,-37.1000987611013,100 174.944103151026,-37.10008664595304,100 174.94408770228463,-37.10007344854498,100 174.94408641916584,-37.100072200579554,100 174.94407594506836,-37.100056499828824,100 174.9440656085719,-37.10004948340676,100 174.94405151401457,-37.10003573563128,100 174.94404968809206,-37.100033677299415,100 174.94404140925946,-37.100021497914724,100 174.9440293828402,-37.10000981981787,100 174.9440149615393,-37.09999618645196,100 174.94401345342717,-37.09999432389398,100 174.9440055431713,-37.099977987142346,100 174.94400414337463,-37.09997441937887,100 174.9439965245996,-37.0999579525676,100 174.9439962462778,-37.09995727666175,100 174.94399143665197,-37.09994021940393,100 174.94399073176822,-37.09993795431757,100 174.94398428638016,-37.09992253628489,100 174.94397742469988,-37.09990588671303,100 174.94397592189682,-37.09990295514319,100 174.94396646499075,-37.0998864607923,100 174.943962587845,-37.09988233339996,100 174.94395272829036,-37.09987561828658,100 174.94394208480927,-37.099858835153306,100 174.94394162819583,-37.09985800715013,100 174.94393072688948,-37.09984130575446,100 174.9439300836711,-37.099840000426425,100 174.94392554351145,-37.099827629935824,100 174.94391674750037,-37.09980996208435,100 174.94391311755683,-37.09980538089501,100 174.94389723671813,-37.09979222299276,100 174.94388312796346,-37.099777344315605,100 174.94387906375883,-37.09977210509809,100 174.94386800966242,-37.09975549993536,100 174.94386751383223,-37.099754502232074,100 174.94386156128394,-37.09974062361655,100 174.9438557929801,-37.099722111175744,100 174.94385527502573,-37.09971971954693,100 174.94385785166764,-37.09970400123917,100 174.94385779294257,-37.099701879675436,100 174.94385939240036,-37.09968407198985,100 174.9438599783342,-37.09968207955373,100 174.9438653088769,-37.09966937684989,100 174.94387303619598,-37.09965808771328,100 174.94388029824714,-37.09964567599437,100 174.94389133603363,-37.0996325002556,100 174.94390473172365,-37.09961750040225,100 174.9439047814804,-37.09961742207576,100 174.94391150022975,-37.09960972757874,100 174.9439220561092,-37.099599797156635,100 174.94391635552867,-37.099583142058016,100 174.94391394570115,-37.09957505468815,100 174.94391016081534,-37.09955807165045,100 174.943908357245,-37.09954500104629,100 174.94390680001692,-37.099527745339984,100 174.9439068175108,-37.09951843657896,100 174.94390832609614,-37.09950108012398,100 174.94390876297965,-37.09949809871812,100 174.94391186800416,-37.0994808224345,100 174.9439125935757,-37.09947702964407,100 174.94391542030678,-37.09945969483413,100 174.9439169633299,-37.09945350293604,100 174.94392384466633,-37.09943676227567,100 174.94392492259067,-37.09943376855459,100 174.94392854989545,-37.099416544091554,100 174.94392866652436,-37.09941516411374,100 174.9439286856624,-37.09939786362914,100 174.94392833047513,-37.099393828090804,100 174.94392792981293,-37.09938691279049,100 174.94392751264797,-37.09937943986521,100 174.94392709470023,-37.09937193630906,100 174.94392660853651,-37.09936444919343,100 174.94392603616132,-37.099356978813454,100 174.94392529097175,-37.09934952658933,100 174.94392435540993,-37.09934210993343,100 174.94392312595616,-37.0993347287408,100 174.94392163906193,-37.09932740043938,100 174.94392159901486,-37.09932719830693,100 174.94391981590672,-37.09931985863999,100 174.94391777570368,-37.09931258537786,100 174.94391545808824,-37.099305331986855,100 174.943912916751,-37.09929813003275,100 174.94391013477522,-37.09929097799037,100 174.94390714592544,-37.0992838762073,100 174.94390398587367,-37.09927685564352,100 174.9439014725812,-37.09927127914787,100 174.94389810641584,-37.099264338573214,100 174.94389453452436,-37.099257449140254,100 174.94389082395205,-37.09925059262509,100 174.9438869417865,-37.0992438020137,100 174.94388299138262,-37.09923702694178,100 174.9438789367957,-37.09923026980132,100 174.94387486685494,-37.099223528234326,100 174.94387076173004,-37.09921681878916,100 174.94386669027463,-37.09921006192485,100 174.94386582913998,-37.099208418582684,100 174.94386230664242,-37.09920143640754,100 174.94385871517315,-37.09919448510571,100 174.94385500382452,-37.09918759795833,100 174.9438510024957,-37.09918085526528,100 174.94384667558754,-37.099174272932196,100 174.94384188749694,-37.09916791627268,100 174.9438415120152,-37.099167488911775,100 174.943836142129,-37.099161437414175,100 174.9438303458805,-37.099155609216446,100 174.94382422520061,-37.09914994226092,100 174.9438179344705,-37.09914440156969,100 174.94381154070538,-37.09913887969211,100 174.94381020628518,-37.099137648787654,100 174.94380413695353,-37.09913196566717,100 174.94379801554416,-37.09912631404403,100 174.9437918443066,-37.09912069388135,100 174.94378565629486,-37.09911512176153,100 174.94377938315145,-37.09910956455662,100 174.94377305919667,-37.09910408839896,100 174.94376666698085,-37.099098626879574,100 174.94376022390765,-37.09909324460558,100 174.94375367968402,-37.09908791085671,100 174.9437470661932,-37.09908264043197,100 174.9437403871547,-37.099077446789636,100 174.94373603523638,-37.099074287944056,100 174.94372904951615,-37.0990693336641,100 174.94372196188914,-37.09906444234212,100 174.94371485861262,-37.09905959904445,100 174.94370777289492,-37.09905473833398,100 174.9437007036804,-37.09904986293192,100 174.94369370109408,-37.09904490892635,100 174.94368681838867,-37.09903989076597,100 174.94368010456452,-37.099034744557336,100 174.94367547592455,-37.09903097196512,100 174.94366910100695,-37.099025526379734,100 174.94366284555588,-37.09902000042326,100 174.9436567245805,-37.09901436500851,100 174.94365070659242,-37.099008664814775,100 174.94364479122322,-37.09900288542756,100 174.94363894250526,-37.09899702833791,100 174.94363319604125,-37.09899112180321,100 174.94362753500658,-37.098985167901894,100 174.94362190803298,-37.098979181896816,100 174.9436163320141,-37.09897316441227,100 174.94361552743405,-37.09897228082567,100 174.9436101559683,-37.09896616625318,100 174.94360483660498,-37.098960021083705,100 174.94359958384678,-37.098953796410065,100 174.94359434986757,-37.098947602071966,100 174.94358911437314,-37.098941392436615,100 174.94358382944182,-37.098935229577144,100 174.94357844154806,-37.09892913239688,100 174.9435729521159,-37.09892311258918,100 174.943567275809,-37.09891722112391,100 174.94356142945193,-37.098911455922604,100 174.94356091255244,-37.098910954270195,100 174.943554776239,-37.09890533442322,100 174.94354848713743,-37.09889985587896,100 174.94354200842494,-37.098894442631895,100 174.9435353960904,-37.09888917217583,100 174.94352866576125,-37.09888399558512,100 174.94352179836352,-37.098878914975025,100 174.9435148118925,-37.09887393005048,100 174.94350772542217,-37.0988690386962,100 174.94350055283704,-37.09886421184334,100 174.9434933136025,-37.09885946269203,100 174.9434860074225,-37.09885482369342,100 174.94348002575418,-37.09885102821245,100 174.9434726533398,-37.09884648313132,100 174.9434651786503,-37.09884198659338,100 174.94345770513578,-37.098837536001255,100 174.9434502147515,-37.09883308568522,100 174.94344914767754,-37.09883214511365,100 174.9434430016214,-37.09882680391756,100 174.9434368551748,-37.09882144740567,100 174.9434307761161,-37.098816042020516,100 174.94342761355338,-37.09881328005753,100 174.9434215165237,-37.098807875867784,100 174.94341547194173,-37.098802454594704,100 174.94340956296014,-37.09879692384519,100 174.94340380831088,-37.09879131215329,100 174.94339827427925,-37.09878557156547,100 174.94339585666577,-37.09878281271023,100 174.94339078379136,-37.09877680138615,100 174.9433859151013,-37.098770678560086,100 174.9433811834815,-37.098764459752914,100 174.94337650208297,-37.09875822480033,100 174.9433717873584,-37.09875200661704,100 174.94336695234034,-37.09874583637126,100 174.94336204998146,-37.0987403332792,100 174.94335670287836,-37.09873446614862,100 174.94335132203494,-37.09872859957094,100 174.94334597456518,-37.098722718025286,100 174.94334076494843,-37.09871677112942,100 174.94333574303667,-37.098710728323624,100 174.94333152878502,-37.09870507334876,100 174.94332695081792,-37.09869879073283,100 174.94332230429387,-37.09869255520621,100 174.94331864109185,-37.09868798986387,100 174.94331355023476,-37.098681978831074,100 174.94330834062336,-37.09867603193358,100 174.94330302722096,-37.098670118282364,100 174.94329768086084,-37.098664235814915,100 174.94329235139517,-37.09865835397152,100 174.9432916550139,-37.09865765337232,100 174.9432859842241,-37.09865193214532,100 174.94328029548913,-37.09864625717777,100 174.94327465844216,-37.09864053539704,100 174.9432691412528,-37.09863474856112,100 174.94326382905334,-37.09862888175516,100 174.94325879145705,-37.09862288516857,100 174.94325405992942,-37.09861671322126,100 174.94325273482676,-37.09861456915528,100 174.94324884211642,-37.098607978779455,100 174.94324491424487,-37.09860142142618,100 174.9432405270537,-37.09859511855478,100 174.94323717204338,-37.098591693691304,100 174.94323099115604,-37.098586353054586,100 174.94322450270877,-37.09858117338181,100 174.94321820233478,-37.09857591221371,100 174.94321255197192,-37.09857032944608,100 174.94321088354903,-37.098567695300645,100 174.94320743913784,-37.09856103538565,100 174.94320436852408,-37.09855412058807,100 174.9432011791789,-37.098547270826735,100 174.94319735630341,-37.0985407270724,100 174.94319226237965,-37.0985352117913,100 174.9431865407021,-37.09852956800269,100 174.94318107528704,-37.09852378121495,100 174.94317900009344,-37.09852085991807,100 174.94317505731857,-37.09851437941583,100 174.94317174968631,-37.09850765597009,100 174.94316880054595,-37.098500739180174,100 174.94316602263083,-37.09849374207279,100 174.94316322823698,-37.09848676055731,100 174.94315989904428,-37.098479897765344,100 174.94315638334515,-37.09847317772984,100 174.94315218506975,-37.09846682579248,100 174.9431502196984,-37.098464723765865,100 174.94314410782573,-37.098459397314826,100 174.94313736511333,-37.09845443811353,100 174.94313057298706,-37.0984495265887,100 174.94312427578384,-37.098444388839425,100 174.94312219672523,-37.09844193266814,100 174.94311776069765,-37.098435787416015,100 174.94311404356026,-37.09842928608842,100 174.94311094087993,-37.098422480869296,100 174.94310835338987,-37.09841544999518,100 174.9431061593292,-37.09840827207129,100 174.9431042912388,-37.09840094910473,100 174.94310261202637,-37.09839357617517,100 174.9431010888055,-37.09838623133225,100 174.94309876153778,-37.09837921241539,100 174.94309656982682,-37.09837212638387,100 174.9430946033985,-37.09836500601573,100 174.94309286073675,-37.09835783601401,100 174.9430914460735,-37.098350644412534,100 174.94309036131585,-37.09834346182376,100 174.94308967465307,-37.09833622674385,100 174.94308940376413,-37.09832901459096,100 174.9430894745524,-37.098324738633295,100 174.94308991403634,-37.09831749771153,100 174.94309056048792,-37.09831025429844,100 174.94309129422865,-37.09830299233004,100 174.94309181741616,-37.09830061337296,100 174.9430933858768,-37.09829347742106,100 174.9430953222611,-37.098286473334795,100 174.94309759733912,-37.09828043888755,100 174.94310080766286,-37.09827375280203,100 174.9431045779142,-37.0982672269797,100 174.94310887210267,-37.09826086201046,100 174.9431135679782,-37.09825462925453,100 174.94311863292444,-37.09824852924646,100 174.94312392559445,-37.098242534560825,100 174.94312942863445,-37.09823662655506,100 174.94313503758556,-37.098230812349165,100 174.94313994978603,-37.098224855444634,100 174.94314508609673,-37.09821886241989,100 174.94315039988805,-37.0982129899617,100 174.9431559057319,-37.098207191865605,100 174.94316157186674,-37.09820154616278,100 174.94316745039694,-37.098196066419646,100 174.94317352406068,-37.09819073759729,100 174.94317982855227,-37.098185591556835,100 174.9431863642629,-37.09818064361369,100 174.94318932398363,-37.09817863840458,100 174.94319632289563,-37.098174160549036,100 174.94320355231633,-37.09816989702548,100 174.94321095997716,-37.09816578379812,100 174.94321847382218,-37.09816173101834,100 174.94322602370588,-37.09815772361285,100 174.94323351916285,-37.098153655811714,100 174.94324090726008,-37.09814948161581,100 174.94324813618934,-37.098145155007636,100 174.94325005643225,-37.09814377340271,100 174.94325662661214,-37.09813885373181,100 174.94326308906398,-37.09813381325177,100 174.94326948132024,-37.09812871173342,100 174.94327587318438,-37.09812359489931,100 174.94328230108715,-37.09811852343963,100 174.9432888532414,-37.098113558998215,100 174.94329558331674,-37.09810877640318,100 174.9433025646351,-37.098104315053035,100 174.94330974023222,-37.09809992712678,100 174.94331696844242,-37.098095616749404,100 174.94332419773048,-37.09809130455136,100 174.9433414384237,-37.09807870043232,100 174.943352991807,-37.09806910701111,100 174.94336793986412,-37.09805445129433,100 174.9433765005758,-37.09804632195196,100 174.94339337238387,-37.09803293254445,100 174.94339413642405,-37.09803236212262,100 174.9434108490587,-37.098018820301135,100 174.9434204066554,-37.09801099907482,100 174.94343741947537,-37.09799766863673,100 174.94344565708306,-37.09799041342597,100 174.94345905797198,-37.09797496379515,100 174.9434689575217,-37.09796326413473,100 174.94348425824913,-37.09794884957371,100 174.94348885244509,-37.09794454001103,100 174.9435040249762,-37.09792986437395,100 174.94350885947867,-37.09792359868611,100 174.94350928019583,-37.09792253818546,100 174.94351610269672,-37.09790613829484,100 174.9435174988109,-37.09790278335216,100 174.94352881223978,-37.09788644321971,100 174.9435365536179,-37.097875664902055,100 174.94354519261827,-37.09785853582938,100 174.94355233092725,-37.097841681918574,100 174.9435597810715,-37.09782421813191,100 174.9435666549677,-37.097808421257035,100 174.94357476811146,-37.09779110071874,100 174.94357676400617,-37.097786868003375,100 174.9435843191276,-37.097769417815805,100 174.94358588836653,-37.0977660131669,100 174.94359455991093,-37.097748837591475,100 174.9435947404759,-37.09774846239996,100 174.9436022599416,-37.09773098215216,100 174.94360467776121,-37.09772322660342,100 174.9436076948371,-37.09770523794712,100 174.94361066893234,-37.09769071904349,100 174.94361192048225,-37.09768465720564,100 174.9436137369744,-37.09767833554742,100 174.94362220158348,-37.09766116426422,100 174.94362608285397,-37.09765555141012,100 174.94363909501737,-37.09764048036397,100 174.94364395577398,-37.09763453870303,100 174.94365301640798,-37.09761761991897,100 174.94365840041476,-37.09760683698477,100 174.94366991682492,-37.09759095767285,100 174.94368134543225,-37.0975750329327,100 174.94368219318744,-37.097573731996384,100 174.94369098813598,-37.09755663190105,100 174.94369325238074,-37.09755206941951,100 174.94370222436766,-37.09753507277215,100 174.9437055985396,-37.097529297887455,100 174.9437165176959,-37.09751311922337,100 174.943721133064,-37.09750646956742,100 174.9437224050539,-37.097498037913496,100 174.94372463266726,-37.097483456440465,100 174.94373266320474,-37.09747620280303,100 174.9437433901653,-37.09746742954629,100 174.9437582614251,-37.09745378267783,100 174.94375991281737,-37.09745209633237,100 174.94377134495446,-37.09743631122507,100 174.94377967404955,-37.09742607934781,100 174.94379669080385,-37.09741414308356,100 174.94380259760945,-37.09740968580502,100 174.9438148593339,-37.0973944431833,100 174.94382144267558,-37.0973862561058,100 174.94383633229205,-37.0973726242486,100 174.94383704258377,-37.0973719762935,100 174.94385107594397,-37.09735750766194,100 174.9438533358131,-37.0973558564015,100 174.94385673347784,-37.0973533789312,100 174.94387714938384,-37.09734650892093,100 174.9438856899957,-37.0973444662535,100 174.94390631425892,-37.09733756037521,100 174.94392234600133,-37.097331945639915,100 174.94394263989267,-37.09732439624751,100 174.94395630741425,-37.09731978375288,100 174.94397752351568,-37.097314199355424,100 174.943984802075,-37.097312303557736,100 174.9440056799355,-37.09730581169997,100 174.94400734359223,-37.09730517785151,100 174.94402654630437,-37.09729578879028,100 174.94403303357265,-37.09729286858698,100 174.94405429943865,-37.0972872067505,100 174.94405874857515,-37.097285764731865,100 174.94407762761068,-37.09727599431928,100 174.9440830929259,-37.09727306203236,100 174.94409738049706,-37.097267045063965,100 174.94410301637237,-37.09726466697335,100 174.94410571791732,-37.09726334824916,100 174.94412322717005,-37.09725166703696,100 174.94413039510806,-37.09724641215093,100 174.94414870185406,-37.09723538210307,100 174.94415733236772,-37.097229110011384,100 174.94417145065174,-37.09721457776111,100 174.94417197443707,-37.097214072562174,100 174.94418819942388,-37.09720109742819,100 174.944192966322,-37.09719676878309,100 174.94420528864097,-37.097181215987106,100 174.94420802658405,-37.097176875554545,100 174.944218969031,-37.09716029358861,100 174.94422130185794,-37.097153221694754,100 174.94422133706772,-37.09713897269431,100 174.9442214358884,-37.097120169355996,100 174.94422215934833,-37.0971014170601,100 174.94422260190575,-37.09709738195647,100 174.9442239691736,-37.09707872635415,100 174.94422911593983,-37.097061923994396,100 174.94424164358492,-37.09704687795465,100 174.94425234039656,-37.097035829401214,100 174.94426248981537,-37.09701943258376,100 174.94426904114385,-37.09701008424991,100 174.94428389454436,-37.09699640606472,100 174.94430075630635,-37.09698391527713,100 174.94430152069773,-37.09698335926437,100 174.94431759162907,-37.096970434408036,100 174.94433958683507,-37.09695554311146,100 174.94434080926234,-37.09695463889965,100 174.94412078581462,-37.09608234577768,100 174.94411340327346,-37.09607677883982,100 174.94411095836793,-37.09607488658046,100 174.94409914182506,-37.09606576017913,100 174.9440963798617,-37.0960636568107,100 174.94407995531716,-37.09605151456929,100 174.94407110494285,-37.096045525564755,100 174.9440534996008,-37.09603455092253,100 174.944052461949,-37.09603401184652,100 174.944033417621,-37.09602484444469,100 174.9440285413369,-37.09602277755123,100 174.94400874920456,-37.09601477064703,100 174.94399842738167,-37.096010727308915,100 174.94397853293754,-37.0960027671417,100 174.94396741480625,-37.09599754626118,100 174.9439499453796,-37.095986429674994,100 174.9439381600133,-37.09597900617583,100 174.94391998679197,-37.09597002365438,100 174.9439042059724,-37.095957312935745,100 174.94390399277532,-37.09595711544514,100 174.94389171818997,-37.09594212736087,100 174.94388441109754,-37.09593185085428,100 174.9438831119422,-37.09593001641092,100 174.9438706104298,-37.095914953633674,100 174.9438700527451,-37.09591422011926,100 174.94386223854428,-37.095900654122296,100 174.94386072490164,-37.09589795525769,100 174.94385280120224,-37.09588296612282,100 174.9438411026382,-37.09586810738523,100 174.94383803207626,-37.09586370177938,100 174.94383079426635,-37.095847198051025,100 174.94382609269184,-37.09583277075496,100 174.94381967807027,-37.09581594258369,100 174.94381760565759,-37.09581000194326,100 174.94381175608655,-37.095792962617885,100 174.94380913694792,-37.09578046507545,100 174.94380868046613,-37.095762910106046,100 174.94381040949915,-37.09575035027643,100 174.94381468127077,-37.0957332531382,100 174.9438177051951,-37.0957229775642,100 174.94382149311346,-37.09570596677166,100 174.94382494168622,-37.09569227557133,100 174.94341511548944,-37.09523989811322,100 174.94341931370843,-37.09523506869425,100 174.94343419236455,-37.09522106483614,100 174.9434459964613,-37.09521117257648,100 174.9434618481222,-37.095197864778875,100 174.94347810768403,-37.095184889175236,100 174.9434818402472,-37.095182003350544,100 174.9434983667095,-37.09516930186573,100 174.94351517760447,-37.09515681202397,100 174.94352266824632,-37.09515133467434,100 174.94353965594686,-37.0951390275953,100 174.94355668041342,-37.09512675055481,100 174.9435588885634,-37.095125147015,100 174.94357541534242,-37.09511241487072,100 174.9435923496804,-37.095100045569176,100 174.94359280770965,-37.09509969737338,100 174.94361086790678,-37.09508850201115,100 174.94362949907628,-37.09507790024482,100 174.9436380826166,-37.09507309986021,100 174.94365667813156,-37.09506246803051,100 174.94367509494663,-37.09505166788369,100 174.94368288149164,-37.09504685172262,100 174.9437005658612,-37.095035259634415,100 174.94371792769684,-37.095023286180485,100 174.94372228163834,-37.09502028110416,100 174.94373951885103,-37.09500818621437,100 174.94375526852372,-37.0949974514192,100 174.94377355949558,-37.09498648297773,100 174.94379183280967,-37.09497548417932,100 174.94383311827846,-37.09494507107222,100 174.94386706662726,-37.09492253202803,100 174.94388535775323,-37.09491280373644,100 174.94388540868127,-37.09491277135631,100 174.94390275573548,-37.09490211489683,100 174.94391995939148,-37.09489130666649,100 174.94392527645937,-37.09488808299968,100 174.9439431219898,-37.09487791316607,100 174.94396109372016,-37.09486792692517,100 174.9439678678454,-37.094864088118925,100 174.94398549938754,-37.09485369015773,100 174.94399769208266,-37.09484654940625,100 174.94401580599435,-37.09483666807856,100 174.9440267065576,-37.094830432675614,100 174.94404342895274,-37.09481915283593,100 174.94405865005612,-37.094809354993814,100 174.94407716136575,-37.09480005567937,100 174.9440964956186,-37.09479165586843,100 174.94409877359797,-37.0947907163225,100 174.94410393009287,-37.09478851824066,100 174.94411819840403,-37.094782470044166,100 174.944137694891,-37.094774299196395,100 174.94414615430898,-37.09477063192497,100 174.94416534285395,-37.09476203440714,100 174.94418401122417,-37.094752762242784,100 174.94418547930573,-37.09475196215811,100 174.9442030014329,-37.09474137939335,100 174.9442127434094,-37.0947358605706,100 174.94423216740563,-37.0947275836434,100 174.94424244793586,-37.09472332679843,100 174.9442617036935,-37.09471401434443,100 174.94426375747253,-37.09471306315071,100 174.94428397411377,-37.09470463261407,100 174.94428714657354,-37.09470342963882,100 174.94430787150398,-37.094695825352126,100 174.94432341642994,-37.09469077554683,100 174.94434509574094,-37.09468507533894,100 174.94435690055002,-37.09468142528424,100 174.9443763368829,-37.09467173942157,100 174.94438719365775,-37.0946670062464,100 174.944409127009,-37.094662353660595,100 174.94441700916943,-37.09466097338788,100 174.94443880721505,-37.09465578134321,100 174.94444817033667,-37.09465344484695,100 174.94447000324178,-37.09464825222477,100 174.94448762375546,-37.09464367757858,100 174.9445089009281,-37.094637255698395,100 174.94451926223837,-37.094634003339586,100 174.9445404633673,-37.09462733574884,100 174.94455872242372,-37.09462203679936,100 174.94458046443407,-37.09461672217188,100 174.94459584818986,-37.0946133793065,100 174.94461800487807,-37.09460923404773,100 174.94463618464383,-37.094605455053724,100 174.9446576287311,-37.094599401738655,100 174.94467884859162,-37.094592763558516,100 174.94470016135259,-37.09458632663987,100 174.94470817779083,-37.094584169940596,100 174.94473010239003,-37.09457917675337,100 174.94474394835393,-37.094576636005165,100 174.94476632147422,-37.09457343171572,100 174.94478389918208,-37.094571056865426,100 174.94480620716394,-37.09456737325179,100 174.94482706180375,-37.09456317360747,100 174.9448491161646,-37.09455850363365,100 174.94485964874156,-37.09455579010825,100 174.9448805860852,-37.09454897266505,100 174.94490086571886,-37.09454094206295,100 174.94490581655919,-37.094538887020015,100 174.94492561140999,-37.0945302460854,100 174.94494413062444,-37.09452249491647,100 174.94496499616884,-37.09451555425909,100 174.94498633049676,-37.09450930260047,100 174.94499398094462,-37.094507089698254,100 174.945015152193,-37.09450057663348,100 174.94502564125736,-37.09449756998824,100 174.94504747375558,-37.09449240881221,100 174.94506943982063,-37.0944876311909,100 174.94508520667995,-37.09448374030373,100 174.94510648764214,-37.0944774264093,100 174.94512154272815,-37.09447223222049,100 174.94514151897354,-37.094463866771086,100 174.94516138595048,-37.094455364313326,100 174.9451626377222,-37.09445486158526,100 174.9451835369428,-37.0944479194359,100 174.94520467211842,-37.094441360963934,100 174.94520877785692,-37.09444004891614,100 174.94522951284193,-37.094432800312745,100 174.94525013890015,-37.09442538405149,100 174.9452526264786,-37.09442450233161,100 174.94527328778764,-37.094417100809764,100 174.94528806618806,-37.094411911140405,100 174.94530901870772,-37.09440503028323,100 174.94533000919333,-37.094398226309934,100 174.94533934982152,-37.09439510058665,100 174.94535972422702,-37.09438734775023,100 174.94536581945712,-37.09438468356607,100 174.94538473279388,-37.09437488084393,100 174.94540072850953,-37.09436674200495,100 174.94542103356486,-37.09435900561808,100 174.94544188378836,-37.094352173283326,100 174.94544641778486,-37.094350713598566,100 174.94546692093834,-37.094344476396174,100 174.9454868937102,-37.09433910141227,100 174.94549741444362,-37.09433601489279,100 174.94551698174345,-37.09432855557548,100 174.94553670436568,-37.09431982289295,100 174.945538297383,-37.094319113573704,100 174.94554376099964,-37.094316785110706,100 174.9455639735578,-37.09430886455282,100 174.9455843875264,-37.094301296693764,100 174.94560448102288,-37.09429404413327,100 174.94561235491537,-37.094290495423934,100 174.94562021083587,-37.09428694791035,100 174.94562806712435,-37.094283414810775,100 174.94563592416802,-37.09427986727771,100 174.9456437624333,-37.09427628940863,100 174.94565156456667,-37.094272662561366,100 174.94565933072946,-37.09426899304226,100 174.94566706122123,-37.09426529256313,100 174.9456747548437,-37.09426151427679,100 174.94567697672122,-37.094260406179956,100 174.94568445518743,-37.0942563538284,100 174.94569186231234,-37.09425223955732,100 174.94569926791553,-37.09424806582591,100 174.94570663941457,-37.094243922396245,100 174.9457140461683,-37.09423979370933,100 174.94572152541394,-37.09423577198639,100 174.9457290944359,-37.09423187316685,100 174.94573458226225,-37.094229172066804,100 174.94574245694818,-37.09422565488092,100 174.94575040571615,-37.09422230682155,100 174.94575846069228,-37.094219064271364,100 174.94576658930814,-37.094215929567476,100 174.94577475322941,-37.09421285557097,100 174.94578297049642,-37.09420984378828,100 174.94579118886432,-37.09420683108568,100 174.94579940610691,-37.09420381840097,100 174.94580160290192,-37.094203005433975,100 174.94580985258773,-37.09419989758103,100 174.9459612724002,-37.09437553221462,100 174.945985195216,-37.09437072140189,100 174.94599208113786,-37.09437090668911,100 174.94601426341114,-37.09437080211557,100 174.94602679258975,-37.0943719871187,100 174.9460473849742,-37.094377595751226,100 174.94605165769838,-37.094379161442006,100 174.94607118038354,-37.09438684796988,100 174.94607472984606,-37.09438859677756,100 174.94609209245527,-37.09439897124659,100 174.94609730110278,-37.09440237731799,100 174.94611191256988,-37.094411686565,100 174.94612909187836,-37.094422328114355,100 174.94613006647322,-37.09442308541744,100 174.94614292064344,-37.094437148950604,100 174.9461463854101,-37.09444139210255,100 174.9461594107989,-37.09445537531233,100 174.94616532512674,-37.0944610770864,100 174.9461805448339,-37.09447353444367,100 174.94618258970468,-37.09447540258462,100 174.9461947805829,-37.09448988167867,100 174.94619711275308,-37.094492688748595,100 174.94621093859845,-37.09450616310368,100 174.9462187426064,-37.094513735563226,100 174.94623158033087,-37.09452781467806,100 174.946235051747,-37.09453170171025,100 174.94624797683088,-37.09454576496835,100 174.946248298586,-37.094546115693554,100 174.9462591581508,-37.09456132955503,100 174.94626939815714,-37.094575502688485,100 174.94628254578618,-37.09458946855506,100 174.94629587100042,-37.094601140436474,100 174.94631186879894,-37.09461291714829,100 174.94631403428042,-37.094614705796026,100 174.94632593451496,-37.094629344668775,100 174.94633692232148,-37.09464292959658,100 174.94635349223768,-37.09465472755271,100 174.946365334879,-37.09466232201771,100 174.94638215127674,-37.09467425472066,100 174.94638842917564,-37.094679345750826,100 174.94640276563783,-37.09469307397243,100 174.94640365719133,-37.09469397143462,100 174.9464187205672,-37.09470581214348,100 174.946434203842,-37.094717134025565,100 174.94644994143317,-37.09472581907469,100 174.94645326976706,-37.09472705957134,100 174.9464679660472,-37.09473444674057,100 174.9464866485822,-37.094743063600504,100 174.94650465301933,-37.094750374813835,100 174.94651694112036,-37.09475532658977,100 174.946531624547,-37.094760979888655,100 174.94654957954046,-37.094767765556185,100 174.94656257065918,-37.09477306179105,100 174.94657819031005,-37.094779379279814,100 174.94658885578423,-37.094783926878655,100 174.94660514347146,-37.09478996931732,100 174.94661681053748,-37.09479500969263,100 174.9466356084948,-37.09480030970518,100 174.94666005976117,-37.09481064969932,100 174.9466673294331,-37.09481343065616,100 174.94667322090828,-37.094815818752295,100 174.9466958093704,-37.09482529435285,100 174.94671977155275,-37.094834899706875,100 174.94673660523588,-37.094841876806626,100 174.94676053555412,-37.09485094010169,100 174.9467780918204,-37.09485832262402,100 174.946788118751,-37.09486113129604,100 174.94680538165883,-37.09486918468194,100 174.94681940728404,-37.09487489561432,100 174.94683685686792,-37.09488158228488,100 174.94685992247736,-37.0948907084301,100 174.94687067884323,-37.094894805670194,100 174.9468780233491,-37.09489774040594,100 174.94688622257007,-37.09490149569412,100 174.94689309795248,-37.09490377298491,100 174.9469029725776,-37.09490731238709,100 174.94690977676083,-37.09491014874194,100 174.94693001526383,-37.094911813597186,100 174.94697812648099,-37.09490548321236,100 174.9470150628721,-37.09489501558845,100 174.94703797702437,-37.09489378391038,100 174.9470446970665,-37.09489487134314,100 174.9470663196341,-37.09489953184688,100 174.94707109470923,-37.09490107302587,100 174.94708311883795,-37.09490647881936,100 174.94709063077042,-37.09490984431007,100 174.94709506866175,-37.09491236621721,100 174.94711181703804,-37.09492431615439,100 174.94711884774895,-37.09492967237543,100 174.9471335608469,-37.09494320685203,100 174.94713969394635,-37.094951165405966,100 174.94715127047417,-37.09496659993682,100 174.94715249988627,-37.0949678172076,100 174.9471678923412,-37.09498085923433,100 174.9471751295296,-37.094988039867054,100 174.9471887546755,-37.09500232224824,100 174.9472012443837,-37.09501448723235,100 174.9472041526559,-37.0950174695819,100 174.94721793026966,-37.0950316422021,100 174.94722694058692,-37.09503961117128,100 174.94723329645214,-37.09504436018873,100 174.94724328195014,-37.095051877816985,100 174.94725844431485,-37.0950616879965,100 174.94726871056554,-37.09506619612528,100 174.94729000389327,-37.09507210126301,100 174.947290684166,-37.09507226043112,100 174.94731252643894,-37.09507609530764,100 174.9473346942213,-37.09507919659427,100 174.94735513315126,-37.095083678205505,100 174.94737669313642,-37.09508857221123,100 174.94737758103128,-37.095088710843676,100 174.9473994762689,-37.09509259260207,100 174.947421403974,-37.09509638008932,100 174.9474357488939,-37.095099265580195,100 174.94745746949616,-37.09510370899362,100 174.94747344795618,-37.09510672086198,100 174.94749328952636,-37.09511028213644,100 174.94749532511094,-37.09511055513146,100 174.94750532638366,-37.09511183197837,100 174.9475271214928,-37.095114614888594,100 174.94754535204436,-37.09511695163761,100 174.9475671342768,-37.09511989067434,100 174.9475818627133,-37.09512224259457,100 174.94760363633085,-37.09512546026323,100 174.94762146285763,-37.095127045657485,100 174.9476437079476,-37.09512855124207,100 174.94765119547404,-37.09512916006579,100 174.94767331722127,-37.09513120934377,100 174.94769416286678,-37.09513351391863,100 174.94771624047152,-37.0951358604367,100 174.94772272488672,-37.0951365326044,100 174.94773038519514,-37.09513712236104,100 174.9477449283716,-37.095139664772155,100 174.94776391552378,-37.09514180158844,100 174.947786648504,-37.09514342260565,100 174.94780295218212,-37.09514441471295,100 174.94782570819902,-37.09514561714774,100 174.94782617681446,-37.09514563919011,100 174.94784887485753,-37.095147213902564,100 174.94787164072065,-37.09514875685256,100 174.94788009527576,-37.0951492551367,100 174.94790288456696,-37.09515039482119,100 174.9479042391179,-37.09515047891466,100 174.9479270704025,-37.09515189640159,100 174.94794982572338,-37.095151797368004,100 174.94796133541337,-37.095150598794504,100 174.94798385311026,-37.0951470201917,100 174.94799961550007,-37.09514480087459,100 174.94802206566803,-37.09514122157168,100 174.948037027067,-37.09513825923411,100 174.94805910599516,-37.095133232251825,100 174.94808096534717,-37.09512775913255,100 174.94810276869953,-37.095122164354784,100 174.94812062093413,-37.09511719690766,100 174.94814267245562,-37.09511241821375,100 174.94814819349742,-37.09511149829752,100 174.94817097794714,-37.095109989132794,100 174.94817968056842,-37.09511068430536,100 174.94818567176674,-37.09511169171996,100 174.94820210225294,-37.09511354962597,100 174.94820578667878,-37.09511388744167,100 174.94822815177724,-37.09511599300259,100 174.94825051754842,-37.09511746584598,100 174.94825190813984,-37.09511759530869,100 174.9482743065584,-37.09511963992715,100 174.9482846579977,-37.09512039902297,100 174.9483071691023,-37.09512152787993,100 174.94832908953182,-37.09512195442549,100 174.9483332751134,-37.095122266875926,100 174.9483556167629,-37.09512473060832,100 174.94835957702264,-37.09512503143935,100 174.9483821030374,-37.095126083427736,100 174.9484046554089,-37.095126187727885,100 174.94842725639882,-37.095126169551115,100 174.94844628017051,-37.095127143899305,100 174.94846874145358,-37.095128304188094,100 174.94848302439692,-37.095128373152754,100 174.9485056002385,-37.09512807597599,100 174.94852633087433,-37.09512747114339,100 174.94854881672478,-37.095127701788144,100 174.9485585662906,-37.095128595130696,100 174.9485807482521,-37.0951315886972,100 174.94859919520104,-37.095134246189055,100 174.94862140725235,-37.09513705268727,100 174.94863183328854,-37.09513861537409,100 174.9486540390572,-37.09513933188915,100 174.94865465932006,-37.09513921263746,100 174.948664668477,-37.095137019308744,100 174.94868331414753,-37.095133818772425,100 174.94869670121653,-37.09513154918281,100 174.94871837565938,-37.09512817086895,100 174.9487379445604,-37.09512569780603,100 174.94875975308008,-37.09512276612052,100 174.9487774164418,-37.09511973854162,100 174.94879876581152,-37.095115265989314,100 174.948816212947,-37.09511069355151,100 174.94883717182722,-37.09510525222141,100 174.94885494898392,-37.09510130885711,100 174.9488766457436,-37.09509809958919,100 174.94888798077665,-37.09509746259408,100 174.94891020871842,-37.09509715663937,100 174.94891174936438,-37.095097082640756,100 174.94893388733448,-37.09509598773375,100 174.94894413612352,-37.09509493597518,100 174.94896590539807,-37.09509183455425,100 174.94897439803105,-37.0950906133835,100 174.94899612807615,-37.09508734225913,100 174.9490103588377,-37.0950855067015,100 174.94903213168428,-37.09508254490891,100 174.94904017168585,-37.09508122302126,100 174.9490616575103,-37.095077290751945,100 174.94908315733315,-37.095073202326255,100 174.94910457420949,-37.09506930182654,100 174.94912619293203,-37.09506577023487,100 174.94914705871392,-37.095063195566375,100 174.94916889114688,-37.09506049594427,100 174.94917757454698,-37.095059255399136,100 174.94919909718334,-37.095055399108965,100 174.94921248253615,-37.09505244901937,100 174.949233090183,-37.09504625541434,100 174.9492369755662,-37.09504451243143,100 174.949256112011,-37.09503526332288,100 174.94926374141886,-37.095032276287945,100 174.94928414902392,-37.095025126094946,100 174.94929326543013,-37.09502203529317,100 174.94931347465302,-37.09501456389471,100 174.9493151339023,-37.095013805667755,100 174.94932140901048,-37.09501197381465,100 174.9493419307712,-37.09500576628137,100 174.94935898925706,-37.09500341641526,100 174.9493807911401,-37.09500088669833,100 174.94938773279162,-37.094999336798345,100 174.9494086611187,-37.094994067114506,100 174.9494218322121,-37.09499153781989,100 174.9494432501701,-37.09498763724157,100 174.94946211602218,-37.09498297738714,100 174.94948316001367,-37.09497813840491,100 174.94949592418976,-37.094976545920225,100 174.94951788537838,-37.094973471886014,100 174.9495301910836,-37.09496975089199,100 174.94953881024432,-37.09496683859198,100 174.94955044796558,-37.09496155043138,100 174.94955098042703,-37.09496138575219,100 174.94957234533373,-37.094954976845635,100 174.94959414731437,-37.094949334950826,100 174.94959614235407,-37.094948772184,100 174.94961756099565,-37.09494244079741,100 174.94963874245025,-37.09493567888857,100 174.9496453760241,-37.09493365455685,100 174.94966617374536,-37.09492618784045,100 174.9496800145397,-37.09491848944855,100 174.94969792179575,-37.09490746602759,100 174.94971208076308,-37.09490182183521,100 174.9497318505292,-37.09489353742466,100 174.94973272028898,-37.094893056253596,100 174.94974339711072,-37.09488561628824,100 174.94974970457616,-37.09488122873742,100 174.9497555476491,-37.094876369340845,100 174.94976974517562,-37.094862221784545,100 174.9497806250535,-37.09484966728868,100 174.94979283104996,-37.09483433214631,100 174.9498044478165,-37.09482089759044,100 174.94981677842878,-37.094805683872,100 174.94982298503635,-37.09479705472641,100 174.94983324037133,-37.09478080982215,100 174.949842358481,-37.09476413658526,100 174.94984403361823,-37.09476083826848,100 174.94985205022772,-37.094743813621974,100 174.94985990737482,-37.09472671318606,100 174.94986635742606,-37.094715028282806,100 174.94987484661104,-37.09469818062497,100 174.94987567096445,-37.094696059861,100 174.94988106848388,-37.094678384303734,100 174.94988559372305,-37.09466047704335,100 174.9498899199286,-37.09464788523066,100 174.94989507448943,-37.094630168604844,100 174.94989653600456,-37.094619239015586,100 174.9498982784529,-37.09460100980414,100 174.94990060578752,-37.09459128901682,100 174.94990417577623,-37.09457333708236,100 174.94990389479793,-37.09456206843081,100 174.9499010289506,-37.09454388978473,100 174.9498991899786,-37.09453394911732,100 174.94989567065397,-37.0945159542667,100 174.94989539718907,-37.09451424001429,100 174.9498939010373,-37.09450231088061,100 174.9498931399279,-37.094496145090936,100 174.94989304125087,-37.094494490152115,100 174.9498919818138,-37.09447646655565,100 174.94988933835444,-37.09446810465296,100 174.949881770148,-37.09445100287928,100 174.94987913600892,-37.09444234610279,100 174.9498737913614,-37.094424818398636,100 174.94987182102875,-37.094420067688105,100 174.94986456746656,-37.09440303824814,100 174.94986192807227,-37.094391718260205,100 174.94985834303208,-37.094373880411155,100 174.94985481834462,-37.09436375206308,100 174.94984769961923,-37.094346627571596,100 174.9498409953199,-37.094329386306185,100 174.94983332766785,-37.09431244208679,100 174.94983146146197,-37.09430894425157,100 174.94982156337025,-37.09429281542854,100 174.94981092666276,-37.094276928581124,100 174.94980962065463,-37.09427483114121,100 174.94979951569243,-37.09425875168429,100 174.94978898363175,-37.09424286491605,100 174.94977875480387,-37.094228536888906,100 174.94976709289293,-37.094213167112784,100 174.94976284867025,-37.09420766787983,100 174.94975069152915,-37.09419255410076,100 174.94974535745328,-37.09418592816049,100 174.94973251822913,-37.09417119873004,100 174.94971926908997,-37.094157946937436,100 174.94970398056057,-37.09414488731173,100 174.94970052611941,-37.09414223937083,100 174.94968406821292,-37.0941301300029,100 174.94967293455343,-37.09412061979623,100 174.9496578145063,-37.09410741679278,100 174.949654975214,-37.09410502100725,100 174.9496388389733,-37.09409264316715,100 174.94963788597516,-37.09409207120284,100 174.94961939299716,-37.094082165590244,100 174.94960051109365,-37.09407262508255,100 174.94959414280513,-37.09406866682371,100 174.94957700997588,-37.09405722016947,100 174.94957487306823,-37.094055802441574,100 174.94955762228724,-37.094044450556645,100 174.94954001705872,-37.09403349205092,100 174.94953305625356,-37.094029374091456,100 174.9495147447155,-37.094019171659205,100 174.94950276860584,-37.09401300644049,100 174.9494836716361,-37.09400380923506,100 174.94947200675503,-37.09399824185471,100 174.94945259412142,-37.093989546443446,100 174.94945219053687,-37.09398938363881,100 174.94943237642485,-37.093981222078334,100 174.94941211892936,-37.09397393484214,100 174.9494095632821,-37.09397303592722,100 174.94938874927053,-37.09396690607605,100 174.94938392261787,-37.093965985922544,100 174.94936185210432,-37.09396390457266,100 174.94934513658933,-37.09396364768767,100 174.94932250302207,-37.093963698116035,100 174.94930185298807,-37.09396221077703,100 174.94927898480657,-37.093960701325145,100 174.94926020043968,-37.093960233297885,100 174.94923730729627,-37.09396095492933,100 174.9492340183343,-37.09396107570551,100 174.94921134808146,-37.093963558383386,100 174.94920013523682,-37.09396671789821,100 174.94918042168854,-37.09397512567186,100 174.9491774742682,-37.09397632507673,100 174.94915859151567,-37.09398532214606,100 174.94914392923422,-37.093995249343,100 174.94914083307503,-37.09399731822901,100 174.9491230437873,-37.09400762761056,100 174.9491157706882,-37.09401094856171,100 174.9490953891322,-37.09401778825317,100 174.94908722129244,-37.09402008833719,100 174.94906585780728,-37.09402469996823,100 174.94904437705617,-37.09402881871787,100 174.9490430107269,-37.09402888895061,100 174.94902106789667,-37.09402643410851,100 174.94901720125657,-37.09402574510826,100 174.94899676675777,-37.09401892577409,100 174.9489818581677,-37.09400830589449,100 174.94896875523474,-37.09399653873251,100 174.9489543400054,-37.093989936779266,100 174.94893986362524,-37.0939792791446,100 174.94893947762043,-37.09397909982603,100 174.9489191763233,-37.093972077301636,100 174.94891524974952,-37.09397115675175,100 174.9488944444003,-37.093965319588484,100 174.94889109668205,-37.09396336656243,100 174.9488772520039,-37.09394925922991,100 174.94887532412264,-37.0939466456523,100 174.94886760653878,-37.09392976257326,100 174.94886622838166,-37.09392511116481,100 174.9488633178648,-37.09390719820074,100 174.9488632755295,-37.09390695104328,100 174.94886131674505,-37.09388898998629,100 174.94886132962733,-37.093886945659484,100 174.94886200152536,-37.09386886023823,100 174.94885909260475,-37.09385100943632,100 174.94885940066814,-37.09383786994113,100 174.94886102526897,-37.09382284854918,100 174.94886175782304,-37.09381806600289,100 174.94886480849792,-37.093800124435205,100 174.94886521388952,-37.09379543919855,100 174.9488672398983,-37.093777421643914,100 174.9488673052631,-37.09377725022639,100 174.94887331501718,-37.09375975031013,100 174.94887403773188,-37.093744746448834,100 174.94887404116915,-37.09374053288351,100 174.9488728946107,-37.09372248006133,100 174.94887245247094,-37.093717825882536,100 174.94886995807482,-37.093699906076935,100 174.9488683141146,-37.09369072016526,100 174.94886428184998,-37.09367298156445,100 174.94886170198984,-37.093664417603875,100 174.94885682465124,-37.093646849719356,100 174.94885640264332,-37.093644781898334,100 174.94885433961971,-37.09362679191041,100 174.94885418031438,-37.09361183409424,100 174.94885415591642,-37.09360539210782,100 174.94885524468984,-37.09358732957488,100 174.94885865111894,-37.09357154884818,100 174.94886029643075,-37.09356594374438,100 174.94886600955834,-37.09354837209539,100 174.94886711239727,-37.09354381419047,100 174.9488711187358,-37.09352597858442,100 174.94887180782806,-37.09352336434364,100 174.94887719023507,-37.093505751264296,100 174.94887876282593,-37.093501216280174,100 174.94888590617757,-37.09348400506467,100 174.94889156762068,-37.09347262879824,100 174.94890037160428,-37.093455900408195,100 174.94890544531,-37.09344459509108,100 174.9489130435421,-37.093427485451066,100 174.94892051333912,-37.0934126527663,100 174.9489205963576,-37.093412511702226,100 174.94892794352,-37.09339574687482,100 174.94892966811864,-37.09339108501354,100 174.9489362296421,-37.09337413211531,100 174.94894592666554,-37.093358315561126,100 174.9489533824299,-37.093341749933295,100 174.94896171818723,-37.09332558623103,100 174.94896692595452,-37.093310423909756,100 174.94897083359507,-37.09329708102774,100 174.94897184005853,-37.09329464633201,100 174.94897969265156,-37.09327798044461,100 174.94898156545523,-37.09327181370327,100 174.94898526302816,-37.09325409222505,100 174.94898662354663,-37.09324883338888,100 174.9489913143443,-37.09323127854177,100 174.9489924187876,-37.0932267836992,100 174.9489968490339,-37.09320920339319,100 174.94900194711954,-37.093192571074574,100 174.94900244037692,-37.09319039357101,100 174.94900567085548,-37.09317266535104,100 174.94900623898624,-37.093170687603084,100 174.94901262135235,-37.09315350601572,100 174.9490140789527,-37.09314984085813,100 174.94902142056134,-37.09313290487193,100 174.9490221208076,-37.0931312971826,100 174.94902928439112,-37.09311413159125,100 174.94903400904948,-37.09310277342382,100 174.94904056099466,-37.093085448446296,100 174.94904080061434,-37.09308470094617,100 174.9490461653308,-37.0930671025703,100 174.94905181981065,-37.09305238264193,100 174.94905800487354,-37.09303619570993,100 174.94906481706278,-37.093018928640895,100 174.94906848379176,-37.09300997266723,100 174.94907568150845,-37.092992822734956,100 174.9490813895053,-37.09297940157875,100 174.9490887431983,-37.09296227972487,100 174.94908988322686,-37.09295965716727,100 174.94909728977316,-37.09294253444383,100 174.94910488948608,-37.09292548605445,100 174.94911193072258,-37.09290956263835,100 174.94912024893003,-37.09289776684243,100 174.94912749642629,-37.09288484401825,100 174.949137400929,-37.09286843459647,100 174.94913839072484,-37.09286666712454,100 174.94914780538969,-37.09285006567056,100 174.94915809742324,-37.09283385176309,100 174.94916236240698,-37.09282835409597,100 174.94917446316765,-37.092812958556834,100 174.9491838115512,-37.09279772273594,100 174.94919297899452,-37.09278100186729,100 174.94919835669393,-37.09277186003176,100 174.94920791206277,-37.0927553499932,100 174.9492144362037,-37.09274388021309,100 174.94922330893303,-37.09272711822249,100 174.94923119507982,-37.092710404899854,100 174.94924861223265,-37.09269985467086,100 174.94924942393712,-37.09269912840716,100 174.94926099604712,-37.09268343241113,100 174.94926134388317,-37.09268286879593,100 174.94926885145284,-37.09266565156833,100 174.94926979130622,-37.09266329637717,100 174.9492762847668,-37.09264575603978,100 174.94928370612712,-37.09262855555064,100 174.94928856604125,-37.09262015136512,100 174.9492991193702,-37.09260399443642,100 174.9492991852013,-37.09260388519967,100 174.94930889721866,-37.0925873869978,100 174.949319381598,-37.0925712618448,100 174.94932404567794,-37.09256513842629,100 174.9493366558071,-37.092549997670304,100 174.94934197457243,-37.0925437382069,100 174.9493548888303,-37.092528962876266,100 174.94936764600067,-37.09251416038499,100 174.94936948502243,-37.092511726415786,100 174.9493810262112,-37.09249618683909,100 174.94939369795364,-37.09248143171542,100 174.94940626320874,-37.09247090717263,100 174.9494226082602,-37.09245856386636,100 174.94943476727656,-37.09244838758819,100 174.94945017456646,-37.092435363906986,100 174.94945817509256,-37.09242829785005,100 174.94947416909037,-37.09241582241314,100 174.94948192676802,-37.092411221758674,100 174.94950098574944,-37.092401742259035,100 174.94952006782194,-37.092392461560706,100 174.94953888188638,-37.092382864409274,100 174.94955445062686,-37.09237377126909,100 174.94957188472674,-37.09236256998676,100 174.94957350034977,-37.09236147268952,100 174.9495903815121,-37.09234972440494,100 174.94960749462567,-37.09233820303236,100 174.94961553867532,-37.0923333191624,100 174.94963379654843,-37.09232304887031,100 174.9496512278894,-37.092313628561804,100 174.94967041933472,-37.092304534409486,100 174.9496870634146,-37.09229855012545,100 174.94970709001998,-37.09229078694936,100 174.94971665574946,-37.09228517954952,100 174.94973428535144,-37.09227414537121,100 174.94974497964955,-37.09226924494213,100 174.94976465856678,-37.092260822326345,100 174.94977819108226,-37.09225388878001,100 174.94979632155207,-37.09224343399263,100 174.94980702523972,-37.09223696877216,100 174.9498244052362,-37.09222572237761,100 174.9498399421935,-37.09221486500651,100 174.9498568946002,-37.09220317770145,100 174.94987229863224,-37.09219376276658,100 174.94989034051721,-37.092183232812864,100 174.94990433538527,-37.092174849590776,100 174.9499224658416,-37.09216439568592,100 174.94993640805524,-37.092157206628,100 174.94995504054214,-37.09214737716276,100 174.94996860632216,-37.09213853863186,100 174.94998579025605,-37.09212706290746,100 174.94999627453245,-37.09212081758782,100 174.9500147463112,-37.09211077625095,100 174.9500252994703,-37.09210576996435,100 174.95004483172644,-37.092097071218056,100 174.95006387962255,-37.09208782344192,100 174.9500641871655,-37.09208766336179,100 174.95008210315328,-37.092076964206115,100 174.95009909113926,-37.092065306925406,100 174.95011482092747,-37.092053284589944,100 174.95013068771482,-37.09204059394886,100 174.95013785714812,-37.092035432415386,100 174.9501537968171,-37.09202286404842,100 174.95016192276702,-37.09201472605583,100 174.95017369258895,-37.091999336762285,100 174.95017725878702,-37.09199361982595,100 174.95018596043406,-37.091976954313175,100 174.95019089216777,-37.09196802165813,100 174.95019910403246,-37.091951210082,100 174.95020232672178,-37.0919424948119,100 174.95020727227117,-37.09192479692881,100 174.9502107904802,-37.09190746501528,100 174.9502144159253,-37.09188962030865,100 174.950218135555,-37.09187764412401,100 174.95022448724583,-37.09185998259229,100 174.95022519366208,-37.09185800256365,100 174.95023177026965,-37.09184033733137,100 174.95023700687167,-37.09182249495953,100 174.95023782456943,-37.091818887181276,100 174.95024020870807,-37.09180067804603,100 174.95024028957306,-37.09179426497159,100 174.95023907066025,-37.091776121420274,100 174.95023904244002,-37.091763390327365,100 174.95023789320715,-37.09174524382704,100 174.9502374118458,-37.09174230995059,100 174.95022997438662,-37.09172551608103,100 174.95021755560188,-37.09171466611958,100 174.95021288396921,-37.09170877195747,100 174.95019882433857,-37.091698122034465,100 174.95018887941998,-37.09169082029076,100 174.95017041862576,-37.09168021843253,100 174.9501564885791,-37.09166922478539,100 174.95013849283228,-37.09165850621617,100 174.95013666921162,-37.09165776471526,100 174.95013433890094,-37.09165498833556,100 174.95012530185295,-37.091642372994556,100 174.95011849112515,-37.09162816991705,100 174.95011211450853,-37.09161027344051,100 174.9501112975374,-37.09160833559695,100 174.95010397439623,-37.09159068902463,100 174.95009789319252,-37.09157281742998,100 174.95009982317333,-37.091565023811555,100 174.95009717483828,-37.091546548665384,100 174.95009371595398,-37.09152827341875,100 174.95009147632794,-37.09152258259182,100 174.95008395024715,-37.091505094377325,100 174.95008034623146,-37.09149151541208,100 174.95007749071604,-37.091473121183824,100 174.95007537757462,-37.0914545885635,100 174.950074187595,-37.091448632616064,100 174.95007045091717,-37.09143031687377,100 174.95006728470312,-37.09141195930098,100 174.95006560772146,-37.0913935438829,100 174.9500656621694,-37.09138250043792,100 174.95006646058704,-37.091363963184236,100 174.9500665415037,-37.091361282331526,100 174.9500667843959,-37.091342755117346,100 174.95006645912937,-37.091324315661055,100 174.95006640676507,-37.09132306283437,100 174.9500652661934,-37.091304637690904,100 174.95006442105046,-37.091286238331335,100 174.95006440960356,-37.091285835645024,100 174.9500648644418,-37.09126741309843,100 174.9500659944037,-37.09124899386673,100 174.9500663745325,-37.091243984578064,100 174.95006778266026,-37.09122557609237,100 174.95006799172205,-37.09121200560315,100 174.950065996712,-37.091193999191866,100 174.9500660074266,-37.09118199569565,100 174.95006600517385,-37.09116399976557,100 174.95006600302904,-37.0911539964333,100 174.9500649961263,-37.09113600170753,100 174.9500640061596,-37.09113100143724,100 174.95006199428468,-37.09111299530306,100 174.9500599996492,-37.09109500330577,100 174.95005999856582,-37.09109000118912,100 174.9500610020433,-37.0910720022341,100 174.9500620055205,-37.09105400327901,100 174.95006199722548,-37.09104999269502,100 174.95006100721812,-37.091031998592285,100 174.95006099600167,-37.09101799820785,100 174.95006200060328,-37.090999999234135,100 174.9500619944328,-37.090992999051146,100 174.95006299793263,-37.090975000996785,100 174.95006200188158,-37.09097099224046,100 174.95006099500728,-37.09095299841494,100 174.95005900719707,-37.09093399956896,100 174.95005799313574,-37.09091699817687,100 174.95005699310596,-37.090897998403946,100 174.9500570071138,-37.090895999122246,100 174.9500589983465,-37.09087799833908,100 174.95006299992693,-37.090859992426104,100 174.95006300713862,-37.0908590008934,100 174.95006700871733,-37.0908409949803,100 174.95006799859624,-37.09083800355354,100 174.95007200127438,-37.09081999672087,100 174.95007400584353,-37.0908130067232,100 174.950080999801,-37.09079599978064,100 174.95008399894152,-37.090788001106894,100 174.95009099177008,-37.09077099418229,100 174.95009299746098,-37.090764004165834,100 174.9500990025554,-37.09074699996963,100 174.95010400302544,-37.09072999787863,100 174.95010999845738,-37.090712002426706,100 174.9501129975919,-37.09070400375229,100 174.9501189926043,-37.090685992083664,100 174.95012499593446,-37.09067199189981,100 174.9501320071532,-37.09065500089334,100 174.9501340056269,-37.09064900240899,100 174.9501389949085,-37.09063099376454,100 174.9501439957557,-37.09061400698741,100 174.95014899729597,-37.09060200701157,100 174.9501550034911,-37.09058500279431,100 174.95015499231584,-37.090583996242195,100 174.9501580061102,-37.09056599215463,100 174.95016300694948,-37.090549005376765,100 174.95016899913253,-37.09053400044061,100 174.95017799654417,-37.0905179943088,100 174.95018000331095,-37.0905160064079,100 174.95019099308698,-37.090499996340604,100 174.95019700144678,-37.09049299635519,100 174.95020799160866,-37.09047700160186,100 174.95020999403818,-37.09047300120117,100 174.9502189914575,-37.090456995967465,100 174.95022200569073,-37.09045200102662,100 174.95023400158416,-37.090436004146234,100 174.95023999875886,-37.09042799760672,100 174.95025100190503,-37.09041799618478,100 174.9502570034363,-37.09041200304469,100 174.95027200134535,-37.09039799638276,100 174.95027499585524,-37.09039600665111,100 174.95029200122215,-37.09038499888577,100 174.95029500651532,-37.090384000390316,100 174.95030000018272,-37.09038099897262,100 174.950317991545,-37.090372993387696,100 174.95032499593873,-37.09037000215066,100 174.95034600052597,-37.090364994234875,100 174.9503579996822,-37.09036400369285,100 174.95037900536755,-37.09036399788794,100 174.95039299190648,-37.09036399399933,100 174.95041399472487,-37.090366992220076,100 174.9504210013667,-37.09036900397642,100 174.95044200134492,-37.090375007124855,100 174.95045900109758,-37.090377999997614,100 174.95048000392194,-37.09038099820647,100 174.95049899641222,-37.09038400154837,100 174.9505200032135,-37.090388997834644,100 174.95052300169033,-37.09038900618152,100 174.9505440084713,-37.090394001562544,100 174.9505650052451,-37.09039799217111,100 174.95057499196156,-37.09039999634363,100 174.9505949930529,-37.09040499564507,100 174.95061600138283,-37.090410007210856,100 174.9506309965001,-37.09041199836782,100 174.9506519925278,-37.090416003393685,100 174.95065999371693,-37.090417005554244,100 174.95068100622328,-37.090420994981926,100 174.95069300440647,-37.090422993985875,100 174.9507140072507,-37.09042599215262,100 174.95071999700352,-37.09042700036895,100 174.95074099416394,-37.090431005360266,100 174.9507620009923,-37.09043600160278,100 174.95078199812318,-37.09043900278762,100 174.95080400669383,-37.09044199790763,100 174.95080799292148,-37.090442004413525,100 174.9508290003272,-37.09043899361448,100 174.95085100815857,-37.090437001925444,100 174.9508519959075,-37.09043700009134,100 174.9508740066194,-37.09043700740179,100 174.95089600400735,-37.090438995952844,100 174.95091299302004,-37.09044099842404,100 174.9509139976146,-37.09044099541091,100 174.95093599428122,-37.09043799805527,100 174.9509459938948,-37.09043800383422,100 174.95096700679596,-37.090437006392015,100 174.95097700203053,-37.090434998768735,100 174.95099700806816,-37.09042900223803,100 174.95100600590604,-37.09042600609371,100 174.95102499498722,-37.09041900423729,100 174.95102799307193,-37.09041899725596,100 174.95104800475963,-37.090411992986624,100 174.9510580083351,-37.0904089947066,100 174.9510790049253,-37.090404992627455,100 174.95108699813983,-37.09040199859076,100 174.95110699696113,-37.0903969935744,100 174.9511210035792,-37.0903939997055,100 174.95114200738243,-37.09038900698386,100 174.95115800197897,-37.090383995760504,100 174.95117699825522,-37.09037600324886,100 174.9511920043357,-37.09036600705816,100 174.95120900387784,-37.09035600599451,100 174.9512229949326,-37.090349993063676,100 174.951241997997,-37.09034099369421,100 174.95125599665857,-37.09033400544351,100 174.95127399358157,-37.09032499288733,100 174.95128500382935,-37.09031900287554,100 174.95130300794105,-37.09030899878273,100 174.95130400288392,-37.09030800541252,100 174.95132100239798,-37.090298004333505,100 174.95133699180246,-37.090285992887964,100 174.951344002948,-37.09028199474426,100 174.95135899382387,-37.09026899479878,100 174.95137300813937,-37.090257003241476,100 174.95137700283965,-37.09025299796752,100 174.95139100595804,-37.09023999985664,100 174.95140399328864,-37.090225998209874,100 174.9514130067612,-37.090217998742375,100 174.95142800880458,-37.0902060053403,100 174.95144199464423,-37.090192992186104,100 174.9514430064755,-37.09019199943801,100 174.95149300715823,-37.09017099567307,100 174.9515710001496,-37.09009999282198,100 174.95160000050464,-37.090059994041106,100 174.95157499651947,-37.08993899260816,100 174.95151499347145,-37.08981899272561,100 174.95141900040898,-37.08977399356955,100 174.95132499250394,-37.08973800515655,100 174.9512109976118,-37.08971299973504,100 174.95118700088418,-37.08971200671984,100 174.95115142552643,-37.089706638357065,100 174.9511081200391,-37.0897117998463,100 174.9510639905321,-37.089702991436475,100 174.9510220096197,-37.089694129623666,100 174.95097964204743,-37.089678305419376,100 174.9509526924069,-37.089665346816886,100 174.95092668107853,-37.08963141697604,100 174.9508949664518,-37.089611683400825,100 174.95085175737853,-37.089581904873995,100 174.9507997376878,-37.08955070398043,100 174.9507629552343,-37.089518919755314,100 174.9507036690264,-37.08947578459757,100 174.95066718838575,-37.08944923094329,100 174.9506094444111,-37.08939555235641,100 174.9505808475653,-37.089354716065074,100 174.95054860714336,-37.08928958337236,100 174.95052143382594,-37.08923647066435,100 174.9505102185903,-37.089194965321234,100 174.95048761044654,-37.08914517714183,100 174.95048458220015,-37.08909463509573,100 174.95048301792036,-37.08906850462051,100 174.9504828943307,-37.08903006771999,100 174.9504805054526,-37.088989983586885,100 174.95047914252783,-37.08896731884699,100 174.95049405352503,-37.088924832058,100 174.9505285243918,-37.08888156018335,100 174.95057823306652,-37.08883773565057,100 174.9506330255622,-37.08880592991196,100 174.95068347307517,-37.088774296587424,100 174.95073979070938,-37.088731947700495,100 174.95081085684686,-37.088680319801455,100 174.95081661771405,-37.0886781105862,100 174.95083019124397,-37.08867390173807,100 174.95085161038523,-37.08866766206848,100 174.95087277550866,-37.08866099305678,100 174.95089050500178,-37.08865420032211,100 174.9509108270252,-37.08864589041748,100 174.95091924156694,-37.08864248658527,100 174.9509396517757,-37.08863428157624,100 174.95096024976883,-37.088626555661236,100 174.95096373368239,-37.08862531583992,100 174.9509848043461,-37.08861838608882,100 174.95100607606685,-37.08861183877543,100 174.95101562147747,-37.088609189628514,100 174.95103690888283,-37.088602596085956,100 174.95104686434095,-37.08859913443877,100 174.95106743713544,-37.088591128620195,100 174.95108289614242,-37.08858432996254,100 174.95110265373685,-37.0885750694455,100 174.95112257438478,-37.088566069417034,100 174.95112454490064,-37.088565259176214,100 174.95114513574694,-37.08855729991406,100 174.95116591075157,-37.08854967830337,100 174.95116616892844,-37.08854961186543,100 174.95118699571174,-37.08854203536444,100 174.95120784247047,-37.088534536041635,100 174.9512286339377,-37.08852689882726,100 174.95124922591728,-37.08851898459286,100 174.95126572588606,-37.08851219942183,100 174.95128602625437,-37.088503750110775,100 174.95129065490275,-37.088501963284635,100 174.95131126569333,-37.08849408117625,100 174.95133182077618,-37.088486044960135,100 174.9513373202477,-37.08848377783374,100 174.95135749637615,-37.08847522240131,100 174.9513773076005,-37.08846603756557,100 174.95138172226476,-37.08846402262776,100 174.9514011913054,-37.08845434861475,100 174.95141946394668,-37.08844342708463,100 174.95142220056712,-37.08844151908032,100 174.95143842447828,-37.088428621404006,100 174.95145402442228,-37.08841508236713,100 174.9514566536851,-37.08841306797499,100 174.95147328312993,-37.08840041057074,100 174.95148899480796,-37.08838714908861,100 174.95150039873394,-37.08837542130289,100 174.95151331607292,-37.088360150885116,100 174.95152544064788,-37.08834568484495,100 174.9515368992015,-37.08832972732428,100 174.9515432711844,-37.088319019705935,100 174.95155169694524,-37.088301800738364,100 174.9515591055815,-37.08828418302133,100 174.95155931624097,-37.08828366762322,100 174.9515664317604,-37.08826607005284,100 174.95157331847022,-37.08824836809442,100 174.9515756420841,-37.08824285903911,100 174.9515832278641,-37.08822539342554,100 174.95159056985327,-37.08820785341294,100 174.95159334143145,-37.088199764713586,100 174.95159928620052,-37.08818183220903,100 174.95160615840788,-37.08816422331983,100 174.95160752714426,-37.08816175109289,100 174.95161772042653,-37.0881451519488,100 174.9516273189519,-37.08812839225203,100 174.95163371125378,-37.08811097782778,100 174.95163874818522,-37.08809282863609,100 174.95163914512366,-37.08809150532313,100 174.95164458369942,-37.088073488317065,100 174.95164948193772,-37.08805532698754,100 174.95165370233687,-37.08803709930629,100 174.95165610747756,-37.0880233655768,100 174.95165937035728,-37.08800500134136,100 174.95165977349473,-37.088003305695274,100 174.9516646372577,-37.087985160254455,100 174.95167002482367,-37.087967128765015,100 174.9516705912804,-37.087965089744216,100 174.95167561213552,-37.08794697236044,100 174.95168066751037,-37.08792888505186,100 174.95168084205167,-37.08792827741571,100 174.95168614152652,-37.087910232955146,100 174.95169123134156,-37.08789212885595,100 174.95169544102677,-37.08787844022406,100 174.9516992085025,-37.08786014338815,100 174.95169937820086,-37.08785693472122,100 174.9516991497714,-37.0878382926836,100 174.95170002960393,-37.087829479848025,100 174.95170223105617,-37.08781096364368,100 174.95170237151504,-37.08780358881435,100 174.95170196990674,-37.08778494962765,100 174.9517021681789,-37.08776667099346,100 174.95170190491248,-37.08774803043039,100 174.95170135281185,-37.08774128708719,100 174.95169975665374,-37.08772270001246,100 174.95169973269907,-37.08772246787511,100 174.9516996008822,-37.08771158341521,100 174.95170975429906,-37.08770593283685,100 174.9517493079691,-37.08768384817955,100 174.9517092913731,-37.087485432795575,100 174.9527832836139,-37.08773974571255,100 174.95562581114567,-37.087414947148005,100 174.95595506782908,-37.08737699777424,100 174.95701058669505,-37.08726029715676,100 174.95861754346046,-37.087153346373405,100 174.95879854983497,-37.08626273175497,100 174.95973987976888,-37.08622367641311,100 174.9595636401519,-37.0870911920326,100 174.9603215280238,-37.08704143019845,100 174.96042691007767,-37.086686041564334,100 174.96160103445334,-37.086610319295986,100 174.96164181561937,-37.08640858778641,100 174.96188246873862,-37.0864338792384,100 174.9617314826772,-37.086972084071405,100 174.9616808369262,-37.08715276079205,100 174.9614427017716,-37.08714986477421,100 174.9606545712469,-37.089869810071725,100 174.96029900331553,-37.09109799998353,100 174.96029399804547,-37.091115993967776,100 174.96005900487592,-37.09192400064611,100 174.95914499907386,-37.09514000458985,100 174.95976300251104,-37.095183002782754,100 174.9597960007767,-37.095186000187084,100 174.95988300575277,-37.09519200183553,100 174.9599059995702,-37.095192995225794,100 174.9627379995689,-37.09539200315378,100 174.9644210078293,-37.09550999482551,100 174.9661260037682,-37.09562999613403,100 174.96743500508998,-37.095718000723494,100 174.96980199145406,-37.095888004700456,100 174.97093599966317,-37.09596700294494,100 174.97202700399617,-37.09604400006959,100 174.97233400614772,-37.09606499801627,100 174.97339800645176,-37.09613700606335,100 174.97362399366804,-37.096153000702586,100 174.97491500656912,-37.09624100015292,100 174.9761529918356,-37.09632499628945,100 174.9764120044015,-37.09634300097453,100 174.97671899313372,-37.0963640039674,100 174.9786019999987,-37.09648800280396,100 174.97902800538805,-37.09651599983082,100 174.9801719932667,-37.09659099523845,100 174.98159199555877,-37.096684994663335,100 174.98171499683357,-37.09722100077153,100 174.9817340021769,-37.09730600541127,100 174.98218699515292,-37.099252003903,100 174.9823239949464,-37.099837996077696,100 174.98308999683843,-37.099545995830795,100 174.98325999233072,-37.09948100397239,100 174.9835209982963,-37.09938100464695,100 174.98392999638938,-37.09922499371241,100 174.98469599322686,-37.0990859997824,100 174.9847579947083,-37.09907500071107,100 174.98461999318195,-37.09969000455702,100 174.9848450066813,-37.09974499406351,100 174.9850849947843,-37.09995199625742,100 174.98526400877114,-37.09997299295581,100 174.98578199663743,-37.099860005950696,100 174.98595200590688,-37.099843004928346,100 174.98678100300302,-37.09976199194894,100 174.98703599121558,-37.099780001001434,100 174.98725999183822,-37.099879003301794,100 174.98788600720985,-37.100311992261055,100 174.98819899318988,-37.10035599507096,100 174.98857799511077,-37.1004100014195,100 174.9886699958018,-37.10038299412085,100 174.98912199877208,-37.099968992818106,100 174.98920799446947,-37.09959799486798,100 174.98939400198338,-37.0995300064022,100 174.98926899252425,-37.09931200135329,100 174.9885719996028,-37.09825999900923,100 174.9893230033704,-37.09807000089913,100 174.99009800097178,-37.09787300689495,100 174.99070499751213,-37.097461006569375,100 174.99147600743777,-37.098485000953104,100 174.9925730043523,-37.099940999865545,100 174.99319800307606,-37.10077199342897,100 174.9937659973961,-37.10152699479356,100 174.9934759967795,-37.10170699961842,100 174.99329600093398,-37.10181800241146,100 174.98889300613482,-37.10454800115222,100 174.99016200394436,-37.10593599628181,100 174.99177000894824,-37.10769400226612,100 174.9918209981569,-37.10774999976307,100 174.9936940042323,-37.10979699811446,100 174.9933909958597,-37.110398005175405,100 174.9962509994275,-37.110268005344835,100</coordinates></LinearRing></outerBoundaryIs>
    </Polygon>
  </Placemark>

  <Placemark>
    <name>Drury</name>
    <Point>
      <altitudeMode>relativeToGround</altitudeMode>
      <coordinates>174.9696190779043,-37.112055681258845,100</coordinates>
    </Point>
  </Placemark>

</Document>
</kml>