<?xml version="1.0" encoding="UTF-8"?>
<kml xmlns="http://www.opengis.net/kml/2.2">
<Document>
  <name>Joined Boundary</name>
  <Placemark>
    <name>Joined Boundary</name>
    <Style>
      <LineStyle><color>ff0000ff</color><width>2</width></LineStyle>
      <PolyStyle><color>660000ff</color><fill>1</fill><outline>1</outline></PolyStyle>
    </Style>
    <Polygon>
      <tessellate>1</tessellate>
      <outerBoundaryIs><LinearRing><coordinates>174.898365,-36.927335,100 174.899155,-36.927478,100 174.899143,-36.92752,100 174.899042,-36.927881,100 174.898939,-36.928251,100 174.89892,-36.928317,100 174.899155,-36.928436,100 174.899441,-36.928487,100 174.899851,-36.928562,100 174.900214,-36.928627,100 174.900184,-36.928734,100 174.900466,-36.928876,100 174.90063,-36.928906,100 174.90096,-36.928966,100 174.900979,-36.9289,100 174.90127,-36.927862,100 174.901374,-36.927889,100 174.901582,-36.927947,100 174.901686,-36.927977,100 174.901789,-36.928007,100 174.901827,-36.928077,100 174.902052,-36.928146,100 174.902139,-36.928116,100 174.902289,-36.928167,100 174.902438,-36.928219,100 174.90316,-36.928492,100 174.903158,-36.929071,100 174.903179,-36.929157,100 174.903196,-36.929225,100 174.903311,-36.929346,100 174.903369,-36.929455,100 174.903389,-36.92949,100 174.90345,-36.929714,100 174.90365,-36.92981,100 174.903781,-36.929873,100 174.903868,-36.929915,100 174.903879,-36.930004,100 174.90389,-36.930088,100 174.903874,-36.930256,100 174.903856,-36.930386,100 174.90383,-36.93057,100 174.903803,-36.930769,100 174.903902,-36.931014,100 174.903812,-36.931249,100 174.903698,-36.931336,100 174.9036,-36.93141,100 174.9035,-36.931514,100 174.903377,-36.931641,100 174.903059,-36.931972,100 174.903203,-36.932241,100 174.903256,-36.932339,100 174.903299,-36.932395,100 174.903353,-36.932464,100 174.903489,-36.93264,100 174.903451,-36.932749,100 174.903398,-36.932905,100 174.903347,-36.933056,100 174.903301,-36.933191,100 174.903298,-36.933232,100 174.903288,-36.933389,100 174.903286,-36.933426,100 174.903271,-36.933654,100 174.903501,-36.933695,100 174.903568,-36.933708,100 174.903507,-36.933927,100 174.903456,-36.934109,100 174.903386,-36.934357,100 174.903424,-36.934382,100 174.903534,-36.934453,100 174.90358,-36.934483,100 174.903833,-36.934647,100 174.904157,-36.934856,100 174.904331,-36.934997,100 174.904481,-36.935118,100 174.90463,-36.935238,100 174.904706,-36.935281,100 174.905001,-36.935446,100 174.905023,-36.935419,100 174.904984,-36.935398,100 174.90497,-36.935335,100 174.905038,-36.935257,100 174.90507,-36.93522,100 174.905154,-36.935124,100 174.905289,-36.934968,100 174.90538,-36.934985,100 174.905533,-36.934799,100 174.905555,-36.934719,100 174.905589,-36.934598,100 174.905651,-36.934609,100 174.905674,-36.934582,100 174.905783,-36.934458,100 174.905889,-36.934336,100 174.905914,-36.934307,100 174.906046,-36.934156,100 174.90601,-36.934149,100 174.906173,-36.933962,100 174.906288,-36.933829,100 174.906342,-36.933768,100 174.906407,-36.933692,100 174.906476,-36.933612,100 174.906526,-36.933556,100 174.906664,-36.933397,100 174.906734,-36.933442,100 174.906885,-36.933282,100 174.906794,-36.933224,100 174.907031,-36.93295,100 174.907141,-36.932825,100 174.906878,-36.93264,100 174.906757,-36.932556,100 174.906794,-36.932518,100 174.906939,-36.93237,100 174.907073,-36.932465,100 174.907318,-36.93264,100 174.907421,-36.932713,100 174.907447,-36.932685,100 174.907976,-36.932178,100 174.907856,-36.932087,100 174.907987,-36.931975,100 174.908064,-36.93191,100 174.90812,-36.931863,100 174.908252,-36.931751,100 174.908502,-36.931945,100 174.908676,-36.9318,100 174.908794,-36.931703,100 174.908911,-36.931606,100 174.908949,-36.931574,100 174.909483,-36.931257,100 174.909722,-36.931115,100 174.909765,-36.93109,100 174.909872,-36.931129,100 174.909904,-36.931141,100 174.91002,-36.930939,100 174.910229,-36.930574,100 174.910583,-36.930705,100 174.910659,-36.930733,100 174.910691,-36.930679,100 174.910785,-36.930514,100 174.911382,-36.930735,100 174.911301,-36.930877,100 174.911076,-36.93125,100 174.910998,-36.931396,100 174.911381,-36.931521,100 174.911651,-36.931007,100 174.911693,-36.930934,100 174.911944,-36.931003,100 174.912418,-36.931133,100 174.913619,-36.931165,100 174.914245,-36.931182,100 174.915235,-36.931567,100 174.915331,-36.931604,100 174.91529,-36.931834,100 174.915187,-36.932879,100 174.915147,-36.933021,100 174.915439,-36.933075,100 174.915388,-36.933513,100 174.914875,-36.935309,100 174.914762,-36.935705,100 174.914725,-36.935855,100 174.915067,-36.935917,100 174.915022,-36.936084,100 174.914976,-36.936251,100 174.914948,-36.936247,100 174.914894,-36.936445,100 174.914968,-36.936469,100 174.914911,-36.936675,100 174.914676,-36.936632,100 174.914626,-36.936589,100 174.914509,-36.936928,100 174.914679,-36.936918,100 174.914802,-36.936941,100 174.914831,-36.936946,100 174.914769,-36.937165,100 174.914729,-36.937309,100 174.914681,-36.937317,100 174.914666,-36.93732,100 174.914544,-36.937298,100 174.914488,-36.937475,100 174.914616,-36.937498,100 174.914566,-36.937678,100 174.914515,-36.937859,100 174.914467,-36.93785,100 174.914407,-36.938061,100 174.914117,-36.938008,100 174.914104,-36.938052,100 174.914326,-36.938093,100 174.914427,-36.938111,100 174.914526,-36.938129,100 174.914466,-36.938345,100 174.914403,-36.938568,100 174.914392,-36.938608,100 174.914354,-36.938744,100 174.914345,-36.938775,100 174.914299,-36.938942,100 174.914255,-36.939096,100 174.914252,-36.939109,100 174.914204,-36.93928,100 174.913892,-36.939224,100 174.913872,-36.939294,100 174.914058,-36.939328,100 174.914007,-36.939513,100 174.914133,-36.939535,100 174.914083,-36.939711,100 174.913985,-36.940063,100 174.913974,-36.940061,100 174.913912,-36.940281,100 174.913743,-36.94025,100 174.913709,-36.940244,100 174.913658,-36.94043,100 174.913801,-36.940455,100 174.913756,-36.940614,100 174.913753,-36.940626,100 174.913705,-36.940797,100 174.913696,-36.940828,100 174.913655,-36.940974,100 174.913637,-36.941042,100 174.913609,-36.941141,100 174.913577,-36.941256,100 174.913562,-36.941308,100 174.913532,-36.941414,100 174.913488,-36.941572,100 174.913469,-36.941642,100 174.913428,-36.941786,100 174.913422,-36.941809,100 174.913371,-36.941992,100 174.913369,-36.942,100 174.91332,-36.942174,100 174.913311,-36.942214,100 174.913281,-36.942355,100 174.913271,-36.942405,100 174.913237,-36.94256,100 174.913096,-36.942541,100 174.913001,-36.942528,100 174.9129,-36.942514,100 174.912893,-36.942565,100 174.912865,-36.942665,100 174.912849,-36.942721,100 174.912713,-36.943121,100 174.912758,-36.943096,100 174.912812,-36.943092,100 174.912974,-36.943112,100 174.913032,-36.943117,100 174.913548,-36.943154,100 174.913847,-36.943154,100 174.913915,-36.943208,100 174.913915,-36.943334,100 174.913916,-36.943742,100 174.913916,-36.943785,100 174.913568,-36.943785,100 174.913428,-36.943824,100 174.913156,-36.943899,100 174.91291,-36.943967,100 174.912873,-36.944026,100 174.912764,-36.944203,100 174.912619,-36.944434,100 174.912484,-36.944651,100 174.912476,-36.944687,100 174.912418,-36.944891,100 174.912363,-36.945088,100 174.912315,-36.945256,100 174.912336,-36.945256,100 174.912322,-36.945309,100 174.912274,-36.945487,100 174.912335,-36.945497,100 174.912293,-36.945656,100 174.912278,-36.945709,100 174.91225,-36.945814,100 174.912226,-36.945902,100 174.912174,-36.946096,100 174.912165,-36.946131,100 174.912122,-36.94629,100 174.912181,-36.9463,100 174.912123,-36.946516,100 174.912118,-36.946532,100 174.911943,-36.946501,100 174.911936,-36.9465,100 174.911747,-36.946467,100 174.9117,-36.946641,100 174.911572,-36.947116,100 174.911768,-36.94715,100 174.911944,-36.947181,100 174.911943,-36.947183,100 174.91191,-36.947304,100 174.911901,-36.947339,100 174.911879,-36.947419,100 174.911799,-36.947488,100 174.911778,-36.947567,100 174.911735,-36.947725,100 174.911695,-36.947875,100 174.911693,-36.947884,100 174.911643,-36.948069,100 174.91159,-36.948263,100 174.911565,-36.94836,100 174.911539,-36.948457,100 174.911522,-36.948518,100 174.911486,-36.94865,100 174.911484,-36.94866,100 174.911444,-36.948809,100 174.911352,-36.948817,100 174.911163,-36.948785,100 174.910915,-36.94857,100 174.910831,-36.948556,100 174.910699,-36.948533,100 174.9106,-36.948516,100 174.910485,-36.948496,100 174.910343,-36.948471,100 174.910271,-36.948459,100 174.910156,-36.948439,100 174.910051,-36.94842,100 174.90998,-36.948408,100 174.909831,-36.948382,100 174.909627,-36.948352,100 174.909576,-36.948345,100 174.90945,-36.94833,100 174.909204,-36.948302,100 174.908938,-36.948382,100 174.908592,-36.948329,100 174.908584,-36.948356,100 174.90841,-36.948324,100 174.908235,-36.948293,100 174.908141,-36.948276,100 174.90806,-36.948262,100 174.907883,-36.94823,100 174.907795,-36.948232,100 174.907598,-36.948197,100 174.907532,-36.948185,100 174.907401,-36.948162,100 174.907269,-36.948138,100 174.907205,-36.948127,100 174.907007,-36.948092,100 174.906454,-36.948341,100 174.906195,-36.949273,100 174.906063,-36.94975,100 174.905897,-36.950346,100 174.905507,-36.951753,100 174.905239,-36.952721,100 174.905181,-36.952929,100 174.905104,-36.953208,100 174.905073,-36.953202,100 174.904861,-36.953967,100 174.904635,-36.954358,100 174.904671,-36.954521,100 174.904566,-36.954975,100 174.904495,-36.955285,100 174.904446,-36.955463,100 174.904382,-36.955747,100 174.904311,-36.956066,100 174.904299,-36.956111,100 174.904144,-36.956611,100 174.903611,-36.956517,100 174.903373,-36.956378,100 174.903046,-36.956186,100 174.902472,-36.956073,100 174.90166,-36.955914,100 174.901726,-36.9557,100 174.900912,-36.955228,100 174.900198,-36.954814,100 174.900123,-36.954831,100 174.900056,-36.954847,100 174.899058,-36.955078,100 174.898889,-36.955684,100 174.899496,-36.955791,100 174.899474,-36.955865,100 174.899446,-36.955968,100 174.899378,-36.956204,100 174.899219,-36.956758,100 174.898938,-36.956792,100 174.89856,-36.957103,100 174.899017,-36.957461,100 174.899313,-36.957382,100 174.899777,-36.957418,100 174.899872,-36.957425,100 174.900228,-36.957646,100 174.900392,-36.95808,100 174.900343,-36.958188,100 174.900128,-36.95867,100 174.900056,-36.958829,100 174.900096,-36.959085,100 174.900162,-36.959509,100 174.900205,-36.959786,100 174.900328,-36.959904,100 174.900515,-36.959896,100 174.901349,-36.95992,100 174.901605,-36.959927,100 174.902196,-36.959935,100 174.90242,-36.959939,100 174.902601,-36.960139,100 174.902856,-36.960236,100 174.902863,-36.960238,100 174.902517,-36.961409,100 174.901714,-36.961381,100 174.901445,-36.962228,100 174.901388,-36.962331,100 174.901041,-36.963422,100 174.901135,-36.963435,100 174.901232,-36.963447,100 174.901245,-36.963449,100 174.901525,-36.963499,100 174.901729,-36.963508,100 174.901576,-36.96383,100 174.902338,-36.964018,100 174.902184,-36.964088,100 174.902048,-36.964548,100 174.901603,-36.965648,100 174.901495,-36.966022,100 174.901323,-36.966622,100 174.901258,-36.966849,100 174.901189,-36.967087,100 174.901037,-36.967619,100 174.900882,-36.968158,100 174.900816,-36.968388,100 174.900748,-36.968624,100 174.90044,-36.969695,100 174.900374,-36.969925,100 174.900306,-36.970161,100 174.900134,-36.970761,100 174.900084,-36.970936,100 174.89968,-36.970863,100 174.899553,-36.970839,100 174.899543,-36.970434,100 174.899542,-36.970366,100 174.899542,-36.970299,100 174.899544,-36.970164,100 174.89955,-36.970029,100 174.89956,-36.969895,100 174.899566,-36.969827,100 174.899582,-36.969693,100 174.899591,-36.969626,100 174.899601,-36.969559,100 174.899623,-36.969426,100 174.899636,-36.969359,100 174.899664,-36.969226,100 174.899696,-36.969094,100 174.899713,-36.969028,100 174.899731,-36.968962,100 174.89975,-36.968896,100 174.89977,-36.968831,100 174.899791,-36.968766,100 174.899813,-36.9687,100 174.899836,-36.968636,100 174.899859,-36.968571,100 174.899884,-36.968506,100 174.899909,-36.968442,100 174.899935,-36.968378,100 174.899962,-36.968314,100 174.89999,-36.968251,100 174.900019,-36.968187,100 174.900079,-36.968061,100 174.900143,-36.967937,100 174.900176,-36.967875,100 174.90021,-36.967813,100 174.900245,-36.967752,100 174.900263,-36.96772,100 174.896546,-36.967034,100 174.89601,-36.968916,100 174.895459,-36.968888,100 174.894482,-36.968612,100 174.893827,-36.968453,100 174.893287,-36.968358,100 174.893481,-36.9677,100 174.894091,-36.965554,100 174.894381,-36.964518,100 174.89492,-36.962618,100 174.894935,-36.962567,100 174.8956,-36.962684,100 174.895669,-36.962343,100 174.895756,-36.962282,100 174.89583,-36.962071,100 174.895915,-36.961759,100 174.895919,-36.961745,100 174.895867,-36.961736,100 174.895525,-36.961675,100 174.89514,-36.961607,100 174.894331,-36.961463,100 174.893549,-36.961325,100 174.89355,-36.96132,100 174.893726,-36.960681,100 174.893751,-36.960587,100 174.894071,-36.959423,100 174.894131,-36.959204,100 174.894138,-36.959181,100 174.894332,-36.958496,100 174.894473,-36.957965,100 174.89458,-36.957576,100 174.894671,-36.957244,100 174.894678,-36.957222,100 174.894746,-36.956975,100 174.894825,-36.956684,100 174.895003,-36.956038,100 174.895027,-36.955949,100 174.895102,-36.955677,100 174.895178,-36.955407,100 174.895268,-36.955083,100 174.895179,-36.955069,100 174.894603,-36.954978,100 174.893803,-36.954852,100 174.89363,-36.954825,100 174.89359,-36.954819,100 174.893506,-36.954805,100 174.893471,-36.9548,100 174.893186,-36.954755,100 174.892905,-36.954711,100 174.892422,-36.954635,100 174.891965,-36.954563,100 174.891433,-36.954479,100 174.890862,-36.954389,100 174.890937,-36.954121,100 174.891061,-36.953776,100 174.891275,-36.953015,100 174.891283,-36.952987,100 174.891792,-36.953079,100 174.891795,-36.953066,100 174.89185,-36.953076,100 174.891859,-36.953043,100 174.892016,-36.953072,100 174.892151,-36.952586,100 174.891998,-36.952388,100 174.89184,-36.952357,100 174.891477,-36.952298,100 174.891512,-36.952175,100 174.89158,-36.951934,100 174.891550423,-36.951928454,100 174.891532,-36.951925,100 174.891602,-36.951679,100 174.891646,-36.951524,100 174.891396,-36.951246,100 174.891024,-36.951255,100 174.891023,-36.951071,100 174.891018,-36.950622,100 174.890849,-36.95061,100 174.890658,-36.950596,100 174.890303,-36.950571,100 174.889953,-36.950245,100 174.889818,-36.950119,100 174.889581,-36.950054,100 174.889145,-36.949935,100 174.888904,-36.950248,100 174.88875,-36.950447,100 174.888687,-36.950529,100 174.888607,-36.950489,100 174.888572,-36.950503,100 174.888537,-36.950523,100 174.888474,-36.950538,100 174.888419,-36.950547,100 174.888359,-36.950555,100 174.888272,-36.950579,100 174.888233,-36.95058,100 174.888193,-36.95056,100 174.88816,-36.950544,100 174.888125,-36.950521,100 174.888091,-36.950502,100 174.888074,-36.950493,100 174.888037,-36.950485,100 174.887994,-36.950463,100 174.887967,-36.950434,100 174.887942,-36.950427,100 174.887921,-36.950449,100 174.887912,-36.950472,100 174.887868,-36.950508,100 174.887848,-36.950513,100 174.88781,-36.950521,100 174.887787,-36.950523,100 174.887753,-36.950529,100 174.887704,-36.950529,100 174.887653,-36.950515,100 174.887605,-36.950497,100 174.887553,-36.950479,100 174.887504,-36.950453,100 174.887465,-36.950436,100 174.887411,-36.950408,100 174.887363,-36.95038,100 174.887304,-36.950346,100 174.887263,-36.950313,100 174.887228,-36.95028,100 174.887196,-36.950236,100 174.887179,-36.950206,100 174.887174,-36.950171,100 174.887157,-36.950133,100 174.887133,-36.950088,100 174.887103,-36.950058,100 174.887068,-36.950062,100 174.887036,-36.950061,100 174.886989,-36.95009,100 174.886976,-36.950117,100 174.886956,-36.950144,100 174.886948,-36.950158,100 174.886918,-36.950154,100 174.886878,-36.950148,100 174.886858,-36.950148,100 174.886829,-36.950159,100 174.886801,-36.950178,100 174.886744,-36.950213,100 174.8867,-36.950217,100 174.886668,-36.950201,100 174.886628,-36.950184,100 174.886585,-36.95018,100 174.886545,-36.950181,100 174.886511,-36.950187,100 174.886474,-36.950197,100 174.886428,-36.950205,100 174.886386,-36.950197,100 174.886332,-36.950153,100 174.886286,-36.950119,100 174.88626,-36.950097,100 174.886239,-36.950082,100 174.886214,-36.950063,100 174.886137,-36.950049,100 174.886092,-36.950049,100 174.886029,-36.950036,100 174.885988,-36.950028,100 174.885975,-36.950024,100 174.885941,-36.950012,100 174.885893,-36.949991,100 174.885847,-36.94996,100 174.885796,-36.949932,100 174.885756,-36.949911,100 174.885688,-36.949878,100 174.885649,-36.949833,100 174.885613,-36.949796,100 174.885575,-36.94977,100 174.885552,-36.949753,100 174.885505,-36.949721,100 174.885449,-36.949694,100 174.885378,-36.949654,100 174.885356,-36.949624,100 174.885345,-36.949584,100 174.885361,-36.94954,100 174.885366,-36.9495,100 174.885358,-36.94947,100 174.88533,-36.949438,100 174.885305,-36.9494,100 174.8853,-36.949367,100 174.885299,-36.94932,100 174.885289,-36.949299,100 174.885274,-36.949285,100 174.885258,-36.949284,100 174.885218,-36.949292,100 174.885163,-36.949294,100 174.885125,-36.949295,100 174.885071,-36.949286,100 174.885028,-36.949278,100 174.88498,-36.949276,100 174.884936,-36.949276,100 174.884896,-36.949285,100 174.884837,-36.949278,100 174.884779,-36.949273,100 174.884738,-36.949262,100 174.884477,-36.949324,100 174.884345,-36.949244,100 174.88412,-36.949203,100 174.883783,-36.949209,100 174.883135,-36.949108,100 174.882689,-36.949251,100 174.881899,-36.949108,100 174.881647,-36.949112,100 174.881287,-36.9493,100 174.880952,-36.949396,100 174.880644,-36.949401,100 174.880531,-36.949381,100 174.880361,-36.949316,100 174.8803,-36.949082,100 174.880273,-36.949059,100 174.880254,-36.949038,100 174.880217,-36.948994,100 174.88017,-36.948947,100 174.880152,-36.948923,100 174.880145,-36.948909,100 174.880139,-36.948882,100 174.880134,-36.948838,100 174.880124,-36.948792,100 174.880116,-36.948728,100 174.880118,-36.948701,100 174.880124,-36.948667,100 174.88013,-36.948627,100 174.880132,-36.9486,100 174.880135,-36.948574,100 174.880164,-36.94854,100 174.880202,-36.948506,100 174.88022,-36.948483,100 174.880233,-36.948453,100 174.88026,-36.948406,100 174.880273,-36.948389,100 174.880304,-36.948359,100 174.880331,-36.948334,100 174.88035,-36.948315,100 174.880362,-36.9483,100 174.880385,-36.948278,100 174.880407,-36.948262,100 174.880432,-36.948249,100 174.880457,-36.948238,100 174.880512,-36.948216,100 174.880548,-36.948205,100 174.880625,-36.948188,100 174.88067,-36.948177,100 174.880706,-36.948172,100 174.880752,-36.948156,100 174.880766,-36.948138,100 174.880777,-36.948106,100 174.88077,-36.948096,100 174.880753,-36.948102,100 174.880746,-36.948107,100 174.88073,-36.948123,100 174.880703,-36.94813,100 174.880684,-36.948132,100 174.880656,-36.948125,100 174.880637,-36.948122,100 174.880568,-36.948116,100 174.880518,-36.948103,100 174.880464,-36.948086,100 174.880426,-36.948068,100 174.880383,-36.948041,100 174.880353,-36.948024,100 174.880315,-36.947999,100 174.880284,-36.947971,100 174.880263,-36.947948,100 174.880252,-36.94792,100 174.88025,-36.947898,100 174.880245,-36.947868,100 174.880245,-36.947845,100 174.880236,-36.947803,100 174.880234,-36.947773,100 174.880237,-36.947751,100 174.88024,-36.94772,100 174.880244,-36.947695,100 174.880254,-36.947668,100 174.880257,-36.94763,100 174.880252,-36.947609,100 174.880248,-36.947584,100 174.880234,-36.947564,100 174.880225,-36.947548,100 174.880206,-36.947518,100 174.880184,-36.94749,100 174.880157,-36.947457,100 174.880142,-36.947431,100 174.880096,-36.947395,100 174.880075,-36.94737,100 174.880046,-36.947337,100 174.880025,-36.947308,100 174.880009,-36.94727,100 174.879999,-36.947253,100 174.879992,-36.947239,100 174.879992,-36.947217,100 174.879988,-36.947197,100 174.879988,-36.947142,100 174.879983,-36.947117,100 174.879981,-36.947093,100 174.879977,-36.947073,100 174.879979,-36.947054,100 174.879963,-36.94705,100 174.879942,-36.947055,100 174.879903,-36.947068,100 174.87986,-36.947072,100 174.879813,-36.947079,100 174.879777,-36.947075,100 174.879726,-36.947066,100 174.879675,-36.94706,100 174.879642,-36.947052,100 174.879586,-36.947044,100 174.879552,-36.947031,100 174.879498,-36.947023,100 174.879464,-36.947021,100 174.879424,-36.94702,100 174.87939,-36.947018,100 174.879349,-36.947008,100 174.879318,-36.946992,100 174.87929,-36.94698,100 174.879258,-36.946969,100 174.879209,-36.946954,100 174.879161,-36.946942,100 174.879117,-36.946935,100 174.879048,-36.946922,100 174.878993,-36.946914,100 174.878961,-36.946909,100 174.878899,-36.946894,100 174.878878,-36.94689,100 174.878818,-36.946874,100 174.87879,-36.946866,100 174.878761,-36.946854,100 174.87874,-36.94684,100 174.878716,-36.946828,100 174.878682,-36.946812,100 174.878659,-36.946797,100 174.878655,-36.946782,100 174.878657,-36.946776,100 174.878645,-36.94676,100 174.878628,-36.946741,100 174.878608,-36.946724,100 174.878566,-36.946714,100 174.878541,-36.94671,100 174.878519,-36.946704,100 174.878488,-36.946699,100 174.878439,-36.946684,100 174.878397,-36.946674,100 174.878359,-36.946669,100 174.878275,-36.946641,100 174.878259,-36.946638,100 174.878219,-36.946627,100 174.878188,-36.946611,100 174.878155,-36.946598,100 174.878128,-36.946577,100 174.878097,-36.946536,100 174.878078,-36.946517,100 174.878058,-36.946495,100 174.877997,-36.946407,100 174.87797,-36.946375,100 174.877941,-36.946335,100 174.877908,-36.946298,100 174.877882,-36.94627,100 174.877851,-36.946225,100 174.877825,-36.946185,100 174.877785,-36.946157,100 174.877751,-36.946128,100 174.877703,-36.946104,100 174.877674,-36.946088,100 174.877635,-36.946054,100 174.877588,-36.946005,100 174.877555,-36.945975,100 174.877515,-36.945949,100 174.877469,-36.945918,100 174.87744,-36.945897,100 174.877353,-36.945891,100 174.877286,-36.945869,100 174.877216,-36.945856,100 174.877157,-36.945834,100 174.877112,-36.945809,100 174.877079,-36.945764,100 174.877055,-36.945726,100 174.87704,-36.945704,100 174.877009,-36.945688,100 174.876983,-36.945682,100 174.876957,-36.945663,100 174.876926,-36.945636,100 174.876903,-36.945615,100 174.876884,-36.945583,100 174.876872,-36.945553,100 174.87685,-36.945532,100 174.876804,-36.945493,100 174.876788,-36.945481,100 174.876759,-36.945451,100 174.876725,-36.945441,100 174.876681,-36.94542,100 174.876631,-36.945387,100 174.876594,-36.945352,100 174.876565,-36.94532,100 174.876541,-36.945291,100 174.876518,-36.945261,100 174.876493,-36.945234,100 174.876471,-36.945192,100 174.876446,-36.945149,100 174.876445,-36.945104,100 174.876458,-36.945066,100 174.876479,-36.945027,100 174.876519,-36.944991,100 174.876579,-36.944955,100 174.876632,-36.944931,100 174.876692,-36.944888,100 174.876746,-36.944831,100 174.876787,-36.944791,100 174.876818,-36.94474,100 174.876856,-36.944695,100 174.876898,-36.944631,100 174.876928,-36.944574,100 174.876947,-36.944529,100 174.876963,-36.944468,100 174.876959,-36.944417,100 174.876953,-36.944367,100 174.876957,-36.944299,100 174.87696,-36.944233,100 174.876949,-36.944145,100 174.876947,-36.944118,100 174.876966,-36.944071,100 174.876976,-36.944023,100 174.876996,-36.943999,100 174.877063,-36.943968,100 174.877136,-36.943925,100 174.87722,-36.943892,100 174.877274,-36.943868,100 174.877315,-36.943848,100 174.877331,-36.943816,100 174.877377,-36.943789,100 174.877411,-36.943768,100 174.877472,-36.943745,100 174.87753,-36.943719,100 174.877626,-36.943642,100 174.877644,-36.943641,100 174.877703,-36.943586,100 174.87777,-36.943531,100 174.877872,-36.943456,100 174.877955,-36.943398,100 174.878046,-36.943341,100 174.878115,-36.943293,100 174.878182,-36.943248,100 174.878249,-36.943197,100 174.8783,-36.943146,100 174.878358,-36.943094,100 174.878422,-36.943047,100 174.878432,-36.943021,100 174.87849,-36.942989,100 174.878525,-36.942969,100 174.878555,-36.942969,100 174.878596,-36.942971,100 174.878647,-36.942979,100 174.878679,-36.942988,100 174.878701,-36.943003,100 174.878735,-36.943021,100 174.878786,-36.943051,100 174.878834,-36.943078,100 174.878875,-36.943098,100 174.878908,-36.943117,100 174.87895,-36.943152,100 174.878991,-36.943192,100 174.879013,-36.943235,100 174.879036,-36.943284,100 174.879084,-36.943358,100 174.879109,-36.943386,100 174.879154,-36.943397,100 174.879218,-36.943454,100 174.879269,-36.943498,100 174.879315,-36.943533,100 174.879359,-36.943553,100 174.879386,-36.943543,100 174.879413,-36.943515,100 174.879451,-36.943481,100 174.879497,-36.943447,100 174.879555,-36.943424,100 174.879565,-36.943424,100 174.879661,-36.943419,100 174.879742,-36.943446,100 174.879794,-36.943477,100 174.879856,-36.943536,100 174.879877,-36.943573,100 174.879905,-36.943603,100 174.879936,-36.943614,100 174.879977,-36.94362,100 174.880041,-36.943623,100 174.880096,-36.94361,100 174.88015,-36.943587,100 174.880168,-36.94357,100 174.880179,-36.943545,100 174.880189,-36.943524,100 174.880201,-36.943517,100 174.88023,-36.943522,100 174.880281,-36.943534,100 174.880302,-36.94355,100 174.880328,-36.943574,100 174.880367,-36.943607,100 174.880388,-36.943616,100 174.880419,-36.943646,100 174.880427,-36.943648,100 174.880434,-36.943647,100 174.880445,-36.943651,100 174.880464,-36.943651,100 174.880484,-36.943655,100 174.880497,-36.943656,100 174.880526,-36.943652,100 174.88054,-36.943651,100 174.88055,-36.943648,100 174.880575,-36.943643,100 174.880585,-36.94364,100 174.880603,-36.943627,100 174.880614,-36.943622,100 174.880654,-36.94361,100 174.880687,-36.943602,100 174.880705,-36.943599,100 174.880722,-36.943594,100 174.880753,-36.943588,100 174.880769,-36.943583,100 174.880783,-36.943577,100 174.880808,-36.943571,100 174.880828,-36.943565,100 174.880858,-36.943557,100 174.880868,-36.943556,100 174.88089,-36.943548,100 174.880928,-36.94354,100 174.880947,-36.943537,100 174.880996,-36.943537,100 174.881012,-36.943538,100 174.881036,-36.943542,100 174.881045,-36.94354,100 174.881056,-36.943529,100 174.881067,-36.943523,100 174.88109,-36.943523,100 174.881122,-36.943525,100 174.881134,-36.943529,100 174.881148,-36.943536,100 174.881154,-36.943542,100 174.881163,-36.943548,100 174.881173,-36.943559,100 174.88118,-36.943565,100 174.881193,-36.94358,100 174.881214,-36.943594,100 174.881225,-36.943598,100 174.881236,-36.943604,100 174.881249,-36.943608,100 174.881279,-36.943621,100 174.881293,-36.94363,100 174.881319,-36.943643,100 174.881339,-36.943654,100 174.881354,-36.943658,100 174.881382,-36.943668,100 174.881405,-36.943674,100 174.881431,-36.94368,100 174.88146,-36.943688,100 174.881473,-36.94369,100 174.88149,-36.943695,100 174.881503,-36.943701,100 174.881516,-36.943705,100 174.881525,-36.94371,100 174.881533,-36.943712,100 174.881548,-36.94371,100 174.881591,-36.943696,100 174.881599,-36.943691,100 174.88162,-36.943683,100 174.881639,-36.943679,100 174.881666,-36.943677,100 174.881676,-36.94368,100 174.881703,-36.943596,100 174.881704,-36.943594,100 174.881647,-36.943606,100 174.881619,-36.943614,100 174.881595,-36.943624,100 174.881569,-36.94364,100 174.881541,-36.943648,100 174.881503,-36.943644,100 174.881475,-36.943638,100 174.88144,-36.943623,100 174.8814,-36.943601,100 174.881356,-36.943584,100 174.881311,-36.943565,100 174.881278,-36.943547,100 174.881244,-36.94353,100 174.8812,-36.943513,100 174.881136,-36.943457,100 174.881122,-36.943431,100 174.881112,-36.943409,100 174.881096,-36.943426,100 174.881062,-36.943444,100 174.88101,-36.943461,100 174.880953,-36.943466,100 174.880902,-36.943472,100 174.880837,-36.943497,100 174.880775,-36.943519,100 174.88069,-36.943544,100 174.880638,-36.94356,100 174.880603,-36.943572,100 174.880549,-36.943577,100 174.880502,-36.943568,100 174.880486,-36.943558,100 174.880459,-36.943546,100 174.880417,-36.943524,100 174.880387,-36.943491,100 174.880361,-36.94346,100 174.880339,-36.943445,100 174.880292,-36.943427,100 174.880239,-36.943411,100 174.880167,-36.943415,100 174.880104,-36.943428,100 174.880031,-36.943422,100 174.87997,-36.943411,100 174.87991,-36.943383,100 174.879874,-36.943359,100 174.879857,-36.943338,100 174.879831,-36.943325,100 174.879766,-36.943298,100 174.879735,-36.943275,100 174.879703,-36.943248,100 174.87967,-36.943229,100 174.879624,-36.943221,100 174.879577,-36.943212,100 174.879523,-36.943192,100 174.879507,-36.943159,100 174.879516,-36.943112,100 174.87954,-36.943073,100 174.879577,-36.943024,100 174.879627,-36.942979,100 174.87967,-36.942942,100 174.879703,-36.942903,100 174.879725,-36.942871,100 174.879758,-36.942805,100 174.879768,-36.942762,100 174.879771,-36.942706,100 174.879769,-36.942658,100 174.879755,-36.942618,100 174.879729,-36.942605,100 174.879701,-36.942622,100 174.879693,-36.942641,100 174.879678,-36.942696,100 174.879655,-36.942768,100 174.879631,-36.942827,100 174.879585,-36.942889,100 174.879538,-36.942955,100 174.879494,-36.942996,100 174.879421,-36.943055,100 174.879387,-36.943059,100 174.879355,-36.943068,100 174.879282,-36.943073,100 174.879232,-36.94306,100 174.879156,-36.943048,100 174.879076,-36.943026,100 174.879016,-36.943004,100 174.878956,-36.94297,100 174.878895,-36.94293,100 174.878853,-36.942894,100 174.878807,-36.942878,100 174.87876,-36.942846,100 174.878735,-36.942809,100 174.878703,-36.94275,100 174.878674,-36.942707,100 174.878637,-36.942681,100 174.878596,-36.942639,100 174.878554,-36.942595,100 174.878542,-36.942565,100 174.878515,-36.942538,100 174.878462,-36.942476,100 174.878467,-36.942505,100 174.878473,-36.942527,100 174.878485,-36.942553,100 174.878486,-36.942574,100 174.878492,-36.942597,100 174.878494,-36.942614,100 174.878478,-36.942626,100 174.878463,-36.942636,100 174.878425,-36.942645,100 174.87837,-36.942659,100 174.878305,-36.942674,100 174.878232,-36.942685,100 174.878169,-36.942701,100 174.878108,-36.942716,100 174.878065,-36.94272,100 174.878003,-36.942713,100 174.877968,-36.942706,100 174.877957,-36.942714,100 174.877965,-36.942733,100 174.877974,-36.942752,100 174.877975,-36.942765,100 174.877955,-36.942809,100 174.877901,-36.942898,100 174.877879,-36.942931,100 174.877842,-36.942954,100 174.877797,-36.94298,100 174.877746,-36.943011,100 174.877619,-36.943045,100 174.877547,-36.943059,100 174.877505,-36.943063,100 174.877479,-36.943072,100 174.87748,-36.94309,100 174.877472,-36.943115,100 174.877467,-36.943142,100 174.877429,-36.943185,100 174.877398,-36.943216,100 174.877377,-36.943247,100 174.877345,-36.943267,100 174.877257,-36.943329,100 174.87721,-36.943338,100 174.877178,-36.943353,100 174.877132,-36.943374,100 174.877067,-36.943385,100 174.876997,-36.943394,100 174.876839,-36.943402,100 174.876783,-36.943391,100 174.876739,-36.94338,100 174.87669,-36.94337,100 174.876637,-36.943363,100 174.876597,-36.943344,100 174.876563,-36.943311,100 174.876522,-36.943275,100 174.87651,-36.943232,100 174.876488,-36.943191,100 174.876462,-36.943144,100 174.876421,-36.943096,100 174.876377,-36.943039,100 174.876329,-36.942988,100 174.876271,-36.942966,100 174.876215,-36.942936,100 174.876181,-36.942909,100 174.876153,-36.942889,100 174.876131,-36.942877,100 174.876117,-36.942877,100 174.876115,-36.94288,100 174.876132,-36.942898,100 174.876149,-36.942915,100 174.876159,-36.942921,100 174.876178,-36.942941,100 174.876197,-36.942957,100 174.876213,-36.942983,100 174.876242,-36.943021,100 174.876273,-36.943063,100 174.876316,-36.943109,100 174.876325,-36.943178,100 174.876309,-36.943236,100 174.876304,-36.9433,100 174.876305,-36.943341,100 174.876317,-36.943381,100 174.876306,-36.943428,100 174.876281,-36.943474,100 174.87626,-36.94351,100 174.876237,-36.943542,100 174.876196,-36.94357,100 174.876152,-36.943599,100 174.876065,-36.943639,100 174.876024,-36.943659,100 174.876008,-36.943672,100 174.876014,-36.943678,100 174.876034,-36.943681,100 174.876062,-36.943683,100 174.876085,-36.943686,100 174.876092,-36.943695,100 174.876105,-36.943727,100 174.876111,-36.943758,100 174.8761,-36.943774,100 174.876085,-36.94384,100 174.876084,-36.943894,100 174.876106,-36.94396,100 174.876143,-36.944026,100 174.876188,-36.944095,100 174.87624,-36.944151,100 174.876291,-36.944201,100 174.876341,-36.944238,100 174.876379,-36.944269,100 174.876411,-36.94431,100 174.87646,-36.944351,100 174.876514,-36.944398,100 174.876519,-36.944409,100 174.876503,-36.944424,100 174.876473,-36.944441,100 174.876434,-36.944453,100 174.87638,-36.94448,100 174.876322,-36.944503,100 174.876229,-36.944528,100 174.876139,-36.944555,100 174.876035,-36.944592,100 174.875953,-36.94462,100 174.87585,-36.944672,100 174.875803,-36.944705,100 174.875775,-36.944724,100 174.875748,-36.944741,100 174.87573,-36.944751,100 174.875705,-36.944763,100 174.875697,-36.944768,100 174.875679,-36.944776,100 174.875662,-36.944786,100 174.875652,-36.94479,100 174.875634,-36.9448,100 174.875577,-36.94483,100 174.875557,-36.944849,100 174.875497,-36.944907,100 174.875489,-36.944916,100 174.875471,-36.94494,100 174.875467,-36.944947,100 174.87545,-36.944988,100 174.875435,-36.945011,100 174.875383,-36.945077,100 174.875375,-36.945086,100 174.875368,-36.945097,100 174.875337,-36.945141,100 174.875319,-36.945163,100 174.875309,-36.945173,100 174.875298,-36.945182,100 174.875272,-36.9452,100 174.875257,-36.945208,100 174.875209,-36.94523,100 174.875179,-36.945245,100 174.875166,-36.945253,100 174.875145,-36.945271,100 174.87513,-36.945289,100 174.875109,-36.945328,100 174.875102,-36.945338,100 174.875085,-36.945358,100 174.875047,-36.945389,100 174.875017,-36.94541,100 174.874971,-36.945441,100 174.874942,-36.945462,100 174.874918,-36.945482,100 174.874877,-36.945522,100 174.874865,-36.945532,100 174.874836,-36.94555,100 174.874819,-36.945559,100 174.874799,-36.945568,100 174.874752,-36.945585,100 174.8747,-36.945601,100 174.874673,-36.945608,100 174.874645,-36.945616,100 174.874539,-36.945644,100 174.874488,-36.945656,100 174.87436,-36.945683,100 174.874335,-36.945688,100 174.874262,-36.945706,100 174.874191,-36.945725,100 174.874144,-36.945737,100 174.8741,-36.945747,100 174.874057,-36.945753,100 174.874035,-36.945755,100 174.873971,-36.945758,100 174.873951,-36.945758,100 174.873884,-36.945754,100 174.873871,-36.945752,100 174.873852,-36.945747,100 174.873838,-36.94574,100 174.873827,-36.945732,100 174.873796,-36.945701,100 174.87377,-36.945668,100 174.873754,-36.945638,100 174.873747,-36.945616,100 174.873744,-36.94559,100 174.873743,-36.945548,100 174.873739,-36.945521,100 174.873736,-36.945509,100 174.873731,-36.945498,100 174.873725,-36.945489,100 174.873708,-36.945471,100 174.873698,-36.945463,100 174.873665,-36.945442,100 174.873644,-36.945431,100 174.873624,-36.945422,100 174.873613,-36.945418,100 174.873592,-36.945412,100 174.873571,-36.945408,100 174.873554,-36.945407,100 174.873542,-36.94541,100 174.873535,-36.945417,100 174.873534,-36.945428,100 174.873536,-36.945442,100 174.873543,-36.945468,100 174.87355,-36.94548,100 174.873563,-36.945493,100 174.873569,-36.945503,100 174.873575,-36.945529,100 174.87358,-36.945576,100 174.873583,-36.9456,100 174.873589,-36.945624,100 174.873599,-36.945646,100 174.873611,-36.945667,100 174.873638,-36.945709,100 174.87365,-36.94573,100 174.87366,-36.945752,100 174.873678,-36.945795,100 174.873688,-36.945816,100 174.873698,-36.945834,100 174.873717,-36.945855,100 174.873731,-36.945867,100 174.873752,-36.945883,100 174.873772,-36.9459,100 174.873814,-36.945927,100 174.873821,-36.945933,100 174.873828,-36.945945,100 174.873828,-36.945951,100 174.87382,-36.945964,100 174.873805,-36.945979,100 174.873784,-36.945994,100 174.873759,-36.946008,100 174.873734,-36.94602,100 174.873708,-36.946031,100 174.873679,-36.94604,100 174.873648,-36.946048,100 174.873614,-36.946056,100 174.873579,-36.946063,100 174.873522,-36.946072,100 174.87346,-36.946079,100 174.873344,-36.94609,100 174.873318,-36.946093,100 174.873178,-36.946106,100 174.87315,-36.946108,100 174.873098,-36.946114,100 174.873051,-36.946118,100 174.873005,-36.946119,100 174.872983,-36.94612,100 174.872962,-36.946122,100 174.87294,-36.946126,100 174.872919,-36.946131,100 174.872898,-36.946138,100 174.872877,-36.946149,100 174.872856,-36.946163,100 174.872835,-36.94618,100 174.872813,-36.9462,100 174.872792,-36.946222,100 174.872771,-36.946245,100 174.87275,-36.946269,100 174.872696,-36.946334,100 174.872667,-36.946366,100 174.872638,-36.946402,100 174.872609,-36.946442,100 174.872582,-36.946476,100 174.872573,-36.946488,100 174.872546,-36.946526,100 174.872536,-36.946539,100 174.872514,-36.946564,100 174.872502,-36.946576,100 174.872488,-36.946588,100 174.872458,-36.946612,100 174.872424,-36.946636,100 174.872406,-36.946647,100 174.872368,-36.946669,100 174.872348,-36.94668,100 174.872328,-36.94669,100 174.872308,-36.946699,100 174.872241,-36.946723,100 174.872217,-36.94673,100 174.872144,-36.946748,100 174.872017,-36.946778,100 174.871999,-36.946783,100 174.871981,-36.946786,100 174.871946,-36.946793,100 174.871909,-36.946797,100 174.87187,-36.946799,100 174.87183,-36.946797,100 174.871768,-36.946791,100 174.871707,-36.946783,100 174.871666,-36.946778,100 174.871603,-36.946769,100 174.871542,-36.946761,100 174.871504,-36.946755,100 174.871433,-36.946746,100 174.871375,-36.946741,100 174.871305,-36.946737,100 174.871239,-36.946737,100 174.871217,-36.946738,100 174.871164,-36.946742,100 174.871133,-36.946745,100 174.870947,-36.946766,100 174.870872,-36.946774,100 174.870838,-36.946777,100 174.870806,-36.946779,100 174.870774,-36.946782,100 174.870714,-36.946786,100 174.870626,-36.946791,100 174.870565,-36.946795,100 174.870533,-36.946798,100 174.870464,-36.946803,100 174.870319,-36.946817,100 174.870217,-36.946828,100 174.870104,-36.946841,100 174.869986,-36.946857,100 174.86989,-36.946869,100 174.869773,-36.946882,100 174.869722,-36.946888,100 174.869665,-36.946896,100 174.869539,-36.946911,100 174.869473,-36.946921,100 174.869407,-36.946933,100 174.869342,-36.946949,100 174.869308,-36.946959,100 174.869274,-36.94697,100 174.869207,-36.946994,100 174.869109,-36.94703,100 174.869049,-36.947051,100 174.869021,-36.94706,100 174.868895,-36.947097,100 174.868872,-36.947104,100 174.868828,-36.94712,100 174.868785,-36.947138,100 174.868763,-36.947149,100 174.86872,-36.947173,100 174.868681,-36.947196,100 174.868614,-36.947238,100 174.868609,-36.947242,100 174.868613,-36.947246,100 174.868579,-36.947255,100 174.86849,-36.947272,100 174.868443,-36.947285,100 174.868425,-36.947295,100 174.868414,-36.947305,100 174.868404,-36.947316,100 174.868389,-36.947327,100 174.868379,-36.947333,100 174.868365,-36.947339,100 174.868347,-36.947345,100 174.868303,-36.947358,100 174.868278,-36.947364,100 174.868173,-36.947392,100 174.868148,-36.9474,100 174.868104,-36.947416,100 174.868062,-36.947434,100 174.868041,-36.947444,100 174.867984,-36.947473,100 174.867937,-36.947494,100 174.867917,-36.9475,100 174.867905,-36.947501,100 174.867891,-36.9475,100 174.867874,-36.947503,100 174.867861,-36.947507,100 174.867827,-36.94752,100 174.867741,-36.947556,100 174.86769,-36.947577,100 174.867605,-36.947607,100 174.867545,-36.947629,100 174.867514,-36.94764,100 174.867481,-36.947651,100 174.867409,-36.947674,100 174.867323,-36.947697,100 174.867274,-36.947708,100 174.867217,-36.94772,100 174.867152,-36.947733,100 174.86708,-36.947746,100 174.867005,-36.94776,100 174.866928,-36.947774,100 174.866852,-36.947787,100 174.86678,-36.947798,100 174.866712,-36.947808,100 174.866653,-36.947816,100 174.866604,-36.947821,100 174.866565,-36.947823,100 174.866534,-36.947823,100 174.86651,-36.94782,100 174.866491,-36.947816,100 174.866476,-36.94781,100 174.86644,-36.947792,100 174.866425,-36.947786,100 174.866408,-36.947781,100 174.866349,-36.947772,100 174.866329,-36.94777,100 174.866289,-36.947764,100 174.86625,-36.947756,100 174.866231,-36.947751,100 174.866213,-36.947745,100 174.866195,-36.947738,100 174.86616,-36.94772,100 174.866126,-36.9477,100 174.866078,-36.947667,100 174.866046,-36.947647,100 174.866016,-36.947629,100 174.865986,-36.947614,100 174.865972,-36.947606,100 174.865943,-36.947588,100 174.865929,-36.947577,100 174.865914,-36.947564,100 174.865883,-36.94753,100 174.865866,-36.947509,100 174.865831,-36.947462,100 174.865813,-36.947436,100 174.86578,-36.947385,100 174.865765,-36.94736,100 174.86574,-36.947315,100 174.865731,-36.947296,100 174.865718,-36.947263,100 174.865714,-36.947247,100 174.865702,-36.947185,100 174.865689,-36.947125,100 174.865685,-36.9471,100 174.865677,-36.947043,100 174.865672,-36.947015,100 174.865668,-36.946987,100 174.865662,-36.946961,100 174.865656,-36.946939,100 174.86565,-36.94692,100 174.865642,-36.946907,100 174.865634,-36.9469,100 174.865625,-36.946897,100 174.865615,-36.946898,100 174.865605,-36.946902,100 174.865582,-36.946916,100 174.86557,-36.946925,100 174.865557,-36.946933,100 174.865529,-36.946946,100 174.865493,-36.946955,100 174.865473,-36.946961,100 174.865451,-36.946966,100 174.865429,-36.946972,100 174.865407,-36.946977,100 174.865352,-36.946988,100 174.865339,-36.946989,100 174.865322,-36.946987,100 174.865313,-36.94698,100 174.865309,-36.946971,100 174.865307,-36.94694,100 174.86531,-36.946927,100 174.86532,-36.946912,100 174.865332,-36.9469,100 174.865348,-36.946886,100 174.865378,-36.946863,100 174.8654,-36.946849,100 174.865423,-36.946837,100 174.865435,-36.946833,100 174.865461,-36.946827,100 174.865515,-36.946819,100 174.86554,-36.946811,100 174.865552,-36.946805,100 174.865572,-36.946788,100 174.86559,-36.946767,100 174.865615,-36.946733,100 174.865631,-36.94671,100 174.86564,-36.946699,100 174.86566,-36.946678,100 174.865712,-36.946626,100 174.86573,-36.946606,100 174.865751,-36.946578,100 174.865766,-36.94656,100 174.865777,-36.946543,100 174.865781,-36.946528,100 174.865777,-36.946516,100 174.865761,-36.946508,100 174.865736,-36.946502,100 174.865704,-36.946499,100 174.865652,-36.946499,100 174.865635,-36.9465,100 174.865618,-36.946502,100 174.865601,-36.946505,100 174.865565,-36.946513,100 174.865527,-36.946523,100 174.865486,-36.946533,100 174.865464,-36.946539,100 174.865442,-36.946543,100 174.865394,-36.946553,100 174.865342,-36.946563,100 174.865315,-36.946569,100 174.865287,-36.946574,100 174.86526,-36.946578,100 174.865233,-36.946583,100 174.865206,-36.946587,100 174.86518,-36.94659,100 174.865154,-36.946594,100 174.865128,-36.946596,100 174.8651,-36.946599,100 174.865046,-36.946603,100 174.864952,-36.946607,100 174.864904,-36.946607,100 174.864867,-36.946603,100 174.864851,-36.946599,100 174.864823,-36.94659,100 174.86479,-36.946578,100 174.864768,-36.946568,100 174.864757,-36.946562,100 174.864738,-36.94655,100 174.864729,-36.946543,100 174.864708,-36.946521,100 174.864692,-36.946497,100 174.864681,-36.946477,100 174.86467,-36.946455,100 174.864656,-36.94643,100 174.864634,-36.946385,100 174.86462,-36.946354,100 174.864609,-36.946322,100 174.864602,-36.946291,100 174.8646,-36.946275,100 174.864598,-36.946243,100 174.864598,-36.946163,100 174.864596,-36.946133,100 174.864593,-36.946105,100 174.864589,-36.946078,100 174.864585,-36.946038,100 174.864585,-36.946024,100 174.864587,-36.945996,100 174.864591,-36.945966,100 174.8646,-36.945921,100 174.864616,-36.945863,100 174.864621,-36.945849,100 174.86463,-36.94582,100 174.864645,-36.945779,100 174.864663,-36.945743,100 174.864677,-36.945724,100 174.8647,-36.945705,100 174.864746,-36.945678,100 174.86478,-36.945653,100 174.864807,-36.945631,100 174.864821,-36.945621,100 174.864834,-36.94561,100 174.864861,-36.945591,100 174.864883,-36.945577,100 174.864893,-36.945572,100 174.864909,-36.945567,100 174.864923,-36.945566,100 174.864942,-36.945566,100 174.864949,-36.945565,100 174.864971,-36.945559,100 174.864996,-36.945551,100 174.865011,-36.945544,100 174.865021,-36.945534,100 174.865024,-36.945522,100 174.865023,-36.945514,100 174.865012,-36.945488,100 174.865001,-36.945469,100 174.864991,-36.94545,100 174.864975,-36.945414,100 174.864972,-36.945405,100 174.864964,-36.945388,100 174.864949,-36.945359,100 174.864942,-36.945349,100 174.864925,-36.945328,100 174.864914,-36.945317,100 174.86489,-36.945295,100 174.864869,-36.945272,100 174.864861,-36.94526,100 174.864855,-36.945247,100 174.864852,-36.945235,100 174.864852,-36.945222,100 174.864854,-36.945208,100 174.864865,-36.945178,100 174.86488,-36.945149,100 174.864906,-36.945108,100 174.864919,-36.945085,100 174.864933,-36.945067,100 174.864968,-36.945028,100 174.864983,-36.945009,100 174.864998,-36.944987,100 174.865012,-36.944962,100 174.865044,-36.944912,100 174.865064,-36.944888,100 174.865097,-36.944856,100 174.86511,-36.944845,100 174.865149,-36.944815,100 174.865163,-36.944806,100 174.865205,-36.944785,100 174.86525,-36.94477,100 174.865281,-36.944763,100 174.865313,-36.944759,100 174.865346,-36.944758,100 174.865363,-36.944759,100 174.865396,-36.944763,100 174.865413,-36.944766,100 174.865447,-36.944774,100 174.865485,-36.944784,100 174.865505,-36.94479,100 174.865549,-36.944801,100 174.865602,-36.944813,100 174.865658,-36.944827,100 174.865686,-36.944835,100 174.865739,-36.944851,100 174.865783,-36.944867,100 174.865801,-36.944876,100 174.865817,-36.944885,100 174.865841,-36.944905,100 174.865862,-36.944925,100 174.865887,-36.944946,100 174.865902,-36.944956,100 174.865919,-36.944966,100 174.865963,-36.944987,100 174.866012,-36.945011,100 174.866038,-36.945022,100 174.866093,-36.945044,100 174.866147,-36.945062,100 174.866174,-36.945069,100 174.8662,-36.945074,100 174.866252,-36.945082,100 174.866279,-36.945084,100 174.866359,-36.945087,100 174.866385,-36.945089,100 174.866412,-36.94509,100 174.866438,-36.945092,100 174.866456,-36.945096,100 174.866567,-36.945128,100 174.86663,-36.945145,100 174.866681,-36.945171,100 174.866728,-36.945187,100 174.866775,-36.945211,100 174.866828,-36.945236,100 174.866859,-36.945258,100 174.866894,-36.945285,100 174.866931,-36.945311,100 174.866956,-36.945338,100 174.866972,-36.945364,100 174.866987,-36.94539,100 174.866988,-36.945406,100 174.866986,-36.945422,100 174.86698,-36.945433,100 174.866969,-36.945457,100 174.86695,-36.945496,100 174.866937,-36.945527,100 174.866925,-36.945554,100 174.866923,-36.945587,100 174.866918,-36.945609,100 174.866909,-36.945636,100 174.866924,-36.94566,100 174.866974,-36.945683,100 174.866995,-36.94568,100 174.867026,-36.94566,100 174.867049,-36.945639,100 174.867063,-36.945623,100 174.867096,-36.945604,100 174.867097,-36.945605,100 174.867115,-36.94558,100 174.867151,-36.945555,100 174.867171,-36.945537,100 174.867191,-36.94552,100 174.867197,-36.945501,100 174.86721,-36.945476,100 174.867218,-36.945464,100 174.867241,-36.945439,100 174.867281,-36.945381,100 174.867291,-36.945349,100 174.86731,-36.945314,100 174.867334,-36.945239,100 174.867349,-36.945199,100 174.867358,-36.945148,100 174.867369,-36.945096,100 174.867375,-36.945059,100 174.867377,-36.945016,100 174.867368,-36.944973,100 174.867368,-36.944926,100 174.867373,-36.944899,100 174.867376,-36.944842,100 174.867367,-36.944808,100 174.867352,-36.944766,100 174.867341,-36.944744,100 174.867328,-36.944697,100 174.867319,-36.944654,100 174.867316,-36.944624,100 174.867308,-36.944593,100 174.8673,-36.944565,100 174.867295,-36.944531,100 174.867289,-36.944494,100 174.867278,-36.944421,100 174.867265,-36.944389,100 174.867254,-36.944358,100 174.867256,-36.944328,100 174.867252,-36.9443,100 174.867223,-36.944255,100 174.867218,-36.944199,100 174.867219,-36.944168,100 174.867216,-36.944141,100 174.867237,-36.944121,100 174.867253,-36.944093,100 174.867251,-36.94405,100 174.867251,-36.944016,100 174.867248,-36.943983,100 174.867239,-36.943938,100 174.867231,-36.943894,100 174.867227,-36.943864,100 174.867231,-36.943833,100 174.867241,-36.943789,100 174.867243,-36.94376,100 174.867238,-36.943732,100 174.86724,-36.943697,100 174.86724,-36.943672,100 174.867238,-36.943648,100 174.867226,-36.943617,100 174.867198,-36.943578,100 174.867183,-36.94357,100 174.867159,-36.943563,100 174.867117,-36.943566,100 174.86707,-36.943571,100 174.867019,-36.943571,100 174.866951,-36.943567,100 174.866927,-36.943567,100 174.866889,-36.943565,100 174.86687,-36.943563,100 174.866851,-36.943562,100 174.866813,-36.943556,100 174.866796,-36.943552,100 174.86676,-36.943542,100 174.866708,-36.943521,100 174.866658,-36.943497,100 174.866642,-36.94349,100 174.866578,-36.943458,100 174.866546,-36.94344,100 174.866515,-36.943422,100 174.866492,-36.943408,100 174.866462,-36.943389,100 174.866432,-36.943369,100 174.866417,-36.94336,100 174.866401,-36.943349,100 174.866362,-36.943331,100 174.866355,-36.943332,100 174.866317,-36.943314,100 174.866282,-36.943296,100 174.866241,-36.943281,100 174.866206,-36.943287,100 174.86617,-36.943288,100 174.866163,-36.943291,100 174.866121,-36.9433,100 174.866091,-36.943314,100 174.866045,-36.943339,100 174.866027,-36.943351,100 174.866002,-36.943374,100 174.865957,-36.943412,100 174.865931,-36.943433,100 174.865928,-36.943438,100 174.865906,-36.943458,100 174.865872,-36.943482,100 174.865868,-36.943486,100 174.865834,-36.94351,100 174.865801,-36.943526,100 174.865796,-36.943526,100 174.865756,-36.943522,100 174.865754,-36.94352,100 174.865714,-36.943505,100 174.865704,-36.943499,100 174.865643,-36.943446,100 174.865639,-36.943444,100 174.865592,-36.943425,100 174.865543,-36.943408,100 174.865468,-36.943385,100 174.865435,-36.943374,100 174.865431,-36.943371,100 174.865413,-36.943337,100 174.865407,-36.943309,100 174.865417,-36.943294,100 174.865418,-36.94326,100 174.865409,-36.94324,100 174.865423,-36.943227,100 174.865438,-36.943205,100 174.865456,-36.943181,100 174.865471,-36.943158,100 174.865495,-36.94315,100 174.865533,-36.943135,100 174.865554,-36.943133,100 174.865601,-36.943133,100 174.865645,-36.943125,100 174.865648,-36.943124,100 174.865692,-36.943118,100 174.865702,-36.943116,100 174.865746,-36.943109,100 174.865754,-36.943109,100 174.865799,-36.943106,100 174.865828,-36.9431,100 174.865845,-36.943078,100 174.86585,-36.943042,100 174.865826,-36.943024,100 174.865801,-36.942994,100 174.865799,-36.942993,100 174.86577,-36.942969,100 174.865749,-36.942945,100 174.865743,-36.94294,100 174.865704,-36.942921,100 174.865666,-36.942908,100 174.865622,-36.942891,100 174.865598,-36.942884,100 174.865555,-36.942873,100 174.865526,-36.942863,100 174.865484,-36.942851,100 174.865464,-36.942848,100 174.86542,-36.942843,100 174.865415,-36.942843,100 174.865373,-36.942837,100 174.865329,-36.942829,100 174.865314,-36.942824,100 174.865272,-36.942812,100 174.865229,-36.942804,100 174.865185,-36.942799,100 174.865123,-36.942795,100 174.865093,-36.942787,100 174.865051,-36.94279,100 174.865048,-36.942792,100 174.865024,-36.942798,100 174.864975,-36.942787,100 174.864912,-36.94279,100 174.864894,-36.94279,100 174.864847,-36.942801,100 174.864833,-36.942806,100 174.864794,-36.942824,100 174.864782,-36.942828,100 174.864738,-36.942839,100 174.864698,-36.942856,100 174.864687,-36.942864,100 174.864656,-36.942891,100 174.864632,-36.94291,100 174.864609,-36.942939,100 174.864606,-36.942947,100 174.864585,-36.942979,100 174.864576,-36.942991,100 174.864555,-36.943007,100 174.864551,-36.943009,100 174.864522,-36.94301,100 174.864476,-36.943005,100 174.864432,-36.942996,100 174.864414,-36.942997,100 174.86437,-36.943007,100 174.864313,-36.943017,100 174.864276,-36.943019,100 174.864265,-36.943022,100 174.864231,-36.943027,100 174.864222,-36.943031,100 174.864181,-36.943046,100 174.86416,-36.943062,100 174.864142,-36.943078,100 174.864128,-36.943105,100 174.864114,-36.943141,100 174.864085,-36.94316,100 174.864074,-36.943169,100 174.864066,-36.943174,100 174.864047,-36.943192,100 174.864026,-36.9432,100 174.863984,-36.943212,100 174.863975,-36.943214,100 174.863931,-36.943219,100 174.86387,-36.943218,100 174.863826,-36.943211,100 174.86381,-36.943214,100 174.863765,-36.943218,100 174.863764,-36.943217,100 174.863719,-36.943221,100 174.863681,-36.943235,100 174.86368,-36.943266,100 174.86368,-36.943288,100 174.863679,-36.943289,100 174.86368,-36.943316,100 174.863681,-36.943319,100 174.863701,-36.943352,100 174.863724,-36.943395,100 174.863734,-36.943404,100 174.863756,-36.943435,100 174.863761,-36.943458,100 174.863784,-36.94349,100 174.863795,-36.943502,100 174.863825,-36.94353,100 174.863832,-36.943539,100 174.863846,-36.943574,100 174.863854,-36.943597,100 174.863864,-36.943632,100 174.863871,-36.943666,100 174.863871,-36.943669,100 174.863886,-36.943709,100 174.863909,-36.94374,100 174.863933,-36.943769,100 174.863935,-36.943781,100 174.863966,-36.943808,100 174.864,-36.943831,100 174.864032,-36.943849,100 174.864054,-36.94387,100 174.864059,-36.943892,100 174.864065,-36.943928,100 174.864067,-36.94396,100 174.864057,-36.943988,100 174.864025,-36.944003,100 174.863996,-36.944002,100 174.863992,-36.944003,100 174.863952,-36.943998,100 174.863904,-36.943989,100 174.863853,-36.943977,100 174.863816,-36.943973,100 174.863772,-36.943969,100 174.863722,-36.943955,100 174.863701,-36.943955,100 174.863656,-36.943961,100 174.863624,-36.943956,100 174.863576,-36.943955,100 174.863531,-36.943949,100 174.863526,-36.94395,100 174.8635,-36.943945,100 174.863493,-36.943945,100 174.863461,-36.943922,100 174.863433,-36.943921,100 174.863402,-36.943928,100 174.863397,-36.943931,100 174.863373,-36.943957,100 174.863358,-36.943986,100 174.863335,-36.944006,100 174.863327,-36.944012,100 174.863292,-36.944034,100 174.863254,-36.944051,100 174.863214,-36.944068,100 174.863173,-36.944092,100 174.863134,-36.94411,100 174.863075,-36.944127,100 174.863051,-36.944139,100 174.863015,-36.94416,100 174.862955,-36.944189,100 174.862929,-36.944203,100 174.862895,-36.944226,100 174.862882,-36.944236,100 174.862855,-36.944264,100 174.862839,-36.944292,100 174.862836,-36.944294,100 174.862819,-36.944324,100 174.862818,-36.944329,100 174.862802,-36.944363,100 174.862775,-36.944385,100 174.862739,-36.944416,100 174.862703,-36.944437,100 174.862662,-36.944463,100 174.862617,-36.944493,100 174.862599,-36.944503,100 174.86256,-36.944522,100 174.862524,-36.944535,100 174.862523,-36.944546,100 174.862507,-36.944555,100 174.862503,-36.94456,100 174.862499,-36.944573,100 174.862492,-36.944581,100 174.862451,-36.94459,100 174.862285,-36.944558,100 174.862156,-36.944536,100 174.862133,-36.944529,100 174.862106,-36.944552,100 174.862092,-36.944528,100 174.862085,-36.944506,100 174.862077,-36.944497,100 174.862065,-36.944488,100 174.862055,-36.944482,100 174.862038,-36.944463,100 174.862028,-36.944459,100 174.861995,-36.944437,100 174.861983,-36.944423,100 174.861962,-36.944393,100 174.861951,-36.94438,100 174.86193,-36.94435,100 174.861903,-36.944309,100 174.8619,-36.944285,100 174.861893,-36.944214,100 174.861892,-36.944213,100 174.861888,-36.944176,100 174.861881,-36.94414,100 174.861873,-36.944109,100 174.861862,-36.944073,100 174.861848,-36.944017,100 174.861829,-36.943948,100 174.861813,-36.943901,100 174.8618,-36.943865,100 174.86179,-36.943832,100 174.86178,-36.943791,100 174.861764,-36.943757,100 174.861742,-36.943724,100 174.861741,-36.94372,100 174.861724,-36.943685,100 174.861708,-36.943651,100 174.861701,-36.943608,100 174.861676,-36.943581,100 174.861673,-36.94358,100 174.861653,-36.943551,100 174.861652,-36.943508,100 174.861631,-36.94344,100 174.861626,-36.943411,100 174.861618,-36.943375,100 174.861605,-36.943341,100 174.861586,-36.943307,100 174.861575,-36.943286,100 174.861552,-36.943255,100 174.861528,-36.943234,100 174.861492,-36.943211,100 174.861484,-36.943207,100 174.861442,-36.943193,100 174.861407,-36.94318,100 174.861389,-36.943147,100 174.861387,-36.943139,100 174.861387,-36.943061,100 174.861385,-36.943054,100 174.861383,-36.943017,100 174.861383,-36.943007,100 174.861388,-36.942971,100 174.861389,-36.942952,100 174.861392,-36.942915,100 174.8614,-36.942879,100 174.86142,-36.942837,100 174.861426,-36.942814,100 174.86143,-36.942777,100 174.861445,-36.942716,100 174.861449,-36.942648,100 174.86145,-36.94264,100 174.861457,-36.942603,100 174.861459,-36.942585,100 174.861471,-36.94255,100 174.861473,-36.942549,100 174.861505,-36.942522,100 174.861523,-36.942505,100 174.861524,-36.942501,100 174.861538,-36.942474,100 174.861568,-36.942454,100 174.861577,-36.942447,100 174.861616,-36.942414,100 174.861647,-36.942386,100 174.861685,-36.942339,100 174.861701,-36.942325,100 174.861734,-36.942299,100 174.861742,-36.942292,100 174.861771,-36.942263,100 174.861803,-36.942225,100 174.861818,-36.942208,100 174.861844,-36.942177,100 174.861848,-36.942173,100 174.861873,-36.942143,100 174.861895,-36.942107,100 174.861914,-36.942082,100 174.861934,-36.942047,100 174.861938,-36.942011,100 174.861928,-36.941987,100 174.861918,-36.941952,100 174.861899,-36.941918,100 174.86187,-36.941889,100 174.861834,-36.941871,100 174.861822,-36.94185,100 174.861823,-36.941818,100 174.861829,-36.941766,100 174.861838,-36.941729,100 174.861842,-36.941718,100 174.861858,-36.941683,100 174.861889,-36.941641,100 174.861911,-36.941605,100 174.861939,-36.941589,100 174.861974,-36.941563,100 174.861982,-36.941559,100 174.86202,-36.941537,100 174.862024,-36.941534,100 174.862052,-36.941505,100 174.86207,-36.941478,100 174.862086,-36.941466,100 174.862095,-36.941456,100 174.862105,-36.941447,100 174.862111,-36.941437,100 174.86212,-36.94143,100 174.862126,-36.941423,100 174.862138,-36.941414,100 174.862149,-36.941403,100 174.862155,-36.941393,100 174.862157,-36.941386,100 174.862169,-36.941371,100 174.862173,-36.941364,100 174.862182,-36.941356,100 174.862192,-36.941341,100 174.862204,-36.941326,100 174.862211,-36.941311,100 174.862213,-36.941303,100 174.862231,-36.941274,100 174.862232,-36.941271,100 174.862249,-36.941259,100 174.862264,-36.941246,100 174.862271,-36.941241,100 174.862281,-36.941229,100 174.862287,-36.941206,100 174.862291,-36.941195,100 174.862299,-36.941181,100 174.8623,-36.941173,100 174.862307,-36.94116,100 174.862316,-36.941148,100 174.862322,-36.941125,100 174.862325,-36.941122,100 174.862332,-36.941108,100 174.86236,-36.941086,100 174.862375,-36.941071,100 174.862388,-36.941065,100 174.862413,-36.941055,100 174.862436,-36.941048,100 174.862444,-36.941044,100 174.86246,-36.941039,100 174.862477,-36.941035,100 174.862504,-36.941031,100 174.862515,-36.941026,100 174.862522,-36.941025,100 174.862537,-36.94102,100 174.862551,-36.941017,100 174.862578,-36.941009,100 174.862594,-36.941002,100 174.862613,-36.940983,100 174.862623,-36.940972,100 174.862633,-36.940959,100 174.862643,-36.940951,100 174.862675,-36.94092,100 174.862682,-36.940909,100 174.862696,-36.940894,100 174.862697,-36.940891,100 174.862708,-36.940878,100 174.862715,-36.940872,100 174.862718,-36.940867,100 174.862728,-36.94086,100 174.862736,-36.940849,100 174.862738,-36.940844,100 174.862751,-36.940829,100 174.862753,-36.940825,100 174.862774,-36.940798,100 174.862789,-36.940785,100 174.862806,-36.940772,100 174.862818,-36.940759,100 174.862824,-36.940748,100 174.862828,-36.940744,100 174.862836,-36.94073,100 174.862846,-36.940718,100 174.862855,-36.940711,100 174.862882,-36.940685,100 174.862891,-36.940679,100 174.862906,-36.940667,100 174.862914,-36.940658,100 174.862931,-36.940642,100 174.862939,-36.940636,100 174.86295,-36.940625,100 174.862955,-36.940623,100 174.862963,-36.940612,100 174.862969,-36.940607,100 174.862977,-36.940595,100 174.862986,-36.940588,100 174.862997,-36.940582,100 174.863006,-36.940574,100 174.863024,-36.940562,100 174.863026,-36.940559,100 174.863038,-36.940549,100 174.863061,-36.940537,100 174.863068,-36.940531,100 174.863094,-36.940518,100 174.863102,-36.940511,100 174.863108,-36.940509,100 174.863122,-36.940501,100 174.863132,-36.940498,100 174.863147,-36.94049,100 174.863167,-36.940481,100 174.86318,-36.940473,100 174.863195,-36.940466,100 174.86321,-36.940455,100 174.863221,-36.940449,100 174.863242,-36.940435,100 174.863256,-36.940429,100 174.863258,-36.940426,100 174.863278,-36.940416,100 174.863282,-36.940413,100 174.863302,-36.940408,100 174.863334,-36.940386,100 174.863355,-36.940374,100 174.86336,-36.94037,100 174.863365,-36.940362,100 174.863379,-36.940359,100 174.86341,-36.940343,100 174.863426,-36.940331,100 174.863437,-36.940325,100 174.863438,-36.940322,100 174.863446,-36.940316,100 174.863449,-36.940316,100 174.863471,-36.940306,100 174.863482,-36.940299,100 174.863493,-36.94029,100 174.863501,-36.940286,100 174.863514,-36.940274,100 174.86353,-36.940265,100 174.863544,-36.940256,100 174.863565,-36.940246,100 174.86358,-36.940243,100 174.863604,-36.940231,100 174.863616,-36.940223,100 174.863627,-36.940219,100 174.863637,-36.940213,100 174.863653,-36.940181,100 174.863674,-36.940151,100 174.863678,-36.940142,100 174.863697,-36.94012,100 174.863723,-36.940109,100 174.863735,-36.940099,100 174.863744,-36.940095,100 174.863758,-36.940093,100 174.863777,-36.940086,100 174.863792,-36.940083,100 174.863799,-36.940084,100 174.863808,-36.940082,100 174.863823,-36.940076,100 174.863829,-36.940071,100 174.863846,-36.940064,100 174.863867,-36.940043,100 174.863869,-36.940044,100 174.863884,-36.94004,100 174.863903,-36.940031,100 174.863932,-36.940019,100 174.863945,-36.940012,100 174.863955,-36.940008,100 174.863969,-36.94,100 174.863972,-36.939997,100 174.863991,-36.939987,100 174.864007,-36.939971,100 174.864017,-36.939965,100 174.864025,-36.939955,100 174.864032,-36.939949,100 174.864042,-36.939933,100 174.864064,-36.939908,100 174.864071,-36.939899,100 174.864092,-36.939879,100 174.864093,-36.939876,100 174.864103,-36.939864,100 174.864119,-36.939842,100 174.864128,-36.939831,100 174.864131,-36.93983,100 174.864153,-36.939807,100 174.864157,-36.939799,100 174.864161,-36.939796,100 174.864166,-36.939788,100 174.864186,-36.939772,100 174.864193,-36.939758,100 174.864198,-36.939753,100 174.864215,-36.93974,100 174.864222,-36.93973,100 174.864232,-36.939723,100 174.864235,-36.939719,100 174.864253,-36.939708,100 174.864257,-36.939703,100 174.864268,-36.939696,100 174.864271,-36.93969,100 174.864301,-36.939677,100 174.864316,-36.939674,100 174.864327,-36.939669,100 174.864353,-36.93966,100 174.86437,-36.939656,100 174.864374,-36.939654,100 174.864394,-36.939649,100 174.864424,-36.939639,100 174.864444,-36.939634,100 174.864454,-36.93963,100 174.864473,-36.939627,100 174.864485,-36.939622,100 174.864508,-36.939611,100 174.864517,-36.93961,100 174.864531,-36.939605,100 174.864547,-36.939597,100 174.864568,-36.939591,100 174.864585,-36.939584,100 174.864597,-36.939578,100 174.864616,-36.93957,100 174.864645,-36.93956,100 174.864648,-36.939557,100 174.864687,-36.939543,100 174.864705,-36.939534,100 174.864736,-36.939524,100 174.864742,-36.93952,100 174.864757,-36.939513,100 174.864767,-36.939507,100 174.864774,-36.939501,100 174.864789,-36.939493,100 174.864803,-36.939488,100 174.864809,-36.939484,100 174.864821,-36.939479,100 174.864831,-36.939473,100 174.864845,-36.939463,100 174.864853,-36.939454,100 174.864872,-36.939442,100 174.864894,-36.939431,100 174.864906,-36.939423,100 174.864915,-36.939414,100 174.864923,-36.939409,100 174.864931,-36.939401,100 174.864937,-36.939399,100 174.864953,-36.939387,100 174.864961,-36.939384,100 174.864976,-36.939374,100 174.864985,-36.939366,100 174.864998,-36.939359,100 174.865015,-36.93934,100 174.865025,-36.939334,100 174.865041,-36.939318,100 174.865047,-36.939316,100 174.865062,-36.939303,100 174.865078,-36.939292,100 174.865087,-36.939283,100 174.86509,-36.939278,100 174.865103,-36.93927,100 174.865123,-36.939256,100 174.865131,-36.939249,100 174.865141,-36.939238,100 174.865149,-36.939227,100 174.865157,-36.939221,100 174.865158,-36.939218,100 174.865173,-36.939207,100 174.865179,-36.9392,100 174.865199,-36.939185,100 174.865214,-36.939175,100 174.865226,-36.939169,100 174.865239,-36.939159,100 174.865244,-36.939153,100 174.865254,-36.939147,100 174.865267,-36.939137,100 174.865286,-36.939118,100 174.865289,-36.939117,100 174.865311,-36.939103,100 174.86533,-36.939099,100 174.865341,-36.939087,100 174.865371,-36.939071,100 174.865382,-36.939064,100 174.865387,-36.939059,100 174.865394,-36.939056,100 174.865397,-36.939052,100 174.865407,-36.939045,100 174.865419,-36.939041,100 174.865443,-36.939027,100 174.865452,-36.939021,100 174.865475,-36.939014,100 174.865487,-36.939008,100 174.86549,-36.939005,100 174.865516,-36.938997,100 174.865542,-36.938991,100 174.865553,-36.938987,100 174.865562,-36.938981,100 174.86558,-36.938973,100 174.86559,-36.938973,100 174.865602,-36.938968,100 174.865616,-36.938964,100 174.865626,-36.938963,100 174.865634,-36.93896,100 174.865653,-36.938956,100 174.865663,-36.93895,100 174.865673,-36.938949,100 174.865688,-36.93895,100 174.865705,-36.938947,100 174.865717,-36.938948,100 174.865723,-36.93895,100 174.865738,-36.938949,100 174.865755,-36.938951,100 174.865786,-36.93895,100 174.865812,-36.938951,100 174.865824,-36.938949,100 174.86584,-36.938944,100 174.865856,-36.938941,100 174.865899,-36.938929,100 174.865917,-36.938919,100 174.86594,-36.938909,100 174.865968,-36.938893,100 174.865977,-36.93889,100 174.865989,-36.938884,100 174.865992,-36.938881,100 174.866026,-36.938872,100 174.866061,-36.938865,100 174.866083,-36.938863,100 174.866101,-36.938863,100 174.866118,-36.938864,100 174.866154,-36.938868,100 174.866202,-36.938877,100 174.866274,-36.938894,100 174.866333,-36.9389,100 174.866385,-36.938904,100 174.866423,-36.938906,100 174.866439,-36.938887,100 174.866455,-36.938863,100 174.866496,-36.938825,100 174.866523,-36.938808,100 174.866544,-36.938792,100 174.866581,-36.938773,100 174.866628,-36.938767,100 174.866691,-36.938763,100 174.866792,-36.938744,100 174.866861,-36.938733,100 174.866943,-36.938715,100 174.866988,-36.938706,100 174.867035,-36.938702,100 174.867068,-36.9387,100 174.867119,-36.9387,100 174.867164,-36.938693,100 174.867209,-36.938689,100 174.867285,-36.938667,100 174.867323,-36.938652,100 174.867377,-36.938626,100 174.867411,-36.938606,100 174.867436,-36.938596,100 174.867475,-36.938578,100 174.867512,-36.93856,100 174.867551,-36.938551,100 174.867599,-36.938547,100 174.86764,-36.938552,100 174.867678,-36.938572,100 174.867719,-36.938592,100 174.867788,-36.93864,100 174.867849,-36.938683,100 174.867884,-36.938707,100 174.867948,-36.938739,100 174.867966,-36.938756,100 174.867976,-36.938784,100 174.867982,-36.938813,100 174.868027,-36.938815,100 174.868091,-36.938795,100 174.868106,-36.938779,100 174.86811,-36.938759,100 174.868112,-36.938719,100 174.868119,-36.938694,100 174.868118,-36.938663,100 174.868125,-36.938636,100 174.868157,-36.938587,100 174.868194,-36.938542,100 174.868226,-36.938509,100 174.868256,-36.938495,100 174.868269,-36.938472,100 174.868303,-36.93844,100 174.868342,-36.938415,100 174.868379,-36.938381,100 174.868417,-36.93835,100 174.868441,-36.938323,100 174.868522,-36.938253,100 174.868554,-36.938224,100 174.868588,-36.938191,100 174.868621,-36.938162,100 174.868654,-36.93814,100 174.868697,-36.938105,100 174.868731,-36.938083,100 174.868752,-36.938074,100 174.868773,-36.938075,100 174.868795,-36.93808,100 174.868823,-36.938092,100 174.868847,-36.938109,100 174.868873,-36.93813,100 174.868931,-36.938146,100 174.868953,-36.938127,100 174.868971,-36.938096,100 174.868987,-36.938062,100 174.868998,-36.938023,100 174.869,-36.937987,100 174.869017,-36.937958,100 174.869037,-36.937892,100 174.869053,-36.937851,100 174.869079,-36.937807,100 174.869082,-36.937777,100 174.869058,-36.937749,100 174.869016,-36.937719,100 174.868951,-36.937688,100 174.868665,-36.93759,100 174.86861,-36.937584,100 174.868552,-36.937592,100 174.868517,-36.937603,100 174.868479,-36.937613,100 174.868441,-36.937608,100 174.868403,-36.937592,100 174.868369,-36.937572,100 174.868352,-36.937535,100 174.868351,-36.937485,100 174.868344,-36.93745,100 174.868356,-36.937423,100 174.868385,-36.937403,100 174.868482,-36.937394,100 174.868568,-36.93739,100 174.868653,-36.937376,100 174.86875,-36.937366,100 174.868827,-36.93735,100 174.868908,-36.93734,100 174.868956,-36.937333,100 174.869027,-36.937322,100 174.869075,-36.937309,100 174.869125,-36.9373,100 174.869186,-36.937293,100 174.869256,-36.937279,100 174.869315,-36.937261,100 174.869365,-36.937265,100 174.869448,-36.937272,100 174.869502,-36.937269,100 174.86958,-36.937266,100 174.869637,-36.937259,100 174.86971,-36.937248,100 174.869763,-36.937245,100 174.869826,-36.937239,100 174.869867,-36.937252,100 174.869878,-36.93726,100 174.869887,-36.937283,100 174.869881,-36.937321,100 174.869867,-36.937367,100 174.869848,-36.937423,100 174.869844,-36.937464,100 174.869836,-36.937515,100 174.869829,-36.937539,100 174.869827,-36.937575,100 174.869876,-36.93767,100 174.869922,-36.937681,100 174.869972,-36.937678,100 174.870022,-36.937683,100 174.870071,-36.937695,100 174.870128,-36.937701,100 174.870179,-36.937697,100 174.870237,-36.937705,100 174.870293,-36.93772,100 174.870342,-36.937726,100 174.87039,-36.937729,100 174.870441,-36.937733,100 174.870495,-36.937748,100 174.870539,-36.937757,100 174.870578,-36.937777,100 174.870612,-36.937795,100 174.870637,-36.937822,100 174.870664,-36.937854,100 174.870679,-36.937901,100 174.870682,-36.937933,100 174.870689,-36.937945,100 174.870695,-36.937941,100 174.87071,-36.937921,100 174.870719,-36.937881,100 174.870716,-36.937841,100 174.870708,-36.937801,100 174.870697,-36.937756,100 174.870665,-36.937718,100 174.870639,-36.93769,100 174.870614,-36.937661,100 174.870594,-36.937636,100 174.870569,-36.937615,100 174.870547,-36.937592,100 174.87052,-36.937569,100 174.870367,-36.937482,100 174.870292,-36.937444,100 174.870191,-36.937405,100 174.870132,-36.937385,100 174.870108,-36.937375,100 174.870094,-36.937341,100 174.87011,-36.937304,100 174.87015,-36.937236,100 174.870186,-36.937187,100 174.87024,-36.937127,100 174.870277,-36.937068,100 174.870316,-36.93703,100 174.87036,-36.936986,100 174.87041,-36.936931,100 174.870438,-36.936888,100 174.870442,-36.936848,100 174.870465,-36.936795,100 174.870496,-36.936742,100 174.87051,-36.936723,100 174.870563,-36.936703,100 174.870638,-36.936694,100 174.870741,-36.936692,100 174.870808,-36.936704,100 174.870875,-36.936708,100 174.870985,-36.936728,100 174.871061,-36.936751,100 174.871139,-36.936777,100 174.871227,-36.9368,100 174.871318,-36.936796,100 174.871385,-36.936789,100 174.871437,-36.936754,100 174.871487,-36.936711,100 174.871545,-36.936708,100 174.871604,-36.936713,100 174.871646,-36.936715,100 174.87168,-36.936696,100 174.871717,-36.936669,100 174.871715,-36.936646,100 174.871713,-36.936599,100 174.871678,-36.936602,100 174.871616,-36.936627,100 174.87154,-36.936642,100 174.871451,-36.936648,100 174.87137,-36.936641,100 174.871256,-36.936623,100 174.871165,-36.936603,100 174.871062,-36.936572,100 174.870961,-36.936539,100 174.870883,-36.936512,100 174.870798,-36.936484,100 174.870718,-36.936459,100 174.87066,-36.936446,100 174.870593,-36.936442,100 174.870522,-36.936439,100 174.870443,-36.936442,100 174.87039,-36.93645,100 174.870333,-36.936462,100 174.870274,-36.936466,100 174.870215,-36.936473,100 174.870182,-36.936488,100 174.870144,-36.936503,100 174.8701,-36.936524,100 174.870068,-36.936555,100 174.870035,-36.936577,100 174.870007,-36.9366,100 174.86998,-36.936628,100 174.869959,-36.936651,100 174.869908,-36.936675,100 174.869856,-36.936686,100 174.869813,-36.936703,100 174.869765,-36.936704,100 174.869717,-36.936701,100 174.869676,-36.936697,100 174.869633,-36.936673,100 174.869581,-36.936651,100 174.869526,-36.936635,100 174.869469,-36.936603,100 174.869408,-36.936581,100 174.869332,-36.936561,100 174.869269,-36.93654,100 174.869216,-36.936516,100 174.869167,-36.936488,100 174.869128,-36.936458,100 174.86905,-36.936421,100 174.868962,-36.936392,100 174.868891,-36.936364,100 174.868825,-36.936353,100 174.868775,-36.93633,100 174.868703,-36.936317,100 174.868649,-36.9363,100 174.868604,-36.936278,100 174.868565,-36.93625,100 174.868532,-36.936221,100 174.868521,-36.936162,100 174.86852,-36.93613,100 174.868521,-36.936104,100 174.86854,-36.93605,100 174.868557,-36.936026,100 174.868604,-36.935988,100 174.868642,-36.935958,100 174.868665,-36.935946,100 174.868701,-36.935931,100 174.868735,-36.935908,100 174.868766,-36.935883,100 174.868812,-36.935845,100 174.868834,-36.93582,100 174.868875,-36.935777,100 174.868902,-36.935745,100 174.868946,-36.935704,100 174.868975,-36.935678,100 174.869027,-36.935648,100 174.869072,-36.935623,100 174.869118,-36.935599,100 174.869178,-36.935569,100 174.869248,-36.93554,100 174.869301,-36.935512,100 174.869358,-36.935489,100 174.869431,-36.935462,100 174.869493,-36.935434,100 174.869575,-36.935408,100 174.869643,-36.935399,100 174.869684,-36.935402,100 174.869731,-36.935406,100 174.869796,-36.935441,100 174.86987,-36.935457,100 174.869957,-36.935497,100 174.870022,-36.935522,100 174.870082,-36.935529,100 174.870255,-36.93552,100 174.87051,-36.935553,100 174.870827,-36.935543,100 174.871001,-36.935569,100 174.871219,-36.935595,100 174.871242,-36.935588,100 174.871299,-36.935562,100 174.871362,-36.935531,100 174.871397,-36.935519,100 174.871441,-36.935507,100 174.871484,-36.935498,100 174.871524,-36.935493,100 174.871606,-36.935507,100 174.87168,-36.935509,100 174.871713,-36.935501,100 174.87176,-36.935504,100 174.871803,-36.935509,100 174.871846,-36.935512,100 174.871878,-36.935511,100 174.871905,-36.935501,100 174.871935,-36.935493,100 174.871965,-36.935481,100 174.871992,-36.935461,100 174.872008,-36.93544,100 174.872043,-36.935414,100 174.872095,-36.935393,100 174.872121,-36.935381,100 174.872151,-36.935372,100 174.872177,-36.935363,100 174.87222,-36.935353,100 174.872256,-36.935339,100 174.872289,-36.935327,100 174.872336,-36.935303,100 174.87237,-36.935283,100 174.872411,-36.935266,100 174.872477,-36.935228,100 174.872504,-36.935214,100 174.872525,-36.9352,100 174.872542,-36.935185,100 174.872559,-36.935167,100 174.872573,-36.935151,100 174.872597,-36.935126,100 174.872622,-36.935102,100 174.872643,-36.935081,100 174.872678,-36.935038,100 174.872695,-36.935019,100 174.872723,-36.93499,100 174.872756,-36.934986,100 174.87279,-36.934989,100 174.872816,-36.934994,100 174.872886,-36.935005,100 174.872905,-36.935002,100 174.872952,-36.935018,100 174.872987,-36.93504,100 174.873029,-36.935075,100 174.873061,-36.9351,100 174.87305,-36.935109,100 174.873112,-36.935136,100 174.873152,-36.935156,100 174.873185,-36.935164,100 174.873222,-36.935175,100 174.873269,-36.935181,100 174.873302,-36.935193,100 174.873339,-36.935198,100 174.873365,-36.935198,100 174.873397,-36.935213,100 174.873428,-36.93523,100 174.873464,-36.935254,100 174.873495,-36.935274,100 174.87352,-36.935283,100 174.873545,-36.935306,100 174.873561,-36.935329,100 174.873581,-36.935346,100 174.873573,-36.935329,100 174.873576,-36.935306,100 174.873571,-36.935284,100 174.873556,-36.935261,100 174.873539,-36.935248,100 174.873526,-36.935234,100 174.873502,-36.935212,100 174.873485,-36.935185,100 174.873437,-36.935137,100 174.873414,-36.93511,100 174.873397,-36.935088,100 174.873376,-36.935066,100 174.873363,-36.93505,100 174.873353,-36.935028,100 174.873343,-36.935008,100 174.873336,-36.934989,100 174.873323,-36.934962,100 174.873321,-36.934941,100 174.873331,-36.934916,100 174.873367,-36.934876,100 174.873383,-36.934844,100 174.873398,-36.934817,100 174.873413,-36.934779,100 174.87343,-36.934762,100 174.873451,-36.934748,100 174.873474,-36.934734,100 174.873498,-36.934716,100 174.873525,-36.934699,100 174.873549,-36.934685,100 174.873573,-36.934668,100 174.873602,-36.93467,100 174.873636,-36.934675,100 174.873676,-36.934677,100 174.873709,-36.934685,100 174.873743,-36.934696,100 174.873772,-36.934692,100 174.873805,-36.934691,100 174.873836,-36.934699,100 174.873895,-36.934695,100 174.873931,-36.934708,100 174.873959,-36.934717,100 174.873994,-36.93473,100 174.874026,-36.934725,100 174.874063,-36.934718,100 174.874087,-36.934723,100 174.874104,-36.934721,100 174.874114,-36.934727,100 174.874122,-36.934734,100 174.874135,-36.934743,100 174.874143,-36.934754,100 174.874153,-36.934761,100 174.87416,-36.934769,100 174.874184,-36.934784,100 174.874196,-36.934788,100 174.874212,-36.934789,100 174.87424,-36.934784,100 174.874256,-36.934783,100 174.874269,-36.934778,100 174.874286,-36.934778,100 174.874297,-36.934777,100 174.87431,-36.934774,100 174.874324,-36.934775,100 174.874346,-36.934771,100 174.874355,-36.934772,100 174.874366,-36.934768,100 174.874376,-36.934766,100 174.874391,-36.934758,100 174.874418,-36.934757,100 174.87444,-36.934749,100 174.874453,-36.934748,100 174.874467,-36.934745,100 174.874478,-36.934739,100 174.87449,-36.934735,100 174.874499,-36.934728,100 174.87451,-36.934728,100 174.874539,-36.934735,100 174.874557,-36.934735,100 174.874578,-36.934727,100 174.874618,-36.934705,100 174.874625,-36.934697,100 174.874646,-36.934679,100 174.87466,-36.934669,100 174.874675,-36.934657,100 174.874707,-36.934646,100 174.874746,-36.934636,100 174.874767,-36.934627,100 174.874794,-36.934621,100 174.874832,-36.934632,100 174.874853,-36.934636,100 174.874885,-36.93464,100 174.874905,-36.934641,100 174.874915,-36.934634,100 174.874919,-36.934624,100 174.874905,-36.934608,100 174.874885,-36.93459,100 174.874871,-36.934579,100 174.874849,-36.934567,100 174.874817,-36.934559,100 174.874801,-36.934556,100 174.874772,-36.934545,100 174.874757,-36.934542,100 174.87474,-36.934541,100 174.874725,-36.934538,100 174.874711,-36.934537,100 174.874697,-36.934543,100 174.874683,-36.934545,100 174.874657,-36.934552,100 174.874648,-36.934558,100 174.874634,-36.934563,100 174.874608,-36.934571,100 174.874587,-36.934572,100 174.874571,-36.934568,100 174.874561,-36.934564,100 174.87451,-36.934558,100 174.874472,-36.934553,100 174.874446,-36.934548,100 174.874414,-36.934533,100 174.874373,-36.934515,100 174.874332,-36.934496,100 174.874297,-36.934486,100 174.874249,-36.934468,100 174.874229,-36.934461,100 174.874209,-36.934456,100 174.874189,-36.934449,100 174.874151,-36.934443,100 174.874139,-36.93444,100 174.874107,-36.934434,100 174.874079,-36.934423,100 174.874053,-36.934408,100 174.874043,-36.9344,100 174.874034,-36.934389,100 174.874024,-36.934382,100 174.874014,-36.934378,100 174.873994,-36.93436,100 174.873976,-36.934345,100 174.873963,-36.934329,100 174.873961,-36.934319,100 174.873961,-36.934303,100 174.873959,-36.934291,100 174.873959,-36.93428,100 174.873955,-36.934267,100 174.873953,-36.934253,100 174.873953,-36.934243,100 174.873956,-36.934229,100 174.873957,-36.934217,100 174.87396,-36.934211,100 174.873962,-36.934201,100 174.873974,-36.934182,100 174.873986,-36.934169,100 174.874005,-36.934157,100 174.874017,-36.934145,100 174.874027,-36.934137,100 174.874038,-36.93413,100 174.874051,-36.93412,100 174.874091,-36.934098,100 174.874106,-36.934085,100 174.874118,-36.934076,100 174.874149,-36.93406,100 174.874167,-36.934053,100 174.874184,-36.934044,100 174.874202,-36.934036,100 174.874215,-36.934027,100 174.874236,-36.934015,100 174.874251,-36.93401,100 174.874274,-36.934008,100 174.874291,-36.934005,100 174.874311,-36.934004,100 174.874327,-36.934001,100 174.874346,-36.934002,100 174.874367,-36.934002,100 174.874384,-36.933999,100 174.874361,-36.933991,100 174.874348,-36.93399,100 174.874328,-36.933985,100 174.874308,-36.933963,100 174.874287,-36.933954,100 174.874285,-36.933941,100 174.874296,-36.933927,100 174.874311,-36.933916,100 174.874329,-36.933898,100 174.874353,-36.933862,100 174.874354,-36.933844,100 174.87434,-36.93383,100 174.874323,-36.933837,100 174.874301,-36.93385,100 174.874287,-36.933861,100 174.87427,-36.933872,100 174.874256,-36.933878,100 174.874244,-36.933887,100 174.874234,-36.933892,100 174.874222,-36.933901,100 174.874198,-36.933929,100 174.874178,-36.933939,100 174.874159,-36.933955,100 174.874144,-36.933963,100 174.874106,-36.933979,100 174.874067,-36.933989,100 174.874026,-36.934005,100 174.874008,-36.934014,100 174.873996,-36.934022,100 174.873984,-36.934034,100 174.873948,-36.934055,100 174.87393,-36.934063,100 174.873908,-36.934074,100 174.873893,-36.934076,100 174.873878,-36.934087,100 174.87386,-36.934099,100 174.873842,-36.93411,100 174.873818,-36.934111,100 174.873801,-36.934122,100 174.873779,-36.934126,100 174.873765,-36.934121,100 174.873747,-36.934119,100 174.873699,-36.934109,100 174.873681,-36.934107,100 174.873658,-36.934103,100 174.873638,-36.934098,100 174.873618,-36.934088,100 174.873598,-36.934083,100 174.873564,-36.934066,100 174.873524,-36.934042,100 174.87351,-36.934031,100 174.873491,-36.93402,100 174.873504,-36.934036,100 174.873519,-36.934058,100 174.873534,-36.934076,100 174.873543,-36.934094,100 174.873571,-36.934118,100 174.873583,-36.93413,100 174.873593,-36.934148,100 174.873606,-36.934166,100 174.873616,-36.934187,100 174.873619,-36.934197,100 174.873618,-36.934215,100 174.873618,-36.934233,100 174.873616,-36.934258,100 174.873606,-36.934271,100 174.873599,-36.934282,100 174.873585,-36.934296,100 174.873578,-36.934307,100 174.873571,-36.934325,100 174.873561,-36.934343,100 174.873544,-36.934351,100 174.873471,-36.934392,100 174.873439,-36.934407,100 174.873411,-36.934415,100 174.873373,-36.934428,100 174.873322,-36.934452,100 174.873306,-36.934465,100 174.873281,-36.934481,100 174.873262,-36.934486,100 174.873233,-36.934498,100 174.873202,-36.934513,100 174.873194,-36.934499,100 174.87316,-36.934513,100 174.873132,-36.934524,100 174.873101,-36.93454,100 174.873083,-36.934553,100 174.87307,-36.934564,100 174.873033,-36.93459,100 174.873022,-36.934594,100 174.873008,-36.934609,100 174.872997,-36.93463,100 174.872985,-36.934645,100 174.87297,-36.934648,100 174.872944,-36.934651,100 174.872925,-36.934654,100 174.872893,-36.934657,100 174.872886,-36.934669,100 174.872875,-36.934685,100 174.872874,-36.934694,100 174.872863,-36.934709,100 174.872846,-36.934722,100 174.872829,-36.934737,100 174.872796,-36.934743,100 174.872777,-36.934749,100 174.872714,-36.934751,100 174.872701,-36.934749,100 174.872679,-36.934744,100 174.872671,-36.934743,100 174.87263,-36.934732,100 174.8726,-36.934728,100 174.872585,-36.934727,100 174.872577,-36.934728,100 174.872561,-36.934726,100 174.872557,-36.934724,100 174.872534,-36.934721,100 174.872509,-36.934721,100 174.872497,-36.934729,100 174.872477,-36.934746,100 174.872469,-36.93475,100 174.872433,-36.934742,100 174.872424,-36.934741,100 174.872418,-36.934738,100 174.872405,-36.934738,100 174.872393,-36.934743,100 174.872378,-36.934747,100 174.87236,-36.934753,100 174.872344,-36.934757,100 174.872313,-36.934767,100 174.872292,-36.934775,100 174.872269,-36.934778,100 174.872238,-36.934778,100 174.87221,-36.934776,100 174.872193,-36.934776,100 174.872169,-36.934771,100 174.872152,-36.934769,100 174.87214,-36.934765,100 174.872123,-36.934751,100 174.872109,-36.934743,100 174.872102,-36.934722,100 174.872095,-36.934708,100 174.872086,-36.934682,100 174.87208,-36.93465,100 174.87207,-36.934611,100 174.872067,-36.93459,100 174.872058,-36.934579,100 174.872052,-36.934568,100 174.872033,-36.934538,100 174.872027,-36.934526,100 174.872025,-36.934513,100 174.872021,-36.934503,100 174.872021,-36.934479,100 174.87202,-36.934471,100 174.872028,-36.934461,100 174.872034,-36.934451,100 174.87204,-36.934448,100 174.872066,-36.934438,100 174.872083,-36.934428,100 174.872096,-36.934418,100 174.872116,-36.934397,100 174.872124,-36.934392,100 174.872132,-36.93438,100 174.872134,-36.934372,100 174.872133,-36.934346,100 174.872136,-36.934314,100 174.872136,-36.934305,100 174.872139,-36.934298,100 174.872141,-36.934282,100 174.872145,-36.934267,100 174.872142,-36.934258,100 174.87214,-36.934238,100 174.872133,-36.9342,100 174.872127,-36.934186,100 174.87212,-36.934154,100 174.872116,-36.934128,100 174.872113,-36.934118,100 174.87211,-36.934093,100 174.872112,-36.934081,100 174.872112,-36.93407,100 174.872114,-36.934059,100 174.872112,-36.934038,100 174.872109,-36.93403,100 174.872108,-36.93402,100 174.872104,-36.93401,100 174.872102,-36.933997,100 174.872097,-36.933985,100 174.872094,-36.933971,100 174.87209,-36.93396,100 174.872087,-36.933947,100 174.872079,-36.933937,100 174.872074,-36.933927,100 174.872071,-36.933916,100 174.872074,-36.933905,100 174.872073,-36.933886,100 174.87207,-36.933873,100 174.872069,-36.933845,100 174.872063,-36.933819,100 174.872047,-36.933777,100 174.872044,-36.933766,100 174.872037,-36.933754,100 174.872036,-36.933741,100 174.872013,-36.933688,100 174.872009,-36.933669,100 174.872004,-36.93365,100 174.872001,-36.93363,100 174.871996,-36.933606,100 174.871989,-36.933585,100 174.87198,-36.933566,100 174.871951,-36.933527,100 174.871935,-36.933511,100 174.871925,-36.933494,100 174.871896,-36.933429,100 174.871884,-36.933404,100 174.871876,-36.933383,100 174.871864,-36.933367,100 174.871857,-36.933351,100 174.871827,-36.933308,100 174.871811,-36.933275,100 174.871793,-36.933236,100 174.871771,-36.933193,100 174.871752,-36.933142,100 174.871728,-36.933103,100 174.871698,-36.933064,100 174.871689,-36.933045,100 174.871671,-36.933009,100 174.87164,-36.932965,100 174.871616,-36.932912,100 174.87155,-36.93283,100 174.871517,-36.932788,100 174.87149,-36.932753,100 174.871457,-36.932714,100 174.871427,-36.932678,100 174.871387,-36.932647,100 174.871366,-36.932629,100 174.871341,-36.932606,100 174.871292,-36.932552,100 174.871258,-36.932522,100 174.871234,-36.932496,100 174.871207,-36.932482,100 174.871182,-36.932459,100 174.871182,-36.932438,100 174.871193,-36.932421,100 174.871188,-36.932394,100 174.871177,-36.932361,100 174.87116,-36.932338,100 174.87114,-36.932308,100 174.871126,-36.932278,100 174.871104,-36.93225,100 174.871078,-36.932225,100 174.871056,-36.932197,100 174.871039,-36.932174,100 174.871011,-36.932142,100 174.870991,-36.932112,100 174.870977,-36.932089,100 174.870951,-36.93203,100 174.870931,-36.932,100 174.870912,-36.931976,100 174.870908,-36.931946,100 174.870921,-36.931928,100 174.870935,-36.931912,100 174.870926,-36.931888,100 174.870906,-36.931856,100 174.870886,-36.931821,100 174.870844,-36.931756,100 174.870813,-36.931723,100 174.870759,-36.931688,100 174.870726,-36.931698,100 174.870693,-36.931703,100 174.870662,-36.931706,100 174.870626,-36.931707,100 174.87059,-36.93171,100 174.870553,-36.931708,100 174.870529,-36.931695,100 174.870503,-36.931675,100 174.870471,-36.931633,100 174.870393,-36.931669,100 174.87038,-36.931614,100 174.870357,-36.93159,100 174.870349,-36.931579,100 174.870339,-36.931568,100 174.870322,-36.931551,100 174.870297,-36.931534,100 174.870274,-36.93152,100 174.870236,-36.931496,100 174.870211,-36.931467,100 174.870191,-36.931448,100 174.870177,-36.931431,100 174.870139,-36.931366,100 174.870135,-36.931342,100 174.870132,-36.931313,100 174.870135,-36.931291,100 174.870135,-36.931266,100 174.870138,-36.931244,100 174.870135,-36.931218,100 174.870138,-36.9312,100 174.870132,-36.93117,100 174.870102,-36.931089,100 174.870078,-36.931006,100 174.87006,-36.930967,100 174.87006,-36.930934,100 174.870039,-36.930929,100 174.870009,-36.930923,100 174.869986,-36.930915,100 174.869965,-36.930909,100 174.869967,-36.930888,100 174.869957,-36.930856,100 174.86995,-36.930825,100 174.869954,-36.930797,100 174.869956,-36.930776,100 174.869933,-36.930746,100 174.869921,-36.93072,100 174.8699,-36.930679,100 174.869876,-36.930638,100 174.869864,-36.930601,100 174.869858,-36.930562,100 174.869846,-36.93052,100 174.869834,-36.93049,100 174.869825,-36.930456,100 174.869839,-36.930429,100 174.869847,-36.930408,100 174.869856,-36.930382,100 174.869875,-36.930344,100 174.869875,-36.930311,100 174.869874,-36.930271,100 174.869876,-36.930233,100 174.869872,-36.930184,100 174.869874,-36.930139,100 174.869856,-36.930092,100 174.869846,-36.930052,100 174.869843,-36.930033,100 174.869837,-36.930003,100 174.869822,-36.929966,100 174.869804,-36.929917,100 174.869789,-36.929879,100 174.869762,-36.929823,100 174.869729,-36.92976,100 174.869708,-36.929728,100 174.869679,-36.929691,100 174.869669,-36.929655,100 174.869654,-36.929603,100 174.869647,-36.929552,100 174.869623,-36.929486,100 174.869605,-36.929424,100 174.869587,-36.929372,100 174.869569,-36.929319,100 174.86954,-36.929269,100 174.869512,-36.929198,100 174.86948,-36.929154,100 174.869438,-36.929078,100 174.869412,-36.929028,100 174.86938,-36.928987,100 174.869307,-36.928915,100 174.869319,-36.928899,100 174.869271,-36.928847,100 174.869199,-36.928771,100 174.869136,-36.928692,100 174.869084,-36.928631,100 174.869027,-36.92858,100 174.868965,-36.928516,100 174.86889,-36.928452,100 174.868847,-36.928403,100 174.868787,-36.928351,100 174.868724,-36.928278,100 174.868663,-36.928226,100 174.868649,-36.928204,100 174.868664,-36.928167,100 174.868674,-36.928129,100 174.868689,-36.928079,100 174.868704,-36.928039,100 174.868705,-36.927995,100 174.868716,-36.927956,100 174.868733,-36.927908,100 174.868738,-36.927852,100 174.868746,-36.927796,100 174.868733,-36.92775,100 174.868745,-36.927725,100 174.868773,-36.927697,100 174.868797,-36.927671,100 174.868829,-36.927635,100 174.868859,-36.927613,100 174.8689,-36.927587,100 174.868942,-36.92755,100 174.868968,-36.927519,100 174.868992,-36.927492,100 174.869039,-36.927484,100 174.869089,-36.92748,100 174.869136,-36.927479,100 174.869193,-36.927491,100 174.869245,-36.927488,100 174.869296,-36.927493,100 174.869334,-36.92749,100 174.869397,-36.927482,100 174.869463,-36.927476,100 174.869529,-36.927468,100 174.869585,-36.927462,100 174.869635,-36.927477,100 174.869684,-36.927502,100 174.869734,-36.927513,100 174.869783,-36.92752,100 174.869829,-36.927545,100 174.869882,-36.92757,100 174.869924,-36.927585,100 174.869973,-36.927605,100 174.870009,-36.927624,100 174.870118,-36.927698,100 174.870161,-36.927729,100 174.870189,-36.927769,100 174.870248,-36.927802,100 174.870299,-36.927821,100 174.870333,-36.927835,100 174.87039,-36.927862,100 174.870437,-36.927873,100 174.87049,-36.927887,100 174.870562,-36.927913,100 174.870671,-36.927934,100 174.870721,-36.927933,100 174.87078,-36.927948,100 174.870864,-36.92799,100 174.870912,-36.92802,100 174.870977,-36.928043,100 174.871036,-36.928051,100 174.87111,-36.928059,100 174.871175,-36.928078,100 174.87124,-36.928091,100 174.871312,-36.928099,100 174.871371,-36.928118,100 174.871423,-36.928117,100 174.87151,-36.92814,100 174.871572,-36.92815,100 174.871603,-36.928146,100 174.871634,-36.928162,100 174.871659,-36.928185,100 174.871696,-36.928213,100 174.871724,-36.928236,100 174.871756,-36.928261,100 174.871801,-36.928277,100 174.871846,-36.928318,100 174.871878,-36.928354,100 174.87192,-36.928393,100 174.871961,-36.928424,100 174.871993,-36.928481,100 174.872033,-36.928556,100 174.872048,-36.92861,100 174.872094,-36.928677,100 174.872123,-36.928727,100 174.872146,-36.92877,100 174.872165,-36.928826,100 174.872197,-36.928876,100 174.872225,-36.928923,100 174.872249,-36.928959,100 174.872287,-36.929009,100 174.872337,-36.929047,100 174.872341,-36.929088,100 174.872348,-36.929135,100 174.872349,-36.929182,100 174.872347,-36.929227,100 174.87235,-36.929248,100 174.872336,-36.929279,100 174.872316,-36.929316,100 174.872326,-36.929364,100 174.87234,-36.929412,100 174.87236,-36.929466,100 174.87238,-36.929487,100 174.872393,-36.929465,100 174.872402,-36.92943,100 174.872402,-36.929397,100 174.872398,-36.92936,100 174.872395,-36.929315,100 174.872403,-36.929289,100 174.872425,-36.929266,100 174.872428,-36.929248,100 174.872449,-36.929218,100 174.872465,-36.92917,100 174.872464,-36.929136,100 174.872464,-36.929093,100 174.872447,-36.929032,100 174.872489,-36.929011,100 174.872499,-36.928975,100 174.872501,-36.928941,100 174.872503,-36.928891,100 174.872495,-36.928853,100 174.872539,-36.928822,100 174.872561,-36.928787,100 174.872578,-36.928756,100 174.872604,-36.928734,100 174.872639,-36.928695,100 174.872674,-36.928652,100 174.87272,-36.928617,100 174.87275,-36.928579,100 174.8728,-36.928535,100 174.872847,-36.928463,100 174.872894,-36.928418,100 174.872966,-36.928351,100 174.873067,-36.928314,100 174.873146,-36.928276,100 174.873204,-36.928243,100 174.873319,-36.928212,100 174.873394,-36.928179,100 174.873491,-36.928152,100 174.873572,-36.928133,100 174.873641,-36.928119,100 174.87371,-36.928118,100 174.873822,-36.928127,100 174.873783,-36.928132,100 174.873956,-36.928145,100 174.87411,-36.928185,100 174.874162,-36.928212,100 174.87426,-36.928237,100 174.874407,-36.928288,100 174.874549,-36.928313,100 174.874669,-36.928342,100 174.874771,-36.928362,100 174.874908,-36.92839,100 174.875006,-36.928352,100 174.875096,-36.928324,100 174.875155,-36.928333,100 174.875244,-36.928346,100 174.875288,-36.928351,100 174.875346,-36.92835,100 174.875391,-36.928348,100 174.875414,-36.92835,100 174.875445,-36.928355,100 174.875478,-36.928363,100 174.875519,-36.928368,100 174.875541,-36.92837,100 174.875577,-36.928375,100 174.875617,-36.92837,100 174.875663,-36.928369,100 174.875704,-36.928366,100 174.875728,-36.928367,100 174.875771,-36.928379,100 174.875821,-36.928392,100 174.875875,-36.928401,100 174.875994,-36.928419,100 174.876079,-36.928428,100 174.876159,-36.928439,100 174.87622,-36.928446,100 174.876254,-36.928449,100 174.87631,-36.928455,100 174.876349,-36.928454,100 174.876495,-36.92846,100 174.876556,-36.928461,100 174.876614,-36.928458,100 174.876663,-36.928458,100 174.876724,-36.928457,100 174.876779,-36.928463,100 174.876816,-36.928464,100 174.876869,-36.928478,100 174.876936,-36.928494,100 174.876988,-36.928511,100 174.87705,-36.928523,100 174.877112,-36.928523,100 174.877162,-36.928527,100 174.877197,-36.92852,100 174.877231,-36.928532,100 174.877253,-36.928539,100 174.877291,-36.928547,100 174.877376,-36.928549,100 174.87742,-36.928547,100 174.877464,-36.928549,100 174.877525,-36.92855,100 174.877564,-36.928563,100 174.877615,-36.928573,100 174.877646,-36.928573,100 174.877678,-36.92857,100 174.87772,-36.92863,100 174.877742,-36.928654,100 174.877772,-36.928666,100 174.877774,-36.928666,100 174.877807,-36.928696,100 174.877844,-36.928725,100 174.877873,-36.928769,100 174.877882,-36.928802,100 174.877885,-36.928819,100 174.877876,-36.928843,100 174.877864,-36.928868,100 174.877846,-36.9289,100 174.87783,-36.92893,100 174.877807,-36.928964,100 174.877779,-36.929003,100 174.877763,-36.92902,100 174.877734,-36.929049,100 174.877716,-36.929068,100 174.877694,-36.929085,100 174.87769,-36.929103,100 174.877683,-36.929118,100 174.877662,-36.92913,100 174.877626,-36.929141,100 174.8776,-36.929185,100 174.87758,-36.929211,100 174.877552,-36.929235,100 174.877503,-36.929286,100 174.877446,-36.929329,100 174.877407,-36.929362,100 174.877371,-36.929381,100 174.87735,-36.929403,100 174.877329,-36.929431,100 174.877303,-36.929463,100 174.877288,-36.929489,100 174.877273,-36.929518,100 174.877248,-36.929543,100 174.877232,-36.929562,100 174.877226,-36.929573,100 174.87721,-36.92958,100 174.877215,-36.929593,100 174.877213,-36.929605,100 174.877223,-36.929678,100 174.877233,-36.9297,100 174.877237,-36.929722,100 174.877225,-36.929753,100 174.877207,-36.929786,100 174.877192,-36.929799,100 174.877181,-36.929814,100 174.877182,-36.929842,100 174.877181,-36.929859,100 174.8772,-36.929899,100 174.87723,-36.929943,100 174.877241,-36.929972,100 174.877242,-36.930008,100 174.877242,-36.930039,100 174.877245,-36.930095,100 174.877255,-36.930131,100 174.877254,-36.930157,100 174.877256,-36.930195,100 174.87726,-36.930225,100 174.87726,-36.930256,100 174.877264,-36.930285,100 174.877269,-36.930308,100 174.877268,-36.930344,100 174.877263,-36.930382,100 174.877265,-36.930421,100 174.877281,-36.930462,100 174.877275,-36.9305,100 174.877262,-36.930533,100 174.877261,-36.930552,100 174.877271,-36.930589,100 174.877275,-36.93061,100 174.877269,-36.930639,100 174.87727,-36.93067,100 174.877279,-36.930689,100 174.877292,-36.930705,100 174.877298,-36.930725,100 174.877303,-36.930748,100 174.877268,-36.930787,100 174.877262,-36.930812,100 174.877258,-36.93084,100 174.877256,-36.930863,100 174.877258,-36.930886,100 174.877256,-36.930904,100 174.877212,-36.930981,100 174.877199,-36.931013,100 174.877173,-36.931042,100 174.877149,-36.931065,100 174.877118,-36.931091,100 174.877097,-36.931113,100 174.877063,-36.931133,100 174.877044,-36.931145,100 174.877016,-36.931155,100 174.877003,-36.931166,100 174.876995,-36.9312,100 174.876985,-36.931233,100 174.876981,-36.931273,100 174.876983,-36.931311,100 174.876971,-36.93135,100 174.876964,-36.931376,100 174.876961,-36.931396,100 174.876963,-36.931414,100 174.876975,-36.931439,100 174.877,-36.931474,100 174.877025,-36.931507,100 174.877048,-36.931533,100 174.877085,-36.931554,100 174.87712,-36.931591,100 174.877161,-36.931631,100 174.877202,-36.931667,100 174.877234,-36.931685,100 174.877269,-36.931708,100 174.877315,-36.931727,100 174.877335,-36.931758,100 174.877362,-36.931778,100 174.877404,-36.931803,100 174.877438,-36.93182,100 174.877471,-36.931827,100 174.877517,-36.931856,100 174.87756,-36.931885,100 174.877613,-36.931915,100 174.877654,-36.931927,100 174.877668,-36.931948,100 174.877674,-36.931974,100 174.877671,-36.932014,100 174.877663,-36.932042,100 174.877621,-36.932024,100 174.877605,-36.93207,100 174.877565,-36.932107,100 174.877593,-36.932099,100 174.877612,-36.932089,100 174.877639,-36.932081,100 174.877669,-36.932062,100 174.877698,-36.932057,100 174.877735,-36.932049,100 174.877777,-36.932037,100 174.877817,-36.932024,100 174.877828,-36.932027,100 174.877838,-36.932032,100 174.877859,-36.932051,100 174.877882,-36.932068,100 174.877902,-36.932074,100 174.877939,-36.932095,100 174.877976,-36.932115,100 174.878008,-36.932118,100 174.878048,-36.932113,100 174.878087,-36.93211,100 174.878113,-36.932104,100 174.878154,-36.932105,100 174.878207,-36.932099,100 174.878248,-36.932091,100 174.878269,-36.93209,100 174.878309,-36.932087,100 174.878345,-36.932088,100 174.878405,-36.932107,100 174.878458,-36.932127,100 174.878494,-36.932139,100 174.878534,-36.932155,100 174.878571,-36.932172,100 174.878598,-36.932186,100 174.878625,-36.932207,100 174.878646,-36.932221,100 174.878664,-36.932237,100 174.878691,-36.932252,100 174.878724,-36.932283,100 174.878738,-36.932304,100 174.878747,-36.932322,100 174.878752,-36.932344,100 174.878762,-36.932363,100 174.878772,-36.932385,100 174.878784,-36.932404,100 174.878793,-36.932428,100 174.878796,-36.932451,100 174.878803,-36.932483,100 174.87882,-36.932514,100 174.878836,-36.932526,100 174.878872,-36.932546,100 174.878908,-36.932557,100 174.878928,-36.932562,100 174.878935,-36.932559,100 174.878927,-36.932537,100 174.878926,-36.932506,100 174.878921,-36.932485,100 174.8789,-36.932464,100 174.878885,-36.932443,100 174.878866,-36.932428,100 174.878857,-36.932404,100 174.878855,-36.932381,100 174.878855,-36.932362,100 174.878854,-36.932346,100 174.878845,-36.932316,100 174.878839,-36.932291,100 174.878838,-36.932269,100 174.878832,-36.932257,100 174.878814,-36.932229,100 174.878809,-36.932216,100 174.878791,-36.932194,100 174.878782,-36.932171,100 174.878757,-36.932149,100 174.878724,-36.932124,100 174.878697,-36.932108,100 174.878662,-36.932094,100 174.878622,-36.932068,100 174.8786,-36.932057,100 174.878561,-36.932039,100 174.878537,-36.932027,100 174.878512,-36.932005,100 174.878481,-36.931987,100 174.878441,-36.93198,100 174.878392,-36.931968,100 174.878339,-36.931949,100 174.878299,-36.931923,100 174.878264,-36.931919,100 174.878227,-36.931913,100 174.878196,-36.931905,100 174.878167,-36.931885,100 174.878135,-36.931876,100 174.878114,-36.931871,100 174.878086,-36.93186,100 174.878048,-36.931841,100 174.878025,-36.931827,100 174.877977,-36.931794,100 174.877952,-36.931781,100 174.877912,-36.931758,100 174.877864,-36.931731,100 174.877842,-36.931707,100 174.877825,-36.931684,100 174.877812,-36.931662,100 174.877797,-36.931631,100 174.877783,-36.931613,100 174.877714,-36.931577,100 174.877674,-36.931558,100 174.877639,-36.931544,100 174.877603,-36.931537,100 174.877584,-36.931522,100 174.877556,-36.931504,100 174.877538,-36.931491,100 174.877521,-36.931469,100 174.877507,-36.931442,100 174.877497,-36.931404,100 174.877503,-36.931385,100 174.87752,-36.931368,100 174.877551,-36.931326,100 174.877591,-36.931278,100 174.877602,-36.931261,100 174.877613,-36.931246,100 174.877627,-36.931225,100 174.877638,-36.931199,100 174.877658,-36.931158,100 174.877677,-36.931084,100 174.877686,-36.931055,100 174.877695,-36.931029,100 174.877705,-36.931012,100 174.877727,-36.930997,100 174.877748,-36.930986,100 174.877778,-36.930972,100 174.877797,-36.930958,100 174.877834,-36.930929,100 174.877836,-36.930914,100 174.877826,-36.930891,100 174.877812,-36.930867,100 174.877794,-36.930824,100 174.877782,-36.930792,100 174.877782,-36.930759,100 174.877788,-36.930718,100 174.877792,-36.930683,100 174.877798,-36.930651,100 174.877803,-36.930611,100 174.877797,-36.930579,100 174.877781,-36.93055,100 174.877769,-36.930515,100 174.877768,-36.93048,100 174.877777,-36.930442,100 174.877785,-36.9304,100 174.877783,-36.930376,100 174.877773,-36.930343,100 174.877752,-36.930312,100 174.877746,-36.930273,100 174.877745,-36.93025,100 174.877762,-36.930214,100 174.877771,-36.930182,100 174.87778,-36.930156,100 174.877792,-36.930128,100 174.877799,-36.930097,100 174.877808,-36.930073,100 174.87782,-36.930038,100 174.877825,-36.930004,100 174.87782,-36.929971,100 174.877794,-36.929908,100 174.877789,-36.929866,100 174.877785,-36.929825,100 174.877769,-36.929785,100 174.877764,-36.929748,100 174.877769,-36.929715,100 174.877807,-36.929688,100 174.877843,-36.929666,100 174.877878,-36.929634,100 174.877908,-36.929605,100 174.877941,-36.929578,100 174.877973,-36.929559,100 174.878015,-36.929539,100 174.878072,-36.929515,100 174.878102,-36.929502,100 174.878132,-36.929483,100 174.878181,-36.929448,100 174.878208,-36.929417,100 174.87825,-36.929372,100 174.878288,-36.929335,100 174.878335,-36.929303,100 174.87839,-36.929274,100 174.878446,-36.929249,100 174.878496,-36.929235,100 174.87853,-36.92923,100 174.878587,-36.929233,100 174.878659,-36.92924,100 174.878758,-36.929254,100 174.878805,-36.929254,100 174.878872,-36.929255,100 174.878949,-36.929261,100 174.879009,-36.929286,100 174.879082,-36.929314,100 174.879146,-36.929334,100 174.879203,-36.929354,100 174.879251,-36.929376,100 174.879254,-36.929383,100 174.879298,-36.929411,100 174.879341,-36.929424,100 174.879396,-36.929438,100 174.879441,-36.929452,100 174.879465,-36.929466,100 174.8795,-36.929504,100 174.87952,-36.929525,100 174.879565,-36.929555,100 174.879602,-36.929576,100 174.879652,-36.929614,100 174.879696,-36.92963,100 174.879722,-36.929643,100 174.87976,-36.929651,100 174.8798,-36.929666,100 174.87987,-36.929683,100 174.879914,-36.929692,100 174.879965,-36.929697,100 174.880018,-36.9297,100 174.88005,-36.929714,100 174.880098,-36.92973,100 174.880147,-36.929757,100 174.880172,-36.929773,100 174.880218,-36.929813,100 174.880227,-36.929833,100 174.88023,-36.929857,100 174.880229,-36.929892,100 174.880252,-36.929928,100 174.880253,-36.929972,100 174.88029,-36.930019,100 174.880347,-36.930035,100 174.880412,-36.930054,100 174.880455,-36.930063,100 174.880506,-36.930077,100 174.880536,-36.930101,100 174.880581,-36.93012,100 174.880637,-36.930147,100 174.880681,-36.930165,100 174.880749,-36.930185,100 174.880779,-36.930191,100 174.880791,-36.930196,100 174.880778,-36.930179,100 174.880754,-36.930159,100 174.880734,-36.930137,100 174.8807,-36.930118,100 174.880669,-36.930103,100 174.880628,-36.930076,100 174.880586,-36.930063,100 174.880546,-36.930034,100 174.880521,-36.93001,100 174.880481,-36.92999,100 174.880458,-36.929966,100 174.880453,-36.929943,100 174.88043,-36.929909,100 174.880419,-36.929895,100 174.880398,-36.929866,100 174.880387,-36.929837,100 174.880381,-36.9298,100 174.880354,-36.929756,100 174.880338,-36.929716,100 174.880341,-36.929683,100 174.88035,-36.92965,100 174.880326,-36.929604,100 174.880299,-36.929571,100 174.880282,-36.929524,100 174.88024,-36.929462,100 174.880196,-36.929436,100 174.880146,-36.929412,100 174.880114,-36.929393,100 174.88008,-36.929387,100 174.880021,-36.929386,100 174.879986,-36.929381,100 174.879918,-36.929348,100 174.87988,-36.929339,100 174.879846,-36.929326,100 174.879823,-36.92931,100 174.879808,-36.929286,100 174.879794,-36.929247,100 174.87978,-36.929205,100 174.879769,-36.929161,100 174.879778,-36.929126,100 174.879774,-36.929093,100 174.879768,-36.929049,100 174.879773,-36.929015,100 174.879779,-36.928987,100 174.879798,-36.92895,100 174.879792,-36.928894,100 174.879805,-36.928873,100 174.879824,-36.928833,100 174.879824,-36.928791,100 174.879829,-36.928734,100 174.87985,-36.928697,100 174.879913,-36.928632,100 174.879933,-36.928592,100 174.879929,-36.928555,100 174.879948,-36.928494,100 174.879957,-36.928458,100 174.879952,-36.928435,100 174.879958,-36.928429,100 174.879968,-36.928414,100 174.879975,-36.928392,100 174.879984,-36.928374,100 174.880008,-36.92833,100 174.880012,-36.928321,100 174.880028,-36.928291,100 174.880036,-36.928271,100 174.880045,-36.928259,100 174.880075,-36.928235,100 174.880073,-36.92822,100 174.880082,-36.928208,100 174.880104,-36.928172,100 174.880114,-36.928152,100 174.880121,-36.928135,100 174.880124,-36.928121,100 174.880137,-36.92809,100 174.880158,-36.928066,100 174.88018,-36.928039,100 174.880192,-36.928022,100 174.880217,-36.928005,100 174.880227,-36.927995,100 174.880246,-36.927982,100 174.880257,-36.927971,100 174.88027,-36.927954,100 174.880293,-36.927935,100 174.880316,-36.927912,100 174.880338,-36.927899,100 174.880375,-36.927868,100 174.880414,-36.927831,100 174.88044,-36.927809,100 174.880452,-36.927793,100 174.880467,-36.927786,100 174.880482,-36.927774,100 174.880496,-36.927754,100 174.880511,-36.927738,100 174.880528,-36.927716,100 174.880539,-36.927705,100 174.880556,-36.927692,100 174.880568,-36.92768,100 174.880586,-36.927667,100 174.880604,-36.927652,100 174.880626,-36.927626,100 174.880639,-36.92762,100 174.880667,-36.927599,100 174.880699,-36.927578,100 174.880717,-36.927557,100 174.88075,-36.927525,100 174.880753,-36.927509,100 174.880768,-36.927452,100 174.880777,-36.927434,100 174.880808,-36.927398,100 174.880832,-36.927338,100 174.880853,-36.927323,100 174.88087,-36.927307,100 174.880902,-36.927282,100 174.880919,-36.927264,100 174.880936,-36.927249,100 174.88095,-36.927222,100 174.880957,-36.927211,100 174.880971,-36.927186,100 174.880978,-36.927171,100 174.881,-36.927143,100 174.881016,-36.927113,100 174.881029,-36.927082,100 174.881043,-36.927065,100 174.88106,-36.92704,100 174.881073,-36.927024,100 174.881094,-36.927008,100 174.881107,-36.926995,100 174.881119,-36.926987,100 174.881162,-36.926975,100 174.881172,-36.926976,100 174.881202,-36.926967,100 174.881229,-36.926972,100 174.881262,-36.926971,100 174.881283,-36.926971,100 174.881305,-36.926979,100 174.881323,-36.926977,100 174.881342,-36.926982,100 174.881379,-36.926986,100 174.881417,-36.926997,100 174.88148,-36.926993,100 174.881534,-36.926999,100 174.881576,-36.927009,100 174.881624,-36.927016,100 174.88172,-36.927046,100 174.881922,-36.927118,100 174.881984,-36.92715,100 174.882066,-36.927175,100 174.882181,-36.927206,100 174.882269,-36.927263,100 174.882336,-36.927339,100 174.882356,-36.927376,100 174.882427,-36.927383,100 174.882551,-36.927353,100 174.882663,-36.927306,100 174.882752,-36.927292,100 174.882898,-36.927305,100 174.88307,-36.927343,100 174.883227,-36.927397,100 174.883368,-36.927421,100 174.883504,-36.927435,100 174.883629,-36.927439,100 174.883822,-36.927456,100 174.883873,-36.927462,100 174.883929,-36.927462,100 174.883999,-36.927486,100 174.884029,-36.927493,100 174.884066,-36.927501,100 174.884096,-36.927508,100 174.884126,-36.927516,100 174.884141,-36.927519,100 174.88415,-36.927522,100 174.88418,-36.92753,100 174.884219,-36.927543,100 174.884233,-36.927546,100 174.884254,-36.927553,100 174.884277,-36.927567,100 174.884298,-36.927574,100 174.884332,-36.927587,100 174.884351,-36.927597,100 174.884382,-36.927615,100 174.884429,-36.927644,100 174.884446,-36.927657,100 174.884463,-36.927669,100 174.884495,-36.927689,100 174.884566,-36.927726,100 174.884577,-36.927731,100 174.884615,-36.927751,100 174.884633,-36.927762,100 174.88465,-36.927774,100 174.884673,-36.927792,100 174.884688,-36.927806,100 174.884706,-36.927826,100 174.884734,-36.927855,100 174.884751,-36.927881,100 174.88476,-36.927898,100 174.884774,-36.92793,100 174.884793,-36.927976,100 174.884809,-36.92801,100 174.884835,-36.928059,100 174.884842,-36.928071,100 174.88485,-36.928088,100 174.884864,-36.928114,100 174.88489,-36.928151,100 174.884897,-36.928169,100 174.884901,-36.928187,100 174.884902,-36.928206,100 174.8849,-36.928225,100 174.884893,-36.92825,100 174.884876,-36.928293,100 174.884864,-36.928312,100 174.884852,-36.928328,100 174.884831,-36.928346,100 174.88481,-36.928362,100 174.884795,-36.928376,100 174.884778,-36.92839,100 174.88476,-36.928402,100 174.884737,-36.928412,100 174.884715,-36.928416,100 174.884668,-36.928418,100 174.884646,-36.928421,100 174.884606,-36.928432,100 174.884584,-36.928437,100 174.884563,-36.928444,100 174.88453,-36.928459,100 174.884508,-36.928471,100 174.884496,-36.928486,100 174.884488,-36.928504,100 174.884479,-36.928529,100 174.884472,-36.928563,100 174.884472,-36.928582,100 174.884476,-36.928609,100 174.884482,-36.928645,100 174.884489,-36.928678,100 174.884492,-36.928696,100 174.884492,-36.928704,100 174.884497,-36.928722,100 174.884505,-36.928739,100 174.884512,-36.928763,100 174.884517,-36.928774,100 174.88452,-36.928785,100 174.884484,-36.928802,100 174.884457,-36.928811,100 174.884436,-36.92882,100 174.88442,-36.928832,100 174.884414,-36.928838,100 174.884405,-36.928855,100 174.884402,-36.928866,100 174.8844,-36.928884,100 174.8844,-36.928902,100 174.884403,-36.928938,100 174.884398,-36.928955,100 174.884383,-36.928974,100 174.884378,-36.928988,100 174.884366,-36.929003,100 174.884352,-36.929018,100 174.884349,-36.929023,100 174.884336,-36.929038,100 174.88432,-36.929051,100 174.884289,-36.92908,100 174.884275,-36.929094,100 174.88425,-36.929121,100 174.884234,-36.929134,100 174.884217,-36.929146,100 174.884201,-36.929159,100 174.88418,-36.92917,100 174.884172,-36.92918,100 174.884162,-36.929202,100 174.884155,-36.929234,100 174.88414,-36.929247,100 174.88413,-36.929251,100 174.884112,-36.929255,100 174.8841,-36.92925,100 174.884092,-36.929244,100 174.884077,-36.929257,100 174.884064,-36.929279,100 174.884056,-36.929295,100 174.884043,-36.929315,100 174.884042,-36.929325,100 174.884064,-36.929334,100 174.884087,-36.929337,100 174.8841,-36.929337,100 174.884122,-36.929334,100 174.884143,-36.929327,100 174.884165,-36.929318,100 174.884185,-36.929309,100 174.884204,-36.929299,100 174.884223,-36.92929,100 174.884261,-36.92927,100 174.884286,-36.929259,100 174.88434,-36.929231,100 174.884358,-36.929219,100 174.884381,-36.929205,100 174.884443,-36.929161,100 174.884471,-36.929144,100 174.884508,-36.929128,100 174.884529,-36.929122,100 174.884546,-36.929115,100 174.884564,-36.929104,100 174.884579,-36.92909,100 174.88459,-36.929076,100 174.8846,-36.92906,100 174.88461,-36.929028,100 174.884616,-36.929011,100 174.88462,-36.928993,100 174.884622,-36.928977,100 174.884623,-36.928959,100 174.884623,-36.92893,100 174.884637,-36.928894,100 174.884636,-36.928876,100 174.884633,-36.928871,100 174.884629,-36.928853,100 174.884633,-36.928836,100 174.88464,-36.928817,100 174.884649,-36.928799,100 174.884658,-36.92876,100 174.884665,-36.928737,100 174.884669,-36.928718,100 174.884679,-36.928695,100 174.88469,-36.928678,100 174.884703,-36.928663,100 174.88473,-36.928643,100 174.884747,-36.928634,100 174.88479,-36.928623,100 174.884811,-36.928617,100 174.884833,-36.928612,100 174.884865,-36.928603,100 174.884887,-36.928598,100 174.884901,-36.928593,100 174.884924,-36.928588,100 174.884945,-36.92858,100 174.884961,-36.928572,100 174.884975,-36.928558,100 174.884986,-36.928542,100 174.884995,-36.928524,100 174.885008,-36.928505,100 174.885037,-36.92846,100 174.885061,-36.928429,100 174.885083,-36.928399,100 174.885095,-36.928384,100 174.885128,-36.928336,100 174.885135,-36.928325,100 174.885154,-36.928292,100 174.885163,-36.928275,100 174.885175,-36.928255,100 174.885186,-36.928239,100 174.885197,-36.928215,100 174.885201,-36.928197,100 174.885203,-36.928179,100 174.885203,-36.928161,100 174.8852,-36.928133,100 174.885197,-36.928115,100 174.885187,-36.928081,100 174.885183,-36.928063,100 174.885172,-36.928028,100 174.885162,-36.928005,100 174.885153,-36.927988,100 174.885144,-36.927973,100 174.885135,-36.927956,100 174.885113,-36.927924,100 174.885101,-36.927909,100 174.885091,-36.927895,100 174.885082,-36.927878,100 174.885074,-36.927861,100 174.885068,-36.927843,100 174.885064,-36.927825,100 174.885063,-36.927805,100 174.885065,-36.927785,100 174.885062,-36.927767,100 174.885049,-36.927735,100 174.885038,-36.9277,100 174.885032,-36.927666,100 174.885032,-36.927647,100 174.885035,-36.927628,100 174.885041,-36.927611,100 174.88505,-36.927594,100 174.88506,-36.927579,100 174.88509,-36.927552,100 174.885097,-36.927542,100 174.885116,-36.927532,100 174.885139,-36.927524,100 174.885161,-36.927518,100 174.885188,-36.927508,100 174.885205,-36.927496,100 174.885238,-36.92747,100 174.885256,-36.927458,100 174.885274,-36.927447,100 174.885289,-36.927441,100 174.885311,-36.927434,100 174.885333,-36.92743,100 174.885356,-36.927427,100 174.885363,-36.927427,100 174.885385,-36.927423,100 174.885408,-36.927415,100 174.88543,-36.92741,100 174.88547,-36.927414,100 174.885493,-36.927411,100 174.885548,-36.927399,100 174.885571,-36.927396,100 174.885594,-36.927394,100 174.885608,-36.927396,100 174.885634,-36.927402,100 174.885651,-36.927408,100 174.885668,-36.927417,100 174.885673,-36.927428,100 174.885695,-36.927431,100 174.885717,-36.927427,100 174.885733,-36.927423,100 174.88577,-36.927416,100 174.885784,-36.927412,100 174.885808,-36.927412,100 174.885812,-36.927416,100 174.885831,-36.927415,100 174.88585,-36.927405,100 174.885892,-36.927391,100 174.885913,-36.927379,100 174.885918,-36.927374,100 174.885938,-36.927364,100 174.885961,-36.927359,100 174.885984,-36.927357,100 174.886007,-36.927356,100 174.886031,-36.927349,100 174.886044,-36.927351,100 174.886053,-36.927363,100 174.886057,-36.927365,100 174.88608,-36.927363,100 174.886101,-36.927363,100 174.886122,-36.927368,100 174.886145,-36.927366,100 174.886168,-36.927362,100 174.886207,-36.92735,100 174.886251,-36.927336,100 174.886273,-36.927331,100 174.886295,-36.927331,100 174.886296,-36.927332,100 174.886319,-36.927332,100 174.886342,-36.927328,100 174.886377,-36.927325,100 174.886391,-36.92733,100 174.886397,-36.927341,100 174.886421,-36.927341,100 174.886446,-36.927343,100 174.886462,-36.927339,100 174.886469,-36.927329,100 174.886471,-36.927311,100 174.886469,-36.927292,100 174.88647,-36.92729,100 174.88649,-36.927282,100 174.886518,-36.927277,100 174.886539,-36.927275,100 174.886565,-36.92727,100 174.886585,-36.927261,100 174.886595,-36.927255,100 174.886615,-36.927245,100 174.88662,-36.927238,100 174.886623,-36.927227,100 174.886616,-36.927214,100 174.886618,-36.927207,100 174.886637,-36.927203,100 174.886669,-36.927191,100 174.886679,-36.927184,100 174.886679,-36.927189,100 174.886688,-36.927206,100 174.886695,-36.927213,100 174.886711,-36.927226,100 174.886744,-36.927245,100 174.886756,-36.927249,100 174.88678,-36.927251,100 174.886803,-36.92725,100 174.886832,-36.92725,100 174.886846,-36.927255,100 174.886874,-36.927267,100 174.886895,-36.927277,100 174.886916,-36.927289,100 174.886946,-36.927303,100 174.887029,-36.927331,100 174.887049,-36.927339,100 174.887076,-36.927352,100 174.887106,-36.927378,100 174.887121,-36.927392,100 174.887133,-36.927401,100 174.88715,-36.927412,100 174.887168,-36.927422,100 174.887201,-36.927438,100 174.887241,-36.927454,100 174.887279,-36.927467,100 174.887299,-36.927475,100 174.88732,-36.927481,100 174.887362,-36.927495,100 174.88738,-36.9275,100 174.887401,-36.927509,100 174.887444,-36.927525,100 174.887465,-36.927532,100 174.887486,-36.927537,100 174.887513,-36.927539,100 174.887532,-36.927535,100 174.88755,-36.927527,100 174.887568,-36.927517,100 174.887586,-36.927506,100 174.887604,-36.927493,100 174.887641,-36.927469,100 174.88766,-36.927458,100 174.887685,-36.927449,100 174.887706,-36.927443,100 174.887749,-36.927433,100 174.887769,-36.92743,100 174.887837,-36.927424,100 174.887859,-36.927421,100 174.887873,-36.927417,100 174.887892,-36.927406,100 174.887909,-36.927393,100 174.887927,-36.927381,100 174.887945,-36.927372,100 174.887957,-36.927369,100 174.887978,-36.927371,100 174.888,-36.927376,100 174.888022,-36.927383,100 174.888066,-36.927389,100 174.888089,-36.927391,100 174.888127,-36.927396,100 174.888149,-36.9274,100 174.888192,-36.92741,100 174.888234,-36.927422,100 174.888277,-36.927432,100 174.888302,-36.927437,100 174.888325,-36.927438,100 174.888348,-36.92744,100 174.88837,-36.927443,100 174.888383,-36.927447,100 174.888402,-36.927456,100 174.888419,-36.927467,100 174.888436,-36.92748,100 174.888453,-36.927492,100 174.888466,-36.9275,100 174.888536,-36.92752,100 174.888577,-36.927536,100 174.888596,-36.927546,100 174.888631,-36.927568,100 174.888647,-36.927581,100 174.888664,-36.927596,100 174.888678,-36.92761,100 174.888691,-36.927625,100 174.888713,-36.927655,100 174.888732,-36.927687,100 174.888739,-36.927704,100 174.888748,-36.927729,100 174.888752,-36.927747,100 174.888755,-36.927765,100 174.888755,-36.927783,100 174.888753,-36.927815,100 174.88875,-36.927833,100 174.888739,-36.927868,100 174.888731,-36.927885,100 174.888712,-36.927918,100 174.888688,-36.927949,100 174.888667,-36.927973,100 174.888638,-36.928,100 174.888622,-36.928012,100 174.888574,-36.928051,100 174.888566,-36.928058,100 174.888539,-36.928087,100 174.888515,-36.928117,100 174.888504,-36.928133,100 174.888481,-36.928164,100 174.888459,-36.928195,100 174.888421,-36.928243,100 174.888382,-36.928288,100 174.888356,-36.928316,100 174.888313,-36.928358,100 174.888292,-36.928375,100 174.888258,-36.928399,100 174.888205,-36.928432,100 174.888188,-36.928444,100 174.888158,-36.928467,100 174.888128,-36.928495,100 174.888102,-36.928524,100 174.88809,-36.928539,100 174.888079,-36.928555,100 174.888067,-36.928575,100 174.888056,-36.928591,100 174.888036,-36.928624,100 174.888028,-36.928641,100 174.888021,-36.928658,100 174.888016,-36.928676,100 174.888011,-36.928711,100 174.888011,-36.928734,100 174.888013,-36.928752,100 174.888017,-36.92877,100 174.888023,-36.928787,100 174.888029,-36.9288,100 174.888039,-36.928816,100 174.888051,-36.928831,100 174.888077,-36.928861,100 174.888086,-36.928873,100 174.88811,-36.928907,100 174.88812,-36.928925,100 174.888127,-36.928942,100 174.888131,-36.928959,100 174.88813,-36.928978,100 174.888122,-36.928992,100 174.888109,-36.929005,100 174.888092,-36.929017,100 174.888073,-36.929028,100 174.888019,-36.929058,100 174.887951,-36.929106,100 174.887919,-36.929132,100 174.887904,-36.929146,100 174.887877,-36.929174,100 174.887859,-36.9292,100 174.887846,-36.929217,100 174.887835,-36.929234,100 174.887827,-36.929252,100 174.887822,-36.929269,100 174.887822,-36.929286,100 174.887823,-36.929293,100 174.887831,-36.929308,100 174.887843,-36.929324,100 174.887856,-36.929339,100 174.887866,-36.929352,100 174.887873,-36.929369,100 174.887879,-36.929386,100 174.887883,-36.929404,100 174.887886,-36.929422,100 174.887887,-36.929448,100 174.887887,-36.929466,100 174.887882,-36.929501,100 174.887878,-36.929519,100 174.887869,-36.92955,100 174.88786,-36.929577,100 174.887848,-36.929611,100 174.887834,-36.929645,100 174.887818,-36.929679,100 174.887811,-36.929696,100 174.887777,-36.929767,100 174.887777,-36.929786,100 174.887782,-36.929793,100 174.88779,-36.929794,100 174.887801,-36.929789,100 174.887814,-36.92978,100 174.887829,-36.929767,100 174.887861,-36.929732,100 174.887878,-36.929711,100 174.887895,-36.929688,100 174.887927,-36.929642,100 174.88794,-36.929619,100 174.887946,-36.929607,100 174.887956,-36.929591,100 174.887973,-36.929557,100 174.88798,-36.929539,100 174.887985,-36.929522,100 174.887989,-36.929504,100 174.887991,-36.929486,100 174.887991,-36.92946,100 174.887988,-36.929442,100 174.887986,-36.929406,100 174.887987,-36.929388,100 174.887989,-36.92937,100 174.887993,-36.929352,100 174.888001,-36.929328,100 174.888019,-36.929295,100 174.888039,-36.929262,100 174.88805,-36.929246,100 174.888063,-36.929231,100 174.888079,-36.929218,100 174.888096,-36.929206,100 174.888133,-36.929184,100 174.888167,-36.929169,100 174.888188,-36.929163,100 174.88821,-36.929158,100 174.888253,-36.929146,100 174.888273,-36.929139,100 174.888289,-36.92913,100 174.888304,-36.929117,100 174.888328,-36.929087,100 174.888338,-36.929072,100 174.888348,-36.929055,100 174.888356,-36.929039,100 174.888363,-36.929021,100 174.888368,-36.929004,100 174.888372,-36.928986,100 174.888375,-36.928967,100 174.888375,-36.92893,100 174.888374,-36.928912,100 174.888371,-36.928894,100 174.888367,-36.928877,100 174.888357,-36.928841,100 174.888334,-36.928775,100 174.888329,-36.928752,100 174.88833,-36.928734,100 174.888334,-36.928716,100 174.88834,-36.928699,100 174.88835,-36.928682,100 174.888361,-36.928665,100 174.888374,-36.92865,100 174.888393,-36.928631,100 174.888408,-36.928618,100 174.888424,-36.928606,100 174.888441,-36.928595,100 174.888478,-36.928573,100 174.88848,-36.928573,100 174.888516,-36.928551,100 174.888546,-36.928534,100 174.888582,-36.928508,100 174.888606,-36.928492,100 174.888636,-36.928468,100 174.888656,-36.928453,100 174.888668,-36.928445,100 174.888691,-36.928428,100 174.888711,-36.92841,100 174.888745,-36.928383,100 174.888751,-36.928377,100 174.888779,-36.928346,100 174.888805,-36.92832,100 174.888845,-36.928295,100 174.888864,-36.928284,100 174.8889,-36.92827,100 174.888961,-36.928238,100 174.888971,-36.928232,100 174.889011,-36.928215,100 174.88906,-36.92819,100 174.889068,-36.928187,100 174.889087,-36.928183,100 174.889105,-36.928183,100 174.889123,-36.928185,100 174.889147,-36.928192,100 174.889188,-36.9282,100 174.889206,-36.928206,100 174.889213,-36.92821,100 174.889226,-36.92822,100 174.889237,-36.928232,100 174.889244,-36.928238,100 174.889269,-36.928256,100 174.889302,-36.928288,100 174.889315,-36.928298,100 174.889332,-36.928305,100 174.889339,-36.928303,100 174.889345,-36.928298,100 174.889358,-36.928282,100 174.889382,-36.928261,100 174.889397,-36.92825,100 174.889409,-36.928237,100 174.889418,-36.928224,100 174.889431,-36.928214,100 174.889452,-36.928202,100 174.889474,-36.928194,100 174.889491,-36.92819,100 174.88952,-36.928187,100 174.889555,-36.928179,100 174.889579,-36.928179,100 174.889606,-36.928182,100 174.889633,-36.928182,100 174.88965,-36.928183,100 174.889706,-36.92819,100 174.889723,-36.928191,100 174.88975,-36.928191,100 174.889764,-36.928196,100 174.889771,-36.928201,100 174.889794,-36.92822,100 174.889804,-36.928227,100 174.889819,-36.928234,100 174.889845,-36.928244,100 174.88986,-36.928252,100 174.889874,-36.928258,100 174.889907,-36.928267,100 174.889931,-36.928277,100 174.889957,-36.928286,100 174.88998,-36.92829,100 174.890007,-36.928293,100 174.890019,-36.928297,100 174.890088,-36.92835,100 174.890113,-36.928372,100 174.890132,-36.928392,100 174.890141,-36.928403,100 174.890158,-36.92842,100 174.890176,-36.928445,100 174.890194,-36.928467,100 174.890203,-36.92848,100 174.890215,-36.928491,100 174.89023,-36.9285,100 174.890234,-36.928501,100 174.890249,-36.928509,100 174.890258,-36.928512,100 174.890276,-36.928516,100 174.8903,-36.928517,100 174.890314,-36.928519,100 174.890322,-36.928522,100 174.890341,-36.928538,100 174.890347,-36.928544,100 174.890358,-36.92855,100 174.89037,-36.92856,100 174.890388,-36.928577,100 174.890398,-36.928584,100 174.890427,-36.9286,100 174.890465,-36.928625,100 174.890494,-36.928642,100 174.890516,-36.928652,100 174.890541,-36.92866,100 174.890569,-36.928671,100 174.890584,-36.928679,100 174.890594,-36.928687,100 174.890603,-36.928699,100 174.890615,-36.928726,100 174.890626,-36.928756,100 174.890637,-36.928784,100 174.890641,-36.928802,100 174.890643,-36.928816,100 174.890648,-36.928837,100 174.890651,-36.928861,100 174.890649,-36.928887,100 174.890649,-36.928938,100 174.890647,-36.928966,100 174.890642,-36.928983,100 174.890633,-36.928997,100 174.890617,-36.929016,100 174.890614,-36.929022,100 174.890616,-36.929028,100 174.890621,-36.929033,100 174.890636,-36.929043,100 174.890654,-36.929051,100 174.890684,-36.929067,100 174.8907,-36.929073,100 174.890731,-36.929086,100 174.890751,-36.929093,100 174.890782,-36.929107,100 174.890807,-36.929116,100 174.890827,-36.929122,100 174.890852,-36.929128,100 174.89087,-36.929131,100 174.89089,-36.929138,100 174.890915,-36.929151,100 174.890973,-36.92918,100 174.891035,-36.92921,100 174.891058,-36.929222,100 174.891106,-36.929248,100 174.891128,-36.929261,100 174.891161,-36.929277,100 174.891191,-36.929288,100 174.891221,-36.929303,100 174.891252,-36.929315,100 174.891278,-36.929323,100 174.891297,-36.929328,100 174.891371,-36.929345,100 174.891402,-36.929349,100 174.891416,-36.92935,100 174.891444,-36.929346,100 174.891456,-36.929347,100 174.891471,-36.929356,100 174.89149,-36.929376,100 174.891493,-36.929383,100 174.891494,-36.929403,100 174.891499,-36.929408,100 174.891514,-36.929415,100 174.89154,-36.92942,100 174.891556,-36.929426,100 174.891582,-36.929433,100 174.891597,-36.929436,100 174.891662,-36.929445,100 174.89169,-36.929406,100 174.891663,-36.929386,100 174.891638,-36.929369,100 174.891613,-36.929353,100 174.891571,-36.929313,100 174.891551,-36.929289,100 174.891529,-36.929261,100 174.891495,-36.929229,100 174.891469,-36.929208,100 174.891429,-36.929178,100 174.891414,-36.929163,100 174.891382,-36.92914,100 174.891362,-36.929127,100 174.89134,-36.929114,100 174.891313,-36.929095,100 174.89127,-36.929069,100 174.891238,-36.929051,100 174.891207,-36.929032,100 174.891153,-36.929016,100 174.891113,-36.928989,100 174.891099,-36.928982,100 174.89105,-36.928939,100 174.891032,-36.928916,100 174.891015,-36.928891,100 174.891004,-36.928861,100 174.891008,-36.928825,100 174.891015,-36.928799,100 174.891035,-36.928743,100 174.891057,-36.928702,100 174.891069,-36.928683,100 174.891084,-36.928652,100 174.89109,-36.928635,100 174.891094,-36.928618,100 174.891087,-36.928592,100 174.891073,-36.92856,100 174.891059,-36.928539,100 174.891043,-36.928518,100 174.891031,-36.928508,100 174.891024,-36.928487,100 174.89102,-36.928451,100 174.890966,-36.928394,100 174.890915,-36.928363,100 174.890843,-36.928322,100 174.890782,-36.928318,100 174.890695,-36.928312,100 174.890613,-36.928311,100 174.890565,-36.928302,100 174.890543,-36.92829,100 174.890512,-36.928256,100 174.890474,-36.928218,100 174.890434,-36.928175,100 174.890387,-36.928124,100 174.890336,-36.928082,100 174.890283,-36.92804,100 174.890257,-36.928022,100 174.89022,-36.928,100 174.890181,-36.927976,100 174.890151,-36.927953,100 174.890112,-36.927931,100 174.890033,-36.927889,100 174.889981,-36.927861,100 174.889929,-36.92783,100 174.889896,-36.927817,100 174.889869,-36.927802,100 174.889806,-36.927784,100 174.889732,-36.92776,100 174.889684,-36.927733,100 174.889624,-36.92769,100 174.889578,-36.927639,100 174.889554,-36.927604,100 174.889553,-36.927568,100 174.88953,-36.927532,100 174.889541,-36.927486,100 174.88955,-36.927441,100 174.889548,-36.927387,100 174.889547,-36.927351,100 174.889543,-36.927313,100 174.889533,-36.927286,100 174.889531,-36.927246,100 174.889524,-36.927223,100 174.889505,-36.927194,100 174.88949,-36.927164,100 174.889442,-36.927139,100 174.8894,-36.927135,100 174.889347,-36.927135,100 174.889304,-36.927154,100 174.889248,-36.927202,100 174.889221,-36.927206,100 174.889169,-36.927181,100 174.889137,-36.927146,100 174.889111,-36.927111,100 174.889079,-36.927072,100 174.889057,-36.927033,100 174.889048,-36.926975,100 174.889045,-36.92694,100 174.889044,-36.926907,100 174.889047,-36.926893,100 174.889052,-36.926858,100 174.889072,-36.926803,100 174.889101,-36.926748,100 174.889127,-36.926698,100 174.889135,-36.926666,100 174.889116,-36.92664,100 174.88906,-36.926619,100 174.889006,-36.926589,100 174.888941,-36.926552,100 174.888896,-36.926518,100 174.888871,-36.926493,100 174.888836,-36.926446,100 174.888818,-36.926396,100 174.88882,-36.926354,100 174.888824,-36.926315,100 174.888832,-36.926265,100 174.888847,-36.926211,100 174.888878,-36.926162,100 174.888894,-36.92612,100 174.888908,-36.926081,100 174.888927,-36.926044,100 174.888961,-36.925993,100 174.888981,-36.925961,100 174.889004,-36.925917,100 174.889027,-36.925892,100 174.889056,-36.925863,100 174.889087,-36.925831,100 174.889118,-36.9258,100 174.889159,-36.92576,100 174.889197,-36.925727,100 174.8892,-36.925726,100 174.889223,-36.9257,100 174.889257,-36.925653,100 174.889299,-36.925606,100 174.889374,-36.925515,100 174.889537,-36.925555,100 174.889172,-36.925938,100 174.889057,-36.926099,100 174.889007,-36.926168,100 174.88898,-36.92635,100 174.889065,-36.926467,100 174.889278,-36.926607,100 174.889442,-36.926894,100 174.889719,-36.926953,100 174.889822,-36.926975,100 174.890211,-36.927057,100 174.890506,-36.92712,100 174.890574,-36.926939,100 174.890586,-36.926909,100 174.890597,-36.926879,100 174.890659,-36.926715,100 174.890727,-36.926534,100 174.890793,-36.926548,100 174.891432,-36.926684,100 174.891544,-36.926269,100 174.891553,-36.926236,100 174.89156,-36.926202,100 174.891566,-36.926169,100 174.891799,-36.926235,100 174.891605,-36.926953,100 174.891598,-36.926978,100 174.89251,-36.927137,100 174.89252,-36.927139,100 174.892451,-36.927393,100 174.892414,-36.927531,100 174.892757,-36.927591,100 174.892867,-36.92761,100 174.892944,-36.92775,100 174.892977,-36.927629,100 174.89354,-36.927727,100 174.894103,-36.927826,100 174.894082,-36.927905,100 174.894076,-36.927904,100 174.893955,-36.928362,100 174.893776,-36.929053,100 174.893555,-36.929163,100 174.893496,-36.929192,100 174.893555,-36.929269,100 174.893633,-36.929406,100 174.893692,-36.929378,100 174.893718,-36.929365,100 174.894856,-36.929221,100 174.895327,-36.929266,100 174.895656,-36.929208,100 174.895835,-36.928523,100 174.896041,-36.927735,100 174.896761,-36.927857,100 174.896973,-36.927044,100 174.8974,-36.927121,100 174.897552,-36.927168,100 174.897885383,-36.927236481,100 174.898365,-36.927335,100</coordinates></LinearRing></outerBoundaryIs>
    </Polygon>
  </Placemark>
</Document>
</kml>