<?xml version="1.0" encoding="utf-8"?>
<kml xmlns="http://www.opengis.net/kml/2.2">
<Document>
  <name>Favona (polygon: official_shp)</name>
  <open>1</open>

  <Placemark>
    <name>Favona (polygon: official_shp)</name>
    <Style>
      <LineStyle><color>ffff0000</color><width>2</width></LineStyle>
      <PolyStyle><color>66ff0000</color><fill>1</fill><outline>1</outline></PolyStyle>
    </Style>
    <Polygon>
      <tessellate>1</tessellate>
      <altitudeMode>relativeToGround</altitudeMode>
      <outerBoundaryIs><LinearRing><coordinates>174.83470234609527,-36.95614486654859,100 174.8346260309161,-36.956253921434694,100 174.83460562437838,-36.956283083569396,100 174.83451134114483,-36.95641781437703,100 174.83446773499256,-36.956480127747376,100 174.8343484012657,-36.95645559105181,100 174.83426915436343,-36.95643929661413,100 174.8341962672205,-36.95653473338814,100 174.83409876699918,-36.95671958283161,100 174.83406323385813,-36.95678693318744,100 174.83394238358107,-36.95700974995287,100 174.83389544989964,-36.95712890041255,100 174.83383988331624,-36.957362650101054,100 174.83372771713016,-36.95751478344435,100 174.83360621683963,-36.95753979983389,100 174.8335723943318,-36.957587847983625,100 174.83356171894454,-36.95760301264901,100 174.83354652427997,-36.95762459872206,100 174.83353568052573,-36.95764000213165,100 174.83347663406028,-36.95772388337622,100 174.83350935054014,-36.95781928305027,100 174.83349115111685,-36.95784605215092,100 174.83326525007504,-36.958178332813524,100 174.83323956664753,-36.958166066803926,100 174.83321341740069,-36.95819966625994,100 174.83292026715853,-36.95857636624307,100 174.8329158840179,-36.95858481620069,100 174.833008100493,-36.958565883234996,100 174.8329762066473,-36.95860915057644,100 174.83292195735882,-36.95868274641686,100 174.8328174668362,-36.95882449976521,100 174.83279376747558,-36.95875033279646,100 174.83234850013596,-36.9585387167479,100 174.8322690668118,-36.95851275000497,100 174.83223785029327,-36.95850256740998,100 174.83201668397442,-36.958433149686044,100 174.83178941690096,-36.95832949979512,100 174.83133970037503,-36.95812434971765,100 174.8311928167094,-36.958038465582916,100 174.83111716748525,-36.957994233004605,100 174.830821534044,-36.95782139855902,100 174.83074960575533,-36.95777935444344,100 174.83027365297556,-36.957501129178056,100 174.8301059003018,-36.95740306680424,100 174.82977775050915,-36.95734181608106,100 174.8282312839253,-36.95704998343306,100 174.82801030013707,-36.95707463342489,100 174.82750726677884,-36.95814248287102,100 174.82746041644643,-36.958127853721074,100 174.82740291692858,-36.95810989857186,100 174.82697921728564,-36.95798179984948,100 174.82674693404695,-36.95791103269748,100 174.82651458351182,-36.95784029856769,100 174.8262821668067,-36.95776983268723,100 174.82589396721883,-36.95765195016226,100 174.82591860073182,-36.95761890016467,100 174.82594804991385,-36.95740469970745,100 174.82597583342312,-36.95720263321208,100 174.82600313370193,-36.95700441557116,100 174.82603271667665,-36.95678925040916,100 174.82607335004658,-36.95649354981469,100 174.8261148331776,-36.9561916828023,100 174.82603573375383,-36.95615698279251,100 174.82571996733148,-36.9560185330353,100 174.82516431750625,-36.95577486683442,100 174.82494975003814,-36.95568069934721,100 174.8248647499002,-36.955643366359574,100 174.8248084501941,-36.95553774963723,100 174.8247329668066,-36.95539606663353,100 174.8247329421124,-36.95539602014437,100 174.8246919956054,-36.95540999540668,100 174.82466199085084,-36.955391998429235,100 174.82464899404408,-36.95537800057395,100 174.82462772730298,-36.95535140857091,100 174.8246209980556,-36.95534299541018,100 174.8246059947948,-36.955306004120565,100 174.82458199572264,-36.95527099159298,100 174.82455400824114,-36.95523299839896,100 174.8245249999173,-36.95519500556504,100 174.82449899507066,-36.955163992367375,100 174.82447600578377,-36.955123992604854,100 174.82446500191224,-36.95509500215351,100 174.82444000391732,-36.955048996199935,100 174.8244180032511,-36.95501300743635,100 174.8244030007706,-36.954979995441974,100 174.82439599720522,-36.95496300139092,100 174.82439400811978,-36.954942004117,100 174.82438099899846,-36.9548959959674,100 174.8243829998782,-36.95487799736296,100 174.8243900032015,-36.95484899605434,100 174.82439499337855,-36.95482100542079,100 174.8243929992867,-36.95478600708672,100 174.82439899193184,-36.9547579983427,100 174.82440499841871,-36.954718002703665,100 174.82440799815413,-36.95468999759278,100 174.82441399547614,-36.954653007101584,100 174.8244159987716,-36.95462000144666,100 174.82442400217064,-36.954576998049966,100 174.8244159960918,-36.9545410033127,100 174.82442299650444,-36.95450199737084,100 174.82442300827103,-36.95446300058895,100 174.82441799673006,-36.95442900042293,100 174.82442399613157,-36.95439600455761,100 174.82441299981713,-36.954366007203845,100 174.82442299259606,-36.95432499940452,100 174.824414999521,-36.95427500422934,100 174.82440500822324,-36.954249001410716,100 174.82438900279007,-36.95421800395495,100 174.82433400208944,-36.95415400087329,100 174.82429600594097,-36.95413999417469,100 174.82427000256934,-36.95413199435225,100 174.8242470003758,-36.95412499754433,100 174.82421199811932,-36.95410900426496,100 174.8241759954776,-36.954103001279655,100 174.8241340036747,-36.95408900094601,100 174.82409499499082,-36.95406799655269,100 174.82401300748688,-36.95405399241944,100 174.8239769997712,-36.95405700267315,100 174.82393700193956,-36.9540530033485,100 174.82389400578978,-36.954058007416315,100 174.82386000109986,-36.95405299213223,100 174.8238550034904,-36.95405699507302,100 174.82380199718946,-36.95405699643434,100 174.82377899843053,-36.95405800412472,100 174.82373800661756,-36.95405899259806,100 174.8236839969509,-36.95405699666837,100 174.82365900739381,-36.954055996127465,100 174.82361300700265,-36.95405200508102,100 174.82356299419178,-36.95405000358024,100 174.82353100709102,-36.95405000281114,100 174.82350000652892,-36.95405200043355,100 174.82348599371014,-36.95405000743809,100 174.82342200015754,-36.954066996071866,100 174.82340899501443,-36.954079002249586,100 174.82340500758386,-36.954102997207386,100 174.82341099941468,-36.954120999218624,100 174.82342999170646,-36.954138006576926,100 174.82342500283605,-36.95416799628914,100 174.8234019948765,-36.9541949927743,100 174.82337499370402,-36.95420500568376,100 174.82330900030593,-36.95421499736497,100 174.82322999150085,-36.954210993079236,100 174.82317699574813,-36.95419099996808,100 174.82315700488493,-36.95418599458988,100 174.82312699539006,-36.9541769951841,100 174.82307700796292,-36.95415100259346,100 174.82303499947832,-36.954137002124895,100 174.82299299142312,-36.9540980061638,100 174.8229459966053,-36.95407199460069,100 174.82291099894994,-36.95404299207759,100 174.82288000483268,-36.954012991594155,100 174.82283700107095,-36.95397099323742,100 174.82280599912426,-36.953940002300556,100 174.82277799280888,-36.95392099440743,100 174.82274899490633,-36.953883992409786,100 174.82271100441855,-36.953880005111984,100 174.82266400315112,-36.953884007568796,100 174.82261699900383,-36.95388200003341,100 174.82257255478413,-36.95387666695596,100 174.8225687818796,-36.9538772566605,100 174.8225496237156,-36.95388023041999,100 174.82253122286252,-36.953884397617976,100 174.8225249255312,-36.95388636273823,100 174.82250750220925,-36.9538935181315,100 174.82249130784436,-36.953902666406904,100 174.82247666359837,-36.953913476355766,100 174.8224639404111,-36.953925679097914,100 174.82245344333603,-36.95393897431711,100 174.82244740303832,-36.95394875536078,100 174.8224411561224,-36.95396315524823,100 174.82243650416953,-36.95397836527469,100 174.82243267603707,-36.953993978163666,100 174.82242890178446,-36.95400963709413,100 174.82242369864298,-36.95401373686825,100 174.82241297537885,-36.9540263541565,100 174.82241163236222,-36.95402857580303,100 174.82240544134913,-36.95403589764675,100 174.82239070419308,-36.95404582661687,100 174.82237257171963,-36.95405296313342,100 174.82235301948114,-36.95405806462415,100 174.8223508062128,-36.95405878360485,100 174.8223323475384,-36.954063401419994,100 174.82231318372817,-36.95406618775348,100 174.822293749968,-36.95406726030717,100 174.82227631566687,-36.95406802005156,100 174.8222568466718,-36.954067095809556,100 174.82223804450356,-36.95406389810795,100 174.82222902908728,-36.95406118741344,100 174.82221212772737,-36.95405396136284,100 174.82219577732585,-36.954045301862,100 174.82217940677546,-36.95403655073326,100 174.82216367048719,-36.954028919223745,100 174.82214665812054,-36.95402141726017,100 174.82212908058668,-36.95401541205228,100 174.82211877663244,-36.95401306182691,100 174.82209992226,-36.95401050033677,100 174.8220805378783,-36.954009497253175,100 174.82206086911467,-36.95400952063092,100 174.8220411608885,-36.95401000879213,100 174.8220353676371,-36.954010742153955,100 174.82201495420367,-36.95401406137255,100 174.82199487359927,-36.95401683198196,100 174.821975775119,-36.95401684569164,100 174.82195838132682,-36.95401195257416,100 174.82195560974216,-36.954010497113245,100 174.82195340380423,-36.954009497152065,100 174.82193595301882,-36.95400701954891,100 174.821917129396,-36.95401088578972,100 174.82189759697258,-36.95401809239088,100 174.82187800678236,-36.95402570276655,100 174.82187039668435,-36.95402776731562,100 174.82185167474248,-36.95403288482393,100 174.8218329606674,-36.9540369656877,100 174.82181418191442,-36.95403861487167,100 174.82180456530543,-36.954038669615,100 174.82178495866378,-36.95403649276681,100 174.821767180095,-36.954030769098736,100 174.82175650880595,-36.95402492644623,100 174.82174311149933,-36.95401345991224,100 174.82173241142655,-36.95399995104984,100 174.82172576055905,-36.95398976541637,100 174.82171890799842,-36.95397521506861,100 174.82171321973743,-36.953960179968576,100 174.82171244430654,-36.95395831982105,100 174.82170676122146,-36.95394350185994,100 174.82170140410676,-36.953928601382614,100 174.8216957902657,-36.95391376703579,100 174.82169135296706,-36.953900941708646,100 174.82168561087974,-36.95388586236684,100 174.8216785034544,-36.953871455632274,100 174.82166907262004,-36.95385818867034,100 174.82166688493862,-36.95385526770521,100 174.82165470924642,-36.95384223213983,100 174.8216398727362,-36.953833238373875,100 174.82163487163933,-36.95383186668955,100 174.8216167470343,-36.95383141473564,100 174.82159685781434,-36.95383491060925,100 174.82157644433684,-36.95383949971629,100 174.82155953146076,-36.95384102558997,100 174.82154033886997,-36.95384274417273,100 174.82152114997646,-36.95384457085435,100 174.8215019999406,-36.953846567286625,100 174.8214983768024,-36.95384693834182,100 174.82147914107233,-36.95384896763157,100 174.82145998124068,-36.95385121297242,100 174.82144086169774,-36.95385373529939,100 174.82142187416554,-36.953856613422914,100 174.82140303607127,-36.95385996605024,100 174.8213843856854,-36.95386384396969,100 174.82137489738275,-36.953866172548906,100 174.82135670762128,-36.95387114210907,100 174.82133868829158,-36.95387666606903,100 174.82132080017016,-36.95388255935815,100 174.82130298718718,-36.95388868403305,100 174.82128521009125,-36.953894900990974,100 174.82126741654554,-36.95390108755365,100 174.82124951266053,-36.95390707391021,100 174.82124868857957,-36.95390731999546,100 174.821230543201,-36.95391264487799,100 174.8212123611721,-36.95391789280629,100 174.82119414210652,-36.95392304756246,100 174.82117592233024,-36.953928172583105,100 174.82115764867092,-36.953933251558816,100 174.82113939299293,-36.95393833115722,100 174.8211118478587,-36.95394211204254,100 174.82110493094638,-36.95394159443546,100 174.8210428910026,-36.953932220582736,100 174.82102634805696,-36.9539267401332,100 174.82099826485825,-36.953914671375486,100 174.8209793659528,-36.95390184342336,100 174.8209604503567,-36.95388642802683,100 174.82094564526713,-36.953871393928196,100 174.82092952516194,-36.953859664418204,100 174.8209225179172,-36.95384384643129,100 174.82091697054057,-36.953836135080344,100 174.820859854493,-36.95374023343704,100 174.82084679506323,-36.953712670302785,100 174.82082217516552,-36.95367040454493,100 174.82080775653054,-36.95363914880367,100 174.82079892325396,-36.95362224658348,100 174.8207936130057,-36.95358803540553,100 174.82079750703795,-36.95355121793723,100 174.82079973798423,-36.953541997438485,100 174.82082328775607,-36.95349739931723,100 174.82083736809307,-36.95347563543106,100 174.8208423588216,-36.953466056237545,100 174.82085372417592,-36.95345091905583,100 174.82086689116,-36.95342989744411,100 174.82088317270825,-36.95339710004727,100 174.82088997077682,-36.95338456473249,100 174.82089723942332,-36.953373492256716,100 174.82090129579848,-36.953363914773824,100 174.82090397092682,-36.953352502653665,100 174.82090794140873,-36.95332781130589,100 174.82091245677844,-36.95331859722589,100 174.82091834708947,-36.95330901955329,100 174.8209219581935,-36.95329833486465,100 174.82092911796693,-36.953272551765956,100 174.82093087358388,-36.9532603966382,100 174.82093138090946,-36.95320002006206,100 174.82092559968686,-36.953161029187264,100 174.82092725763928,-36.95313524665612,100 174.82093521988511,-36.95309326709629,100 174.82094601420252,-36.95306231233847,100 174.8209596788113,-36.9530464395508,100 174.82096203946872,-36.9530447422028,100 174.82097588874362,-36.9530345962895,100 174.82098977393238,-36.953024496692485,100 174.82100385511555,-36.95301461040491,100 174.82101829570652,-36.95300519720494,100 174.82103328913644,-36.95299645692292,100 174.82104576010863,-36.95298978781566,100 174.82106181740613,-36.952982052409325,100 174.82107834330233,-36.952974989409896,100 174.82109531834794,-36.95296858379306,100 174.82111265801672,-36.95296287020419,100 174.82113027470047,-36.952957848184454,100 174.82114060048454,-36.95295513363072,100 174.82115848623346,-36.95295112957922,100 174.82117662960525,-36.95294771013665,100 174.8211949748818,-36.95294470490633,100 174.82121337546758,-36.95294185295088,100 174.82123177570855,-36.952938986576704,100 174.82126481721332,-36.95293900063758,100 174.8213156007619,-36.95294661194102,100 174.82137352783798,-36.952958175884845,100 174.82143685335413,-36.95297633757579,100 174.8214748904188,-36.9530018670875,100 174.82152067613714,-36.953027992442465,100 174.82157513982247,-36.95304464782162,100 174.82166149075493,-36.9530858372933,100 174.82170999082328,-36.95310596858721,100 174.82176770206482,-36.95311459373106,100 174.82180383108144,-36.953108298772065,100 174.8218256209463,-36.95309747658981,100 174.82186066367296,-36.95309003828196,100 174.8218821530591,-36.95308885313568,100 174.82187949732872,-36.95306416610631,100 174.8218540573754,-36.953057209843706,100 174.8218249940127,-36.95304929158831,100 174.8217885735541,-36.953037224774405,100 174.82176408332128,-36.95302492529837,100 174.82174742246588,-36.9530037889792,100 174.821751627408,-36.95297226378426,100 174.82176535207174,-36.952940252703236,100 174.82176664191567,-36.95292415601723,100 174.82175279672936,-36.952871255339495,100 174.8217238863147,-36.952848776547135,100 174.82165915940553,-36.95284047264738,100 174.8216119995059,-36.952833124955795,100 174.82156363011487,-36.952818612261915,100 174.8215339689904,-36.95280308602733,100 174.82150265779086,-36.95276689614144,100 174.8214817577423,-36.952747039809786,100 174.8214632942155,-36.952689587070516,100 174.82147608640125,-36.95266090539298,100 174.82148937484243,-36.9526234967036,100 174.82149522603038,-36.95259403642334,100 174.82150890070042,-36.952554172911654,100 174.8215270789002,-36.95251191127956,100 174.82154700405633,-36.952477549973224,100 174.82158388039693,-36.952451016131924,100 174.82160706294962,-36.952426062413245,100 174.82162852384548,-36.95240737766957,100 174.8216385094273,-36.95240028606238,100 174.82167451269115,-36.95236949241927,100 174.82169430202853,-36.952353004600354,100 174.8217177341655,-36.95231712840673,100 174.82172105917505,-36.95230014513421,100 174.82175713013112,-36.95226602094149,100 174.82177609278048,-36.95222925972396,100 174.8217768965012,-36.95222825413257,100 174.82180333306823,-36.95219743781039,100 174.82182706605028,-36.95216778241502,100 174.82186920442365,-36.95212818057485,100 174.82190765015963,-36.95210936310985,100 174.82192510752125,-36.95210883561205,100 174.82194596282147,-36.952111827905014,100 174.82196704549813,-36.95211625611711,100 174.82196725427846,-36.952116298880334,100 174.82198646561145,-36.95211863770066,100 174.82200556137363,-36.95212182914026,100 174.8220246001212,-36.952125502758165,100 174.82204364293426,-36.95212929979179,100 174.82206123556497,-36.952132563865185,100 174.82208060040486,-36.95213682013153,100 174.82210005133012,-36.95214101288214,100 174.8221195207941,-36.95214461678124,100 174.8221389420133,-36.95214704429016,100 174.82215826839862,-36.95214780129785,100 174.82217744812462,-36.9521463153586,100 174.822181548374,-36.952145657550275,100 174.82218430221272,-36.95214514569197,100 174.82220347085874,-36.95214319483608,100 174.82222282241352,-36.9521436413919,100 174.82224230326923,-36.95214569662352,100 174.82226187665034,-36.952148618405424,100 174.8222815038422,-36.95215163039169,100 174.8222911557008,-36.95215292345015,100 174.82231068175912,-36.9521540478116,100 174.82233025429923,-36.952155002007636,100 174.82234980151284,-36.95215564743554,100 174.8223693566765,-36.95215591959058,100 174.8223888824548,-36.95215571268983,100 174.82240835789463,-36.95215494863987,100 174.8224092211776,-36.95215488761744,100 174.82242872368798,-36.95215379867241,100 174.82244815940632,-36.95215216905463,100 174.8224675455212,-36.9521499660526,100 174.82248679565444,-36.9521471936964,100 174.82250592845483,-36.95214388054213,100 174.82250713266828,-36.95214365835623,100 174.82252615517882,-36.95214009992947,100 174.82254502370176,-36.952135970622514,100 174.8225637064048,-36.952131348437895,100 174.8225822040607,-36.95212626581146,100 174.82258448684675,-36.9521255917271,100 174.82260343219943,-36.952121105208946,100 174.82262197777547,-36.95211586591183,100 174.82263956779238,-36.95210917212664,100 174.82264590428062,-36.95210607614175,100 174.82265393329757,-36.952101571541974,100 174.822662962363,-36.952087713885014,100 174.82266412965083,-36.952082738688794,100 174.82266327861333,-36.95206748244787,100 174.8226584201561,-36.95205178389423,100 174.8226558871914,-36.95203640205386,100 174.8226596650165,-36.952020851217064,100 174.8226663859939,-36.952009339086246,100 174.82266764233827,-36.952007770423634,100 174.8226811169615,-36.951996529551664,100 174.82269640928067,-36.95198800079113,100 174.8227131671666,-36.95197989658294,100 174.8227301730273,-36.951972066172466,100 174.8227421876247,-36.9519651569342,100 174.82274397254602,-36.95196394969738,100 174.8227571077744,-36.95195166308574,100 174.82276378411373,-36.95193714842781,100 174.82276290249848,-36.95192927899618,100 174.8227626374721,-36.95192183543625,100 174.8227585864513,-36.951911837072124,100 174.8227510716412,-36.95189711217657,100 174.82273882682836,-36.951885363965836,100 174.82273671904855,-36.951884145292425,100 174.8227303227432,-36.951881668421024,100 174.82271822925446,-36.951881639586055,100 174.82269570569895,-36.95188361679676,100 174.82268966932642,-36.9518855923389,100 174.82267134082787,-36.951896449862765,100 174.8226555825096,-36.951910964247865,100 174.82264796706053,-36.951917412059075,100 174.82263343539944,-36.95193184541707,100 174.82262094075045,-36.95194744986386,100 174.82261075307304,-36.951963960773206,100 174.82260771705137,-36.95197680436384,100 174.82260573325766,-36.95199742012903,100 174.82260397826414,-36.95201750510769,100 174.8225991782328,-36.95203497793389,100 174.82258801141572,-36.95204777329914,100 174.82258712517137,-36.952048284435385,100 174.82256561460113,-36.952056530993026,100 174.82254285649447,-36.952058140431305,100 174.8225352362417,-36.952056518767264,100 174.82251933795584,-36.95204659772167,100 174.82250645813915,-36.9520304463598,100 174.82249582202317,-36.95201084994657,100 174.82248669113264,-36.951990561643036,100 174.82248380673963,-36.95198545396287,100 174.8224754523168,-36.95196838858539,100 174.82247381021097,-36.9519644678036,100 174.82227177674977,-36.95199152272186,100 174.82213671689138,-36.952009079624254,100 174.82190712339963,-36.952036677710694,100 174.82181699956487,-36.95204802221168,100 174.82178591231514,-36.95205063901529,100 174.8217163414719,-36.952056106874274,100 174.82167003090055,-36.9520600190103,100 174.82164697657345,-36.95206220606365,100 174.82162405012693,-36.95206462279024,100 174.82160128486814,-36.95206730022538,100 174.82157866768364,-36.95207030076162,100 174.82155626736866,-36.952073683732124,100 174.82153410380155,-36.95207748218092,100 174.8215121944801,-36.952081770649485,100 174.8214905940626,-36.95208658074695,100 174.82146930105452,-36.95209194404269,100 174.8214483539119,-36.95209796630297,100 174.82142780546204,-36.952104649421386,100 174.82142066059072,-36.95210789744963,100 174.82140166967332,-36.95211726333919,100 174.82138311516715,-36.95212741208892,100 174.82136492409313,-36.95213825017982,100 174.82134705989648,-36.95214965739562,100 174.8213294492187,-36.95216147713043,100 174.8213120374869,-36.9521736813793,100 174.82129475399566,-36.952186130620674,100 174.821243069175,-36.9522238336138,100 174.82122567943958,-36.95223616099398,100 174.82120812590009,-36.95224821237581,100 174.82119037193797,-36.952259864839746,100 174.82117227577262,-36.95227101240198,100 174.82115385126104,-36.95228152956589,100 174.82113499444193,-36.95229134221503,100 174.82111566418519,-36.95230032659757,100 174.82109566180011,-36.95230735460103,100 174.82107474656885,-36.952313918903,100 174.82105346969405,-36.9523199164088,100 174.821031885427,-36.952325361608544,100 174.82101001057922,-36.95233030021166,100 174.82098788146135,-36.95233474788479,100 174.82096551452005,-36.952338735020525,100 174.8209429456514,-36.952342307035565,100 174.82092019432665,-36.952345479854955,100 174.82089733048534,-36.95234831369577,100 174.82087435449253,-36.95235082387486,100 174.82085128208672,-36.95235301105205,100 174.82082818766952,-36.95235498134357,100 174.82078192984844,-36.952358241571126,100 174.82075129774907,-36.95236106744202,100 174.8207286981189,-36.95236278226181,100 174.82070607423978,-36.95236423336159,100 174.82068337524336,-36.952365453969115,100 174.82066068643522,-36.952366395005974,100 174.82063795842723,-36.95236715186848,100 174.82061518932457,-36.952367692138026,100 174.8205923813441,-36.952368061748096,100 174.82056956933047,-36.95236826196692,100 174.82052388333628,-36.95236827667414,100 174.82045523932908,-36.95236759518055,100 174.82034075855336,-36.95236578411309,100 174.82029498743236,-36.95236524211853,100 174.82016935683603,-36.952364409433926,100 174.82010085070607,-36.95236433040888,100 174.82005522774236,-36.9523647757029,100 174.8200096880406,-36.95236579384564,100 174.8199869255841,-36.95236656643407,100 174.81996420271048,-36.952367539406346,100 174.81994150258018,-36.95236871302063,100 174.81991701292472,-36.95237024214579,100 174.81989430517365,-36.95237180343678,100 174.8198716029613,-36.95237355031107,100 174.8198489234916,-36.952375497827404,100 174.81982626566312,-36.95237764690404,100 174.81980363019088,-36.95237998040488,100 174.81978103507973,-36.95238249985658,100 174.8197584443839,-36.95238520490884,100 174.819713380299,-36.952391155798864,100 174.8196909244858,-36.95239438514345,100 174.8196460773876,-36.95240133765717,100 174.81960143736535,-36.95240892241282,100 174.8195285355338,-36.95241870420873,100 174.81948281626072,-36.95242534555244,100 174.81946002243782,-36.952428907214276,100 174.81943728538513,-36.952432636549105,100 174.81941465753678,-36.952436566102314,100 174.81939210443397,-36.95244071082323,100 174.81936967959052,-36.952445101438094,100 174.8193473986802,-36.95244973590411,100 174.8193252808654,-36.952454664401806,100 174.81930334434375,-36.952459896566936,100 174.81928164237178,-36.9524654523139,100 174.8192601202404,-36.95247134509974,100 174.81923883407296,-36.9524776209333,100 174.8192178351459,-36.952484263706445,100 174.81919708899235,-36.952491335237475,100 174.81917666562248,-36.95249885157882,100 174.81915654664525,-36.95250679498603,100 174.81913677026472,-36.95251521354526,100 174.81913238470102,-36.95251818390929,100 174.81911396218072,-36.95253139568547,100 174.81909594309124,-36.9525454683498,100 174.8190782874355,-36.95256023126393,100 174.81906093954262,-36.95257551583234,100 174.81904382646562,-36.952591182566515,100 174.8189936953575,-36.95263869241851,100 174.81897721698076,-36.95265417906808,100 174.81896076236134,-36.95266920116999,100 174.81894432554643,-36.952683602886566,100 174.81892783326822,-36.95269723121418,100 174.81891123059356,-36.9527099013219,100 174.81889451232018,-36.95272148890681,100 174.81887762168535,-36.95273177942233,100 174.81886048462044,-36.95274063339679,100 174.81884308248164,-36.95274788076568,100 174.81882537382134,-36.95275338426143,100 174.81880728533798,-36.952756942209255,100 174.818788796893,-36.952758416113724,100 174.81878162225618,-36.95275791764061,100 174.81876179726402,-36.95275527854984,100 174.81874172038516,-36.95275097316297,100 174.8187213967164,-36.95274512127778,100 174.8187009343763,-36.952737971805554,100 174.81868031944077,-36.952729647539456,100 174.8186596285596,-36.95272034920157,100 174.81863893350607,-36.95271026136486,100 174.81861827423364,-36.95269955286598,100 174.8185976712895,-36.95268837931911,100 174.8185569191498,-36.952665466443186,100 174.81852774123504,-36.95265120020802,100 174.81850857506583,-36.95264136473274,100 174.8184896282644,-36.952631308675144,100 174.81847083161318,-36.95262104931937,100 174.81845218621356,-36.95261058574731,100 174.81843369018455,-36.952599933310346,100 174.81841527691816,-36.95258912457509,100 174.8183787701323,-36.952567162399355,100 174.81834251418965,-36.952544838544604,100 174.8182522402788,-36.95248852211726,100 174.81821588039062,-36.9524662160385,100 174.8181976008785,-36.95245522044869,100 174.81816074044286,-36.952433588096625,100 174.81814210791237,-36.952423000796095,100 174.81810979545708,-36.95240328979765,100 174.81809123647866,-36.95239220563467,100 174.81807252883772,-36.95238138693182,100 174.8180536253361,-36.95237097411691,100 174.8180344566957,-36.9523610764096,100 174.81801492634386,-36.95235183589512,100 174.81799505218194,-36.95234334423412,100 174.81797473497602,-36.95233577329621,100 174.81796071104273,-36.95233272706658,100 174.81793788447317,-36.9523290558186,100 174.81791446174557,-36.952326431118394,100 174.81789066153738,-36.952324603555766,100 174.81784284630172,-36.95232192693739,100 174.81781926372975,-36.952320467373006,100 174.81779622130534,-36.952318486680106,100 174.81777388310215,-36.95231565877162,100 174.81775248492644,-36.95231169882446,100 174.8177322746857,-36.952306264145626,100 174.81771347212705,-36.95229905573705,100 174.81769836005913,-36.95228944557564,100 174.81768296157165,-36.95227747112,100 174.81766865068366,-36.952264100083866,100 174.81765529520163,-36.95224958235559,100 174.8176427625768,-36.95223410563751,100 174.81763091806684,-36.95221781259934,100 174.81761961076626,-36.95220092186936,100 174.8176087081565,-36.952183575181785,100 174.81758758041497,-36.95214842076915,100 174.81756170559368,-36.95211628906264,100 174.81753717484202,-36.9520852345842,100 174.8175130000712,-36.9520539421089,100 174.81750106744275,-36.9520382389699,100 174.81747752555333,-36.95200664026217,100 174.8174659499924,-36.95199074507889,100 174.8174544792351,-36.95197481764492,100 174.81743196286078,-36.95194275256577,100 174.8174100453383,-36.95191046199657,100 174.81739930963596,-36.951894227669825,100 174.81737837037488,-36.95186160935895,100 174.81735813361868,-36.9518287324258,100 174.81733868466463,-36.95179559466366,100 174.81732004515374,-36.9517622561303,100 174.81731104147767,-36.95174546620377,100 174.8173022619538,-36.95172860975249,100 174.81729373990882,-36.951711718714044,100 174.8172854236898,-36.95169474610898,100 174.8172773488473,-36.9516777229395,100 174.81725939998128,-36.951638426890895,100 174.81725187488928,-36.9516212862439,100 174.8172446080218,-36.95160404790594,100 174.81723758030637,-36.951586759939154,100 174.81723079321728,-36.95156938987337,100 174.81722423068584,-36.95155197040225,100 174.8172117548948,-36.95151690159723,100 174.81720010505714,-36.95148161825118,100 174.8171946064743,-36.951463885956635,100 174.81718412350324,-36.95142827288935,100 174.81717434446043,-36.95139246157062,100 174.81716525329787,-36.95135648559524,100 174.81715676387304,-36.95132035890046,100 174.8171488586301,-36.95128409888029,100 174.81714509610688,-36.951265934413826,100 174.8171379486688,-36.95122952218662,100 174.8171280520966,-36.951174726280826,100 174.81711900237286,-36.95111983899629,100 174.81711062326715,-36.951064863931975,100 174.81710274779005,-36.95100991000018,100 174.81706756302071,-36.95090307295902,100 174.8170555672989,-36.95086579755455,100 174.81704976794705,-36.9508471721359,100 174.81703867067293,-36.95080989739898,100 174.81703344308002,-36.95079127764934,100 174.81702849274316,-36.95077269962334,100 174.81702383689597,-36.95075413241224,100 174.8170194927199,-36.950735590174304,100 174.81701551338404,-36.950717089220944,100 174.81701189848127,-36.95069861243325,100 174.8170087344427,-36.95068020535726,100 174.817006003701,-36.950661837616884,100 174.81700374217928,-36.950643508662324,100 174.81700201832527,-36.95062526341353,100 174.8170008497364,-36.95060708627867,100 174.8170002364122,-36.950588977257794,100 174.81700023035611,-36.950570950877484,100 174.81700088433007,-36.95055300633021,100 174.81700219794823,-36.95053512739804,100 174.81700423970105,-36.95051736080286,100 174.8170069770111,-36.95049970614191,100 174.81701053039114,-36.95048213092567,100 174.81701484668363,-36.95046466661267,100 174.81702001381498,-36.95044732717957,100 174.8170260325219,-36.9504300963912,100 174.81703297131602,-36.950413021870276,100 174.81703671956518,-36.95040558626582,100 174.81704572594168,-36.950388847838724,100 174.81706465616054,-36.95035541732869,100 174.81707379876426,-36.950338599300586,100 174.81708228098157,-36.950321637253246,100 174.81708763096685,-36.950307315354024,100 174.81709312329073,-36.950289815011274,100 174.8170976409542,-36.95027213039391,100 174.81710125429638,-36.950254244201595,100 174.81710412117894,-36.95023623063065,100 174.8171063089799,-36.95021808955118,100 174.8171079576392,-36.95019980259743,100 174.8171091371344,-36.950181431791,100 174.81710995104467,-36.95016298816505,100 174.8171118624831,-36.95008878988266,100 174.81711251744005,-36.95007022610938,100 174.81711341669757,-36.95005173520927,100 174.81711473240756,-36.95003328390234,100 174.81711651581438,-36.95001490204923,100 174.81712240326334,-36.94994715587289,100 174.81712451306836,-36.94992667795253,100 174.81712695508978,-36.94990633375093,100 174.8171297659689,-36.949886200221115,100 174.81713306912934,-36.94986636740892,100 174.81713693566087,-36.94984694418769,100 174.81714147361316,-36.94982803525973,100 174.81714673687307,-36.94980973443913,100 174.81715281552866,-36.9497921467031,100 174.81715981398344,-36.94977536509247,100 174.81716780402152,-36.94975948044334,100 174.81717685927745,-36.949744614208456,100 174.8171871193499,-36.94973082824476,100 174.81719860435317,-36.94971826014661,100 174.81721142091476,-36.94970700201918,100 174.81721752986167,-36.94970311934497,100 174.8172329528275,-36.9496949299847,100 174.81724974247388,-36.94968806357607,100 174.8172677746924,-36.94968240124089,100 174.8172870120497,-36.949677832688785,100 174.81730731391056,-36.94967429968329,100 174.81732859164,-36.94967166387547,100 174.81735078987685,-36.94966986392091,100 174.81737376911767,-36.949668794697175,100 174.81739745604895,-36.9496683482659,100 174.81742176314887,-36.94966843313019,100 174.81744660023435,-36.94966898757757,100 174.81747184473525,-36.949669862963084,100 174.81749744084038,-36.94967097902178,100 174.81757530132975,-36.9496749290578,100 174.81760129743463,-36.9496761011614,100 174.81762716563128,-36.94967704177477,100 174.81765281882508,-36.94967767742164,100 174.8176884063604,-36.949671237892304,100 174.81771098395572,-36.949666736203014,100 174.81773358935806,-36.949661987121004,100 174.81775615368224,-36.94965697457585,100 174.817778696037,-36.949651793815285,100 174.81782373372005,-36.94964096611584,100 174.81793599003564,-36.9496128654449,100 174.81798071489317,-36.94960196586408,100 174.81802535195388,-36.94959167239921,100 174.8180476265513,-36.9495868508098,100 174.81806989095577,-36.949582261913854,100 174.81809209312527,-36.94957798402217,100 174.81811428730856,-36.94957403162648,100 174.81813645663686,-36.94957045095265,100 174.81815858463585,-36.94956725757549,100 174.81818068817887,-36.949564499908064,100 174.81820275372223,-36.9495622223227,100 174.81822477904265,-36.94956042575475,100 174.81824678468112,-36.94955917117965,100 174.81826873582935,-36.94955850599936,100 174.81829066838918,-36.949558428762714,100 174.8183125662849,-36.9495590190324,100 174.8183344122926,-36.94956026084841,100 174.81835210558836,-36.94956542843708,100 174.81837419432418,-36.949572627882254,100 174.81839626670504,-36.94958050897441,100 174.818418282781,-36.94958890287661,100 174.81844029085804,-36.94959762137367,100 174.81850593973678,-36.94962404757863,100 174.81852766060396,-36.949632399113305,100 174.8185493330405,-36.94964022501284,100 174.8185709189461,-36.949647387057084,100 174.818592413885,-36.949653698740065,100 174.81861381268436,-36.949658989790926,100 174.81863509258238,-36.94966305866194,100 174.81865628621418,-36.94966581381958,100 174.81867733636855,-36.949667021796216,100 174.81869827193526,-36.94966652802303,100 174.8187190712875,-36.949664178705106,100 174.81872304947112,-36.94966349224232,100 174.81875114740905,-36.949657752091866,100 174.81877881106442,-36.94965060891807,100 174.81880469892528,-36.94964241315805,100 174.81882755843105,-36.94963347783431,100 174.81884604877942,-36.94962418311867,100 174.8188588796594,-36.94961481286953,100 174.81886474843873,-36.94960574667419,100 174.81886436853762,-36.9496031359524,100 174.81885799322419,-36.949595531817714,100 174.81884480811908,-36.94958811944169,100 174.81882595190203,-36.94958084983058,100 174.8188027057486,-36.94957371597222,100 174.81877621203992,-36.94956673010631,100 174.81874771492645,-36.94955988669039,100 174.8186895520489,-36.94954649895368,100 174.8186337360245,-36.94952828470233,100 174.8185911760876,-36.94951489584592,100 174.81854844122657,-36.94950203692784,100 174.81852694963356,-36.94949586398878,100 174.8185053951235,-36.94948987858351,100 174.81848375785387,-36.94948409633844,100 174.8184620587595,-36.94947854757786,100 174.81844026228168,-36.94947324816891,100 174.81839600756476,-36.94946315520294,100 174.81837398338558,-36.9494584334125,100 174.8183518629019,-36.949453959154326,100 174.81832967871145,-36.94944973373173,100 174.8183074143908,-36.94944572765256,100 174.81828510506136,-36.949441953898706,100 174.8182626961318,-36.94943838356256,100 174.8182402400208,-36.94943500142008,100 174.81821775531083,-36.94943183332503,100 174.8181952062161,-36.94942883836457,100 174.81817260991807,-36.94942603069671,100 174.8181500008097,-36.94942339266956,100 174.81810472629462,-36.949418582547445,100 174.818064700532,-36.949413436052524,100 174.81804205627472,-36.94941073635165,100 174.81801936259865,-36.9494081780097,100 174.81799667406435,-36.949405835902326,100 174.8179739577525,-36.949403695211146,100 174.81795119457016,-36.94940180309734,100 174.8179284559985,-36.949400143143805,100 174.8179057072069,-36.94939876185141,100 174.81788291450854,-36.94939770660482,100 174.81786014641128,-36.949396930387486,100 174.81783738787507,-36.9493965091409,100 174.81781463857837,-36.949396429350166,100 174.81779188311688,-36.949396751639824,100 174.81776992982603,-36.94939538788452,100 174.81774585084838,-36.94939407740276,100 174.81772178174387,-36.94939318227516,100 174.81769790286987,-36.94939287279445,100 174.81767435521996,-36.949393364021034,100 174.81765130105222,-36.94939486798591,100 174.8176288843848,-36.949397585282256,100 174.8176072308674,-36.9494016996594,100 174.81758655363822,-36.94940743769215,100 174.8175631970743,-36.94941653631681,100 174.81754363494633,-36.94942586436774,100 174.81752511983865,-36.94943686276281,100 174.81750780301522,-36.94944932819161,100 174.8174919198917,-36.949463054252774,100 174.81747765504656,-36.94947782180343,100 174.8174652300736,-36.94949345710159,100 174.81746123229163,-36.94950461269743,100 174.81745370985263,-36.94952381969734,100 174.81744047480004,-36.94953565840029,100 174.81743743650154,-36.94953653142684,100 174.81741447135704,-36.94953616013134,100 174.817413440979,-36.94953580455959,100 174.81740426837848,-36.9495237563778,100 174.81740351146152,-36.94950343590414,100 174.81740414406235,-36.94948072097357,100 174.81739671872413,-36.94946077568409,100 174.81738779760948,-36.94944314806218,100 174.81737691202207,-36.94942649780344,100 174.81736416502312,-36.94941138124903,100 174.81734965444284,-36.94939827640505,100 174.8173447226381,-36.94939493768669,100 174.81732823138663,-36.9493868069209,100 174.8173097360507,-36.9493813891702,100 174.81728948525338,-36.94937827773616,100 174.81726774478992,-36.949377126947574,100 174.81724474871132,-36.949377531230596,100 174.8172207628225,-36.949379098045306,100 174.817196018514,-36.949381451602534,100 174.81714530415525,-36.94938693908176,100 174.81711981670978,-36.94938930489916,100 174.81709460238184,-36.94939087697114,100 174.8170698596149,-36.94939131065886,100 174.8170459062511,-36.94939018198228,100 174.81703248953897,-36.949387806840384,100 174.81700862938953,-36.94938294434768,100 174.81698497125504,-36.94937727297482,100 174.81696177598076,-36.94937071121589,100 174.81693931745718,-36.949363253978056,100 174.8169178531831,-36.94935482070835,100 174.81689766113243,-36.94934538912666,100 174.81687901526902,-36.949334909974674,100 174.81686217526257,-36.949323346831484,100 174.81684741578283,-36.94931068017189,100 174.81683499657265,-36.94929682940911,100 174.81683352351695,-36.949294762683564,100 174.81682475747857,-36.949279732963184,100 174.81681829245767,-36.949263426905475,100 174.81681373727469,-36.94924606501231,100 174.81681073495116,-36.949227842024946,100 174.81680890780018,-36.9492089791398,100 174.81680788306326,-36.94918966863545,100 174.8168067700175,-36.949150521344045,100 174.81680593243067,-36.94913109981661,100 174.81643553844043,-36.94903862686795,100 174.8163818109905,-36.94903601755946,100 174.81638184055348,-36.94903782966961,100 174.8163724385395,-36.949051338349726,100 174.8163625672258,-36.949064095294474,100 174.8163169731567,-36.94913556211137,100 174.81628732914447,-36.94916878687688,100 174.81627836302516,-36.94918046009463,100 174.81624602225094,-36.949213714390396,100 174.81621226004862,-36.94924225306449,100 174.8162059386129,-36.94924593704152,100 174.8161581899388,-36.949280736652035,100 174.81614239497716,-36.94928990859932,100 174.81612702397308,-36.94929546425656,100 174.8161030805265,-36.949307235887034,100 174.81606528768586,-36.949339080043515,100 174.81605388196627,-36.94934610187643,100 174.81601915771174,-36.94936302723279,100 174.8160046771708,-36.949372222319134,100 174.81600109951592,-36.94937696032458,100 174.81599521411303,-36.949382077035075,100 174.81598758295794,-36.949391234946155,100 174.81598398355843,-36.94939780026738,100 174.81597360896382,-36.94943226154898,100 174.81596602044365,-36.94944501238512,100 174.81595297156824,-36.94945670837174,100 174.81593714737738,-36.94946408440064,100 174.8159308300561,-36.94946595663919,100 174.81591003281508,-36.94947369355089,100 174.81590278229956,-36.94947556654214,100 174.81587104623088,-36.94947650533353,100 174.81584794681407,-36.949479559016595,100 174.81583706788334,-36.949479634379685,100 174.81582073813235,-36.94947829961919,100 174.81580527840848,-36.94947586455265,100 174.81579395700243,-36.949475560912795,100 174.8157712678599,-36.949476455042856,100 174.81576267528558,-36.94947794656151,100 174.81575498420113,-36.9494801832064,100 174.8157468372601,-36.94948351111566,100 174.8157129407084,-36.94949571430646,100 174.8156853702689,-36.94950641557214,100 174.81567224379668,-36.94951049382355,100 174.81565870620145,-36.94951603399939,100 174.81565054772736,-36.94951826156191,100 174.81558452977933,-36.94953977271881,100 174.81557051646388,-36.94954566266308,100 174.81541129214875,-36.94959282758762,100 174.81534315592856,-36.94960283585875,100 174.8153173548259,-36.9496051456977,100 174.81525714700973,-36.949615345446226,100 174.8152327373156,-36.94962058943312,100 174.81522777502514,-36.94962462121865,100 174.8151920679658,-36.949643018804004,100 174.81518258199722,-36.9496467096516,100 174.81517397181403,-36.94964821762099,100 174.81514865685816,-36.94965454530357,100 174.8151232859767,-36.94965870615153,100 174.81511695555926,-36.94965875066218,100 174.81511332983905,-36.949657681244226,100 174.81510652094877,-36.94965663435578,100 174.81509518489543,-36.94965377471848,100 174.81507521591578,-36.94964626013622,100 174.81506294577588,-36.94963943633258,100 174.8150515801358,-36.94963149728105,100 174.81501336321207,-36.94959898494193,100 174.81496826677648,-36.94955341032057,100 174.8149573309613,-36.949544038793796,100 174.8149491557818,-36.949535721071996,100 174.81487365323997,-36.94947978725083,100 174.81485270636878,-36.94945406100328,100 174.81481307551897,-36.94941576478275,100 174.81480942107302,-36.949410313556555,100 174.81480123901676,-36.9494023672747,100 174.8147943760598,-36.94939331473231,100 174.8147866258616,-36.949385347426606,100 174.81476931432937,-36.949364359735014,100 174.81474372683365,-36.94932195509829,100 174.8147382446242,-36.949315434897485,100 174.81473596853075,-36.94931109015583,100 174.81472957561,-36.94930277311551,100 174.81471313145244,-36.94927593337861,100 174.8147062610878,-36.94925998941947,100 174.8147057671954,-36.949252332108394,100 174.81470832906913,-36.94922466015241,100 174.8147076741696,-36.94918248458711,100 174.81471899119438,-36.949098744426415,100 174.81472778157337,-36.94904666944998,100 174.8147268635792,-36.94904267258973,100 174.8147277012758,-36.94903102819629,100 174.8147262483109,-36.949009928775254,100 174.81472918660822,-36.94896953608373,100 174.81472682293668,-36.94894663982313,100 174.81472266578925,-36.94893320603878,100 174.81471311246185,-36.94892776115473,100 174.81470852171208,-36.94892090014451,100 174.81470021640317,-36.94890496459799,100 174.81469058984644,-36.948893404445364,100 174.81464407655366,-36.94886570838138,100 174.8146385821284,-36.94886065932288,100 174.81463215982953,-36.94885124401099,100 174.81462573586413,-36.94883712020648,100 174.8146161541464,-36.94882991005411,100 174.81460611164545,-36.94882561912247,100 174.81460320313886,-36.948824863202496,100 174.81456259520056,-36.948813947830224,100 174.81455066653464,-36.94880958116917,100 174.81453740263825,-36.948803794598746,100 174.81452369060565,-36.948798715205115,100 174.81451039661508,-36.948795067934,100 174.8144665290828,-36.948781235188584,100 174.8144466590825,-36.948772200251945,100 174.81443561035996,-36.94876644020314,100 174.81441798643473,-36.94875598920389,100 174.81441136234037,-36.94875274021886,100 174.814402073756,-36.94874945894782,100 174.81432656096877,-36.94871155139996,100 174.81431729297347,-36.94870577674455,100 174.81430624736882,-36.94870142540561,100 174.81428674737734,-36.94869596214312,100 174.81427393486481,-36.94869088159208,100 174.81426156941,-36.94868438543789,100 174.8142478321387,-36.94867966061794,100 174.81421162384078,-36.94866305002046,100 174.81419742763785,-36.94865796176344,100 174.81415728304634,-36.94863632242375,100 174.81411834420325,-36.94862110641044,100 174.81410817412643,-36.94861853621079,100 174.81407634881285,-36.948604762663535,100 174.81407062383136,-36.94860083294036,100 174.81406751642143,-36.94859973934574,100 174.81402112255438,-36.948575309408646,100 174.81400988117156,-36.94857207687259,100 174.81401717582645,-36.948591714329524,100 174.8140231261622,-36.94860954804646,100 174.81402491107482,-36.94861098903057,100 174.81403016160232,-36.948619913934465,100 174.8140522097865,-36.94864673664386,100 174.8140686199914,-36.94866174531375,100 174.8140836327014,-36.948677490085714,100 174.81409815956496,-36.94868861217663,100 174.81410564006657,-36.948696151916614,100 174.81411354889798,-36.948702243893386,100 174.814128025417,-36.94871801307658,100 174.81414779128488,-36.94873629454188,100 174.81420785863517,-36.948766967156715,100 174.8142614533593,-36.948783021831815,100 174.81426940109736,-36.94878663456153,100 174.81429553284056,-36.94879500600079,100 174.8143154257032,-36.948802259596725,100 174.81433751781003,-36.948814880314224,100 174.8143498360143,-36.948824211846954,100 174.8143735863593,-36.948844672170715,100 174.81441149778655,-36.948870205034765,100 174.81442075477838,-36.94887560940625,100 174.81446758098448,-36.9488987004173,100 174.81447419784917,-36.94890301667734,100 174.81451463733478,-36.9489385426079,100 174.81451990045716,-36.948944634434206,100 174.81452900040034,-36.948963203234875,100 174.81453242554437,-36.94897177114911,100 174.81453486364137,-36.94898957109088,100 174.8145338432579,-36.94899881804922,100 174.81453197873762,-36.949005571326886,100 174.81451298474184,-36.94903000540522,100 174.81450845804088,-36.94903814955506,100 174.8144998446163,-36.9490487482805,100 174.81447523486665,-36.949095206414825,100 174.8144720298318,-36.94910230555766,100 174.81447216372908,-36.94912262206273,100 174.81446937443422,-36.94912973107525,100 174.81446573453854,-36.949135399252086,100 174.81444497957685,-36.94915732210473,100 174.81439816422457,-36.94919935339813,100 174.81437104984548,-36.949230133399524,100 174.81436649554283,-36.94923720989667,100 174.8143623520282,-36.949246075553475,100 174.81435949524766,-36.94925852954599,100 174.81435846415212,-36.9492674206434,100 174.814358187163,-36.949285235042694,100 174.81435937232214,-36.94929415085558,100 174.8143618799888,-36.949302719276105,100 174.81436377085666,-36.94932339379497,100 174.8143675491874,-36.94933624571763,100 174.81441269270888,-36.94942457957508,100 174.81442178636664,-36.94943890594546,100 174.81444443946236,-36.94946437094819,100 174.81445361592063,-36.949472625632254,100 174.8144806375457,-36.949502399789374,100 174.81450556002127,-36.94952468357226,100 174.81452735453323,-36.949549079190525,100 174.8145533599037,-36.94958562158315,100 174.8145747111483,-36.949636012746886,100 174.81459975009727,-36.949679293777514,100 174.81460914631776,-36.94970253501091,100 174.81465656769976,-36.94978731517847,100 174.8146660770915,-36.94982213939514,100 174.81471051541524,-36.9498921329466,100 174.8147293403545,-36.949915370649194,100 174.81474681330477,-36.94993790254814,100 174.81477573810938,-36.94996902386212,100 174.8147981381384,-36.94998944434452,100 174.81481046500676,-36.949998420570736,100 174.8148474806151,-36.950021428848125,100 174.81487081673558,-36.950037946694344,100 174.8148805411718,-36.95004264535489,100 174.81492721112977,-36.95007496811677,100 174.81497889685966,-36.95009666057523,100 174.81503268778732,-36.95012940530762,100 174.8150485013915,-36.95014338643113,100 174.8150656032951,-36.95016163455262,100 174.81507867010563,-36.95018233737924,100 174.81508723113828,-36.950208706315344,100 174.81509690030484,-36.9502535633905,100 174.8150988784897,-36.95027099900137,100 174.81510119798534,-36.9502994552897,100 174.8151083964633,-36.95032793793017,100 174.81511100884669,-36.95033258577455,100 174.81511096471309,-36.950336829882474,100 174.81512120208015,-36.95037103813792,100 174.81512755961134,-36.950430802364195,100 174.81512516237197,-36.95048196481383,100 174.8151172067186,-36.95051568960954,100 174.81511492293572,-36.950520296943374,100 174.81511074267993,-36.95053376444474,100 174.81510530388746,-36.950544029856374,100 174.8150827131178,-36.95057515275866,100 174.81507729288057,-36.95058151605411,100 174.81505877569552,-36.95060697944908,100 174.81505383579847,-36.95061191040647,100 174.81504086515108,-36.95061929857299,100 174.81502792428378,-36.950624534822616,100 174.81501272967174,-36.95063152795727,100 174.8149980245218,-36.950636763235856,100 174.81499088309798,-36.9506395475459,100 174.81497128661522,-36.95064295941322,100 174.81494329314364,-36.95064276636645,100 174.81493578816082,-36.95064092613024,100 174.81492512906974,-36.95064014539833,100 174.8149193913598,-36.95063833763076,100 174.81490254976134,-36.950634657215,100 174.81489069384418,-36.950623195160084,100 174.81488241006525,-36.95061139457819,100 174.81487844997972,-36.950608162581204,100 174.8148766978158,-36.95060531234115,100 174.81486355826627,-36.95059171934778,100 174.814849447515,-36.95058201509008,100 174.8148367268866,-36.95057055272858,100 174.81483192175324,-36.95056341739564,100 174.81481963936486,-36.95055087755996,100 174.81480908667626,-36.95054227620554,100 174.81479940336519,-36.95053581121786,100 174.81478050430303,-36.95051896955729,100 174.81473113070587,-36.95048909370421,100 174.8146612890897,-36.95046371193808,100 174.81465245531922,-36.95045868868932,100 174.8146471570604,-36.95045651636547,100 174.8146378468782,-36.95045503178517,100 174.81462634973397,-36.95045068828364,100 174.81460995833265,-36.95044700004288,100 174.81456660917215,-36.95043318916969,100 174.81452865701976,-36.950414069012595,100 174.8145097302449,-36.95040007861895,100 174.8144894145746,-36.95038927039351,100 174.8144485467016,-36.9503552228806,100 174.81443546482615,-36.95033591456197,100 174.81443024775487,-36.95032627712299,100 174.81438771621126,-36.95028155629834,100 174.81437320434765,-36.9502704186979,100 174.81436181239786,-36.95025682778019,100 174.81435170386794,-36.95024999790789,100 174.81433148013147,-36.950232080407794,100 174.81432317395218,-36.950222075564504,100 174.81431483694598,-36.95021417938873,100 174.81430690425822,-36.950209172086275,100 174.81429898376652,-36.95020198068865,100 174.81428268276952,-36.95019121292209,100 174.81427478177707,-36.95018474859333,100 174.81424878038771,-36.950167501629096,100 174.81421568526736,-36.95015021975306,100 174.81420953295125,-36.95014518163145,100 174.8142015926192,-36.95014051423773,100 174.81419590686383,-36.950134787584574,100 174.8141668800191,-36.950109677716384,100 174.81415763054972,-36.95010393341351,100 174.81414927712282,-36.950096763943755,100 174.8141444668061,-36.950091394354494,100 174.81409391028413,-36.95004874471239,100 174.8140754932976,-36.95002977385151,100 174.81405348222322,-36.95001433341238,100 174.81403504811937,-36.94999606043135,100 174.8140276392125,-36.94998463218481,100 174.81402150936026,-36.94997713129219,100 174.81401489473842,-36.94997423816496,100 174.8140020675423,-36.94997058280571,100 174.81399676738494,-36.94996700261271,100 174.81398402255462,-36.94995659327237,100 174.81396068664398,-36.94994007524569,100 174.81393521107063,-36.949917150847014,100 174.81391897729998,-36.94990031158322,100 174.81391243935664,-36.94989174975213,100 174.81384271014966,-36.9498190850114,100 174.81381087325917,-36.94977122529894,100 174.8137929115159,-36.94975117756461,100 174.81377478138688,-36.949737903147465,100 174.81376234963778,-36.949729516978394,100 174.8137584071602,-36.94972891744151,100 174.8137501624185,-36.949729831160106,100 174.81374022458962,-36.94973218221826,100 174.81373071003733,-36.94973348758211,100 174.81371717304216,-36.94973243163845,100 174.81369330371328,-36.949723295439895,100 174.8136790395693,-36.94971497060488,100 174.81365501142227,-36.949703730430016,100 174.81361793031257,-36.94968347902349,100 174.81361382815834,-36.949679413625375,100 174.81356567875372,-36.94965598827558,100 174.81356161220413,-36.94965261905534,100 174.8135185383254,-36.94962486460487,100 174.81350949685952,-36.949617800237576,100 174.8135046195621,-36.949615853972524,100 174.81350052625314,-36.94961211381328,100 174.81347795186528,-36.94959426631947,100 174.8134717244573,-36.9495916457555,100 174.81342509968093,-36.94958349613633,100 174.81342859757785,-36.94960214518489,100 174.81342708088587,-36.94960566999717,100 174.81342789781613,-36.94960711225597,100 174.8134277560282,-36.94961032043224,100 174.8134291219293,-36.94961819607012,100 174.81343489548036,-36.949627297781284,100 174.81344262432685,-36.94967675526146,100 174.81344899677316,-36.949700125701284,100 174.8134500050726,-36.94970693873195,100 174.81345538606257,-36.94972349588336,100 174.81346049276476,-36.94973686833906,100 174.8134620836575,-36.94974940128726,100 174.81346253836853,-36.949792539832124,100 174.8134586528029,-36.94980736377786,100 174.81345490921035,-36.949827559249925,100 174.81345489187245,-36.94983682062139,100 174.81345793034998,-36.949864367348226,100 174.81345915135992,-36.94989118472486,100 174.8134568913819,-36.94990001977654,100 174.81345425485077,-36.94991561239997,100 174.81345272133672,-36.94991913837078,100 174.81345100359488,-36.94992621386655,100 174.8134474275819,-36.949934296585894,100 174.8134363165464,-36.94994997088825,100 174.8134238315945,-36.949958095052615,100 174.81341106544818,-36.9499633591025,100 174.8134020735389,-36.9499648268073,100 174.81338341724427,-36.949963840009104,100 174.81336574342697,-36.9499607155825,100 174.81334033734822,-36.94995302868165,100 174.81332977917683,-36.94994949001392,100 174.8133159055339,-36.949941531417856,100 174.81329572298563,-36.949925858306074,100 174.81329364050126,-36.94992295089538,100 174.81327811582403,-36.94991209361659,100 174.81326460859913,-36.9499055688326,100 174.81325276735842,-36.949901246675104,100 174.81323193630303,-36.94989383868611,100 174.8132204276399,-36.9498896655722,100 174.81321037146208,-36.94988816343001,100 174.8132011022168,-36.94988892240784,100 174.81318235653134,-36.94989444270166,100 174.81317334771578,-36.94989851277049,100 174.81315779766308,-36.94990453586432,100 174.81313708198263,-36.94991146706711,100 174.81309079744386,-36.949922933050864,100 174.8130782243247,-36.949925018751735,100 174.8130324143895,-36.94993613586279,100 174.81301778904376,-36.94994109026717,100 174.81300494852027,-36.94994686555905,100 174.8129957886384,-36.94995313805417,100 174.81298597090455,-36.94996268879675,100 174.81295152392798,-36.95000480464969,100 174.81293783545306,-36.950017161734976,100 174.81292870881586,-36.9500227054473,100 174.8129082021823,-36.950032962008905,100 174.81289753013854,-36.950033667575006,100 174.81288239166705,-36.950031615692986,100 174.81287009203055,-36.95002894271014,100 174.81284836389412,-36.95001306328562,100 174.81282769378373,-36.94998799943001,100 174.81282312495793,-36.9499720157085,100 174.81281858937365,-36.949962645397,100 174.81281830486023,-36.94995969159507,100 174.81280889142886,-36.949939113890835,100 174.81280755962217,-36.94992324658343,100 174.8127947234741,-36.94989078580528,100 174.81279015427555,-36.949882128953305,100 174.81278374166786,-36.94987306941624,100 174.81277808389862,-36.94986771271035,100 174.81277312524273,-36.94986531879805,100 174.81275478051944,-36.949855066035425,100 174.8127425627895,-36.94985091992559,100 174.81273116345457,-36.94984827824714,100 174.81268705326963,-36.9498436934381,100 174.81267270031367,-36.94984388915501,100 174.81264610551455,-36.949840295141634,100 174.8126455689346,-36.9498403042357,100 174.81254654209258,-36.949845829776834,100 174.8125187025404,-36.949844300745546,100 174.81247768991943,-36.94983641208179,100 174.81244447018622,-36.949832187290454,100 174.81243419477383,-36.94983219003559,100 174.81235433322607,-36.94981454901419,100 174.81232797453052,-36.94980546856845,100 174.81231655781252,-36.94980086042539,100 174.812309680959,-36.949797181644996,100 174.8123036405525,-36.9497924049008,100 174.81226707359363,-36.94976800994324,100 174.81225955842095,-36.949761136695635,100 174.81225355435635,-36.94975708766415,100 174.81223896354078,-36.94975151037111,100 174.81223524247972,-36.949748785685856,100 174.81223161016064,-36.94974748373842,100 174.81221828830823,-36.94974010425242,100 174.81220870516557,-36.949736146806835,100 174.81219342207024,-36.949733817632925,100 174.81218358540508,-36.94973342608939,100 174.8121750716409,-36.949732655624544,100 174.81216137781593,-36.9497348854219,100 174.81213164838397,-36.94973710401158,100 174.81212660170297,-36.94973729731531,100 174.81212523937486,-36.94973876113037,100 174.812126621907,-36.949742036170825,100 174.8121343768287,-36.949747511418586,100 174.81215130643417,-36.94975591472982,100 174.81217187662335,-36.94976393077982,100 174.81218559479143,-36.94976723023498,100 174.8121974890678,-36.94977161388188,100 174.8122052521029,-36.9497734503543,100 174.81224228036135,-36.94978769388298,100 174.81225920421866,-36.949797180658216,100 174.81228346344727,-36.94981396163668,100 174.81229215921448,-36.94982236443434,100 174.8123031443483,-36.94982965880554,100 174.8123539494478,-36.94987526357779,100 174.81240657097604,-36.949910321240026,100 174.81242393546387,-36.9499194443397,100 174.81243402110266,-36.9499267389107,100 174.81247517946983,-36.94995337921994,100 174.8124980727686,-36.94996360224012,100 174.81250902817752,-36.94996580276016,100 174.81253094744048,-36.94996653257414,100 174.8125496908054,-36.94996290159386,100 174.81256931963375,-36.94995744542959,100 174.81260043859788,-36.94994614269763,100 174.8126486270078,-36.94992677656953,100 174.81265781055103,-36.94992604958832,100 174.81266791427154,-36.949926762392714,100 174.812683043765,-36.94993113715238,100 174.81269540191963,-36.949940638595926,100 174.812702292193,-36.94995009373626,100 174.81270592997083,-36.94996617009415,100 174.81271234906578,-36.94997417678943,100 174.81272010931892,-36.94999242909019,100 174.81273613307778,-36.95003694598938,100 174.81274850536698,-36.950055570415856,100 174.81276180745292,-36.950073434346905,100 174.81276727645113,-36.95008475529465,100 174.81277415369385,-36.95009569691309,100 174.8127888036131,-36.95010954288674,100 174.81280851411762,-36.950126339132524,100 174.8128259303127,-36.95014275579984,100 174.81283373508123,-36.95014748754808,100 174.81286306289945,-36.950160961561544,100 174.81288050481984,-36.950163161239814,100 174.81289152453846,-36.9501631461882,100 174.8129071088893,-36.95015913526201,100 174.81292133286752,-36.950154017551114,100 174.81296036910896,-36.95013722192858,100 174.8129713781553,-36.950129556592124,100 174.81298561594713,-36.950116400652796,100 174.8130149921159,-36.95009667090678,100 174.81302924821884,-36.95008353000519,100 174.8130439342101,-36.950072937791035,100 174.8130494572681,-36.95006782675824,100 174.81306595913816,-36.95005723384925,100 174.81308203379268,-36.950052115796844,100 174.8130953237542,-36.95005028143292,100 174.81315327153135,-36.95006011407205,100 174.8131614779008,-36.95006302710201,100 174.81317608770522,-36.95007067883822,100 174.81323067482674,-36.950092230408586,100 174.81323523329272,-36.95009588505697,100 174.81326567523075,-36.95011556559777,100 174.8132983767575,-36.950139654244715,100 174.81332883097315,-36.950157151574004,100 174.8133383728892,-36.950164812197116,100 174.81335653539284,-36.950175377706046,100 174.8133660757677,-36.95018231008042,100 174.81338107610168,-36.95019032717115,100 174.81339881211795,-36.950195835548485,100 174.8134120183415,-36.95019875691315,100 174.81343249122563,-36.95020568993433,100 174.81350253200162,-36.95021558193684,100 174.8135598484706,-36.95022838306594,100 174.81357122732132,-36.9502302047715,100 174.8135830421761,-36.950233506098954,100 174.81361759529375,-36.95025099571686,100 174.8136416599577,-36.95026959284765,100 174.813648486803,-36.950277266981935,100 174.813655277811,-36.950288922812085,100 174.81365885089528,-36.95031769888167,100 174.8136565393855,-36.95033444654712,100 174.81365651114442,-36.95034064268076,100 174.81362980532393,-36.95047031496687,100 174.81362705627282,-36.95047832106367,100 174.81362519451463,-36.95048779988893,100 174.81362200755325,-36.950496897869726,100 174.8136063344525,-36.95057155963636,100 174.81360422678924,-36.95059349401056,100 174.81360575142492,-36.95061274914086,100 174.81360950117352,-36.95062581874166,100 174.8136237900646,-36.95064829669647,100 174.8136605082106,-36.950694277427544,100 174.81366984620396,-36.95072259858451,100 174.81367283767972,-36.950794562368564,100 174.81367564773126,-36.95080546421704,100 174.81369045191812,-36.9508337568438,100 174.8137079004084,-36.950857296947774,100 174.81371022311336,-36.95086275503272,100 174.81371483110155,-36.95086963113839,100 174.81371532914227,-36.9508754307605,100 174.81371446554698,-36.95087945574758,100 174.81371180368885,-36.95088417789158,100 174.8136992211644,-36.95089515356261,100 174.81367081467698,-36.950910932581,100 174.81366268207395,-36.95091350211665,100 174.81365679329596,-36.95091389492527,100 174.81363689611814,-36.95091836571643,100 174.81362108328634,-36.95092425408265,100 174.8135668495103,-36.95093870430092,100 174.81354927507263,-36.9509460310421,100 174.81353355292495,-36.95095735389699,100 174.8135196421348,-36.95097047335953,100 174.8135049114264,-36.95099192276406,100 174.8134991934181,-36.95101007715258,100 174.81348538328814,-36.95103298255169,100 174.81348103062982,-36.95105041665514,100 174.8134794899276,-36.95107944930573,100 174.81347521577578,-36.95110848134911,100 174.81347121831374,-36.951115037354,100 174.81345863312015,-36.951125950849395,100 174.81345054444682,-36.9511321736675,100 174.81338208916435,-36.95116109458054,100 174.81336400979063,-36.95116299582611,100 174.8133504342759,-36.951160515438765,100 174.8133418230639,-36.95115801059814,100 174.81333500144734,-36.95115515304383,100 174.81330645398043,-36.951148370382576,100 174.81325518663434,-36.95113007781635,100 174.8132433738305,-36.95112288991732,100 174.8132356511186,-36.95111930342915,100 174.81323065154777,-36.95111533014134,100 174.81318974435095,-36.95109302164226,100 174.81314390613312,-36.95107398723873,100 174.81312484686802,-36.951067525605666,100 174.81311712031916,-36.951062497950964,100 174.81309805565195,-36.95105315576413,100 174.81308308264877,-36.95104885528364,100 174.81299974975548,-36.95103543906041,100 174.81295086494595,-36.951030192695484,100 174.81294272231068,-36.951028408939706,100 174.81293683238198,-36.95102809058554,100 174.81292009125028,-36.95102561612851,100 174.81288117300943,-36.951021780431624,100 174.81284814968774,-36.95102046313688,100 174.81282644190972,-36.951020566584674,100 174.8127807020692,-36.95101387236873,100 174.81276214154366,-36.9510132409379,100 174.81272412670663,-36.95100757793041,100 174.81271915011519,-36.95100580440202,100 174.81271732078724,-36.95100400715297,100 174.81271003643226,-36.95099929809737,100 174.81269361161026,-36.95098377841999,100 174.81268951432676,-36.95098124606904,100 174.8126859054131,-36.950980176320826,100 174.8126800093638,-36.950980926116465,100 174.81267598621955,-36.95098384294045,100 174.81267111091992,-36.9509958653342,100 174.81267042550834,-36.951017264222784,100 174.81267430094883,-36.951043743638785,100 174.8127031315943,-36.95112416031501,100 174.8127023280172,-36.95113578885087,100 174.81269298824606,-36.95115106108809,100 174.8126839593925,-36.95115438783455,100 174.81267396067904,-36.95115043677512,100 174.81266984231218,-36.9511457361596,100 174.81266255333563,-36.95113889013226,100 174.81264331476706,-36.9511150085629,100 174.81263831866872,-36.951112507059115,100 174.8126337990737,-36.9511136207015,100 174.8126261647351,-36.95111873601033,100 174.81262305909024,-36.951125632591214,100 174.812621342986,-36.951135434555546,100 174.8126218566093,-36.95114052099762,100 174.81261384203103,-36.95115617408441,100 174.81260713628257,-36.95116237302684,100 174.81259631102455,-36.95116713956974,100 174.81256150876186,-36.95117055967735,100 174.81253252991806,-36.95116779611064,100 174.81252622000176,-36.95116927958621,100 174.81252261835823,-36.951171122801924,100 174.81252040805973,-36.9511765635917,100 174.8125231961676,-36.95118526657263,100 174.81255885198308,-36.9512217422764,100 174.812560226138,-36.95122537256017,100 174.812560357679,-36.95123698681785,100 174.8125537387156,-36.9512544284514,100 174.81253867029488,-36.95128680243738,100 174.81253651044162,-36.95129877795878,100 174.81253748570123,-36.95130566811326,100 174.81254022603034,-36.95130856459138,100 174.81254658758445,-36.951311059672754,100 174.8125533663591,-36.95131030992599,100 174.81256463413231,-36.9513059232986,100 174.81257993768676,-36.95129640420172,100 174.81258575422808,-36.95129130403165,100 174.81259072246482,-36.9512894552711,100 174.81259568530152,-36.95128870530698,100 174.81259976813436,-36.951289395574925,100 174.81261154684208,-36.95129263535772,100 174.8126142937067,-36.95129514416493,100 174.81261801196723,-36.951305659024094,100 174.81261761073318,-36.9513114732832,100 174.81261281727222,-36.95132927101131,100 174.8126119933991,-36.95133942799392,100 174.81261070792615,-36.9513445139641,100 174.8126049453103,-36.951358332721924,100 174.81260639212996,-36.95136668663678,100 174.81260260030643,-36.9513949983398,100 174.81259119508528,-36.95143314796813,100 174.81259123216228,-36.95143788656439,100 174.8125899505035,-36.95144441279206,100 174.81258602175723,-36.95145823058868,100 174.81258515891005,-36.95146295318145,100 174.81257851585866,-36.95147748390675,100 174.81256837508627,-36.95150511289937,100 174.81256501310102,-36.951531992143266,100 174.81256734653587,-36.95153923200475,100 174.81257329191405,-36.95154828426239,100 174.81257424420605,-36.95155226258863,100 174.8125730979054,-36.95157260134434,100 174.81256826502258,-36.95158821576378,100 174.81256202810272,-36.95159841843801,100 174.81256026607474,-36.95160315656187,100 174.8125392827756,-36.951632268830714,100 174.81253569485898,-36.951636634643606,100 174.81253126927976,-36.95164465369377,100 174.81251739336383,-36.9516617680783,100 174.81250844552198,-36.95167088458261,100 174.81248973250254,-36.951701446662014,100 174.81248664140776,-36.95170763187227,100 174.812485760153,-36.95171162557404,100 174.8124645063213,-36.951758181680624,100 174.81245485322088,-36.95177270066918,100 174.8124444339687,-36.95178839406194,100 174.8124030414864,-36.95186260558983,100 174.8123606424466,-36.95192481872078,100 174.8123566934031,-36.95193716675981,100 174.81235092762608,-36.95194952901362,100 174.81234781549546,-36.95195425890298,100 174.8123429687606,-36.951967348915815,100 174.81233941598043,-36.951975709756226,100 174.8123381163309,-36.95198223625564,100 174.8123382313767,-36.951994577231645,100 174.8123334194375,-36.95201164696011,100 174.81232540704463,-36.95202474473993,100 174.81232091953044,-36.95202910985854,100 174.81231416511983,-36.95203278582016,100 174.81226951766976,-36.95204605168589,100 174.81225864489159,-36.952045739061795,100 174.81222570366012,-36.95205349577841,100 174.81221531084412,-36.952055001906274,100 174.81220404142627,-36.95205866115805,100 174.81212819715236,-36.95207496114592,100 174.8121065463809,-36.95208122684967,100 174.81207497126022,-36.95208900593565,100 174.8119726064425,-36.95212246354226,100 174.81195499257802,-36.95212762296812,100 174.81192840366856,-36.95213753325379,100 174.8118753623448,-36.95215197712832,100 174.81184843729596,-36.95215898215082,100 174.8118189472633,-36.95217039683444,100 174.81181170072247,-36.95217178911258,100 174.81180128389653,-36.95217498465232,100 174.81179176281532,-36.952176739724536,100 174.81175822175652,-36.95218738700003,100 174.8117301909666,-36.95219043042613,100 174.8116885750189,-36.952191966847224,100 174.81166551055668,-36.952191797860074,100 174.81161577186464,-36.9521936267604,100 174.81160583889928,-36.95219283375043,100 174.8115544746879,-36.952172172352284,100 174.81154412456772,-36.95216737571137,100 174.8115081097713,-36.95214755534702,100 174.8115036273793,-36.95214351100231,100 174.81147443927352,-36.95212083471484,100 174.81143897854645,-36.95209050544725,100 174.81143402491824,-36.952088280853204,100 174.81142009882603,-36.95207769007247,100 174.81140619422501,-36.952065256655395,100 174.81139222952774,-36.95205716042444,100 174.8113778275881,-36.95205018580135,100 174.81136164233968,-36.95203918422972,100 174.81133148307146,-36.9520269934074,100 174.81132697653553,-36.952023351414745,100 174.81132022382187,-36.95202112722592,100 174.81130577712295,-36.952017762179096,100 174.81125440080538,-36.951999283840166,100 174.81123815690188,-36.951996614987614,100 174.8112363532706,-36.95199514360318,100 174.811225091304,-36.951991817385725,100 174.81120090233557,-36.95199030356289,100 174.8113102712536,-36.9522220950179,100 174.8113189402206,-36.95224135383962,100 174.8113051970597,-36.95224171044258,100 174.8112974107947,-36.95224098920712,100 174.81128872109,-36.95224209521958,100 174.81127682352283,-36.95224687980729,100 174.8112439090415,-36.95226231693006,100 174.8111862646017,-36.95227739585859,100 174.81117162810946,-36.95228327857425,100 174.8111492203608,-36.95228769892551,100 174.81111263242934,-36.95229763809514,100 174.81109797657962,-36.952299479559265,100 174.81103346149817,-36.95231309582797,100 174.81100599642076,-36.952315323768445,100 174.81098312125195,-36.952319734995164,100 174.81097443119143,-36.95232082656899,100 174.81095840900528,-36.95232600483095,100 174.81095293663532,-36.95232710410204,100 174.81090537762435,-36.952345482019275,100 174.8108586934136,-36.95235100720957,100 174.81077536790656,-36.952348476421506,100 174.8107671212033,-36.95234737640761,100 174.8107451317536,-36.952342620229444,100 174.81073825363683,-36.952338942281756,100 174.81069792162606,-36.952328686576315,100 174.8106754979134,-36.952330537406446,100 174.81066360190792,-36.952332734207324,100 174.810657194022,-36.95233312126603,100 174.81062379669487,-36.95233936666704,100 174.81060732474253,-36.95234452289923,100 174.81058673251692,-36.95234892717226,100 174.81056296198125,-36.952361437754305,100 174.8105355416932,-36.95237063394263,100 174.8104916417171,-36.95239599703672,100 174.81048251148104,-36.9524040643272,100 174.81047429199512,-36.95240994823995,100 174.81045005795292,-36.952420623561515,100 174.81043451007116,-36.95242539343068,100 174.81038236459972,-36.95243642859325,100 174.8103452803916,-36.95243793599644,100 174.81031825767306,-36.952433900039175,100 174.81024311219795,-36.95241741692205,100 174.81022343008786,-36.95241558000459,100 174.8102124395801,-36.95241337981281,100 174.81020234715,-36.952410452978356,100 174.81015479129474,-36.95240183768731,100 174.8100952435644,-36.95239108521281,100 174.8100805802123,-36.95238468856136,100 174.81006238969204,-36.952379016272346,100 174.8100202150137,-36.95236250529868,100 174.8099776041711,-36.95235242830386,100 174.80997135463255,-36.95234963664421,100 174.80996646935355,-36.95235001397142,100 174.8099588998715,-36.95234829788612,100 174.80994330700653,-36.95234343412054,100 174.80993617928655,-36.952342067321794,100 174.80993038071637,-36.952339966409575,100 174.80980369856195,-36.952326022702316,100 174.80975875613015,-36.952316743693416,100 174.80975115689017,-36.95231324793267,100 174.80971776888427,-36.952304610268314,100 174.8097088604013,-36.95230397093106,100 174.8096986236577,-36.95230082903402,100 174.80968740825227,-36.95229201920416,100 174.80968295212458,-36.952290267358684,100 174.809680699783,-36.952288152034214,100 174.80964668104485,-36.952265959031486,100 174.8096224459025,-36.952245460093124,100 174.80959634828108,-36.95221858112268,100 174.80958197761072,-36.95220551915941,100 174.8095666841795,-36.95218957800826,100 174.8095576837011,-36.95218144374617,100 174.80954147961515,-36.95216375167919,100 174.80953612087168,-36.952160588592285,100 174.8095049600729,-36.952154424403034,100 174.80948355686587,-36.95214496495565,100 174.80945240447727,-36.95213915574611,100 174.80944613588312,-36.952134940256016,100 174.80943994292417,-36.952133588923324,100 174.80943157982207,-36.95213331079544,100 174.80939114912778,-36.952135199691,100 174.80938501158744,-36.95213666505115,100 174.8093758444403,-36.95214066063625,100 174.80937326233763,-36.95214316601445,100 174.8093711892196,-36.952149194123145,100 174.80937081698568,-36.95215415617984,100 174.80937809292504,-36.95216715144515,100 174.8093937510787,-36.95218180177358,100 174.80941149113514,-36.952190083156,100 174.80946936460828,-36.95220498325302,100 174.80947689237072,-36.95220773743025,100 174.80950563996612,-36.95221623498421,100 174.8095131696177,-36.952219685854125,100 174.8095350123799,-36.95223604454386,100 174.80955028613306,-36.95225319467498,100 174.80956032572172,-36.95227462926602,100 174.80956359342466,-36.95228448591408,100 174.80957494569694,-36.95230520196822,100 174.80959224141222,-36.952337510392326,100 174.80960036115323,-36.952348384583,100 174.80960483908646,-36.95235290857312,100 174.80960927992325,-36.95235534295716,100 174.80961821553944,-36.952363013120134,100 174.80962354829762,-36.95236650107593,100 174.80963071153477,-36.9523738296132,100 174.8096569363361,-36.95238837922186,100 174.8096750406498,-36.952392070875085,100 174.80969265883093,-36.95239434494219,100 174.8097019417732,-36.95239671272046,100 174.80976854201757,-36.952407269550854,100 174.80978355827008,-36.9524106414245,100 174.80978927430414,-36.9524109157162,100 174.80981310310082,-36.952414526389006,100 174.8098197305344,-36.952416582223215,100 174.8098700187436,-36.952425198355265,100 174.8098792726511,-36.95242581709153,100 174.80991916052108,-36.952432920705256,100 174.80992359408685,-36.952436423257566,100 174.80992844953238,-36.95243886572956,100 174.80993681606026,-36.95244127990853,100 174.8099667504425,-36.95244819455592,100 174.8100024963724,-36.9524649694081,100 174.81001442671803,-36.9524726668884,100 174.81005607486478,-36.95250877707734,100 174.81006760629325,-36.9525217777176,100 174.8100897329036,-36.95254034562673,100 174.81010433024665,-36.95255016741417,100 174.81013355050825,-36.95257539790307,100 174.81014369289753,-36.95257958042743,100 174.81018156160943,-36.95258753674691,100 174.8101894978913,-36.95259136804071,100 174.81019306863033,-36.952596278989176,100 174.81019354096185,-36.95259910555063,100 174.81019186950618,-36.95260862558769,100 174.8101849131282,-36.95261781881135,100 174.8101801200082,-36.95262242195335,100 174.81016613036124,-36.95263058675092,100 174.81011314123123,-36.9526470272844,100 174.81008380837426,-36.95266054644076,100 174.81003485683854,-36.95268719957333,100 174.80998207522813,-36.95273148330022,100 174.80995940720723,-36.95274849709526,100 174.80995591100628,-36.95275238102752,100 174.80993670890254,-36.952766936341504,100 174.8099098484656,-36.9527830460226,100 174.8098406618312,-36.952824460311085,100 174.80979966005015,-36.952862117198215,100 174.80978744709796,-36.95287009713449,100 174.80974883837953,-36.95290528214423,100 174.80973661239065,-36.952922012330795,100 174.80972893574437,-36.95293014843895,100 174.8097169780838,-36.95295052940325,100 174.80971656918155,-36.95296732280245,100 174.80972389328892,-36.95297484987565,100 174.80973731125087,-36.95297858862161,100 174.8097445580353,-36.95297919470135,100 174.80975685750568,-36.95297852319076,100 174.80976420271438,-36.952976929438826,100 174.80977253232697,-36.95297393804799,100 174.80977767538187,-36.95297083209516,100 174.80978769540258,-36.952961681421385,100 174.8098317625619,-36.95291754595562,100 174.80984399964981,-36.95290920962374,100 174.80988737915922,-36.95287583291371,100 174.809911222579,-36.95286477699247,100 174.80992769230622,-36.952862177045176,100 174.8099349738607,-36.95286211740598,100 174.80998202582583,-36.95285674019342,100 174.80999702108684,-36.95285661161507,100 174.81001358266712,-36.95285291063981,100 174.81002431602187,-36.9528478978662,100 174.8100395098771,-36.95283684941453,100 174.81005066837844,-36.952824936828065,100 174.81005270317846,-36.9528213717108,100 174.8100603414278,-36.9528151262446,100 174.8100800309207,-36.952804650985236,100 174.81012805881625,-36.95279092609178,100 174.81014221925147,-36.952789310420734,100 174.8101557381713,-36.95279095740916,100 174.81016301010666,-36.952790539175616,100 174.8101922649134,-36.95278733684623,100 174.81023455590181,-36.952785788850086,100 174.8102498174937,-36.95278130368379,100 174.81025615625967,-36.95278155313427,100 174.81026191749717,-36.95278359330916,100 174.8102683241091,-36.95279040877315,100 174.81026853277794,-36.952794431806765,100 174.81026663089608,-36.952803089185636,100 174.8102586754354,-36.9528144355895,100 174.8102470587511,-36.952826679658585,100 174.81019570600304,-36.952865378717526,100 174.81016491726635,-36.95288671114104,100 174.81015347541472,-36.95289571497844,100 174.81014591220352,-36.952900860592095,100 174.81011826720336,-36.952922682257785,100 174.81004989273845,-36.95297269283225,100 174.81001794370727,-36.952990699897505,100 174.80999772168767,-36.95300263980621,100 174.80998934810984,-36.95300590858966,100 174.80996725701996,-36.95301849980515,100 174.80995721648426,-36.95302683060152,100 174.8099420062385,-36.95304587133533,100 174.8099184414597,-36.95309807117293,100 174.8099156561904,-36.95311396162195,100 174.80991573238057,-36.9531201696834,100 174.80990402099485,-36.95323873177024,100 174.8099013022123,-36.95324590179403,100 174.80989280467497,-36.953259023033745,100 174.80988455778567,-36.953267787956655,100 174.80987229787206,-36.953275304435785,100 174.80986577609073,-36.95327795280901,100 174.80980972492117,-36.953291115809805,100 174.80978027143018,-36.95328939624008,100 174.80975419828255,-36.95329327373044,100 174.80973963421525,-36.95330260904265,100 174.80971171219065,-36.953333046090656,100 174.8097064037357,-36.95333908206346,100 174.809818888736,-36.95340018866719,100 174.80977430397607,-36.95343580008352,100 174.80975954549183,-36.95344698157024,100 174.80975276748396,-36.953451711395914,100 174.8097319333307,-36.95346541096385,100 174.8096751840394,-36.95350090133401,100 174.80966132464965,-36.95351007086703,100 174.80964674887036,-36.95352028964448,100 174.8096297912028,-36.95353070336176,100 174.80962198685086,-36.95353591390855,100 174.8096152186991,-36.95354106088939,100 174.80960995191631,-36.95354605879848,100 174.80960658281333,-36.95355085472604,100 174.8096059031029,-36.9535526470052,100 174.80960692377397,-36.953556625214574,100 174.80961040985363,-36.9535602837282,100 174.80961603459355,-36.95356367259287,100 174.8096233662063,-36.9535668641869,100 174.80963206327857,-36.95357000071563,100 174.80966270919268,-36.953579629290616,100 174.80967321718325,-36.95358321591274,100 174.80968323180667,-36.95358712011037,100 174.80969070845487,-36.95359055555076,100 174.80969696187893,-36.95359550042801,100 174.8097028775443,-36.95360078935169,100 174.80970843798525,-36.953606348679536,100 174.80971864355803,-36.95361822578149,100 174.80972333922304,-36.95362449591649,100 174.80973201601805,-36.95363745177316,100 174.80975318606804,-36.953673055829526,100 174.80976320091773,-36.95369286478413,100 174.80977181041186,-36.953713178271926,100 174.80977691092858,-36.953726968289985,100 174.80978156422643,-36.95374089040965,100 174.80978979362865,-36.953769153961986,100 174.80979528395548,-36.95379058757502,100 174.8098133130811,-36.953865535435,100 174.8098482745271,-36.953855592611895,100 174.80983393055124,-36.953817055252294,100 174.80980012373064,-36.95373148697085,100 174.80978878448448,-36.95370070475843,100 174.80978116560672,-36.95367792727212,100 174.80977664006528,-36.95366294955661,100 174.80977083654815,-36.953640809571816,100 174.8097677087989,-36.95362633601882,100 174.80976436779503,-36.95360508235045,100 174.80976312454322,-36.95359127318692,100 174.80976273733242,-36.95357776012746,100 174.8097628926071,-36.953571129421825,100 174.8097639368199,-36.9535581182101,100 174.80976601065106,-36.95354547706885,100 174.8097674596598,-36.953539319664905,100 174.80977122794852,-36.953527285421615,100 174.8097761998091,-36.95351566366296,100 174.8097824306638,-36.95350451843927,100 174.80978527709993,-36.953500226203175,100 174.80979468835307,-36.953490310571794,100 174.80979985661256,-36.95348551605326,100 174.80981108353106,-36.95347625143793,100 174.80982337601083,-36.95346735724496,100 174.80982992332187,-36.95346303472559,100 174.80985080694424,-36.953450571904675,100 174.80987336560443,-36.95343865498273,100 174.80989724907596,-36.953427148691745,100 174.8099220402213,-36.9534159377118,100 174.80998982047618,-36.9533862088533,100 174.8100263782317,-36.95336913109461,100 174.81007818765517,-36.95333993321326,100 174.81012178208397,-36.95331411164607,100 174.81014309300048,-36.95330082115283,100 174.81016399696534,-36.95328718173926,100 174.8101776452783,-36.95327787656297,100 174.81019765110887,-36.95326358656253,100 174.81021619072052,-36.95324950729312,100 174.8102280067959,-36.95323894656425,100 174.8102448961878,-36.953222571544046,100 174.810260920029,-36.95320554634551,100 174.81027616912846,-36.953188006585506,100 174.81029076623892,-36.953169966616315,100 174.81030478130043,-36.95315153443186,100 174.8103183714063,-36.95313275180167,100 174.8103315747212,-36.95311371278293,100 174.81038307922557,-36.95303640402903,100 174.8104049905444,-36.95300436400005,100 174.81042786922805,-36.95297295906935,100 174.81044719369302,-36.95294848994809,100 174.81046773130453,-36.95292479098132,100 174.8104785183467,-36.952913271589765,100 174.81048967653788,-36.95290201242762,100 174.81049646093342,-36.95289551676894,100 174.81052268991,-36.95287512898727,100 174.81053514909897,-36.95286469812551,100 174.81054652555835,-36.95285383581724,100 174.81055123403365,-36.952848646288224,100 174.81055543475864,-36.95284259742894,100 174.81055911206494,-36.95283635555703,100 174.8105623172742,-36.95282990636995,100 174.8105651195503,-36.95282327765526,100 174.81056960545087,-36.95280958932855,100 174.8105713758816,-36.952802543715144,100 174.81057430470497,-36.952788168892326,100 174.81058107108922,-36.95274391793229,100 174.81058560256423,-36.95272205209623,100 174.8105876129007,-36.952714893763364,100 174.81059113317605,-36.9527046289713,100 174.81060028812269,-36.95268294859548,100 174.81060749106163,-36.952669277413996,100 174.8106114932225,-36.95266290620312,100 174.8106158525533,-36.95265691621274,100 174.81062365392876,-36.952648313963934,100 174.81062917262372,-36.95264366819162,100 174.8106351890988,-36.95263955562149,100 174.8106416513712,-36.952635962625145,100 174.81064854258014,-36.95263288855834,100 174.81065586087766,-36.95263030280417,100 174.81066359130685,-36.95262819026815,100 174.81067162536908,-36.952626521960035,100 174.8106800008502,-36.95262528107959,100 174.81068868072455,-36.95262446909282,100 174.8106976485286,-36.95262405470439,100 174.8107162859727,-36.95262431393494,100 174.81072590473153,-36.952624973007374,100 174.81074559828946,-36.952627243202954,100 174.81075563832144,-36.95262880888881,100 174.81077592977365,-36.95263275723866,100 174.81078612697922,-36.95263507943954,100 174.81080653973817,-36.95264035628837,100 174.810836689804,-36.9526495432679,100 174.81088294180353,-36.95266583131543,100 174.8108984319382,-36.95267208997006,100 174.81091359542577,-36.95267906655285,100 174.8109284989339,-36.95268668343436,100 174.8109504118231,-36.95269906144103,100 174.81097909341247,-36.952716944227525,100 174.8110288585657,-36.95274983689815,100 174.81105041371896,-36.95276375259426,100 174.81112505650472,-36.95280996222372,100 174.81114864234513,-36.952824122726305,100 174.8111644646058,-36.95283316407402,100 174.81118835910468,-36.95284589396467,100 174.811204390406,-36.95285366125061,100 174.8112123919719,-36.95285730580608,100 174.81122849864187,-36.952863987645856,100 174.8112446345771,-36.95286977131807,100 174.8112607784725,-36.95287456341004,100 174.81127698242156,-36.95287828741578,100 174.81129318765787,-36.95288078559881,100 174.81130939319038,-36.95288196874319,100 174.81132215820503,-36.952881892953336,100 174.81133019674223,-36.9528810294147,100 174.81133824332557,-36.95287979440721,100 174.81135437961277,-36.95287634759864,100 174.81137053707891,-36.95287170891425,100 174.81138670247788,-36.95286607774879,100 174.8114028814266,-36.95285959642574,100 174.81141909431582,-36.95285246202399,100 174.81143529508716,-36.95284486362302,100 174.81150084815033,-36.95281270818181,100 174.8115646163546,-36.952785044199715,100 174.8115886426927,-36.952775036998226,100 174.81160480652363,-36.95276867755743,100 174.81162924433065,-36.952759826776834,100 174.81165407151698,-36.952752005670526,100 174.81167188702523,-36.95274729207009,100 174.8116976572009,-36.95274177837496,100 174.81172383768813,-36.95273741931787,100 174.81174149079294,-36.95273504712153,100 174.81175927538857,-36.9527331055514,100 174.81178618493485,-36.952730840847224,100 174.81182235902997,-36.95272888360173,100 174.81186785850366,-36.95272766821762,100 174.81193824882774,-36.95272700758484,100 174.81196521829278,-36.95272703489398,100 174.81204616622918,-36.95272788501049,100 174.81209099586715,-36.95272750177259,100 174.81212075730795,-36.95272644269581,100 174.8121477588432,-36.95272502735547,100 174.81218377754718,-36.95272248470863,100 174.812210752641,-36.952720048557474,100 174.81224659761304,-36.9527160988729,100 174.81228228097032,-36.95271130079483,100 174.81231771739115,-36.95270565562597,100 174.81235288890306,-36.95269911587074,100 174.81238770723434,-36.95269165313335,100 174.81242213719764,-36.95268325172744,100 174.81245607444137,-36.95267386818037,100 174.81248020163534,-36.952666369447414,100 174.81251278231517,-36.952654715429965,100 174.81254492046125,-36.9526420172165,100 174.81257676328863,-36.95262861055617,100 174.8126561503415,-36.95259427116435,100 174.8126882587064,-36.95258107673774,100 174.8127125954994,-36.95257171532624,100 174.81271982692184,-36.95256906858075,100 174.81272828937986,-36.95256657158506,100 174.81279648745843,-36.952547582147496,100 174.81282173754542,-36.95254003285009,100 174.8128464645101,-36.95253168755473,100 174.81287013358082,-36.952522585073154,100 174.8128943816197,-36.95251246606532,100 174.81291792886358,-36.95250135187701,100 174.81294054971676,-36.95248920088757,100 174.812961896195,-36.95247597244425,100 174.81297531396294,-36.952466484798606,100 174.81298175874255,-36.95246154356264,100 174.81299526496102,-36.9524501500665,100 174.8130009559463,-36.95244482015345,100 174.81301171769732,-36.952433674070335,100 174.81302647774817,-36.952415955759896,100 174.81303554683453,-36.9524035682636,100 174.81304414048543,-36.95239083290593,100 174.81306016327375,-36.952364560670084,100 174.8130955805194,-36.95230265221871,100 174.8131097687885,-36.95227431962649,100 174.8131172107441,-36.952260566231864,100 174.8131212071819,-36.95225396338577,100 174.81312989420962,-36.95224152042745,100 174.81313470860738,-36.95223578658314,100 174.81313989702466,-36.95223043369421,100 174.81314808832144,-36.95222351260586,100 174.81315464562087,-36.952219576421044,100 174.81316166446035,-36.95221611269104,100 174.81316911192047,-36.952213106596055,100 174.81317693113368,-36.952210480589386,100 174.8131851244094,-36.95220823733963,100 174.81320238160964,-36.95220466320032,100 174.81321137562242,-36.952203272989735,100 174.81322996470297,-36.952201023279194,100 174.81329337289247,-36.952195355280196,100 174.8133628853686,-36.952179672231644,100 174.81339769749732,-36.952172672576346,100 174.81341514341938,-36.95216966966686,100 174.81345664665002,-36.95216319330455,100 174.8134943998045,-36.95215812710101,100 174.81353273543968,-36.9521542291164,100 174.81355202161453,-36.95215281955642,100 174.81357130089697,-36.95215178234536,100 174.81359053843155,-36.95215116308193,100 174.8136097016936,-36.952151010934486,100 174.813638175596,-36.95215169177668,100 174.81365690606927,-36.95215284774511,100 174.81367539230394,-36.952154549137575,100 174.81370250878632,-36.95215822687374,100 174.81371138954682,-36.95215978027681,100 174.8137288185811,-36.95216340501392,100 174.81374581472102,-36.95216771776312,100 174.81375411323233,-36.95217014893481,100 174.81377034252867,-36.95217555859035,100 174.8137860225401,-36.95218176799817,100 174.81380108288323,-36.95218879265507,100 174.81381547491063,-36.95219666485086,100 174.81382419678008,-36.952202077437875,100 174.81383955657566,-36.95221060002142,100 174.81385412639492,-36.9522200017465,100 174.81386100369608,-36.95222501258236,100 174.81386749056534,-36.952230276346,100 174.81387355003122,-36.95223574943749,100 174.81387911361318,-36.95224143290324,100 174.81388416330634,-36.95224732521578,100 174.8138886134374,-36.95225346013182,100 174.81389363639963,-36.95226224970721,100 174.81389559516998,-36.95227167917233,100 174.81389685809577,-36.9522816005764,100 174.8138990057661,-36.952316037089254,100 174.81389999524987,-36.952320822421335,100 174.81390162833216,-36.952323055285056,100 174.8139027707333,-36.95232306667221,100 174.81390580855458,-36.952319515908954,100 174.81391825058242,-36.952298537668014,100 174.81392347353736,-36.9522911868841,100 174.8139240755762,-36.95229043319171,100 174.81392971976405,-36.95228663710177,100 174.81393598085137,-36.9522839447205,100 174.81394282260473,-36.95228229621273,100 174.81395015635894,-36.95228159919546,100 174.81395796345808,-36.95228177734111,100 174.81396618890463,-36.95228278462114,100 174.8139747455733,-36.952284498885355,100 174.81398363047106,-36.95228688863307,100 174.8139927729375,-36.95228986300888,100 174.81400210114677,-36.952293329372566,100 174.8140115799881,-36.9522972278719,100 174.8140307714054,-36.95230607224024,100 174.81404991455645,-36.95231572222512,100 174.81407914184302,-36.95233130475236,100 174.81411094120793,-36.95234136160986,100 174.8141316330968,-36.952348694045654,100 174.81415053800023,-36.95235649002634,100 174.81415892900316,-36.952360498875144,100 174.81416645818746,-36.95236463085485,100 174.81417291602762,-36.95236881165369,100 174.81417818351326,-36.95237308995935,100 174.81418210202204,-36.95237740690602,100 174.8141845345925,-36.95238176458683,100 174.81418530027386,-36.952386583080056,100 174.81418030525435,-36.95239137513896,100 174.814173359118,-36.95239629255437,100 174.8141650479329,-36.95240128130369,100 174.81412770806406,-36.95242078872506,100 174.81411990299304,-36.95242528843028,100 174.81411371640866,-36.95242951193322,100 174.8141096680908,-36.952433451291306,100 174.81410829941444,-36.95243734609597,100 174.81411244884887,-36.95243989382276,100 174.81411883723578,-36.952442093674755,100 174.8141269166965,-36.9524440946304,100 174.81415686598356,-36.95245020220452,100 174.81416715595068,-36.952452739014,100 174.81417353662346,-36.95245461360301,100 174.81418068488153,-36.95245873608034,100 174.8141874658641,-36.952463330154266,100 174.8142002752093,-36.95247355190358,100 174.8142188800534,-36.952489715841594,100 174.8142252592727,-36.952494842426155,100 174.81423190693295,-36.95249968639894,100 174.81423778386548,-36.95250342811361,100 174.81424551662386,-36.952506767417304,100 174.81425353466324,-36.95250972921266,100 174.8142617698765,-36.95251237763314,100 174.81427880787103,-36.95251698259502,100 174.81432584150042,-36.95252808465015,100 174.81433383134902,-36.95253132537989,100 174.81434953392485,-36.95253838611757,100 174.81436490508756,-36.95254600983764,100 174.8144325233165,-36.95258287254246,100 174.81444779123504,-36.95259049873083,100 174.8144633879528,-36.95259749887972,100 174.8144793614548,-36.95260371812922,100 174.8144962121161,-36.952609040672385,100 174.8145136559021,-36.95261257132914,100 174.8145575062734,-36.95262038073894,100 174.81456693370555,-36.95262300911223,100 174.8145827331608,-36.95262851896221,100 174.81459783209039,-36.9526349859077,100 174.8146122608062,-36.95264231484664,100 174.8146260725109,-36.95265047612368,100 174.81463276081803,-36.95265485436909,100 174.81464575252932,-36.9526641440166,100 174.81466429658218,-36.9526793020333,100 174.81468188850482,-36.95269574636898,100 174.81469869454446,-36.95271324194129,100 174.81471486556268,-36.95273161519291,100 174.81473058689136,-36.952750630749534,100 174.81478170185326,-36.95281586592201,100 174.81479727564812,-36.95283519377982,100 174.81481872262225,-36.952860137229685,100 174.8148354840599,-36.952877927294715,100 174.81485305009565,-36.95289474424595,100 174.81486526336212,-36.952905301312576,100 174.81487796185803,-36.952915246171706,100 174.8148845037467,-36.95291998356485,100 174.81489798852235,-36.95292889339895,100 174.8149049486124,-36.95293308089936,100 174.81491747434688,-36.952935084128896,100 174.81494322053902,-36.95293859865603,100 174.8149829336288,-36.952942992949446,100 174.81507285278175,-36.95295151110426,100 174.81509584195675,-36.95295408170312,100 174.81511679833085,-36.95295697991398,100 174.81513530877265,-36.95296030669364,100 174.8151509103591,-36.95296419440531,100 174.81515749151683,-36.95296642189784,100 174.81516315881362,-36.95296880396954,100 174.81516788004595,-36.95297140330426,100 174.8151716043209,-36.9529742522266,100 174.8151742624087,-36.952977320248884,100 174.81517580265728,-36.95298065502977,100 174.8151761749112,-36.95298427265868,100 174.81517532491998,-36.95298815864266,100 174.81517318680065,-36.952992376180354,100 174.81516591668233,-36.95300148074848,100 174.81516035297142,-36.9530070107141,100 174.81515395671863,-36.95301243082909,100 174.81514687581225,-36.9530175369356,100 174.81513946811708,-36.95302202882899,100 174.81513177941451,-36.95302565884653,100 174.81512364448557,-36.95302879995834,100 174.81510243852193,-36.95303620498962,100 174.81509452903308,-36.953040658584975,100 174.815086755888,-36.95304574642962,100 174.8150791037008,-36.95305143540989,100 174.81507161966488,-36.953057631967866,100 174.81506432103652,-36.9530643060961,100 174.81505029091787,-36.95307883722993,100 174.8150371773774,-36.95309465315577,100 174.81502514040642,-36.953111302568665,100 174.81501429246094,-36.953128413305606,100 174.8150093627866,-36.95313699897204,100 174.8150005860479,-36.95315398069839,100 174.81499338681147,-36.95317037858414,100 174.8149878745193,-36.953185788064715,100 174.8149858133094,-36.95319296256722,100 174.81498314591852,-36.9532060626253,100 174.81498258993577,-36.953211879254624,100 174.81498255397136,-36.95321713001428,100 174.8149830728593,-36.953221768404184,100 174.81498416302216,-36.95322572927797,100 174.81498585747644,-36.9532289841898,100 174.81498813674142,-36.95323146944352,100 174.81499105251208,-36.95323313918257,100 174.81499509572177,-36.95323229682078,100 174.81499981500792,-36.95323083933435,100 174.81501107331775,-36.95322609569468,100 174.81502437265257,-36.95321933613426,100 174.81503927164155,-36.95321093874589,100 174.81505529677432,-36.953201252370214,100 174.8150804622044,-36.953185217024455,100 174.8151554926739,-36.95313513696892,100 174.81516995180084,-36.953124485770424,100 174.8151823070912,-36.953114056016496,100 174.81521725274123,-36.953081068625394,100 174.81525120936067,-36.95305060563212,100 174.81526429061392,-36.9530401494467,100 174.81527099531291,-36.95303528072602,100 174.8152778828648,-36.95303073458674,100 174.8152849349547,-36.95302654375655,100 174.81529213649702,-36.953022782374624,100 174.81530103096046,-36.953018899565,100 174.8153087817374,-36.953016276267114,100 174.81531675228777,-36.953014158855886,100 174.81532492621025,-36.95301251873971,100 174.81533333683095,-36.95301129321762,100 174.81534191412945,-36.95301051310394,100 174.81535064019673,-36.95301013360637,100 174.8153685349377,-36.953010420586885,100 174.81538684408244,-36.95301198471236,100 174.81539613077717,-36.95301317575715,100 174.81541482545057,-36.953016267134075,100 174.81544300628133,-36.95302223377653,100 174.81548057194408,-36.953031821720444,100 174.81550999161536,-36.95303552240191,100 174.81552954884992,-36.95303852125294,100 174.8155487065807,-36.953042100353606,100 174.81556706958608,-36.95304640545353,100 174.81558431155247,-36.95305150463628,100 174.8155923978256,-36.95305440310472,100 174.81560007462625,-36.9530575566003,100 174.81560730791148,-36.95306095032123,100 174.815613995853,-36.953064647114964,100 174.815620172889,-36.953068631132375,100 174.8156285864214,-36.95307547419278,100 174.81563230611957,-36.95308210241977,100 174.8156353152989,-36.95308931385384,100 174.81563769674545,-36.953097047741515,100 174.8156394848963,-36.953105193594695,100 174.8156407116447,-36.953113722984604,100 174.81564142705915,-36.953122521578734,100 174.81564160680975,-36.953140639037045,100 174.81564037459793,-36.953158980887906,100 174.81563672938086,-36.95318557070057,100 174.8156336951821,-36.95320180577713,100 174.81562594295838,-36.95323671993339,100 174.81562512613579,-36.9532418600552,100 174.81562881622068,-36.95323546370938,100 174.81563579658615,-36.95321865092012,100 174.81566003113682,-36.95315121459313,100 174.81566673490403,-36.953133726434466,100 174.81567340585002,-36.953117646644685,100 174.8156799639565,-36.95310381467849,100 174.81568316696007,-36.95309799992371,100 174.81568628948517,-36.95309305257161,100 174.8156893169601,-36.95308906838535,100 174.815691506226,-36.9530868167443,100 174.8156939251017,-36.95308931607283,100 174.8156963019713,-36.95309288411212,100 174.81569858264746,-36.953097414433415,100 174.81570305719248,-36.95310906230064,100 174.81570727718986,-36.95312356404576,100 174.81571134474856,-36.95314015919267,100 174.8157152425719,-36.953158166605355,100 174.81572610030835,-36.953213410299504,100 174.81573117210354,-36.95323729801631,100 174.81573604274945,-36.953255505063645,100 174.8157393839274,-36.95326350187743,100 174.81574062179786,-36.953262567199516,100 174.81574287857063,-36.95325823967842,100 174.81574598585658,-36.953246076562294,100 174.81574894510598,-36.95322829415589,100 174.81575699648732,-36.95317178691686,100 174.81576163188316,-36.953144048992364,100 174.81576735070843,-36.953116014184694,100 174.81577445892427,-36.95308888558739,100 174.8157807998269,-36.95307011678402,100 174.81578405110528,-36.953063450438854,100 174.81579481388633,-36.953043754137724,100 174.81580269102713,-36.95303079880653,100 174.8158110582915,-36.953018005426905,100 174.81582887290483,-36.95299278520768,100 174.81585822544315,-36.952953697398655,100 174.81587755180828,-36.95292938241168,100 174.8159170627078,-36.952881186357935,100 174.81593406399895,-36.952859883998805,100 174.81595139068918,-36.95283455044771,100 174.81598513595426,-36.952783477212776,100 174.81599823746615,-36.95276456442081,100 174.8160167237779,-36.95273992156169,100 174.81602656422038,-36.95272792403317,100 174.81603892206726,-36.952713637389195,100 174.81604956724706,-36.95270199799231,100 174.81606058163587,-36.95269058368527,100 174.81607200116946,-36.95267944168838,100 174.8160847575589,-36.95266779793265,100 174.81610868428962,-36.952642133554825,100 174.8161211811561,-36.95262920937947,100 174.81613403517275,-36.95261666460418,100 174.81614725222613,-36.9526048416417,100 174.8161608449173,-36.95259408190075,100 174.8161748370098,-36.95258472391529,100 174.81618196188572,-36.95258066982152,100 174.81618920218676,-36.95257707814305,100 174.81619652571058,-36.95257401156387,100 174.81620396802947,-36.95257150198738,100 174.81621151220855,-36.95256959293616,100 174.81621915942506,-36.95256833396498,100 174.81622689464703,-36.95256775414615,100 174.81623688982677,-36.95256761655159,100 174.8162458983399,-36.95256811416195,100 174.816254991575,-36.952569199941,100 174.81626413323264,-36.95257081135142,100 174.81627320279608,-36.95257298088205,100 174.8162820959131,-36.95257566506326,100 174.81629075941333,-36.952578847583425,100 174.81629910767717,-36.952582517134,100 174.81630703402132,-36.952586626675824,100 174.81631447110917,-36.95259117814054,100 174.81632131453577,-36.9525961731256,100 174.81632749324243,-36.95260155142832,100 174.8163337688632,-36.95260869303927,100 174.8163381738484,-36.95261504577018,100 174.81635307529484,-36.95264037840936,100 174.81635784047103,-36.952645299734804,100 174.81636284915095,-36.95264959812518,100 174.81636811887063,-36.952653349924645,100 174.81637363467186,-36.95265654003953,100 174.816379360994,-36.95265918433639,100 174.81638533338779,-36.95266131381757,100 174.8163915173938,-36.952662943431484,100 174.81639791378242,-36.95266410561392,100 174.81640452216834,-36.95266478414694,100 174.81641130994242,-36.95266502459563,100 174.81641831086927,-36.952664830048604,100 174.816425492297,-36.95266424426897,100 174.8164403948374,-36.95266191706603,100 174.81645600333434,-36.95265815316571,100 174.8164721848918,-36.95265312585264,100 174.8164805153217,-36.95265018175171,100 174.81649755334692,-36.95264352976394,100 174.81651508752182,-36.952635969759825,100 174.8165422245804,-36.9526232460468,100 174.81664737452525,-36.95256999299722,100 174.81667682688834,-36.95255583587101,100 174.81669650570575,-36.95254698567513,100 174.81672589171745,-36.95253490530012,100 174.81674534264346,-36.952527902691415,100 174.81676464572342,-36.95252186225158,100 174.81677419658936,-36.95251928431832,100 174.81679492176892,-36.952514675944954,100 174.81681274188867,-36.95251409587645,100 174.81683956687743,-36.952513860201364,100 174.81692062995384,-36.95251517031376,100 174.81697902101448,-36.95251543843715,100 174.81701494664136,-36.952514567705556,100 174.8170416787141,-36.95251278493334,100 174.817052505482,-36.95251139432096,100 174.81706993516022,-36.95250841996578,100 174.81709583773204,-36.952502732726465,100 174.817121541648,-36.95249601109908,100 174.81718976218934,-36.952476599689554,100 174.81720690922387,-36.95247212893745,100 174.81722417132426,-36.95246810528057,100 174.81724745888803,-36.95246357657972,100 174.81726529111887,-36.952460813252834,100 174.817283218613,-36.95245841981021,100 174.81731023765633,-36.952455670872816,100 174.8173282510862,-36.95245453075001,100 174.8173552587397,-36.95245404339702,100 174.81737317865216,-36.952454638845126,100 174.81739589218816,-36.95245657778592,100 174.81740471919113,-36.95245808576654,100 174.81743979262671,-36.95246497392548,100 174.8174485463449,-36.95246632799714,100 174.81745508880965,-36.95246711563975,100 174.8174638101097,-36.95246720024201,100 174.817472536098,-36.952466820590345,100 174.8174812502989,-36.95246599225948,100 174.81748995453256,-36.952464791834025,100 174.81750737534838,-36.95246149307417,100 174.81752477182906,-36.9524573122888,100 174.8175684467506,-36.95244587280575,100 174.81758604141714,-36.95244199813105,100 174.81760001028064,-36.95243965623595,100 174.81761807885968,-36.952439986184494,100 174.8176543718773,-36.95244195871763,100 174.81767238083046,-36.95244261494854,100 174.8176901910852,-36.952442329632234,100 174.81769897965955,-36.95244170114176,100 174.81770532627925,-36.952440958618304,100 174.8177138981208,-36.952438629944204,100 174.81772242372668,-36.952435915309735,100 174.81775591362734,-36.95242399807661,100 174.81776425651796,-36.952421534100786,100 174.81777257935994,-36.952419596804184,100 174.8177794174304,-36.95241850515014,100 174.81778863751617,-36.95241779343324,100 174.81779800885786,-36.952417633713374,100 174.81780748180284,-36.952418015934924,100 174.81781694966736,-36.95241889306,100 174.81782634622888,-36.952420313872764,100 174.8178355996909,-36.95242223440645,100 174.8178446066644,-36.95242465173764,100 174.81785326397454,-36.95242757195287,100 174.81786157009182,-36.95243097795052,100 174.8178693869541,-36.9524348727461,100 174.81787662922002,-36.95243925674522,100 174.81788324341917,-36.9524441010231,100 174.81789357997147,-36.95245298571558,100 174.81789921824068,-36.95245886884024,100 174.81790417490828,-36.95246518061609,100 174.8179082764121,-36.95247184798984,100 174.81791150295666,-36.952478746882115,100 174.81791365962823,-36.95248580366528,100 174.81791453436225,-36.95249080613422,100 174.81791312871604,-36.95249786158595,100 174.8179103077676,-36.95250509463942,100 174.81789931880718,-36.95252668286255,100 174.81789681684032,-36.95253353968592,100 174.81789587986387,-36.95254004356139,100 174.81789649522992,-36.95254433975941,100 174.81790104549646,-36.95255164921409,100 174.81790719526558,-36.952558545704754,100 174.8179142015668,-36.95256448268937,100 174.81792137463006,-36.95256888396903,100 174.8179279909631,-36.95257117205874,100 174.81792941470584,-36.95257134944886,100 174.81793281393323,-36.95256841135807,100 174.81793522490383,-36.952562687088154,100 174.81793690699834,-36.95255493067999,100 174.81794057549564,-36.95252793755591,100 174.81794231624332,-36.95252042811336,100 174.81794475396896,-36.952515120746185,100 174.8179490283499,-36.952515171561025,100 174.8179539590814,-36.952517179913286,100 174.81795948781814,-36.9525208645822,100 174.81796550175008,-36.95252592084529,100 174.81797190814598,-36.95253203826467,100 174.81800340159944,-36.95256472557444,100 174.81802353390898,-36.9525790655715,100 174.81808589094192,-36.952620399792245,100 174.81813807573818,-36.952658389931045,100 174.81815206703953,-36.95266747640532,100 174.81815932251973,-36.95267170605792,100 174.81816874054624,-36.95267657858216,100 174.81817677635527,-36.95267957228569,100 174.81818512851288,-36.952682078935695,100 174.8181937300506,-36.95268421042054,100 174.8182114494416,-36.952687705665106,100 174.81824744840625,-36.95269360057067,100 174.81826484442692,-36.95269728733386,100 174.8182732082653,-36.95269957657981,100 174.81828496012378,-36.952703746369814,100 174.8182921221572,-36.952707729581526,100 174.81829901797263,-36.95271208821549,100 174.81831213988147,-36.95272168641824,100 174.8183244916448,-36.95273224010098,100 174.81833635860053,-36.952743422219754,100 174.8183564154576,-36.95276346328199,100 174.81838004413285,-36.952785179269505,100 174.81843852579672,-36.95284029890925,100 174.81845314956954,-36.95285038243685,100 174.8184600993727,-36.95285549914818,100 174.818466395755,-36.95286076557327,100 174.8184716959736,-36.952866267180084,100 174.81847572341405,-36.95287208391713,100 174.81847661742017,-36.95287388098087,100 174.81847883602455,-36.952880611426245,100 174.8184796804102,-36.952887736069734,100 174.81847930149402,-36.9528950840522,100 174.81847778494284,-36.95290252697482,100 174.8184752633386,-36.95290992580552,100 174.818471887534,-36.95291710698211,100 174.81846643887076,-36.95292571696146,100 174.81846185478756,-36.95293096708423,100 174.81845628530826,-36.952935630217155,100 174.81844985535017,-36.95293981170412,100 174.81844267228402,-36.95294358741406,100 174.8184348727204,-36.952946987701935,100 174.81841783617025,-36.95295303605742,100 174.81839056485114,-36.952961333151315,100 174.81837260636283,-36.9529671964296,100 174.81836402477654,-36.9529704392425,100 174.81835590110248,-36.95297400041857,100 174.818348341503,-36.952977952240325,100 174.8183442033974,-36.95298046902512,100 174.81833888690792,-36.95298882911039,100 174.81833398511768,-36.952997815572374,100 174.81832943724095,-36.9530071391161,100 174.81831427008942,-36.95304287454598,100 174.8183079600081,-36.95305625399443,100 174.8183050038804,-36.95306091855342,100 174.81830210643707,-36.95306389493659,100 174.81829924492536,-36.953064934727266,100 174.81829710028717,-36.95306428978078,100 174.818294734101,-36.95305985365724,100 174.81828740901986,-36.95303843594626,100 174.81828420936756,-36.95303054519813,100 174.81828031534192,-36.953023254550544,100 174.81827853554955,-36.95302066707215,100 174.81827296567306,-36.95301676583024,100 174.8182664898398,-36.95301387082075,100 174.81825917171437,-36.95301187290965,100 174.81825113033503,-36.95301067743729,100 174.8182424517677,-36.95301021999273,100 174.81823325094138,-36.95301032756415,100 174.8182236147791,-36.95301097178045,100 174.81820338478138,-36.95301331139983,100 174.8181605292288,-36.95301973442331,100 174.81811439934035,-36.953018006438484,100 174.8180960929126,-36.95301788120492,100 174.8180781020134,-36.953018556919204,100 174.81806051932796,-36.9530202475783,100 174.81805193995044,-36.953021600260314,100 174.818038832588,-36.953024470711405,100 174.81803080467083,-36.95302705336466,100 174.8180229255146,-36.953030035729356,100 174.8180152108663,-36.95303337159687,100 174.8180076431579,-36.9530370305913,100 174.8179928396993,-36.95304513215291,100 174.8179783334388,-36.95305401962186,100 174.81793883981427,-36.953079744292765,100 174.81790591154586,-36.953093944142516,100 174.81788991317103,-36.95310133842438,100 174.81787495181928,-36.95310936577686,100 174.81786800834587,-36.95311372634758,100 174.81786157440362,-36.95311840359185,100 174.817855633153,-36.95312339776761,100 174.8178516205497,-36.95312736825058,100 174.81784733137562,-36.95313335742582,100 174.81784364036997,-36.953139706983784,100 174.81783745475076,-36.95315317643719,100 174.817826253932,-36.95318121055497,100 174.81782280367437,-36.953188191858665,100 174.81781675494426,-36.95319433416138,100 174.81781011277738,-36.95320031520072,100 174.81778968996687,-36.95321774224738,100 174.8177835777706,-36.9532234826288,100 174.81777831387595,-36.953229239764184,100 174.81777414186652,-36.953235055891355,100 174.8177713547739,-36.9532409274248,100 174.81777016364217,-36.95324760644188,100 174.8177715435587,-36.95325538806711,100 174.81777434538898,-36.95326326959836,100 174.81777829727625,-36.9532708225631,100 174.8177831299301,-36.95327763196939,100 174.81778857226442,-36.953283301780594,100 174.81779431904232,-36.95328741665394,100 174.8177965795142,-36.95328849337222,100 174.81780089526865,-36.95328815689073,100 174.81780529203314,-36.95328560642023,100 174.81780984737046,-36.95328122293407,100 174.81781460689527,-36.953275366263036,100 174.81783050574052,-36.95325296558302,100 174.81783647659194,-36.95324515341898,100 174.8178429078822,-36.95323776593787,100 174.81784977701494,-36.95323122260088,100 174.81785716207636,-36.95322587913619,100 174.81785931118566,-36.95322468081626,100 174.81786774638053,-36.95322179720508,100 174.81787666814708,-36.953219634411525,100 174.81788581853846,-36.953218301840266,100 174.8178950105146,-36.95321786815203,100 174.8179040550258,-36.95321841195293,100 174.81791050276703,-36.95321951107519,100 174.81791894610532,-36.95322155216545,100 174.81792708889697,-36.95322465060294,100 174.8179348231163,-36.9532286557184,100 174.8179420384154,-36.95323336640401,100 174.81794861281662,-36.95323865924384,100 174.81795184019043,-36.953241670714334,100 174.81795697784716,-36.95324756240234,100 174.81796133390256,-36.953254069945885,100 174.81796506152963,-36.953260975583156,100 174.8179746090774,-36.95328201587543,100 174.8179778912634,-36.95328841908609,100 174.8179815183184,-36.95329411758859,100 174.8179872853187,-36.95329832678169,100 174.8179936744811,-36.95330182701993,100 174.81800059901036,-36.95330465208003,100 174.81800805892783,-36.95330680286289,100 174.81801597000492,-36.953308326625816,100 174.81802429818916,-36.95330925543649,100 174.81803300861418,-36.953309587124814,100 174.81804201637854,-36.95330938788621,100 174.8180513211179,-36.953308642403684,100 174.8180608382093,-36.95330742858561,100 174.81807053360907,-36.95330573163081,100 174.81808037287055,-36.95330361425808,100 174.8181002445831,-36.95329815255471,100 174.8181200801775,-36.95329126640932,100 174.8181395019941,-36.9532831788248,100 174.81815812080453,-36.953274098560236,100 174.8181755596998,-36.953264280153775,100 174.81818372895415,-36.953259139173554,100 174.81820438625786,-36.95324472880238,100 174.8182170924283,-36.95323447813438,100 174.81822303723234,-36.95322897283615,100 174.81823380190696,-36.95321726922574,100 174.81823880483267,-36.95321083466728,100 174.81824358673407,-36.95320318129971,100 174.81824799051392,-36.953194975804315,100 174.81825570536276,-36.95317781001666,100 174.81826196436873,-36.95316119560328,100 174.81827028488303,-36.95313677119625,100 174.81827188414067,-36.95313313600103,100 174.8182721655769,-36.95313396721698,100 174.81827195357408,-36.95313643378018,100 174.81826617501076,-36.95316739620883,100 174.8182634306604,-36.953185453888636,100 174.81826231514586,-36.953195027703195,100 174.81826107899627,-36.953214499893214,100 174.81826113960392,-36.95322403856875,100 174.81826207232166,-36.95323587037264,100 174.81826458097242,-36.95324247199671,100 174.8182676576983,-36.9532489711823,100 174.81827513737926,-36.95326172931729,100 174.81828397737686,-36.9532742638188,100 174.8183085121568,-36.953305410903624,100 174.81832106005885,-36.95332279180686,100 174.81832801717445,-36.95333610144004,100 174.81833437474478,-36.953349606829825,100 174.81834014812236,-36.95336329241866,100 174.81834538970702,-36.953377142081536,100 174.81835008154468,-36.95339110922473,100 174.8183542909938,-36.9534051928166,100 174.81835795033115,-36.95341937857198,100 174.81836425336715,-36.953447969338036,100 174.8183656519438,-36.95345511613811,100 174.81836686836263,-36.95346588994834,100 174.8183667252632,-36.95347295400644,100 174.8183659060176,-36.953479968032546,100 174.8183644109684,-36.953486946442595,100 174.81835996640712,-36.95350085163237,100 174.81835410179832,-36.95351468844071,100 174.8183442656868,-36.953535404589395,100 174.81833794363715,-36.95354960442615,100 174.818323594923,-36.95359548613163,100 174.8183176976843,-36.95360941537288,100 174.81830125855143,-36.95364418243194,100 174.81829508440504,-36.953658085268366,100 174.8182897585854,-36.95367200575598,100 174.81828567695976,-36.953685919805096,100 174.81828425114003,-36.9536928818312,100 174.81828327472283,-36.95369985139515,100 174.81828281845668,-36.95370682831467,100 174.81828293208116,-36.95371382624909,100 174.81828407324576,-36.95372370259341,100 174.8182854707284,-36.95373080344344,100 174.81828949118756,-36.953744920576455,100 174.81829206149396,-36.9537518944026,100 174.81829899240458,-36.953768114809655,100 174.81830222886867,-36.95377476567312,100 174.81830954199987,-36.95378779044288,100 174.81831783267126,-36.95380050460537,100 174.81832693021025,-36.95381295674199,100 174.8183416493205,-36.953831292234426,100 174.81837260856676,-36.95386731800251,100 174.81843150070756,-36.95394003958547,100 174.81845491708404,-36.953970756708934,100 174.8184711747945,-36.95399433144066,100 174.81848143846122,-36.95401430616955,100 174.81849062241534,-36.95403468680836,100 174.81849908739642,-36.95405534164618,100 174.818515196653,-36.95409699197324,100 174.8185235752466,-36.95411764993493,100 174.81853262073153,-36.95413801556592,100 174.8185391809504,-36.95415134838883,100 174.81854634107637,-36.95416445299997,100 174.81855537755766,-36.954179198117004,100 174.81856955686564,-36.9541974030441,100 174.81857964189032,-36.954209250567025,100 174.81859012063165,-36.954220936128735,100 174.81861196739976,-36.954243921379515,100 174.81865089048756,-36.95428343576721,100 174.81865713710678,-36.9542881152793,100 174.81866415090735,-36.95429171406897,100 174.81867186744407,-36.95429435570331,100 174.81868016581728,-36.95429615109444,100 174.8186889658993,-36.95429727272115,100 174.81869818343102,-36.95429781380912,100 174.8187076847615,-36.95429796297968,100 174.8187470501599,-36.95429695609417,100 174.81875673828338,-36.95429697891779,100 174.81876616052818,-36.95429739158027,100 174.81877868867167,-36.95429886888958,100 174.8187867118736,-36.954301985321806,100 174.8187945874922,-36.95430546003714,100 174.81880972618785,-36.95431342833265,100 174.8188169877352,-36.954317904811184,100 174.81883077221963,-36.95432767576731,100 174.81884351194054,-36.954338472210615,100 174.81885507856177,-36.95435009240875,100 174.81886534981538,-36.954362448103105,100 174.81886994669506,-36.95436882843947,100 174.81888042521828,-36.95438512875088,100 174.81888762059228,-36.95439824812243,100 174.81889339490507,-36.954411965212024,100 174.8188978836365,-36.95442612111388,100 174.81890113478477,-36.95444056186786,100 174.81890231258782,-36.95444786706991,100 174.81890534131867,-36.954480245753665,100 174.81890554550816,-36.95448736577958,100 174.81890516020053,-36.954501666663596,100 174.81890278323397,-36.95452317169212,100 174.81890014931994,-36.954537510634246,100 174.81889490106107,-36.95455903261639,100 174.81888842322175,-36.95458046798286,100 174.81887970323916,-36.95460547088796,100 174.81887307913334,-36.95463454360032,100 174.81886552205972,-36.95466367657428,100 174.81885910434255,-36.9546854210729,100 174.81885197192463,-36.954707006171404,100 174.81884117644702,-36.95473531267504,100 174.81883517408804,-36.954749212905135,100 174.81882873622982,-36.95476293503616,100 174.81882185800396,-36.95477641605004,100 174.81881447246568,-36.954789627228735,100 174.81880243693115,-36.954808956624866,100 174.8187937340945,-36.95482141555106,100 174.81878445061534,-36.954833543573926,100 174.8187694086795,-36.95485103526293,100 174.8187527725396,-36.95486774829575,100 174.81874694006228,-36.95487292742308,100 174.81873439192574,-36.954883219891336,100 174.81871195588573,-36.9548991168478,100 174.81871090149178,-36.954899832427984,100 174.81868832473927,-36.95491562157443,100 174.81868014331675,-36.954920917803754,100 174.8186557330038,-36.95493474220962,100 174.81863211358404,-36.95494706641033,100 174.81860567267213,-36.95495933017803,100 174.81858776714122,-36.954971216221644,100 174.81858636611727,-36.95497317642975,100 174.818581591647,-36.954981758959995,100 174.8185794805781,-36.954987013564434,100 174.8185697563742,-36.95500937022456,100 174.81855807097787,-36.9550268510274,100 174.81855072294906,-36.95503295378358,100 174.81854665026756,-36.9550353451911,100 174.81851316638833,-36.95504751042642,100 174.81847199438286,-36.955006005179136,100 174.818454998593,-36.95501100017401,100 174.8182850075763,-36.95508799288693,100 174.8182720004074,-36.955094004745156,100 174.818050003826,-36.955194006767776,100 174.81803199640643,-36.955201991561104,100 174.81787300674648,-36.95527300618269,100 174.81775599702308,-36.95532599667907,100 174.817701993683,-36.9553499993005,100 174.81751599192,-36.95543399870494,100 174.8175230061527,-36.955430998969206,100 174.81729300726772,-36.95553400003536,100 174.81718799402265,-36.955582001377614,100 174.81704400654598,-36.95564599288411,100 174.8168749990576,-36.95572299829147,100 174.81673799202304,-36.95578400557254,100 174.81668899656344,-36.955806996426816,100 174.81660500724834,-36.955844002052785,100 174.8164150074728,-36.95593000238289,100 174.8162800062435,-36.95599099197041,100 174.81616900495592,-36.95604099754776,100 174.81598399483684,-36.95612400237506,100 174.81596300448058,-36.956132998708085,100 174.81576700073902,-36.95622100336688,100 174.81573500815884,-36.95623599229602,100 174.8155589926016,-36.9563150030326,100 174.81538799161996,-36.95639199267187,100 174.81534900280664,-36.95640999615655,100 174.8150659968915,-36.956536992783214,100 174.8144300023491,-36.956824004714946,100 174.81348100499602,-36.95725099469355,100 174.81327600110697,-36.95734300306164,100 174.81323600686488,-36.957360990573484,100 174.81302500867636,-36.95745599774218,100 174.81288600544204,-36.95751900141045,100 174.8128310049638,-36.95754399500593,100 174.81270199203468,-36.95760199858064,100 174.81251799506018,-36.95768499521809,100 174.81229199641555,-36.957785997701514,100 174.81226000283542,-36.95780100104322,100 174.81218199387425,-36.957835999670095,100 174.8120839967952,-36.95788000744456,100 174.81135599402378,-36.95820799639138,100 174.81095299783348,-36.958389998570624,100 174.8109419959468,-36.95839399342832,100 174.81091399767104,-36.95840699401104,100 174.8107149979504,-36.95849200588207,100 174.810534992137,-36.95856900068428,100 174.81031300056182,-36.958664000409726,100 174.8101520055663,-36.95873299299549,100 174.81000600038263,-36.95879499598092,100 174.80996899790475,-36.9588109971398,100 174.80983300038264,-36.95886999824167,100 174.80964299401543,-36.95895100093904,100 174.80958199651636,-36.958977007423755,100 174.80942100017185,-36.959045999049984,100 174.8092220058896,-36.959131998918394,100 174.80903899515758,-36.95921000169207,100 174.80880800499705,-36.95930900605183,100 174.80876600165763,-36.95932699564934,100 174.80855800187544,-36.95941599604181,100 174.80846899527205,-36.95945399357203,100 174.80841599920421,-36.95947700144116,100 174.80823800362373,-36.95955299775928,100 174.80822599746068,-36.95955899238049,100 174.8080090003818,-36.95965199825675,100 174.8080040014952,-36.95965400322654,100 174.80778500569926,-36.95974800265505,100 174.80779999584144,-36.95974099821831,100 174.80755199608038,-36.95984799886789,100 174.80754799090047,-36.95984899542878,100 174.80729600353604,-36.95995700626392,100 174.80725999478454,-36.95997199910127,100 174.80700799745657,-36.96008100093981,100 174.8069950013661,-36.96006099379737,100 174.80684900019327,-36.960125996994606,100 174.80695600112915,-36.960283000345484,100 174.80697300262088,-36.96030800474889,100 174.80707700279598,-36.96046200628316,100 174.8070340035314,-36.9604810036961,100 174.8068219932713,-36.96057099681202,100 174.8067190072609,-36.96061500584567,100 174.80661099465394,-36.96066199535692,100 174.8063970023645,-36.960752996724864,100 174.8063529997935,-36.96077199474051,100 174.80625599836594,-36.96081399789757,100 174.80612700065606,-36.96086900359077,100 174.80593100230203,-36.96125599456057,100 174.80572499096533,-36.961343996292214,100 174.80552499203188,-36.96127300193893,100 174.80535800362236,-36.961213998449054,100 174.80462600525306,-36.961629991929556,100 174.8042240011329,-36.96185799609069,100 174.80213300837195,-36.9633349954157,100 174.80205799165094,-36.96374599783174,100 174.8017030002968,-36.963133007052896,100 174.80146900706626,-36.96272899317633,100 174.79967200272637,-36.96079799571643,100 174.7994120087513,-36.96042800544847,100 174.79931399398035,-36.96028800390637,100 174.79913800231319,-36.960038005713116,100 174.79909099370911,-36.959971999403,100 174.7989949958605,-36.95981900144752,100 174.79888799451444,-36.95964799223234,100 174.79878900475492,-36.95949100329908,100 174.79868600135958,-36.9593259974156,100 174.7985990019686,-36.9591870045486,100 174.79851899245287,-36.959060005096966,100 174.79843699304874,-36.95892899689501,100 174.79837099195834,-36.95894499935225,100 174.7980720026084,-36.95834399212395,100 174.797875001074,-36.958202006765966,100 174.79777399876318,-36.95800000004809,100 174.79743600495084,-36.95731699236686,100 174.79727800826922,-36.956913991776,100 174.797074998285,-36.95640099858785,100 174.79686500249937,-36.95587000398759,100 174.7966559946628,-36.95533900660492,100 174.79600600774884,-36.953698992705206,100 174.79586600642372,-36.95354299642873,100 174.79586599776223,-36.95354200600228,100 174.79583699619616,-36.95346699290416,100 174.79569700600223,-36.953095994784164,100 174.7956249985604,-36.953112995064494,100 174.7955560024188,-36.95298399799067,100 174.79550799976306,-36.95285399925191,100 174.795525004271,-36.952849998858845,100 174.79547500385593,-36.95271899559505,100 174.7954249938641,-36.952587002794054,100 174.7953759966707,-36.952455998728084,100 174.79532600498015,-36.95232400469795,100 174.79511999975952,-36.952375005571426,100 174.79505599616712,-36.952200997951934,100 174.7952249991622,-36.95215999994202,100 174.79505200219643,-36.951701992053984,100 174.79498899507564,-36.951534998750994,100 174.7949859929735,-36.951535993239226,100 174.79497100369358,-36.951538999564974,100 174.79496099636648,-36.95154000442874,100 174.79490800109429,-36.95154299500815,100 174.7948879959723,-36.95155000423872,100 174.79487200180097,-36.95155699158197,100 174.7948539944662,-36.951562992663185,100 174.79484599398583,-36.95156600687838,100 174.7948369981075,-36.951567999616486,100 174.79482199925337,-36.95157399576857,100 174.7947920030201,-36.95158600336737,100 174.79478600114314,-36.951590005862286,100 174.7947629924072,-36.95159799425543,100 174.7947319935948,-36.95160800523522,100 174.7946789984353,-36.951631005161794,100 174.79457400185885,-36.95166800640069,100 174.79454599494312,-36.95168400738866,100 174.7945010078927,-36.951727005597256,100 174.79448499775995,-36.951738005836326,100 174.79447399531895,-36.95174599475853,100 174.7944549920616,-36.95175899521375,100 174.79443100745266,-36.95177000421826,100 174.79440699577066,-36.951777993281695,100 174.79438599468028,-36.95178199893979,100 174.7943780030982,-36.95178400620748,100 174.79437100534693,-36.95178500609258,100 174.79433899420778,-36.95178600458437,100 174.79428000498714,-36.95179999874316,100 174.7942159981731,-36.95181399930366,100 174.79410900324288,-36.95184999561434,100 174.79405699430748,-36.951868998300824,100 174.7940460005996,-36.95187200091289,100 174.79403800892607,-36.95187199459548,100 174.7940219975508,-36.95188299389038,100 174.79395099425156,-36.95190600063893,100 174.79354399315199,-36.951950999189194,100 174.79361100172775,-36.951903993922265,100 174.79367900569184,-36.9518719941885,100 174.7937149964537,-36.9518490001576,100 174.79372200295498,-36.951840999574344,100 174.79373600675135,-36.951828005371596,100 174.79374599768963,-36.95181500059448,100 174.7937830002146,-36.95178099326769,100 174.79380499706906,-36.95176600712943,100 174.79391300548872,-36.95167100484658,100 174.7939829976731,-36.95163099635373,100 174.79400600650825,-36.95161300338304,100 174.79401499258594,-36.951608006733885,100 174.7940300088784,-36.95159600127447,100 174.7940640006653,-36.95157799644699,100 174.794109999721,-36.95154600723419,100 174.79412900348396,-36.951526996779755,100 174.79414999558097,-36.951513994260566,100 174.79419499930358,-36.951475005933325,100 174.79420800845966,-36.95146500108607,100 174.7942269945464,-36.95145399826966,100 174.79423400069697,-36.95144799680462,100 174.79424599805256,-36.951438999605784,100 174.79425199128704,-36.95143400580917,100 174.7943039925125,-36.95138999224231,100 174.79431000450123,-36.95138699459798,100 174.79434499257724,-36.95135000260784,100 174.7943500000116,-36.95134099838116,100 174.79435199952667,-36.95132800257518,100 174.7943510039771,-36.951323001739354,100 174.7943440073081,-36.95130399215355,100 174.7943419921531,-36.951301005870945,100 174.79430100363172,-36.95127400061783,100 174.79429399748884,-36.951269998261544,100 174.79427299758999,-36.951253994427475,100 174.7942659914504,-36.951249992069435,100 174.79424699843264,-36.951235999404126,100 174.79422800510957,-36.951203996429754,100 174.7942170042471,-36.95119400563884,100 174.79420899466024,-36.951183994876196,100 174.7942019978541,-36.95117900181509,100 174.79414900335775,-36.95117799555848,100 174.7941179948033,-36.9511749985771,100 174.79411399920386,-36.95117500397948,100 174.7941049949467,-36.951171995326405,100 174.79403700289808,-36.951161003635036,100 174.7940289939554,-36.951157002896935,100 174.79402799924287,-36.95115399938544,100 174.7940269970169,-36.951150005429376,100 174.79402900321128,-36.95114399390799,100 174.79403199629505,-36.95114199279826,100 174.79409999775172,-36.951126005838326,100 174.7941150044015,-36.95111900287771,100 174.79409600213998,-36.951106001786364,100 174.79410899358183,-36.951104003703236,100 174.7941260073127,-36.95110500483612,100 174.79413800346668,-36.951103999730655,100 174.7941460036761,-36.95110499557003,100 174.79415000079607,-36.95110500726884,100 174.79422799173312,-36.95110200159795,100 174.79424099099026,-36.951098996600344,100 174.79430899259694,-36.951096995405976,100 174.79432799571563,-36.95109399790055,100 174.7943429936361,-36.951093994746635,100 174.79437599894692,-36.951090005951,100 174.79438500314478,-36.95109100192188,100 174.79441900424808,-36.95109800686766,100 174.794432998471,-36.951103998274604,100 174.79446600402463,-36.95111399443539,100 174.7944770058403,-36.95112000492997,100 174.79448399393306,-36.95112199398457,100 174.79448900224233,-36.95112499270648,100 174.7945349984417,-36.95114099631745,100 174.79454699493542,-36.95114799765044,100 174.79456200131935,-36.951152996703854,100 174.79458599459116,-36.951165001117445,100 174.7945990026465,-36.95117500479558,100 174.7946049969478,-36.95117800212759,100 174.79461399222063,-36.951180004997724,100 174.7946359951763,-36.951191995322866,100 174.79466399338938,-36.95120300360114,100 174.79466700300492,-36.951202999565524,100 174.79467099945626,-36.95120499237282,100 174.79468899809675,-36.9512059929568,100 174.7946990056977,-36.95120299167369,100 174.79482200057143,-36.95116700622134,100 174.79489399771626,-36.951154995441435,100 174.79492900241056,-36.95114600003894,100 174.7949370029392,-36.951144999381455,100 174.79494500346766,-36.95114399872345,100 174.79494800555517,-36.9511430042366,100 174.79496100478764,-36.9511399991607,100 174.7949689965498,-36.951135993610656,100 174.7949789963195,-36.95113399920439,100 174.7950449994298,-36.95111900543761,100 174.79505999669527,-36.951112993959626,100 174.7950940074403,-36.951095002975535,100 174.7951239945025,-36.95108400222279,100 174.79514199409599,-36.95107499799849,100 174.79524899498196,-36.95103999213926,100 174.79527400099568,-36.95103299285089,100 174.79532399443315,-36.95101499805749,100 174.79536800300784,-36.950989004346155,100 174.7953750090038,-36.950983001915844,100 174.79539500667423,-36.95097300481982,100 174.7953990025349,-36.950971002030734,100 174.79540100053785,-36.950967994732714,100 174.7954110072284,-36.950962996064156,100 174.79542300463984,-36.95095200140752,100 174.7954300018661,-36.950942994985134,100 174.79543699894717,-36.95093800036916,100 174.7954480013141,-36.95092599955565,100 174.79547200366463,-36.950905001579265,100 174.7954760076165,-36.950899995445056,100 174.7954930036821,-36.95088699634345,100 174.79551800075328,-36.95086900095518,100 174.79553000629159,-36.950862993205035,100 174.7955370033376,-36.9508579976825,100 174.79556999255536,-36.950844004074696,100 174.7955879920382,-36.95083499978532,100 174.79562400742822,-36.95082300009441,100 174.7956290072161,-36.950820995633066,100 174.79564900454267,-36.95081299583976,100 174.79566000594608,-36.95081099974654,100 174.7956659917535,-36.950808995692256,100 174.79571400414764,-36.95080000070286,100 174.79571900283005,-36.9507979971558,100 174.79574299649113,-36.95078399895912,100 174.79574800445434,-36.95078100381125,100 174.79575300362154,-36.950775003773444,100 174.79575400809136,-36.95077100742018,100 174.79575800417518,-36.95076700637478,100 174.79578200592104,-36.950738001861964,100 174.7957870046136,-36.95072399534598,100 174.795790992445,-36.95071299562348,100 174.79579900223237,-36.95069900124453,100 174.79580900056885,-36.95068700206577,100 174.79582999264738,-36.95067000367319,100 174.79584099441044,-36.95066199841372,100 174.7958560009479,-36.950645006735876,100 174.79587100773935,-36.95063199531049,100 174.79588900751756,-36.95061100422958,100 174.7959059944285,-36.950596999327814,100 174.79593199476668,-36.9505829986788,100 174.79594300468523,-36.950574002728764,100 174.79596699835142,-36.95055599268293,100 174.79599900101368,-36.95053600744191,100 174.79600699265674,-36.95053200182473,100 174.79602399770448,-36.95052799955423,100 174.7960390040951,-36.95052099815955,100 174.79605299845005,-36.950517000872665,100 174.7960820083198,-36.950502996121955,100 174.79609699767744,-36.95048800201378,100 174.79610199705434,-36.9504800046187,100 174.79610799924404,-36.950472005571626,100 174.79611399378825,-36.95046100341982,100 174.79611799838634,-36.950438001368376,100 174.79611799788367,-36.95042999489209,100 174.79612200247146,-36.95041899400388,100 174.79612300600277,-36.950388995291505,100 174.79613099809873,-36.95036899201394,100 174.79613599847923,-36.95036500640681,100 174.79614100601862,-36.95036199502519,100 174.79615199953005,-36.95034900372365,100 174.79615699889263,-36.950341006326475,100 174.7961610027495,-36.9503359992697,100 174.7961679918055,-36.950329997950995,100 174.79620100579618,-36.950311001433285,100 174.79621300276028,-36.950302004945975,100 174.79622299244915,-36.95029700556596,100 174.7962269971904,-36.950293996734615,100 174.79623899412758,-36.95028499934379,100 174.7962480058867,-36.95027699711663,100 174.7962500042196,-36.95027400602348,100 174.79628000917148,-36.9502470061655,100 174.79629600114305,-36.95022999772019,100 174.79630099220898,-36.95022700280507,100 174.79630799744103,-36.950217005652824,100 174.79631500418583,-36.95021300139764,100 174.79634800037985,-36.950163991835524,100 174.79635599269312,-36.950153993264756,100 174.79635899359985,-36.950152998760565,100 174.796361000591,-36.950150998092475,100 174.79636400149752,-36.95015000358818,100 174.79637399230032,-36.95014500508014,100 174.79637600733224,-36.95014000016866,100 174.79638100640926,-36.950134000106225,100 174.7963829952098,-36.950133997954026,100 174.79640700591116,-36.950128005851525,100 174.79641499724184,-36.950125997551744,100 174.79643799562862,-36.95012299694135,100 174.79645699867726,-36.95011800266089,100 174.796471995991,-36.95011200632888,100 174.7964780076784,-36.95010699591858,100 174.79648700244087,-36.95010300483397,100 174.79649600577716,-36.95009799241596,100 174.7965440015595,-36.9500570020572,100 174.79655499424683,-36.95005000365178,100 174.79656399801857,-36.95004099474014,100 174.79661300500433,-36.950002992271585,100 174.79668200794956,-36.94995900340272,100 174.79669900360037,-36.94994600413756,100 174.79670699538505,-36.949940001132205,100 174.7967130074245,-36.949935006928754,100 174.79671999503756,-36.94993100293957,100 174.79673300359732,-36.94992099782899,100 174.7967500082826,-36.94990900520166,100 174.79675800029875,-36.9499010048498,100 174.79677722523803,-36.949885908697894,100 174.79689260277294,-36.950159765554105,100 174.79690466979065,-36.950155475565836,100 174.79693554434854,-36.950134717588476,100 174.7969854770876,-36.95011375134902,100 174.7969932588685,-36.95011228878087,100 174.79700143498266,-36.95010873006721,100 174.7970461437925,-36.95008644041099,100 174.79705985602794,-36.95007555663604,100 174.7970778629425,-36.95006220040693,100 174.79708590048236,-36.95004930424012,100 174.79709694538016,-36.95004362183272,100 174.79710070057442,-36.9500410349653,100 174.79714813114575,-36.94999029696392,100 174.79715282476334,-36.94998386975824,100 174.79715881110147,-36.949979216623,100 174.79716535656027,-36.949972168310985,100 174.79717223003647,-36.949967035759805,100 174.7971884086621,-36.949959223308994,100 174.79721677272676,-36.949935054788746,100 174.79724356971886,-36.949902456444086,100 174.79724763964626,-36.9498952950822,100 174.79725183101942,-36.94988618141113,100 174.79725843945212,-36.949879519711104,100 174.79726529075515,-36.9498689047213,100 174.79730302736408,-36.94983460579124,100 174.7973381223981,-36.94981510966779,100 174.79736727617984,-36.94980337917905,100 174.7973796479401,-36.94980149918313,100 174.79738847110536,-36.949798859013306,100 174.7974489315914,-36.94980297393947,100 174.7974558115822,-36.949801464605905,100 174.79746482426538,-36.94980077203152,100 174.79747090117343,-36.94979830142356,100 174.79747893240364,-36.94979249876553,100 174.79748725839139,-36.949776732888,100 174.79752363019728,-36.949735162821845,100 174.79755290444444,-36.949716042291016,100 174.7975679406321,-36.94970817137566,100 174.797598388851,-36.94969499443151,100 174.7976012382167,-36.9496928097359,100 174.79764571868387,-36.949675060592035,100 174.79767759396074,-36.94966082188859,100 174.7976967588243,-36.949654120552886,100 174.79770754425374,-36.94964910900004,100 174.79772824644834,-36.94963762808057,100 174.7977752058804,-36.949614743448144,100 174.79779967485345,-36.94960112341168,100 174.7978397550616,-36.94957514772552,100 174.79785640568034,-36.94955952164887,100 174.79790827798388,-36.949525977387424,100 174.79793576166958,-36.94950388156172,100 174.79794054262922,-36.949498785163264,100 174.79795564892316,-36.94948831100831,100 174.7979674163729,-36.949481842437606,100 174.79802302989927,-36.94946317915024,100 174.79804111079426,-36.94946201029424,100 174.7980646515811,-36.949463892654954,100 174.79810068650957,-36.949465998585595,100 174.79810438242933,-36.94946643383085,100 174.79811971756556,-36.949464117700046,100 174.7981837419261,-36.94945623209588,100 174.7982017046959,-36.94945653506802,100 174.7982202297002,-36.94945314399769,100 174.79822533108458,-36.94945174177818,100 174.79822949292188,-36.9494514552105,100 174.7982410952507,-36.94944794726728,100 174.7982555374035,-36.94944189783111,100 174.7982732327809,-36.94943517539802,100 174.7983019833236,-36.949427895230684,100 174.79831550212103,-36.94942221760038,100 174.79836015205717,-36.949406340383504,100 174.7983788248196,-36.94939667381866,100 174.79838535877153,-36.94939382309193,100 174.79839975531556,-36.949389989789566,100 174.79841281198185,-36.94938318978682,100 174.798441888059,-36.9493644442895,100 174.79845308693092,-36.94935872787863,100 174.79846857965,-36.9493471644111,100 174.79848167953028,-36.94934000591966,100 174.7984966908285,-36.949329890061115,100 174.79850649714288,-36.949324506600206,100 174.79853281098028,-36.94930463120228,100 174.79856515276188,-36.94928374061786,100 174.7986184456187,-36.94925432243337,100 174.79863055559767,-36.94924972066325,100 174.79869181529224,-36.94923263627454,100 174.7987151469363,-36.94922118835447,100 174.7987320831711,-36.94921590235249,100 174.79875295573672,-36.949209002821206,100 174.79876851829712,-36.94920609369406,100 174.79883311058546,-36.949183502109825,100 174.79884546365167,-36.94918021257125,100 174.79887293120092,-36.949175494348594,100 174.79889355671105,-36.949170410202214,100 174.79891140251138,-36.949167509723495,100 174.79903679128816,-36.949158612698554,100 174.79904457266238,-36.94916048040418,100 174.7990473173199,-36.949161580792925,100 174.79911502588487,-36.94915770564475,100 174.79913241559942,-36.949155897241454,100 174.79914294988708,-36.94915592237173,100 174.79921527896613,-36.94914543441695,100 174.7992280863606,-36.94914436873599,100 174.7992418315113,-36.949141443826676,100 174.79926877377835,-36.94913712104392,100 174.7992688254177,-36.94913712026129,100 174.79929242471272,-36.949134619244006,100 174.79931558435825,-36.949129182956305,100 174.79932328019885,-36.94912846513348,100 174.79935914114614,-36.94912050911073,100 174.79938635991675,-36.94911619743317,100 174.7994626112195,-36.949095577559554,100 174.79962098372997,-36.94906856535401,100 174.79963507429653,-36.94906495376076,100 174.79965004213926,-36.94905514757188,100 174.79966730002215,-36.94905227211601,100 174.79967412381578,-36.94905191089513,100 174.79968136781855,-36.949049745157986,100 174.79972674499157,-36.94904327076021,100 174.7997412607446,-36.94904002315396,100 174.79975358388796,-36.94903961641645,100 174.79978365731648,-36.94903864765536,100 174.79984072846526,-36.94903547685598,100 174.7998658562463,-36.94903589267891,100 174.79988091077206,-36.94903740580467,100 174.7999055557731,-36.94903854188752,100 174.79994023517676,-36.94904375305187,100 174.80003792520122,-36.94904798631951,100 174.80004706447903,-36.94904690406045,100 174.80008862280744,-36.94904918161895,100 174.80013426379918,-36.9490514837854,100 174.80019772348933,-36.949054555874035,100 174.8002041249417,-36.94905457237321,100 174.800215513871,-36.94905751015388,100 174.80025658921772,-36.949063838326374,100 174.80027437432386,-36.94906861966551,100 174.8002946500633,-36.94907267822557,100 174.80031669993863,-36.94907711006726,100 174.8003575886435,-36.949086290126864,100 174.80043709091805,-36.94909954714773,100 174.8004515969747,-36.94910395005823,100 174.80046751138528,-36.949107260832825,100 174.8004847883642,-36.94910910881897,100 174.80051566940426,-36.94911391864443,100 174.80057109729202,-36.94911474005283,100 174.8006006254752,-36.9491180858901,100 174.80063653220384,-36.949119234886226,100 174.80065426691976,-36.949116723401225,100 174.80070294046817,-36.94910258873714,100 174.80071749128902,-36.949100068751406,100 174.80075207631256,-36.94907498934094,100 174.80076938661307,-36.94906480317532,100 174.80078394558103,-36.94905461727937,100 174.80078896763416,-36.94904951530868,100 174.80079898290526,-36.94903751455977,100 174.80080445549768,-36.9490324219783,100 174.80081038571177,-36.94902368109765,100 174.80081357953802,-36.949016767250875,100 174.8008145100546,-36.949007305435934,100 174.80081589918143,-36.949002201786875,100 174.80081703579557,-36.94900001415275,100 174.80082718337653,-36.948980469998936,100 174.80083348421797,-36.94895403767413,100 174.80083572380258,-36.948937026323634,100 174.80083933047032,-36.94892871186236,100 174.8008438281922,-36.94892075342842,100 174.80085149852493,-36.94891170493639,100 174.80087674400724,-36.948890700547594,100 174.80092004225577,-36.94886281107717,100 174.80094711309133,-36.94884216294896,100 174.80096335491515,-36.948832769005804,100 174.8010102506118,-36.94880886196996,100 174.80102424332657,-36.94880415207944,100 174.8010449968477,-36.94879798132424,100 174.8010540109355,-36.94879473229662,100 174.80109237022606,-36.94877843303334,100 174.80113386861217,-36.94876248271733,100 174.80119113985924,-36.94873243970441,100 174.8012127977138,-36.94872447237685,100 174.80124165954203,-36.948708161230655,100 174.80125429665136,-36.94870454265614,100 174.8012804417039,-36.94869222593646,100 174.80134949180808,-36.94866542286304,100 174.80139187624604,-36.948638989209954,100 174.80140000690693,-36.94863570939598,100 174.8014189308884,-36.948623049748946,100 174.80144103727798,-36.94860242275876,100 174.80144779254957,-36.94859410106284,100 174.80145230690323,-36.94858213235429,100 174.8014577181187,-36.94857200586704,100 174.80146988903718,-36.948552458898654,100 174.8014752841948,-36.94854775322936,100 174.80149963467983,-36.948532912038864,100 174.8015154333732,-36.94852711833254,100 174.8015249168654,-36.94852530156443,100 174.80158534200143,-36.948502112860346,100 174.8016034075718,-36.948493059797826,100 174.8016543670624,-36.94845647768503,100 174.8016683510898,-36.94844744689414,100 174.80167691775543,-36.94844093910541,100 174.80168320919168,-36.948434762380835,100 174.80171390805398,-36.94841592656973,100 174.80172968771345,-36.94840942197782,100 174.80174457136093,-36.948405068026126,100 174.80178110916816,-36.94839855484386,100 174.8018321021345,-36.94839452534116,100 174.80186052667332,-36.94839598491855,100 174.80190656494776,-36.94840029303855,100 174.80193318846656,-36.948405003977065,100 174.8019580071805,-36.948407515126505,100 174.80200673540804,-36.94840750288298,100 174.80206720638336,-36.94840204502692,100 174.80208300695435,-36.94840167179188,100 174.8021375939241,-36.94839875842639,100 174.80218316413544,-36.94839440188635,100 174.8022070769136,-36.948393304306535,100 174.80223280497722,-36.94838822685055,100 174.80226662781791,-36.94837844506459,100 174.80229550851288,-36.948366857228415,100 174.80243489219927,-36.948292243912384,100 174.80244297486377,-36.9482864545635,100 174.80246464645194,-36.94827703206118,100 174.8024790765726,-36.948274498371504,100 174.80248765658044,-36.94827051403526,100 174.80249396175077,-36.94826687699657,100 174.80250797153153,-36.94826146994876,100 174.80256298246857,-36.948239004698024,100 174.80256840342875,-36.94823792281982,100 174.80259049318445,-36.94822994868575,100 174.80264057549118,-36.94821616229061,100 174.8026951621209,-36.948197328554905,100 174.8027881009625,-36.94817593130403,100 174.80283728274176,-36.94816939344453,100 174.8028508125202,-36.94816687338214,100 174.80292254972687,-36.948143678967554,100 174.8029478216195,-36.94813969258043,100 174.8029699167451,-36.94813390220757,100 174.80305385389366,-36.94811756539854,100 174.8030804611214,-36.9481150134432,100 174.80314091765368,-36.948115005580256,100 174.803259594951,-36.9481214709053,100 174.80329614293657,-36.94812002075342,100 174.80330517334156,-36.948116756887394,100 174.80332141793488,-36.94810949962714,100 174.80336382519684,-36.948081980637035,100 174.80337103972914,-36.948078716407935,100 174.8033764339295,-36.94807726265193,100 174.80338050665964,-36.94807691596794,100 174.8033958377754,-36.94807111469484,100 174.80340310423952,-36.94807048154653,100 174.80341259421294,-36.94806956315201,100 174.80341483900753,-36.948068085128725,100 174.80343839828794,-36.94806276455207,100 174.80346159046104,-36.94806325859268,100 174.80347069108728,-36.94806463998237,100 174.8034797972039,-36.94806492076905,100 174.80351064303153,-36.94806172387545,100 174.80355461985107,-36.94805328908299,100 174.80358320804555,-36.948050454550106,100 174.80360447318625,-36.94804404393801,100 174.80361890803985,-36.94803771455546,100 174.80365514485192,-36.948028976393374,100 174.8036678121612,-36.94802450535226,100 174.8036912898554,-36.94801406012509,100 174.8037147917095,-36.94800582998519,100 174.80378425616237,-36.94796980405826,100 174.80380724347896,-36.947956471200364,100 174.80382431874972,-36.94794391858022,100 174.80386219618072,-36.94792313534691,100 174.8038725290305,-36.94791538918441,100 174.80388912561745,-36.94790172978958,100 174.80390937850055,-36.947887684951645,100 174.80393326459736,-36.947873609240574,100 174.8039584754237,-36.94785732768045,100 174.80397553823968,-36.947842963563225,100 174.80399666241746,-36.947827819373636,100 174.8040318265433,-36.94780779387031,100 174.8040788139479,-36.94778874689543,100 174.80409012453322,-36.947785366300224,100 174.80411187953595,-36.94778116090922,100 174.80412547298334,-36.947777726692,100 174.80415129226532,-36.9477734838675,100 174.80416264022475,-36.94777083096874,100 174.80418797536012,-36.94776329754253,100 174.8041997287673,-36.94776026623117,100 174.80421013032574,-36.94775652989546,100 174.80426928389213,-36.94772972141113,100 174.80429325103492,-36.94772146606027,100 174.80430498101322,-36.94771625208355,100 174.80436306336608,-36.94767888367614,100 174.80441507483636,-36.94763028054924,100 174.80442657937473,-36.947609752856344,100 174.80444174677473,-36.94759102261665,100 174.80445115916345,-36.94758182123354,100 174.8045033564014,-36.94754633223958,100 174.80452409138672,-36.947534833426666,100 174.80453855242342,-36.94752885955945,100 174.80455303323993,-36.94752434283364,100 174.80458698759733,-36.9475156426886,100 174.80461463033066,-36.94751101331998,100 174.8046232371868,-36.94750874634996,100 174.80469897584393,-36.94749708380182,100 174.80471119501118,-36.94749404355766,100 174.80484408906096,-36.94747456104848,100 174.8048713219056,-36.94747212176395,100 174.8048862528182,-36.94746759725386,100 174.80491011219826,-36.947453877778656,100 174.80491129301217,-36.947452712439194,100 174.80492304087187,-36.94744155028158,100 174.8049308683756,-36.94743723741117,100 174.80493819778198,-36.94743437333278,100 174.8049400542825,-36.9474332887544,100 174.80495888359957,-36.947424316412175,100 174.80499827886334,-36.94741334140637,100 174.80501338330856,-36.947410175244,100 174.80503907973878,-36.94740054416787,100 174.80505787492987,-36.94739559855108,100 174.80508662581457,-36.94739367512985,100 174.80510540046274,-36.94739128507641,100 174.8051800830346,-36.94736966601241,100 174.80519662358594,-36.94736249683493,100 174.80521958920946,-36.94735102257061,100 174.80522884911173,-36.94734193160462,100 174.80523258962515,-36.94733612336853,100 174.80524627422162,-36.947303681173466,100 174.80525591287338,-36.94726862716641,100 174.80525649083012,-36.9472609517014,100 174.8052599361989,-36.947243781333455,100 174.80527646835205,-36.947205143385894,100 174.80528721156008,-36.94718658036129,100 174.8052905469995,-36.94717783635571,100 174.80529565980382,-36.94717093557421,100 174.80531727621295,-36.947127566764415,100 174.80532191656204,-36.94712177368483,100 174.80532941147206,-36.94710865358424,100 174.80533687012232,-36.94709885001199,100 174.80534474005927,-36.94709086627104,100 174.80536413728257,-36.94707384630536,100 174.80538811953272,-36.94705687288389,100 174.80543108544236,-36.94702029896542,100 174.80544029179967,-36.94701379470106,100 174.8054785287025,-36.946988916177744,100 174.8054872944722,-36.94698277643639,100 174.80549464794495,-36.94697955503318,100 174.8055296167856,-36.946959377034254,100 174.80555902966273,-36.946945022262824,100 174.80559887652387,-36.946934781983714,100 174.80562404570128,-36.946929512204974,100 174.80563502212374,-36.946928538579606,100 174.80567883723722,-36.94692856080454,100 174.80569756999827,-36.94692654264201,100 174.8057190163038,-36.9469263994231,100 174.8057532954922,-36.94692158142533,100 174.80579999402255,-36.94691141082154,100 174.805836341304,-36.94689235554911,100 174.80586997724205,-36.94686814266096,100 174.80589403365224,-36.94684604217142,100 174.80591260985238,-36.94682279382703,100 174.80596362133497,-36.946768383581464,100 174.80596976154843,-36.94678364426194,100 174.8059840315477,-36.946779625398264,100 174.80599923661032,-36.946776970435764,100 174.80601851643863,-36.946771395381816,100 174.8060387657527,-36.94676783355947,100 174.8060570761503,-36.94676024796772,100 174.80607286494003,-36.94675344703099,100 174.80608590283327,-36.94674333230517,100 174.80609899422154,-36.94673457956857,100 174.8061105843707,-36.94672863927176,100 174.80611776711473,-36.946720805640126,100 174.80612814311044,-36.94670943439731,100 174.8061368072844,-36.94669742672137,100 174.80614480087726,-36.94668888312651,100 174.80615480225242,-36.94668504455145,100 174.80616923048186,-36.946683780413856,100 174.80618799686326,-36.94668371213198,100 174.80621364097988,-36.94668405567085,100 174.806234100168,-36.94668391385748,100 174.8062521245633,-36.94668523678357,100 174.80626842139543,-36.94668663556335,100 174.80628360808439,-36.94668396462037,100 174.8062855355289,-36.946673617820565,100 174.80628569875557,-36.946662650710316,100 174.80628817443178,-36.9466474635625,100 174.80628819847155,-36.94663445436321,100 174.8062899332352,-36.94662136956339,100 174.80629244331877,-36.94660687861668,100 174.8062950248216,-36.94659374758508,100 174.80629695228404,-36.94658340168605,100 174.80630395841467,-36.94657284602285,100 174.80630856606962,-36.94656443685441,100 174.8063139666142,-36.946555317996214,100 174.8063169855108,-36.94654901055541,100 174.80632596574003,-36.94654249434131,100 174.80633958230584,-36.94654195457981,100 174.8063586633633,-36.94654665310177,100 174.80638104348924,-36.94654987011973,100 174.80638498098767,-36.946550268083556,100 174.80639421076427,-36.9465539853245,100 174.8063994092547,-36.946556328991484,100 174.80640683855532,-36.94655865133427,100 174.8064134130514,-36.94656067842939,100 174.80641829764403,-36.946561618099594,100 174.80642313684015,-36.94656210960016,100 174.80642870448813,-36.946562015872274,100 174.8064339714357,-36.946561695078756,100 174.80643857549742,-36.94656112208547,100 174.80644297517492,-36.946560025827644,100 174.80644602671453,-36.94655899965542,100 174.8064496851029,-36.94655732701224,100 174.8064676195501,-36.94660229256184,100 174.8064685582599,-36.946602479274176,100 174.8064790299143,-36.946602054948535,100 174.8064817708912,-36.94660238098277,100 174.80658207511868,-36.94652786175571,100 174.80659020968204,-36.946523435044526,100 174.8066096401995,-36.946509030920396,100 174.8066463071593,-36.94648831300078,100 174.80665936213066,-36.946476169069,100 174.80667460338313,-36.9464530389566,100 174.80667723766817,-36.94644461744184,100 174.80668577536872,-36.94643505694779,100 174.80670117509572,-36.946427288417475,100 174.8067157112505,-36.946423512379724,100 174.80672526213192,-36.94642161756155,100 174.80675383223902,-36.946410822940784,100 174.8067674355308,-36.94640378026794,100 174.80677149236743,-36.946400816260855,100 174.80679485972064,-36.94637290441584,100 174.80681065009827,-36.946319068580415,100 174.80681376305898,-36.94631175381636,100 174.8068177182678,-36.946298926345115,100 174.80682174318082,-36.9462934228865,100 174.8068529085749,-36.94626870923147,100 174.8068587881691,-36.94626466112711,100 174.80690020800554,-36.94622125292985,100 174.80690556339732,-36.9462117002936,100 174.80691803934863,-36.94618531789168,100 174.80693099110655,-36.9461632951696,100 174.8069349639394,-36.94615378160068,100 174.8069430353112,-36.9461409311366,100 174.80694656570708,-36.94613103763239,100 174.80695241412525,-36.946125147688335,100 174.80696598394292,-36.94611555024447,100 174.8069714090383,-36.94611332161801,100 174.80700912413033,-36.94610427873082,100 174.80704223032353,-36.94609161054704,100 174.8071113765676,-36.946042161396484,100 174.80712220320424,-36.94603147993381,100 174.8071223866769,-36.94603121305269,100 174.8071472310524,-36.945995626402556,100 174.80715623942626,-36.94597557358964,100 174.807163190781,-36.94596289698997,100 174.80716763979586,-36.9459583776212,100 174.80717302381026,-36.94595460113353,100 174.80719671292366,-36.94594896868842,100 174.80720733324404,-36.94595094316808,100 174.80721930861847,-36.94595181002127,100 174.80722744239193,-36.94594797184483,100 174.8072569861756,-36.94592340895555,100 174.8072817723499,-36.94589420274668,100 174.80728980165114,-36.94588703665944,100 174.8073049061846,-36.945871249846206,100 174.80731790859946,-36.94586178538315,100 174.8073440893679,-36.94584688089748,100 174.80738174409018,-36.9458328671003,100 174.80742573245402,-36.94581501456518,100 174.80745259897822,-36.94580784200324,100 174.8074778912112,-36.945794067758015,100 174.80748918446668,-36.94578868976913,100 174.80750280409185,-36.94578362877978,100 174.80752636043096,-36.945773569176886,100 174.80753628720768,-36.94576819756654,100 174.80759869894814,-36.945723849419494,100 174.80763293742658,-36.94570289236861,100 174.80767100651295,-36.94567230130032,100 174.8076844952536,-36.94566355676278,100 174.80772159152477,-36.945631479783444,100 174.8077305477452,-36.94562466999819,100 174.80774213598312,-36.94561338741657,100 174.80774873461124,-36.94560441699719,100 174.8077523042314,-36.94560065459066,100 174.80777116332698,-36.94557302030964,100 174.8077879272691,-36.945537320418865,100 174.80779496315068,-36.94552722839917,100 174.80778473445946,-36.945502482325544,100 174.80780279528233,-36.94549262442145,100 174.80785409980155,-36.94546609863491,100 174.80787230372215,-36.94545445662062,100 174.8078838430072,-36.94544856379676,100 174.80789557741784,-36.94544018935499,100 174.80790391507017,-36.94543557378958,100 174.80803961137144,-36.945324806585894,100 174.8080526536176,-36.94531684484823,100 174.80807081534977,-36.94530555856877,100 174.80809706323672,-36.94529322257678,100 174.80811829045794,-36.94528278642353,100 174.80814014950136,-36.94527594414381,100 174.80814486102858,-36.94527222562485,100 174.80817120391512,-36.945264906750815,100 174.80826854468665,-36.94522943071338,100 174.80828355150388,-36.94522515158872,100 174.8083228957396,-36.945216266445215,100 174.80836320866237,-36.94520669955313,100 174.80837986208948,-36.9452039095628,100 174.80841669166878,-36.94519277602806,100 174.80843411698285,-36.94518572993056,100 174.80845045373405,-36.94517543581067,100 174.8084665023673,-36.945168676569615,100 174.80850407455603,-36.9451475855685,100 174.80851460486846,-36.94514342958544,100 174.80852059931976,-36.945140494590206,100 174.80853518014405,-36.94513581993195,100 174.8085567907162,-36.94512611875119,100 174.80856135103247,-36.94512455488484,100 174.8085702434082,-36.945118659953934,100 174.80860789708964,-36.94513046155556,100 174.80862369709786,-36.94513474912174,100 174.8086272949037,-36.94513142160023,100 174.80864030540766,-36.94512952980871,100 174.80865476619192,-36.9451275672505,100 174.80867338002636,-36.94512301140121,100 174.80868994630598,-36.94511155104212,100 174.80870681083695,-36.94510358598415,100 174.80872192534233,-36.945092181086785,100 174.8087354895186,-36.94507970289322,100 174.80874905220574,-36.945067209398275,100 174.80875958060878,-36.94505371388742,100 174.80877731535605,-36.94503867187352,100 174.8087869078632,-36.94503109159715,100 174.80879523187116,-36.94502595070503,100 174.8088030747347,-36.9450149468094,100 174.80881169695783,-36.94501329941723,100 174.80883352975715,-36.94501209610357,100 174.80884769188887,-36.945006622902625,100 174.80885678606572,-36.94499321322884,100 174.80886908130333,-36.94498315728743,100 174.8088787734641,-36.94497675261662,100 174.80889021643125,-36.944973773346504,100 174.8089082321774,-36.94496221065531,100 174.8089231469284,-36.94494848696162,100 174.80894273135323,-36.94493801440275,100 174.80895335784794,-36.944925677386436,100 174.80896753829876,-36.944920220116146,100 174.80898780242063,-36.94491792844014,100 174.8090092361254,-36.944912054197204,100 174.80902484926202,-36.944906494872264,100 174.80904461500293,-36.94489837199369,100 174.80905432511966,-36.94489196793647,100 174.80905621216016,-36.94488012010108,100 174.80905406308432,-36.94487201027254,100 174.80905890453508,-36.94486001917501,100 174.80907275041113,-36.94485105182078,100 174.80909056713847,-36.944837154096454,100 174.80910256370632,-36.94482358841403,100 174.80912204761935,-36.944811954647655,100 174.8091388120023,-36.9448027986016,100 174.80915994592365,-36.94479341463171,100 174.80918418269798,-36.944786223169295,100 174.80920259742874,-36.944779331332356,100 174.80921966079703,-36.944773701210984,100 174.80924371396713,-36.94476416007482,100 174.8092685483849,-36.94476395828055,100 174.80928261002367,-36.94475732565253,100 174.80929492276488,-36.94474725407846,100 174.80930565001722,-36.944736094429494,100 174.80931794511133,-36.94472603664188,100 174.80933782804755,-36.94471907373774,100 174.80935634206182,-36.944713342172754,100 174.8093638320603,-36.94470874032568,100 174.80937302466356,-36.94470305707818,100 174.8093955927001,-36.94469358631537,100 174.8094125731946,-36.944686780298454,100 174.8094264186346,-36.94467779758768,100 174.80944700038705,-36.94467901526137,100 174.8094641630296,-36.94467454540079,100 174.80948559698905,-36.94466868639143,100 174.80950556237275,-36.94466288401146,100 174.80956136589103,-36.94464046476754,100 174.80961283140383,-36.944626109980426,100 174.80964677107363,-36.94461164735638,100 174.80967627700028,-36.94460224564784,100 174.8097289443513,-36.94457960012637,100 174.80974149060856,-36.94457584233751,100 174.80975176215878,-36.944571766802994,100 174.80977226522523,-36.9445614017849,100 174.80977580362534,-36.944558461803354,100 174.8098288702877,-36.94453257259008,100 174.80984586509933,-36.944526944326,100 174.8098614442317,-36.94451881483036,100 174.80988916646461,-36.944508018870096,100 174.80998367009886,-36.94446067998545,100 174.81000721515795,-36.94444557174453,100 174.81000946811116,-36.944443736549104,100 174.8100261329465,-36.944432801779186,100 174.8100324495902,-36.94443024756386,100 174.81025870172414,-36.944307254306835,100 174.8103542749227,-36.94426446583895,100 174.81036457572748,-36.94428995418167,100 174.8103663914982,-36.94428995443521,100 174.81038689893177,-36.94428770387859,100 174.81040831690265,-36.94428653814958,100 174.8104493250172,-36.94427909519513,100 174.81045568489773,-36.94427689812439,100 174.81048346212202,-36.94427023556801,100 174.81049847652056,-36.94426363333496,100 174.81050622857225,-36.94425777277561,100 174.81051257663978,-36.94425446004114,100 174.81054125447935,-36.94423722020342,100 174.81054807376754,-36.94423208771561,100 174.81061677354631,-36.94419283374781,100 174.81063994662452,-36.94417743722393,100 174.8106581603928,-36.944170796092955,100 174.81066727416987,-36.944166770584836,100 174.81068546396418,-36.944157219435596,100 174.8107223511205,-36.94414433213838,100 174.81075970047908,-36.944137261243874,100 174.81076970944827,-36.94413504816005,100 174.81077746623012,-36.94413465404967,100 174.81078842355527,-36.9441349808563,100 174.81090417400924,-36.944126961086916,100 174.8109634521376,-36.944128967289,100 174.81102222838692,-36.944123672269626,100 174.8110276970649,-36.944125097669584,100 174.81104594458574,-36.944125053666355,100 174.81105368076,-36.944123931581395,100 174.81107144889927,-36.94411876995081,100 174.81110009592632,-36.94410298699151,100 174.81112423162187,-36.94409197055243,100 174.81116383415556,-36.94407250258119,100 174.81120206932272,-36.94405959457204,100 174.81121480994327,-36.944056653869886,100 174.8112412123183,-36.94404632929618,100 174.8112762999059,-36.94403674019158,100 174.81125993429197,-36.94399960018502,100 174.81127544979853,-36.94399628725807,100 174.81128202966457,-36.94399323413361,100 174.81130849179502,-36.943983869446384,100 174.8113195752214,-36.94398174537938,100 174.81133027280046,-36.94398073042024,100 174.81133957673302,-36.94397866775051,100 174.811354551887,-36.943973211593594,100 174.81136988580425,-36.943965597596325,100 174.8113791442449,-36.94396246754706,100 174.8114207822007,-36.94395266038836,100 174.81142836057427,-36.94395208328464,100 174.81143990142758,-36.943949597105224,100 174.8114663910309,-36.94394129913313,100 174.81155396319235,-36.943917987747184,100 174.8116129462384,-36.943895498304215,100 174.8116588877123,-36.94388163793273,100 174.81166766122777,-36.94387780501639,100 174.8116804422994,-36.943873113273696,100 174.8117136019335,-36.943863913089245,100 174.8117464857685,-36.94385866671177,100 174.81176776230416,-36.943854095887545,100 174.81179471187755,-36.94384616216964,100 174.81183435991858,-36.94383175692837,100 174.81185863051715,-36.943823883908216,100 174.8118901876755,-36.94380828258204,100 174.8119015124256,-36.94380151024901,100 174.81191685580458,-36.943794252060975,100 174.8119357768624,-36.94378690231582,100 174.8119817633424,-36.94377409388157,100 174.81203809853437,-36.94376280034373,100 174.81205729069694,-36.9437611599426,100 174.81206609056878,-36.943757682618326,100 174.812091368448,-36.943752656786316,100 174.81209454115933,-36.9437536250566,100 174.81214685268984,-36.943752465189775,100 174.812169713978,-36.943753598027435,100 174.81219814044493,-36.94375852341663,100 174.81221149017097,-36.943757028951396,100 174.81221420507362,-36.94375767972927,100 174.81222722319768,-36.94375873025834,100 174.81225671079324,-36.94382010295607,100 174.8122776997564,-36.94381510289297,100 174.81229999649207,-36.943817763055854,100 174.8123996749598,-36.9438182667391,100 174.81245922143643,-36.94382985369324,100 174.81247554851421,-36.94383577311345,100 174.8124846157109,-36.94384054511217,100 174.81249459499608,-36.943843149018775,100 174.81251051673513,-36.94384542064975,100 174.81257102480086,-36.943847544275314,100 174.81260701923188,-36.94384552829054,100 174.81273049830006,-36.94383339678227,100 174.81275011089946,-36.9438280327847,100 174.8127925805926,-36.94381367337435,100 174.81280809016755,-36.9438108254224,100 174.81282994407707,-36.94380910910269,100 174.81286050084168,-36.94380489301265,100 174.8128755308112,-36.94380350891662,100 174.81288600883119,-36.94380138132969,100 174.81289331233583,-36.94379887318471,100 174.81294083001595,-36.943779798421666,100 174.81298784931357,-36.943765470417915,100 174.81302393591432,-36.94375180597628,100 174.81303763469032,-36.943747130719544,100 174.81306733367015,-36.94373524658289,100 174.8130833074832,-36.94373095118825,100 174.81310381414525,-36.943726688418494,100 174.81314261319844,-36.94371485186656,100 174.81317549582116,-36.94370297676826,100 174.81321886977543,-36.943690816150095,100 174.813234412173,-36.9436832437966,100 174.81324677206126,-36.94367566416406,100 174.81325525350363,-36.94367126234931,100 174.81326139668215,-36.94366807698147,100 174.81327559447243,-36.94365868465251,100 174.81332360378602,-36.94363596177713,100 174.81334871053943,-36.943627701633694,100 174.81337339242143,-36.94361506663297,100 174.8133825659477,-36.94361001790309,100 174.81340357660312,-36.943599923021324,100 174.81341594335407,-36.94359197101933,100 174.81342830589142,-36.94358583074389,100 174.81345805256967,-36.94356848014658,100 174.81346352384355,-36.94356669938126,100 174.81351472354078,-36.943542900187765,100 174.81354535392254,-36.94352957580957,100 174.81355770079998,-36.943520881404716,100 174.81361397248284,-36.94349129840428,100 174.8137387401545,-36.94343726610032,100 174.81375748140633,-36.94342570692202,100 174.81376482693776,-36.94341952788623,100 174.81380396905163,-36.943371262431754,100 174.8138090291352,-36.943363649148644,100 174.81381407708506,-36.94335893381083,100 174.8138205120313,-36.943351669967655,100 174.81383061976322,-36.94334335404923,100 174.81384023988977,-36.94333682659771,100 174.81385028758007,-36.94333213492177,100 174.81386080411923,-36.9433281787739,100 174.81387311267414,-36.943324595435435,100 174.81388222569964,-36.94332320156368,100 174.81390181632474,-36.94332293380546,100 174.81391002228872,-36.94332188187201,100 174.81391867186758,-36.943321921875636,100 174.81394191877087,-36.943317301632874,100 174.81395149531443,-36.94331442971151,100 174.81396659396617,-36.94330576622921,100 174.81398633399496,-36.94328873873877,100 174.8140115995673,-36.943264076420625,100 174.81404967415753,-36.943231840138495,100 174.8140592919632,-36.94322460065816,100 174.8140890784431,-36.943202169428794,100 174.81409547782073,-36.94319818964168,100 174.81410371089999,-36.943194209776884,100 174.81412563682665,-36.943186684882924,100 174.81413110084705,-36.943185973169555,100 174.8141556846857,-36.94318682873735,100 174.81417848372047,-36.94318292824041,100 174.81419901882583,-36.94317646471433,100 174.81423010745505,-36.94316277713606,100 174.81426306796752,-36.943140710168834,100 174.81427358133266,-36.943135296590725,100 174.81428275323108,-36.943129521349135,100 174.8142909713707,-36.94312628529294,100 174.8143283814376,-36.943116270430764,100 174.81433521484576,-36.94311629309201,100 174.81437257335787,-36.943113573427375,100 174.81440702323042,-36.94319988782431,100 174.8144150526536,-36.9431986844275,100 174.81442371363542,-36.94319655473088,100 174.8144369288973,-36.943195883178724,100 174.81447200244006,-36.94319241064441,100 174.81450253091847,-36.94319037757643,100 174.8145116267565,-36.943188970399405,100 174.81453901093568,-36.943181818080554,100 174.81466109312134,-36.943172586561296,100 174.8146852317975,-36.943171622738944,100 174.8147261778682,-36.94317509791572,100 174.8147444039219,-36.943172265876186,100 174.81477405738923,-36.94316657772047,100 174.8148041048002,-36.94316599314699,100 174.814806400415,-36.94316383273281,100 174.81480599075158,-36.94315872938351,100 174.81480281931258,-36.94315653716701,100 174.8147860088533,-36.94315135372624,100 174.81478467187506,-36.94314914608722,100 174.8147829164668,-36.94314222280252,100 174.81478388889835,-36.94313711094573,100 174.8147871125667,-36.943132038586405,100 174.81479170306847,-36.94312768712471,100 174.81480493585246,-36.943123731737,100 174.8148113096157,-36.94312340717606,100 174.81482721329974,-36.943125678773235,100 174.8148317587508,-36.943127521903875,100 174.81484540158306,-36.94312868607886,100 174.81485267063084,-36.94313017391478,100 174.8149455883443,-36.94312481114125,100 174.81495967480583,-36.94312706723653,100 174.81506028765708,-36.94312756793039,100 174.81508033820245,-36.94312439608865,100 174.81509442999266,-36.94312555156867,100 174.81512039237103,-36.94312421456967,100 174.8151056910992,-36.94308989694892,100 174.8151235131422,-36.9430808771231,100 174.81513218369926,-36.94307910505471,100 174.81517327846794,-36.94306509300182,100 174.81519199502924,-36.94305790089663,100 174.8152330864081,-36.94304644413125,100 174.81528369618326,-36.943036483132,100 174.81531789763517,-36.94303009888338,100 174.81536351185264,-36.943018303423074,100 174.81538312824694,-36.9430143936745,100 174.81543191579868,-36.94300553305172,100 174.8154415021752,-36.94300303220655,100 174.8154492354376,-36.943003072590464,100 174.81558153867041,-36.942972017789884,100 174.81560431427923,-36.94296921789628,100 174.81560932809026,-36.942967800953234,100 174.8156175584669,-36.94296636095929,100 174.8156257585904,-36.94296312598827,100 174.8156417500243,-36.9429588290814,100 174.81567323418906,-36.94294843212615,100 174.815712076312,-36.94293295633585,100 174.8157358036381,-36.942926871855704,100 174.81577999226656,-36.942922718740434,100 174.81581786239514,-36.94291308124128,100 174.81583973169435,-36.94291136503657,100 174.81586435312585,-36.94290638089371,100 174.8158734904986,-36.942903887782506,100 174.81590443769025,-36.94290403186148,100 174.81593359085323,-36.942902346643045,100 174.81593860052246,-36.942902742313805,100 174.81595995637574,-36.94290650137673,100 174.8159854460233,-36.94290625661508,100 174.8160132191105,-36.94290603640846,100 174.81602048972505,-36.94290825241935,100 174.81603093472594,-36.942910135056046,100 174.81611330455348,-36.94291417940218,100 174.81612285775836,-36.94291567458264,100 174.81614013768984,-36.94291504341643,100 174.8161593199623,-36.94291039839058,100 174.8161702264764,-36.9429101053677,100 174.8161756947165,-36.94291085003692,100 174.81619619152963,-36.94291020931173,100 174.81620619703548,-36.94290918827821,100 174.81622170742637,-36.94290634077201,100 174.81624083747923,-36.94290569210477,100 174.81626493486473,-36.94290909461112,100 174.8162963218789,-36.94291144641449,100 174.81633640831893,-36.942909838998034,100 174.81634867441113,-36.942910622972846,100 174.81638185091853,-36.9429165986435,100 174.81640870393056,-36.942918204984494,100 174.8164378353675,-36.94291834786122,100 174.81644465699728,-36.94292057071513,100 174.81647282640952,-36.94292361073828,100 174.81650015739936,-36.94292302583571,100 174.81653253685388,-36.94291770834231,100 174.81657033602832,-36.942914638741854,100 174.81658492172272,-36.94291214693868,100 174.8166108828001,-36.942910097587905,100 174.81664004697714,-36.94290622901893,100 174.81668195185475,-36.942905350774566,100 174.81669196500934,-36.9429039429148,100 174.81673021860698,-36.9429030339962,100 174.81680166803832,-36.94290484744149,100 174.81683213349007,-36.9429090095452,100 174.81683940446896,-36.94291123992122,100 174.81687945276408,-36.942911431047904,100 174.81691354630965,-36.94291743670076,100 174.81692623450596,-36.94292440896088,100 174.8169380242195,-36.94292811234501,100 174.81695756670186,-36.94293258308411,100 174.81697619553105,-36.94293522639606,100 174.8170279515533,-36.94295188306123,100 174.8170642158167,-36.942968104411975,100 174.81707735911897,-36.94297655507345,100 174.81710039684944,-36.94299561701814,100 174.8171035302432,-36.94300036501027,100 174.81710933448917,-36.943014591916075,100 174.81711518238558,-36.94302191130254,100 174.81711921298913,-36.9430285031925,100 174.81713452863872,-36.943048608977556,100 174.81714702052494,-36.943077095232276,100 174.817152801872,-36.943092437424696,100 174.8171559512899,-36.9430964415772,100 174.81716760851543,-36.94316830513547,100 174.81716824854365,-36.94319671230271,100 174.81716950765167,-36.94320911058089,100 174.81716530087087,-36.94322147895053,100 174.8171630072663,-36.94322438297163,100 174.81715457613257,-36.94324984554556,100 174.8171531412746,-36.94325713398585,100 174.81715399587807,-36.94326332922984,100 174.8171539252193,-36.94327316466433,100 174.81715728658287,-36.94330305972787,100 174.81715714352865,-36.94331873414992,100 174.8171605369703,-36.943347899550524,100 174.81715989625772,-36.943368291911824,100 174.8171584157811,-36.94338179027555,100 174.81715831990306,-36.94339198211908,100 174.8171493846304,-36.94342326144543,100 174.81714473303072,-36.94343453700623,100 174.8171336199294,-36.9435081010572,100 174.81712476681642,-36.943530644387266,100 174.81712014598273,-36.943537164988925,100 174.8171109082632,-36.943554248572084,100 174.81709599287765,-36.94359098680824,100 174.81707709791044,-36.94361713770071,100 174.81704350149656,-36.94365849811167,100 174.81702927714753,-36.94367081789357,100 174.81699297076162,-36.94371107688548,100 174.81697370508604,-36.9437270133156,100 174.81695533396373,-36.943744776557374,100 174.81694980301612,-36.94375349679286,100 174.81692861843706,-36.94378073905424,100 174.81691344160507,-36.9437963118582,100 174.8168972797116,-36.94382246325919,100 174.81689084614942,-36.943829727244605,100 174.81686289423897,-36.94384890705599,100 174.81682314145158,-36.943866567549044,100 174.8167397586826,-36.943925539996094,100 174.81671916199227,-36.943938912655256,100 174.8167127390497,-36.94394397723666,100 174.81670476062843,-36.94395106475725,100 174.81667969318178,-36.943973355926225,100 174.8166604727777,-36.943987090579,100 174.81664947724957,-36.943993240015345,100 174.8165555865576,-36.94405654084444,100 174.81653957859137,-36.94406412075308,100 174.81651305889537,-36.944078552925056,100 174.8164984245992,-36.944085769307506,100 174.8164773753299,-36.94409767788806,100 174.8164439272485,-36.94412227843588,100 174.81640716902805,-36.94416183211836,100 174.81639365394022,-36.94419527974029,100 174.81638517600595,-36.944226210411166,100 174.8163841618971,-36.94423897335999,100 174.81638582345903,-36.94425683292368,100 174.81638657026025,-36.94427541943007,100 174.81639270080976,-36.94430277367583,100 174.8164016563534,-36.94437059383302,100 174.81640514164857,-36.94443692667103,100 174.81639413668918,-36.9444988123374,100 174.8163791721381,-36.944543573926545,100 174.81637677822073,-36.94455521330241,100 174.81636416300523,-36.94459194419799,100 174.8163636679774,-36.94459814657509,100 174.81635620876156,-36.94461778698844,100 174.81635522922173,-36.944623967034296,100 174.81634787283963,-36.94463304235008,100 174.8163473921789,-36.94463450624411,100 174.81634232002403,-36.94464358987707,100 174.816300084337,-36.94473418821554,100 174.8162997991786,-36.94473518403503,100 174.81629439021458,-36.94474791236713,100 174.8162876907483,-36.94480843965556,100 174.81629002728315,-36.94482630331437,100 174.81629530999174,-36.94483516543934,100 174.81628935410205,-36.94486529409641,100 174.8162898833151,-36.94487821730334,100 174.8162926677308,-36.944893378248345,100 174.8162928744682,-36.94490260464874,100 174.81629539597475,-36.94491038235992,100 174.81630015702024,-36.944936289301225,100 174.8163136828119,-36.944977812799976,100 174.81631717754453,-36.94498377838045,100 174.8163244383555,-36.94500344776734,100 174.81635568739733,-36.945052678640764,100 174.81637548430058,-36.94506817237976,100 174.81639274289472,-36.94507659980877,100 174.8164109422249,-36.945083927647794,100 174.8164521111293,-36.9450939027629,100 174.8164552994372,-36.94509542859624,100 174.81646066188512,-36.94510069591237,100 174.81646284413486,-36.945104778873095,100 174.81646658689206,-36.94511887060084,100 174.81646508369815,-36.945122907197444,100 174.8164622362437,-36.94512580435649,100 174.81645379627906,-36.94513043830643,100 174.81644779225306,-36.94513106555352,100 174.8164338889659,-36.945134506814014,100 174.81642740881094,-36.94513475557782,100 174.81641410656945,-36.94513338538345,100 174.8163867156944,-36.94512514542224,100 174.81635493548436,-36.945124952934066,100 174.81630975525067,-36.94511047664853,100 174.81629327997544,-36.94510685209938,100 174.81626631667103,-36.9450997349285,100 174.81623139026087,-36.9450976139337,100 174.8162068754781,-36.94510011878661,100 174.8161911689815,-36.94510205625341,100 174.81617735052515,-36.945102165792136,100 174.8161630261135,-36.94510338358629,100 174.81610872653127,-36.94511713920794,100 174.81609195853795,-36.94512346161925,100 174.81606717623862,-36.94513555702322,100 174.81605774968386,-36.945143475140746,100 174.81604673925438,-36.94515766096009,100 174.81604331439925,-36.94516423893753,100 174.81603774434075,-36.94519657623446,100 174.8160388425331,-36.945206175667465,100 174.81603882105617,-36.945223148838,100 174.81604116029422,-36.945237202561046,100 174.8160409619389,-36.94524346258993,100 174.81604620669071,-36.94526936033932,100 174.81606266586607,-36.94530470277802,100 174.81607557454663,-36.945320048660086,100 174.81608451014847,-36.945329051405295,100 174.81609113047642,-36.94533877277006,100 174.81610182490851,-36.94535147738884,100 174.8161202848313,-36.94538131817375,100 174.8161269529793,-36.94538955342208,100 174.8161336681163,-36.945396315187004,100 174.81614074587725,-36.94540567442947,100 174.81614753208692,-36.94542569178674,100 174.81614352871668,-36.9454517931927,100 174.81613866560997,-36.945460934908944,100 174.81613244830362,-36.94546856599014,100 174.8161031260814,-36.945494196637725,100 174.8160909375961,-36.94550171175264,100 174.81604008735866,-36.94552364818057,100 174.81603031069193,-36.94552680184237,100 174.81597605091716,-36.945539457181454,100 174.8159617245484,-36.9455406434358,100 174.8159417853562,-36.94554545594244,100 174.81592642494218,-36.94555071757433,100 174.81588976237848,-36.94555962189943,100 174.8158468293539,-36.9455787448941,100 174.81583698236153,-36.945584471094506,100 174.8158224220649,-36.945594535351,100 174.81582050773548,-36.94559743264437,100 174.81580387332988,-36.94560688056886,100 174.81580648072065,-36.94562120960545,100 174.81579445859134,-36.94563507197708,100 174.8158042061745,-36.945657890444565,100 174.81580894932017,-36.94568243307258,100 174.81582406735404,-36.94571544359757,100 174.81587063172086,-36.94577482360883,100 174.81590750802766,-36.945796533109984,100 174.815934598098,-36.94581049397944,100 174.81597590486214,-36.9458217208885,100 174.8159770593264,-36.94582219715573,100 174.8159945006941,-36.945829661934,100 174.81603014104545,-36.945841170183606,100 174.81605936812477,-36.94584955068368,100 174.81609717879883,-36.945868611260636,100 174.81611641318403,-36.9458804596747,100 174.81612205363948,-36.94590164284554,100 174.8161285920435,-36.94592209933232,100 174.81613725176047,-36.94594033585403,100 174.8161510421975,-36.94595634873639,100 174.81616338466304,-36.945978488437525,100 174.81617547001173,-36.946005973318854,100 174.81619118114102,-36.94603586064413,100 174.81621090896874,-36.946071844368134,100 174.81622449465138,-36.94609786507403,100 174.8162392634322,-36.94612216237323,100 174.81625499606105,-36.94615087223042,100 174.8162790280997,-36.94619266763067,100 174.81629263253723,-36.94622136767811,100 174.8163089620424,-36.94625175567501,100 174.81632622547335,-36.946282127578655,100 174.8163364880582,-36.94631134833695,100 174.8163379266464,-36.946339865861376,100 174.8163347626631,-36.94636036171077,100 174.81632541827682,-36.94636748903236,100 174.81631329835625,-36.946373640319166,100 174.816298124532,-36.94637617263952,100 174.8162838951453,-36.9463803615647,100 174.8162611502418,-36.94638440135161,100 174.81625117641588,-36.94638994385411,100 174.81624573850578,-36.94639299330313,100 174.8162321995755,-36.94640573514184,100 174.81621840438805,-36.94642187258271,100 174.816202771917,-36.94643923418599,100 174.81619019884133,-36.94645779822079,100 174.81618004938832,-36.94647779343573,100 174.81616987489733,-36.94649148517049,100 174.81616709872722,-36.9465228766006,100 174.81617396017865,-36.94654572656434,100 174.8161870868917,-36.94655492206141,100 174.8162003563105,-36.94658138204368,100 174.8162121055432,-36.94660861067529,100 174.8162257119031,-36.94664263842653,100 174.8162429457323,-36.94667322711052,100 174.81625551301119,-36.94668874944111,100 174.81625949962182,-36.94669433434768,100 174.81627444957545,-36.94670374620062,100 174.81629518483462,-36.94671679201324,100 174.81631749838755,-36.94673591293731,100 174.81634254166045,-36.94675819359848,100 174.81636424984077,-36.946777309353834,100 174.81638720705158,-36.94679984184353,100 174.81640312945572,-36.94681998438934,100 174.81642788807434,-36.94684129415386,100 174.81644953810553,-36.94685554813826,100 174.81645044468456,-36.946856508599055,100 174.81648227207043,-36.946889485098794,100 174.81648352308258,-36.946891661583706,100 174.8165076388957,-36.94691224027745,100 174.8165198665107,-36.946923386438385,100 174.81652246972047,-36.946925663912126,100 174.81653026185091,-36.94693256329871,100 174.8165409439426,-36.946941520354066,100 174.81654896064563,-36.946956314607284,100 174.816551727176,-36.94696092941903,100 174.81655738074568,-36.94698256122212,100 174.8165527135608,-36.94700449245041,100 174.81654081340287,-36.94703157815949,100 174.816532240247,-36.94705623887376,100 174.81652273047612,-36.94708014058209,100 174.81652433106566,-36.94709107799679,100 174.81652986286542,-36.947098835778,100 174.8165372222912,-36.94710709016544,100 174.8165463338825,-36.94711020543189,100 174.81656635105495,-36.94711031556123,100 174.81659667657144,-36.94711040676025,100 174.81661518535356,-36.94710908792845,100 174.816635771284,-36.94710652593031,100 174.8166493976762,-36.947103042912474,100 174.81666062587047,-36.94710444841803,100 174.81666643897728,-36.94710977101686,100 174.8166716411642,-36.947114856000844,100 174.81666832659948,-36.94711974322562,100 174.8166611675194,-36.94713169617274,100 174.81665006499674,-36.94714565181476,100 174.81663255811378,-36.9471561993021,100 174.81661076091945,-36.9471607176809,100 174.8165825878726,-36.947163548091,100 174.81655592560548,-36.94716927927364,100 174.8165356380742,-36.947171356286596,100 174.81652537687862,-36.947178467006914,100 174.8165208858693,-36.947185310976444,100 174.81649854191025,-36.94719541419339,100 174.81647913792654,-36.94719625277848,100 174.81644758977467,-36.94719570165308,100 174.81642657544643,-36.9471865628734,100 174.8164052393097,-36.947173046775234,100 174.81637232315458,-36.947153997051316,100 174.81635432499115,-36.947140455111615,100 174.81633446332108,-36.94712646577992,100 174.8163042874918,-36.94710766343703,100 174.81625590987016,-36.94709066999534,100 174.8162036089005,-36.9470751534348,100 174.8161504344757,-36.94706257681248,100 174.8160424583788,-36.947057848960526,100 174.81595368334325,-36.94706568200108,100 174.8158740307402,-36.94707637955994,100 174.81580932353188,-36.947095019887435,100 174.81575549144304,-36.94711017607909,100 174.81571409750634,-36.94712600458684,100 174.8156669206416,-36.947139671816146,100 174.81562374401156,-36.947160114395714,100 174.81558477755337,-36.94717616621781,100 174.81555393194128,-36.94718463177509,100 174.8155187602711,-36.94718508581111,100 174.81549701510127,-36.947187683369705,100 174.81546699640026,-36.94719006403736,100 174.81542538337243,-36.94718895540485,100 174.81539484897684,-36.94719146742143,100 174.81534318140532,-36.94719610342066,100 174.8153161062633,-36.94721051318185,100 174.81530350879171,-36.94721297083147,100 174.81528520664278,-36.94722086867138,100 174.8152717247822,-36.947232479269125,100 174.8152685031983,-36.9472375975758,100 174.81526085390828,-36.94727574681651,100 174.81481352052512,-36.9473995848585,100 174.81479906500596,-36.94743481326889,100 174.814797325434,-36.947441718768076,100 174.81479790353285,-36.94745188408081,100 174.8148070165996,-36.947461688186756,100 174.8148192737299,-36.94747001473014,100 174.81482201899718,-36.947475109412515,100 174.8148262135742,-36.947489271796336,100 174.8148286458779,-36.94750488701409,100 174.8148304981471,-36.947508883112725,100 174.81486536131092,-36.947527033724725,100 174.81489560854428,-36.94753536555943,100 174.81496795407776,-36.94756330656732,100 174.81497431499176,-36.94756838743199,100 174.81498427279863,-36.947573469189884,100 174.81500427349442,-36.94759015158262,100 174.81501019807814,-36.947597051679125,100 174.815018358444,-36.94760286124239,100 174.81502928169488,-36.94761374989043,100 174.8150465420734,-36.947626823806644,100 174.81505518476357,-36.94763516502395,100 174.815091908805,-36.947660933953316,100 174.815094684694,-36.94766457342332,100 174.81510285694173,-36.947671450868185,100 174.8151087466839,-36.94767508419157,100 174.81511556653166,-36.94768052757475,100 174.81513458576953,-36.947691435744,100 174.81514228216827,-36.94769468181513,100 174.8151522104919,-36.94769795234742,100 174.81530402633018,-36.947733967127334,100 174.81531723191299,-36.947737539051055,100 174.81537228865602,-36.9477459943455,100 174.81540411090106,-36.94774838477112,100 174.81542597161064,-36.947751546725726,100 174.81543642042368,-36.947752237796784,100 174.8154741753006,-36.94775860065342,100 174.8154905842758,-36.94776361976975,100 174.81550564801728,-36.94777408272336,100 174.81551207448334,-36.947781686263845,100 174.81552487112674,-36.94779471119717,100 174.81553266111376,-36.94780487888285,100 174.8155601154492,-36.94783202783952,100 174.81556471652422,-36.94783927622929,100 174.81556883672798,-36.94784400736358,100 174.8155702106147,-36.947847623196274,100 174.81557939938455,-36.9478635902392,100 174.81558125442834,-36.94786902569767,100 174.81558509362975,-36.94790066205124,100 174.81558423483827,-36.947906870887294,100 174.8155788665151,-36.947921797794265,100 174.8155608418166,-36.947946261378824,100 174.8155464049234,-36.94796234816743,100 174.81553647231658,-36.9479714826595,100 174.81552470774105,-36.94798064786999,100 174.8154898518245,-36.94800373833735,100 174.81547627517722,-36.94801107632831,100 174.81543598364468,-36.94803930723169,100 174.81542650684642,-36.94804734955028,100 174.81539761344766,-36.94806498142868,100 174.81536222620952,-36.948080972140964,100 174.8153528568677,-36.94808715518144,100 174.8153255399113,-36.94810023738824,100 174.8153148236574,-36.948107867817306,100 174.815299686478,-36.948121658795614,100 174.81528591278735,-36.94813801302025,100 174.81524956161948,-36.94818923678107,100 174.81522465133057,-36.94821429681866,100 174.81521078979978,-36.94822264591474,100 174.81517984134967,-36.94823247575347,100 174.81517267933933,-36.9482357552145,100 174.81516641078028,-36.94824010440645,100 174.81515796470862,-36.948249182790114,100 174.81515044232538,-36.948261172749056,100 174.81514741284388,-36.948270980409056,100 174.81512719295884,-36.94831528859825,100 174.81512012796443,-36.94832691463783,100 174.8151121450653,-36.94833781292101,100 174.81509837315318,-36.94835159561907,100 174.81504820579124,-36.94841555084743,100 174.81504685621354,-36.948418826162154,100 174.81503735682574,-36.94843126725779,100 174.81502830419976,-36.94844625587526,100 174.81502559539607,-36.94844918242707,100 174.8150233275732,-36.9484550279354,100 174.81502399677782,-36.94845549720891,100 174.8150317283081,-36.94846074098466,100 174.815040899982,-36.948460894596344,100 174.81504634269518,-36.94845931699021,100 174.81506758341962,-36.94845002227175,100 174.81507393142883,-36.94844802612904,100 174.81508653901744,-36.94844262642488,100 174.81509504742496,-36.948439911343414,100 174.81510929523964,-36.948433073283276,100 174.8151452299104,-36.94841151310454,100 174.8151801456081,-36.94838671831967,100 174.8152147596659,-36.94836629595382,100 174.81523863133245,-36.948349755792705,100 174.8152466344861,-36.948345578366116,100 174.81529001186783,-36.94831695513436,100 174.81531517312575,-36.94829816265956,100 174.81532401075006,-36.948292144582716,100 174.81533512052184,-36.948285715909925,100 174.81539265592892,-36.94825939264901,100 174.8154032803181,-36.948252244023465,100 174.81541205174167,-36.94824438374449,100 174.8154321266518,-36.948224253042845,100 174.81544092596462,-36.94821676368087,100 174.81547355264513,-36.9481911087992,100 174.81548976509188,-36.94818268857059,100 174.81551283843504,-36.94817334862368,100 174.81554998411934,-36.94816037925362,100 174.8155886253437,-36.94813784378035,100 174.81561212926192,-36.948127768058335,100 174.81562250627636,-36.948122405114525,100 174.81563875587662,-36.948115409291155,100 174.81565585521565,-36.948105844314696,100 174.81567551723424,-36.94809107825941,100 174.81568574539625,-36.948082047394614,100 174.81577812276763,-36.94800765343899,100 174.81578833177218,-36.94799786394354,100 174.81581783761652,-36.94796270717124,100 174.8158269155087,-36.94794671042804,100 174.81583201142266,-36.947935210906174,100 174.81583945259212,-36.947924772424805,100 174.81584581849157,-36.94790957968049,100 174.81584910808843,-36.947898481835246,100 174.81585498718118,-36.94786936026172,100 174.81586214851885,-36.94785087272744,100 174.8158701798595,-36.94784443340598,100 174.81587431269384,-36.94784506060724,100 174.81587993139607,-36.94784824917785,100 174.81588664557194,-36.94785690104344,100 174.81589118791777,-36.947868532556576,100 174.81589505157652,-36.94788790330517,100 174.81589803451902,-36.947894822211325,100 174.8158996520791,-36.947901747580524,100 174.81590471196307,-36.94791592643099,100 174.81590758231442,-36.94793238667396,100 174.8159095379054,-36.94793638027299,100 174.81592723579558,-36.94794441256898,100 174.81594240127467,-36.94794553528995,100 174.81598631645062,-36.94794270308409,100 174.81601368012755,-36.94793802756381,100 174.81601873046873,-36.94793865604778,100 174.81602661211866,-36.947941046574314,100 174.81603399737665,-36.94794234778199,100 174.81604105609725,-36.94794767929781,100 174.81604632991,-36.947954171982374,100 174.81605510116464,-36.94796938735991,100 174.8160651987317,-36.94798309255936,100 174.8160732779399,-36.94799172173029,100 174.8160803936876,-36.948011750263895,100 174.8160935216617,-36.948033473251165,100 174.81610062827477,-36.948040631915916,100 174.81611697118836,-36.94804905986122,100 174.81612710511462,-36.94805029738359,100 174.81613443523938,-36.94805012756596,100 174.81615424722887,-36.948052983630014,100 174.81618303564665,-36.94806370973323,100 174.81620180960255,-36.948076479109076,100 174.81620909415255,-36.948088434595846,100 174.81621116115818,-36.94809536930833,100 174.81621132843728,-36.94809976521086,100 174.81620771201452,-36.94811487895739,100 174.81620223416124,-36.948128972039,100 174.8162003268217,-36.94814001539822,100 174.81620065333445,-36.94814917777055,100 174.81619956246945,-36.9481583798526,100 174.81619583078688,-36.94816911312421,100 174.81619190468484,-36.948175064240345,100 174.81616077177313,-36.94820293986101,100 174.81615770575812,-36.948207420377514,100 174.81615524721096,-36.94821591781575,100 174.81615504168863,-36.948223246922005,100 174.8161561081016,-36.948227627267165,100 174.81616243727603,-36.948238128213305,100 174.81617829718277,-36.948259789567885,100 174.81619250011883,-36.94828624968099,100 174.81619716542286,-36.94830192083692,100 174.81620005461247,-36.94830588302317,100 174.8162045522112,-36.948316430914325,100 174.816211379413,-36.948328751222505,100 174.81622437545082,-36.94834680601998,100 174.81623052820572,-36.948352525432874,100 174.81625200457637,-36.94836342196606,100 174.8162715089431,-36.948371053423806,100 174.81630594385896,-36.94838603568966,100 174.81633128167732,-36.948402348675145,100 174.81633697471776,-36.948407719092636,100 174.81633941572568,-36.94841243262583,100 174.8163391642728,-36.948418678141856,100 174.8163355938531,-36.948448116831834,100 174.8163362400383,-36.94846681392594,100 174.81634233770444,-36.94848430366473,100 174.8163543527333,-36.9485005320507,100 174.8163610375694,-36.94850808562216,100 174.81637840151674,-36.948533020078536,100 174.81638639585242,-36.94853906462623,100 174.81640699346602,-36.94855144643706,100 174.8164260205132,-36.94855798555609,100 174.81645969874256,-36.9485645555788,100 174.81647579794785,-36.94856564771972,100 174.81651957258782,-36.94855877592618,100 174.81653957988166,-36.94855391540487,100 174.81656251507022,-36.948554503649504,100 174.8165700687986,-36.94856019980479,100 174.8165706387721,-36.948563488126574,100 174.81656829434863,-36.94857565401754,100 174.8165434351841,-36.94861254522468,100 174.81653869686,-36.94862184007318,100 174.81652717900644,-36.94866025587929,100 174.81652096444,-36.94869306902842,100 174.81649133037274,-36.94877814235337,100 174.81647641991486,-36.948824358745476,100 174.81697266400917,-36.94894741358961,100 174.81892472433077,-36.949317112688284,100 174.8193435004291,-36.949322978998715,100 174.81934642058073,-36.94931100433011,100 174.8193647860684,-36.94927258157419,100 174.81938300838672,-36.94924253881146,100 174.81942294917383,-36.949162074852595,100 174.81944009084583,-36.94911526329485,100 174.81948312033813,-36.949041763375035,100 174.81949847220596,-36.94901969803662,100 174.81951995967856,-36.94898421078975,100 174.8195316902172,-36.94896319781225,100 174.81953456189805,-36.94895268042056,100 174.81953879762213,-36.948944695572465,100 174.81954650009962,-36.94891783435077,100 174.81957563269833,-36.94886058283384,100 174.81958775850572,-36.94884211904485,100 174.819595608635,-36.94883345327887,100 174.8196066629157,-36.94882555410034,100 174.81965078282886,-36.948797565962785,100 174.81966547757705,-36.94878932616194,100 174.81970135340507,-36.948764916435465,100 174.81971099359697,-36.9487591786642,100 174.81973908393695,-36.94873869455009,100 174.81976802118734,-36.948720767121095,100 174.81987939357182,-36.948668302787524,100 174.81988480898076,-36.948666383777365,100 174.8198903108354,-36.94866441657298,100 174.8198903785835,-36.94866438488944,100 174.81992291826654,-36.94864862666672,100 174.8200001345553,-36.948621488435734,100 174.82001142448308,-36.94861863392046,100 174.82003665039832,-36.948616193981096,100 174.82005064722492,-36.948612983401944,100 174.82006508704947,-36.94861088096681,100 174.82010835038275,-36.948609575955636,100 174.82013270477523,-36.948604254306325,100 174.82014217760405,-36.94860068765069,100 174.8201773937636,-36.948590706367746,100 174.82018598192744,-36.94858639525904,100 174.820229395677,-36.94855984543254,100 174.82023573783445,-36.94855699555147,100 174.82025515051947,-36.948550565305446,100 174.82030203580632,-36.948544227582644,100 174.82031647916372,-36.948539585133425,100 174.82033728114502,-36.94852811410178,100 174.82034226323688,-36.94852417373721,100 174.8203713199592,-36.948491082267886,100 174.82038534912974,-36.948479230165624,100 174.8203906302523,-36.94847610541825,100 174.82040000267313,-36.94847072772041,100 174.82041098245955,-36.94846659263582,100 174.82044607857233,-36.94845926210444,100 174.82045202607236,-36.948457194303124,100 174.82046950232723,-36.94844881440938,100 174.82050153202653,-36.9484222083104,100 174.82056484028578,-36.9483806094411,100 174.82061204582675,-36.94834631213925,100 174.82067376217896,-36.9483119085546,100 174.82068894533097,-36.948303862133805,100 174.82072135498407,-36.94828053276949,100 174.8207795477886,-36.948227233744596,100 174.82081699304524,-36.94818622608052,100 174.8208299269968,-36.94817813932824,100 174.8208074079365,-36.94814266881481,100 174.82081082864687,-36.9481405514194,100 174.82081421570146,-36.94813843544138,100 174.82081758511657,-36.94813633325366,100 174.82082093771442,-36.9481342322251,100 174.8208242903121,-36.948132131196445,100 174.82082769379687,-36.948129997840915,100 174.8208311504282,-36.948127879894,100 174.82083469125894,-36.948125713786766,100 174.82083830132393,-36.94812353129508,100 174.82084204871362,-36.94812131515079,100 174.8208459337926,-36.94811908067077,100 174.82084997529424,-36.94811686001534,100 174.82085412043642,-36.948114653092695,100 174.82085833479132,-36.94811242888455,100 174.8208626168932,-36.948110172992195,100 174.8208668990019,-36.94810787023076,100 174.82087116130444,-36.94810549025914,100 174.82087538586126,-36.9481030342538,100 174.8208795228718,-36.94810048585342,100 174.82088353458346,-36.94809781589336,100 174.82088740532325,-36.948095026416695,100 174.82089115291646,-36.9480921586109,100 174.82089477783498,-36.94808923229785,100 174.8208983837052,-36.94808621344054,100 174.82090195180817,-36.94808311764858,100 174.8209055708266,-36.94807994356176,100 174.82090923960934,-36.94807673716523,100 174.8209129937853,-36.94807343842518,100 174.8209169357368,-36.94807010255464,100 174.8209210502483,-36.948066703648585,100 174.82092545588276,-36.94806322186202,100 174.8209301365595,-36.948059642119084,100 174.8209350402901,-36.94805599766473,100 174.82094006226842,-36.94805227298136,100 174.82094511756554,-36.948048485595415,100 174.82095013771942,-36.94804468432712,100 174.82095501908935,-36.94804085544362,100 174.820959675152,-36.948036996666794,100 174.82096401954868,-36.948033159795344,100 174.82096798490412,-36.94802934496142,100 174.82097153787055,-36.94802566083535,100 174.82097474877645,-36.94802213698346,100 174.8209777037447,-36.94801871169613,100 174.82098041660336,-36.9480153054448,100 174.82098302356155,-36.94801183772512,100 174.82098550675815,-36.94800821867869,100 174.82098796531466,-36.948004366567396,100 174.82099046853673,-36.948000220840825,100 174.8209930646872,-36.94799568611973,100 174.8209958230074,-36.947990699150736,100 174.82099867241087,-36.947985245701695,100 174.82100147668865,-36.947979406277,100 174.82100430616902,-36.94797321044288,100 174.82100712863385,-36.947966719983555,100 174.82100997887557,-36.94795998123414,100 174.8210128587391,-36.947953071680175,100 174.82101580489734,-36.947946022305445,100 174.82101878177144,-36.947938848076866,100 174.82102184506098,-36.94793167162139,100 174.8210249944441,-36.947924479424074,100 174.82102831668692,-36.94791723680509,100 174.82103183993885,-36.94790980543012,100 174.82103546387714,-36.947902216581674,100 174.82103922223592,-36.9478945193151,100 174.82104294466447,-36.94788672796057,100 174.82104663158492,-36.9478789074069,100 174.82105022907828,-36.9478710098097,100 174.82105363724403,-36.94786313134031,100 174.82105680480905,-36.94785528810774,100 174.82105967899153,-36.94784748002027,100 174.82106229572807,-36.94783975429686,100 174.82106473924625,-36.94783201680922,100 174.82106699263642,-36.947824311981606,100 174.8210691079725,-36.9478166101729,100 174.82107106730052,-36.947808864789664,100 174.82107290353954,-36.9478010906495,100 174.82107458338444,-36.947793256716935,100 174.8210761910558,-36.94778531573261,100 174.8210776756452,-36.9477772991224,100 174.82107908733167,-36.94776914482664,100 174.82108023232624,-36.94776068456643,100 174.8210810186857,-36.94775178275095,100 174.82108157424696,-36.94774262038793,100 174.82108195250737,-36.94773332194074,100 174.82108227949465,-36.947724039602534,100 174.82108268052156,-36.94771494270257,100 174.82108322846918,-36.947706168025384,100 174.8210840486287,-36.94769788399924,100 174.82108523003308,-36.9476901983186,100 174.82108688296552,-36.94768330938558,100 174.82108900741903,-36.947677264069114,100 174.82109151367402,-36.94767192584292,100 174.82109434820475,-36.947667216211535,100 174.82109743625674,-36.94766296687284,100 174.8211007075372,-36.94765905542372,100 174.82110406891607,-36.94765534358759,100 174.82110750359033,-36.947651738785886,100 174.82111090088347,-36.947648073267494,100 174.821114207663,-36.94764423788596,100 174.82111735143388,-36.947640112074694,100 174.82109214942074,-36.9475999634375,100 174.82106011584597,-36.94754936778981,100 174.82106651337565,-36.94754531104506,100 174.82110497580496,-36.947523272265926,100 174.8211234928295,-36.94750315189722,100 174.8211259655135,-36.947480746723485,100 174.8211532497863,-36.94745195993598,100 174.8211980127465,-36.947437309969914,100 174.8212017033306,-36.94743690724749,100 174.8212457384039,-36.947439320568584,100 174.82128567681352,-36.94745304794087,100 174.8213235370634,-36.94747523455548,100 174.82133013118874,-36.94747801943111,100 174.82159718142452,-36.94729846611051,100 174.82114069795446,-36.946582434730445,100 174.82102817579477,-36.94640594739904,100 174.8222148179915,-36.94592681313702,100 174.82251406158417,-36.94640431341612,100 174.8230482670247,-36.946162852687934,100 174.82316763021134,-36.946073748200185,100 174.82322750435597,-36.94610756302438,100 174.823457637185,-36.94594659718836,100 174.82380268047402,-36.945756797187734,100 174.82384573747282,-36.94569642757878,100 174.82389912448954,-36.945671053573456,100 174.82385862498785,-36.945607686293954,100 174.82404094339668,-36.94550848518533,100 174.8240587260216,-36.945488793864435,100 174.82409495011441,-36.9454658790858,100 174.82412214143693,-36.945443535715825,100 174.82413224785967,-36.94543647269307,100 174.82414198403802,-36.94542650408371,100 174.8241429394596,-36.945424706586365,100 174.82415450574115,-36.94541331370718,100 174.8241581853798,-36.945410479291745,100 174.82416420839718,-36.94540405855786,100 174.82419824489804,-36.94537822282227,100 174.82420748313865,-36.94537040069883,100 174.82421029369002,-36.94536610957712,100 174.82421400571786,-36.945362561715555,100 174.8242158206097,-36.94536186504732,100 174.8242315493946,-36.945346932699806,100 174.82423856083125,-36.94533727364244,100 174.8242391612155,-36.945331842957266,100 174.82423700847235,-36.94532892059586,100 174.8242345074192,-36.9453212815533,100 174.82423842482476,-36.94530977185,100 174.82424350886092,-36.94530513213383,100 174.82426382785363,-36.945302945167995,100 174.82426831184964,-36.94530375055196,100 174.82427241047375,-36.945302381556075,100 174.82427562402913,-36.945300251021735,100 174.8242779062323,-36.945299561593146,100 174.82428388089127,-36.94529459813491,100 174.82429284340895,-36.945279548023066,100 174.82433818971455,-36.94523651606917,100 174.82434092000602,-36.94523512212967,100 174.82434186819393,-36.945233680764645,100 174.8243441419274,-36.94523263634354,100 174.82436864910198,-36.94520953198582,100 174.82439710943967,-36.94518936557861,100 174.82441081646041,-36.94518307822304,100 174.82441259931986,-36.94518311031335,100 174.82441987755365,-36.94518035398647,100 174.82442310832442,-36.945178239407475,100 174.82442628876467,-36.945176839449914,100 174.82443964181775,-36.94516691708548,100 174.8244656794148,-36.94513622979092,100 174.82447764102332,-36.94512738515604,100 174.82448217341133,-36.94512673595382,100 174.82449807261492,-36.945121588422964,100 174.8245088714394,-36.94512175956519,100 174.8245161420939,-36.94511934495051,100 174.82453328747403,-36.945118187350246,100 174.82455987648729,-36.94513274340097,100 174.82456119529166,-36.94513422293544,100 174.82456105912658,-36.94513891821866,100 174.82456410647177,-36.94514295438126,100 174.8245662124735,-36.945148059558846,100 174.82458441739175,-36.9451733359024,100 174.82458527017033,-36.94517552112419,100 174.82459586968423,-36.94518258864228,100 174.82460155118386,-36.94518882681339,100 174.82460726491095,-36.94519363859542,100 174.82462197075736,-36.94519966056023,100 174.8246387578802,-36.945211163029846,100 174.82464132957173,-36.94521554810212,100 174.82464795836012,-36.94521964819444,100 174.82466089641954,-36.94522419842256,100 174.82467194495572,-36.9452312590326,100 174.82467719264244,-36.945236775598,100 174.82467755733074,-36.945240765559284,100 174.82467970210547,-36.945244059380215,100 174.8246937983898,-36.945255172365144,100 174.8246959759249,-36.945257721189215,100 174.82471144623648,-36.94526848587374,100 174.8247421879743,-36.94527984235338,100 174.82476838367208,-36.94529259364253,100 174.82476970248328,-36.945294073174445,100 174.82477237960174,-36.945295204648865,100 174.82478652275105,-36.94530484504118,100 174.8247918579279,-36.945307109183474,100 174.82482152519887,-36.94532426144169,100 174.8248468630539,-36.945336638329444,100 174.8248491200893,-36.945336306200765,100 174.82485095128115,-36.945334881003156,100 174.82485001993967,-36.945336322113185,100 174.82485043853737,-36.94533777041483,100 174.82489377967508,-36.94534936312438,100 174.8249283744301,-36.945368398190304,100 174.8249358404673,-36.94537539576929,100 174.824937551431,-36.94537796798439,100 174.82495085145993,-36.94538577991306,100 174.82496022093537,-36.94538882657433,100 174.82498027113303,-36.94539678801068,100 174.82498383662008,-36.94539754799915,100 174.82500874633078,-36.94540812157584,100 174.8250266661953,-36.94541203005339,100 174.82505363881148,-36.945413570394166,100 174.82506851720794,-36.9454123727549,100 174.82507304795107,-36.94541099528609,100 174.82508299461773,-36.94540971212112,100 174.82513207035723,-36.94540980944007,100 174.8251428920344,-36.94540891300605,100 174.82515776598422,-36.9454087997158,100 174.82516629155157,-36.9454100332534,100 174.825215269872,-36.94541301266453,100 174.82521751243652,-36.945413438764135,100 174.82521978631013,-36.94541310636954,100 174.8252457783507,-36.945416800581654,100 174.825266719703,-36.94542511781104,100 174.8252711881909,-36.94542663724325,100 174.8252795441134,-36.94543327861601,100 174.82528040560376,-36.94543512209703,100 174.82529096412247,-36.94544324382861,100 174.825294097464,-36.94544401135297,100 174.8253038779954,-36.945448894873,100 174.8253140115687,-36.94545666711311,100 174.82534030332198,-36.945466519944226,100 174.82534433800484,-36.945467318675476,100 174.82534834603882,-36.94546845941779,100 174.8253704104265,-36.945468827718045,100 174.82539375054077,-36.94547103402668,100 174.82539600235836,-36.94547180068077,100 174.82541541152025,-36.94546922641764,100 174.82542845985867,-36.94546945392196,100 174.8254458098362,-36.94547733691994,100 174.82546737541097,-36.94547915408742,100 174.82547052507792,-36.94547919398828,100 174.82548046210735,-36.945477554014175,100 174.8254859247142,-36.945475463675905,100 174.82549221643507,-36.94547593026122,100 174.82549670083935,-36.94547675181598,100 174.82550076719602,-36.94547680736457,100 174.82555313047965,-36.94548747154576,100 174.82555947053862,-36.94548648174733,100 174.82560146226476,-36.94549803455647,100 174.82560730515064,-36.945499220983976,100 174.82560995598428,-36.94550070886606,100 174.82562154290753,-36.94550453887681,100 174.82563142531015,-36.945505409013684,100 174.82564497173087,-36.94550420384309,100 174.82565479060045,-36.945507257959626,100 174.8256597638583,-36.945506260331356,100 174.825669174119,-36.94550823824097,100 174.82567185013505,-36.945509369711765,100 174.82567315176374,-36.94551083417507,100 174.8256825281359,-36.945513509327505,100 174.8257008007628,-36.945520338873955,100 174.82570392559467,-36.945520749594294,100 174.82571162523104,-36.94552017061412,100 174.8257196831164,-36.945521380658654,100 174.82572512812456,-36.94551930590254,100 174.82573007913842,-36.94552010495038,100 174.82574084528972,-36.94552102187641,100 174.82574214821645,-36.94552319926556,100 174.82574355407772,-36.94552140925002,100 174.8257579983235,-36.94551947641168,100 174.8257916106258,-36.94552420340476,100 174.82581663375572,-36.94551999967583,100 174.82584882389517,-36.94552588058559,100 174.82585888187384,-36.94553015410326,100 174.82589926164823,-36.945527146386176,100 174.82590553599832,-36.94552561498333,100 174.82590842412262,-36.945525612026124,100 174.82591753955842,-36.945527563805214,100 174.82592138029398,-36.94552757594053,100 174.8259247320488,-36.9455287429804,100 174.82596077034518,-36.94553231226965,100 174.82597279120208,-36.9455276946812,100 174.82597905037304,-36.945526938645806,100 174.82598145841524,-36.94552578216642,100 174.82598386426233,-36.94552580375002,100 174.82599446571464,-36.94552311428847,100 174.8260007004369,-36.94552274529554,100 174.82600262338332,-36.94552351789749,100 174.8260410829618,-36.94552051172451,100 174.82606800547507,-36.945522114795786,100 174.82608586567432,-36.94552178060097,100 174.82618864828527,-36.945540835442,100 174.82620803366757,-36.94554526108989,100 174.82623291971254,-36.94555031957498,100 174.8262458427851,-36.945553013133264,100 174.82626149793492,-36.945555658354586,100 174.8262716827478,-36.94555879962677,100 174.82630576092396,-36.94556478836998,100 174.82630902291677,-36.94556581707463,100 174.82631223084914,-36.94556613366428,100 174.82631916941287,-36.94556820001812,100 174.82635560437006,-36.94557563516882,100 174.82637689253048,-36.94558332675473,100 174.82639622094766,-36.945585554019736,100 174.82640642352297,-36.945589391729676,100 174.8264115518099,-36.94559300555755,100 174.826418043424,-36.94559582327415,100 174.82642913456917,-36.94559854589572,100 174.82644670898773,-36.94560448925095,100 174.82644995174198,-36.945604806202454,100 174.82646335655002,-36.9456093328273,100 174.82648761280308,-36.94562399012275,100 174.82649517373926,-36.945631945148996,100 174.82649715184263,-36.94563742540561,100 174.82649859524284,-36.945640358637654,100 174.82650373114507,-36.945643585676684,100 174.82655910372608,-36.94568898156223,100 174.82657349871036,-36.94569570658962,100 174.82658853407148,-36.94570832182299,100 174.82659131265197,-36.945709374181,100 174.82659691713997,-36.94571331957151,100 174.8265983681741,-36.94571586691856,100 174.82662185398294,-36.9457360656556,100 174.82662463256486,-36.94573711801277,100 174.82663030279662,-36.945742922720726,100 174.8266330898783,-36.94574433096951,100 174.82664305982718,-36.9457570466636,100 174.8266425443834,-36.94575521228998,100 174.82665505899192,-36.945760125736726,100 174.82666742315416,-36.9457665449036,100 174.8266736169671,-36.94576921125895,100 174.82668020336402,-36.94577298741145,100 174.82668190569066,-36.945775900433404,100 174.82672497543663,-36.945801450924264,100 174.8267396399099,-36.945818376562755,100 174.82677709994672,-36.94585029376653,100 174.82678588672354,-36.945855549377036,100 174.82678978282124,-36.94585961838798,100 174.82679244239318,-36.94586076540861,100 174.82681896063386,-36.94588445964382,100 174.82684067701146,-36.94591167261766,100 174.82685624010128,-36.945933167640455,100 174.8268703088757,-36.94594649533395,100 174.82690021984828,-36.94598538592422,100 174.82690599504713,-36.94598923673769,100 174.82694311674564,-36.94603128815928,100 174.8269439449943,-36.94603314836284,100 174.82694796011114,-36.94603585273657,100 174.82694788699166,-36.94603768084323,100 174.8269523022352,-36.946041152394535,100 174.82695255043978,-36.94604594902069,100 174.82695464110628,-36.94605045140396,100 174.82696200816858,-36.94606025258756,100 174.82696364595043,-36.94606398860484,100 174.82696483639342,-36.946068459774885,100 174.8269679412772,-36.946070760842574,100 174.82697845434475,-36.94608176374731,100 174.82699024452322,-36.94611496911309,100 174.82699244121355,-36.946117610434946,100 174.82699451504647,-36.946122113076456,100 174.8269967197296,-36.94612438383153,100 174.8269994503995,-36.94613480616808,100 174.82699971228283,-36.94613885899217,100 174.827005008894,-36.94615341857174,100 174.8270067394116,-36.94615605354734,100 174.82701206974983,-36.94617982863365,100 174.82701675838882,-36.94618774039802,100 174.82701929120716,-36.94619260641937,100 174.8270196438258,-36.94619481644447,100 174.82702262673448,-36.94619972060542,100 174.82702541497787,-36.94620902711882,100 174.8270315283662,-36.94621584618541,100 174.82702146375206,-36.9462251693267,100 174.827035499473,-36.94623790894388,100 174.82703754035876,-36.94623985684127,100 174.82705038525842,-36.946253374597504,100 174.82706249897126,-36.94626735606887,100 174.82706721074058,-36.94627285102857,100 174.827080005887,-36.94628644796218,100 174.8270929028262,-36.94629998113648,100 174.82710568114376,-36.946313578326155,100 174.82711816908503,-36.94632733591205,100 174.82712796779234,-36.94633879955642,100 174.82713769010374,-36.94635458621855,100 174.8271485932132,-36.946369221744355,100 174.8271570730415,-36.94637661998761,100 174.82717513298437,-36.946385202944136,100 174.82719055145392,-36.94639067102039,100 174.82720508877372,-36.946396201327495,100 174.82783462742137,-36.94557471358424,100 174.82783714411235,-36.94557307679237,100 174.8278391466567,-36.945571587621195,100 174.8278420715948,-36.94556969487748,100 174.8278440300523,-36.94556654885232,100 174.82784509825998,-36.945563788779644,100 174.82784663862984,-36.94556119178762,100 174.82784770966362,-36.94555916084158,100 174.8278479369218,-36.94555861474638,100 174.82784968809935,-36.945555488136215,100 174.82785098361634,-36.945553452832684,100 174.82785095066714,-36.945552168053624,100 174.82785160839344,-36.94555088616081,100 174.82785849807215,-36.945548461885174,100 174.82785890375706,-36.945548098715406,100 174.82786117576933,-36.94554768878517,100 174.8278647932604,-36.94554578357569,100 174.8279190476852,-36.945531064282285,100 174.8279263111989,-36.94552835393559,100 174.82794088971076,-36.945523630973376,100 174.8279435918228,-36.945522469926814,100 174.82795843119573,-36.945511887953096,100 174.8279661037176,-36.94550768502525,100 174.82796923428907,-36.94550504642233,100 174.82798141171622,-36.94549782320082,100 174.82798814144576,-36.945493264344115,100 174.827993980387,-36.94548836408142,100 174.82799936330073,-36.94548458667764,100 174.82801460426418,-36.9454721553085,100 174.82804535573422,-36.94544250239005,100 174.82804932685494,-36.94543763358854,100 174.82806619286805,-36.94541928975046,100 174.82808814275595,-36.94540157156213,100 174.82809808633777,-36.94539621511468,100 174.82810976829208,-36.94538790169833,100 174.8281170299304,-36.94538516072405,100 174.82812292662214,-36.9453824894385,100 174.82812607680665,-36.94538057789701,100 174.8281551800348,-36.945370435126975,100 174.8281843789769,-36.94536321656982,100 174.82820064939577,-36.945354440412636,100 174.82820869659102,-36.94534801444573,100 174.8282280678534,-36.945335497815655,100 174.8282425248309,-36.94532747784697,100 174.8282565052289,-36.94531911009438,100 174.8282798607454,-36.945302839381604,100 174.82828883905665,-36.94529567080178,100 174.82829549210663,-36.94528818741495,100 174.828299061584,-36.94528516709421,100 174.82830083643265,-36.94528293783051,100 174.82830170497735,-36.94528108034875,100 174.8283201234233,-36.94526783658832,100 174.82832688994154,-36.94526401983615,100 174.82835338313865,-36.94524475256224,100 174.82836098024373,-36.94523833622059,100 174.82836453956497,-36.94523423356565,100 174.82837079230572,-36.94522931158966,100 174.82837572450916,-36.94522481374264,100 174.82838505793805,-36.94521469776915,100 174.82839350745218,-36.94520645393525,100 174.82839924507365,-36.94519971290956,100 174.8284131600579,-36.945189502941126,100 174.8284162977871,-36.945186507292576,100 174.82842171826667,-36.94518345756021,100 174.82842665213016,-36.94517968705306,100 174.8284388855738,-36.945173918558964,100 174.82845378189694,-36.94516553667749,100 174.82845736252426,-36.94516288932799,100 174.82846141860514,-36.94516058977705,100 174.82847041691863,-36.94515416536832,100 174.828482919341,-36.94514287933569,100 174.82848605024583,-36.94514025603673,100 174.82850304408777,-36.945127407336685,100 174.82896984977015,-36.94489518011589,100 174.8291796412035,-36.94488698355018,100 174.82926611839244,-36.94494100319109,100 174.82909028581784,-36.94502872140419,100 174.82926660850518,-36.945078269789825,100 174.82935382253785,-36.94491368112048,100 174.82901113964158,-36.9447338643177,100 174.82892300134952,-36.94460697559244,100 174.8289211769562,-36.94460276387447,100 174.82891977365765,-36.944599397419616,100 174.82891819367626,-36.944593244092445,100 174.8289152172826,-36.94458598472183,100 174.82891361096753,-36.94457755596016,100 174.8289103909236,-36.9445663056801,100 174.82891006200532,-36.944564994815714,100 174.82890904125367,-36.944562364256335,100 174.82890839298184,-36.94455746563877,100 174.82890325998926,-36.94454581399456,100 174.82890065820519,-36.94453830098898,100 174.8289005902126,-36.94453639663997,100 174.82889800974905,-36.94453038581101,100 174.82889406918525,-36.944525914662705,100 174.82888857723805,-36.94451770709383,100 174.82888544294647,-36.94450905670958,100 174.82886833421938,-36.94447947385593,100 174.8288682945738,-36.94447795663902,100 174.8288638563029,-36.94447234757517,100 174.8288543097598,-36.94445663675894,100 174.82884840734167,-36.94444995333863,100 174.828847749467,-36.944444652878545,100 174.8288381889775,-36.944427794891745,100 174.82883608546217,-36.94442214715797,100 174.82883603581934,-36.94442025875001,100 174.82883100895125,-36.94441201156643,100 174.82882896100602,-36.944407138114144,100 174.8288278746925,-36.94440336208122,100 174.82882295452663,-36.94439779288643,100 174.82881543350464,-36.94438545335935,100 174.8288134144107,-36.94438169259605,100 174.82880599066198,-36.9443723881266,100 174.82880398085342,-36.94436901569023,100 174.8288023815044,-36.94436411820219,100 174.82879165545313,-36.9443548691063,100 174.82878820220756,-36.94435114755887,100 174.82877975698864,-36.94433918189316,100 174.82876649198505,-36.94431105043306,100 174.82876542400243,-36.94430728943957,100 174.82876532920008,-36.94430501505964,100 174.82875777708426,-36.94429151510362,100 174.8287572043884,-36.94428813314847,100 174.82875215829924,-36.944279128244716,100 174.8287450362749,-36.944264877170255,100 174.82874393791394,-36.94425998638558,100 174.82873675664567,-36.944243445060344,100 174.82873361476567,-36.94423518055446,100 174.82871786383868,-36.94420329911909,100 174.8287136419764,-36.944190113800836,100 174.82871209911704,-36.944186733268964,100 174.82871178093725,-36.94417727608223,100 174.82870834533946,-36.9441591682458,100 174.82870519145862,-36.94414974392127,100 174.82870219370224,-36.944145628687686,100 174.82869767089403,-36.94412300214019,100 174.8286970426565,-36.94411884680374,100 174.82869095583303,-36.94410646805179,100 174.8286908213703,-36.944102675553495,100 174.82868921240382,-36.944097422189174,100 174.82868664954523,-36.94409139485986,100 174.82868331120085,-36.94407632117992,100 174.82868129177743,-36.94407254599792,100 174.82868070112696,-36.94406916431877,100 174.82867395681845,-36.94405150042074,100 174.82867386881685,-36.94404885278818,100 174.8286717753222,-36.94404357624158,100 174.82867205576147,-36.944037129265915,100 174.8286702112054,-36.944024275969866,100 174.82867061812166,-36.9440219920593,100 174.82866689286172,-36.94400994467126,100 174.8286661370065,-36.944001625385674,100 174.82866656432603,-36.944000100976055,100 174.8286650125769,-36.94399634833397,100 174.8286643411574,-36.94398991692066,100 174.82865888007507,-36.943968436884305,100 174.82865874451352,-36.94396464530411,100 174.82865725036623,-36.94396240960249,100 174.82865716312176,-36.943959746635706,100 174.82865905249622,-36.943941548667105,100 174.82866097199854,-36.943929730699374,100 174.82866286503204,-36.94391755711675,100 174.82866476934524,-36.94390515081901,100 174.82866667290398,-36.94389271298656,100 174.82866854390488,-36.94388036939311,100 174.82867047431856,-36.9438683033933,100 174.82867238068516,-36.94385664065518,100 174.82867435460906,-36.943845549216505,100 174.82867634781323,-36.94383521729608,100 174.8286783991255,-36.94382576597442,100 174.82868053171862,-36.943817413014756,100 174.82868277853524,-36.943810127264705,100 174.82868509846668,-36.94380364526983,100 174.82868746950348,-36.943797797920425,100 174.82868983257697,-36.943792322038675,100 174.82869216604877,-36.94378697009407,100 174.82869442695036,-36.94378154175343,100 174.82869659366247,-36.94377583725606,100 174.82869860897364,-36.94376957717176,100 174.8287004651006,-36.943762576849174,100 174.82870209764457,-36.94375496076153,100 174.82870353232002,-36.943747052988996,100 174.8287047863737,-36.94373887039106,100 174.8287059484375,-36.94373045666869,100 174.82870703534886,-36.94372181156255,100 174.8287081174541,-36.94371301240418,100 174.82870926583678,-36.94370407342121,100 174.82871046210602,-36.94369497687042,100 174.8287118451235,-36.9436858008307,100 174.8287134182351,-36.943676544349174,100 174.8287153816185,-36.94366707905861,100 174.82871782250982,-36.94365729635789,100 174.82872056691966,-36.94364724579572,100 174.82872344640168,-36.943637067869055,100 174.8287262896448,-36.94362678324309,100 174.8287289244693,-36.943616517149806,100 174.82873118174214,-36.94360633438569,100 174.82873290620986,-36.94359631665856,100 174.82873389501933,-36.94358657435042,100 174.828734026939,-36.94357715619745,100 174.82873329936285,-36.94356795317968,100 174.82873189908713,-36.94355879387249,100 174.82872991471976,-36.94354976794463,100 174.8287274304504,-36.94354082723048,100 174.82872451886803,-36.94353209589585,100 174.82872121438223,-36.94352355718686,100 174.82871765725946,-36.94351525400911,100 174.82871384866291,-36.9435072350161,100 174.82870992622614,-36.94349952693021,100 174.8287059442142,-36.94349219200818,100 174.82870168295557,-36.94348538866112,100 174.82869688278578,-36.943479152434875,100 174.82869171391937,-36.94347336984487,100 174.82868625914804,-36.943467887292236,100 174.8286806535445,-36.943462577412625,100 174.8286749977717,-36.94345732959542,100 174.82866940902866,-36.94345202035687,100 174.82866405643134,-36.94344649026197,100 174.8286589878881,-36.943440582643966,100 174.8286543579823,-36.94343423473332,100 174.82865010004872,-36.943427570136784,100 174.8286460643959,-36.94342080928017,100 174.82864221732746,-36.94341395178119,100 174.8286385382963,-36.94340693666635,100 174.8286349745693,-36.94339971878042,100 174.82863156165692,-36.94339228045132,100 174.82862822705442,-36.94338454798599,100 174.828624954226,-36.94337653425764,100 174.8286217230579,-36.94336814944377,100 174.82861848111855,-36.94335936100298,100 174.828615191481,-36.94335003340425,100 174.82861190045477,-36.943340037045125,100 174.82860861446355,-36.9433295466833,100 174.82860540564096,-36.94331871443272,100 174.8286022604451,-36.94330767840438,100 174.82859928701532,-36.943296593762916,100 174.82859649015714,-36.94328561456057,100 174.82859390539505,-36.94327486463282,100 174.82859159141407,-36.943264497202016,100 174.82858960240918,-36.94325466555975,100 174.82858781495437,-36.94324527967206,100 174.82858613783873,-36.94323609398127,100 174.82858460432516,-36.94322713771873,100 174.82858324772462,-36.94321834818012,100 174.8285821567328,-36.943209771769475,100 174.82858134667924,-36.94320134515812,100 174.8285808867895,-36.94319309882616,100 174.82858081186313,-36.94318498536884,100 174.82858118959405,-36.94317701816471,100 174.82858205592316,-36.943169197561545,100 174.82858354967038,-36.94316155296758,100 174.8285857755691,-36.94315414405968,100 174.82858852630582,-36.94314694158318,100 174.82859173161842,-36.94313991867919,100 174.82859519915453,-36.94313301431632,100 174.8285988417717,-36.94312620009304,100 174.8286024690371,-36.94311944829738,100 174.82860595898967,-36.9431127301628,100 174.82860922369017,-36.943105983951156,100 174.8286120540329,-36.94309919936321,100 174.8286147133643,-36.943092494922915,100 174.8286174313778,-36.943085990573785,100 174.82862015085306,-36.94307959436083,100 174.82862283816095,-36.94307326173587,100 174.82862536942113,-36.94306693061298,100 174.8286277256209,-36.9430605102514,100 174.8286298360245,-36.94305395397047,100 174.82863161239123,-36.94304718741818,100 174.82863303452137,-36.94304011716806,100 174.82863399726978,-36.94303271329328,100 174.8286345388202,-36.94302502297584,100 174.8286347100054,-36.94301710582147,100 174.82863456472626,-36.943008961901306,100 174.82863412130644,-36.94300065312439,100 174.82863337825736,-36.94299216419119,100 174.82863240588657,-36.942983476893644,100 174.82863120457932,-36.942974654318434,100 174.82862979005301,-36.94296564935467,100 174.8286281828762,-36.94295652387683,100 174.82862643356322,-36.94294723023808,100 174.82862443403744,-36.942937662845594,100 174.82862209636232,-36.94292771309231,100 174.82861949090508,-36.94291745921086,100 174.828616638921,-36.94290703877626,100 174.828613593143,-36.9428964969438,100 174.82861044448498,-36.9428859729196,100 174.82860724604592,-36.9428755271758,100 174.82860400116422,-36.94286529936604,100 174.82860081604022,-36.9428553635658,100 174.828597693323,-36.94284583059701,100 174.82859458208904,-36.94283673098766,100 174.82859136001147,-36.94282802065431,100 174.82858805815877,-36.94281959005838,100 174.8285847102319,-36.942811345844504,100 174.82858134807464,-36.94280321090978,100 174.8285780203034,-36.942795105189006,100 174.82857472625548,-36.94278690701377,100 174.82857153064973,-36.9427785522947,100 174.82856846677802,-36.942769930557596,100 174.82856553211786,-36.942760983255354,100 174.8285626043021,-36.9427516176337,100 174.82855947601362,-36.94274189817556,100 174.82855630776243,-36.94273191614646,100 174.82855316801505,-36.9427217642295,100 174.82855018390842,-36.94271154682274,100 174.82854745872737,-36.94270135697439,100 174.82854506536347,-36.94269128459544,100 174.82854312765056,-36.942681436838825,100 174.8285417518316,-36.94267188958209,100 174.82854102726645,-36.942662764028924,100 174.82854093567215,-36.94265404694107,100 174.8285413539467,-36.94264566179938,100 174.8285422480519,-36.94263754693678,100 174.82854356113378,-36.9426296257151,100 174.8285452767668,-36.942621868643634,100 174.8285473567915,-36.942614182572484,100 174.82854973239185,-36.94260655414032,100 174.82855238373685,-36.94259885836862,100 174.828555258479,-36.94259111318874,100 174.82855835399073,-36.94258320867973,100 174.82856203356528,-36.942575169891285,100 174.82856659355622,-36.94256704002919,100 174.8285717907082,-36.94255883635971,100 174.82857731635804,-36.94255061140679,100 174.82858299878518,-36.9425424155853,100 174.82858852630648,-36.94253426901815,100 174.82859369348415,-36.94252622083695,100 174.82859822308743,-36.94251827621293,100 174.82860185845396,-36.9425105021918,100 174.82860437469807,-36.942502932882334,100 174.82860570259254,-36.942495584673274,100 174.82860610182053,-36.942488422920086,100 174.82860570969336,-36.94248141396163,100 174.82860475034087,-36.94247453902339,100 174.8286033255236,-36.942467733445426,100 174.8286016249405,-36.94246099430602,100 174.82859984019086,-36.942454304233024,100 174.82859808946307,-36.942447581188354,100 174.82859656137646,-36.9424408240696,100 174.82859541269278,-36.94243396736975,100 174.8285952504337,-36.94242783726617,100 174.82859439172887,-36.94241953578573,100 174.82859297259728,-36.94241099507293,100 174.82859113524418,-36.94240229225401,100 174.82858898472278,-36.942393547389564,100 174.82858666172805,-36.94238482140524,100 174.82858423880438,-36.942376236665005,100 174.82858185584712,-36.942367867626736,100 174.828579620585,-36.94235985233628,100 174.82857730518415,-36.94235205459761,100 174.82857467853216,-36.94234429500157,100 174.8285718134773,-36.94233666165717,100 174.82856881223222,-36.942329108825355,100 174.82856574510117,-36.94232166516696,100 174.82856271461722,-36.942314345326636,100 174.8285597585113,-36.94230717756564,100 174.8285570134454,-36.94230014806199,100 174.8285545316995,-36.94229328305019,100 174.82855240084822,-36.94228658208283,100 174.82855055575612,-36.942280232737005,100 174.82854887743562,-36.9422743305829,100 174.82854736362776,-36.942268734147575,100 174.8285460103025,-36.94226332181447,100 174.82854483128168,-36.9422579671855,100 174.828543788861,-36.9422525491627,100 174.82854288006828,-36.94224694340929,100 174.82854213521802,-36.942241008851944,100 174.8285415184391,-36.942234654108184,100 174.82854105821272,-36.942227708389275,100 174.82854075675976,-36.94222021762848,100 174.82854066758782,-36.942212259416856,100 174.82854077717892,-36.94220392589755,100 174.82854106828157,-36.94219529394872,100 174.8285414754641,-36.94218644479588,100 174.82854194663526,-36.94217745405109,100 174.8285424863039,-36.942168369415064,100 174.82854302487152,-36.94215928569729,100 174.82854356563584,-36.942150293880644,100 174.82854404087976,-36.94214142655435,100 174.8285445513295,-36.942132575810994,100 174.82854512728048,-36.942123552807395,100 174.82854580277046,-36.94211441921065,100 174.82854647752808,-36.94210525498019,100 174.82854718746992,-36.94209610643165,100 174.82854788203906,-36.94208701940983,100 174.82854852829104,-36.9420780719359,100 174.82854911016415,-36.9420692967049,100 174.8285496302213,-36.942060800934804,100 174.82855001962298,-36.94205261723213,100 174.82855034798416,-36.94204474542605,100 174.82855066760868,-36.94203716578325,100 174.82855095801472,-36.942029820033135,100 174.82855120085745,-36.94202264536564,100 174.82855134413717,-36.94201562725913,100 174.82855145634872,-36.94200871869121,100 174.8285514132689,-36.942001843159964,100 174.82855126767558,-36.94199500075386,100 174.82855096493878,-36.94198811389915,100 174.82855048787692,-36.9419811684393,100 174.82854988700382,-36.9419741167275,100 174.8285491634394,-36.94196700561531,100 174.82854833509768,-36.94195987989299,100 174.82854740387646,-36.94195277197896,100 174.82854631812052,-36.94194568176743,100 174.82854513092562,-36.94193871659944,100 174.82854377349793,-36.94193186401465,100 174.82854226636252,-36.94192518408562,100 174.82854062447765,-36.941918691904434,100 174.82853878200265,-36.94191245157776,100 174.82853694952368,-36.941906582442265,100 174.82853517826507,-36.94190106658389,100 174.82853339727683,-36.94189584831199,100 174.8285315009442,-36.94189083100891,100 174.82852938162534,-36.941885880232675,100 174.828526967875,-36.941880919569776,100 174.82852413435043,-36.94187582566669,100 174.82852079540194,-36.94187053855249,100 174.82851689424368,-36.94186493742306,100 174.82851228943082,-36.941858882948985,100 174.828506703369,-36.9418523649842,100 174.82850008778718,-36.9418454780096,100 174.8284926678663,-36.94183829426821,100 174.82848472456334,-36.94183091759168,100 174.82847646628915,-36.9418233763166,100 174.8284681534058,-36.94181580523693,100 174.82845999840205,-36.94180826237022,100 174.82845227886696,-36.94180085160029,100 174.82844523869662,-36.94179362955982,100 174.82843908931875,-36.94178670385559,100 174.82843377495954,-36.94177999603027,100 174.82842901912787,-36.941773448150684,100 174.82842473321583,-36.94176701741665,100 174.8284208120154,-36.94176067119813,100 174.82841718826444,-36.941754414136355,100 174.8284137377377,-36.94174821659807,100 174.82841037545316,-36.9417420465431,100 174.82840703007082,-36.94173587893167,100 174.82840358176657,-36.94172972732632,100 174.8283999422772,-36.94172356334262,100 174.82839618307204,-36.94171741742621,100 174.82839240849222,-36.94171137990525,100 174.82838863537737,-36.94170540365157,100 174.82838489856974,-36.94169944306245,100 174.8283811961689,-36.94169351258833,100 174.82837756262944,-36.94168755040864,100 174.82837401289066,-36.94168152384569,100 174.82837054885292,-36.94167541844904,100 174.82836720196943,-36.941669187766855,100 174.82836398981212,-36.94166281530472,100 174.828360808013,-36.941656303571186,100 174.82835765765154,-36.941649650746996,100 174.82835453952453,-36.94164289016884,100 174.82835150519813,-36.941636065207476,100 174.8283485734097,-36.94162916115317,100 174.8283457774645,-36.94162220903938,100 174.82834320748012,-36.941615267867,100 174.82834082758333,-36.94160829312231,100 174.82833874172735,-36.941601358915655,100 174.82833695256622,-36.941594482331325,100 174.82833552817996,-36.94158769296594,100 174.82833452313324,-36.94158106569041,100 174.82833381329252,-36.941574480737664,100 174.8283333454927,-36.941567921801294,100 174.8283330505769,-36.94156131423512,100 174.82833285632236,-36.9415545960587,100 174.8283326590962,-36.9415477535454,100 174.8283323852759,-36.94154066615035,100 174.82833198391995,-36.94153331663154,100 174.8283313656672,-36.9415256306539,100 174.8283306143231,-36.94151745009664,100 174.82832986540717,-36.941508713385474,100 174.82832908851594,-36.941499604858585,100 174.82832828852156,-36.94149023440236,100 174.82832741591716,-36.94148078574779,100 174.82832649355583,-36.941471369405754,100 174.8283255064472,-36.94146215685851,100 174.8283244253129,-36.941453285558055,100 174.82832327034927,-36.941444895799826,100 174.82832201119595,-36.94143717372394,100 174.82832061456932,-36.94143008919796,100 174.82831910853903,-36.94142350118318,100 174.828317441173,-36.941417350992005,100 174.8283157482543,-36.94141149412435,100 174.8283139740932,-36.94140590259547,100 174.82831215239318,-36.941400436181226,100 174.8283103156869,-36.941395046610516,100 174.82830847676018,-36.94138961110649,100 174.82830670520843,-36.94138408172859,100 174.82830494530432,-36.941378334952375,100 174.82830512175133,-36.9413719048986,100 174.82830515606284,-36.94136535355231,100 174.8283051193201,-36.94135869514135,100 174.82830504775956,-36.941352036365245,100 174.82830502895203,-36.9413454236456,100 174.82830511677304,-36.94133890302159,100 174.82830534631762,-36.94133253344011,100 174.82830579019588,-36.9413263930995,100 174.82830646522038,-36.94132052770833,100 174.82830747875445,-36.94131501312713,100 174.8283088864796,-36.941310017947195,100 174.82831062104532,-36.94130559007449,100 174.8283126409529,-36.941301543574134,100 174.82831485913215,-36.941297759009565,100 174.82831723589592,-36.94129407926035,100 174.82831966317292,-36.941290351864424,100 174.82832213542622,-36.94128639213573,100 174.82832452955927,-36.94128207668595,100 174.8283268067489,-36.941277237565465,100 174.8283288745952,-36.94127172026823,100 174.8283308876372,-36.94126541335436,100 174.82833298729687,-36.94125845525245,100 174.82833512562593,-36.94125095395838,100 174.82833721842897,-36.941243098243945,100 174.82833925402113,-36.94123500996773,100 174.82834116767648,-36.941226893825565,100 174.82834291030298,-36.94121885692959,100 174.82834443438043,-36.94121107216435,100 174.82834567438906,-36.94120366402015,100 174.82834660145724,-36.94119683393669,100 174.82834704160373,-36.94119058459317,100 174.82834701027127,-36.94118476342818,100 174.8283466054208,-36.94117928781408,100 174.8283459307574,-36.94117403357384,100 174.82834515579955,-36.9411689052607,100 174.8283443643925,-36.94116379342468,100 174.82834370841832,-36.94115861641044,100 174.82834330688723,-36.94115323268015,100 174.82834326164422,-36.94114758117812,100 174.8283437256963,-36.94114153336289,100 174.8283445816858,-36.94113464218263,100 174.8283456721507,-36.94112680280471,100 174.82834695286545,-36.94111832596538,100 174.82834843529145,-36.94110959725453,100 174.82835012793458,-36.94110097256392,100 174.82835203861433,-36.94109273208467,100 174.82835410773006,-36.94108529494863,100 174.82835641521592,-36.94107899882241,100 174.82835890039732,-36.94107417091947,100 174.82836157067945,-36.94107116804976,100 174.8283644997087,-36.94107006479034,100 174.82836774671162,-36.941070567299015,100 174.82837125413613,-36.9410723817293,100 174.82837496291467,-36.94107529177189,100 174.8283788506977,-36.9410790670321,100 174.82838284043945,-36.941083443707385,100 174.82838689142176,-36.941088174560825,100 174.82839098058173,-36.94109304633397,100 174.82839501513737,-36.94109779456522,100 174.8283989880226,-36.941102170598185,100 174.82840297593629,-36.94110647068842,100 174.82840710893316,-36.941111062375626,100 174.8284113196658,-36.94111594669698,100 174.82841560628228,-36.94112104616717,100 174.8284198610723,-36.94112631737874,100 174.8284241027111,-36.94113169605015,100 174.82842824220143,-36.94113717003214,100 174.82843226122313,-36.941142630546715,100 174.82843612273498,-36.94114807816432,100 174.8284397590475,-36.94115345263743,100 174.8284432041763,-36.941158814732205,100 174.82844649586795,-36.94116428734864,100 174.8284496517398,-36.94116980892546,100 174.82845268674993,-36.94117539455481,100 174.82845561998278,-36.941180997073964,100 174.8284584656857,-36.941186601842375,100 174.82846125827,-36.94119214523744,100 174.82846397979776,-36.94119762843673,100 174.82846668259387,-36.94120303260799,100 174.82846936452376,-36.941208315421875,100 174.82847187023293,-36.941213507211955,100 174.82847409984137,-36.941218657286576,100 174.82847615361666,-36.94122373255528,100 174.82847810229273,-36.941228779698854,100 174.82848006705484,-36.94123374817953,100 174.82848213398526,-36.941238669119215,100 174.82848438949196,-36.94124354028585,100 174.82848690168163,-36.94124829843925,100 174.82848981122538,-36.94125300360424,100 174.82849318471722,-36.94125762320891,100 174.8284970382429,-36.941262078590334,100 174.8285012506629,-36.94126637521943,100 174.82850582337704,-36.94127057166059,100 174.8285106191436,-36.941274657408904,100 174.82851565544303,-36.941278706103624,100 174.8285208298057,-36.94128275267182,100 174.82852612578245,-36.94128681359062,100 174.8285314939152,-36.94129098065538,100 174.82853684820515,-36.94129527321703,100 174.82854215454518,-36.94129972064317,100 174.82854725435035,-36.94130421811877,100 174.82855211133827,-36.941308704011306,100 174.82855686432802,-36.94131316086037,100 174.82856165396683,-36.941317694658565,100 174.82856660182514,-36.94132231795476,100 174.8285718302704,-36.94132707663442,100 174.82857747770746,-36.941332029855865,100 174.82858372031754,-36.94133721997174,100 174.82859061048774,-36.941342677721444,100 174.82859835623745,-36.941348462092314,100 174.82860704841426,-36.941354709587436,100 174.8286167050615,-36.94136147040282,100 174.82862707987258,-36.94136858699492,100 174.82863805026744,-36.94137595759934,100 174.82864942249856,-36.94138346262003,100 174.82866098436102,-36.94139100888373,100 174.82867257958154,-36.94139844737499,100 174.82868403006202,-36.94140565555303,100 174.8286951592359,-36.94141252797863,100 174.828705758763,-36.94141894528088,100 174.82871588210458,-36.941425030117784,100 174.8287256560459,-36.94143096620924,100 174.82873521711815,-36.94143673432721,100 174.82874463646718,-36.94144235140239,100 174.82875404987033,-36.94144776667196,100 174.82876352767664,-36.941452963729866,100 174.82877320721428,-36.94145795668461,100 174.8287831561781,-36.94146271204582,100 174.8287934815898,-36.94146724438875,100 174.82880430057574,-36.94147152126416,100 174.82881561163052,-36.941475432733704,100 174.82882736316373,-36.94147898139453,100 174.8288394526194,-36.94148219856992,100 174.82885179354142,-36.94148517842784,100 174.82885818009024,-36.94148661860959,100 174.82886250720995,-36.94148871332848,100 174.82886667942984,-36.94149081043328,100 174.8288708168751,-36.94149290897492,100 174.82887491984732,-36.94149502156727,100 174.82887907378534,-36.94149710543339,100 174.82888329761795,-36.94149920084123,100 174.82888765990162,-36.94150131034003,100 174.82889222984141,-36.9415034166399,100 174.82889702610768,-36.94150554919689,100 174.8289021497676,-36.941507661387966,100 174.82890755028646,-36.941509799959,100 174.82891321156202,-36.94151194893419,100 174.8289190977185,-36.94151411066878,100 174.82892515707954,-36.94151628415614,100 174.82893137134099,-36.94151845525702,100 174.82893772476686,-36.941520623312506,100 174.82894414707272,-36.941522807431724,100 174.82895065650033,-36.94152497218203,100 174.82895716484893,-36.94152713875126,100 174.82896369076954,-36.941529288825635,100 174.82897031881558,-36.94153138955627,100 174.8289771688345,-36.94153338141226,100 174.82898417405784,-36.94153533662668,100 174.82899126349014,-36.941537244575954,100 174.82899840716507,-36.94153921388049,100 174.82900548349016,-36.94154123109094,100 174.82901247521463,-36.941543373085516,100 174.82901931613463,-36.94154564178543,100 174.82902593587727,-36.94154809956483,100 174.82903226825803,-36.941550796114775,100 174.8290384336845,-36.94155369533012,100 174.82904454969471,-36.9415567350115,100 174.82905060169657,-36.941559915383735,100 174.82905653468936,-36.941563237294154,100 174.82906228205988,-36.94156668554513,100 174.82906782476928,-36.9415702622327,100 174.82907312873434,-36.94157395075677,100 174.8290781415869,-36.94157776814799,100 174.82908281132737,-36.941581699884985,100 174.8290871035492,-36.94158571585285,100 174.82909089478346,-36.941589771085006,100 174.8290942007252,-36.94159381756952,100 174.82909705888753,-36.94159792142646,100 174.82909962587465,-36.94160210457895,100 174.82910198895448,-36.94160644770299,100 174.8291042363471,-36.941610977380485,100 174.82910647284677,-36.941615802859765,100 174.82910878857393,-36.94162093627227,100 174.82911128640333,-36.94162645354689,100 174.82911407145684,-36.94163238370913,100 174.82911709916962,-36.94163897621069,100 174.82912025126691,-36.941646356354994,100 174.82912348629546,-36.941654246271796,100 174.82912678368908,-36.941662537217816,100 174.82913013717865,-36.941670967004605,100 174.82913347270954,-36.94167939706795,100 174.82913680307067,-36.94168761089327,100 174.8291401050868,-36.9416954375862,100 174.82914333991326,-36.94170266142765,100 174.8291464679277,-36.941709081131656,100 174.82914947340882,-36.94171483754686,100 174.82915232936338,-36.94172016363052,100 174.8291551232769,-36.941725102199655,100 174.82915785558018,-36.941729671274075,100 174.8291605625132,-36.94173393068414,100 174.8291633484416,-36.9417379247894,100 174.82916619842646,-36.94174168626766,100 174.82916916368976,-36.941745244073424,100 174.8291723149663,-36.941748644887035,100 174.82917568847458,-36.94175194763781,100 174.82917919448607,-36.9417550626745,100 174.829182764554,-36.94175794508415,100 174.82918641622624,-36.941760624340034,100 174.82919016446328,-36.94176306866539,100 174.82919406394078,-36.941765310566744,100 174.82919807906288,-36.94176736411239,100 174.82920227981032,-36.94176924444793,100 174.8292066829986,-36.94177095041296,100 174.82921129052582,-36.94177251442584,100 174.82921611879803,-36.941773918207325,100 174.82922132422615,-36.9417751755714,100 174.82922694203538,-36.941776350870555,100 174.8292328666749,-36.941777350190705,100 174.82923901242563,-36.941778204596154,100 174.8292452907224,-36.94177887308921,100 174.82925156346062,-36.9417793091262,100 174.8292577629022,-36.941779544395764,100 174.82926378094749,-36.94177951927348,100 174.8292695330451,-36.941779219739594,100 174.82927489650123,-36.94177863326334,100 174.82927978452156,-36.94177769899077,100 174.82928424796188,-36.94177643055954,100 174.82928839157793,-36.94177484167818,100 174.82929237402135,-36.94177303986373,100 174.82929626374315,-36.94177097629141,100 174.82930023579902,-36.941768787067794,100 174.82930436015027,-36.94176643956863,100 174.82930877563402,-36.941764010971205,100 174.82931362249192,-36.9417615432795,100 174.82931900625545,-36.941759082637596,100 174.8293249209757,-36.94175642724069,100 174.82933122486162,-36.9417534233445,100 174.82933784984778,-36.94175018286047,100 174.8293447835181,-36.94174679701347,100 174.8293519229893,-36.9417433773501,100 174.82935920384352,-36.94174004744283,100 174.82936657595357,-36.941736918025406,100 174.82937399100612,-36.94173408177722,100 174.82938136366812,-36.941731632849354,100 174.82938868195276,-36.94172972735541,100 174.82939580630796,-36.94172835212319,100 174.8294027872489,-36.94172741263677,100 174.82940969029232,-36.941726831274174,100 174.82941660109455,-36.94172652739914,100 174.82942365588568,-36.9417264691689,100 174.82943088726643,-36.94172651727732,100 174.82943843286938,-36.94172665157717,100 174.82944635749996,-36.941726764713685,100 174.82945472887653,-36.94172677722821,100 174.8294637034118,-36.941726656065526,100 174.82947352053802,-36.941726365088414,100 174.82948432092587,-36.941726011189175,100 174.829495796651,-36.94172563065873,100 174.82950772095148,-36.941725272958585,100 174.8295198196005,-36.941724927893134,100 174.82953185126576,-36.94172464604993,100 174.82954353981833,-36.94172447855283,100 174.82955460837525,-36.94172444499114,100 174.8295648339535,-36.94172456502495,100 174.82957394081214,-36.94172490599623,100 174.8295819457902,-36.94172542077696,100 174.8295891593998,-36.941726134326046,100 174.82959568605386,-36.941726999067114,100 174.82960164510217,-36.94172798161478,100 174.82960719144523,-36.9417290795821,100 174.82961241153646,-36.94173024566939,100 174.82961747707026,-36.94173147542816,100 174.8296224917465,-36.941732738418104,100 174.8296275763391,-36.94173401385022,100 174.82963286712106,-36.94173527168352,100 174.82963805278294,-36.94173645362271,100 174.82964289162595,-36.94173759493885,100 174.82964745324128,-36.94173874142832,100 174.82965189509747,-36.94173990418435,100 174.8296563204813,-36.94174112938535,100 174.82966087045537,-36.941742446403765,100 174.82966563062715,-36.94174391340765,100 174.82967072526534,-36.94174556183086,100 174.82967630918253,-36.94174743255107,100 174.82968250481392,-36.94174952728669,100 174.82968929672157,-36.94175195173034,100 174.8296966680919,-36.941754660173544,100 174.8297044427427,-36.94175761026519,100 174.82971260232844,-36.94176073919528,100 174.82972099084967,-36.9417640034004,100 174.8297295020851,-36.94176732790503,100 174.82973806644358,-36.941770666912866,100 174.82974657731413,-36.94177397609939,100 174.82975493030892,-36.9417772102046,100 174.82976303677816,-36.94178027775847,100 174.82977088063905,-36.941783210555236,100 174.8297785846033,-36.94178611576385,100 174.8297862024847,-36.941788989851,100 174.8297937830037,-36.941791804124826,100 174.82980136460264,-36.94179461657887,100 174.82980901508216,-36.94179744509598,100 174.82981676956206,-36.941800302654734,100 174.8298246822872,-36.94180320374156,100 174.82983280264622,-36.941806147595265,100 174.82984118412796,-36.9418091640364,100 174.8298497264629,-36.941812333025396,100 174.82985837467342,-36.941815609442074,100 174.82986709577526,-36.941819022637105,100 174.82987597326735,-36.94182244874362,100 174.82988500602724,-36.941825887778876,100 174.8298942288748,-36.94182929323872,100 174.82990365638224,-36.94183261712836,100 174.82991333986155,-36.94183579826827,100 174.8299232620662,-36.941838819799045,100 174.8299335053277,-36.94184160293791,100 174.82994417964275,-36.94184428659576,100 174.82995535382528,-36.94184693100181,100 174.82996692424163,-36.94184952243078,100 174.82997873487042,-36.941852016418544,100 174.8299907135088,-36.94185435188664,100 174.8300027576888,-36.94185651689457,100 174.83001470836783,-36.94185843457728,100 174.8300264784476,-36.941860078336326,100 174.83003792980116,-36.94186140072806,100 174.83004900824818,-36.94186238996916,100 174.8300598689941,-36.941862962548356,100 174.8300708249011,-36.94186324163108,100 174.83008173823018,-36.94186319599149,100 174.83009252326087,-36.941862903563354,100 174.83010309475014,-36.94186236836468,100 174.8301133834281,-36.941861604983096,100 174.8301233039855,-36.941860661602504,100 174.8301327187466,-36.94185955656901,100 174.83014156036162,-36.94185833778971,100 174.83014975811514,-36.94185700635479,100 174.83015720762063,-36.941855470135906,100 174.83016385353375,-36.94185366869634,100 174.8301698702252,-36.94185161557214,100 174.83017539905822,-36.94184939961791,100 174.830180577362,-36.94184703494061,100 174.83018554617652,-36.941844596879925,100 174.83019041096912,-36.941842128876225,100 174.83019530943545,-36.94183966035325,100 174.83020041853445,-36.94183726609692,100 174.83020582503954,-36.941835006059534,100 174.82956126132225,-36.94082595762132,100 174.82983024242077,-36.93819531556612,100 174.8311662521785,-36.93801529205792,100 174.83116599859017,-36.9380069956819,100 174.83116699257346,-36.93800400508348,100 174.8311809939796,-36.93796899896137,100 174.83119099825018,-36.93794699298242,100 174.8312040058283,-36.93791099720969,100 174.83122199620135,-36.93787700664211,100 174.83124899954802,-36.937850994379936,100 174.83125499987958,-36.93784700541324,100 174.83126700578384,-36.93783399260563,100 174.83128099987778,-36.93781899596387,100 174.8312920009818,-36.937783003187704,100 174.83129699329433,-36.937752006288235,100 174.83130299652035,-36.93771600587257,100 174.83130499973313,-36.937691007415665,100 174.83170599907965,-36.937534998407706,100 174.8317064740559,-36.93753467111034,100 174.83171733716125,-36.9376064660813,100 174.83172483370996,-36.93765601605039,100 174.83173146569183,-36.937699891104934,100 174.8317445839556,-36.93778666642507,100 174.8320287666988,-36.9396112666378,100 174.8320350334188,-36.9396527669002,100 174.8320425840442,-36.93970263326026,100 174.83211735017554,-36.940170179237334,100 174.83221618375944,-36.94078822074383,100 174.83233494988278,-36.94153089943614,100 174.83232083395112,-36.94152146682559,100 174.83228438309902,-36.941500183105255,100 174.83224894997593,-36.941478399657086,100 174.83224583410188,-36.94147596640087,100 174.83221825004887,-36.941447766073765,100 174.8321938167817,-36.941417033071694,100 174.83216618409375,-36.94138881635714,100 174.83215978355403,-36.94138444997496,100 174.83212438320402,-36.94136224957128,100 174.83210781725853,-36.941350099397596,100 174.83208446729506,-36.941330932554315,100 174.83207645065767,-36.94132435041695,100 174.83204588392303,-36.94129786622432,100 174.83217803378585,-36.94209359856351,100 174.83250750297998,-36.94425380135143,100 174.83252019994904,-36.94433704979479,100 174.83263645078114,-36.945099516280955,100 174.83240673375786,-36.94658126637957,100 174.83251739913428,-36.94656995467675,100 174.83263141725118,-36.946558299989846,100 174.83266087502648,-36.94675712124748,100 174.8326825094804,-36.94690313312635,100 174.83277968126293,-36.947558957202396,100 174.8328449686411,-36.94799958526212,100 174.8328701005234,-36.948169200068165,100 174.83290933353504,-36.948410917408886,100 174.83293121694922,-36.9485364878814,100 174.83293390039353,-36.94855188338774,100 174.83324771687572,-36.94852113299621,100 174.83332440016454,-36.94869626627545,100 174.8334010669811,-36.94887139975065,100 174.83347773375343,-36.949046516043026,100 174.83301596695298,-36.94909178334941,100 174.8330405832253,-36.949253766441736,100 174.83306568307592,-36.94926955040272,100 174.83352525023298,-36.94922453318075,100 174.83353980216097,-36.949319860232265,100 174.83355271692398,-36.94940446610946,100 174.83358695067685,-36.94962939933861,100 174.83361438330883,-36.94980934988969,100 174.83364164985858,-36.9499892993879,100 174.83366901732896,-36.95016928336746,100 174.8338022837779,-36.95052148293819,100 174.83380731670414,-36.95055471622773,100 174.83383419987106,-36.95071883265615,100 174.83386218318805,-36.95088948288133,100 174.83388658317406,-36.95103508304692,100 174.83391876741885,-36.951233900436776,100 174.83394488311524,-36.95143229960788,100 174.83397088333484,-36.95162948286475,100 174.83397128792208,-36.9516321643541,100 174.8339738171007,-36.951648933118506,100 174.83399061084643,-36.951760798927296,100 174.83399775727545,-36.95180839815434,100 174.83401352595575,-36.951913435160016,100 174.83402773090154,-36.95200805541631,100 174.83451089712307,-36.95522627105846,100 174.83452769134294,-36.95533812859258,100 174.83452781702127,-36.955338966681126,100 174.83455130943477,-36.95547221809282,100 174.8345916331359,-36.95570093322292,100 174.834616385329,-36.955803924939765,100 174.83467743315936,-36.956057932562736,100 174.83470234609527,-36.95614486654859,100</coordinates></LinearRing></outerBoundaryIs>
    </Polygon>
  </Placemark>

  <Placemark>
    <name>Favona</name>
    <Point>
      <altitudeMode>relativeToGround</altitudeMode>
      <coordinates>174.81509442411587,-36.951851481046546,100</coordinates>
    </Point>
  </Placemark>

</Document>
</kml>