<?xml version="1.0" encoding="utf-8"?>
<kml xmlns="http://www.opengis.net/kml/2.2">
<Document>
  <name>Mangere Bridge (polygon: official_shp)</name>
  <open>1</open>

  <Placemark>
    <name>Mangere Bridge (polygon: official_shp)</name>
    <Style>
      <LineStyle><color>ffff0000</color><width>2</width></LineStyle>
      <PolyStyle><color>66ff0000</color><fill>1</fill><outline>1</outline></PolyStyle>
    </Style>
    <Polygon>
      <tessellate>1</tessellate>
      <altitudeMode>relativeToGround</altitudeMode>
      <outerBoundaryIs><LinearRing><coordinates>174.79965131169124,-36.94658661243429,100 174.79964773866192,-36.94668608111708,100 174.79962598154262,-36.94676607827434,100 174.79961672754797,-36.94679071840741,100 174.7996129502405,-36.946802473080766,100 174.79960745858017,-36.9468234562847,100 174.79959703348533,-36.946850919096114,100 174.79958679748657,-36.94689038020363,100 174.79958559423025,-36.94690133333647,100 174.79957187427644,-36.94695781111933,100 174.79957124084905,-36.94697933268185,100 174.7995698720432,-36.94699522939599,100 174.79956790247087,-36.94700797696813,100 174.79955945324696,-36.947039618119796,100 174.7995522099931,-36.94708638507986,100 174.7995450954166,-36.94712678492074,100 174.79954302785873,-36.94717970700287,100 174.79953816253706,-36.94720416433622,100 174.79953690799013,-36.94723909263012,100 174.79953923477333,-36.94725804019985,100 174.799539749308,-36.947267881195735,100 174.79955643340077,-36.94734343977912,100 174.7995688241268,-36.94737894359172,100 174.79957066267033,-36.947389119640754,100 174.79958274368502,-36.94741866677256,100 174.79958855716336,-36.94742868342332,100 174.79959888476782,-36.947441363568856,100 174.79961778304136,-36.947458345619616,100 174.799626397554,-36.94746369960991,100 174.7996328087309,-36.94746876432375,100 174.79964446769537,-36.94748142338247,100 174.79965013007094,-36.94748897899518,100 174.79966070340606,-36.94749778421285,100 174.79966496387408,-36.94750398475025,100 174.79966706422115,-36.94751025318385,100 174.79966839888397,-36.94751901097066,100 174.79966697406456,-36.94752541576317,100 174.7996600401725,-36.94753550486508,100 174.79965493733548,-36.94753884321621,100 174.79965064508892,-36.947540741578585,100 174.7996350531361,-36.94754515377463,100 174.7995818733829,-36.94755291992714,100 174.79957110309863,-36.947557173401975,100 174.79956073837687,-36.947560336432645,100 174.79955258460453,-36.947564112200546,100 174.79954117340523,-36.947572960435366,100 174.7995357718395,-36.947578780154636,100 174.79951696861832,-36.94759738642825,100 174.79951225254848,-36.94759964723374,100 174.7995005331632,-36.947610622759875,100 174.79949418896962,-36.94761542114083,100 174.79948181463715,-36.94762252007255,100 174.79947666828122,-36.94762482074762,100 174.7994614890746,-36.94762849659062,100 174.79944437016044,-36.94762872180992,100 174.79940533356466,-36.947621570178626,100 174.79936329571944,-36.9476074688268,100 174.79934159235017,-36.94760433216378,100 174.79932538023058,-36.947604867198734,100 174.79929232337489,-36.94760281834531,100 174.79928270484606,-36.9476034751711,100 174.7992482666165,-36.94760886786199,100 174.79923699393956,-36.94761172014726,100 174.7992051992964,-36.94761702228764,100 174.79918274024857,-36.94762410457063,100 174.79917289647253,-36.947629364270384,100 174.7990809301952,-36.94766028179378,100 174.7990553434117,-36.94766678142259,100 174.79904488022078,-36.94766819462324,100 174.79903211534221,-36.94766757235423,100 174.79901719935367,-36.94766806967996,100 174.79900411855917,-36.947669914619205,100 174.79898586393398,-36.94767370460334,100 174.79896008919007,-36.94767631963847,100 174.79893553016754,-36.94767714874537,100 174.79891937248027,-36.947679091673656,100 174.79889109563672,-36.947684614430436,100 174.79887974136622,-36.947685717542136,100 174.79886127398152,-36.947685284410696,100 174.7988214267315,-36.947679569867255,100 174.79880360941675,-36.94767488162905,100 174.79878696249202,-36.94766733918047,100 174.7987494064219,-36.94763795441123,100 174.79874855089037,-36.94763762757324,100 174.79871729625512,-36.94762439914023,100 174.79868789756134,-36.94761741130697,100 174.79868261940666,-36.94761463406797,100 174.79861313207604,-36.947603268331015,100 174.7985864269527,-36.947602707585034,100 174.79855341823648,-36.947591196570606,100 174.7984687581236,-36.947573751318394,100 174.79843976945182,-36.94756519160745,100 174.79840010911917,-36.947555339704465,100 174.79838564343274,-36.94755048706501,100 174.798366292575,-36.94754672241561,100 174.79835518928,-36.94754345474761,100 174.79834067029776,-36.947540538058234,100 174.79831495015043,-36.94753864459133,100 174.79830284658743,-36.94753615369078,100 174.79827905841157,-36.94753466178624,100 174.7982707800378,-36.947534955726525,100 174.79824940973973,-36.94753466291145,100 174.7982375409186,-36.94753589903972,100 174.79821174596333,-36.94753908656062,100 174.7982031113607,-36.94754166264296,100 174.7981853738665,-36.947545381578564,100 174.79817536021918,-36.94754943689276,100 174.79814809358194,-36.94756520938143,100 174.79813086588806,-36.947580581952174,100 174.7981218180987,-36.947595197899204,100 174.79811824219036,-36.947608699852765,100 174.7981191908785,-36.947619246328955,100 174.79812149719288,-36.947626160626946,100 174.79812476175994,-36.94764727613576,100 174.79812798833632,-36.94765564655936,100 174.79813900029666,-36.947675997574834,100 174.79815774197127,-36.94769631263457,100 174.7981925043995,-36.94772605356825,100 174.79820209055293,-36.94773146955859,100 174.79821806450533,-36.947743776780946,100 174.7982249303109,-36.947751033922444,100 174.79828022762217,-36.947798164047015,100 174.79831768230318,-36.947825676643006,100 174.79832590929013,-36.94783074186422,100 174.79833869888566,-36.947841631747394,100 174.7983716491195,-36.94788083516352,100 174.79837580234897,-36.94788954666553,100 174.79838271518622,-36.94791064656025,100 174.79838738812717,-36.947935394704004,100 174.79838740503416,-36.947942704206596,100 174.79838880310962,-36.947949245587516,100 174.79838838015905,-36.94795690425716,100 174.79838206497118,-36.94797550054897,100 174.79836803718254,-36.94799486172355,100 174.79836259447222,-36.94800108580797,100 174.7983535108164,-36.948007681409784,100 174.79834809160806,-36.948012803716466,100 174.7983353445379,-36.94802086899038,100 174.79829175269705,-36.94804546311806,100 174.79825134140637,-36.94807732962933,100 174.79823817623378,-36.94809125534215,100 174.79823182935635,-36.94809599240708,100 174.79821372423848,-36.94811684572702,100 174.79821054602743,-36.948123047222516,100 174.7981942286986,-36.94814280268476,100 174.798164373594,-36.94818881783824,100 174.79813818047543,-36.948243954827575,100 174.79813412210865,-36.948250884403784,100 174.7981269048901,-36.948268039603136,100 174.79810247067192,-36.94830566240615,100 174.79805622424732,-36.94835396458912,100 174.79803078796917,-36.94837227721075,100 174.79800220048875,-36.94839717757707,100 174.79799084373315,-36.948404150982654,100 174.79798039877113,-36.94841293666607,100 174.79796996647008,-36.94841953824252,100 174.79793864529,-36.94844772116474,100 174.79787552993366,-36.948493905552,100 174.79786691033522,-36.94849903574323,100 174.79785692287484,-36.94850344665905,100 174.79784827618383,-36.94850823655777,100 174.79782056393995,-36.94852618521481,100 174.79780419441573,-36.948534651397864,100 174.79778651986524,-36.94854746010305,100 174.7977810588331,-36.948552956166864,100 174.79777743750924,-36.94855808096643,100 174.79776067228082,-36.94857527256917,100 174.79774253768906,-36.948599038451036,100 174.79773440783245,-36.94861836341996,100 174.7977303686763,-36.9486300300643,100 174.79772506619844,-36.948668308578014,100 174.79771603510622,-36.948686223096566,100 174.79770613804544,-36.94871612304825,100 174.79770296820053,-36.94872196657701,100 174.79769306423353,-36.94874822887804,100 174.79767046915146,-36.94878805092292,100 174.79766731826734,-36.948798618917564,100 174.79765915854352,-36.948812136185005,100 174.79764968213564,-36.948828927177914,100 174.79763882135865,-36.94884501356402,100 174.7976347569401,-36.94885302660959,100 174.79761344545224,-36.94887899654888,100 174.79760029935414,-36.948890352221284,100 174.79758261369213,-36.94891009857566,100 174.79756899885155,-36.94892071864895,100 174.79756219898655,-36.948927305750374,100 174.79753587051715,-36.94894928755729,100 174.7974891623959,-36.94899646805284,100 174.79747373197486,-36.94900710208439,100 174.7974573601953,-36.94901480933777,100 174.79744143261496,-36.94901962832261,100 174.7973622680212,-36.949036006101785,100 174.797319958587,-36.94905074428688,100 174.7973036135783,-36.949058110412544,100 174.79729408066797,-36.949064712735954,100 174.79728637309276,-36.94907166958762,100 174.79727591285499,-36.949077901081814,100 174.79726500079255,-36.94908268287134,100 174.79725546648348,-36.949088556941,100 174.7972309465061,-36.94910688526642,100 174.7971937563229,-36.94914091181298,100 174.79718786994422,-36.949150054747015,100 174.7971810534137,-36.949157368548505,100 174.79717426862396,-36.94916321360809,100 174.7971679107278,-36.94917016444206,100 174.79716199809704,-36.94917494084489,100 174.79713572829382,-36.94920783854415,100 174.7971289353007,-36.94921806597528,100 174.79709814424194,-36.94925937298332,100 174.79708050466218,-36.949288210247985,100 174.79707509325144,-36.949300983740976,100 174.79706108553466,-36.94932581100573,100 174.79705701043193,-36.94933676612364,100 174.79704537591888,-36.94938636287234,100 174.79703954036952,-36.94940278414318,100 174.79703501060868,-36.94941154780684,100 174.79702869023984,-36.94941995370785,100 174.79701874769972,-36.949440764412955,100 174.79701332511866,-36.94944842755045,100 174.7970106154889,-36.9494553646147,100 174.79698485203016,-36.949505755674814,100 174.7969839618861,-36.9495101216544,100 174.79697582580735,-36.949526565125154,100 174.7969631720073,-36.949545546611404,100 174.7969550733913,-36.94956745605935,100 174.7969546084741,-36.94957218785027,100 174.79694426517784,-36.94959955455519,100 174.79693711089828,-36.949633838441954,100 174.79693323891237,-36.94963929238909,100 174.79692668562635,-36.94966402573552,100 174.79692073830475,-36.949680184603466,100 174.79691953094658,-36.949691649725175,100 174.7969078221517,-36.94972638110352,100 174.7969020587063,-36.94975227782343,100 174.79689290168372,-36.94977999701371,100 174.79684542960706,-36.9498478021615,100 174.79677722523803,-36.949885908697894,100 174.79675800029875,-36.9499010048498,100 174.7967500082826,-36.94990900520166,100 174.79673300359732,-36.94992099782899,100 174.79671999503756,-36.94993100293957,100 174.7967130074245,-36.949935006928754,100 174.79670699538505,-36.949940001132205,100 174.79669900360037,-36.94994600413756,100 174.79668200794956,-36.94995900340272,100 174.79661300500433,-36.950002992271585,100 174.79656399801857,-36.95004099474014,100 174.79655499424683,-36.95005000365178,100 174.7965440015595,-36.9500570020572,100 174.79649600577716,-36.95009799241596,100 174.79648700244087,-36.95010300483397,100 174.7964780076784,-36.95010699591858,100 174.796471995991,-36.95011200632888,100 174.79645699867726,-36.95011800266089,100 174.79643799562862,-36.95012299694135,100 174.79641499724184,-36.950125997551744,100 174.79640700591116,-36.950128005851525,100 174.7963829952098,-36.950133997954026,100 174.79638100640926,-36.950134000106225,100 174.79637600733224,-36.95014000016866,100 174.79637399230032,-36.95014500508014,100 174.79636400149752,-36.95015000358818,100 174.796361000591,-36.950150998092475,100 174.79635899359985,-36.950152998760565,100 174.79635599269312,-36.950153993264756,100 174.79634800037985,-36.950163991835524,100 174.79631500418583,-36.95021300139764,100 174.79630799744103,-36.950217005652824,100 174.79630099220898,-36.95022700280507,100 174.79629600114305,-36.95022999772019,100 174.79628000917148,-36.9502470061655,100 174.7962500042196,-36.95027400602348,100 174.7962480058867,-36.95027699711663,100 174.79623899412758,-36.95028499934379,100 174.7962269971904,-36.950293996734615,100 174.79622299244915,-36.95029700556596,100 174.79621300276028,-36.950302004945975,100 174.79620100579618,-36.950311001433285,100 174.7961679918055,-36.950329997950995,100 174.7961610027495,-36.9503359992697,100 174.79615699889263,-36.950341006326475,100 174.79615199953005,-36.95034900372365,100 174.79614100601862,-36.95036199502519,100 174.79613599847923,-36.95036500640681,100 174.79613099809873,-36.95036899201394,100 174.79612300600277,-36.950388995291505,100 174.79612200247146,-36.95041899400388,100 174.79611799788367,-36.95042999489209,100 174.79611799838634,-36.950438001368376,100 174.79611399378825,-36.95046100341982,100 174.79610799924404,-36.950472005571626,100 174.79610199705434,-36.9504800046187,100 174.79609699767744,-36.95048800201378,100 174.7960820083198,-36.950502996121955,100 174.79605299845005,-36.950517000872665,100 174.7960390040951,-36.95052099815955,100 174.79602399770448,-36.95052799955423,100 174.79600699265674,-36.95053200182473,100 174.79599900101368,-36.95053600744191,100 174.79596699835142,-36.95055599268293,100 174.79594300468523,-36.950574002728764,100 174.79593199476668,-36.9505829986788,100 174.7959059944285,-36.950596999327814,100 174.79588900751756,-36.95061100422958,100 174.79587100773935,-36.95063199531049,100 174.7958560009479,-36.950645006735876,100 174.79584099441044,-36.95066199841372,100 174.79582999264738,-36.95067000367319,100 174.79580900056885,-36.95068700206577,100 174.79579900223237,-36.95069900124453,100 174.795790992445,-36.95071299562348,100 174.7957870046136,-36.95072399534598,100 174.79578200592104,-36.950738001861964,100 174.79575800417518,-36.95076700637478,100 174.79575400809136,-36.95077100742018,100 174.79575300362154,-36.950775003773444,100 174.79574800445434,-36.95078100381125,100 174.79574299649113,-36.95078399895912,100 174.79571900283005,-36.9507979971558,100 174.79571400414764,-36.95080000070286,100 174.7956659917535,-36.950808995692256,100 174.79566000594608,-36.95081099974654,100 174.79564900454267,-36.95081299583976,100 174.7956290072161,-36.950820995633066,100 174.79562400742822,-36.95082300009441,100 174.7955879920382,-36.95083499978532,100 174.79556999255536,-36.950844004074696,100 174.7955370033376,-36.9508579976825,100 174.79553000629159,-36.950862993205035,100 174.79551800075328,-36.95086900095518,100 174.7954930036821,-36.95088699634345,100 174.7954760076165,-36.950899995445056,100 174.79547200366463,-36.950905001579265,100 174.7954480013141,-36.95092599955565,100 174.79543699894717,-36.95093800036916,100 174.7954300018661,-36.950942994985134,100 174.79542300463984,-36.95095200140752,100 174.7954110072284,-36.950962996064156,100 174.79540100053785,-36.950967994732714,100 174.7953990025349,-36.950971002030734,100 174.79539500667423,-36.95097300481982,100 174.7953750090038,-36.950983001915844,100 174.79536800300784,-36.950989004346155,100 174.79532399443315,-36.95101499805749,100 174.79527400099568,-36.95103299285089,100 174.79524899498196,-36.95103999213926,100 174.79514199409599,-36.95107499799849,100 174.7951239945025,-36.95108400222279,100 174.7950940074403,-36.951095002975535,100 174.79505999669527,-36.951112993959626,100 174.7950449994298,-36.95111900543761,100 174.7949789963195,-36.95113399920439,100 174.7949689965498,-36.951135993610656,100 174.79496100478764,-36.9511399991607,100 174.79494800555517,-36.9511430042366,100 174.79494500346766,-36.95114399872345,100 174.7949370029392,-36.951144999381455,100 174.79492900241056,-36.95114600003894,100 174.79489399771626,-36.951154995441435,100 174.79482200057143,-36.95116700622134,100 174.7946990056977,-36.95120299167369,100 174.79468899809675,-36.9512059929568,100 174.79467099945626,-36.95120499237282,100 174.79466700300492,-36.951202999565524,100 174.79466399338938,-36.95120300360114,100 174.7946359951763,-36.951191995322866,100 174.79461399222063,-36.951180004997724,100 174.7946049969478,-36.95117800212759,100 174.7945990026465,-36.95117500479558,100 174.79458599459116,-36.951165001117445,100 174.79456200131935,-36.951152996703854,100 174.79454699493542,-36.95114799765044,100 174.7945349984417,-36.95114099631745,100 174.79448900224233,-36.95112499270648,100 174.79448399393306,-36.95112199398457,100 174.7944770058403,-36.95112000492997,100 174.79446600402463,-36.95111399443539,100 174.794432998471,-36.951103998274604,100 174.79441900424808,-36.95109800686766,100 174.79438500314478,-36.95109100192188,100 174.79437599894692,-36.951090005951,100 174.7943429936361,-36.951093994746635,100 174.79432799571563,-36.95109399790055,100 174.79430899259694,-36.951096995405976,100 174.79424099099026,-36.951098996600344,100 174.79422799173312,-36.95110200159795,100 174.79415000079607,-36.95110500726884,100 174.7941460036761,-36.95110499557003,100 174.79413800346668,-36.951103999730655,100 174.7941260073127,-36.95110500483612,100 174.79410899358183,-36.951104003703236,100 174.79409600213998,-36.951106001786364,100 174.7941150044015,-36.95111900287771,100 174.79409999775172,-36.951126005838326,100 174.79403199629505,-36.95114199279826,100 174.79402900321128,-36.95114399390799,100 174.7940269970169,-36.951150005429376,100 174.79402799924287,-36.95115399938544,100 174.7940289939554,-36.951157002896935,100 174.79403700289808,-36.951161003635036,100 174.7941049949467,-36.951171995326405,100 174.79411399920386,-36.95117500397948,100 174.7941179948033,-36.9511749985771,100 174.79414900335775,-36.95117799555848,100 174.7942019978541,-36.95117900181509,100 174.79420899466024,-36.951183994876196,100 174.7942170042471,-36.95119400563884,100 174.79422800510957,-36.951203996429754,100 174.79424699843264,-36.951235999404126,100 174.7942659914504,-36.951249992069435,100 174.79427299758999,-36.951253994427475,100 174.79429399748884,-36.951269998261544,100 174.79430100363172,-36.95127400061783,100 174.7943419921531,-36.951301005870945,100 174.7943440073081,-36.95130399215355,100 174.7943510039771,-36.951323001739354,100 174.79435199952667,-36.95132800257518,100 174.7943500000116,-36.95134099838116,100 174.79434499257724,-36.95135000260784,100 174.79431000450123,-36.95138699459798,100 174.7943039925125,-36.95138999224231,100 174.79425199128704,-36.95143400580917,100 174.79424599805256,-36.951438999605784,100 174.79423400069697,-36.95144799680462,100 174.7942269945464,-36.95145399826966,100 174.79420800845966,-36.95146500108607,100 174.79419499930358,-36.951475005933325,100 174.79414999558097,-36.951513994260566,100 174.79412900348396,-36.951526996779755,100 174.794109999721,-36.95154600723419,100 174.7940640006653,-36.95157799644699,100 174.7940300088784,-36.95159600127447,100 174.79401499258594,-36.951608006733885,100 174.79400600650825,-36.95161300338304,100 174.7939829976731,-36.95163099635373,100 174.79391300548872,-36.95167100484658,100 174.79380499706906,-36.95176600712943,100 174.7937830002146,-36.95178099326769,100 174.79374599768963,-36.95181500059448,100 174.79373600675135,-36.951828005371596,100 174.79372200295498,-36.951840999574344,100 174.7937149964537,-36.9518490001576,100 174.79367900569184,-36.9518719941885,100 174.79361100172775,-36.951903993922265,100 174.79354399315199,-36.951950999189194,100 174.79271300462779,-36.95233699467525,100 174.79267400099678,-36.95239599864336,100 174.79267300700565,-36.95238900042948,100 174.79265500680282,-36.9523980042935,100 174.7926369986981,-36.952406000590805,100 174.79260899830115,-36.95242700339267,100 174.79258299783368,-36.95244100332571,100 174.79257799863325,-36.95244500499158,100 174.79257200331006,-36.952448001396434,100 174.79250299551992,-36.95250199271185,100 174.7924689928781,-36.95252100494575,100 174.79244700451596,-36.95253699659258,100 174.79239699903144,-36.95258799154953,100 174.792364995422,-36.95261400211863,100 174.79232899402066,-36.95265200299775,100 174.7923200055702,-36.95266299338003,100 174.79227600385468,-36.95270800386876,100 174.7922459959156,-36.95274700394272,100 174.79223599639698,-36.952761000185035,100 174.79222399790712,-36.952773992782674,100 174.79220000281254,-36.95280600061148,100 174.79218700120936,-36.95282899865502,100 174.7921650046388,-36.95285600278506,100 174.79216199390783,-36.95286199969653,100 174.7921049984548,-36.952918997435724,100 174.79200000527658,-36.95300299695913,100 174.79198499775853,-36.95302000259445,100 174.79194400527984,-36.95305700341503,100 174.7919429927378,-36.95305999397847,100 174.79193999918058,-36.95306600594774,100 174.7919359938441,-36.95307499314625,100 174.79193100152585,-36.95309999469411,100 174.79193199545824,-36.9531090055777,100 174.79195099657622,-36.953135992915044,100 174.7919649997278,-36.95315299598356,100 174.79198099204612,-36.953162005802405,100 174.79199800490554,-36.953179004897,100 174.79202199747422,-36.95320299657794,100 174.7920459982439,-36.95322599576923,100 174.79205699207225,-36.953241004550456,100 174.79206199897283,-36.953246001636025,100 174.7920700077954,-36.95326000723291,100 174.79207399496408,-36.95326500438877,100 174.79208499700778,-36.95327499625857,100 174.7921150011183,-36.95329600661656,100 174.79212700671656,-36.95330200127127,100 174.79214299862977,-36.95330500192834,100 174.7921560077747,-36.95330699936894,100 174.79222199560937,-36.95330600768812,100 174.79224600702835,-36.95330799134327,100 174.7922849984831,-36.953307992150044,100 174.79230500623677,-36.95330499421632,100 174.7923519984626,-36.95330399361292,100 174.79245600211877,-36.95329999785989,100 174.79251100392594,-36.953306995409,100 174.7925519944832,-36.95331600534815,100 174.79256799583095,-36.95332199460444,100 174.79258100467862,-36.953328002906346,100 174.79262500377925,-36.95335099473809,100 174.79264100451155,-36.95336299313837,100 174.79268799590642,-36.953394003029494,100 174.79269900702675,-36.95340500058444,100 174.79270400646053,-36.95340900629564,100 174.79272500627295,-36.9534249941766,100 174.79274000484233,-36.95343299859595,100 174.79276299487557,-36.95344099319457,100 174.79277200687494,-36.95344499328835,100 174.79277799232926,-36.95344899762586,100 174.79279699594912,-36.953456005077086,100 174.79279900248343,-36.953458000957255,100 174.79281700113614,-36.95347100298262,100 174.79281999288352,-36.95348699780988,100 174.7928200016972,-36.95349599562025,100 174.79281699934168,-36.95350699478361,100 174.79281600447374,-36.953513995089104,100 174.79281299396186,-36.95352799939839,100 174.79281000009806,-36.95353399607068,100 174.79280899675646,-36.953545999768004,100 174.792808002226,-36.953551002728574,100 174.79280200727248,-36.953557993819345,100 174.79279199898815,-36.95356500585944,100 174.79270499858552,-36.95361299487568,100 174.7926409997232,-36.95362999860493,100 174.79259499120346,-36.953639003574,100 174.79258799405522,-36.953642001587866,100 174.79256299638146,-36.953654002556775,100 174.79255200235534,-36.953657005038025,100 174.79252499698066,-36.95366499656868,100 174.7924739978215,-36.953678996287536,100 174.79245600660929,-36.95368499586602,100 174.7924250054804,-36.95369299272436,100 174.79240900383354,-36.95369499461632,100 174.79239400581665,-36.953698992212736,100 174.79231499890338,-36.95371099556975,100 174.79223699607545,-36.95373100462159,100 174.79222700485585,-36.95373199188974,100 174.79220800176284,-36.953738999067845,100 174.79213699512516,-36.95376799772178,100 174.79212900258113,-36.953774000436034,100 174.79210599299537,-36.95378999481955,100 174.79208200644723,-36.95381500279198,100 174.79205099643482,-36.95383800677649,100 174.79203899808851,-36.95384900111225,100 174.79202399837882,-36.95387099457601,100 174.79201399728657,-36.953894994647726,100 174.79200900661732,-36.953902001184495,100 174.79200700802656,-36.95390499221149,100 174.7919750029851,-36.953934995576816,100 174.79196500252823,-36.95394699537176,100 174.79196199286457,-36.95395299226172,100 174.79195299674618,-36.95396500573792,100 174.7919209988277,-36.95399799868194,100 174.79190899329063,-36.95400600431414,100 174.79187999716333,-36.95403199459694,100 174.79187400244604,-36.95403900096071,100 174.79187100100185,-36.95404400716635,100 174.791860992968,-36.954053001142654,100 174.79185499798157,-36.95406799957299,100 174.79185299847765,-36.95409299740279,100 174.79185299742693,-36.9541010039033,100 174.79184499303412,-36.95416200032169,100 174.79184400635546,-36.95417400285872,100 174.79183600280248,-36.954206999551346,100 174.7918329919754,-36.95421299555428,100 174.79182099467928,-36.95422600341627,100 174.79179000027895,-36.954263007405,100 174.7917829937527,-36.95427500255615,100 174.7917800084046,-36.95428400319619,100 174.79176400489447,-36.95430400001703,100 174.79175699801647,-36.95431799341313,100 174.79174999969064,-36.954328996979285,100 174.7917049919901,-36.95437800360291,100 174.79169900520463,-36.95439800336299,100 174.79169299332167,-36.954413002040056,100 174.791686996843,-36.95443800430857,100 174.79166999872558,-36.95446899789161,100 174.79166100008808,-36.95450899487163,100 174.79165999417816,-36.95455099655097,100 174.79165899849272,-36.95456400600392,100 174.79165399671308,-36.95459599205933,100 174.79164799301878,-36.954609999151096,100 174.79160399629237,-36.9546700001837,100 174.79158300144277,-36.954690992563116,100 174.7915429946194,-36.95471800339167,100 174.79151400821246,-36.9547450002219,100 174.7914429996617,-36.95478599966261,100 174.7914409924218,-36.954788000252755,100 174.79143099282956,-36.95479400526705,100 174.79141200553482,-36.95481100058355,100 174.79139300099604,-36.954824000576394,100 174.79137499150434,-36.954835994091816,100 174.79136399763672,-36.95484500470578,100 174.79136399726178,-36.95484700205121,100 174.79135499195945,-36.95485599527583,100 174.79133399561448,-36.954900993567556,100 174.79133299987134,-36.954914003018644,100 174.79133599173326,-36.95492799963998,100 174.79134499529516,-36.95495100173492,100 174.79136000083116,-36.95497199974426,100 174.79136999829672,-36.95499399357728,100 174.79138099978744,-36.95500999466066,100 174.79138500422258,-36.95501299423753,100 174.7914000019054,-36.955034998240315,100 174.7914070064377,-36.955051002852066,100 174.79141799966428,-36.95506200079256,100 174.7914290008023,-36.9550799992161,100 174.7914649982344,-36.95512799603619,100 174.79147000632764,-36.95513299222501,100 174.7914729985469,-36.955138997675355,100 174.7914779976641,-36.95514500078103,100 174.79149700742275,-36.95518499509176,100 174.7915019965373,-36.95520600543433,100 174.79150199308506,-36.95525599576054,100 174.79149799512464,-36.955275993436885,100 174.79149600659755,-36.955282004648645,100 174.7914870063478,-36.955329992798085,100 174.79148199759544,-36.95534500516795,100 174.79148199764643,-36.95535099898861,100 174.79147199589494,-36.95538500374785,100 174.79147200415872,-36.95539000598537,100 174.79146999583983,-36.95540399243242,100 174.79147099846608,-36.955422002931144,100 174.79147699193672,-36.9554389998329,100 174.7914789960422,-36.955473006382476,100 174.79148699499265,-36.95550000568445,100 174.79149299642077,-36.9555299959879,100 174.7914929937011,-36.955578004283694,100 174.79149199758157,-36.95558299193443,100 174.79147399518175,-36.95562199360683,100 174.79146800032888,-36.95562900085365,100 174.79146200473187,-36.95564000279041,100 174.79145799958786,-36.95564699262908,100 174.79142199670977,-36.9556829950187,100 174.79141299993248,-36.95569499224018,100 174.791408994742,-36.955698001820124,100 174.79140400387723,-36.95570299386977,100 174.79139199687967,-36.95571099857204,100 174.79137600303818,-36.95571800257351,100 174.79136999955202,-36.95571999226114,100 174.79127000560632,-36.9557379972045,100 174.79123599448505,-36.95574799595878,100 174.79122400505568,-36.95574999213665,100 174.791161992991,-36.95576699214846,100 174.7911429971541,-36.95577500583303,100 174.79112600861131,-36.955784999186804,100 174.79110799809268,-36.95579499443765,100 174.79110099168554,-36.95579899838587,100 174.79107399439707,-36.95582199655875,100 174.7910490021406,-36.95585100156009,100 174.79104699524282,-36.95585699771899,100 174.7910409909697,-36.955864995644625,100 174.79103499569328,-36.955879994037275,100 174.7910320015876,-36.955907996555815,100 174.79103299550934,-36.95591499568329,100 174.79103199971138,-36.95592599156798,100 174.7910330033786,-36.95593000265102,100 174.79103400589878,-36.955940005769975,100 174.79103499980013,-36.95594700399638,100 174.7910369973665,-36.955964006225706,100 174.79104399257298,-36.955986995376314,100 174.79107100343205,-36.956028002903956,100 174.79107499856934,-36.95603199408977,100 174.7910849983486,-36.95604200206804,100 174.79109400235964,-36.95604699386484,100 174.79112699205083,-36.95605499202466,100 174.79113999304298,-36.956055999135934,100 174.79115100395356,-36.95605499476804,100 174.79115999970486,-36.95605699698445,100 174.7911829911131,-36.95605500335814,100 174.79119000728676,-36.95605400428011,100 174.7912440004939,-36.95603800404169,100 174.79125099870188,-36.95603700523115,100 174.79125800474569,-36.956034998618975,100 174.79129799375852,-36.956027999401684,100 174.79132399496103,-36.95603199381138,100 174.79133600169357,-36.95603600740671,100 174.79133700418666,-36.95603800223732,100 174.79135000447255,-36.95604899783597,100 174.7913529970953,-36.9560530059427,100 174.79136199932728,-36.95607599272832,100 174.79136800214513,-36.95608600511391,100 174.79138500487917,-36.95613600740453,100 174.79138599809102,-36.95614700121786,100 174.79139400679165,-36.956168998014086,100 174.7913989955735,-36.95618999213854,100 174.7914059923931,-36.9562129965637,100 174.79142800260053,-36.9562659977062,100 174.79143700601378,-36.95629099803019,100 174.79144699543352,-36.9563100031731,100 174.79145299754245,-36.956316005563224,100 174.79145299717143,-36.956318002908134,100 174.79145799711986,-36.95632600333944,100 174.79146099698661,-36.95634700043504,100 174.79145800223392,-36.956364999148846,100 174.79145299340738,-36.95637799795393,100 174.79144599488185,-36.95638900240575,100 174.79144199554662,-36.95643899804323,100 174.7914270023048,-36.95646599279325,100 174.79142300681264,-36.956472006348264,100 174.79142000374682,-36.956476996342694,100 174.79141999516972,-36.95648199883356,100 174.79142200069512,-36.95649799415219,100 174.79142899755362,-36.956520998573914,100 174.7914320066903,-36.956527004669454,100 174.7914430080356,-36.95654500218073,100 174.79144700469251,-36.95654699508967,100 174.79146699362727,-36.95656400701785,100 174.79147099855285,-36.956571002162505,100 174.79150200576493,-36.95661200515656,100 174.79151899241788,-36.95663600439915,100 174.79153400696967,-36.9566600063613,100 174.79154699770152,-36.95667600444113,100 174.79156399444096,-36.95669300382417,100 174.79156699570916,-36.956698002351835,100 174.791610994784,-36.95674100307231,100 174.79163500595013,-36.95676099894667,100 174.79164399252477,-36.95677199920413,100 174.7917039944427,-36.95681699455574,100 174.79171299787467,-36.956827994553244,100 174.791725998711,-36.95683900542141,100 174.79174700801983,-36.95686600481849,100 174.7917609945674,-36.9568769990023,100 174.79176600203834,-36.956879997846066,100 174.79177600088036,-36.956887992213666,100 174.7918620049892,-36.95694500537445,100 174.79186799850706,-36.95694800194863,100 174.7918840002603,-36.95695800308268,100 174.79189599779508,-36.95696300641377,100 174.79190299571854,-36.95696400490729,100 174.79193199834805,-36.95698300331777,100 174.79193700545375,-36.95698799859725,100 174.79194999780677,-36.95700199926709,100 174.79197500155016,-36.95704900274854,100 174.79169199841428,-36.95693100591096,100 174.79166599313908,-36.95697099186387,100 174.7915349930127,-36.9571719925938,100 174.7912709948239,-36.957045007431944,100 174.79120700165834,-36.95703899586316,100 174.79100400520767,-36.957020991964335,100 174.7908930036224,-36.95707699855867,100 174.790811007387,-36.95711799575055,100 174.79063600164739,-36.95720700256679,100 174.7904570080384,-36.95697999302583,100 174.79036100254737,-36.956857994413795,100 174.79004699904775,-36.95687099936222,100 174.79004899928356,-36.956837995071176,100 174.7899639965735,-36.95683299996064,100 174.78961700820727,-36.95761100357946,100 174.7898073767954,-36.95766912989133,100 174.78973250578576,-36.95782648201311,100 174.78976756380274,-36.95783683156422,100 174.7897367755212,-36.95790063826617,100 174.78984808358854,-36.95793468234147,100 174.78982800222255,-36.95797700134792,100 174.78978000226434,-36.95807699263222,100 174.78980100480786,-36.95808299157022,100 174.78981099472912,-36.958086001000865,100 174.78980100184808,-36.95810699664044,100 174.7897919976691,-36.95810200475142,100 174.7897680064313,-36.958152999377,100 174.78970900103403,-36.958276992135076,100 174.78969400751012,-36.958307997576384,100 174.78963499331917,-36.95843100077375,100 174.78959200318184,-36.95852000589868,100 174.78955899618134,-36.95859100433476,100 174.78949900362917,-36.95871699568877,100 174.7894819942696,-36.95875300681263,100 174.7894699938241,-36.95877600298671,100 174.78946700022962,-36.95878399781171,100 174.78945200651538,-36.95881500322519,100 174.78940200671846,-36.95891999892175,100 174.78937499522857,-36.95897599989448,100 174.7893139990984,-36.95910400542395,100 174.78929800157218,-36.959136995346526,100 174.7892120001879,-36.95931700389426,100 174.78958100097464,-36.95942999666065,100 174.78962399140661,-36.95944399330049,100 174.78961199199125,-36.95946900303454,100 174.7894700035452,-36.95976999626471,100 174.78946100472425,-36.95978999985127,100 174.78938700332523,-36.95994699612364,100 174.78930699753758,-36.96011600199283,100 174.78928599823178,-36.96016299730025,100 174.78913499191373,-36.96048199664827,100 174.78896299363998,-36.960848996822186,100 174.78880999359998,-36.961174007000906,100 174.78863099214902,-36.96155399307444,100 174.78855102032946,-36.96172377215855,100 174.78860019259918,-36.96173862600673,100 174.7885135122004,-36.96192330591913,100 174.788479487457,-36.96199583901655,100 174.78842965859417,-36.961994453613286,100 174.78824483512724,-36.9619892748311,100 174.78821517462768,-36.96198032172104,100 174.788131178446,-36.96195492761523,100 174.78807115899,-36.96193678578896,100 174.78793284676047,-36.961894966427764,100 174.787850992919,-36.96206700598487,100 174.78766300518825,-36.962008992249636,100 174.7874729941907,-36.96195099696186,100 174.78742999809995,-36.96204199873611,100 174.78749299588173,-36.96215600074668,100 174.78742999369163,-36.962288994615534,100 174.78728829659454,-36.962339871890556,100 174.78718248120157,-36.9625622232685,100 174.78742200226662,-36.96263599661137,100 174.78756600085603,-36.96270099955427,100 174.78751299207732,-36.96283099297582,100 174.7874880012905,-36.96289100102936,100 174.78745200419192,-36.962976993295996,100 174.78742200295613,-36.963051998235386,100 174.78742100776768,-36.963053005580704,100 174.78739300567744,-36.963120993330485,100 174.7873339995162,-36.963264002892885,100 174.7873649925802,-36.963421000578975,100 174.78742399677606,-36.96372600411907,100 174.78736899984438,-36.96382999801301,100 174.78733899986247,-36.9638849943734,100 174.78749500750752,-36.96397000714108,100 174.78744399685507,-36.964078998378625,100 174.78737900407464,-36.96421800337396,100 174.78731400212976,-36.96435600169049,100 174.78724800439198,-36.96449499200167,100 174.78723300828986,-36.964527995406485,100 174.7871829929628,-36.96463399716981,100 174.78712700703662,-36.9647540043725,100 174.78711799927137,-36.964773002035066,100 174.7870529964186,-36.964911000221484,100 174.78697800710972,-36.96506900221602,100 174.78695100028722,-36.96512800667876,100 174.7869159969415,-36.96520300205892,100 174.7867209933822,-36.96561800198122,100 174.78668499553694,-36.96569400642465,100 174.78664199663967,-36.96578299257448,100 174.78656400254283,-36.9659499978097,100 174.786548998056,-36.96598199357148,100 174.78646200374052,-36.966167003884465,100 174.78621400426485,-36.96604199880128,100 174.78612899983858,-36.96616199334603,100 174.78609600781385,-36.966209001800465,100 174.78595599678934,-36.9664079931813,100 174.7859670082181,-36.96647400013691,100 174.7859919970671,-36.96662699464076,100 174.78601800676282,-36.96677800527907,100 174.78602399565432,-36.966825001323095,100 174.78603599755988,-36.966928003598895,100 174.78604200332094,-36.96697499938684,100 174.78605500006037,-36.9670789925682,100 174.7860610061857,-36.967126002769554,100 174.78607399442052,-36.967229004615625,100 174.7858489915033,-36.96724699241466,100 174.78588699623515,-36.96755099658191,100 174.78573000093562,-36.96756399870697,100 174.78572200759848,-36.96756399187333,100 174.78571400459936,-36.96756299462762,100 174.7857049996603,-36.96756199803337,100 174.78569799190856,-36.96755999255319,100 174.78569000738565,-36.96755699769027,100 174.7856829921979,-36.96755400086285,100 174.7856769974265,-36.96754900576766,100 174.78567099435128,-36.967545001353976,100 174.78566599482855,-36.9675389980251,100 174.7856620072865,-36.96753400067408,100 174.78565900643275,-36.967527003760466,100 174.7856559961519,-36.96752099754548,100 174.78565499349804,-36.96751500619481,100 174.7853740029259,-36.96751699677802,100 174.785197998912,-36.96612600406959,100 174.78332100050633,-36.96662400398536,100 174.78325100556373,-36.965986003592604,100 174.78316299453303,-36.96600900625809,100 174.78295299514414,-36.96522199413734,100 174.78271600240438,-36.964336005738524,100 174.78247900637743,-36.96344899643031,100 174.78238200583561,-36.963084006887215,100 174.78232199556462,-36.9628619954223,100 174.782242993634,-36.96256300642482,100 174.78200600026585,-36.96167700074383,100 174.78176899487536,-36.96079099638897,100 174.7815320037255,-36.959903999703364,100 174.78141300414345,-36.95946099674628,100 174.78163400807256,-36.959422997844534,100 174.78151600434202,-36.958979002971404,100 174.78344900255226,-36.95864699769503,100 174.78340045663936,-36.95847041973867,100 174.7811855416073,-36.958850369852264,100 174.78013896072702,-36.959637899892485,100 174.77979835000917,-36.959761738144955,100 174.77900973827175,-36.95989157275287,100 174.77599880171553,-36.95987576220798,100 174.77576551392087,-36.95944492743869,100 174.77538351811444,-36.95917259487758,100 174.77467850992562,-36.95876070755648,100 174.77395762200956,-36.95827105767024,100 174.773614136372,-36.957875475613044,100 174.77324718522138,-36.95764747284118,100 174.77271535087078,-36.95748907840982,100 174.77235411534897,-36.957483892395935,100 174.7718597618534,-36.95770381531697,100 174.77105256220844,-36.957639129657615,100 174.77097382856581,-36.95781875568607,100 174.77006612504704,-36.95816809555138,100 174.76978447878352,-36.95801669743591,100 174.7695929760619,-36.958131311683736,100 174.76945384668318,-36.95812246957676,100 174.7693198657429,-36.95831415579832,100 174.76893486136956,-36.9584653932449,100 174.7684943103862,-36.95861754440875,100 174.76839455992868,-36.95851888191442,100 174.76809874397708,-36.95835656214876,100 174.76803238980767,-36.95793411400819,100 174.76816865160814,-36.95783156374316,100 174.76815248677858,-36.95774265943177,100 174.76831595073602,-36.95761735897603,100 174.7685261067894,-36.957145769578354,100 174.7688813551479,-36.95691700287601,100 174.76876715041158,-36.956796277866495,100 174.76899916823632,-36.95663641206578,100 174.76877020501567,-36.95637268682319,100 174.76827719848848,-36.956102159597854,100 174.76787146274663,-36.95598625259555,100 174.7666639134278,-36.95547112325509,100 174.76635180796316,-36.95521433675005,100 174.76589533435236,-36.954742571963905,100 174.76574810055402,-36.954416201014574,100 174.76543696002443,-36.953652243408605,100 174.76511704370722,-36.95308907399931,100 174.76460591925067,-36.95265165402283,100 174.7639041580056,-36.9523622426137,100 174.7628258863572,-36.952012158784854,100 174.76090875380234,-36.9514417732606,100 174.76078323885477,-36.95142153156061,100 174.76045432268918,-36.95104797556508,100 174.76004465394757,-36.95077604755838,100 174.75720602628672,-36.949462794721846,100 174.75684766266284,-36.949568986254725,100 174.75633320289944,-36.94954397624964,100 174.75624015970095,-36.94929434068194,100 174.75630004511325,-36.94927184895288,100 174.75632527316594,-36.94926191170519,100 174.75634942774752,-36.949251295405865,100 174.75636468202876,-36.94924368962772,100 174.75637198315525,-36.94923965180664,100 174.75638584726394,-36.94923117066791,100 174.75639860392127,-36.94922194879249,100 174.75640449951106,-36.94921705116179,100 174.75641452741664,-36.949207346882005,100 174.756418331017,-36.94920113631406,100 174.75642169526301,-36.949194669958366,100 174.75642742101448,-36.94918105715462,100 174.75643217873863,-36.94916680881162,100 174.75644060647605,-36.94913764861283,100 174.7564451888492,-36.94912329560499,100 174.75645064917728,-36.949109470407215,100 174.7564538537719,-36.94910284958078,100 174.75645742819952,-36.949096489175666,100 174.75646450793755,-36.94908643102156,100 174.75646997205416,-36.94908093678,100 174.75648204192242,-36.94907056414092,100 174.75649551696648,-36.949061035989864,100 174.7565026861218,-36.94905658279663,100 174.75651780269033,-36.94904831295219,100 174.75652569700938,-36.94904448266512,100 174.756542037928,-36.9490374475547,100 174.75655893611398,-36.94903125505454,100 174.75656751320565,-36.94902845119467,100 174.75658355258656,-36.94902383611023,100 174.75659246675374,-36.94902201782532,100 174.7566107992685,-36.949019161557956,100 174.7566564044947,-36.94901335098301,100 174.7566732034333,-36.94901002527009,100 174.75668101902744,-36.94900785278614,100 174.75668597528642,-36.949006161559026,100 174.7566924563815,-36.949002554971685,100 174.7566984067137,-36.948998477630184,100 174.75670389729277,-36.94899398977449,100 174.75670892774613,-36.94898907518619,100 174.75671354968856,-36.94898378087221,100 174.75671776527753,-36.94897815186728,100 174.75672162729683,-36.948972188291734,100 174.756725151815,-36.94896590523049,100 174.75673129853595,-36.94895253314834,100 174.75673643532983,-36.948938216992445,100 174.7567427070359,-36.948915472811294,100 174.75675455744292,-36.94885971320654,100 174.75676101529714,-36.948833388882484,100 174.75678827985638,-36.948772296941954,100 174.75681108255637,-36.94872278463732,100 174.75682089103464,-36.948707835113595,100 174.7568465895445,-36.948670137876654,100 174.75685576814234,-36.948655585243834,100 174.75686343950474,-36.94864166060976,100 174.75686650604655,-36.94863504542057,100 174.75686897427255,-36.94862868514896,100 174.75687075742627,-36.948622616230736,100 174.75687178735973,-36.948616854095704,100 174.75687197756486,-36.948611445991986,100 174.75687127974393,-36.94860644040491,100 174.7568696062918,-36.94860183682817,100 174.75686594899116,-36.94859813419684,100 174.75686131601339,-36.94859488044563,100 174.75685577779825,-36.9485920132415,100 174.7568493833681,-36.948589515634865,100 174.7568422364429,-36.94858735634681,100 174.7568343872347,-36.948585472442254,100 174.75682593825798,-36.94858382905478,100 174.7568169240239,-36.94858241305492,100 174.75679754375736,-36.94858008236782,100 174.75673404169794,-36.94857460183487,100 174.75670671811136,-36.94857147201496,100 174.75668139163164,-36.94856391143332,100 174.75661449071006,-36.94854241217672,100 174.75658912368505,-36.948535285715835,100 174.7565693907414,-36.94853065370019,100 174.75654980871002,-36.9485299519609,100 174.75650029016236,-36.94853018976733,100 174.75648159155963,-36.94852952091439,100 174.7564727666604,-36.94852872040096,100 174.7564643292125,-36.94852748061382,100 174.75645637985798,-36.94852578293881,100 174.75644897114248,-36.94852351934007,100 174.7564421686432,-36.94852061133297,100 174.75643665553406,-36.9485174183566,100 174.75643160281084,-36.94851256101883,100 174.75642717384687,-36.948507089658754,100 174.75642328290456,-36.94850103619017,100 174.75641983066114,-36.94849452556509,100 174.7564139560926,-36.94848048319087,100 174.75640368476974,-36.9484506847777,100 174.7563961236076,-36.94843087809709,100 174.75639028488425,-36.948416880257774,100 174.75638693133413,-36.94841016807571,100 174.75638320473632,-36.9484037399241,100 174.7563789157162,-36.94839766259908,100 174.75637536787036,-36.94839349234407,100 174.75636978646756,-36.94838830302241,100 174.7563635602057,-36.948383542359934,100 174.75635675494635,-36.94837919315822,100 174.75634945686664,-36.948375193752995,100 174.7563417183361,-36.94837152624414,100 174.7563336064269,-36.94836812834875,100 174.75631655035193,-36.94836201185408,100 174.75629887052114,-36.94835650937829,100 174.75628510323645,-36.94835247587782,100 174.7562757900022,-36.94835016563124,100 174.75625650464465,-36.948346145255414,100 174.7562177631098,-36.948338881265556,100 174.75619975318213,-36.94833470140565,100 174.7561913879265,-36.94833225184424,100 174.75618360267873,-36.9483294836443,100 174.75617643116388,-36.948326349437735,100 174.7561700264813,-36.948322767642765,100 174.75616443960905,-36.94831870866279,100 174.75616062772002,-36.94831506958631,100 174.75615759798234,-36.94830949820087,100 174.75615543730157,-36.948303431747426,100 174.756154009045,-36.948296935340345,100 174.75615322894933,-36.94829005619404,100 174.75615309852057,-36.94827537722261,100 174.75615512498763,-36.94824420080743,100 174.7561553759018,-36.94822886543312,100 174.7561542203832,-36.94821404839825,100 174.7561524795415,-36.94819931843736,100 174.75614960456616,-36.948184885566874,100 174.7561475759841,-36.94817787166151,100 174.75614508399792,-36.94817102144257,100 174.75614204320138,-36.94816438123998,100 174.75613744991853,-36.94815649582694,100 174.75613288619857,-36.948150484747664,100 174.7561277220081,-36.948144683547355,100 174.7561221123757,-36.94813904576752,100 174.756101537118,-36.94812031937907,100 174.75609767378725,-36.948097663850035,100 174.7560895367266,-36.94804426039046,100 174.75608548618723,-36.94802171669098,100 174.75608229167995,-36.94800696316361,100 174.75607860292655,-36.94799249726103,100 174.7560718250062,-36.94797148470627,100 174.75606627682083,-36.94795805579889,100 174.75606320521715,-36.947951540433436,100 174.75605624205343,-36.94793889317931,100 174.75605235046737,-36.9479328090616,100 174.75604368321038,-36.94792116585911,100 174.75603888845527,-36.947915607056544,100 174.75602609093082,-36.94790279282215,100 174.75602012731423,-36.94789748565373,100 174.75600736248973,-36.94788731814678,100 174.75600059647562,-36.94788247441294,100 174.755986353182,-36.94787330671689,100 174.7559712798336,-36.94786486515123,100 174.75596348257,-36.94786093529624,100 174.7559474012452,-36.9478536875786,100 174.7559308227648,-36.94784728545088,100 174.75591383456157,-36.94784177088367,100 174.75590669091696,-36.94783975029458,100 174.75589640647854,-36.94783798256198,100 174.75587485580508,-36.94783536294694,100 174.75585277673633,-36.947833695739,100 174.7558011446006,-36.94783107123017,100 174.75578425965625,-36.94782961381705,100 174.75577709007774,-36.947828615714606,100 174.75577090113836,-36.94782738498683,100 174.7557658108261,-36.94782582705177,100 174.75576195755193,-36.94782395428396,100 174.75576083078292,-36.947823153438875,100 174.7557600961858,-36.9478201132923,100 174.75576064995593,-36.94781674403415,100 174.75576242537826,-36.947813074592304,100 174.75576528256175,-36.947809125963516,100 174.75576918846932,-36.9478049265776,100 174.75577400620543,-36.94780048116295,100 174.75578611390395,-36.947790929148255,100 174.75580908580142,-36.94777528299,100 174.75588186769016,-36.94772941307341,100 174.7559362713677,-36.9476927642601,100 174.75595024918096,-36.947682593295596,100 174.7559634056585,-36.947672109997654,100 174.75597535927253,-36.947661228974944,100 174.75598083843428,-36.94765561014908,100 174.7559858642678,-36.94764986012408,100 174.75599048801973,-36.947643961016716,100 174.7559945896133,-36.94763791640572,100 174.75599816867629,-36.94763171007265,100 174.75600118856158,-36.947625311012956,100 174.75600587608798,-36.947613728060794,100 174.75600867879928,-36.94760559804947,100 174.7560109274331,-36.94759739962006,100 174.7560125193202,-36.947589258674995,100 174.75601340855712,-36.94758137689039,100 174.75601349471987,-36.94757388013549,100 174.75601271288843,-36.94756692439967,100 174.75601096184718,-36.947560649985185,100 174.75600817702772,-36.94755522819883,100 174.75600606805662,-36.94755253736806,100 174.75600153922915,-36.94754926671851,100 174.75599578975928,-36.94754697584453,100 174.75598895671826,-36.94754556988137,100 174.75598117238212,-36.94754489184323,100 174.7559725584105,-36.94754490928524,100 174.7559632500072,-36.94754549492228,100 174.7559533648283,-36.94754653975547,100 174.75593237424516,-36.94754957854305,100 174.75589044773236,-36.947556520577955,100 174.75582895258452,-36.947564605566235,100 174.75580892643382,-36.947566853120286,100 174.7557992948814,-36.94756764632338,100 174.75578102926184,-36.94756836441375,100 174.7557725487125,-36.94756817706829,100 174.75576455889293,-36.94756754892408,100 174.7557571271854,-36.94756643121408,100 174.75575035579357,-36.94756477555769,100 174.75574422800827,-36.94756253893815,100 174.75574054760753,-36.94756066271154,100 174.7557367114452,-36.9475567463689,100 174.7557336561624,-36.94755221188142,100 174.75573131107683,-36.9475470620971,100 174.7557296095094,-36.94754137641796,100 174.75572848397437,-36.947535199106014,100 174.75572786602888,-36.947528581648065,100 174.75572768785622,-36.947521553889636,100 174.7557283587448,-36.94750645836661,100 174.75573370047763,-36.94745659787677,100 174.75573475749977,-36.94743968496498,100 174.75573465108127,-36.94742595023165,100 174.75573143118376,-36.94741155399556,100 174.75572746924607,-36.94739721740482,100 174.75572276661305,-36.94738299902611,100 174.75571732402398,-36.947368979968296,100 174.75571107522543,-36.94735516030972,100 174.75570407242495,-36.947341661859426,100 174.75569623069856,-36.94732850299844,100 174.75568762070225,-36.94731572864971,100 174.75567817494516,-36.94730343174702,100 174.7556678604942,-36.94729164522516,100 174.75565382598995,-36.94727644989253,100 174.75564229994495,-36.947265303204425,100 174.75562993849135,-36.94725464927898,100 174.75561682951675,-36.94724454990958,100 174.75560302576235,-36.94723500341475,100 174.75558863125124,-36.947226040704,100 174.75557371624586,-36.947217689580846,100 174.75556607398684,-36.947213757406296,100 174.7555564251417,-36.94720909868439,100 174.75554810997127,-36.947205889412956,100 174.75553089065062,-36.947200132142115,100 174.75550394537024,-36.947192814261385,100 174.75545897285332,-36.947181967415816,100 174.75544190476748,-36.94717736791074,100 174.75543371181757,-36.94717488419942,100 174.75541829688186,-36.94716936071781,100 174.755411127265,-36.94716630304803,100 174.75540162909266,-36.947161456410996,100 174.75539622249053,-36.94715697741032,100 174.75539124156717,-36.94715225686771,100 174.75538672127354,-36.947147251903864,100 174.7553825746885,-36.94714199174528,100 174.7553788373775,-36.94713650921546,100 174.75537547414723,-36.947130787709476,100 174.75537246965354,-36.9471248436782,100 174.75536749863974,-36.947112334573184,100 174.75536382248407,-36.94709904559846,100 174.75536128874984,-36.94708508716788,100 174.7553597948139,-36.9470705383134,100 174.7553592384934,-36.94705544831649,100 174.75535948419056,-36.94703992734192,100 174.75536112528732,-36.94701601956691,100 174.75536289106017,-36.94699974603823,100 174.75536622693542,-36.946975113771295,100 174.75537712993247,-36.94690588164742,100 174.75537235209137,-36.94686078561061,100 174.7553702563223,-36.946830729212955,100 174.75536979254883,-36.94681585506837,100 174.755369918329,-36.946801078564334,100 174.7553713357504,-36.94677926608853,100 174.75537324011836,-36.946765019409774,100 174.75537451452732,-36.94675796656747,100 174.75537779492524,-36.94674412857797,100 174.7553798364853,-36.94673732758218,100 174.75538472155634,-36.94672397692248,100 174.75538758258836,-36.94671745674347,100 174.75539191364317,-36.9467088841271,100 174.75539926795594,-36.9466960647976,100 174.75540336386246,-36.946689772423824,100 174.75541237329983,-36.94667743697328,100 174.75542236042352,-36.94666542596741,100 174.7554332563567,-36.94665377197099,100 174.755444921547,-36.94664246172455,100 174.75545727027895,-36.94663152804189,100 174.75547020000434,-36.94662095531374,100 174.75548360524155,-36.94661074690225,100 174.75550876058924,-36.9465932225886,100 174.75553001610336,-36.94658016074738,100 174.75554475207264,-36.946571959749264,100 174.75555982515124,-36.94656406202032,100 174.75560590764235,-36.94654099239789,100 174.75562875252646,-36.94652922027858,100 174.7556509056419,-36.9465167625557,100 174.75566215821476,-36.946509640573254,100 174.75568938809772,-36.946490719124085,100 174.75571557295723,-36.94647083968345,100 174.75574069736092,-36.946450063770854,100 174.75575286344449,-36.94643939504678,100 174.755769799832,-36.946423832744856,100 174.75579915936626,-36.9464016097417,100 174.7558131410161,-36.946390245372704,100 174.7558257698447,-36.946378749585094,100 174.75583140026748,-36.946372972598425,100 174.7558364594256,-36.946367160796015,100 174.75584087906373,-36.946361373774,100 174.75584457170902,-36.946355567759454,100 174.75584745127466,-36.94634975934828,100 174.75584946651512,-36.94634396642369,100 174.75585019172337,-36.946340532437134,100 174.75585033580467,-36.946334628380264,100 174.7558495449065,-36.946328694887036,100 174.755847871749,-36.946322729375055,100 174.75584534994206,-36.94631677731521,100 174.7558420678181,-36.94631082207841,100 174.7558380422159,-36.94630486341555,100 174.75583335882408,-36.946298916283304,100 174.75582807108657,-36.94629300963519,100 174.75581589139546,-36.94628131560408,100 174.75580190004942,-36.946269852065036,100 174.75578658490466,-36.946258689317276,100 174.7557703630532,-36.94624789690405,100 174.75574177804532,-36.946230478652154,100 174.7557213132696,-36.94621678269173,100 174.7556996816648,-36.94620415944319,100 174.75568469183554,-36.946196258300674,100 174.75566931282754,-36.94618872074035,100 174.75563771229267,-36.946174463863635,100 174.75561347980462,-36.94616432978282,100 174.75547677620736,-36.94610908138745,100 174.755440269145,-36.946093682008616,100 174.75538735871785,-36.94606177838569,100 174.75537218893103,-36.946053617575735,100 174.7553567747941,-36.946046699708994,100 174.75534893562252,-36.94604387005559,100 174.75534100608957,-36.94604150682532,100 174.7553282088547,-36.946038912714656,100 174.75531986301593,-36.94603856921527,100 174.7553114098611,-36.946038785226904,100 174.755302866276,-36.946039513630545,100 174.755294212521,-36.94604067720345,100 174.75527670656038,-36.94604404561663,100 174.75525896557002,-36.94604837832267,100 174.75522320767556,-36.94605774363482,100 174.75518280990366,-36.946066921551704,100 174.75516402462827,-36.946070327789165,100 174.7551555563028,-36.94607130203485,100 174.75514793595912,-36.94607159765909,100 174.75514009943728,-36.94607088968998,100 174.75513500288343,-36.94606841786679,100 174.75513102225761,-36.9460649056325,100 174.755128087892,-36.94606039998506,100 174.75512615326704,-36.94605502689753,100 174.75512516697998,-36.946048895289785,100 174.7551250986056,-36.946042098448885,100 174.75512586269153,-36.946034729574016,100 174.7551274445492,-36.946026882620934,100 174.7551297613643,-36.946018667875094,100 174.75513278009413,-36.946010162438235,100 174.75513645197387,-36.94600149231645,100 174.75514069267388,-36.94599275069229,100 174.7551455043236,-36.94598403037149,100 174.75515078579613,-36.945975426587566,100 174.75515648903595,-36.94596704730948,100 174.7551625982527,-36.94595898741056,100 174.75516902948917,-36.94595135629185,100 174.75517713317447,-36.94594286040604,100 174.75518279260226,-36.94593819977208,100 174.75518897878464,-36.945933885574306,100 174.7551956398411,-36.94592985909168,100 174.75520272332074,-36.945926134619526,100 174.75521019449187,-36.94592266670323,100 174.75521803435947,-36.94591941055695,100 174.75523457544836,-36.9459134876189,100 174.7552609973185,-36.945905651987516,100 174.75531564850263,-36.94589103558418,100 174.75536087421062,-36.945877180431665,100 174.7553778775128,-36.94587172834636,100 174.75539454342018,-36.94586591170069,100 174.75541067637442,-36.945859576554334,100 174.7554184767475,-36.94585616594964,100 174.75543347507724,-36.94584873533159,100 174.75544060233833,-36.94584466859294,100 174.7554525116023,-36.94583685461204,100 174.75545897904794,-36.945832026087366,100 174.75546523381237,-36.9458269825845,100 174.75547708857707,-36.94581630497152,100 174.75548270537462,-36.94581066881045,100 174.75549340709196,-36.94579892484289,100 174.75550820977122,-36.945780377366376,100 174.75552178128825,-36.945761029682295,100 174.75553036931518,-36.945747756758244,100 174.75553902791157,-36.94573521016564,100 174.7555471438981,-36.9457224093079,100 174.75555478753034,-36.945709430660926,100 174.75556199400694,-36.9456962421577,100 174.75556888599263,-36.94568290417642,100 174.75557871608157,-36.94566268794332,100 174.75561410342885,-36.945584986251944,100 174.75564771118846,-36.945525695349744,100 174.75566575869965,-36.94549260013103,100 174.75567917598516,-36.94546585206384,100 174.7556895098865,-36.94544297935433,100 174.75570738791208,-36.945407981218125,100 174.75571386064357,-36.945393845439476,100 174.75571964297384,-36.945379718968766,100 174.75572450822767,-36.945365608763495,100 174.75572821610882,-36.94535156434527,100 174.75573054386268,-36.945337665621565,100 174.75573112961527,-36.945330749145015,100 174.75573130144562,-36.94532390098153,100 174.75573102349964,-36.94531707569333,100 174.75572964190826,-36.94530830272177,100 174.75572798677976,-36.94530170240191,100 174.75572329565404,-36.945288615019656,100 174.75572032815418,-36.9452821278456,100 174.7557133079348,-36.94526928040928,100 174.7557050105383,-36.94525656272309,100 174.75569071113736,-36.94523768665469,100 174.75567487525237,-36.94521894416921,100 174.75563487720154,-36.94517374342293,100 174.75557650717468,-36.94509235721477,100 174.7555591388627,-36.94506707296526,100 174.75554337182658,-36.945042862859246,100 174.75552380898023,-36.94501702608842,100 174.75550952623945,-36.944997453019816,100 174.75549631153373,-36.94497773797076,100 174.75548846867466,-36.94496451691288,100 174.75548489228126,-36.94495787018606,100 174.75548160997857,-36.9449512182094,100 174.75547597860034,-36.94493786800922,100 174.7554717796162,-36.94492444795764,100 174.75546920680873,-36.944910985834916,100 174.75546893562176,-36.94490846611259,100 174.7554690242444,-36.94490175888567,100 174.7554695795001,-36.94489502943654,100 174.7554706200115,-36.9448883063325,100 174.75547205718485,-36.94488154581684,100 174.75547603687914,-36.94486799221796,100 174.75548127721135,-36.944854371307336,100 174.75548752071612,-36.9448407184383,100 174.75549447075394,-36.94482697670618,100 174.75551697642138,-36.94478552242556,100 174.75552416428943,-36.94477157527655,100 174.75554438635282,-36.94472740208594,100 174.75555029887968,-36.94471297986261,100 174.75555531405664,-36.94469865022492,100 174.75555907037392,-36.94468446538776,100 174.75556115426502,-36.94467050898109,100 174.75556143015768,-36.944663643955614,100 174.75556117126783,-36.94465686525367,100 174.75556007076727,-36.94464893807944,100 174.75555691434073,-36.94464248614177,100 174.75555296415294,-36.9446361387782,100 174.75554834302343,-36.944629865329944,100 174.7555375150633,-36.94461760687143,100 174.75552536043003,-36.94460557172958,100 174.75550662743518,-36.944587851804,100 174.75549517322364,-36.94457614610493,100 174.75549007752505,-36.944570282567014,100 174.75548558756648,-36.944564439816475,100 174.7554817883783,-36.94455855530547,100 174.7554788187376,-36.94455265762746,100 174.75547748428653,-36.94454911709337,100 174.7554770084418,-36.944541985572386,100 174.75547722198712,-36.94453470325027,100 174.7554781405908,-36.94452731676467,100 174.75547969907652,-36.94451987304722,100 174.75548189592274,-36.94451240366709,100 174.75548469965057,-36.94450495595894,100 174.75548807427012,-36.9444975764229,100 174.75549197217322,-36.94449029460549,100 174.75549639112933,-36.94448316011294,100 174.75550128427477,-36.944476234928764,100 174.755506631755,-36.94446953466915,100 174.75551240096868,-36.9444631066854,100 174.7555185754083,-36.94445696564283,100 174.7555251055871,-36.94445120601175,100 174.75553197468741,-36.9444458289421,100 174.75553913133484,-36.94444089558276,100 174.75554657660476,-36.9444364527871,100 174.7555542782948,-36.94443251635388,100 174.7555621839908,-36.944429151052695,100 174.75556600623284,-36.94442777137831,100 174.7555733626264,-36.94442596358997,100 174.75558111527243,-36.94442473670966,100 174.75558919206478,-36.9444240314142,100 174.7555975923476,-36.944423770198604,100 174.75560626116325,-36.94442390700615,100 174.75561516419998,-36.94442436573081,100 174.75563354211815,-36.94442607780985,100 174.75568139963363,-36.94443206162178,100 174.75570315704377,-36.944434043688865,100 174.75574133670747,-36.94443492122636,100 174.7557698301691,-36.944434438570674,100 174.7557883411237,-36.94443323825437,100 174.75579736371108,-36.94443230083537,100 174.7558148010757,-36.944429630093786,100 174.75582316238962,-36.94442786691658,100 174.75583125512208,-36.94442575258564,100 174.7558390459273,-36.94442330201545,100 174.75584649782874,-36.94442046978497,100 174.7558553984996,-36.94441608025699,100 174.75586181938053,-36.94441216454849,100 174.75586792085454,-36.94440788491823,100 174.75587370022146,-36.94440322157687,100 174.75587917730925,-36.9443982066792,100 174.75588438653904,-36.944392872164194,100 174.75589403867,-36.94438130141673,100 174.75589849909198,-36.944375094669205,100 174.75590683258199,-36.944362042703276,100 174.7559144557087,-36.94434822789903,100 174.755924868518,-36.944326453626765,100 174.75594961661272,-36.94426706022146,100 174.75595917747967,-36.94424647658825,100 174.75598025823913,-36.944198000279705,100 174.7559865883928,-36.94418436142579,100 174.7559933230681,-36.9441709788765,100 174.75600445141924,-36.944151515847814,100 174.75601276729537,-36.94413906802803,100 174.75601726572003,-36.94413300132195,100 174.75602078487097,-36.94412854536006,100 174.75603111010525,-36.94411694842219,100 174.75603658864716,-36.94411131337884,100 174.7560481234912,-36.94410036192985,100 174.75606034478437,-36.94408981674254,100 174.75607321513087,-36.94407966304714,100 174.75608666609665,-36.944069903658324,100 174.75610060977692,-36.944060475881436,100 174.75611501248974,-36.944051428886496,100 174.7561297874529,-36.9440426999623,100 174.75614484714927,-36.944034292205885,100 174.7561601735975,-36.94402620498177,100 174.75620080843842,-36.9440059332362,100 174.75622432157743,-36.94399532736207,100 174.75624821089434,-36.94398521075058,100 174.7562972842279,-36.94396487904404,100 174.7563573536446,-36.943943685217135,100 174.75637557677157,-36.94393655739673,100 174.75638380548614,-36.943932983561794,100 174.75639125598693,-36.94392940862008,100 174.75639782495858,-36.94392583229745,100 174.75640337208316,-36.94392225666986,100 174.75640777768842,-36.94391865376383,100 174.75641093808127,-36.94391505575881,100 174.75641230979187,-36.94391253967554,100 174.75641206093007,-36.94390884158294,100 174.75641039327593,-36.943905168986035,100 174.75640744486654,-36.943901469368036,100 174.7564033036536,-36.94389775855307,100 174.75639803734165,-36.94389405086207,100 174.75639176791572,-36.943890328266335,100 174.75638459935342,-36.943886619872835,100 174.75636792676048,-36.94387921239628,100 174.75634886882742,-36.94387184290781,100 174.7563281704579,-36.943864577901635,100 174.756265848534,-36.94384410306363,100 174.7562460146403,-36.94383888389966,100 174.7562056187404,-36.94382906112619,100 174.75618646088873,-36.94382389234156,100 174.75617748253322,-36.9438211282621,100 174.75616898441564,-36.94381820114789,100 174.75616110430403,-36.943815046769295,100 174.75615387512445,-36.9438116808634,100 174.75614743462418,-36.94380803829955,100 174.75614185022334,-36.94380407211266,100 174.75613722596665,-36.94379976544124,100 174.75613366552656,-36.94379508520533,100 174.7561324506662,-36.94379289040223,100 174.7561320442114,-36.94378712067273,100 174.75613282243478,-36.94378095936723,100 174.75613450804187,-36.943774458357886,100 174.756136981996,-36.94376766627467,100 174.75614007318381,-36.943760662261816,100 174.75615494887728,-36.94373142742178,100 174.75616151469887,-36.94371685579825,100 174.75616396392394,-36.94370976934435,100 174.7561656402128,-36.94370291154452,100 174.756163037445,-36.94369714726179,100 174.75615947205313,-36.94369161534014,100 174.75615497883615,-36.94368631526477,100 174.75614965851807,-36.94368118335375,100 174.75614360013148,-36.94367623361274,100 174.75613687182042,-36.94367145061235,100 174.75612954054446,-36.94366681623672,100 174.7561216946327,-36.94366231385661,100 174.7561048178515,-36.943653639383996,100 174.7560868410339,-36.94364527681657,100 174.75604128663744,-36.94362503876786,100 174.75602449012328,-36.94361682728288,100 174.756009453131,-36.94360841581461,100 174.75600280438073,-36.94360406517085,100 174.7559968269833,-36.943599609957396,100 174.7559916081452,-36.94359503356192,100 174.75598725080894,-36.9435903200407,100 174.75598431110032,-36.94358626425641,100 174.7559840312761,-36.94358067832782,100 174.75598445725097,-36.94357497199788,100 174.7559855542468,-36.94356914668228,100 174.75598725449166,-36.94356323402868,100 174.75598955798546,-36.94355723403704,100 174.75599239625313,-36.943551147720086,100 174.755995768896,-36.94354500663032,100 174.75600387449222,-36.94353249972882,100 174.75601353162224,-36.94351978240206,100 174.756024499575,-36.943506934823176,100 174.75603641684555,-36.9434940092079,100 174.75604899191944,-36.94348107386224,100 174.75608966773578,-36.943440684699,100 174.7561074428654,-36.94341321505297,100 174.75612119465615,-36.94339284162049,100 174.75613575012753,-36.9433734324427,100 174.7561460805987,-36.943361383849556,100 174.7561570584172,-36.94335023963204,100 174.75616280837153,-36.9433450818802,100 174.7561749364364,-36.9433357152013,100 174.75618133505748,-36.94333156816276,100 174.75618798466823,-36.94332778876054,100 174.75619109247805,-36.9433262051169,100 174.7561982849752,-36.943323377603555,100 174.75620571415348,-36.9433209792287,100 174.75621339502507,-36.94331897912489,100 174.75622131006944,-36.94331734780724,100 174.75622945854192,-36.94331605283875,100 174.75624634998988,-36.94331441312447,100 174.75625507507246,-36.94331402267527,100 174.75627299246696,-36.9433139306926,100 174.7562914667123,-36.94331466510435,100 174.75631035371165,-36.94331601442593,100 174.75638783231662,-36.943323772555765,100 174.7564926537867,-36.94333206080494,100 174.75651198730873,-36.94333324575511,100 174.75653110246003,-36.94333401661567,100 174.75654987482017,-36.9433342364222,100 174.7565682491519,-36.943333749160146,100 174.75658611749498,-36.94333245006971,100 174.7566034085653,-36.9433301689525,100 174.75661996274513,-36.94332680091175,100 174.7566357753317,-36.943322190086754,100 174.75664334868154,-36.94331937133309,100 174.75665070583688,-36.94331618442848,100 174.75665781087648,-36.94331262990446,100 174.7566704698169,-36.943305748407866,100 174.7566786168621,-36.94330096887664,100 174.75668646010797,-36.94329586935996,100 174.75669393508366,-36.94329052742509,100 174.7567009033398,-36.94328497756858,100 174.75670724542226,-36.94327929907258,100 174.75671287450277,-36.943273476096586,100 174.7567176715411,-36.94326760594331,100 174.75672151675735,-36.94326170480646,100 174.75672429146834,-36.94325583663414,100 174.75672569456668,-36.94325116769978,100 174.75672460766617,-36.94324584158142,100 174.75672199981474,-36.94324054157252,100 174.75671800976724,-36.94323529536395,100 174.75671282538545,-36.9432300686293,100 174.75670664009718,-36.943224873829124,100 174.75669957251876,-36.94321969298423,100 174.75668355519642,-36.943209470906524,100 174.75664039958664,-36.94318429975021,100 174.75662546284943,-36.943174385255254,100 174.75661916310392,-36.94316948687966,100 174.75661388480236,-36.943164570687266,100 174.7566097820367,-36.94315969659039,100 174.75660891932222,-36.94315841143492,100 174.75661034357304,-36.94315388099413,100 174.7566128928862,-36.94314939519849,100 174.75661644818499,-36.94314500087632,100 174.7566209380928,-36.94314062156895,100 174.75662624141728,-36.94313626087202,100 174.75663230570964,-36.9431319330814,100 174.7566389930069,-36.94312759607288,100 174.75665402703842,-36.94311886325187,100 174.7566967936146,-36.94309609465486,100 174.7567141179964,-36.943086318445694,100 174.75673046048925,-36.943075984415785,100 174.75673807208452,-36.943070578264816,100 174.75674514286663,-36.943064995342134,100 174.75675163803723,-36.94305923616272,100 174.7567533600717,-36.943057551328955,100 174.7567629832747,-36.943044880412366,100 174.7567714488598,-36.943031578565275,100 174.7567752023588,-36.94302476483213,100 174.75678162986267,-36.94301087662907,100 174.75678428731436,-36.94300386369479,100 174.75678833956601,-36.94298976727707,100 174.75678968446798,-36.942982760243964,100 174.7567905616678,-36.94297577725657,100 174.75679105159438,-36.94296444836399,100 174.7567906455875,-36.942957966576856,100 174.75678970261313,-36.942951524281696,100 174.75678824287692,-36.94294512117949,100 174.75678630075845,-36.94293878740686,100 174.75678385726275,-36.942932478178165,100 174.75677765903933,-36.94292002063157,100 174.7567698738617,-36.94290769742986,100 174.75676063971375,-36.942895551597715,100 174.75675554012673,-36.94288951781808,100 174.75674449379244,-36.94287752678758,100 174.75673251714403,-36.942865658582306,100 174.75671976405621,-36.94285386585864,100 174.75669958158318,-36.94283629374809,100 174.7566577709679,-36.94280142057486,100 174.75663872855984,-36.94278513220918,100 174.7566081245254,-36.94274947219355,100 174.7565719940991,-36.94270806501058,100 174.75646065492043,-36.94258210957326,100 174.7564169778398,-36.942526872163654,100 174.75639238672426,-36.94249642567931,100 174.75636681109495,-36.94246672383322,100 174.75634529814158,-36.94244372188113,100 174.75632833959887,-36.94242707365015,100 174.75631732368768,-36.94241693977496,100 174.7563046314966,-36.94240686404434,100 174.7562848896943,-36.94239233635356,100 174.75627129761247,-36.94238292559451,100 174.75625045258585,-36.94236920558734,100 174.7561792324543,-36.94232454794433,100 174.75615116354467,-36.94230631543794,100 174.75613745210865,-36.942296937975115,100 174.75610921271507,-36.94227675659387,100 174.75607541720947,-36.94225163425381,100 174.75606233705014,-36.94224128662396,100 174.75604961630927,-36.942230747100744,100 174.75603738973615,-36.94221996682198,100 174.75602569404288,-36.94220893082353,100 174.7560146317096,-36.9421976520112,100 174.7560042873913,-36.94218605161846,100 174.75599471384626,-36.94217412886524,100 174.75599025235812,-36.94216805406678,100 174.7559750668751,-36.94214631226468,100 174.7559623217983,-36.942125954869134,100 174.75595126877909,-36.94210485678895,100 174.75594497168478,-36.942090479916146,100 174.7559396034077,-36.94207596402104,100 174.7559372910461,-36.942068661367074,100 174.755933442734,-36.94205402835238,100 174.75593194226389,-36.94204672721096,100 174.75592982397455,-36.942032127196974,100 174.7559289035599,-36.942017662693885,100 174.7559293007092,-36.94200336257698,100 174.75593000368562,-36.94199631997879,100 174.75593247088966,-36.94198243540722,100 174.75593686628412,-36.94196621039932,100 174.75593908123378,-36.941959436570656,100 174.75594462113824,-36.94194601220355,100 174.75595153278843,-36.94193281361285,100 174.75595548423325,-36.941926306134064,100 174.75596427403,-36.941913479056495,100 174.75597417910348,-36.94190100503039,100 174.75598509618192,-36.94188888558286,100 174.75599093112797,-36.94188298298242,100 174.7560031621938,-36.94187150838231,100 174.75601616604797,-36.94186053340739,100 174.7560228989277,-36.941855250260936,100 174.75603682476122,-36.94184511070359,100 174.7560599769815,-36.9418298647325,100 174.7560738803492,-36.941821584052256,100 174.75608845824567,-36.94181397390034,100 174.75610365611334,-36.941806956667435,100 174.7561193682405,-36.94180042755958,100 174.75614382559922,-36.9417915563261,100 174.75616063643463,-36.941786077239016,100 174.75617773234714,-36.94178093463685,100 174.75620383665617,-36.94177361456103,100 174.75627449035335,-36.94175512956864,100 174.75630501170025,-36.94174671571216,100 174.75636176792088,-36.94172111741847,100 174.7563780197882,-36.94171403588717,100 174.75640255423497,-36.94170417199404,100 174.75642726141757,-36.94169562058565,100 174.75644395235196,-36.94169088773374,100 174.7564523241702,-36.941688862071715,100 174.75646924451254,-36.94168561121958,100 174.7564777754697,-36.94168440341471,100 174.75649295874078,-36.94168291512616,100 174.75651075349293,-36.94168214441975,100 174.7565197128671,-36.941682136257604,100 174.7565377359759,-36.941682801597885,100 174.75655579800323,-36.94168437941014,100 174.75657383023884,-36.94168676255092,100 174.75658281030155,-36.941688242178984,100 174.75660066161046,-36.94169174384287,100 174.756618307076,-36.94169591463471,100 174.7566342963418,-36.9417002838849,100 174.75665186610632,-36.94170423857042,100 174.75666929451825,-36.94170878571789,100 174.75668651416515,-36.94171392362079,100 174.75671176647668,-36.94172275531101,100 174.756736136794,-36.941732933117486,100 174.75674401307836,-36.941736613896246,100 174.75675936401245,-36.94174443116009,100 174.75677410696196,-36.94175286221235,100 174.75678122468557,-36.94175729871367,100 174.75679491783262,-36.94176661418169,100 174.75680654170034,-36.94177549878381,100 174.75681733143298,-36.94178761799312,100 174.7568271588712,-36.94180066719467,100 174.75683625856811,-36.941814347280825,100 174.75686185669846,-36.9418557876585,100 174.75687065772,-36.941868636625465,100 174.7568800043932,-36.94188045540587,100 174.7568849688026,-36.94188588638748,100 174.75689016455343,-36.941890927273754,100 174.75689564367943,-36.941895545748004,100 174.7569014222941,-36.94189971002514,100 174.75690660498128,-36.94190286190979,100 174.7569136727314,-36.941905317110816,100 174.7569210216371,-36.941907302161795,100 174.75692863787125,-36.941908850616585,100 174.75693651800418,-36.94190995982191,100 174.75694463244704,-36.94191071043421,100 174.75695297852013,-36.94191108356509,100 174.75697025181066,-36.94191087843092,100 174.75698822313066,-36.941909530890335,100 174.7570067429322,-36.94190727660136,100 174.75702569382727,-36.94190433362086,100 174.7571120567586,-36.941888097928626,100 174.75721090017083,-36.941890613569335,100 174.75723958775257,-36.94189031337301,100 174.75725798291896,-36.94188933086784,100 174.7572669054736,-36.94188854985018,100 174.75728409287737,-36.941886317040854,100 174.7572923401642,-36.94188483396256,100 174.75730796556303,-36.9418809856451,100 174.7573153253214,-36.94187860355235,100 174.757322381703,-36.941875870824205,100 174.75732906621374,-36.94187278757315,100 174.75733457729422,-36.9418698019084,100 174.7573401594449,-36.94186555963454,100 174.75734540419137,-36.94186095190653,100 174.75735027671496,-36.9418559783384,100 174.75735486342376,-36.94185068542194,100 174.75736311482936,-36.94183916593443,100 174.75736683263142,-36.94183300257208,100 174.75737357364025,-36.94181991458691,100 174.7573795171802,-36.941806035317306,100 174.75738725851141,-36.94178399490669,100 174.75739190492806,-36.94176878824424,100 174.75740501333206,-36.94172243965777,100 174.75742066500854,-36.94166997844005,100 174.75742525573156,-36.94165532962436,100 174.75743032421116,-36.941641045987375,100 174.75743616792994,-36.94162736828829,100 174.7574430516616,-36.94161443321582,100 174.75744696135,-36.94160831387998,100 174.75745123998396,-36.94160246669345,100 174.75745978137778,-36.94159281858095,100 174.75746571930344,-36.94158827629921,100 174.75747209871417,-36.94158408441012,100 174.7574789019858,-36.94158020892383,100 174.75749360122813,-36.94157329443669,100 174.75750955085385,-36.94156728620666,100 174.75753517481735,-36.94155944837439,100 174.7575801387935,-36.9415476233729,100 174.757598085211,-36.941542605881416,100 174.75761558809504,-36.94153710012119,100 174.75762612937766,-36.941533318912604,100 174.75764243530716,-36.941525664964225,100 174.75765857375183,-36.94151756372784,100 174.75767442499642,-36.9415090341011,100 174.7576899026077,-36.94150007736369,100 174.75771206051633,-36.94148585258312,100 174.75772598928216,-36.9414758533948,100 174.75773905982248,-36.941465448691865,100 174.75774525424794,-36.9414600977086,100 174.75775685734766,-36.94144911444059,100 174.75776729311428,-36.94143776088021,100 174.75777207455147,-36.941431953107845,100 174.7577805747933,-36.941420027913324,100 174.75778741712705,-36.94140817773789,100 174.75779299885528,-36.94139575855599,100 174.75779709916702,-36.941382885402206,100 174.7577998219339,-36.94136958287751,100 174.7578012390339,-36.941355900392495,100 174.75780147084043,-36.94134189655439,100 174.75780058767413,-36.94132760186875,100 174.7577987144191,-36.941313075777316,100 174.7577959528052,-36.94129834741924,100 174.75779029873107,-36.941275999651104,100 174.7577831703748,-36.94125345919169,100 174.75777192488385,-36.941223413894775,100 174.75775938936988,-36.941193668910685,100 174.75774424196058,-36.9411598155591,100 174.75773067152576,-36.94113292058538,100 174.7576940741441,-36.94106629413429,100 174.75768408412907,-36.94104617104426,100 174.7576752825929,-36.94102587262598,100 174.7576702808875,-36.94101217159621,100 174.7576645021359,-36.940993729339866,100 174.75766011379406,-36.94097896466975,100 174.75765627563794,-36.940964052148054,100 174.7576531450564,-36.94094909760486,100 174.75765081063912,-36.94093414479545,100 174.7576499986353,-36.940926709100395,100 174.75764912166073,-36.94091194923279,100 174.75764935712243,-36.940897418961065,100 174.7576507940031,-36.94088317915995,100 174.7576536076096,-36.94086933359154,100 174.75765552867676,-36.94086258120765,100 174.75765786790424,-36.94085594611604,100 174.75766388445695,-36.94084158443885,100 174.75766743090264,-36.940834123881274,100 174.75767575240076,-36.94081925938847,100 174.7576855192015,-36.94080474394695,100 174.7576965285898,-36.940790795975985,100 174.75770864636476,-36.94077763468321,100 174.7577216735728,-36.94076549555762,100 174.7577354068328,-36.940754616857774,100 174.75774247728927,-36.94074971619096,100 174.75774967820783,-36.940745215586894,100 174.75775696127522,-36.94074116263014,100 174.75776432424658,-36.940737557353906,100 174.7577716993536,-36.94073443140679,100 174.7577791224911,-36.94073183202803,100 174.75778652441633,-36.940729775565394,100 174.75779390728712,-36.940728307053604,100 174.75780066607342,-36.94072748412201,100 174.7578071056235,-36.94072767270539,100 174.75781356122314,-36.940728510911995,100 174.75782008347224,-36.940729952926034,100 174.7578266383233,-36.94073198302758,100 174.75783320636737,-36.940734538410645,100 174.75783980525392,-36.94073760529392,100 174.75785310650372,-36.94074511476438,100 174.75785980858186,-36.940749496065095,100 174.7578732380452,-36.940759311047785,100 174.75789352460043,-36.940776245986584,100 174.75791392503916,-36.940794960269855,100 174.7579548750632,-36.9408340892353,100 174.75797350189544,-36.94085106676053,100 174.7580254868789,-36.94089157900071,100 174.75804547356628,-36.940906211841124,100 174.75805909966107,-36.94091559034921,100 174.75807307759618,-36.9409245454274,100 174.7580944741782,-36.94093686168743,100 174.7581116785587,-36.94094343994125,100 174.75815562531986,-36.940958267785184,100 174.75817204220505,-36.94096448814466,100 174.75817970298394,-36.94096783131596,100 174.75818688458384,-36.940971382579754,100 174.75819353652935,-36.94097519315825,100 174.75820209687728,-36.94098127838222,100 174.75820527351308,-36.94098714138255,100 174.75820754456387,-36.94099346936081,100 174.7582090298099,-36.94100019745,100 174.7582097981213,-36.941007293083636,100 174.75820993487432,-36.94101470902946,100 174.75820950893902,-36.94102241272099,100 174.75820735583136,-36.9410384144236,100 174.75820402282793,-36.94105491581153,100 174.7581964712961,-36.941087839764116,100 174.75819360025213,-36.94110348164983,100 174.75819269985362,-36.94111091475659,100 174.75819225850114,-36.94111804542847,100 174.75819234440252,-36.94112481226611,100 174.75819307654743,-36.94113116483555,100 174.75819454180785,-36.941137072106315,100 174.7581967877931,-36.94114245585876,100 174.75819979562422,-36.94114712979647,100 174.7582055438227,-36.94115075185831,100 174.7582119892378,-36.941153930054064,100 174.75821899629082,-36.941156725879274,100 174.75822658223348,-36.94115915710506,100 174.75823467744976,-36.9411612238609,100 174.75824321379835,-36.941162941577055,100 174.7582521407373,-36.94116440744457,100 174.75827094179456,-36.94116643643656,100 174.75828073167511,-36.94116709634968,100 174.75830076080302,-36.94116779030299,100 174.7583210661047,-36.941167797853915,100 174.75834568045065,-36.94116719357626,100 174.75837379808522,-36.94116897822062,100 174.75839261291011,-36.94116950536861,100 174.758411287215,-36.94116929279769,100 174.75842962876962,-36.94116823339224,100 174.7584474604415,-36.94116614410124,100 174.75845614014102,-36.941164669861514,100 174.75846462226286,-36.941162904712826,100 174.75847287058025,-36.94116078699977,100 174.75848090230346,-36.94115833269151,100 174.75849574471343,-36.94115296445136,100 174.75850450773748,-36.94114935101219,100 174.7585131589572,-36.941145367879116,100 174.75852998340068,-36.94113634241379,100 174.75853808956003,-36.94113136236555,100 174.75855346881588,-36.941120625939774,100 174.7585674434344,-36.94110901439162,100 174.75857382678583,-36.94110294671183,100 174.75857975684403,-36.941096747841684,100 174.75858514900324,-36.94109044967972,100 174.75859001895788,-36.94108405109218,100 174.75859428361824,-36.941077601080515,100 174.75859794142298,-36.94107112941185,100 174.75860092466604,-36.94106467043844,100 174.75860319956902,-36.941058220153955,100 174.7586047142031,-36.94105181538091,100 174.7586054530979,-36.94104551583646,100 174.75860549214687,-36.941041597163604,100 174.75860356162192,-36.94103645571187,100 174.75860066503841,-36.94103134659563,100 174.75859690373227,-36.94102628183388,100 174.7585923477377,-36.94102123064523,100 174.7585870999066,-36.94101622215149,100 174.75857485814112,-36.94100615531356,100 174.75856085008945,-36.94099603982462,100 174.7585226525736,-36.940969936029894,100 174.75850789727247,-36.94095896632227,100 174.75850099119944,-36.94095333342471,100 174.75849451332982,-36.94094757070212,100 174.75848851750203,-36.940941675554505,100 174.75848314103376,-36.940935662172215,100 174.75847994239922,-36.94093162740865,100 174.75847644743,-36.94092408003246,100 174.7584705104552,-36.94090828827706,100 174.75846812331935,-36.9409001350212,100 174.75846444901896,-36.94088351567971,100 174.75846234806951,-36.94086685591074,100 174.75846191259174,-36.94085860885384,100 174.75846230118324,-36.940842589114744,100 174.75846312520673,-36.94083486330255,100 174.75846440645554,-36.94082743987587,100 174.7584661097801,-36.94082030403261,100 174.75846829005013,-36.940813546896095,100 174.75847093150514,-36.94080721556901,100 174.75847401543533,-36.94080132655244,100 174.75847759752236,-36.94079595743764,100 174.75848166044835,-36.94079113642239,100 174.75848676588808,-36.94078648293734,100 174.75849157960877,-36.94078398885992,100 174.7584969975978,-36.94078208792311,100 174.75850296599606,-36.94078078182591,100 174.7585094497204,-36.94078000979716,100 174.75851643043816,-36.940779755884314,100 174.75852387271408,-36.94077994399881,100 174.75854000051032,-36.94078159973218,100 174.75855756481639,-36.940784687135775,100 174.75857629931906,-36.940788855929476,100 174.75859595324624,-36.94079384573649,100 174.7586577477391,-36.940810656965546,100 174.75867841084425,-36.94081587787466,100 174.75869707576564,-36.94082004767977,100 174.7587430300165,-36.94082744021827,100 174.75876144507063,-36.940829972387036,100 174.7587797801944,-36.94083205597176,100 174.75879797910855,-36.94083353857959,100 174.758815951838,-36.94083426741548,100 174.75883365839815,-36.94083411508256,100 174.75884238174794,-36.94083366228,100 174.75885954548136,-36.94083187755844,100 174.7588679698391,-36.94083053235688,100 174.7588810234746,-36.94082760884424,100 174.75888909313676,-36.940825292752024,100 174.75890496901454,-36.94081975141838,100 174.75891277368942,-36.94081655684516,100 174.75892810708802,-36.94080939844151,100 174.75894312346554,-36.94080139387409,100 174.75896514965464,-36.9407881009899,100 174.75898668133303,-36.94077376357221,100 174.7590260313635,-36.94074597026115,100 174.75903934227784,-36.94073548434143,100 174.75907195075706,-36.94070848311677,100 174.7590918672168,-36.94069319707233,100 174.75910562555714,-36.940684004238506,100 174.7591199834703,-36.9406759327914,100 174.75912743458173,-36.9406724036401,100 174.75913508690041,-36.94066927440305,100 174.75914501646105,-36.940665951889684,100 174.7591536472924,-36.94066460180627,100 174.75917154405343,-36.94066305404589,100 174.7592082497709,-36.94066183239258,100 174.7592261537025,-36.940660547706955,100 174.75923916236337,-36.94065860006397,100 174.75924678163966,-36.94065554792267,100 174.7592540749343,-36.94065194358722,100 174.759261096807,-36.94064786466522,100 174.75926788342258,-36.940643370108845,100 174.75928084212492,-36.940633293178394,100 174.75929316746004,-36.94062218819718,100 174.75932287608296,-36.94059272596995,100 174.75933497263824,-36.94058143869985,100 174.75934752643326,-36.94057108925016,100 174.75935406597821,-36.94056639825408,100 174.7593622376353,-36.940561292795906,100 174.7593701613256,-36.940559320439554,100 174.75937832020998,-36.94055776101336,100 174.75938664440386,-36.9405566029342,100 174.7594038374613,-36.94055526656393,100 174.75942161288364,-36.94055508428092,100 174.75944907693025,-36.94055633755826,100 174.75950542857845,-36.940561127706246,100 174.75952415780677,-36.94056243109124,100 174.75954270028691,-36.94056313334771,100 174.7595608752312,-36.940562990189775,100 174.75957856999557,-36.940561693228396,100 174.75958925649186,-36.94056023243034,100 174.75960497623433,-36.94055469331793,100 174.75962030693404,-36.94054815498291,100 174.7596278254481,-36.94054453106296,100 174.7596426397808,-36.940536730399685,100 174.7596643985679,-36.940523829824855,100 174.75968580449245,-36.94050998987888,100 174.75972841948888,-36.9404813682962,100 174.759746663251,-36.940469670804866,100 174.75976968894037,-36.94045829812129,100 174.75982389135007,-36.94043233584949,100 174.75984684669646,-36.94042093264711,100 174.75986935845302,-36.94040908805286,100 174.75989141728903,-36.94039644527749,100 174.75990544533965,-36.940384925619576,100 174.75993946147267,-36.94035548501909,100 174.75995275530983,-36.94034504612091,100 174.75995936615382,-36.94034043064838,100 174.75996597158095,-36.94033631189019,100 174.75997255761771,-36.94033276576547,100 174.75997910920952,-36.94032987001198,100 174.75998571236738,-36.940327702672064,100 174.7599891161376,-36.94032688788704,100 174.759995620517,-36.94032760176939,100 174.76000207891846,-36.94032924560713,100 174.76000850857656,-36.940331787598154,100 174.7600149579545,-36.940335089120126,100 174.76002137284445,-36.940339087883295,100 174.76002776944443,-36.94034370703425,100 174.76003417810955,-36.94034885058174,100 174.76004704753504,-36.94036042580944,100 174.76007980012244,-36.940392811900374,100 174.76009331860817,-36.94040541313259,100 174.7601071520115,-36.940416816330085,100 174.76011419802026,-36.940421842265,100 174.76012136886737,-36.94042633997045,100 174.76012862801724,-36.940430185604086,100 174.76013604138868,-36.940433315996735,100 174.76014362416402,-36.94043360918574,100 174.76015131458684,-36.940433359077396,100 174.76015911371425,-36.940432611623955,100 174.76016702114921,-36.94043139837797,100 174.7601750218608,-36.94042974930621,100 174.7601830986146,-36.94042769621082,100 174.76019950434753,-36.94042259571436,100 174.76021619160213,-36.94041635896799,100 174.76023313537158,-36.9404093144275,100 174.76028490449087,-36.940386287609,100 174.76030232480178,-36.94037897010049,100 174.76030669082846,-36.94037722618725,100 174.76031524815255,-36.94037502625149,100 174.76034966747972,-36.94036687264446,100 174.7603931611975,-36.94035781204315,100 174.76053747806088,-36.940331253316316,100 174.7606166587288,-36.94030745215388,100 174.7606341125747,-36.940302813762294,100 174.76065146317617,-36.940298812338796,100 174.76066866090528,-36.94029563339255,100 174.76068572733058,-36.9402934334357,100 174.7607025993337,-36.94029239727619,100 174.76071263191838,-36.940292434174985,100 174.76072072178962,-36.940293586889524,100 174.76072873412573,-36.94029512742507,100 174.76074456369412,-36.94029934256049,100 174.7607601669501,-36.94030484815316,100 174.76077560693028,-36.940311455791104,100 174.76079089771977,-36.940318948044286,100 174.7608061356977,-36.94032712158489,100 174.7608595596336,-36.94035819410862,100 174.76088291028523,-36.94037114426441,100 174.7608987504638,-36.94037918537916,100 174.7609067670416,-36.94038290976889,100 174.76091486577954,-36.940386447265006,100 174.7609280213911,-36.940391619589775,100 174.7609454630704,-36.94039464806931,100 174.76096318455345,-36.94039705137808,100 174.76098111760925,-36.940398987359885,100 174.76103527691473,-36.94040395260925,100 174.76106209672278,-36.94040707361697,100 174.76107093287234,-36.94040835314231,100 174.7610883587808,-36.94041142780258,100 174.76110392952432,-36.94041498244627,100 174.7611121135628,-36.9404185177622,100 174.7611282439257,-36.94042638328843,100 174.7611752495338,-36.94045198513944,100 174.76119070033562,-36.940459645318526,100 174.76120615512718,-36.94046611297321,100 174.76121390171878,-36.9404687417208,100 174.7612216705538,-36.94047092217557,100 174.76123314150703,-36.94047310269503,100 174.76124239337372,-36.940473709955974,100 174.7612518747499,-36.94047384872399,100 174.7612614486915,-36.9404735210305,100 174.76127111444927,-36.94047274311052,100 174.76128083903282,-36.94047154519743,100 174.76129051809187,-36.940469930641825,100 174.76130015345402,-36.94046793006193,100 174.76130965721225,-36.94046552943913,100 174.7613189791009,-36.940462789007086,100 174.76132810128686,-36.940459665766404,100 174.7613369555862,-36.94045622201925,100 174.761345472031,-36.940452442579634,100 174.76135361877434,-36.9404483585654,100 174.7613613258876,-36.94044400526463,100 174.76136859258247,-36.94043934843846,100 174.76137531704194,-36.940434452690695,100 174.76138144613572,-36.94042930258564,100 174.76138696533363,-36.940423901042934,100 174.7613918213556,-36.94041832366368,100 174.76139519513112,-36.94041362183553,100 174.76139801559165,-36.940408248610915,100 174.76140011987533,-36.940402592176326,100 174.76140155928488,-36.94039663734941,100 174.7614023872828,-36.94039041398239,100 174.76140263675336,-36.94038393600872,100 174.76140236232297,-36.940377235066016,100 174.76140039688957,-36.940363220558716,100 174.7613988113778,-36.940355953199756,100 174.76139464181676,-36.940341015076704,100 174.76138661489665,-36.94031787075913,100 174.76136777033201,-36.94026863830792,100 174.7613652841352,-36.94022127500388,100 174.76136400518615,-36.9402057171447,100 174.7613620125854,-36.940190619637356,100 174.76135898096913,-36.940176189206994,100 174.7613546396228,-36.940162616445406,100 174.76135186484768,-36.94015622028993,100 174.76134866615376,-36.94015013958019,100 174.7613449725133,-36.94014436184982,100 174.761340770392,-36.94013893326753,100 174.76133614824965,-36.94013403819554,100 174.76133048646247,-36.94012905128735,100 174.76132424442005,-36.94012436862379,100 174.76131752684554,-36.94012000307257,100 174.76131034837502,-36.94011590754718,100 174.76130272846177,-36.94011214665495,100 174.76129473591166,-36.94010868512444,100 174.76128640554242,-36.94010552334045,100 174.7612777871605,-36.94010262991873,100 174.76125977893696,-36.94009776756723,100 174.76124110870626,-36.94009404800828,100 174.76123159480352,-36.9400926406448,100 174.76121250019273,-36.94009063089532,100 174.76117626512237,-36.940088577951606,100 174.76116718113292,-36.94008843238117,100 174.7611489658003,-36.940089010825375,100 174.7611307977401,-36.94009076480487,100 174.76111284910905,-36.94009366112084,100 174.76109529239582,-36.94009768099095,100 174.76108674045773,-36.94010011254513,100 174.76107447671242,-36.94010417107779,100 174.76106671019633,-36.940107504031,100 174.76105170386452,-36.94011524642713,100 174.76102251952807,-36.94013266760962,100 174.76100766809878,-36.940141042241045,100 174.76100003456418,-36.94014488427328,100 174.76099220093525,-36.940148326376985,100 174.76097180265822,-36.94015621903834,100 174.76096288060043,-36.94015905987017,100 174.7609540317389,-36.940161373237395,100 174.7609453561926,-36.94016297198058,100 174.76093698689994,-36.940163728842876,100 174.76092956257932,-36.940163586580816,100 174.76092209140631,-36.94016223812856,100 174.7609150068841,-36.940159784315405,100 174.76090831112833,-36.940156317046,100 174.76090197330592,-36.940151960260266,100 174.76089596264598,-36.94014684060123,100 174.760890295527,-36.94014098666866,100 174.7608849433374,-36.94013457014017,100 174.76087987341634,-36.940127684337455,100 174.76087055379523,-36.94011286223158,100 174.760862204288,-36.94009740381796,100 174.76085578546906,-36.94008445402254,100 174.76084541002948,-36.940070934676015,100 174.7608361481197,-36.940057009438746,100 174.76083223366535,-36.9400500271806,100 174.76082896083494,-36.940043065150846,100 174.76082645006335,-36.94003618465678,100 174.76082482436482,-36.94002941271677,100 174.76082424119537,-36.940022809187724,100 174.76082478806444,-36.94001641964117,100 174.76082692185722,-36.94000921428864,100 174.76083005187834,-36.94000309288648,100 174.76083424236646,-36.93999713872777,100 174.76083935305232,-36.93999135569533,100 174.760845297857,-36.939985760388275,100 174.76085195852286,-36.93998038610694,100 174.76085919513608,-36.93997520337954,100 174.76086692084783,-36.93997024413932,100 174.76088331010223,-36.93996111663891,100 174.76089280780036,-36.939956454695725,100 174.76090756242522,-36.9399476804213,100 174.76092327449692,-36.939939817613954,100 174.76093143334305,-36.93993626072896,100 174.7609482234099,-36.93992996106562,100 174.76096554488674,-36.939924845080355,100 174.76098322812663,-36.93992105499567,100 174.7609921525745,-36.93991968510224,100 174.7610011035267,-36.93991868616415,100 174.76101006414612,-36.939918058431125,100 174.7610190183423,-36.939917834589785,100 174.7610296045928,-36.9399178776718,100 174.76103841989797,-36.93991835171794,100 174.7610561143709,-36.939920415612406,100 174.7610738403577,-36.93992370214539,100 174.76110015917573,-36.93993028538608,100 174.761115284361,-36.93993468307525,100 174.76114037905933,-36.939944135379456,100 174.76114872704608,-36.939946600182495,100 174.7611582836314,-36.93994830165558,100 174.7611681744589,-36.939948913866715,100 174.7611783375746,-36.93994862340934,100 174.7611883733741,-36.93994743621082,100 174.76119781571538,-36.93994534566565,100 174.7612062499847,-36.93994238856942,100 174.76121324296795,-36.93993852538043,100 174.76121809641793,-36.939934202701465,100 174.76122043629977,-36.93992897631598,100 174.7612209196629,-36.939922804931115,100 174.76121994699636,-36.939915867379426,100 174.76121792217748,-36.939908343344555,100 174.7612089070694,-36.93988241142693,100 174.761205415362,-36.939860772647215,100 174.76120380256614,-36.939846319363106,100 174.7612032451709,-36.93983191081308,100 174.76120437492443,-36.93981245591192,100 174.76120521195355,-36.93980457576195,100 174.76120805472306,-36.93978919741644,100 174.7612101002591,-36.93978191585178,100 174.76121258904945,-36.93977506125318,100 174.76121552462033,-36.93976878679488,100 174.7612189633813,-36.9397632016027,100 174.76122028462646,-36.939761429813046,100 174.7612244193938,-36.93975739810892,100 174.76122916372861,-36.939754237964735,100 174.76123450087903,-36.939751904562286,100 174.76124037703073,-36.939750352731764,100 174.76124680715182,-36.93974954980308,100 174.76125370604004,-36.93974945287472,100 174.76126103628272,-36.93974999760559,100 174.76126879758962,-36.93975117138127,100 174.76127695335944,-36.93975289632864,100 174.76129423739366,-36.93975786225871,100 174.76130329430148,-36.939761027686465,100 174.7613221289268,-36.93976847721713,100 174.7613515954698,-36.93978180705323,100 174.7613816708764,-36.939796660115185,100 174.7614395308591,-36.939826064003896,100 174.76148771531976,-36.93985245133527,100 174.76150357589825,-36.939860600227675,100 174.76151940857193,-36.9398676345833,100 174.7615272838295,-36.93987058678347,100 174.7615351487559,-36.93987309027266,100 174.76154303411883,-36.939875067079804,100 174.76155092235473,-36.93987648591883,100 174.76155877690297,-36.93987727071889,100 174.76156900166336,-36.93987736598533,100 174.7615780160634,-36.939876831150194,100 174.76158710440467,-36.93987575261503,100 174.76159619486887,-36.93987413234671,100 174.76160525596197,-36.939872016780456,100 174.76161421844256,-36.93986942226627,100 174.76162304790785,-36.939866366439915,100 174.7616316585905,-36.939862879416616,100 174.76164003587525,-36.939859009183884,100 174.76164809075402,-36.93985474264108,100 174.76165580777962,-36.93985014040676,100 174.7616630841008,-36.93984517336169,100 174.76166992037938,-36.93983991901076,100 174.7616762133886,-36.9398343806883,100 174.76168194693446,-36.93982858657601,100 174.76168706792643,-36.93982257171235,100 174.76169156175987,-36.93981565310384,100 174.76169457122467,-36.939809517244335,100 174.7616969835645,-36.93980305044216,100 174.76169892108626,-36.93979629775194,100 174.76170043795756,-36.93978931966059,100 174.76170252318894,-36.93977474301315,100 174.76170508666485,-36.93974436341342,100 174.76170679214974,-36.93972914344078,100 174.7617081440374,-36.939721144784585,100 174.7617134241644,-36.93969892790517,100 174.76171767008069,-36.939684315592515,100 174.76172286023058,-36.93967013813313,100 174.76172931450768,-36.93965668281221,100 174.76173313014175,-36.93965030154474,100 174.76173738546325,-36.939644192264964,100 174.76174564992198,-36.939634594828114,100 174.76175122671816,-36.93962877239306,100 174.76175732709888,-36.93962315940998,100 174.76176388545827,-36.939617832564245,100 174.76177086477531,-36.9396127933064,100 174.76177821671914,-36.9396080883215,100 174.76178592370363,-36.93960373409441,100 174.76179388316632,-36.93959976279223,100 174.7618020767307,-36.93959620533289,100 174.76181050703602,-36.93959307880252,100 174.76181906958624,-36.93959042891691,100 174.76182773257662,-36.939588288595964,100 174.76183644285467,-36.939586690175034,100 174.76185188024377,-36.93958499643809,100 174.7618602802448,-36.93958479607997,100 174.76186880007822,-36.93958516719069,100 174.76187740127074,-36.93958604814917,100 174.76188606520077,-36.9395873617171,100 174.76190354687344,-36.9395912556451,100 174.76192111318133,-36.939596435417684,100 174.7619473343046,-36.93960594564696,100 174.76197246805475,-36.93961626517957,100 174.76199006229885,-36.93962119485809,100 174.7620075124152,-36.93962654579255,100 174.76202461173992,-36.939632412985894,100 174.76203294391328,-36.93963560533706,100 174.76204899674192,-36.939642496648474,100 174.7620566686497,-36.93964627294554,100 174.76207114782207,-36.93965450625752,100 174.76207788619868,-36.93965899494022,100 174.76208425198521,-36.93966378478917,100 174.7620944968773,-36.93967279930025,100 174.7620998602445,-36.939678333203226,100 174.76210490375738,-36.93968416658869,100 174.76210960800358,-36.93969023665146,100 174.76211808007812,-36.93970301259341,100 174.762121916421,-36.93970967058651,100 174.76212885648889,-36.9397234030449,100 174.76213499135537,-36.939737471932744,100 174.76214118106387,-36.939753677967424,100 174.76214444373403,-36.93976901799808,100 174.76214912927549,-36.939800161609064,100 174.76215223630254,-36.93981483786445,100 174.76215436487658,-36.93982169515911,100 174.76215700342442,-36.93982817083191,100 174.76216028646058,-36.939834157430546,100 174.76216428208474,-36.93983958904831,100 174.76216795931717,-36.93984338496588,100 174.7621747361324,-36.93984666528644,100 174.7621823618367,-36.93984931198951,100 174.76219066572628,-36.939851421347065,100 174.7621994964476,-36.93985314973321,100 174.76222762325102,-36.9398573489044,100 174.76224617946488,-36.93986065268357,100 174.7622549524265,-36.939862847010474,100 174.76226318562232,-36.93986559195035,100 174.7622667876311,-36.93986709689235,100 174.76227442761547,-36.939871679439996,100 174.76228178681808,-36.93987674656494,100 174.76228872569845,-36.93988228501571,100 174.76229520622022,-36.939888203420985,100 174.76230107277686,-36.93989442477318,100 174.7623062888055,-36.93990092167377,100 174.7623107308778,-36.9399076004136,100 174.76231431194157,-36.9399143865729,100 174.76231694261477,-36.93992125083311,100 174.76231856985328,-36.939928084019044,100 174.762319053452,-36.939934844046505,100 174.7623184908828,-36.93994264261451,100 174.76231679657488,-36.939949422349486,100 174.76231408014328,-36.93995618841288,100 174.76231041085128,-36.93996287668334,100 174.7623058916349,-36.93996947121158,100 174.7623006235831,-36.939975875857165,100 174.76229467639507,-36.939982045420194,100 174.76228816641634,-36.93998791237641,100 174.76228119781118,-36.93999341659304,100 174.762273873144,-36.93999847723044,100 174.76226840576646,-36.94000183472349,100 174.76226128836737,-36.94000555921283,100 174.76225365636836,-36.940008782086615,100 174.7622456151983,-36.940011546846605,100 174.7622285237142,-36.940016163871434,100 174.76218382292464,-36.94002603532777,100 174.76217022373348,-36.94002992902,100 174.76216272404068,-36.940033582564034,100 174.76214834978575,-36.94004165642033,100 174.7621414740388,-36.94004607404625,100 174.76213477802662,-36.940050690001456,100 174.7621218829465,-36.9400605346524,100 174.76211568502356,-36.940065715560564,100 174.76210368296054,-36.94007659881141,100 174.76208660286903,-36.94009389919988,100 174.7620703569112,-36.940112021840825,100 174.76204307913983,-36.94014454294394,100 174.76201577351344,-36.94017322297457,100 174.76199999805146,-36.94019081134416,100 174.76198466227447,-36.94020867169855,100 174.76196974712303,-36.94022675655011,100 174.761955252286,-36.94024505238363,100 174.76191983849327,-36.940292217368025,100 174.7619063409654,-36.9403109616811,100 174.7618889112211,-36.9403362431227,100 174.76187198855095,-36.940361748679756,100 174.76185328693802,-36.940390751664,100 174.7618212901429,-36.94043490323443,100 174.76180414436303,-36.940460474284535,100 174.76179629463533,-36.94047345638456,100 174.76178908864648,-36.940486599283894,100 174.76178263035075,-36.9404999311841,100 174.76177481267018,-36.940518937314465,100 174.76176970280827,-36.94053289726366,100 174.76176353473502,-36.94055419984746,100 174.76176049412229,-36.94056858967328,100 174.761759311114,-36.9405757791306,100 174.76175770863662,-36.94059025487561,100 174.76175707333232,-36.940604698242865,100 174.76175762927292,-36.940633958967666,100 174.7617580769247,-36.94064135406873,100 174.76175978346132,-36.94065606914035,100 174.76176266093339,-36.94067057936013,100 174.7617668453146,-36.94068474300385,100 174.76177241678596,-36.94069843359638,100 174.76177575148282,-36.940705053976366,100 174.7617838341161,-36.94071885963203,100 174.76179259499816,-36.94073139876528,100 174.761802826935,-36.94074335634198,100 174.76181435862313,-36.94075470515968,100 174.76182704940013,-36.94076538331063,100 174.7618407440506,-36.94077537957771,100 174.76185526673902,-36.94078466502316,100 174.7618704615668,-36.940793150024135,100 174.76187827634257,-36.940797079240006,100 174.76190360160538,-36.94080877407654,100 174.7619197059616,-36.940814967005466,100 174.76193634617346,-36.94082043902621,100 174.76195343937772,-36.94082534639739,100 174.7619707983193,-36.94082984692689,100 174.7619957170462,-36.940835785557404,100 174.76203839824686,-36.940847753682874,100 174.76207299529972,-36.94085609042266,100 174.76209045182142,-36.94085965931112,100 174.76210798296609,-36.940862762903244,100 174.76213316833312,-36.940866236909564,100 174.76214469464702,-36.940866527325156,100 174.76216868445562,-36.94086650477221,100 174.76223681692287,-36.94086458140572,100 174.76225421724422,-36.940864589038014,100 174.7622612305842,-36.9408649229908,100 174.7622669363532,-36.94086552601988,100 174.76227116347192,-36.94086647817928,100 174.76227377462055,-36.94086781395531,100 174.76227454887257,-36.940869009347665,100 174.7622730052494,-36.94087155869398,100 174.76226974089002,-36.94087447698799,100 174.76226501515478,-36.94087771441209,100 174.76225179697516,-36.94088499327261,100 174.76222523222418,-36.94089729235295,100 174.76217661795707,-36.94091785130981,100 174.76215339458656,-36.94092891913543,100 174.76212212414157,-36.9409432313055,100 174.76209834452496,-36.940953501584616,100 174.7620743608761,-36.94096325031149,100 174.7620574448528,-36.94096866959952,100 174.7620062596514,-36.94098403620925,100 174.761989871885,-36.940989818997245,100 174.76198189298955,-36.940993001034364,100 174.76197414357364,-36.940996395985294,100 174.7619634526181,-36.94100175893298,100 174.7619563494766,-36.94100600957131,100 174.76194276425747,-36.941015247032254,100 174.7619299465409,-36.94102533838143,100 174.76191780148238,-36.94103611467469,100 174.7619062241764,-36.94104740891976,100 174.76188712895072,-36.94106776225277,100 174.76185950934695,-36.941090919034615,100 174.76183988626585,-36.94110887994451,100 174.7618283666478,-36.941121071053296,100 174.76182328141752,-36.94112717913067,100 174.76181876892934,-36.941133339098336,100 174.76181486034562,-36.941139490104675,100 174.7618116611401,-36.94114562878199,100 174.76180924163415,-36.94115178563348,100 174.76182209840547,-36.94118663596016,100 174.76183047602524,-36.941207250406244,100 174.76183680289924,-36.941220681918324,100 174.76184198015144,-36.94123036832727,100 174.76184591228824,-36.94123674639392,100 174.76185451472514,-36.941249179712074,100 174.76185913189232,-36.94125526819994,100 174.76186898274318,-36.94126715481075,100 174.7618795519271,-36.94127873512409,100 174.76189071891963,-36.941290041573566,100 174.76190236660327,-36.94130115701691,100 174.76192061354973,-36.941317442817066,100 174.76197638282153,-36.94136448858222,100 174.7620326066014,-36.94142122140553,100 174.76205564227593,-36.94144348405711,100 174.76207333699432,-36.94145982579877,100 174.76209149083738,-36.94147582002008,100 174.76210386367967,-36.94148624056918,100 174.7621429213735,-36.94151754733748,100 174.76216932723727,-36.941537679671875,100 174.76219673086692,-36.94155691298425,100 174.76221081946701,-36.941566112889674,100 174.7622251422694,-36.94157499925894,100 174.76223975130526,-36.94158353977307,100 174.76225462645405,-36.94159168966396,100 174.76226978528143,-36.94159943154551,100 174.76228522595892,-36.941606734799414,100 174.76230096688403,-36.94161356940853,100 174.76231358348008,-36.94161858102655,100 174.7623387222455,-36.941629720608255,100 174.7623645800983,-36.941639904013144,100 174.76239085260335,-36.94164868689614,100 174.76239963547147,-36.941651253312564,100 174.7624171836033,-36.941655719418804,100 174.76243456894233,-36.941659211795944,100 174.7624432005208,-36.94166057266946,100 174.7624601968001,-36.94166238442519,100 174.76246857946086,-36.94166283504083,100 174.76248497440787,-36.94166272055874,100 174.76249311822014,-36.94166196693283,100 174.76250064882157,-36.94166086728427,100 174.76250808260855,-36.94165936707816,100 174.76251538696448,-36.94165751276668,100 174.76252967284117,-36.9416527561786,100 174.76254354492607,-36.94164665914096,100 174.76255033967044,-36.941643155743606,100 174.76256366447964,-36.9416352857952,100 174.76257019639354,-36.941630950763354,100 174.76258303243432,-36.941621556704966,100 174.76260177709878,-36.94160577732017,100 174.76262001293532,-36.94158833441611,100 174.7626378158899,-36.941569551345175,100 174.76265531761737,-36.941549781278,100 174.76271214119413,-36.941482178685874,100 174.76270759719623,-36.94145724228626,100 174.76270596157627,-36.94141959087599,100 174.7627040625044,-36.94140954037147,100 174.76270234217077,-36.94137732525277,100 174.76270329198138,-36.94136981386894,100 174.76270308772726,-36.94136182658977,100 174.76270785734349,-36.94133856359529,100 174.76270908842977,-36.9413271777142,100 174.76271056937932,-36.941320787814284,100 174.76271030368144,-36.94131851589464,100 174.76271422437168,-36.94129593429183,100 174.76271941036856,-36.94125580118593,100 174.76272302691402,-36.941234834779124,100 174.76272264396118,-36.94115198818743,100 174.7627308657822,-36.941095900590895,100 174.76273147446977,-36.94108995898409,100 174.76273237400102,-36.941087234421346,100 174.76272840471964,-36.94105366283574,100 174.76272674837014,-36.941046348777974,100 174.7627307521068,-36.94098292837129,100 174.76273051407924,-36.94097766632108,100 174.76272438684342,-36.940963938059475,100 174.7627232791593,-36.94095913958667,100 174.76272280381406,-36.94095001073823,100 174.7627248657353,-36.94094203217682,100 174.76272775894998,-36.94093543383228,100 174.76273683892418,-36.9408784330622,100 174.76273735883314,-36.94085333675477,100 174.7627285110053,-36.940823825091556,100 174.76272176683077,-36.940783857384794,100 174.76271848782318,-36.940769911076764,100 174.76271810858321,-36.9407468732413,100 174.76272345914276,-36.94072270389253,100 174.76272811650907,-36.94071338166863,100 174.76274509872522,-36.94069295501895,100 174.7627511177077,-36.94068819495322,100 174.76277657810854,-36.94067329558438,100 174.7628554033561,-36.94064846167729,100 174.76289333812304,-36.94064049759747,100 174.76300012347335,-36.94060925638967,100 174.76302667434186,-36.94059845986517,100 174.7630555779521,-36.940582220404096,100 174.76315846710875,-36.940542028993676,100 174.76317872933535,-36.94053622906979,100 174.76322415769042,-36.940518942888126,100 174.7633592012843,-36.94047806918921,100 174.76336034205931,-36.940477384359525,100 174.76342148185455,-36.940454946190414,100 174.76343117450395,-36.940451828737714,100 174.76343660129777,-36.940450949557075,100 174.7634588807658,-36.94044356843208,100 174.7635214607563,-36.94041794694745,100 174.76354916051412,-36.940409454173775,100 174.764037647593,-36.94023230993559,100 174.76408937772274,-36.94021052138197,100 174.7641103115523,-36.94019309585197,100 174.76411522296772,-36.94018695961574,100 174.76412155776023,-36.94018036688723,100 174.7641307579604,-36.94017016411049,100 174.7641362976772,-36.940165612994974,100 174.76415408953696,-36.94015115085264,100 174.7641884478067,-36.940116902571695,100 174.764219105746,-36.940084046840774,100 174.76423592673655,-36.94006410188633,100 174.76425115802408,-36.94003603791458,100 174.76426571721572,-36.94000200719283,100 174.7642768622927,-36.939967025820366,100 174.76428482779858,-36.93993551855885,100 174.76429382002644,-36.93990023207624,100 174.76430112817567,-36.93986466326308,100 174.76430696092507,-36.939828901855975,100 174.76431149369472,-36.93979300744042,100 174.76431377742543,-36.939770018372066,100 174.76431689183462,-36.93973411618961,100 174.7643188449559,-36.93969815464996,100 174.76432006973468,-36.9396621128984,100 174.76431989196806,-36.93962733312262,100 174.76432319989496,-36.93961126458731,100 174.7643286029873,-36.939589836241254,100 174.76433406594364,-36.939570760384285,100 174.76434022823477,-36.939549922846204,100 174.7643487645448,-36.93953065620466,100 174.76436259850112,-36.93947906026475,100 174.76436697123302,-36.93946738882862,100 174.76437410860007,-36.939425829588004,100 174.76437040227435,-36.93938362659458,100 174.76436897608778,-36.9393785561608,100 174.76436786011715,-36.93936327442874,100 174.76436766858342,-36.9393483476045,100 174.7643562322247,-36.93930549875315,100 174.76435570902765,-36.93929785691933,100 174.76435733001836,-36.93928547195851,100 174.76437041438393,-36.93924787222942,100 174.76438199180845,-36.93923320225629,100 174.76439502445888,-36.93922544641032,100 174.76441584495862,-36.9392252740148,100 174.76442218356314,-36.939226300177,100 174.7644308177318,-36.93922914716786,100 174.76444588662937,-36.939238113221485,100 174.7644558878401,-36.93924166456669,100 174.76451026384717,-36.939280881958446,100 174.7645139282348,-36.93928484744397,100 174.76451713859606,-36.939286653774964,100 174.76458095610715,-36.93935490604936,100 174.76458550805077,-36.9393577731377,100 174.7646102795499,-36.93938231510959,100 174.76464316740612,-36.93940497254118,100 174.7646705715186,-36.9394229199828,100 174.76467694141917,-36.939425788890716,100 174.76470398123234,-36.939452476550855,100 174.76473915136265,-36.93947584002776,100 174.76475693731223,-36.93948552097319,100 174.76476652975026,-36.939492718848655,100 174.7647733661712,-36.9394962919684,100 174.764800294482,-36.93951317837228,100 174.76480666291897,-36.93951603197213,100 174.7648157960052,-36.93952215417097,100 174.76483988866624,-36.93952957816441,100 174.76485398290993,-36.9395349370984,100 174.7649077190497,-36.93955993087368,100 174.76492364624337,-36.939565259849275,100 174.76494957797848,-36.93957559572756,100 174.76495819210467,-36.939576987325445,100 174.76499180877357,-36.939586888083475,100 174.76500136717445,-36.93958934814142,100 174.76501087103105,-36.93959036868036,100 174.76501905373476,-36.939592479640915,100 174.76503037475598,-36.93959419783643,100 174.76506901682927,-36.9396051460254,100 174.76508263911822,-36.93960829827574,100 174.76512342248031,-36.939612334744936,100 174.76513205636377,-36.93961516636538,100 174.765191072178,-36.9396281325581,100 174.76527220684733,-36.93963689594229,100 174.7652839962466,-36.93963934984754,100 174.76531348621188,-36.93964344870178,100 174.7653397550292,-36.93964396126969,100 174.7653629027866,-36.93964960465221,100 174.76539523139792,-36.93966460525609,100 174.76541355398956,-36.939680456754736,100 174.76541584167697,-36.93968334575997,100 174.76542316808153,-36.93968985440592,100 174.76542869778012,-36.939697087397704,100 174.76543899812643,-36.939723182839344,100 174.7654438567668,-36.939781379020744,100 174.7654429907381,-36.939785404628886,100 174.76544488758134,-36.93979193902449,100 174.76546719453674,-36.93983578613675,100 174.7654705094441,-36.93984776512479,100 174.76547332256717,-36.93985430031667,100 174.76547838391295,-36.93986079757212,100 174.7655218995283,-36.939899387306724,100 174.76553110091177,-36.93991021609145,100 174.76553749167218,-36.93991598062225,100 174.76554211084525,-36.939921417272565,100 174.76555127236347,-36.93992935066809,100 174.7655585432024,-36.93993364465676,100 174.76559138809162,-36.9399519364034,100 174.76560010027282,-36.93995986115418,100 174.7656220070382,-36.93997312837957,100 174.76565659446638,-36.93998922288582,100 174.76566344103648,-36.93999318337493,100 174.76566711378769,-36.93999677735009,100 174.76568854250525,-36.94000825621824,100 174.76570588867284,-36.94001901343917,100 174.76571777868662,-36.94002947233761,100 174.76572877460742,-36.94003811843241,100 174.76577018141973,-36.9400584523055,100 174.76577617120404,-36.94006138899798,100 174.76580138829476,-36.94008234489475,100 174.76582060616886,-36.94009460382271,100 174.76583292001283,-36.940099975596624,100 174.7659252752799,-36.940153263300495,100 174.7659421491083,-36.94016043480127,100 174.76594857433412,-36.940165501165446,100 174.7659627426841,-36.94017377016543,100 174.76597192294284,-36.94018173389387,100 174.76598472749043,-36.940190753254804,100 174.76604602024324,-36.94022712879529,100 174.7660556505816,-36.940235813197404,100 174.76608811169902,-36.94025527232821,100 174.7661095757013,-36.94026676591608,100 174.76611279690434,-36.94026967076522,100 174.7661210561984,-36.940275435410626,100 174.76612696676713,-36.940277955045175,100 174.7661297314996,-36.94028122361131,100 174.76613430794205,-36.94028300687294,100 174.76613796240517,-36.9402859043753,100 174.76614482441747,-36.940289121007204,100 174.76615443686578,-36.94029707829213,100 174.7661631785966,-36.94030613283087,100 174.76617369617023,-36.94031297522245,100 174.7661815071776,-36.94031950635482,100 174.76619020721824,-36.94032490661015,100 174.76621439538923,-36.94033674272134,100 174.76624277322082,-36.94035549461521,100 174.76625600341697,-36.940360867133904,100 174.7662755694704,-36.94036509895135,100 174.7662847066364,-36.940368664795436,100 174.76630300013113,-36.94038129522312,100 174.76635738227634,-36.940411899422365,100 174.76640729431867,-36.940447610347825,100 174.76641236183946,-36.940452327338896,100 174.76648882753966,-36.940506463891126,100 174.7665093915245,-36.94051724522294,100 174.7665409422225,-36.94053563437063,100 174.76654871668282,-36.94054140710023,100 174.76664838014025,-36.940599729391764,100 174.76666070163836,-36.94060474583905,100 174.76674472497055,-36.940644602632126,100 174.76677253216994,-36.940654583012375,100 174.76680778712986,-36.94067913705785,100 174.76681369484342,-36.94068089867976,100 174.7668141654321,-36.940682361749396,100 174.7668192136016,-36.940686336312915,100 174.7668210419325,-36.940688877000454,100 174.76683979924965,-36.94069931561221,100 174.76688182716256,-36.94072162097262,100 174.76694138097298,-36.94076638717679,100 174.76697663273526,-36.940789485567045,100 174.76698577434425,-36.94079596259179,100 174.7670049713636,-36.94080603860686,100 174.76700773469807,-36.940808563573604,100 174.76702693992323,-36.94081899458766,100 174.76703104566607,-36.94082261362152,100 174.76703652526834,-36.940825868801106,100 174.76705992320674,-36.94084465585043,100 174.7670695022802,-36.94084931377941,100 174.76706953359547,-36.94085188481315,100 174.76707505238414,-36.940857322433445,100 174.76708146623648,-36.940861258633305,100 174.76711661060307,-36.940878148402575,100 174.76713357276574,-36.940890784992895,100 174.76714406214052,-36.94089581603859,100 174.76715321274617,-36.94090195221268,100 174.76716326024516,-36.940906617583316,100 174.76718469258228,-36.94091482969363,100 174.7672061454016,-36.94092451156736,100 174.76726881648227,-36.940962707364186,100 174.76727888670308,-36.94097029991236,100 174.76729031326187,-36.9409774991194,100 174.76730767556202,-36.94098684527496,100 174.76732917655744,-36.94099909700713,100 174.76733830560565,-36.94100303513915,100 174.76734265949202,-36.94100553461939,100 174.7673461760334,-36.941010478356816,100 174.76734913969844,-36.94100937697951,100 174.7673561396644,-36.94101457441612,100 174.7673716750428,-36.94102285083571,100 174.7673767228888,-36.94102680915554,100 174.7673899831454,-36.94103400899836,100 174.76740372810377,-36.941045955248335,100 174.76741109066825,-36.941053189701854,100 174.76741887494512,-36.94105933357517,100 174.76742755869296,-36.94106475020365,100 174.76746915302056,-36.94108630378476,100 174.76748190937084,-36.941092056368866,100 174.7675208198633,-36.94111617811981,100 174.76759431282167,-36.94115210442132,100 174.76765320809682,-36.941177182356675,100 174.7677009942728,-36.94118921754353,100 174.76773880687608,-36.94119949759178,100 174.76775514968284,-36.94120009611222,100 174.76781079175373,-36.94119736674783,100 174.76786114692462,-36.94119486479746,100 174.76792163034804,-36.94118127795979,100 174.7679464339776,-36.941174535310175,100 174.76796984808394,-36.941164903847515,100 174.76804688762243,-36.94113588297607,100 174.76805910112316,-36.94113597600753,100 174.76808662258253,-36.94112527026121,100 174.7681645716967,-36.941085129560186,100 174.7682378699322,-36.94103630073491,100 174.76825316755532,-36.94102782572424,100 174.76826037038435,-36.94102270524583,100 174.76828288236203,-36.94101092035622,100 174.76829914851288,-36.94100645536115,100 174.76832766536688,-36.94100155643612,100 174.7683565751248,-36.940993738548485,100 174.76835883763454,-36.94099227714169,100 174.76836876535705,-36.940988211190614,100 174.76842475461595,-36.94096932360453,100 174.76844912151248,-36.94095972292374,100 174.76848393829937,-36.9409522271283,100 174.76849024607344,-36.94095001684781,100 174.76857706270786,-36.9409313189733,100 174.76859380212383,-36.9409264899612,100 174.7686087388593,-36.940923486857365,100 174.76865026413637,-36.94091052185145,100 174.76866244647155,-36.94090533438338,100 174.76868771274522,-36.94089573377657,100 174.7686935592599,-36.94089168893605,100 174.76870169176178,-36.94088909273209,100 174.76870892292789,-36.94088578257996,100 174.76873103775046,-36.94087872830307,100 174.76875629320418,-36.940868029119734,100 174.7687738333955,-36.94085592342028,100 174.76878147730366,-36.94085186441777,100 174.76878506803527,-36.940848211908026,100 174.7688003457627,-36.94083756942152,100 174.7688129751695,-36.94083093314732,100 174.76881747471998,-36.940827638445974,100 174.76883366867912,-36.9408177232001,100 174.76886282410334,-36.94079314577549,100 174.76887048633915,-36.94078837444232,100 174.7688749738751,-36.94078397758924,100 174.768904859456,-36.94074669041523,100 174.76890884909582,-36.940739020131645,100 174.76891058976227,-36.94073135631423,100 174.76892432169598,-36.94070762156543,100 174.76895447468462,-36.9406517449369,100 174.76896274562606,-36.94062619514409,100 174.76897993714664,-36.94058964238359,100 174.7689912571087,-36.94055750709891,100 174.7689938952473,-36.94055243025044,100 174.76900190161064,-36.94054088478114,100 174.76900809410793,-36.94053077782191,100 174.76902007014803,-36.940513467776874,100 174.7690240252698,-36.940504451414235,100 174.7690399581396,-36.940476839680066,100 174.7690407992688,-36.94047320199177,100 174.76903698665947,-36.94046007141442,100 174.76903148456296,-36.940453903559,100 174.7690264460022,-36.94045102857209,100 174.76901325191568,-36.94044708083222,100 174.76897789526123,-36.94044695054469,100 174.76896475161428,-36.94044630092177,100 174.7689475779498,-36.94045040908017,100 174.7689313569069,-36.9404566238768,100 174.76890925290772,-36.9404620520263,100 174.768894762342,-36.94046351355203,100 174.7688866243927,-36.940463880856726,100 174.76883944618396,-36.94046069357073,100 174.76883601656914,-36.94045985234607,100 174.7698560070275,-36.94008286418664,100 174.7698598232296,-36.94009410639381,100 174.76987382158458,-36.94011660858037,100 174.76990013002492,-36.9401430454469,100 174.76990745195732,-36.94014662454959,100 174.76991250997725,-36.94015097108345,100 174.76992047163762,-36.94016404969705,100 174.76994024425372,-36.94018103798015,100 174.76997651018175,-36.94020591490655,100 174.76998016183603,-36.940207326035086,100 174.76998380259104,-36.940207683669406,100 174.76999614183484,-36.94021268418156,100 174.77001530877646,-36.94022091603151,100 174.77002082289846,-36.94022415523532,100 174.77002539118757,-36.94022558244143,100 174.7700313479314,-36.94022989844675,100 174.77004689764573,-36.940236702427356,100 174.7701709227873,-36.94027434884724,100 174.7701823053728,-36.940276437880435,100 174.77018954242007,-36.94027673558152,100 174.770215032094,-36.940281271411145,100 174.77023865816628,-36.94028325090335,100 174.7702671616431,-36.94028259518424,100 174.77033215250012,-36.94026877768412,100 174.77034068975226,-36.9402657724388,100 174.77035860908282,-36.940254976799245,100 174.77038446625562,-36.94023133509566,100 174.7703946819317,-36.9402202640416,100 174.77043036677819,-36.94019066941101,100 174.77043441014243,-36.94018916158124,100 174.77046085283862,-36.94017282183017,100 174.77047600757507,-36.94015877303059,100 174.77047910400174,-36.940154726748844,100 174.77049788307252,-36.94014173344096,100 174.77050737732827,-36.94014165405656,100 174.77051011942092,-36.94014272360733,100 174.7705133423074,-36.9401463250393,100 174.77051621048892,-36.940153619107626,100 174.77051629689237,-36.940158371441456,100 174.7705072882271,-36.94018549795144,100 174.7705037910751,-36.94019212170817,100 174.77050087985793,-36.9402067423537,100 174.77050095727688,-36.94021115501952,100 174.77050522217803,-36.94022096640988,100 174.77050893141717,-36.940226029759806,100 174.770513080675,-36.940230019371626,100 174.77052769697994,-36.94023680836499,100 174.77053230345714,-36.940240418908154,100 174.77055699809472,-36.940254413374966,100 174.770561874318,-36.94027263858947,100 174.7705607395171,-36.94028434938638,100 174.7705538526283,-36.940304518427844,100 174.77055303213524,-36.940309626791326,100 174.77055046173467,-36.940317334551104,100 174.77054964161664,-36.940322459132915,100 174.77055258724846,-36.940334118094675,100 174.77055906181252,-36.94034246702006,100 174.77057139362708,-36.940348550982776,100 174.77058144802595,-36.94035210191416,100 174.77058782497414,-36.94035531109899,100 174.77061245642898,-36.94036346857191,100 174.77063117378964,-36.9403716772815,100 174.7706535016412,-36.94037840173155,100 174.77067214118782,-36.94038222932158,100 174.77076480239032,-36.94039662070597,100 174.7707761468154,-36.940397253699295,100 174.7707861267902,-36.94039860737576,100 174.77081465875722,-36.94039903540146,100 174.77087340063048,-36.94039039972214,100 174.77089819183615,-36.940383191558766,100 174.77092334742713,-36.94037198235319,100 174.7709309638852,-36.94036752072804,100 174.7709471520008,-36.94036003707651,100 174.77096906709292,-36.94034519515776,100 174.7709870623241,-36.940338069414885,100 174.7710015061295,-36.94033609457286,100 174.7710128689568,-36.940337425800976,100 174.77103837480948,-36.94034595591223,100 174.77105207232643,-36.94035200232797,100 174.77105617183946,-36.94035267756549,100 174.77107256731202,-36.94035871077475,100 174.77107666121572,-36.94036122931791,100 174.7710984757881,-36.94036610369624,100 174.77116464793986,-36.940369363672026,100 174.77118330807798,-36.940375389221494,100 174.77119019876136,-36.940379689432866,100 174.77119989406611,-36.94039018411709,100 174.77120989248826,-36.94041386796705,100 174.77121044624374,-36.94041862865046,100 174.7712128355712,-36.94042410284553,100 174.77121528252914,-36.94043323017814,100 174.7712213691968,-36.94044194178009,100 174.7712333826572,-36.94045245956454,100 174.77129465913984,-36.94047390475351,100 174.7713243004465,-36.94047913011722,100 174.77133203102332,-36.94047979173398,100 174.77138898417397,-36.94048846911849,100 174.77140267940007,-36.94049237756928,100 174.77141962223757,-36.940498818978476,100 174.77144238564492,-36.94050228477702,100 174.7714905089147,-36.94050113414081,100 174.77150273031066,-36.94049885710104,100 174.77154456610253,-36.94050141819745,100 174.77155587052656,-36.94049911066875,100 174.77156446084373,-36.940496846339634,100 174.77158938298214,-36.940494081444605,100 174.77159978119576,-36.94049215968314,100 174.77162200687337,-36.940490151573734,100 174.77162975620288,-36.94049152584428,100 174.771642428833,-36.94048996943151,100 174.7717023349713,-36.94048763159787,100 174.77171457512938,-36.94048606811076,100 174.7717286508253,-36.9404859436982,100 174.77177890512715,-36.94047819224325,100 174.77185499546312,-36.94047702881286,100 174.7718793680175,-36.940473079597396,100 174.77188789627786,-36.94047041507867,100 174.77189601261458,-36.94046921235669,100 174.771924735627,-36.940457526075875,100 174.77192831765532,-36.94045491103486,100 174.77195807224328,-36.94042604890528,100 174.77197081116103,-36.94040617010793,100 174.77198108507943,-36.94039873762632,100 174.77199092990855,-36.94039348015072,100 174.77199315600308,-36.94039054734502,100 174.7720001695293,-36.94037877043253,100 174.7720041368462,-36.940373592562295,100 174.77202012791346,-36.940358430561446,100 174.77202940541218,-36.94034588978003,100 174.7720346526272,-36.9403366809813,100 174.77205983462864,-36.94030422406091,100 174.7720731850316,-36.94029198572474,100 174.77208247219338,-36.94027981434084,100 174.77209049151568,-36.94027350340685,100 174.7721096163809,-36.94025644689252,100 174.77211139613377,-36.9402557199947,100 174.77213678149928,-36.94023456542094,100 174.77215286687928,-36.940223768043424,100 174.77215864019618,-36.940218221607736,100 174.77216090300624,-36.940217455952606,100 174.77216577918077,-36.940213365037124,100 174.77217786130274,-36.94020629041829,100 174.772229035257,-36.940185171825846,100 174.7722425156266,-36.94018135717556,100 174.77224975082842,-36.94018089675894,100 174.7722556480994,-36.94018157396334,100 174.7722763640675,-36.94017799471359,100 174.77228406806,-36.94017828531695,100 174.7723480433963,-36.94019098101415,100 174.77235711420332,-36.94019196236016,100 174.77235961988714,-36.94019188980483,100 174.77240757359465,-36.94019021495265,100 174.77243570698764,-36.940186528554094,100 174.77248495764135,-36.94016934673547,100 174.77249630577413,-36.94016737826731,100 174.772525699559,-36.94015891760817,100 174.77253291113993,-36.94015549935792,100 174.77255774668754,-36.94014599900423,100 174.77256717312997,-36.94013926143241,100 174.77259153872012,-36.94012828179264,100 174.77263697139253,-36.940124758900836,100 174.77264472070024,-36.94012613310569,100 174.7726831583661,-36.94013847620893,100 174.77269595826345,-36.94014052581309,100 174.77270547424,-36.940139300336554,100 174.7727323857854,-36.940142634552586,100 174.77273921056326,-36.940144378580804,100 174.77277252193224,-36.94014909541724,100 174.77277711609486,-36.940150861932395,100 174.77281732116575,-36.940160635947414,100 174.77283824183533,-36.94016036773817,100 174.77284779753361,-36.94016134090517,100 174.77286828868236,-36.94016182270224,100 174.7728952388422,-36.9401673555526,100 174.77291482198407,-36.94016819340576,100 174.77292570395448,-36.940166944810386,100 174.7729843683367,-36.94016544959271,100 174.77301199650742,-36.94015958757818,100 174.77301834911876,-36.94015912677445,100 174.7730288847506,-36.94016192671302,100 174.77306871691786,-36.94017537643137,100 174.7730847698024,-36.94018290167365,100 174.7731297144555,-36.940202167025134,100 174.77315362230433,-36.940215817571506,100 174.77316187718958,-36.94021938343991,100 174.77316741916172,-36.940223721703966,100 174.77317840865558,-36.94022798402071,100 174.7731862411359,-36.94023192844546,100 174.77319310226346,-36.94023441640399,100 174.77321376059143,-36.940244822905214,100 174.77323758041786,-36.94025370580597,100 174.77324448687776,-36.94025727738575,100 174.77327559620144,-36.94026716996246,100 174.7732861895684,-36.94027289563764,100 174.77329264069886,-36.94027760518553,100 174.77333026118816,-36.940295862197445,100 174.77333854113854,-36.940299055429215,100 174.77334634854378,-36.940303370664786,100 174.7733578751299,-36.940312394786766,100 174.77337102585597,-36.940333549099016,100 174.77338126956784,-36.940370159590344,100 174.77340732339434,-36.940400718548894,100 174.77340922382905,-36.94040471370526,100 174.7734328780899,-36.94042941108936,100 174.77345267563726,-36.94044128695573,100 174.77346093053947,-36.940444851901184,100 174.77348150128512,-36.94045045917344,100 174.77348792319725,-36.940453325924736,100 174.7735066684586,-36.94045860713802,100 174.7735837279245,-36.940468251306214,100 174.77360525354612,-36.9404753296866,100 174.77361077491966,-36.9404781963634,100 174.77361992890036,-36.94048174606451,100 174.77363604074958,-36.94049219697146,100 174.77364108430032,-36.94049397206215,100 174.77367674944378,-36.94052770067501,100 174.77370103459222,-36.940560812418674,100 174.77370618570905,-36.940568098439975,100 174.7737130506843,-36.940578160194605,100 174.77414424706737,-36.94075626802071,100 174.77415475927796,-36.94076018315392,100 174.77415567898043,-36.940761638580504,100 174.77416391560794,-36.94076446105248,100 174.77421183438045,-36.94077893874045,100 174.77421686265018,-36.94078145763254,100 174.77425788635597,-36.94078942076427,100 174.77426840757732,-36.94079367555435,100 174.77432767266296,-36.94080547343302,100 174.7743522396514,-36.9408077300727,100 174.77436274097565,-36.940810545726265,100 174.7744469810881,-36.94082093828132,100 174.77452068606954,-36.94082521767344,100 174.77453345015402,-36.940826539337145,100 174.7745425671164,-36.94082863477118,100 174.77456440951505,-36.94082985319525,100 174.7746187268383,-36.94082677179875,100 174.7746283865956,-36.94082777300957,100 174.77465362503239,-36.94082789781796,100 174.7747013898063,-36.94082963279044,100 174.77473209896567,-36.94082859871929,100 174.77481238442553,-36.940827813235074,100 174.774900692681,-36.940810710849966,100 174.77490936748939,-36.940807686997196,100 174.77491530514106,-36.94080652024335,100 174.77492077202834,-36.94080388955484,100 174.77495001192494,-36.94079547656445,100 174.77502395584935,-36.94076930601916,100 174.77503534822216,-36.940765710645884,100 174.77510311934765,-36.940744318354156,100 174.77513185808053,-36.940732552650935,100 174.77516155352717,-36.94072504674742,100 174.77525519427215,-36.940707515558536,100 174.7752583529817,-36.940709260175296,100 174.77527211432735,-36.94070768529417,100 174.77528455148922,-36.94070503239001,100 174.7753004859214,-36.94069911665218,100 174.77538728306672,-36.94067236071643,100 174.7754062928158,-36.94066498388993,100 174.7755410262858,-36.94062980014768,100 174.7755636710964,-36.94062524418134,100 174.77562434593986,-36.940607020437504,100 174.77565795848946,-36.94059446155675,100 174.77567301177902,-36.940589287222366,100 174.77568629279622,-36.94058448369972,100 174.77575500802837,-36.940566869718985,100 174.7757828648112,-36.9405558155815,100 174.77579128253188,-36.94055357065435,100 174.77587403829912,-36.94052435559087,100 174.7758798030708,-36.94052319227623,100 174.7758922041201,-36.94051913106912,100 174.77592988385635,-36.940509387424335,100 174.77594669106128,-36.940503827190284,100 174.77603566940007,-36.940473101146345,100 174.7760565661665,-36.94047049467441,100 174.77605833649923,-36.940469411833064,100 174.77607648405672,-36.940464852738586,100 174.77608535195168,-36.94046328156137,100 174.77615781208456,-36.94043862060898,100 174.77627869999782,-36.940407846062705,100 174.7763184652086,-36.94039439637066,100 174.77635388622068,-36.94038492073071,100 174.77647667445927,-36.94034126097293,100 174.77650098074326,-36.94033268166711,100 174.77651138095217,-36.94031068861603,100 174.77653231187517,-36.94028180055083,100 174.7765387448899,-36.940268314127756,100 174.77654290334758,-36.94025378014112,100 174.77656271104829,-36.940216222753534,100 174.77656881671408,-36.94020744977825,100 174.77659857672924,-36.94017082686814,100 174.77659978430458,-36.94016465901993,100 174.77661014385976,-36.94014642962402,100 174.7766310911838,-36.94011752597359,100 174.77663855580096,-36.940109829579605,100 174.77666064675117,-36.94009250623298,100 174.77667044175982,-36.94008729508631,100 174.77668603404368,-36.940080920099085,100 174.77672000647166,-36.940069563318986,100 174.7767499071242,-36.94005863069733,100 174.77680400432777,-36.94004228040875,100 174.77682674090974,-36.94003254919252,100 174.77684096710792,-36.94002546905755,100 174.7768730674434,-36.94001197525406,100 174.7768881833048,-36.94000452397102,100 174.77694282339075,-36.93997297176472,100 174.77696065291892,-36.93996546003042,100 174.7769794107799,-36.93995904844442,100 174.77701923509755,-36.93994796543163,100 174.77713925948652,-36.93990244635827,100 174.77715534798648,-36.93989785933346,100 174.77717052719416,-36.939892218741264,100 174.7772283800854,-36.93986315285775,100 174.77725646328545,-36.93985152174309,100 174.77727078217805,-36.93984804819614,100 174.77727613780885,-36.93984580663796,100 174.7772877023522,-36.939839482849735,100 174.77730462602105,-36.93983237309758,100 174.77731129250262,-36.93982865356271,100 174.77732965496457,-36.93982368816699,100 174.7773465591325,-36.939815836004406,100 174.77737228208167,-36.93979918012419,100 174.77737987534178,-36.939795817158874,100 174.77740118827762,-36.93978319855157,100 174.77747597256314,-36.939747364269394,100 174.77748396114433,-36.939742555053044,100 174.77753426597994,-36.93971866209066,100 174.77754314386326,-36.93971346640579,100 174.777563987818,-36.939699416267175,100 174.77758535663662,-36.93968896358936,100 174.777593373857,-36.939685967414135,100 174.7776200802793,-36.93967254695502,100 174.7776352398892,-36.93966616299978,100 174.77764997089284,-36.939661242911235,100 174.7777224427755,-36.93962293559521,100 174.77774903603836,-36.939604454027915,100 174.7777711355646,-36.93958674367853,100 174.7777898939896,-36.93956224315408,100 174.77779292812517,-36.93955712864042,100 174.77780077423972,-36.9395461420138,100 174.77782284310157,-36.939507060664766,100 174.77783960214242,-36.93947204630495,100 174.77788412620708,-36.9394116241013,100 174.777916578241,-36.9393734697562,100 174.7779217110718,-36.939362512934814,100 174.7779312031182,-36.9393058609761,100 174.77793226337812,-36.93929461542162,100 174.77793636401353,-36.93927717185701,100 174.77793767512497,-36.93925686237094,100 174.7779408590214,-36.93923872138378,100 174.77793792856352,-36.93922969427423,100 174.77793766508788,-36.93921811522002,100 174.77792270380093,-36.93917702856815,100 174.77791515628564,-36.939162642781454,100 174.77791271348042,-36.9391550793405,100 174.77790649752245,-36.939140687134255,100 174.7778972090676,-36.93912922609441,100 174.7778920303536,-36.93911950888021,100 174.77788099101164,-36.93909107225697,100 174.7778706269438,-36.939072752872114,100 174.7778553359407,-36.9390552121008,100 174.77785010282875,-36.939044071596676,100 174.7778430434348,-36.93903184529474,100 174.77783657225964,-36.93902434757857,100 174.7778148884262,-36.93900364601644,100 174.7778061628339,-36.93899727086184,100 174.77776461765546,-36.93897505409973,100 174.77774276558827,-36.938966681640984,100 174.77770650047574,-36.93895743256295,100 174.77768432940098,-36.93895412854531,100 174.77767525629454,-36.93895173976147,100 174.77764412488702,-36.93895109361642,100 174.77763062221223,-36.938951317406804,100 174.77760499548347,-36.93895421939709,100 174.777589293967,-36.93895771638645,100 174.77757581089782,-36.9389593639796,100 174.7775118618635,-36.9389624827482,100 174.7775055500741,-36.93896184355661,100 174.77747850995618,-36.938962244755665,100 174.77747622457989,-36.93896082692487,100 174.77745625324465,-36.938954964404914,100 174.77743888393778,-36.938944720317686,100 174.77743105901925,-36.938939026577835,100 174.7774096065507,-36.93892668312132,100 174.77739904617764,-36.93891957918605,100 174.77737898049065,-36.93890936463787,100 174.77737163859294,-36.938903678986,100 174.7773637846688,-36.938896204646255,100 174.77734939518405,-36.93887937678485,100 174.77733773727272,-36.938862535072076,100 174.777330779747,-36.93885430281246,100 174.7773264837103,-36.9388445867805,100 174.77731182151737,-36.93879697534079,100 174.77730594201245,-36.93873910688205,100 174.77730566142358,-36.938727511856655,100 174.77730714993243,-36.9387141066162,100 174.77730645489837,-36.93870323164852,100 174.77731044651236,-36.93868287843623,100 174.77733582084818,-36.93861222635356,100 174.77733826554473,-36.938601700972356,100 174.77733891999011,-36.93859081842276,100 174.77733675875473,-36.93857671520412,100 174.7773329468465,-36.938567006346105,100 174.77732549508684,-36.93853885125752,100 174.77731979241807,-36.9385262467848,100 174.77731072918453,-36.938505381444614,100 174.77730929742873,-36.93850213735499,100 174.77729405396443,-36.93848643901684,100 174.77724808289753,-36.93844942807622,100 174.77724112542063,-36.938441195809546,100 174.7772312187713,-36.938422497267794,100 174.77722683743693,-36.93840881755368,100 174.7772261067277,-36.938396502792195,100 174.77722935735628,-36.93838234019691,100 174.77723240916453,-36.938377938384946,100 174.77724479587633,-36.938367960919095,100 174.77730354042126,-36.938335953235494,100 174.77732361539927,-36.93832767595721,100 174.77736503690866,-36.93830606842373,100 174.77739273241107,-36.93829551206283,100 174.77739895094194,-36.93829180103205,100 174.77741010195984,-36.93828692375018,100 174.777430120136,-36.9382757675525,100 174.7774598755189,-36.93825648970832,100 174.77746835827304,-36.93825275559419,100 174.77749411678965,-36.93823750883892,100 174.77751449186863,-36.93822272213175,100 174.77753124297973,-36.93820689636038,100 174.77754044558773,-36.93819553161386,100 174.77754912406112,-36.938180552264896,100 174.7775686298171,-36.93812989658391,100 174.77757068860075,-36.93812117603149,100 174.77757622100506,-36.938106975661064,100 174.77758446347852,-36.938075695959924,100 174.77758546431897,-36.93806082794576,100 174.77758380594892,-36.93804744367499,100 174.77758133460844,-36.93803806897741,100 174.777571214217,-36.93801104176112,100 174.77757188822076,-36.93800163079014,100 174.77757652230565,-36.93798742854569,100 174.7775881520204,-36.93796550982967,100 174.77759190742466,-36.93795277909275,100 174.77759214103853,-36.93792417186147,100 174.777590969648,-36.937912948000466,100 174.77758853666685,-36.93790575575179,100 174.77758908819342,-36.937890880042694,100 174.77759408043508,-36.937873777360764,100 174.7775983599868,-36.937864662126394,100 174.77760736680645,-36.93784496930493,100 174.7776168797163,-36.937828163079246,100 174.77764016587864,-36.937802828658505,100 174.77765173752206,-36.93777730097557,100 174.77765547496958,-36.93776457140669,100 174.77766669162963,-36.93774338624101,100 174.777683778796,-36.937722506161776,100 174.77769171829814,-36.93771511084785,100 174.77772094967852,-36.93769296103316,100 174.77775779378666,-36.93766960121132,100 174.7777832228237,-36.93765835492762,100 174.7778665256441,-36.937635743379765,100 174.77787912858278,-36.93763483811138,100 174.77789979154056,-36.93763129022957,100 174.77791008959554,-36.93762822292741,100 174.77792262947716,-36.93762552224629,100 174.77797257010315,-36.93762114837397,100 174.77799464727013,-36.937620814175155,100 174.77801850363159,-36.93761900939728,100 174.77808887669946,-36.93762160684861,100 174.7781092418728,-36.937625296569564,100 174.77812908175025,-36.937625370803865,100 174.77815291896505,-36.937622838911764,100 174.77816822728425,-36.93762224461625,100 174.7782166996389,-36.93761320210476,100 174.77825362712386,-36.93761194061163,100 174.77829779229748,-36.937611642389946,100 174.77834635866932,-36.93760693562128,100 174.77835494353596,-36.93760716486937,100 174.77847867476711,-36.93759774313607,100 174.77853502048393,-36.93759691806946,100 174.77854849474664,-36.93759562742886,100 174.77858364325724,-36.937595121657345,100 174.778599400076,-36.937593776088804,100 174.7786319278585,-36.937596939219375,100 174.77865578306978,-36.93759513433084,100 174.77867969697854,-36.93759624075776,100 174.7786986746334,-36.937597769041076,100 174.77871451766194,-36.93760114604009,100 174.77874166219885,-36.93760545065092,100 174.77876710816156,-36.93761305072977,100 174.77877574204675,-36.93761654743819,100 174.77878299814688,-36.93761825401345,100 174.7788371156405,-36.93763773761871,100 174.77887727285136,-36.9376577935888,100 174.7788823114133,-36.9376620616136,100 174.77889556971314,-36.937669833443834,100 174.77890022227686,-36.93767522309831,100 174.77890478214618,-36.93767768842197,100 174.77891595207015,-36.93769236959277,100 174.7789202583994,-36.937702426116076,100 174.7789236021557,-36.937729564658504,100 174.77892106632385,-36.93777489001087,100 174.77891616014415,-36.937795970830855,100 174.77890412823683,-36.937820422128524,100 174.7788870594395,-36.937842030379585,100 174.77887978434757,-36.93785771436938,100 174.7788751790408,-36.93787299872908,100 174.77886958892174,-36.937884319369495,100 174.77886791380823,-36.93788978309516,100 174.77886766893442,-36.93789774731623,100 174.77886645181775,-36.93790354398185,100 174.7788626696981,-36.937971716005414,100 174.7788555155642,-36.93803051333281,100 174.77885346667938,-36.9380584393109,100 174.77884074321483,-36.93811114956608,100 174.77884004973725,-36.938119136731686,100 174.77880293486032,-36.938207343570035,100 174.7787939105621,-36.93824515618945,100 174.77879361052277,-36.93825166558753,100 174.77880503412499,-36.93831453801552,100 174.77882002507656,-36.938357419564106,100 174.77882381631784,-36.93836497630472,100 174.77882754291363,-36.93836999406407,100 174.7788501077745,-36.93840878456617,100 174.77885159675245,-36.93841419728194,100 174.77885834643564,-36.93843256081718,100 174.77886495812376,-36.93846435444239,100 174.7788703147979,-36.93855628561883,100 174.77886956503875,-36.93856281797842,100 174.7788690419755,-36.93857876224072,100 174.77886757958797,-36.938592554678635,100 174.778866690241,-36.938611772653154,100 174.77886981862108,-36.93862983982382,100 174.77887741350864,-36.93868778884927,100 174.77888074837335,-36.93869570935183,100 174.77888183538195,-36.938703681558714,100 174.778889678798,-36.93873296094259,100 174.7789192779906,-36.938805149394454,100 174.77893557164805,-36.93882741239785,100 174.7789822066608,-36.938874678876836,100 174.77899794876697,-36.938892970760776,100 174.77901735204674,-36.93891303027615,100 174.7790330247698,-36.93892659932163,100 174.77904916100283,-36.93894271759314,100 174.7790731139625,-36.9389641717875,100 174.77908096168662,-36.938972048098265,100 174.77909196299595,-36.938979516623036,100 174.77910114897816,-36.938986998827815,100 174.7791121599746,-36.93899411117995,100 174.77914805288157,-36.93902520193654,100 174.779163793864,-36.93904276644041,100 174.77920787934013,-36.93907700444225,100 174.77922071512134,-36.939085184556035,100 174.77922531339624,-36.93908910403758,100 174.7792330762102,-36.93909371428734,100 174.77924537923803,-36.93909863686161,100 174.77929286031423,-36.93912230271648,100 174.7793001431826,-36.93912438110624,100 174.77930375661234,-36.939124336870776,100 174.77937684237767,-36.93914222091399,100 174.77941082843307,-36.93914828588377,100 174.77943844411257,-36.93915476628868,100 174.77945415316594,-36.939158981626484,100 174.77947020119402,-36.939163577651314,100 174.77949475883247,-36.939171580253635,100 174.77954137224995,-36.93917565507535,100 174.77957132327552,-36.93918212658589,100 174.7796142117206,-36.93918260862355,100 174.77962236657075,-36.939183604044544,100 174.7796399765977,-36.93918371504883,100 174.77964769040744,-36.939185058682895,100 174.7796936025798,-36.9391793573102,100 174.77971064964564,-36.93917438242305,100 174.7797597860512,-36.939150121173014,100 174.77976552548412,-36.939145317577655,100 174.7797698584597,-36.93913691442039,100 174.77977639930856,-36.93912630596123,100 174.77979052534818,-36.93910658942498,100 174.7798027446169,-36.939085417879795,100 174.77981397368765,-36.93906203308787,100 174.77982061819114,-36.93904062874,100 174.77982755043857,-36.93902705624467,100 174.77984755826608,-36.93900272054458,100 174.77989271900105,-36.93896848973428,100 174.77992454127218,-36.93895022944235,100 174.779935469769,-36.938944767592744,100 174.77996413337104,-36.93892882058676,100 174.78000618996572,-36.93891107383103,100 174.78005240353875,-36.93889285373225,100 174.78006525413937,-36.93888883132165,100 174.78007895568908,-36.93888291958219,100 174.78008996667887,-36.93887931502497,100 174.78009873643936,-36.93887797756493,100 174.7801129709602,-36.93887393169683,100 174.780135103626,-36.93886969440447,100 174.78017784938228,-36.938871338391806,100 174.78019279016837,-36.938873228001356,100 174.78020719051176,-36.93887365474094,100 174.7802220867424,-36.9388751736667,100 174.78028192228783,-36.93887416564338,100 174.78029959232376,-36.93887526621281,100 174.78033256767256,-36.9388756334424,100 174.78034889126525,-36.938877499593815,100 174.78041414032225,-36.93889802242857,100 174.78045204434926,-36.93890646825115,100 174.78049680220994,-36.93892446543159,100 174.78052235230282,-36.938938057410176,100 174.78053555634946,-36.93894372255448,100 174.7805501146821,-36.938948235317184,100 174.7805802680856,-36.938960604547646,100 174.78059437906896,-36.93896586941368,100 174.7806042965898,-36.93897086097015,100 174.78061891157225,-36.938976890714905,100 174.78064310399844,-36.93899086085577,100 174.78065602804296,-36.939001766013114,100 174.78066522599713,-36.9390123611101,100 174.78073089412132,-36.93908209191699,100 174.78073433006406,-36.939087254580706,100 174.78073917544535,-36.93909271788061,100 174.780744591382,-36.93910156432882,100 174.78077610241832,-36.93918885064267,100 174.7807801144292,-36.939209644546814,100 174.78082095511493,-36.93929383365295,100 174.78083292831082,-36.939308796418274,100 174.780834787472,-36.93930912185467,100 174.7808395256127,-36.93931446327627,100 174.78084667956597,-36.939322288582545,100 174.78085855582916,-36.93932807004704,100 174.78089123224137,-36.93934505942732,100 174.78093784741503,-36.93935320588146,100 174.78096158538992,-36.939354206320644,100 174.78098488138158,-36.939352813142584,100 174.78100989156346,-36.93935280122313,100 174.78103446840421,-36.93935414328729,100 174.7810865920105,-36.93936058826481,100 174.78111117996596,-36.93936838817683,100 174.78115444211733,-36.939386750045635,100 174.78117015888057,-36.93939592055182,100 174.78119392039855,-36.93941259291948,100 174.78120835797222,-36.93942517611852,100 174.78121301204263,-36.93943129392985,100 174.78123128206803,-36.93944831997298,100 174.78123722590874,-36.93945683219609,100 174.781252147563,-36.939493581800946,100 174.78125684223218,-36.93951470524633,100 174.78126541452016,-36.93951713371531,100 174.78127400364565,-36.93951956193106,100 174.78128255945438,-36.939522005968634,100 174.78129111451875,-36.939524466240684,100 174.78129963733628,-36.939526988286346,100 174.7813081099685,-36.93952957327609,100 174.7813165496091,-36.939532236274566,100 174.78132492331838,-36.93953500932253,100 174.78133151991517,-36.93953731600431,100 174.78133979539373,-36.93954030684419,100 174.78134805584025,-36.939543375423405,100 174.78135621514997,-36.939546585225585,100 174.78136430815087,-36.93954988885902,100 174.78137236999606,-36.93955330111895,100 174.7813803303689,-36.93955684018563,100 174.7813882420148,-36.939560456595885,100 174.7813960689834,-36.93956419775829,100 174.7814037959904,-36.939568034158285,100 174.78141147240322,-36.939571964153835,100 174.7814190480886,-36.939576004721125,100 174.78142654062836,-36.939580139372396,100 174.78143394742094,-36.93958435282412,100 174.78144127106796,-36.939588660359874,100 174.78144285170933,-36.939589610080574,100 174.7814498559057,-36.93959427933549,100 174.78145670879036,-36.93959910498769,100 174.7814634598462,-36.93960404212962,100 174.78147009438678,-36.939609135146796,100 174.78147666080406,-36.93961429227882,100 174.78148314369818,-36.93961952727673,100 174.78148957492832,-36.93962480991861,100 174.78149600799514,-36.93963012317781,100 174.7815024059517,-36.939635423443484,100 174.78150881994887,-36.93964068921758,100 174.78151523179633,-36.939645910858395,100 174.78152171289136,-36.93965106836672,100 174.7815282416238,-36.93965610167768,100 174.78153487258533,-36.93966104061735,100 174.781541585603,-36.93966583861925,100 174.78154841550472,-36.93967044829161,100 174.78155537766918,-36.939674854982385,100 174.78156250835107,-36.93967907256882,100 174.7815662987469,-36.939681177984944,100 174.7815739994742,-36.93968470471033,100 174.7815818508536,-36.93968799843416,100 174.78158983514604,-36.93969111710773,100 174.78159793636414,-36.93969404925359,100 174.78160617018042,-36.939696792833885,100 174.78161452161473,-36.939699379619945,100 174.78162298918778,-36.93970179431132,100 174.78163155827616,-36.93970408399658,100 174.78164020868576,-36.93970620120823,100 174.7816489430078,-36.939708209000486,100 174.7816577773449,-36.93971007558513,100 174.78166666115462,-36.93971184858976,100 174.78167562887668,-36.93971351217492,100 174.7816846460503,-36.93971508127902,100 174.7816937134309,-36.93971658833858,100 174.78170281306927,-36.939717985852425,100 174.78171194529082,-36.93971933600747,100 174.7817211105255,-36.93972060905336,100 174.781730291863,-36.93972185031034,100 174.7817395069271,-36.939723045092656,100 174.78174868646053,-36.9397242088609,100 174.7817578828312,-36.93972537237575,100 174.78176704481461,-36.93972650576071,100 174.78177622399204,-36.93972765420954,100 174.78177667404924,-36.93972769342348,100 174.78178555173582,-36.939729203322656,100 174.78179441001535,-36.93973065132064,100 174.78180331848068,-36.93973203637305,100 174.78181220977356,-36.93973340726121,100 174.7818211332718,-36.939734714572296,100 174.78183007437303,-36.93973600629591,100 174.7818389964448,-36.93973725233662,100 174.78184793461938,-36.93973846658843,100 174.78185690687718,-36.93973964968284,100 174.78186584510445,-36.93974081796469,100 174.78187481664924,-36.93974197042321,100 174.78188380427576,-36.93974309019184,100 174.78189275789276,-36.939744196048906,100 174.781901728347,-36.939745301652614,100 174.7819107160474,-36.93974637635157,100 174.78191970294037,-36.93974746458193,100 174.78192868953974,-36.93974854019738,100 174.78193765926036,-36.93974961426281,100 174.78194664731845,-36.939750704276285,100 174.78195563389752,-36.93975177898866,100 174.7819646219351,-36.93975286809974,100 174.78196875158181,-36.93975338837977,100 174.78200076227512,-36.939744478709585,100 174.78202962464346,-36.93973895120457,100 174.78210967097442,-36.939719472603734,100 174.7821384099351,-36.93970913021741,100 174.78214934310415,-36.93970382312367,100 174.78220022965704,-36.93967435916365,100 174.7822423280461,-36.93964279540551,100 174.78225325142782,-36.9396371171013,100 174.78226467152416,-36.93963328807972,100 174.7822774375759,-36.939627949855925,100 174.78228522168757,-36.939625993394394,100 174.78229993587024,-36.93962581127599,100 174.78231047223355,-36.93962458323415,100 174.782328498926,-36.93962879043734,100 174.78235214034962,-36.9396380770712,100 174.78239921090494,-36.93964782678743,100 174.7824089555298,-36.93965141290827,100 174.78241448172724,-36.93965245120302,100 174.78244001287413,-36.939663951959254,100 174.78246220217315,-36.93966994888445,100 174.78248615458392,-36.93967185884511,100 174.78252880934542,-36.93966726343837,100 174.7825457649412,-36.939664101191404,100 174.78255487777582,-36.939660667313376,100 174.78256490328897,-36.93965573073526,100 174.78258125481105,-36.93964591942839,100 174.78262060385265,-36.93961438599921,100 174.78264451602462,-36.9395919209662,100 174.78266306274756,-36.93957801529685,100 174.7826730690548,-36.939572351624875,100 174.78270312090723,-36.93955793070237,100 174.78271635544507,-36.9395533280935,100 174.78273054227353,-36.939549452979314,100 174.7827736459344,-36.93954485074532,100 174.78278786330668,-36.939542816582666,100 174.7828700694925,-36.93953807693752,100 174.78290776452525,-36.939538349142666,100 174.7829358492591,-36.939540221296795,100 174.78298273894242,-36.93953888533747,100 174.78304331406812,-36.939533697961615,100 174.7830566356196,-36.939533167118,100 174.78307037755678,-36.93953149879073,100 174.78313085300672,-36.939520397439374,100 174.7831441153761,-36.93951689398759,100 174.7831555161931,-36.93951233689593,100 174.7831805408452,-36.93949945511335,100 174.78320150220213,-36.93949068222341,100 174.783216578646,-36.93948643676397,100 174.78325573989045,-36.93946709372996,100 174.78333243221573,-36.93941883384695,100 174.78335310927358,-36.93940908996181,100 174.78336377119652,-36.93940405001982,100 174.7834759263768,-36.93937818270989,100 174.7835598391432,-36.93937253094739,100 174.78359987859557,-36.93936644488772,100 174.7836267394359,-36.93936311836732,100 174.7836540197693,-36.93935794231958,100 174.78370467532736,-36.93935573740524,100 174.7837206707943,-36.93935695906233,100 174.78379738515093,-36.93935656727525,100 174.7838289470163,-36.93935977502689,100 174.78384777637234,-36.939364262872104,100 174.78390865898916,-36.93937034517077,100 174.7839982155693,-36.939391049711794,100 174.78400558660735,-36.939393869181735,100 174.78401395113306,-36.93939961566381,100 174.7840246760722,-36.93940975130631,100 174.7840375249858,-36.93943046007925,100 174.78404714999854,-36.9394515940483,100 174.78405542450645,-36.93953037662777,100 174.78405256025903,-36.93956418527968,100 174.7840314919063,-36.939618443728236,100 174.7840271184129,-36.939646036052494,100 174.7840284819905,-36.9396647370832,100 174.7840165720926,-36.939678423364214,100 174.7840049137495,-36.93970121199836,100 174.78399284683297,-36.939726222238754,100 174.78398533318426,-36.939733997338,100 174.7839510121993,-36.93975861817957,100 174.78391377977945,-36.939775637676426,100 174.78390120229056,-36.939780198098525,100 174.78388502598096,-36.93978740481413,100 174.78384593111176,-36.939802611757045,100 174.78393328740992,-36.94010698973591,100 174.78404473887167,-36.94008601225324,100 174.7840936335185,-36.94013625856392,100 174.78406811131504,-36.94023248405111,100 174.78453589944908,-36.940308137554204,100 174.7850024540743,-36.940155521715816,100 174.78528124551093,-36.93941310511147,100 174.78528219166432,-36.93941356858955,100 174.78530693489714,-36.939409286574325,100 174.78536806342032,-36.939398715064954,100 174.78536573894186,-36.93939240465789,100 174.78536959605157,-36.93939173555729,100 174.78536365752475,-36.93937543507777,100 174.78521304995184,-36.93896933965515,100 174.78561023693754,-36.93890043441804,100 174.7856128184216,-36.93889456759812,100 174.7856293392829,-36.93888198083989,100 174.78563287549605,-36.93887757063117,100 174.78563406926648,-36.93886954436445,100 174.78564018330323,-36.93885781174284,100 174.78564721650824,-36.93884755158985,100 174.7856570206488,-36.93883939763196,100 174.78566554636802,-36.93883530626452,100 174.78567908732313,-36.938832587906674,100 174.78569087192548,-36.93883279463808,100 174.78569632078666,-36.93883417644858,100 174.785701808417,-36.938837026843,100 174.78570458799126,-36.938839551124396,100 174.78571116499955,-36.93885111811684,100 174.78571363142467,-36.938860911824186,100 174.7857198849367,-36.93887867942093,100 174.78572040331596,-36.93887933680583,100 174.78587043417147,-36.93885545466993,100 174.7858999132008,-36.93883495578494,100 174.7859327386135,-36.93881879963803,100 174.78595131702608,-36.93880816120641,100 174.785988566605,-36.93879052160678,100 174.78602044650683,-36.93877258420991,100 174.78603146163343,-36.938763109584265,100 174.7860402193198,-36.93875260264235,100 174.78604142869963,-36.93874919094445,100 174.78604171370833,-36.93874884595461,100 174.78604678688927,-36.93873432763749,100 174.78605098435676,-36.9387287600771,100 174.78605400992078,-36.938723351653806,100 174.7860697708665,-36.938703421417095,100 174.786071502413,-36.9387001559914,100 174.7860815912911,-36.93868962812033,100 174.7860873622104,-36.93868739434205,100 174.7860922420719,-36.93868412301736,100 174.78610113448266,-36.93868222534699,100 174.78610214393487,-36.93851287827669,100 174.78606305296924,-36.938471931245736,100 174.78602935581114,-36.93843149794313,100 174.78601832601416,-36.93839753411012,100 174.78600418266385,-36.93837223111755,100 174.78599255291002,-36.93835854901206,100 174.78599111967085,-36.938355305053726,100 174.78599053544616,-36.938348748556706,100 174.78599257990928,-36.93834618957419,100 174.7859993481564,-36.93833771441347,100 174.78600335378013,-36.938334751878976,100 174.78601369363903,-36.9383305998493,100 174.7861115475289,-36.93830961408182,100 174.78611153546905,-36.938305153582995,100 174.78610673295734,-36.93654943821606,100 174.78642943777768,-36.936533694443646,100 174.78643358122505,-36.93721821188657,100 174.78643385538163,-36.93727910069561,100 174.78643410465145,-36.937334306994764,100 174.78643792033404,-36.937363559024426,100 174.78680601277009,-36.93743424931122,100 174.78737604393706,-36.9374203968924,100 174.78760942492866,-36.93741216137831,100 174.787693258107,-36.93729302061553,100 174.7876748833063,-36.93679185428155,100 174.78767495780534,-36.936163916625105,100 174.78772711982492,-36.93608019541583,100 174.78781310661378,-36.93604387236314,100 174.78797554252372,-36.93602372973879,100 174.78827984275952,-36.936027383417546,100 174.78857815066266,-36.936009328826366,100 174.7887551983468,-36.93592352760423,100 174.7888975182507,-36.93575544960117,100 174.78893373156754,-36.93568507980071,100 174.78888794412364,-36.93539300517079,100 174.7892546235227,-36.93547354456214,100 174.7894563616947,-36.93551938527764,100 174.78954435960918,-36.93556152926509,100 174.78965555208012,-36.935659969442185,100 174.7898006672751,-36.93581017077334,100 174.78994204665085,-36.93602585122884,100 174.79006469583547,-36.936352619702376,100 174.79007970712615,-36.936348560036386,100 174.79039496849524,-36.93762059717276,100 174.79073164585188,-36.93853662678771,100 174.79101820112032,-36.93920709797616,100 174.7914151803002,-36.93984284879691,100 174.79149362818544,-36.94015602784836,100 174.79160611654478,-36.94013573788637,100 174.791976733692,-36.94010281113948,100 174.79235444142444,-36.940128644667986,100 174.79270698754283,-36.94021606972649,100 174.79306021105447,-36.94036369403474,100 174.79335286367203,-36.94056735290792,100 174.79359343553142,-36.94081363205187,100 174.7936346795266,-36.94088009395121,100 174.79365230841609,-36.940820842010126,100 174.79366136625305,-36.94083600702242,100 174.79366915612698,-36.94085427463307,100 174.79367257530333,-36.940858059031974,100 174.79368552046606,-36.94087839301934,100 174.7936902870618,-36.94089079629277,100 174.79370234168633,-36.94091079041105,100 174.79371658387393,-36.94092973928774,100 174.7937252317128,-36.94095112244262,100 174.79374465846084,-36.94098660266507,100 174.79374724130824,-36.9409941789658,100 174.79375070686473,-36.94100109027036,100 174.79375415871849,-36.94101349898243,100 174.79376410907625,-36.941040387597404,100 174.79376629495016,-36.94104798611899,100 174.79376931855072,-36.94105453365408,100 174.79378187473176,-36.94109452696716,100 174.79380694144467,-36.9411527877626,100 174.7938099862527,-36.941164166094964,100 174.79381086875583,-36.94117417102425,100 174.79381477934334,-36.941196947991656,100 174.79381698957778,-36.94121281582975,100 174.79382438537323,-36.941245927046104,100 174.79383862436606,-36.94127211001399,100 174.7938451308945,-36.94129626825192,100 174.79384950249616,-36.94132213611703,100 174.79385085109797,-36.941342153167,100 174.7938504479621,-36.94135594326891,100 174.79385090604572,-36.94136561390793,100 174.7938544195981,-36.941389080078515,100 174.79386049416456,-36.94141459322828,100 174.79386267585508,-36.941428045936725,100 174.79387093983803,-36.94146461144053,100 174.79387311266987,-36.941476345449786,100 174.79387916024342,-36.941489454027256,100 174.79388871243864,-36.941527035691685,100 174.79389778566284,-36.94155012943351,100 174.79390191334207,-36.941564540594136,100 174.7939042883151,-36.94156674631312,100 174.7939176069672,-36.941579440378824,100 174.79393146005182,-36.94159141341747,100 174.79394685190707,-36.94160134513068,100 174.79395451677578,-36.941604794971305,100 174.79397315913425,-36.94161069369691,100 174.79399315174354,-36.94161460441811,100 174.79401362718403,-36.94161712610433,100 174.79402801395554,-36.94161896104118,100 174.79404813616165,-36.941620545269735,100 174.79406839437826,-36.94162136942276,100 174.79408867570427,-36.9416217425591,100 174.79409086866997,-36.94162159765697,100 174.7941126357053,-36.94161991764684,100 174.79413113433276,-36.94162227269478,100 174.79413795329967,-36.94162776509673,100 174.79414646939824,-36.94164266064515,100 174.79415421722433,-36.941659318181586,100 174.79415520616465,-36.941660788625974,100 174.79416598742122,-36.94167502622421,100 174.79417918101055,-36.94168688571707,100 174.7941935731872,-36.941694264620644,100 174.7942129217751,-36.94169939281618,100 174.79423394118228,-36.94170155112041,100 174.79425531617704,-36.94170139574612,100 174.79427122572562,-36.94170060280268,100 174.7942910424837,-36.94169773273603,100 174.79430862067318,-36.94169124431569,100 174.79432610259832,-36.94168438600045,100 174.79432725185305,-36.941684026127355,100 174.79434507964586,-36.94167850916638,100 174.79436292503655,-36.9416729766142,100 174.79438067997506,-36.941667321944465,100 174.79439830858868,-36.941661451961245,100 174.79441577392436,-36.94165527528763,100 174.7944329525764,-36.94164870095204,100 174.79443596602374,-36.941647535958296,100 174.79445304984756,-36.94164065299619,100 174.79446989898105,-36.94163338690906,100 174.79448647714514,-36.94162572292273,100 174.79450275180866,-36.94161766243035,100 174.79451866979184,-36.94160918820928,100 174.7945341974622,-36.94160030257061,100 174.79454328947196,-36.94159408028345,100 174.79455783297442,-36.941583305912324,100 174.7945719854237,-36.94157208858882,100 174.79458599510832,-36.941560721097105,100 174.79460005891735,-36.94154945914238,100 174.79461446182216,-36.941538579631555,100 174.79462940037143,-36.941528371623875,100 174.7946451416003,-36.94151906542806,100 174.79464930849642,-36.941516331808586,100 174.79466640230459,-36.941505855971904,100 174.79468403787973,-36.941496934846285,100 174.79470204295689,-36.941490888776976,100 174.79472024224532,-36.94148900480586,100 174.7947369294027,-36.94149221095564,100 174.79475517947435,-36.94149895282164,100 174.79477370956167,-36.94150652598296,100 174.79477675715867,-36.94150729561561,100 174.79479561004737,-36.94151130184566,100 174.7948147992625,-36.94151427998122,100 174.79483422593373,-36.94151637122261,100 174.7948538760961,-36.94151774613183,100 174.79487370213138,-36.941518576680934,100 174.79489363954195,-36.94151903329455,100 174.7949136579065,-36.94151930300742,100 174.79493367629425,-36.94151952584749,100 174.79495369795885,-36.941519888340494,100 174.79497365768455,-36.941520530276854,100 174.79498805146045,-36.94152199364421,100 174.79500761730233,-36.941524129622145,100 174.7950271688238,-36.94152637307138,100 174.7950467214668,-36.9415286642708,100 174.79506625758876,-36.941531017007044,100 174.79508577615567,-36.94153333936033,100 174.79510532842124,-36.94153561433186,100 174.79512487922898,-36.94153782713055,100 174.79514444433778,-36.94153993155043,100 174.7951573468933,-36.94154124979692,100 174.7951769596418,-36.94154318314013,100 174.7951965874101,-36.9415450387388,100 174.7952162122613,-36.94154676999505,100 174.7952358686311,-36.94154840883603,100 174.79525552280253,-36.941549953968874,100 174.79527518981553,-36.9415513285533,100 174.7952948891099,-36.94155259538832,100 174.79531456678683,-36.94155370661721,100 174.79531986598832,-36.9415539590773,100 174.79533957116584,-36.94155480669845,100 174.79535930678463,-36.94155546818246,100 174.795379038363,-36.94155600534102,100 174.79539876740392,-36.94155643437534,100 174.79541851296673,-36.94155680186623,100 174.79543827314473,-36.94155712226377,100 174.79545803406464,-36.94155742642288,100 174.79547776092764,-36.9415577626402,100 174.79549752368737,-36.94155814518044,100 174.7955172541879,-36.94155863636459,100 174.79552675760405,-36.941558942408406,100 174.79554645838485,-36.941559602585436,100 174.7955662116039,-36.941560296216615,100 174.79558593180258,-36.94156106605543,100 174.79560565458326,-36.94156189804352,100 174.7956253795426,-36.94156282283216,100 174.79564508800183,-36.941563810058675,100 174.7956647836441,-36.94156492095766,100 174.79567342712494,-36.94156542657029,100 174.79569310844585,-36.94156669270955,100 174.7957127938085,-36.94156808316766,100 174.79573244545332,-36.94156952010018,100 174.79575209927725,-36.94157104983325,100 174.79577175384213,-36.94157261109831,100 174.79579140984595,-36.94157423362863,100 174.7958110493939,-36.9415758726285,100 174.79583070616204,-36.94157747981816,100 174.79585034533065,-36.94157910259333,100 174.79585805693395,-36.94157836944201,100 174.79589012517934,-36.94157836028441,100 174.79594981366958,-36.94158832743697,100 174.79602817924422,-36.94162077866876,100 174.79603231342537,-36.94162148406166,100 174.79614996003752,-36.94167732893173,100 174.796176682781,-36.94168728903054,100 174.79620798487542,-36.94169644526177,100 174.79626053468175,-36.94171858001992,100 174.7963065778804,-36.941734566995045,100 174.79632134456276,-36.94174172275183,100 174.79634023211847,-36.94174772555235,100 174.79635127541215,-36.94175201643616,100 174.79642909221747,-36.94177935075177,100 174.79647019060172,-36.941799415276314,100 174.79648124054725,-36.94180331937759,100 174.79650106235053,-36.941812620395325,100 174.79650939146813,-36.94181766888824,100 174.79660726815484,-36.94186749503133,100 174.79675774793125,-36.94191345241786,100 174.79678074134094,-36.94191904600074,100 174.7968614791471,-36.94192692573263,100 174.7968954822325,-36.9419335117773,100 174.79691155115654,-36.94193553542025,100 174.7969202812747,-36.94193800632705,100 174.79696345714578,-36.94194482667404,100 174.79698045780745,-36.94194942031196,100 174.79702127178982,-36.94195115414062,100 174.79704230203896,-36.94194908365349,100 174.79711649936735,-36.94194822919537,100 174.79712156011198,-36.941949275648234,100 174.7971426522153,-36.941950889735615,100 174.7971596577738,-36.94195435300878,100 174.79717397559972,-36.941961516353295,100 174.79719020147897,-36.941974904224644,100 174.79719454359912,-36.941989621171594,100 174.79719890404075,-36.94200435316357,100 174.7972030748043,-36.94201908892782,100 174.79720691780133,-36.9420338774237,100 174.79720880257963,-36.94204183555713,100 174.797210907809,-36.94205697844086,100 174.79721263391144,-36.94207218655104,100 174.79721463479376,-36.942087285046426,100 174.797217597381,-36.94210211841513,100 174.79722051836924,-36.94211202665832,100 174.79722702021067,-36.94212599525726,100 174.797235052208,-36.94213956664231,100 174.79724416716337,-36.942152871965796,100 174.79725389998262,-36.942165997584674,100 174.79726382210455,-36.94217910321187,100 174.79726867971738,-36.942185649929804,100 174.79723041088727,-36.9422006306361,100 174.79712943901717,-36.94224019956921,100 174.79684695106408,-36.94235089936791,100 174.79659344788675,-36.94231143497035,100 174.79647963259245,-36.94235199177093,100 174.79636154399824,-36.94255252125819,100 174.79614302674636,-36.94261225125239,100 174.79548161380944,-36.942452069429,100 174.7952457774277,-36.94250494730844,100 174.7952506296876,-36.942522659839874,100 174.79535711287116,-36.94290903883081,100 174.7954055745699,-36.94292422705158,100 174.79543147457667,-36.94292983372256,100 174.79552235448426,-36.9429385830871,100 174.7956428738682,-36.94293438540486,100 174.79566342008454,-36.94293095967205,100 174.7956723153614,-36.94292850421856,100 174.79576373562742,-36.94291607303889,100 174.79582896823612,-36.9429103219535,100 174.79585747546346,-36.94290439356258,100 174.79587806036656,-36.94289912489392,100 174.7959275512779,-36.942891282832754,100 174.79595091222,-36.94288568914295,100 174.79596446185028,-36.94288327863269,100 174.79602405933838,-36.94287966500458,100 174.79606562088478,-36.94287285317649,100 174.79609218085707,-36.94286988530424,100 174.7962638939727,-36.94284486880721,100 174.79627643837352,-36.9428450314376,100 174.79628390258225,-36.94284403881258,100 174.79630529653386,-36.9428439602926,100 174.7964147721831,-36.94285411671282,100 174.79642445093236,-36.942856478662,100 174.7964327467199,-36.94285957718968,100 174.79645585352878,-36.9428654935938,100 174.79647013288073,-36.94287053587812,100 174.79648720798141,-36.94287599643612,100 174.7965865698645,-36.94289902075737,100 174.79660735001272,-36.94290527067816,100 174.79661843107792,-36.94290767178015,100 174.79663094415656,-36.94290932113598,100 174.79665080478216,-36.94291481162463,100 174.7966771778215,-36.94291927969836,100 174.79669567032337,-36.94292403466916,100 174.79671832462392,-36.94292918543172,100 174.79675156170887,-36.942938231109075,100 174.79676035612658,-36.94293984929842,100 174.7967826369173,-36.942941288626464,100 174.79684228816936,-36.942935087864974,100 174.7968544450926,-36.9429322828188,100 174.7968795820205,-36.94293116600196,100 174.7968949372551,-36.94293100210799,100 174.79691356054707,-36.942929421436915,100 174.79693215946483,-36.942928954271274,100 174.79695129034496,-36.942926992762395,100 174.7969624497672,-36.94292641916677,100 174.79702794878355,-36.94291494807332,100 174.7970553247323,-36.94290809372982,100 174.79705715896506,-36.94290677796993,100 174.79706188642743,-36.94290501101801,100 174.7970984953212,-36.942898653251255,100 174.79714135697859,-36.94288069988878,100 174.79716715536105,-36.94287566754712,100 174.79719781586718,-36.94287675101677,100 174.79722949634373,-36.94288382458354,100 174.79725141414468,-36.94288592097813,100 174.79727112517568,-36.942896943270846,100 174.7972848997821,-36.9429032017772,100 174.79729087833445,-36.94290431003972,100 174.79730923103506,-36.94291166826175,100 174.79732851203045,-36.942916813189186,100 174.79735330389948,-36.94292968559071,100 174.79738405824702,-36.94294035320844,100 174.79745151347632,-36.942970894684116,100 174.79751348839602,-36.94299223632105,100 174.79752037204108,-36.942995543627646,100 174.79753046454653,-36.942999216061,100 174.79754192804515,-36.943004366643954,100 174.79755297201393,-36.943008054413916,100 174.7975809541983,-36.943020547677705,100 174.79766174190576,-36.9430463138364,100 174.7976924974029,-36.94306433708811,100 174.79771450843063,-36.9430753668428,100 174.79777964915334,-36.943114728411146,100 174.7977892772406,-36.94311913612683,100 174.79780900873357,-36.94313164430711,100 174.79781449437695,-36.94313972906966,100 174.7978209153788,-36.94314451613282,100 174.79783559692228,-36.9431537171943,100 174.79784155757253,-36.94315812365647,100 174.79788146368304,-36.9431802057743,100 174.79789202706473,-36.94318532578809,100 174.79792458889895,-36.943210349273464,100 174.79796536546533,-36.943248585288416,100 174.79800205502858,-36.94327470174406,100 174.79801121059194,-36.94328021621645,100 174.79802775644097,-36.943287945995166,100 174.79804380444872,-36.943297139855915,100 174.79808781844096,-36.94332949881606,100 174.79812268491384,-36.943352672068706,100 174.7981566407045,-36.94336738933116,100 174.79820667114595,-36.943385027682,100 174.79822409617816,-36.943394616173485,100 174.79825666596,-36.94341925277482,100 174.79830294109868,-36.943464102247965,100 174.79831572726243,-36.94348753597231,100 174.79833580793414,-36.94353877060606,100 174.79834170824145,-36.94356219686147,100 174.79835175243738,-36.94358195954688,100 174.79836041827807,-36.943607955957724,100 174.7983667996566,-36.943633216336124,100 174.79837135746888,-36.943644197569526,100 174.79837455699564,-36.94365481541157,100 174.79837682639058,-36.943667615034315,100 174.79837726208862,-36.94367640358534,100 174.79839049249998,-36.943712282406,100 174.7983923100776,-36.943720336173946,100 174.79840142886317,-36.943743769556114,100 174.79840417081923,-36.943755462400844,100 174.79840919457075,-36.943765723624836,100 174.79844528585528,-36.94381805328347,100 174.79845030114666,-36.94382867065789,100 174.79845486174437,-36.94384110658731,100 174.79846170447763,-36.943864160732296,100 174.79846534874866,-36.94386928815997,100 174.79846808237306,-36.943876614199034,100 174.79846992244666,-36.94388686596157,100 174.79847265458955,-36.94389417670037,100 174.79847399117892,-36.943903694297376,100 174.79847947805294,-36.94391980172094,100 174.79847624570587,-36.94393520299,100 174.79846064504682,-36.94397656506391,100 174.7984588065096,-36.94398500500013,100 174.7984519147808,-36.944004045377284,100 174.79842898878007,-36.94404103971595,100 174.79840559781925,-36.94406814542272,100 174.7984023773331,-36.94407402218631,100 174.7983877185542,-36.944096367303686,100 174.7983785391536,-36.94411319982696,100 174.79837302081341,-36.94412784976249,100 174.79837210240623,-36.944134446967134,100 174.7983601649154,-36.94416631664574,100 174.79835599167038,-36.944197437788276,100 174.79835645826688,-36.94420477022735,100 174.79835826536637,-36.944211709212176,100 174.7983618928443,-36.944235513296036,100 174.79836645146278,-36.944257846730885,100 174.79836504539009,-36.94427431724861,100 174.7983632106624,-36.94428091391155,100 174.7983599971524,-36.9442864192215,100 174.79835769126296,-36.94429886271941,100 174.79835631253658,-36.944301069321405,100 174.79835492687303,-36.94431095713802,100 174.79835034522057,-36.94432303581915,100 174.79834436799607,-36.94434133316403,100 174.79833525345012,-36.944357343592436,100 174.7983224591563,-36.9443908387189,100 174.79832059940645,-36.944402484994505,100 174.79831647756203,-36.944416306185516,100 174.79831539130709,-36.94444308484271,100 174.79831220982,-36.944451098960926,100 174.79830919627068,-36.944460285865816,100 174.7982960157603,-36.94450692007609,100 174.79829421176822,-36.94453670020739,100 174.7982993322773,-36.94456201303228,100 174.79831078668093,-36.94458481886872,100 174.79831246858336,-36.94459493422406,100 174.79832431263625,-36.94462208576406,100 174.7983260388358,-36.94462859243595,100 174.79832915219686,-36.94463258232187,100 174.79833355568212,-36.944641629841485,100 174.79833528923095,-36.944647780377686,100 174.79833972121423,-36.94465393240287,100 174.7983441764252,-36.944658302152476,100 174.79835787398017,-36.94469355287938,100 174.7983666922597,-36.94471270139597,100 174.79837377234466,-36.944724260027414,100 174.79837994636065,-36.94473620643372,100 174.7983821468249,-36.94474234719252,100 174.79838929415334,-36.944747786596466,100 174.79839953088592,-36.944759014394165,100 174.79840442775023,-36.944763732574174,100 174.79842659616412,-36.94479809876486,100 174.79842748263673,-36.944800268350775,100 174.79844663998554,-36.944821288231566,100 174.79846749649215,-36.944848427617494,100 174.79848433486544,-36.9448773692313,100 174.7984949798818,-36.944893638266564,100 174.7984984845969,-36.94490338260009,100 174.79852673598393,-36.94496086128585,100 174.79853429756398,-36.94497025844121,100 174.79856220054398,-36.945017645730516,100 174.79857144438472,-36.94503788740198,100 174.79857538760456,-36.9450505201521,100 174.79859620267754,-36.94508740168265,100 174.79860286756525,-36.94509428960331,100 174.79863087684114,-36.945129766031286,100 174.79863484404711,-36.94513663713387,100 174.79864018504514,-36.94514314491957,100 174.79864771038868,-36.94515653909969,100 174.79866888070774,-36.9452024122797,100 174.79867192837924,-36.945212536680735,100 174.7986904902883,-36.945251205408944,100 174.79869574975473,-36.945264560005064,100 174.7987018088597,-36.94529272210336,100 174.79870620500543,-36.945302838692186,100 174.79871285414427,-36.94531440383005,100 174.79872307063,-36.9453281556195,100 174.79872923134482,-36.945342253674156,100 174.79873841261664,-36.94537076595288,100 174.79874195011732,-36.94537908478335,100 174.79874858132914,-36.94539065109187,100 174.798756126425,-36.94540077675353,100 174.79876810155787,-36.94541959439088,100 174.79877431007245,-36.945427559090476,100 174.79878802783242,-36.94545357896492,100 174.79879330565197,-36.94546694860042,100 174.79880703578587,-36.945490103868075,100 174.79886565064078,-36.94557044334862,100 174.79890234822867,-36.945638760402446,100 174.7989125423559,-36.94565361123018,100 174.79892358322428,-36.94567710556992,100 174.79894749629364,-36.94571869008232,100 174.79895278567653,-36.94572987561955,100 174.79896564130524,-36.94574869341312,100 174.79898066039888,-36.94578014386731,100 174.7989899760917,-36.94579316658762,100 174.7989970662299,-36.945805096371984,100 174.79900192244125,-36.94581557732362,100 174.79900811067213,-36.94582606693356,100 174.79901567871846,-36.94583439588506,100 174.79902321125925,-36.94584670563318,100 174.7990360978824,-36.94586335435643,100 174.79904232933305,-36.94586952234886,100 174.79905432459287,-36.94588579971042,100 174.79910510248195,-36.945939431628126,100 174.79911224152983,-36.94594522803648,100 174.79911935845166,-36.94595285267036,100 174.79913764629327,-36.945967010286076,100 174.7991461296791,-36.94597462773078,100 174.79915772861693,-36.94598298211557,100 174.79923848207306,-36.946051196549014,100 174.79925180866397,-36.94606749787818,100 174.79926518276116,-36.94608090162169,100 174.79927408041854,-36.9460924759121,100 174.79928832345826,-36.946108065721084,100 174.79929813041085,-36.94611604706053,100 174.7993101956778,-36.94612369673551,100 174.7993485252516,-36.94615958801184,100 174.7993578878319,-36.94616973025176,100 174.7993645578594,-36.94617878664073,100 174.79937925593654,-36.946192571394896,100 174.79940592052233,-36.94622622659477,100 174.79941080107054,-36.94623563818571,100 174.79946867180203,-36.946297947668555,100 174.79947936543235,-36.9463073874195,100 174.79950426832727,-36.94633780288968,100 174.79951425851303,-36.946354810923545,100 174.79951924615423,-36.946362377673346,100 174.799526222517,-36.94636989535135,100 174.79953427463542,-36.94638089567335,100 174.7995417190154,-36.94638911830452,100 174.79954786688901,-36.94639736238968,100 174.79956174686515,-36.94641097564964,100 174.7995922982247,-36.94644907221414,100 174.7995967360707,-36.94645808941678,100 174.7996122504958,-36.94647797726737,100 174.79962227967786,-36.94649315680977,100 174.79962767913284,-36.94650390710721,100 174.79963103970027,-36.94650942456284,100 174.79963454295836,-36.94651776100775,100 174.7996368560794,-36.946528253439716,100 174.79964740500708,-36.94656208526614,100 174.7996503200192,-36.94657572682247,100 174.79965131169124,-36.94658661243429,100</coordinates></LinearRing></outerBoundaryIs>
    </Polygon>
  </Placemark>

  <Placemark>
    <name>Mangere Bridge</name>
    <Point>
      <altitudeMode>relativeToGround</altitudeMode>
      <coordinates>174.77846373232217,-36.94897985645391,100</coordinates>
    </Point>
  </Placemark>

</Document>
</kml>