<?xml version="1.0" encoding="utf-8"?>
<kml xmlns="http://www.opengis.net/kml/2.2">
<Document>
  <name>Māngere (polygon: official_shp)</name>
  <open>1</open>

  <Placemark>
    <name>Māngere (polygon: official_shp)</name>
    <Style>
      <LineStyle><color>ffff0000</color><width>2</width></LineStyle>
      <PolyStyle><color>66ff0000</color><fill>1</fill><outline>1</outline></PolyStyle>
    </Style>
    <Polygon>
      <tessellate>1</tessellate>
      <altitudeMode>relativeToGround</altitudeMode>
      <outerBoundaryIs><LinearRing><coordinates>174.83251251300013,-36.99001448599994,100 174.83251651300012,-36.99012706599996,100 174.83246050300232,-36.99025504847805,100 174.83243643972145,-36.99025816842438,100 174.83228046149725,-36.99029877823343,100 174.83213367351019,-36.99033674029333,100 174.83208566416704,-36.99040233659698,100 174.83218436990893,-36.990497915972824,100 174.832191591895,-36.99050686141352,100 174.83210660200007,-36.99056224399993,100 174.83127054264227,-36.99121849957282,100 174.83113600623804,-36.99127474876329,100 174.83087292278387,-36.9913684087574,100 174.83070472047828,-36.99151448966257,100 174.8306470881675,-36.99166994995518,100 174.83065431263364,-36.99176958979377,100 174.83054312200014,-36.99194167499996,100 174.83018654541405,-36.992729187017204,100 174.83018592042143,-36.99272967884526,100 174.83010317515559,-36.992815586031206,100 174.8297564493449,-36.993093119541435,100 174.8297502005001,-36.99309628098173,100 174.82959915128544,-36.993172392583865,100 174.82948930079812,-36.99327932504462,100 174.8288701460001,-36.99343649699995,100 174.82843726666033,-36.99364937079386,100 174.8283414138401,-36.99363369842378,100 174.82811601967003,-36.99370648577778,100 174.82800121870213,-36.99375326423525,100 174.82798056100012,-36.99374541599996,100 174.82783718200005,-36.993635253,100 174.82780442700005,-36.99359069999998,100 174.8276214560001,-36.99333606499994,100 174.82754652104222,-36.993232288996424,100 174.8275140011,-36.99313433844535,100 174.82744217193027,-36.99300506469954,100 174.82732646146366,-36.992903808965586,100 174.82729254972858,-36.99288056638973,100 174.8271945360001,-36.99274482699996,100 174.82711043375602,-36.99268010924517,100 174.8271839098107,-36.99258472343831,100 174.82727739699422,-36.992465420577794,100 174.82712528447553,-36.992482218968014,100 174.82693153543823,-36.992528868047,100 174.82682410861898,-36.9925303432388,100 174.82670897000003,-36.99248268399999,100 174.82651066100004,-36.99241932299997,100 174.82614386300008,-36.992357923999975,100 174.8254688280001,-36.992324333999925,100 174.82478967500003,-36.992133917999986,100 174.82424250600002,-36.99167004599996,100 174.82415525900012,-36.99155883599996,100 174.8240346440001,-36.991245382999985,100 174.82397672100012,-36.99117877799995,100 174.82391983058878,-36.99113500102139,100 174.82392092135817,-36.99113368322525,100 174.82406514902948,-36.991048881405945,100 174.82424680909944,-36.99097639282484,100 174.8242581024118,-36.99085899841997,100 174.82409405114976,-36.99090413267009,100 174.82392100076845,-36.99094272985487,100 174.82380571416218,-36.99088095525884,100 174.82366658440932,-36.99087401896892,100 174.82364374707754,-36.99093621380171,100 174.82371310522336,-36.99101403661418,100 174.82367850162305,-36.991095385903925,100 174.82350666275676,-36.99112941041766,100 174.82335364520816,-36.991070920014295,100 174.8231927301536,-36.991070175561745,100 174.82303154761158,-36.99102170574384,100 174.82286909928737,-36.99110540228958,100 174.82285128000012,-36.991108570999984,100 174.82262672463906,-36.991196101648384,100 174.82240094971212,-36.991238260935475,100 174.82224259344156,-36.99128345210029,100 174.8222435751206,-36.991345450143285,100 174.8221839150001,-36.99136870499995,100 174.82124769900008,-36.99203793199996,100 174.8207177600001,-36.99218303599997,100 174.82043228300006,-36.99200754899993,100 174.82033477400012,-36.991803766999965,100 174.82028241800003,-36.991694630999966,100 174.82025076500008,-36.99156003699994,100 174.82021201800012,-36.99115502999996,100 174.8200206350001,-36.990324596999976,100 174.81993106400012,-36.99012330499995,100 174.8198140610001,-36.98994505299992,100 174.8191787390001,-36.989325711999975,100 174.81915165158645,-36.989289491398715,100 174.81918542722207,-36.98929514379283,100 174.81919908286145,-36.989293194011836,100 174.8192284140166,-36.98926923619367,100 174.81923259329156,-36.989241862188834,100 174.81922311583804,-36.989216438886984,100 174.81920211725134,-36.98918200957181,100 174.81917898420087,-36.98915853604646,100 174.81916931072323,-36.989120354883326,100 174.81920403391615,-36.98899065469868,100 174.81920764292462,-36.988986365882646,100 174.81922410891326,-36.988966837874116,100 174.81927021715822,-36.98887199196401,100 174.81928796152326,-36.9888464181362,100 174.81941969075123,-36.98871074304827,100 174.81945479623047,-36.98863781095562,100 174.81945448067052,-36.988617869624164,100 174.81944503181407,-36.988596192678514,100 174.81940355798645,-36.98856037562376,100 174.81937797171582,-36.98852258715471,100 174.81936592369473,-36.98848099216261,100 174.81938955874054,-36.98840094427581,100 174.81941614332925,-36.98836075612297,100 174.81955304144506,-36.988263105768965,100 174.8196201124778,-36.988200706630934,100 174.81964228385985,-36.98816779483879,100 174.81964858573667,-36.988136900169565,100 174.81964152616564,-36.98812246204236,100 174.8195522337438,-36.988078115392305,100 174.81954293704206,-36.98806551059061,100 174.8195334164585,-36.9880384160246,100 174.8195419243441,-36.9880038606325,100 174.8195507782199,-36.9879910893017,100 174.81966050251634,-36.98789736700134,100 174.8197251256514,-36.98782410660039,100 174.81980259271722,-36.9877035337035,100 174.8198616858442,-36.98756866730624,100 174.81993041298335,-36.987332138568505,100 174.81996873052762,-36.987041518453495,100 174.81996830209903,-36.98687827916235,100 174.81996106145286,-36.986852986547774,100 174.81995382010055,-36.98684152557371,100 174.81994977716693,-36.98683255005638,100 174.81994502175704,-36.986824794133,100 174.8199394727653,-36.986815844415545,100 174.81993078521137,-36.98680333755605,100 174.81992271313794,-36.98678657785072,100 174.81991549938212,-36.986772219613876,100 174.81990888728149,-36.98675241539801,100 174.8198930641186,-36.98672915887899,100 174.81988261580773,-36.986707638794456,100 174.81986747468383,-36.986681365915985,100 174.81986421785484,-36.98667653533193,100 174.81994355100005,-36.986495325999954,100 174.8199405900001,-36.986382728999956,100 174.8198224250001,-36.98615934799994,100 174.81979131100002,-36.98604718299998,100 174.81979389455623,-36.9858200341829,100 174.81979770196958,-36.985811184555786,100 174.81980989119518,-36.98578963729744,100 174.81982494442366,-36.98575390263107,100 174.81983568393707,-36.985726588432186,100 174.81985786087313,-36.985685313177875,100 174.81986646258161,-36.98566489529872,100 174.81987303904688,-36.98565501244088,100 174.8198871259357,-36.98563851320114,100 174.81991988607822,-36.98560618076115,100 174.81992784089348,-36.98559737366761,100 174.81994053691213,-36.98557800161745,100 174.81995135728314,-36.9855557335515,100 174.8199590121195,-36.9855335365627,100 174.819961346779,-36.985515005704755,100 174.81996298729285,-36.98550629003402,100 174.81996595666675,-36.98549680859408,100 174.81996982908998,-36.98548807041274,100 174.8199789868817,-36.9854723669063,100 174.8199963655963,-36.985439505109866,100 174.82001173911294,-36.98541863185456,100 174.82003840054537,-36.985375499576826,100 174.82004542928016,-36.985366351558575,100 174.82008161331578,-36.98532598629141,100 174.82009483658535,-36.98531021411654,100 174.8201084417124,-36.985291183225435,100 174.8201206972595,-36.98527219015614,100 174.82012822216197,-36.98526481643002,100 174.82013435128462,-36.98525568310518,100 174.82014214986697,-36.985239615569434,100 174.82015492562218,-36.98520285043247,100 174.82016056277058,-36.985190799873315,100 174.82016485429097,-36.98518022558138,100 174.82016831403365,-36.98517293583254,100 174.8201768747371,-36.98514962442623,100 174.82018488011772,-36.98512234041273,100 174.82019991897462,-36.985041275908614,100 174.82020107463512,-36.98503258299324,100 174.82020359350167,-36.985022397316584,100 174.8202065655569,-36.98501364319338,100 174.82020694615355,-36.985009671554614,100 174.82021454925385,-36.98498417741812,100 174.82021717921828,-36.98495913630835,100 174.82021966037686,-36.984947510001376,100 174.8202227391002,-36.98492173464445,100 174.8202223077161,-36.98490071079625,100 174.82022398848895,-36.984873131710444,100 174.82022329486784,-36.98486118726026,100 174.82022439929727,-36.98484921342957,100 174.82022846454186,-36.984827401361166,100 174.8202319319704,-36.98479799493873,100 174.82023257555977,-36.9847849285675,100 174.8202324213725,-36.98477841169553,100 174.82023403264228,-36.98476861218299,100 174.8202351662485,-36.9847577212894,100 174.82024127388834,-36.98472539015229,100 174.8202420252728,-36.984717742657196,100 174.82024410858781,-36.98471011889777,100 174.8202471170489,-36.984702091579,100 174.8202529625842,-36.9846795527805,100 174.82025452535038,-36.98466719967481,100 174.82025614782532,-36.984658483374844,100 174.82026002943772,-36.98465008664261,100 174.82026687795036,-36.984631494656,100 174.82026719243854,-36.984624985016545,100 174.82026956667892,-36.9846086374389,100 174.82027207913,-36.98459955056611,100 174.8202724113393,-36.984593737374006,100 174.8202679502876,-36.98455175117578,100 174.82026708065266,-36.98451007582739,100 174.820265505556,-36.98449885874117,100 174.8202652621587,-36.9844658760179,100 174.820266179433,-36.984444116737244,100 174.82026880902575,-36.984419061209316,100 174.8202708113995,-36.98440634443817,100 174.82027154391318,-36.984397999611446,100 174.82027573562303,-36.98438163677536,100 174.82027560790715,-36.98437547641921,100 174.8202767430875,-36.98436531196335,100 174.82027734788443,-36.98435080678039,100 174.8202874243802,-36.98431407221214,100 174.8202890760466,-36.984306439749936,100 174.82029292520616,-36.98429550359843,100 174.82029411816615,-36.98428823509399,100 174.8202944014805,-36.98427989895952,100 174.82029943511554,-36.984261338412644,100 174.82030199681142,-36.984254789798015,100 174.8203054840556,-36.9842478547425,100 174.82030896456135,-36.984242004076464,100 174.8203124222381,-36.98423396986557,100 174.82031285310228,-36.98421150690432,100 174.8203145228725,-36.984204587107,100 174.82032052653759,-36.984190005423144,100 174.82032984924356,-36.9841601585723,100 174.82032872503387,-36.98414966373721,100 174.82032718040114,-36.984140243413215,100 174.82032677778872,-36.984120333151665,100 174.8203218690371,-36.98410081017239,100 174.82032044451142,-36.984097937888265,100 174.8203179386903,-36.98408490990762,100 174.82031735373494,-36.98407912790785,100 174.82031681755572,-36.98407515681029,100 174.82031937729568,-36.98406786644,100 174.82031779021997,-36.98405553370502,100 174.8203189600028,-36.984046067239554,100 174.82032150764118,-36.98403694918067,100 174.8203227578748,-36.98403184836982,100 174.82032405539624,-36.984028543161635,100 174.8203293390112,-36.984020849582514,100 174.82033062005084,-36.98401755994947,100 174.82033389709832,-36.983999354423915,100 174.82033422893718,-36.98399352591444,100 174.82033720458628,-36.98398294475931,100 174.82033798637082,-36.98397713909188,100 174.820340104868,-36.98396948414581,100 174.82034125418178,-36.98395854614072,100 174.82034204683274,-36.98395380927046,100 174.82034376463557,-36.98394871660996,100 174.82034594125884,-36.98394397203134,100 174.82035208313926,-36.98393335222488,100 174.82035502197584,-36.98392202804603,100 174.82035811275853,-36.98389473467708,100 174.82036606299607,-36.98388447199519,100 174.82037912545863,-36.983865217757575,100 174.82038184434523,-36.98386196555612,100 174.8203836877658,-36.98385837256503,100 174.82039523743887,-36.98380920873848,100 174.82039528975267,-36.98380197575536,100 174.8203975953717,-36.9837922259774,100 174.82039993547872,-36.98377920929165,100 174.82040138636924,-36.983763294986325,100 174.8204019360797,-36.98374666804133,100 174.82040156192488,-36.98373111071156,100 174.82040312454316,-36.98369966136684,100 174.82040408316104,-36.98368807643518,100 174.8204059603946,-36.98367652157746,100 174.82040871526615,-36.98366676580938,100 174.82042386820942,-36.98362232640127,100 174.8204252588041,-36.98361401744573,100 174.8204280068979,-36.98360859712385,100 174.82043213321373,-36.98359703570741,100 174.82044492571055,-36.983568154112405,100 174.82046132511925,-36.98353891614758,100 174.82046451395288,-36.98352988018423,100 174.82046776742865,-36.983514694433325,100 174.82047374304324,-36.98349446100213,100 174.82048474412036,-36.98346593406098,100 174.82048566875253,-36.98346159715314,100 174.8204888691791,-36.98345366062006,100 174.82049619104012,-36.98343197884789,100 174.8205044356646,-36.98341248123652,100 174.82050992222156,-36.98340128471585,100 174.82051993073608,-36.98338503994422,100 174.82052677229376,-36.98337205515125,100 174.82053675882682,-36.98335762236591,100 174.8205431369456,-36.98334678260909,100 174.82055221394387,-36.98333524619196,100 174.82058039241952,-36.983295185647485,100 174.82058585623864,-36.983289069304206,100 174.8205940234303,-36.98328112507591,100 174.8206098486001,-36.98326890198053,100 174.82062204424594,-36.98326277970714,100 174.82065457789253,-36.983249515235315,100 174.82068214395912,-36.983232973156994,100 174.820692544133,-36.98322830701134,100 174.82072868592164,-36.98321539906822,100 174.82074132588141,-36.983210383996074,100 174.820754426167,-36.98320573320363,100 174.82076842762882,-36.98319854308904,100 174.8207846959897,-36.983190633191626,100 174.8208140719849,-36.98317842840114,100 174.8208239953127,-36.98317341263786,100 174.82083169294143,-36.98316801731636,100 174.82084844119427,-36.98315794679728,100 174.82085884020282,-36.98315327975378,100 174.82086966182402,-36.98314753636009,100 174.82088097561046,-36.98314212611259,100 174.8209153245787,-36.98312814871557,100 174.8209279444435,-36.983121679203826,100 174.82093926407074,-36.983114487855566,100 174.82094517540486,-36.98310763456153,100 174.82096374529772,-36.98308853640942,100 174.82096605222284,-36.98308346354288,100 174.8209906143543,-36.98304412987324,100 174.82100017474934,-36.98302535292318,100 174.82100021740862,-36.983021016024566,100 174.82100164222976,-36.983008726314026,100 174.82101173989295,-36.98297874403753,100 174.82101813748605,-36.98296537936332,100 174.82103998582357,-36.98292748526933,100 174.8210540968319,-36.98290401742835,100 174.82106367387456,-36.98288452637331,100 174.82107692631612,-36.98285275613784,100 174.82108150210345,-36.98284445508235,100 174.82109148412897,-36.982831819549794,100 174.82109740056492,-36.9828231554208,100 174.82110787193173,-36.98280475024784,100 174.82111107026927,-36.982796070142406,100 174.82111431288087,-36.98278052942111,100 174.82112576268736,-36.98275128169138,100 174.8211435685296,-36.98271300706267,100 174.82114631090323,-36.982705418239426,100 174.82114862764104,-36.98269675256251,100 174.82115871124554,-36.98266821079622,100 174.82116332511978,-36.982646900420626,100 174.82116565111883,-36.98263857620099,100 174.82118487370803,-36.982588383320326,100 174.82118806803854,-36.98258151492479,100 174.82118902020585,-36.98257428255331,100 174.8211890886707,-36.98255119061919,100 174.82119228969188,-36.98253338822379,100 174.82119271370453,-36.98253043891161,100 174.8211984932647,-36.98251132338379,100 174.82120000734955,-36.98250833931746,100 174.82120222996576,-36.98249351186645,100 174.82120374252884,-36.98249178336038,100 174.82120670955436,-36.982479575435214,100 174.82120580115514,-36.98248251775956,100 174.82119346740603,-36.98250117054084,100 174.82118797874875,-36.98251029319064,100 174.8211788554376,-36.982528596565736,100 174.82117292245928,-36.98254320965602,100 174.82116056152623,-36.98257796941611,100 174.82115552667196,-36.98259443986122,100 174.82115232543788,-36.982601725672374,100 174.82113815743415,-36.982643438892566,100 174.82112579325033,-36.98268659267965,100 174.82112169036034,-36.982699036151516,100 174.82111300754357,-36.982720973188265,100 174.82110978459278,-36.98273597191541,100 174.8211065796255,-36.98274767244149,100 174.8210983511073,-36.982771087879186,100 174.8210631863447,-36.98284093977427,100 174.82104994101388,-36.982871641836574,100 174.82104763356608,-36.982879331240866,100 174.82103897428058,-36.98289688479835,100 174.82103485702243,-36.98290420268835,100 174.82102845225302,-36.98291335471017,100 174.8210202320678,-36.98292321958972,100 174.8210133950764,-36.98293309208717,100 174.8210070015427,-36.98294332822181,100 174.82100151629797,-36.98295320881961,100 174.82099101434378,-36.98296783522349,100 174.82098599990385,-36.98297588072241,100 174.82098233857639,-36.98298540525353,100 174.8209704586463,-36.9830219683621,100 174.8209571960319,-36.98304940339908,100 174.8209457769144,-36.9830673129543,100 174.82093709476334,-36.983079385035175,100 174.8209321058635,-36.9830837897139,100 174.8209266175019,-36.98308962884325,100 174.82090562866617,-36.98310754642234,100 174.82089650612645,-36.98311339894798,100 174.82088146122464,-36.98312107106864,100 174.82086094192357,-36.98312984296607,100 174.82084088381865,-36.983139722715215,100 174.8208135222125,-36.98315616705453,100 174.82078932792814,-36.98317591930478,100 174.82078386873548,-36.98317958940744,100 174.82076697554476,-36.983188717559194,100 174.8207154736914,-36.983212478695805,100 174.8206990467981,-36.98321760323734,100 174.8206821804607,-36.983223805284815,100 174.8206607564156,-36.98323440357983,100 174.82065162537998,-36.9832399010977,100 174.82063384909463,-36.98324902925852,100 174.82062928782736,-36.983251956412424,100 174.82062197508552,-36.98325818133893,100 174.8205800239948,-36.98328778876901,100 174.82057226169013,-36.98329400706921,100 174.820557221949,-36.983303878287714,100 174.82054762855927,-36.983311566785474,100 174.82053122044672,-36.98332728511568,100 174.82050564449958,-36.983358365546536,100 174.82049926447476,-36.98336714581746,100 174.8204896714055,-36.9833847001399,100 174.82048235258242,-36.983405189420594,100 174.82047641810243,-36.98341908775379,100 174.82046955849668,-36.983433342778746,100 174.8204659135863,-36.98343955289369,100 174.82046545238967,-36.98344174476467,100 174.82045813229237,-36.983461521120276,100 174.82045585557813,-36.98347102169235,100 174.82045218181335,-36.98348271497095,100 174.8204448597376,-36.98349844894185,100 174.8204311677451,-36.983524048212224,100 174.82041562852086,-36.98355770025588,100 174.82040786533446,-36.983573782590504,100 174.8203991842387,-36.98358986458326,100 174.82039233299014,-36.983603764356005,100 174.8203859345059,-36.98362242515916,100 174.82038042713293,-36.98363741654493,100 174.82037449334928,-36.98365789809374,100 174.8203507289048,-36.98370983966654,100 174.82034294200912,-36.9837369022243,100 174.82034020766923,-36.98375006556175,100 174.82033426153805,-36.98376616418524,100 174.8203241991821,-36.98378628183206,100 174.82030001961715,-36.98382505068065,100 174.82028949219605,-36.98384333316246,100 174.82024747468137,-36.98391062112205,100 174.82023196425072,-36.9839321932276,100 174.82022283787586,-36.983946471287865,100 174.82022282625053,-36.98394867068364,100 174.82021324588376,-36.98396803643941,100 174.82020776889587,-36.98398157082012,100 174.820199535158,-36.983999503554706,100 174.82017761783976,-36.984036795572024,100 174.82017485134182,-36.98405398558902,100 174.82016890835155,-36.98407483861175,100 174.82016250056648,-36.98409311287959,100 174.82015930064568,-36.98410701342138,100 174.82015881840434,-36.98412421076623,100 174.82016061898088,-36.984141401941656,100 174.82016060189284,-36.98416444621677,100 174.82015873647308,-36.98419224535445,100 174.8201568976801,-36.984203953743865,100 174.82015414336735,-36.984213074969034,100 174.82014820553002,-36.98422881743488,100 174.82014090704956,-36.98424417968168,100 174.82013268132536,-36.98425844302048,100 174.82012673518216,-36.984267943981315,100 174.82011169147694,-36.9842862398306,100 174.8200934231603,-36.98430561443803,100 174.82008430358744,-36.98431622041134,100 174.82005828160868,-36.98434218269004,100 174.82002999893064,-36.98436705298483,100 174.82001859186627,-36.98437619694379,100 174.82000811358802,-36.984383157184155,100 174.81999943557219,-36.98439008711143,100 174.81998164205663,-36.98440251426727,100 174.81995108913796,-36.98442664783021,100 174.8199442281958,-36.98443359315144,100 174.81992919081452,-36.984450790173646,100 174.81991458145106,-36.98446652409944,100 174.81990820764818,-36.98447420463487,100 174.81990180549843,-36.98448479776508,100 174.81988628845818,-36.984507468634774,100 174.81988263819633,-36.98451477842271,100 174.8198680178687,-36.98453599433076,100 174.81985751388711,-36.98454989330283,100 174.81984747380065,-36.984565626554314,100 174.81983925331198,-36.98457549225939,100 174.8198200879971,-36.98460291763834,100 174.81981047869027,-36.984617916916974,100 174.81979221234562,-36.98465119699195,100 174.8197872044626,-36.98466216802051,100 174.81977759352037,-36.98467643905616,100 174.81976937652846,-36.984691073579526,100 174.8197648032965,-36.98470934763612,100 174.81975884376567,-36.98472361856208,100 174.81975153050007,-36.98475288925911,100 174.81975153694387,-36.984755800419336,100 174.81975242482125,-36.98476128304569,100 174.819753000052,-36.98476909920835,100 174.81953261400008,-36.98478974099992,100 174.8194179520001,-36.984701565999956,100 174.819327906,-36.984522808999934,100 174.81929679300003,-36.98441064399998,100 174.81930401550474,-36.98433734899614,100 174.81931182590796,-36.984318576734815,100 174.81932188752563,-36.98429115038947,100 174.81932510721455,-36.98427797873257,100 174.81933337498364,-36.98422972156808,100 174.81933748473702,-36.98421288141863,100 174.8193406932489,-36.984195325918336,100 174.81934299547154,-36.984178871301815,100 174.81934393179395,-36.98416313614662,100 174.81934350739397,-36.98414630962417,100 174.8193403492703,-36.9841031542264,100 174.8193393952109,-36.98409477446644,100 174.8195069739661,-36.983352311394185,100 174.8195272655437,-36.98332703735513,100 174.81953729555784,-36.98331093203869,100 174.81955419894453,-36.98327911500536,100 174.8195610567052,-36.9832641155701,100 174.81956654464966,-36.983248397153524,100 174.81957066425215,-36.983231927285765,100 174.81958119726497,-36.98317963621735,100 174.81958584490607,-36.98311671239228,100 174.81958633809387,-36.98309331921214,100 174.81958589420753,-36.98306916796892,100 174.81957984935534,-36.98302943046295,100 174.81959472100004,-36.982963539999965,100 174.81959049757165,-36.98280831878502,100 174.81959125875954,-36.9828061899356,100 174.8196154818961,-36.982727557025484,100 174.81961732600695,-36.982714748950706,100 174.81962556432396,-36.98268512337294,100 174.8196278676069,-36.982672678699835,100 174.81962924134086,-36.98265842400941,100 174.81962840500844,-36.982612705714125,100 174.81962340923215,-36.98258197162535,100 174.8196207036352,-36.98257318919609,100 174.81962025863064,-36.98256148878773,100 174.8196216513712,-36.98253808091218,100 174.81962350116171,-36.98252088963606,100 174.81962397088478,-36.982511744863004,100 174.8196130895561,-36.98246381191219,100 174.8196117255252,-36.982444800575294,100 174.81961038948597,-36.98243347255302,100 174.81960949544705,-36.982419193144956,100 174.81960997247603,-36.98240639341152,100 174.81961227259706,-36.9823891943294,100 174.8196132060266,-36.98237201980677,100 174.8196059934345,-36.98230689562997,100 174.81960284260907,-36.98226008616907,100 174.81960012014278,-36.98225460372609,100 174.81959650109297,-36.98224397858369,100 174.81959377962045,-36.98222533236193,100 174.81959473732596,-36.982197904963634,100 174.81959382644857,-36.982183625813036,100 174.81959022605506,-36.98215656933949,100 174.81958980471825,-36.9821280346329,100 174.8195880206891,-36.982097664101715,100 174.81958620907082,-36.98208268942282,100 174.81958533024886,-36.98206768061336,100 174.81958262303502,-36.98204170915275,100 174.81957675414787,-36.98200733359657,100 174.81957447516746,-36.98198976487609,100 174.81957267064107,-36.981980983050775,100 174.81956759492007,-36.98196657133966,100 174.81956346800007,-36.98181488999995,100 174.81958686300004,-36.98163421499993,100 174.81971769900008,-36.98131654099995,100 174.8197111490001,-36.98106882899997,100 174.81970436731274,-36.98105358993693,100 174.81970597644832,-36.98105305558011,100 174.81972511264172,-36.981048304244666,100 174.8197579401692,-36.98104429567008,100 174.81977114610254,-36.98104173442883,100 174.81981309764086,-36.98102930101281,100 174.81984683042273,-36.98101759568903,100 174.819899254095,-36.98100263209595,100 174.8199129272319,-36.98099676394562,100 174.81994074219526,-36.98098178291494,100 174.81994805835012,-36.98097702802927,100 174.81996128038,-36.980963873317066,100 174.81996629117225,-36.98095765579035,100 174.81997222550598,-36.98094705540741,100 174.8199781888903,-36.98092107627251,100 174.81997774661696,-36.98091741378478,100 174.81997592570698,-36.98090935958016,100 174.81997360031974,-36.980903189657944,100 174.81997290148053,-36.980900971412495,100 174.8199670411199,-36.98088671408336,100 174.8199621151416,-36.980879704353185,100 174.81995696229646,-36.98087590409374,100 174.8199491088046,-36.98087272299335,100 174.8199323079893,-36.98086953758915,100 174.81992206777153,-36.9808684102385,100 174.81990998619142,-36.98086831969923,100 174.8198978282652,-36.98086926864903,100 174.8198662418171,-36.980873070756374,100 174.81985895250202,-36.980874943708265,100 174.81982781528814,-36.980885954877664,100 174.81980915261929,-36.98089096305493,100 174.81979561127457,-36.98089260108446,100 174.8197862132615,-36.980892589259746,100 174.8197693787776,-36.980889405250025,100 174.8197560876473,-36.98088744587915,100 174.81973307451247,-36.98088295685337,100 174.81972114183893,-36.98087996807337,100 174.81970709249302,-36.98087546688545,100 174.8196934437937,-36.98087170223989,100 174.8196436332207,-36.98085176085044,100 174.819630125803,-36.980845484758824,100 174.81961847157177,-36.98083857366496,100 174.81958286001125,-36.98082026585979,100 174.8195686784891,-36.980810733715515,100 174.8195438908073,-36.98079862416597,100 174.81952829991457,-36.980790105976624,100 174.81951940132652,-36.9807860851207,100 174.81921737900007,-36.98044623399995,100 174.81921097800014,-36.98024357699995,100 174.8192905897546,-36.980067551676576,100 174.81930306125474,-36.9800562491477,100 174.81931387723793,-36.980047687558084,100 174.81933535958646,-36.98003343376616,100 174.81934802722074,-36.980024220977086,100 174.8193896344165,-36.97998881205543,100 174.8194003426827,-36.979982049340045,100 174.81942097478043,-36.97996705055765,100 174.81943189120997,-36.979957047109366,100 174.81944555182545,-36.979946084047775,100 174.81948192106947,-36.97991551796493,100 174.8194884746861,-36.9799107306333,100 174.81949182079617,-36.979907638283755,100 174.81950827449958,-36.97989498658597,100 174.8195232852729,-36.97988406230357,100 174.81952847270378,-36.97987993224615,100 174.81954598318646,-36.97986401057905,100 174.81955517904441,-36.979856389546626,100 174.8195723080997,-36.97984044397996,100 174.81958776175287,-36.97982726681192,100 174.81960536954256,-36.9798143937088,100 174.81961414292022,-36.979806440253164,100 174.81961997543502,-36.9797998676408,100 174.81963369753856,-36.97978535692382,100 174.81963613153582,-36.97977986482166,100 174.8196386192988,-36.979775733788564,100 174.81964468636312,-36.9797602840905,100 174.81964455033196,-36.97975447897596,100 174.81964247533534,-36.97973608511953,100 174.81964114982108,-36.97973302563425,100 174.8196387681311,-36.979720102981396,100 174.81963907320062,-36.979713950405184,100 174.81964217455484,-36.97970025327596,100 174.81964503227945,-36.979693731679625,100 174.8196655599274,-36.979657610236565,100 174.81967137484466,-36.979651054115244,100 174.8196775961424,-36.97964278736813,100 174.819684195631,-36.97963313580366,100 174.81969938550134,-36.979605963374375,100 174.8197010446335,-36.97960458775954,100 174.81970267707172,-36.979601478415596,100 174.81970894080706,-36.97959489918724,100 174.8197193918907,-36.97958691729658,100 174.81972106812253,-36.979584844699424,100 174.81973063302325,-36.979574136384606,100 174.8197473663028,-36.97956025637603,100 174.81975951146012,-36.97955156440558,100 174.81976839124948,-36.979548362865124,100 174.81977047463215,-36.979546640045605,100 174.8197729823636,-36.97954523429309,100 174.81977591196306,-36.97954281529835,100 174.81978179976662,-36.979539649718674,100 174.81978346726336,-36.979537917953316,100 174.81978642406676,-36.9795358392399,100 174.8197918154699,-36.979529614982866,100 174.8198054563645,-36.97951066108611,100 174.81981495782892,-36.97949620605162,100 174.81982188336616,-36.97948647196672,100 174.81982459896278,-36.97948374709967,100 174.81982983568417,-36.97948088623243,100 174.8198507989389,-36.97946664030843,100 174.81985565186832,-36.97946096780087,100 174.8198684158275,-36.97944684489535,100 174.81987560943003,-36.979440063925516,100 174.81987861475227,-36.97943521200767,100 174.8198841243192,-36.9794282423462,100 174.8199042285749,-36.979399066612125,100 174.81991464531077,-36.97938125093634,100 174.8199214715705,-36.97937164184879,100 174.81992319225205,-36.97936667262834,100 174.81992514299463,-36.97935792064818,100 174.81993237862494,-36.97934352017841,100 174.8199336115555,-36.97933642140907,100 174.81993761939626,-36.97932823906437,100 174.81994381303073,-36.97931235297432,100 174.81994557075075,-36.97930219519162,100 174.8199457166771,-36.979293937770386,100 174.81994784858793,-36.9792841609156,100 174.81995342110238,-36.97926441408442,100 174.8199556183978,-36.97925912659966,100 174.81995550410275,-36.97925739421396,100 174.81995875317426,-36.97924603373485,100 174.81995872368373,-36.97923635491893,100 174.81996110787836,-36.97922764225861,100 174.81997241319849,-36.97921199504572,100 174.81997622837463,-36.979202422214456,100 174.81997837027416,-36.97919504541925,100 174.81998348451856,-36.979182847854084,100 174.8199815942693,-36.979161601197994,100 174.81997555133202,-36.979144342566414,100 174.8199717153719,-36.97913667978695,100 174.81995780458598,-36.97912029801169,100 174.81995090864677,-36.979115380704854,100 174.81994009270457,-36.979110731713305,100 174.81992334871404,-36.97910576532533,100 174.8199095928366,-36.97910319478901,100 174.81990114664686,-36.979099837099085,100 174.81988979297162,-36.979095817357525,100 174.81986249029677,-36.97908483342137,100 174.81984051256603,-36.97907756959373,100 174.819830624329,-36.97907267382659,100 174.8198216602189,-36.97906478773212,100 174.81981734728151,-36.97905738012381,100 174.819803099405,-36.979035428838124,100 174.81980068340567,-36.97902842297361,100 174.8197980899759,-36.97902457985533,100 174.81978379189033,-36.97900792458825,100 174.81977247900994,-36.97898835554909,100 174.8197680982498,-36.97897904358956,100 174.81976069009517,-36.97896842156281,100 174.81974548872006,-36.97894374577974,100 174.81973509564696,-36.97893218167208,100 174.81972491906188,-36.97891829244538,100 174.8197168378028,-36.97890577624814,100 174.81969761303824,-36.978879479383515,100 174.81968312806524,-36.978857051314016,100 174.81967719804229,-36.97884669864605,100 174.81966669093666,-36.97882553542589,100 174.81966140569182,-36.978816688890575,100 174.81965914099828,-36.97880952567595,100 174.81965215431097,-36.97879386331088,100 174.81964627899083,-36.978784297555656,100 174.81963678436438,-36.978763427961844,100 174.81962993071411,-36.978753539210466,100 174.8196206224857,-36.978743041845334,100 174.81961488117938,-36.97873462141336,100 174.81960373677487,-36.97871617912658,100 174.81960157848462,-36.97870980383516,100 174.81959387525933,-36.97869650759946,100 174.8195878011335,-36.97868925406939,100 174.81958320511296,-36.97868226990522,100 174.81957541138468,-36.97867281467656,100 174.81956488461603,-36.978655493171175,100 174.81955717392415,-36.97863796805643,100 174.81955359993998,-36.978631679363104,100 174.81954940812892,-36.97861968577623,100 174.8195426743318,-36.97860247015856,100 174.81954097324567,-36.978595668742926,100 174.8195386216862,-36.978570046933335,100 174.81953647469794,-36.97855942895649,100 174.81953298988142,-36.97855391222748,100 174.81953048231676,-36.97854872031373,100 174.8195230015144,-36.978537308927116,100 174.81951946446736,-36.978527193565135,100 174.81952007538573,-36.97852407104183,100 174.8195203414372,-36.97851708173712,100 174.819523942661,-36.97849475131807,100 174.8195235992153,-36.9784849538327,100 174.81952043292148,-36.978450689141724,100 174.8195214816506,-36.97842934604225,100 174.81952284895542,-36.97842340701669,100 174.81952380965632,-36.978412565638706,100 174.8195239751766,-36.97839578954544,100 174.819521104294,-36.978374776932235,100 174.81951939391058,-36.978370933789066,100 174.8195155203569,-36.978367066124356,100 174.8195165929562,-36.9783439894213,100 174.8195174948189,-36.97833945097123,100 174.8195193440429,-36.978326860030094,100 174.81951900146512,-36.97831775925115,100 174.8195164767489,-36.97830727144635,100 174.81951256337553,-36.978284137786105,100 174.81951235204198,-36.978282670072566,100 174.819512543067,-36.97827413435224,100 174.81951762441238,-36.97825673399211,100 174.81951922486408,-36.978247848583955,100 174.81951893310168,-36.97824003230748,100 174.81952145486434,-36.978231906107055,100 174.8195253116346,-36.97822525833427,100 174.81953222064672,-36.97820827700843,100 174.81954047080671,-36.978173834588574,100 174.81954423029964,-36.978151593676166,100 174.81954440041426,-36.97814491589576,100 174.8195459490251,-36.97813861806896,100 174.8195466243635,-36.97813008754195,100 174.81954763453228,-36.978126370335836,100 174.81954899891278,-36.97810780927596,100 174.81954867178587,-36.978102611874824,100 174.8195439585589,-36.97808655411858,100 174.81954413667765,-36.97807950487176,100 174.81954177599684,-36.97806670627293,100 174.8195403653486,-36.97804459960345,100 174.819539063742,-36.978027307012496,100 174.81953893990593,-36.97801272105423,100 174.81953881240116,-36.9779999621269,100 174.8195386588874,-36.97798356406996,100 174.81954193355315,-36.97796988140844,100 174.81954182435967,-36.977957136621434,100 174.81954397340792,-36.97794345589406,100 174.81954493796286,-36.977926125856655,100 174.8195493314024,-36.9779115409473,100 174.81955487856035,-36.9778987472985,100 174.81955923130099,-36.97787868028581,100 174.81956393391803,-36.97786203021933,100 174.8195653954805,-36.97785835115862,100 174.81956543772372,-36.97785536083402,100 174.81956889724722,-36.977842789368516,100 174.81956849520932,-36.977838691824225,100 174.81957005001215,-36.977828692182534,100 174.81957199246193,-36.977824261259265,100 174.81957448992856,-36.97781388934156,100 174.81957319896412,-36.97780756204112,100 174.81957349581,-36.97778790421699,100 174.81957451919834,-36.97778271405167,100 174.81957367486177,-36.977778252845944,100 174.81957563623493,-36.977771220424216,100 174.81957258477067,-36.97775781320926,100 174.81957034426287,-36.97775222963374,100 174.81956908138804,-36.977743685557684,100 174.81957011968237,-36.97773775337783,100 174.8195674417546,-36.97773069023238,100 174.8195675429999,-36.97772399818496,100 174.8195630696053,-36.97771244334934,100 174.81955956784375,-36.977699043938706,100 174.8195563625667,-36.97769493258746,100 174.81955277848624,-36.97768562372554,100 174.81955051671017,-36.97768188277286,100 174.81954828617052,-36.97767667038765,100 174.8195460939552,-36.977666982363125,100 174.8195381260586,-36.977641671982546,100 174.81953109887,-36.977615246668286,100 174.81953114298886,-36.977612287861,100 174.81952221194845,-36.9775891779447,100 174.81951904438844,-36.97758320659173,100 174.81951770083768,-36.97757948220621,100 174.819515134135,-36.97756609820237,100 174.81951199434457,-36.97755789655873,100 174.81951114005082,-36.9775530641613,100 174.81950889465412,-36.977548595591635,100 174.81950586646633,-36.97753408930881,100 174.81950271340915,-36.97752735882187,100 174.81949846538038,-36.97750135057215,100 174.81949837786237,-36.977477581411534,100 174.8194993023571,-36.97747257843456,100 174.8194830961486,-36.97745975143761,100 174.81954928162494,-36.97775676711478,100 174.81950202947283,-36.97801670562128,100 174.81950230084524,-36.97802904322952,100 174.8195069735527,-36.978042220991654,100 174.81950936714458,-36.97805102443857,100 174.8195142475896,-36.97806419811426,100 174.81951422791192,-36.97806478697758,100 174.81951586597225,-36.97807705586355,100 174.8195189119048,-36.97808499485849,100 174.81952059321242,-36.97809365509922,100 174.8195236039259,-36.97810483217368,100 174.81952479017488,-36.978117092663574,100 174.8195233251667,-36.978127183763675,100 174.81951908276682,-36.978142262082024,100 174.81951635480868,-36.97814512683622,100 174.81950809660717,-36.97815946814992,100 174.81949896937294,-36.97817236805602,100 174.81949525357925,-36.978182435075674,100 174.81949333751007,-36.978192502445474,100 174.8194886319204,-36.97820902907356,100 174.81948858992465,-36.97821335064316,100 174.81948617721852,-36.97822629182254,100 174.81948515290995,-36.97823601924344,100 174.81948715344342,-36.97825619615799,100 174.81949181873682,-36.97834953288419,100 174.8194916203415,-36.97836502329869,100 174.81949532303088,-36.97839204667889,100 174.81949552097387,-36.97841078207661,100 174.81949712832625,-36.978425204685166,100 174.81950215868002,-36.97845335058414,100 174.81950368731046,-36.9784753166408,100 174.81950265027731,-36.97848719841013,100 174.8194979366486,-36.978504095603554,100 174.81949549742822,-36.978519933128624,100 174.8194903883451,-36.978534282946164,100 174.8194833750853,-36.9785558508795,100 174.8194769990253,-36.9785997392338,100 174.81947549604303,-36.97861234018831,100 174.81947215818852,-36.97862889001173,100 174.81947014256556,-36.978645060839625,100 174.8194685156183,-36.97866811719754,100 174.81946648232528,-36.978687555579214,100 174.81946426193494,-36.978720317429314,100 174.81946454197055,-36.978733631933856,100 174.8194622267142,-36.97877396722275,100 174.8194624298752,-36.97879485579168,100 174.8194650099102,-36.97880351487287,100 174.8194680070356,-36.97881614868783,100 174.81947559426575,-36.97885400856582,100 174.81947675403626,-36.978869166301344,100 174.8194842845689,-36.97891280540642,100 174.81949368066054,-36.978950340116285,100 174.81950839521897,-36.978994012393194,100 174.81951230382288,-36.97900449159925,100 174.81951625120993,-36.97901244831888,100 174.819523270063,-36.979024037136014,100 174.81953233433322,-36.9790529215587,100 174.81954187691517,-36.9790789171294,100 174.81955092547744,-36.97910780179107,100 174.81955950510758,-36.97914062880159,100 174.81956468347317,-36.97915725085919,100 174.81957687325905,-36.9791865163875,100 174.81959704303335,-36.979223762430465,100 174.81961103455495,-36.979253770959424,100 174.81961582748153,-36.97926496396796,100 174.81962984778878,-36.97929207701522,100 174.8196350678018,-36.979304362183115,100 174.81963982512818,-36.97931882392027,100 174.8196441334267,-36.97933396041929,100 174.81964802832934,-36.97934518341846,100 174.8196646899493,-36.979377346616026,100 174.81966665170808,-36.97939933486819,100 174.8196669588865,-36.97940907071652,100 174.81966595107204,-36.97941878256184,100 174.8196645109689,-36.979425249976195,100 174.81966075352435,-36.979439653885464,100 174.81965202991051,-36.979490349847886,100 174.81965024224456,-36.97952637144349,100 174.8196467828725,-36.97955083671629,100 174.81964349464576,-36.97956267819055,100 174.81963882897657,-36.97957743942646,100 174.81963237039176,-36.97959178019523,100 174.81962458282007,-36.97960433058891,100 174.81961680883182,-36.97961471580485,100 174.81957447731617,-36.97966337809276,100 174.81956674811025,-36.97967088019974,100 174.8195472598168,-36.979686587934395,100 174.8195047570192,-36.97971292173655,100 174.81948892897896,-36.97972108698887,100 174.81947405078324,-36.979727812691635,100 174.81943379440852,-36.97975271408356,100 174.81941661975065,-36.97976231143635,100 174.81939994063313,-36.97976903589599,100 174.81938913740595,-36.97977148004346,100 174.8193052857693,-36.97980218270627,100 174.81927415235648,-36.97981598054898,100 174.8192181141534,-36.97984618289079,100 174.8192041265251,-36.97985256682891,100 174.81918289683537,-36.97986393700906,100 174.81916035529468,-36.979872773855746,100 174.81915133506885,-36.97987593063524,100 174.81909458368995,-36.97989279441012,100 174.8190860141603,-36.97989595959911,100 174.81907021962294,-36.9799034122405,100 174.81905244647305,-36.97991264827219,100 174.8190462321854,-36.97991588191254,100 174.8190357685557,-36.979922020739075,100 174.81902757197693,-36.97992886480123,100 174.81901250765944,-36.97994367723276,100 174.81899189982104,-36.97997083256857,100 174.81898592519224,-36.979979885055656,100 174.8189670693755,-36.98001574641808,100 174.81894761212226,-36.98006433100587,100 174.81892809779538,-36.98012453266877,100 174.81891372291122,-36.98016367825566,100 174.8189099682327,-36.980178205579996,100 174.81890531296915,-36.980192703443045,100 174.81890201182821,-36.98020867944696,100 174.81889733293454,-36.980224261057685,100 174.81889449133308,-36.980240616684526,100 174.81887904372647,-36.980297559033524,100 174.818876206903,-36.98031208671102,100 174.8188663966816,-36.98034581210406,100 174.81885945799343,-36.98036429724501,100 174.81885196829487,-36.98039078192706,100 174.81884732699683,-36.98040383836405,100 174.81883442207146,-36.980431730974516,100 174.8188293232008,-36.98044515134566,100 174.81882697563395,-36.98045460701071,100 174.81882553410034,-36.98046366032194,100 174.8188307067503,-36.9804945774208,100 174.81883311845775,-36.980529101549244,100 174.81883483765927,-36.98053855167307,100 174.81883832564858,-36.980552739964736,100 174.81885783264806,-36.98059970709691,100 174.81886941717016,-36.980619737136166,100 174.8188810081021,-36.98064267833717,100 174.81890058455735,-36.98067911338232,100 174.81890676616013,-36.980697670544636,100 174.81891031438073,-36.98070495110102,100 174.81891566436397,-36.98071297557277,100 174.81892187691906,-36.9807267931231,100 174.81893129150365,-36.98074066525009,100 174.81894954260366,-36.98077272396332,100 174.81895804251693,-36.98078404044533,100 174.81896562817835,-36.98079678240482,100 174.81897007263416,-36.98080589061829,100 174.81897315249438,-36.98081643121196,100 174.8189773416465,-36.98085605299407,100 174.818970508575,-36.980910867798286,100 174.81896997040158,-36.980920679695785,100 174.8189706161017,-36.980951192974885,100 174.81897232523707,-36.98096356893225,100 174.81897307486415,-36.98098028232245,100 174.81897476642558,-36.980992627904214,100 174.81897421622335,-36.98100462388243,100 174.8189740875715,-36.98101950843701,100 174.81897484554972,-36.981035864776636,100 174.8189765114422,-36.981051850278604,100 174.81897685953496,-36.98106311864415,100 174.8189758433916,-36.98107583470699,100 174.81897421537693,-36.98110744008092,100 174.8189750359089,-36.98111760069478,100 174.8189723954286,-36.981160095100805,100 174.81896895836869,-36.98119131179123,100 174.81896787610216,-36.98120875268109,100 174.81896253677107,-36.98125194280807,100 174.81896242324825,-36.981265386822194,100 174.8189644653552,-36.98129047168401,100 174.81896786570437,-36.98131517790484,100 174.81897182499475,-36.98132754731527,100 174.8189801417834,-36.98135957260577,100 174.81898835315073,-36.981405381582405,100 174.81898872018212,-36.98141409531851,100 174.81898725177942,-36.981426077428104,100 174.81898442423625,-36.98143769280156,100 174.81898071440588,-36.981449292855245,100 174.81897516517628,-36.981462721034895,100 174.81896965356276,-36.98147357717424,100 174.81896183662616,-36.98148698242498,100 174.8189544907339,-36.98149785315687,100 174.81894760415003,-36.98150980113573,100 174.81893930308544,-36.9815264657644,100 174.8189332891467,-36.981541326951245,100 174.81893042869274,-36.981556939276835,100 174.81892249782712,-36.981583772320995,100 174.8189174373773,-36.98159536423026,100 174.81889934881622,-36.9816446858362,100 174.81889506916792,-36.98166755389874,100 174.81888427509836,-36.981709271942265,100 174.81888235904168,-36.981721988275524,100 174.8188818389274,-36.98173251193694,100 174.81888309896007,-36.98174159685032,100 174.8188887790733,-36.981764142821916,100 174.81889045897776,-36.981778687800684,100 174.8188930912808,-36.98178996442094,100 174.81889475846785,-36.98180340908384,100 174.81889693194998,-36.981814336714784,100 174.81890092174694,-36.98182525002857,100 174.81891208180394,-36.98184164703642,100 174.81892192729953,-36.98185478429018,100 174.81893177917104,-36.981866820934705,100 174.8189425433781,-36.98187669034422,100 174.8189551206928,-36.98188909982226,100 174.8189789019937,-36.98191356938054,100 174.81901286546955,-36.98196205715099,100 174.81903072031366,-36.9819915675771,100 174.81903693863705,-36.982004300742005,100 174.8190427177424,-36.982017413784625,100 174.8190457896625,-36.982028325838954,100 174.81904613101912,-36.982040678592504,100 174.81905121013315,-36.98207921685695,100 174.819054720746,-36.98209232140537,100 174.81906182168618,-36.9821083380655,100 174.81912926171327,-36.98221113000687,100 174.81913816140013,-36.9822271479328,100 174.81914485968966,-36.9822377195817,100 174.81915153199878,-36.982251917634834,100 174.81916393978628,-36.98228286711552,100 174.8191639716206,-36.982282971096815,100 174.81913375300007,-36.982520668999925,100 174.81909213306898,-36.982603454146165,100 174.81908823949655,-36.982605062855754,100 174.81908186888887,-36.98260829889522,100 174.81904910248252,-36.9826284904368,100 174.81903773669058,-36.982634597125895,100 174.8190204646625,-36.9826424933262,100 174.81899185598675,-36.98265361604796,100 174.81895691919954,-36.98266433461835,100 174.81893735889244,-36.98267403516746,100 174.8189278305698,-36.98267761883327,100 174.81892191064549,-36.98268086237802,100 174.8189009683777,-36.98269527817093,100 174.8188959435748,-36.98270034939032,100 174.8188909227548,-36.9827068617575,100 174.81888995266016,-36.98271339766814,100 174.8188930297798,-36.98272249889566,100 174.8189082703929,-36.982740732440085,100 174.8189172810664,-36.98274513338244,100 174.81893982795725,-36.982753610831026,100 174.81894929092266,-36.98275874662435,100 174.81896282434752,-36.982765347765906,100 174.81900165166036,-36.98278342777105,100 174.81882986213557,-36.9831251262984,100 174.81880884896609,-36.98313509332344,100 174.81876743291323,-36.98316068105121,100 174.8187346510349,-36.983182312151435,100 174.81872599799465,-36.98318953543372,100 174.81871778654315,-36.983197138614024,100 174.8187077372636,-36.983207251288825,100 174.81869859099163,-36.983218107232545,100 174.8186894564891,-36.98322747581896,100 174.8186789636283,-36.98323651190365,100 174.81866151141767,-36.98325335975893,100 174.81837133400006,-36.98343574099994,100 174.81811691600012,-36.98337250399993,100 174.81803264500002,-36.98337388499993,100 174.81799741359936,-36.98340336942097,100 174.81799543522482,-36.9834012218999,100 174.81796671019825,-36.98337164709992,100 174.8179555035699,-36.98336141394005,100 174.81794515110911,-36.98335336511057,100 174.81793302770538,-36.98334313157075,100 174.81791772694504,-36.98333180743306,100 174.8179033304622,-36.98332264883118,100 174.81788981192287,-36.98331530465443,100 174.81785060835935,-36.98329730463652,100 174.81783931627916,-36.983294337405745,100 174.81782937893254,-36.98329027595215,100 174.8178163037174,-36.98328659424619,100 174.8178018732197,-36.983281434404084,100 174.8177878461188,-36.983278448672216,100 174.81776615861165,-36.98327506742042,100 174.81773582562363,-36.98327455769153,100 174.81772496658613,-36.98327557666058,100 174.81770500815608,-36.98328201582532,100 174.81770271025226,-36.9832834642887,100 174.81769998646402,-36.983284531707746,100 174.81769860888636,-36.983287451449044,100 174.8176931183918,-36.983293212049524,100 174.81769538617098,-36.98329323590178,100 174.8177007799189,-36.98329762022784,100 174.8177066372737,-36.98330057156618,100 174.81771202907805,-36.98330421323456,100 174.8177201554505,-36.98330790134852,100 174.81772554613298,-36.98331154303346,100 174.81773636970473,-36.98331705917074,100 174.81774490235583,-36.98332436436284,100 174.8177543752959,-36.983329872343205,100 174.81776109491946,-36.98333534858623,100 174.81777679142695,-36.98335249190787,100 174.8177848752375,-36.983359820195524,100 174.8177893470423,-36.98336601677017,100 174.81779863386862,-36.983377630428826,100 174.81781530823065,-36.983398425333135,100 174.81781889612847,-36.983403878337484,100 174.8178251617437,-36.98341119030716,100 174.8178300783131,-36.9834191745938,100 174.81783678028341,-36.983427921088186,100 174.81784306117527,-36.983434458589784,100 174.81785380749602,-36.983448293271245,100 174.81786002845936,-36.98346175381997,100 174.8178649591047,-36.98346829938427,100 174.81788412438837,-36.98350684725948,100 174.81791214992307,-36.98356646203889,100 174.81791795319654,-36.98357591991533,100 174.81792240052621,-36.98358646842755,100 174.817936220696,-36.98361191187269,100 174.81794246101825,-36.98362283310428,100 174.81795090737342,-36.98364463641717,100 174.8179571169037,-36.98365770956801,100 174.8179637750845,-36.9836733473089,100 174.81798827928873,-36.983722088417274,100 174.8180074042167,-36.98376568517533,100 174.818017216224,-36.98378349995639,100 174.81803055836966,-36.98381113641023,100 174.81803679757817,-36.98382205675193,100 174.81806585814067,-36.98386571941347,100 174.81807438115484,-36.983875919764245,100 174.8180856052137,-36.983886834041094,100 174.81809409502253,-36.98389776316477,100 174.81811288081835,-36.98392578670236,100 174.8181213766969,-36.98393560170073,100 174.81813129861362,-36.983941087448585,100 174.8181461451528,-36.98395022019768,100 174.8181663723886,-36.98396592314671,100 174.8181951724975,-36.98398381925403,100 174.81820822657937,-36.98398929756852,100 174.81822175697425,-36.983994443208,100 174.81823393635972,-36.98399956537976,100 174.81824745714135,-36.984004354241236,100 174.81825829142937,-36.98400767184774,100 174.81827046599753,-36.98401060929247,100 174.81833626346216,-36.98403630456253,100 174.8183845859206,-36.9840491006944,100 174.81856214400014,-36.984243748999965,100 174.8185668970001,-36.98442390299993,100 174.81849610988561,-36.984677007238325,100 174.81847052444945,-36.9846989763315,100 174.81844008164137,-36.98472134214031,100 174.818413246213,-36.9847433687525,100 174.8183996105431,-36.9847520230394,100 174.81835744346324,-36.98477215653995,100 174.81832932113159,-36.984784726385584,100 174.81831708543513,-36.98478866514497,100 174.8182962310347,-36.984796559348226,100 174.8182812751032,-36.9848030382374,100 174.8182350550962,-36.98481843787361,100 174.81823232403235,-36.98481986233889,100 174.8182277802809,-36.98482348585295,100 174.81821819669986,-36.98483287840901,100 174.8182177518707,-36.984835052895804,100 174.81821769851908,-36.98484159007708,100 174.81821944466455,-36.98484811140584,100 174.81822662958476,-36.98485613572933,100 174.81823383297672,-36.98486087716633,100 174.8182780313579,-36.98487268957468,100 174.81829248915218,-36.98487492325471,100 174.81830646415256,-36.984877878174565,100 174.8183344637958,-36.98488308872665,100 174.81834934832634,-36.98488639924653,100 174.81836606433373,-36.984888299980994,100 174.81838503584788,-36.98488909358457,100 174.81840087360587,-36.984889168179215,100 174.8184212167043,-36.98488815885399,100 174.81844020418532,-36.98488825458337,100 174.81846143483094,-36.98488941464574,100 174.8184953249574,-36.984889570437176,100 174.8185093319286,-36.984891083634416,100 174.81852921659976,-36.98489370641924,100 174.81857029130134,-36.984901870274946,100 174.818628986424,-36.9849100930799,100 174.81868991658177,-36.98492304867903,100 174.81871113875192,-36.984927862772466,100 174.818731428504,-36.98493338877212,100 174.8187508114646,-36.98493928738992,100 174.81882428017926,-36.984969701286225,100 174.8188337330904,-36.98497445057226,100 174.81884633338498,-36.984981764543456,100 174.8188616338069,-36.98499234677287,100 174.8188930786228,-36.985016067048676,100 174.81890429647288,-36.98502736890496,100 174.81891507725635,-36.98503720740814,100 174.8189195461104,-36.98504265859102,100 174.8189621727017,-36.98508748579861,100 174.81896299089232,-36.98510018725908,100 174.81896523437035,-36.98510126419904,100 174.81896926117312,-36.98510565589531,100 174.81897463757116,-36.98511402064893,100 174.8189795515761,-36.98512056641787,100 174.8189844588042,-36.98512819567549,100 174.81899117467978,-36.98513548535496,100 174.819002388628,-36.985149310953375,100 174.81901087469532,-36.98516205261524,100 174.81902029392305,-36.98517406612899,100 174.8190225397486,-36.98517590194212,100 174.81903328615067,-36.98518972028264,100 174.81904044195366,-36.985199913573936,100 174.81904982600958,-36.98521191230185,100 174.81905830166357,-36.98522756537877,100 174.81906814973837,-36.98524211132963,100 174.81907800172715,-36.9852541326262,100 174.81908199814018,-36.98526394621565,100 174.8190855614741,-36.98527048293951,100 174.81909094868902,-36.98527595158486,100 174.81909633063808,-36.98528251991936,100 174.81910434242354,-36.985296338708984,100 174.81911556882355,-36.98530799643374,100 174.81912319022706,-36.98531745341593,100 174.81912858545329,-36.985322550593395,100 174.81913664121822,-36.985332743603095,100 174.81915498106702,-36.985358946823766,100 174.81916076252506,-36.98536950457646,100 174.81916927509107,-36.985382601840584,100 174.81917191923586,-36.98539167904768,100 174.81918038173808,-36.98540550444243,100 174.81920891354574,-36.98545931924425,100 174.81922363079343,-36.985486590165365,100 174.81923833888303,-36.985517485426755,100 174.81924092654498,-36.98553164332919,100 174.81924668408192,-36.985547280373865,100 174.819252435606,-36.98556398557285,100 174.81926223162625,-36.985585068665976,100 174.81928438465195,-36.985645742922706,100 174.8192861348526,-36.985653750445785,100 174.8192900921013,-36.98566536095527,100 174.81929362055075,-36.9856784498912,100 174.8192997896147,-36.985703155098896,100 174.81930412161552,-36.985727101617314,100 174.81931555418902,-36.985770332953415,100 174.81932270279415,-36.9858421954494,100 174.81932123279876,-36.98585741241199,100 174.81932064826788,-36.98587338913144,100 174.81931054407062,-36.985953889363294,100 174.8193073034103,-36.985966937858144,100 174.81930584691295,-36.985979986041144,100 174.81928819657642,-36.986043393079235,100 174.81928073343602,-36.986074213606344,100 174.8192728208478,-36.98610574044603,100 174.8192709111205,-36.986117355269414,100 174.81927087272715,-36.98612314863178,100 174.8192689811204,-36.98613547702155,100 174.8192685698205,-36.98619098832034,100 174.8192693292126,-36.986208057565094,100 174.8192683023714,-36.98622763462084,100 174.8192648873639,-36.986261004208814,100 174.81926432294975,-36.986275137422574,100 174.81925917059812,-36.986299058983775,100 174.81924668602434,-36.98633637567511,100 174.81924204892056,-36.986351599725786,100 174.81923328110494,-36.98637623286912,100 174.81923002870423,-36.986387468989996,100 174.8192236065615,-36.98640194977641,100 174.81921804825555,-36.986418970755494,100 174.81919456361248,-36.986474376078306,100 174.81919131441512,-36.986487067778214,100 174.81918714693182,-36.98649974471241,100 174.81918209019918,-36.986512776877554,100 174.81917836383187,-36.98652510544981,100 174.8191681263091,-36.98656497086582,100 174.81916167445374,-36.98658490327807,100 174.81915658289455,-36.986597935975915,100 174.81915099215482,-36.986619681258695,100 174.81913508726947,-36.986692180153646,100 174.81913457489026,-36.98669906506723,100 174.8191275528181,-36.98673350212211,100 174.81912825046464,-36.986760715750464,100 174.819137460541,-36.98679775936339,100 174.8191410130615,-36.98680648014341,100 174.819144534772,-36.9868206525692,100 174.81914842080312,-36.986846063357085,100 174.8191500977407,-36.986863116733595,100 174.81915228517596,-36.98687330054777,100 174.81915265989727,-36.986881626590836,100 174.81915648895747,-36.98691539978205,100 174.819136508888,-36.98698431260617,100 174.81907932448604,-36.987149066866344,100 174.8190615229152,-36.98717835857946,100 174.81904833370538,-36.98721124345044,100 174.81903712690377,-36.98722410038332,100 174.81898396646446,-36.987326529845745,100 174.81894826318276,-36.98737600965798,100 174.81890225017133,-36.98750021624621,100 174.81881114430445,-36.98765580201118,100 174.8187491515832,-36.987776514777856,100 174.8186333790749,-36.987959635158475,100 174.81860482251454,-36.98803087583555,100 174.81860061634399,-36.988054580069225,100 174.81861232467568,-36.98823097700862,100 174.81862683392507,-36.98828724297935,100 174.8186431752495,-36.98831437820618,100 174.8186481279882,-36.98852350389966,100 174.8185667150001,-36.98852488199998,100 174.81846435456532,-36.988436360945364,100 174.81845872260135,-36.98837869811237,100 174.81845384155713,-36.98834042001068,100 174.81843529395672,-36.98830768442354,100 174.8184302756588,-36.98825297739095,100 174.81842777493685,-36.98822562374524,100 174.8184019031407,-36.9881327373368,100 174.8183858072964,-36.98811821857219,100 174.81830090834256,-36.98807310062312,100 174.81828478509053,-36.98805492831969,100 174.81822286926837,-36.98802427223652,100 174.81822155571876,-36.9880229959011,100 174.81821553700001,-36.98799003299996,100 174.8182084770001,-36.98797752499997,100 174.81815536800002,-36.987879303999925,100 174.817995947256,-36.9876839353158,100 174.81798188537275,-36.98760417686772,100 174.81794935101067,-36.987535051115835,100 174.8179238589453,-36.98748956361173,100 174.8179097309782,-36.98743857162324,100 174.8179038310908,-36.98727440391642,100 174.81796184972617,-36.98710441788031,100 174.81795920837152,-36.98706246230783,100 174.81792444700298,-36.986998794790644,100 174.81791035862656,-36.9869532849116,100 174.81795688940488,-36.98677421560248,100 174.8179587509913,-36.98672314000687,100 174.81795640008298,-36.986714011412815,100 174.81794030021695,-36.986701336739515,100 174.81792425855005,-36.986694127669566,100 174.81787858748615,-36.986696199983,100 174.81785580317484,-36.9867018190042,100 174.81781483795936,-36.986720289904966,100 174.81776940959998,-36.98675337733828,100 174.81775357046573,-36.986771718426446,100 174.81768999294587,-36.9868195148332,100 174.8176330681865,-36.98683989665481,100 174.817594536675,-36.98687659993368,100 174.81758094754957,-36.98688579846094,100 174.817567251,-36.98687525699995,100 174.81751113000007,-36.986876206,100 174.81737760969162,-36.98698794621382,100 174.8173533552125,-36.98699106202617,100 174.8172824525599,-36.98697869200621,100 174.81725955852013,-36.98697153640279,100 174.81713373834856,-36.98694851001061,100 174.81703324821436,-36.98695091933807,100 174.81694897901144,-36.986980589380615,100 174.81691719029573,-36.98700447971382,100 174.81689911906722,-36.98703012129484,100 174.81687934907788,-36.987126937173926,100 174.81689123167487,-36.98718341755199,100 174.81691919654526,-36.987252590136386,100 174.81693540589086,-36.9872780385621,100 174.81697684337067,-36.987319773321026,100 174.8169900753667,-36.98732835407577,100 174.81698943900005,-36.98733566399995,100 174.8168795260001,-36.98742764099997,100 174.81651009588384,-36.98737543931305,100 174.81647930557537,-36.98736818809332,100 174.81642890370054,-36.987350222943775,100 174.8163557037516,-36.98733603442361,100 174.8162369274069,-36.98731030953989,100 174.8158605680001,-36.987130270999955,100 174.815824764,-36.98688300699996,100 174.8160310710001,-36.98618101999994,100 174.8160217042471,-36.98585583753877,100 174.81602284779112,-36.98585224524458,100 174.81602856477537,-36.985833316589485,100 174.81602866919036,-36.985826036841075,100 174.816027391131,-36.985819538059744,100 174.8160251736253,-36.985808921106745,100 174.81602385933644,-36.98579111763597,100 174.81602441064294,-36.9857645950996,100 174.81602904162932,-36.98573264458241,100 174.81603408930485,-36.98571921069482,100 174.81604137215058,-36.98570324504844,100 174.81604502395126,-36.98569598222012,100 174.81605827191834,-36.98565933375768,100 174.81606332049802,-36.98564263077103,100 174.8160720017205,-36.9856179541075,100 174.81607792313503,-36.98560814366947,100 174.81609246498599,-36.98558782713204,100 174.81609883228523,-36.98557985306695,100 174.816105653655,-36.98557004327666,100 174.81611428254945,-36.98555989306758,100 174.81612291571818,-36.985551198422634,100 174.81615335348766,-36.985516010211626,100 174.81615608109846,-36.98551311489389,100 174.81616063320465,-36.985505868027786,100 174.81616336296943,-36.9855004174376,100 174.8161660995085,-36.98549388155563,100 174.81616658738648,-36.985488081312226,100 174.81615395974293,-36.9854691683992,100 174.8161521735153,-36.98546771126221,100 174.81612550024462,-36.98545567854515,100 174.81610741627952,-36.98544912418931,100 174.81609659025372,-36.98544545024089,100 174.81608615926055,-36.985444356130536,100 174.81605811157218,-36.985443931787735,100 174.81603368394428,-36.985444265933765,100 174.81602415840874,-36.98544534095694,100 174.81600787774514,-36.985444221885615,100 174.81597984096624,-36.98544090141934,100 174.8159621942502,-36.98543978882389,100 174.81595179612597,-36.985437950610546,100 174.81591832950798,-36.98542953333493,100 174.81590432407017,-36.98542407022881,100 174.81588535077472,-36.985415314905815,100 174.81587089988722,-36.98540803344052,100 174.815861393067,-36.985402570897215,100 174.81585236577868,-36.985398186203994,100 174.81582709160892,-36.98538143794173,100 174.81581489392775,-36.985372335579505,100 174.8158022562444,-36.98536358154814,100 174.81579233447468,-36.98535413340594,100 174.81577341353955,-36.985330849802814,100 174.81575899860445,-36.98530976767714,100 174.8157428006017,-36.98528140583664,100 174.81573429658457,-36.98525342560782,100 174.8157271102622,-36.98523744070246,100 174.8157253281653,-36.98523417184427,100 174.81571540979022,-36.985222880445676,100 174.8157045848832,-36.98521197335792,100 174.81570188040018,-36.98521050142064,100 174.81569463558117,-36.985209399988904,100 174.81568965865247,-36.98520903358571,100 174.8156805968467,-36.985215908685106,100 174.81567831193857,-36.985219183884944,100 174.8156765052419,-36.98522026787224,100 174.8156719565392,-36.985228273579025,100 174.81566184540878,-36.98526709936763,100 174.81565865352138,-36.98527471026821,100 174.8156486270074,-36.98529431593418,100 174.81564545486486,-36.98529940193756,100 174.81564088065278,-36.98530846167542,100 174.81564041423476,-36.98531573344301,100 174.81564082722622,-36.98532554429207,100 174.81564172001376,-36.98533389217037,100 174.8156407701402,-36.98534516688182,100 174.81563891277546,-36.98535749469794,100 174.81563663258817,-36.98536295372088,100 174.81563253841514,-36.985369851961636,100 174.8156275204363,-36.98538108706186,100 174.81562613984292,-36.98538653142039,100 174.8156247449347,-36.98539671423229,100 174.815626048544,-36.985410150080874,100 174.81562917936265,-36.98541996171189,100 174.81563772676373,-36.98543705425103,100 174.8156417669806,-36.98544395512919,100 174.81565302636648,-36.98545886464202,100 174.815657978077,-36.98546686560481,100 174.81566293571362,-36.985477762414845,100 174.8156673998533,-36.985491578035365,100 174.81567726983582,-36.98551883884721,100 174.81568039386303,-36.98552973486728,100 174.81568439169092,-36.98555153519615,100 174.81568567534578,-36.98557079477124,100 174.81568701571086,-36.98557769459194,100 174.81568696019917,-36.98559076636995,100 174.81568509952257,-36.98560564857516,100 174.81567681220102,-36.985649971545634,100 174.81567224128966,-36.985663755046986,100 174.81566720159657,-36.98567681835572,100 174.81565353807653,-36.98570294212275,100 174.81564626862794,-36.985713472587555,100 174.81563807264212,-36.98572761078609,100 174.8156226032735,-36.98575083829855,100 174.81559709846223,-36.985793299361866,100 174.8155875425604,-36.985807088821225,100 174.81557936399247,-36.98581794324407,100 174.81557027813255,-36.98582848887443,100 174.8155598371573,-36.98584153386262,100 174.81550888533366,-36.98591480912996,100 174.81549158995014,-36.98594492900568,100 174.81548202830717,-36.985959801929916,100 174.81545248628188,-36.98599681856526,100 174.81544385198268,-36.98600877955972,100 174.81541699124185,-36.98605631322026,100 174.81540424215885,-36.986077002437895,100 174.815395564179,-36.98609587090464,100 174.81539372459264,-36.98610493116282,100 174.81539231300806,-36.986119093549945,100 174.81539274696902,-36.98612709332833,100 174.81539132694596,-36.98614090072476,100 174.81538674694897,-36.98615832297883,100 174.81538081873597,-36.986172485055214,100 174.8153726320776,-36.9861837109312,100 174.81536854076933,-36.98618808542576,100 174.81536809018976,-36.98619134517851,100 174.81536937694796,-36.98620478218776,100 174.8153747281722,-36.98622803007131,100 174.81538191706437,-36.986248754091356,100 174.81539986572605,-36.9862923872831,100 174.81540884930462,-36.986307644387445,100 174.8154155974426,-36.986321453017574,100 174.81542727780084,-36.98634253555199,100 174.81543178185655,-36.98635127073515,100 174.81544386855865,-36.98638651668713,100 174.81544739248727,-36.986412675838885,100 174.81544741989248,-36.98641367908127,100 174.8154240826759,-36.98648588814438,100 174.81541087465766,-36.9865044930135,100 174.81540268766435,-36.98651830568187,100 174.8153899338566,-36.98653752311589,100 174.81535947908816,-36.986576706941285,100 174.81535311068885,-36.986587950068014,100 174.81534763009162,-36.98660137612813,100 174.8153038471095,-36.98669791555078,100 174.81528926115226,-36.98672513857338,100 174.81527744496518,-36.986741830578715,100 174.81527198220155,-36.98675198998268,100 174.81526427243432,-36.98675960057681,100 174.81525563332767,-36.986769378636595,100 174.8152524453574,-36.98677191143489,100 174.8152379501453,-36.986778798406654,100 174.81522028321683,-36.98678422237867,100 174.81521031940676,-36.986786388328746,100 174.81520759270686,-36.986786016330015,100 174.81519945257506,-36.98678781098232,100 174.81518496211163,-36.98678960362037,100 174.81511974955805,-36.98680148268196,100 174.81509575140902,-36.986805062029774,100 174.81507310857657,-36.9868101204386,100 174.81505632752774,-36.98681698556606,100 174.81504317619635,-36.9868249659907,100 174.81503727578695,-36.98682966557813,100 174.8150322815091,-36.9868365631435,100 174.81502727468288,-36.98684491833332,100 174.81502452801365,-36.98685108119829,100 174.81501360192655,-36.98687067082483,100 174.81501132816996,-36.98687574217004,100 174.8150058290541,-36.98689572018544,100 174.81500489228154,-36.98690225555506,100 174.81500306662093,-36.98690916234287,100 174.81499985978965,-36.986918229985356,100 174.81498829316027,-36.98694311023372,100 174.81498665350227,-36.986946591868545,100 174.81495772213194,-36.986986447211,100 174.81495123910398,-36.98700653400847,100 174.81492418654494,-36.98703923096923,100 174.81487549500002,-36.98705765999995,100 174.81428232300004,-36.986977516999964,100 174.81407461300012,-36.98689183999995,100 174.8132884910001,-36.98656710099992,100 174.8125159000001,-36.98606273199993,100 174.81228837600008,-36.98595392499993,100 174.8121192960001,-36.98593424799998,100 174.81209176900006,-36.98595719699995,100 174.81206487200006,-36.986002754999966,100 174.8120965070001,-36.98613735299995,100 174.81215659800012,-36.986249076999975,100 174.81255823200001,-36.98682363499995,100 174.81262354400008,-36.98691716699994,100 174.81282531400007,-36.98711566899993,100 174.8133718460001,-36.98755707599997,100 174.8137158290001,-36.98782170999993,100 174.8140710746904,-36.98823932943826,100 174.8140679467797,-36.98823996560087,100 174.81405213354904,-36.98824743319859,100 174.81402529806027,-36.988276846045906,100 174.81400353435927,-36.988335349843645,100 174.81395204181064,-36.9883887333981,100 174.8138823939364,-36.98844412586468,100 174.81373335219016,-36.98852047782667,100 174.81368388275962,-36.98855928486192,100 174.81355948170804,-36.98861169774152,100 174.81353252625743,-36.9886338485835,100 174.8135237590327,-36.98865395759211,100 174.81352862959824,-36.98867212044831,100 174.8135403526718,-36.98869018128924,100 174.81356572694952,-36.98870809029378,100 174.8135907796957,-36.98870777593295,100 174.81367234968806,-36.988681359997315,100 174.81373573098136,-36.9886569687508,100 174.81388996519055,-36.988616953405206,100 174.81399212879342,-36.98859573404519,100 174.81406013786452,-36.98857493574938,100 174.81410105285417,-36.988568979906184,100 174.81419418972195,-36.988553348635946,100 174.81429443755556,-36.98855218560864,100 174.81438587087646,-36.98856932063861,100 174.81439514138364,-36.98857830205058,100 174.81444547723126,-36.98859044654751,100 174.81447586122934,-36.988633777067875,100 174.81449172350392,-36.98862813563693,100 174.81451405070663,-36.98860239238696,100 174.81457227717692,-36.98841426932969,100 174.81463393159422,-36.98829159717033,100 174.81471198118294,-36.9881942329682,100 174.81472174265016,-36.98818690688932,100 174.81479381200006,-36.98818568899998,100 174.81485056100007,-36.98820725999997,100 174.81508114300004,-36.98842865599994,100 174.81510800767063,-36.98860640740146,100 174.81505028941964,-36.98877631160137,100 174.81505954164183,-36.98878532298306,100 174.81507321040755,-36.98878515358061,100 174.81513193227764,-36.9887553438265,100 174.81521588147447,-36.98873099168823,100 174.8152297790001,-36.988741689999976,100 174.81525783900008,-36.98874117099996,100 174.815283610818,-36.988718003574185,100 174.81529071263958,-36.98871710843919,100 174.81533168000837,-36.988718461966116,100 174.8153882321742,-36.98869966784427,100 174.81541069383147,-36.98868304281569,100 174.81544189483745,-36.98864454338223,100 174.81547897185132,-36.988549649573066,100 174.81549009708766,-36.98853498256707,100 174.81553722871374,-36.9884981204486,100 174.8155575447621,-36.98848879464879,100 174.81560516568192,-36.98847917909169,100 174.8156733265862,-36.98847476172398,100 174.8157029574401,-36.98847807137857,100 174.8157507420329,-36.98847935741195,100 174.81580090124504,-36.98848605195807,100 174.81583275363437,-36.98848568536004,100 174.8159688967231,-36.988465981353784,100 174.81603905656985,-36.98844337972982,100 174.8160775884063,-36.98843568317724,100 174.81609436910233,-36.988428420956964,100 174.81614862600009,-36.98843232899997,100 174.81721610600005,-36.98843590299998,100 174.81767360800006,-36.98874366299997,100 174.8179298224938,-36.9890837579102,100 174.81792691033277,-36.9891223551185,100 174.81794012757723,-36.989164998608906,100 174.8179694864559,-36.9892133633492,100 174.81812567443097,-36.989440456080914,100 174.81815692492805,-36.9895146983772,100 174.81819057466933,-36.989583432903196,100 174.81819033925555,-36.98959822623946,100 174.81818538577798,-36.98961853582369,100 174.81815215114972,-36.98967181358489,100 174.81814283195473,-36.98967544085905,100 174.81812179021043,-36.9896881698785,100 174.81807762104566,-36.98970068538489,100 174.81804977700784,-36.989704114251126,100 174.81795052583976,-36.98968466557591,100 174.81776027774632,-36.989564495861615,100 174.81766598194812,-36.98952475357125,100 174.81757605297847,-36.98950169532167,100 174.81741257528677,-36.98944464533501,100 174.81738030258686,-36.98943695109895,100 174.81737322519405,-36.98944427183341,100 174.81741631233015,-36.989502006583734,100 174.81743231936122,-36.98951510185164,100 174.81752087591184,-36.98962504938044,100 174.81758697145952,-36.98969224522769,100 174.81763511343317,-36.98972229689807,100 174.81775387685585,-36.98982515237818,100 174.81784064656767,-36.98986435693944,100 174.8178733020001,-36.989889460999954,100 174.81793005300005,-36.98991102999997,100 174.81865461741154,-36.99010936177919,100 174.81866756002879,-36.99012896358945,100 174.81870450548507,-36.990164981879914,100 174.81880586751058,-36.99024768810894,100 174.81883126253032,-36.99027290443112,100 174.81885219748037,-36.990303617744814,100 174.8188937676814,-36.9903450541164,100 174.81891468984466,-36.99037395506382,100 174.81894475318148,-36.990408214835,100 174.81896106393327,-36.99043352259847,100 174.8189702571493,-36.99043889685022,100 174.81910900905373,-36.990590335630614,100 174.81914922193366,-36.990695431163026,100 174.8191636617316,-36.99075166655536,100 174.81921533605382,-36.99086211234034,100 174.81923145054463,-36.99087469375975,100 174.8194011110915,-36.99095672554832,100 174.81943803413594,-36.990982651266606,100 174.8194504050001,-36.991033612999956,100 174.81944678404452,-36.991169308940194,100 174.81939697137526,-36.99130596042071,100 174.81938432892844,-36.99137883741349,100 174.8193869865507,-36.99140426700574,100 174.81938289301516,-36.99143887186669,100 174.81936527321565,-36.99147903342563,100 174.81932730835072,-36.99153212714666,100 174.81923959428892,-36.991609370932316,100 174.81921476384107,-36.99162414743656,100 174.81906291481818,-36.99167470562446,100 174.81877949535175,-36.991761061599256,100 174.81839731940983,-36.99194656006306,100 174.81830199487572,-36.99196930984027,100 174.8182657360994,-36.99198056134921,100 174.81823845638067,-36.99198446022134,100 174.81806170267464,-36.99204434340521,100 174.81800072605907,-36.9920813023549,100 174.81793584193179,-36.99216193770724,100 174.81781582776776,-36.99237041773327,100 174.817800142519,-36.99238875556696,100 174.81777541697895,-36.99241079298623,100 174.81772802371776,-36.992440351209716,100 174.81766466184084,-36.99246822879574,100 174.81762613211222,-36.99248133105216,100 174.81751937597807,-36.992500540072896,100 174.8174695074254,-36.99251556810575,100 174.81726794664257,-36.99259386542602,100 174.81714332578883,-36.99266998157348,100 174.8170508170001,-36.99267583999994,100 174.81672275300002,-36.99301932999997,100 174.81667745029486,-36.99305728259782,100 174.8166078424909,-36.99309481928148,100 174.81641384578046,-36.99315665735894,100 174.8152370360001,-36.993135421999966,100 174.8144331503608,-36.99336129407773,100 174.81442633246516,-36.99336194523065,100 174.81441768654446,-36.99336563896362,100 174.8140390540001,-36.993472022999974,100 174.81387111900005,-36.99349738799998,100 174.81316320300004,-36.99349577199995,100 174.81291459183387,-36.99349478809395,100 174.81289715684514,-36.99348653099981,100 174.81281016062198,-36.99345462300899,100 174.81275515945697,-36.9934296864142,100 174.81265918132465,-36.9934051305716,100 174.8125374692582,-36.993331713369436,100 174.81250289509072,-36.99330294770441,100 174.81242491494734,-36.99326368575985,100 174.81237176997348,-36.99320782343686,100 174.81233492122112,-36.993192641729976,100 174.8122876530001,-36.99314184399998,100 174.8122481652556,-36.993126834584,100 174.81230863135625,-36.993090179614526,100 174.81239245361857,-36.99306030420837,100 174.8123968875273,-36.993051169225986,100 174.81239436546943,-36.99303481186067,100 174.81238502603034,-36.99301853788561,100 174.8123052535294,-36.99301201388157,100 174.8122869895412,-36.99300854242366,100 174.81215742939347,-36.99302614805089,100 174.81210075427632,-36.99304305428147,100 174.8120598777693,-36.993052538435975,100 174.81202573702876,-36.993052865978484,100 174.81197539096345,-36.99303514509201,100 174.81195007032,-36.993015376433604,100 174.8118987053133,-36.9929249310596,100 174.81188249930076,-36.992906898861044,100 174.81187311745873,-36.992886985966905,100 174.81185691294723,-36.99286896906407,100 174.81184748598108,-36.992845402009756,100 174.81185313700763,-36.99276169409426,100 174.81185734622971,-36.99273802158881,100 174.81188184007286,-36.992697761555384,100 174.81187920170765,-36.992672330575715,100 174.81188548832068,-36.99263406554853,100 174.8118754835625,-36.99257052211994,100 174.81185919145955,-36.99254521218158,100 174.81184264588106,-36.99250353726333,100 174.8118169582655,-36.99245650297748,100 174.81180504082633,-36.992418421251095,100 174.81180459591724,-36.99238750109722,100 174.81181328274883,-36.99235833338918,100 174.8118153283984,-36.99234192880184,100 174.81183073409045,-36.99230360386228,100 174.81183067204594,-36.992299237019374,100 174.8118306310716,-36.99229632638571,100 174.8118213944808,-36.99228731361738,100 174.811800510948,-36.992288269696076,100 174.8117713307438,-36.99228961292196,100 174.81174869235113,-36.992298914053855,100 174.8117329493399,-36.992311800808565,100 174.81171935338418,-36.99231738654825,100 174.81167661226732,-36.99235416031929,100 174.81165428507583,-36.9923852929298,100 174.81159871620494,-36.992482199297896,100 174.81157862640254,-36.99251149780481,100 174.8115237401858,-36.99265570393283,100 174.81151044088278,-36.99268127997353,100 174.81151061845756,-36.99269402190847,100 174.81149063193217,-36.99273056632722,100 174.8114546343087,-36.992761836377554,100 174.81142757967666,-36.99278027122723,100 174.81138218196608,-36.992791613279934,100 174.81135939715904,-36.99279001422356,100 174.81124353798793,-36.992809292571515,100 174.81115516514015,-36.9928392294109,100 174.81112558937528,-36.99284133832918,100 174.81105835261195,-36.99286301739153,100 174.81098719600004,-36.99282665499994,100 174.81085605230885,-36.99282886735858,100 174.81074903738545,-36.99262119711909,100 174.8107398318325,-36.992614010765436,100 174.81073778556157,-36.99263039912208,100 174.810742970517,-36.9926758122672,100 174.81074102790134,-36.9926994618686,100 174.81074898585396,-36.992779409990916,100 174.81074111023293,-36.99286677871924,100 174.8107256304468,-36.992899685022756,100 174.81072597165047,-36.99292331239337,100 174.810735570498,-36.99294291201674,100 174.81073753648838,-36.99294693364961,100 174.81074277900007,-36.99314713399997,100 174.81080248000012,-36.99328130299995,100 174.8113172520001,-36.99363227899994,100 174.81134768100003,-36.99367687199997,100 174.81135241800007,-36.99385702599993,100 174.81121496000003,-36.99397203599995,100 174.81115936800006,-36.99399550299995,100 174.81001520600012,-36.99428600499993,100 174.80987595800002,-36.99433345499994,100 174.80980118563744,-36.9943717007432,100 174.80979454169258,-36.994372505402644,100 174.80960856467195,-36.99442701602257,100 174.80954745356314,-36.99445305505929,100 174.80942275210458,-36.99449241267691,100 174.80924164099105,-36.994566882141974,100 174.809212300564,-36.994585354950445,100 174.8091672719739,-36.99462215009014,100 174.80915386914188,-36.99464046372304,100 174.80909093022115,-36.99469925457213,100 174.80905258999857,-36.99472506608216,100 174.8089737938945,-36.99480986958568,100 174.80876926300004,-36.99493877099997,100 174.808742566681,-36.99495897027143,100 174.80863503660458,-36.9949908980606,100 174.8086149748075,-36.9950220226214,100 174.80860597612252,-36.99502936040803,100 174.80859267578933,-36.99505495056529,100 174.80857694537326,-36.99506964836705,100 174.80853626127382,-36.99509187393721,100 174.80852263910066,-36.99509382199365,100 174.8084977281643,-36.995104957083434,100 174.80846393879835,-36.99513073780632,100 174.80844401088683,-36.99517093477533,100 174.8084400139018,-36.995187890037386,100 174.80793666954793,-36.995568729570564,100 174.80791671939807,-36.99556693041317,100 174.80789166249338,-36.99556716615125,100 174.80788840351013,-36.99556945416207,100 174.80769308624699,-36.99545698399267,100 174.80772791053744,-36.99541958766282,100 174.80773679345316,-36.995403131260495,100 174.80773422917275,-36.995383149330124,100 174.80772484694452,-36.995363236111984,100 174.80770644830073,-36.99535067620493,100 174.80759671378527,-36.995318975584915,100 174.8075627698692,-36.99528456420017,100 174.80753437906426,-36.99524599467831,100 174.80747128955167,-36.99514374357175,100 174.80745970931594,-36.99513113114411,100 174.80742229789237,-36.99506055176197,100 174.8074124417403,-36.995007892707896,100 174.8073541898464,-36.99491206391184,100 174.80734666141336,-36.99486303506172,100 174.8073463948339,-36.99484484329542,100 174.80732997488036,-36.99480863232492,100 174.8073113532615,-36.994781517645706,100 174.80728989198514,-36.99471262230835,100 174.8072688139447,-36.99467097611339,100 174.80723637931004,-36.994631286581516,100 174.80723346674063,-36.99462639358981,100 174.8072126950001,-36.99453769099995,100 174.8071631063883,-36.99422337809692,100 174.80716889022665,-36.99420271240645,100 174.80717092473628,-36.99418451173239,100 174.80716604593925,-36.99416272634072,100 174.8071452862386,-36.99410935246341,100 174.807141354207,-36.99397826908907,100 174.8071450708065,-36.99396652125874,100 174.8071442320918,-36.9939064935622,100 174.80715284767038,-36.99387185986301,100 174.80715560482827,-36.9937427174342,100 174.80715138702772,-36.993719988912254,100 174.8071879617847,-36.99347860516231,100 174.80719276853287,-36.99346955831842,100 174.80721957474114,-36.993432930572204,100 174.80726451287546,-36.99339068816494,100 174.8072778736534,-36.993368735853245,100 174.80729693278025,-36.993266714595165,100 174.80729665252946,-36.99324670957818,100 174.80728463349425,-36.993201350772104,100 174.80729314673536,-36.99315945578944,100 174.80734474236692,-36.99310440155654,100 174.8073558924468,-36.99308793768909,100 174.80736015008185,-36.99306606091972,100 174.80735521684767,-36.9930388414064,100 174.8073481314047,-36.9930207174359,100 174.80733647829786,-36.993002637794554,100 174.80730174840107,-36.99296112830503,100 174.8072944739079,-36.99292846532618,100 174.80732923337789,-36.9928099190062,100 174.80733110387052,-36.99278080404614,100 174.80733964755973,-36.992740720246196,100 174.80734309143207,-36.992662485563436,100 174.80728265957805,-36.99257392566822,100 174.8072846772062,-36.99255572614693,100 174.80726304014073,-36.99247410321775,100 174.8072694316294,-36.99244311496316,100 174.80727320920846,-36.99243509308395,100 174.8073747354283,-36.992315881782055,100 174.80743582836683,-36.99229242273875,100 174.8074949221145,-36.99228458521604,100 174.80753592800792,-36.99228601744054,100 174.80756105669718,-36.992291232776836,100 174.80758850832152,-36.99230187562021,100 174.80761820608743,-36.992307060103634,100 174.8076819966299,-36.99231009295927,100 174.80770928929735,-36.99230804041054,100 174.80774100381942,-36.99229499290098,100 174.8077644637105,-36.992290072540506,100 174.80788123662333,-36.9923218956097,100 174.80788492186633,-36.99232817901648,100 174.8078920497004,-36.99234994183716,100 174.80791290843618,-36.9923752224229,100 174.80791773919034,-36.992395165322804,100 174.80791358400748,-36.99242430338121,100 174.80792539689645,-36.99245510896196,100 174.80796659639316,-36.99246926921999,100 174.8080511123221,-36.99248847754936,100 174.80806485465862,-36.99249380587291,100 174.80815102179398,-36.992467532744016,100 174.80818283545136,-36.9924636067585,100 174.80824220858085,-36.99247577298918,100 174.8083773790508,-36.99253450358349,100 174.80840730971602,-36.99255786572704,100 174.80842793126385,-36.99256676475355,100 174.80845474770993,-36.99254172036558,100 174.8085069110001,-36.99255466999995,100 174.8086473180001,-36.992552349999976,100 174.80864669200002,-36.99252983099995,100 174.80870165800002,-36.99248384699997,100 174.8086940720001,-36.99219100299996,100 174.8086214066972,-36.99203285023628,100 174.8086251009331,-36.99201384433799,100 174.80863119906869,-36.991961055773,100 174.80861228424732,-36.991912110394566,100 174.80855922991157,-36.99186352217692,100 174.8085498475791,-36.99184359369,100 174.8085220253546,-36.99180748183081,100 174.80847214703536,-36.99166246620583,100 174.8084512452231,-36.99163356306885,100 174.80843972571802,-36.99162458932739,100 174.80842216367066,-36.99159920296485,100 174.8083653530001,-36.99147555499997,100 174.80834859699178,-36.99139366437819,100 174.80834983467403,-36.991383547557064,100 174.80834931717615,-36.99134717729612,100 174.8083422625902,-36.99133088078654,100 174.80833439855581,-36.991324273069985,100 174.80833318600003,-36.99131834699995,100 174.80832488400006,-36.991002984999966,100 174.80837753000003,-36.99086692199996,100 174.8084857660001,-36.99070739399996,100 174.80875947800007,-36.990477487999954,100 174.80936772200005,-36.99010577899997,100 174.80941920600003,-36.989924676999976,100 174.80925074300012,-36.989927515999966,100 174.80916709100006,-36.98995140899996,100 174.80889104300002,-36.990137285999936,100 174.80810663300008,-36.99021799699994,100 174.8078563250001,-36.990313274999956,100 174.80776752192338,-36.99038757098107,100 174.8077258337,-36.990403720607475,100 174.80769871903462,-36.99041853222374,100 174.80764210110144,-36.990440901950116,100 174.80755126875943,-36.99045811538485,100 174.80749475408643,-36.99048774630129,100 174.80742486654268,-36.99053751715478,100 174.80740032716193,-36.99057412214301,100 174.80735419578792,-36.99069457764712,100 174.8071860820098,-36.99088348931646,100 174.80717043786032,-36.99090546467654,100 174.80715323777298,-36.99097654327904,100 174.80713779980587,-36.99101307180462,100 174.8071323803832,-36.991113144912624,100 174.80713508744807,-36.99113504722127,100 174.80706672300005,-36.991227879999926,100 174.80701175700005,-36.99127386399993,100 174.80684560800012,-36.99136677799993,100 174.80566342300006,-36.991274832999984,100 174.80529256900002,-36.99105663299997,100 174.80514339100012,-36.990766212999965,100 174.80513420844244,-36.99058440007561,100 174.80514360665535,-36.990559010578366,100 174.8051681904793,-36.990526045799264,100 174.8051948638912,-36.990480330704806,100 174.8051942455861,-36.99043668468462,100 174.80516934309253,-36.99028415458172,100 174.80511240322548,-36.990152655925236,100 174.80508752952784,-36.989660147261084,100 174.80508773547027,-36.989659306676174,100 174.8051991473427,-36.989485488698406,100 174.8052149371108,-36.989474413741554,100 174.80523278748467,-36.98944879258024,100 174.8052665322615,-36.98941937572356,100 174.8052799352015,-36.98940106341508,100 174.80531363692998,-36.98936802118992,100 174.80533151736444,-36.989344196788714,100 174.8053765562229,-36.98930921458801,100 174.8054124517562,-36.9892706868762,100 174.80553841219825,-36.98916038319011,100 174.8055458505235,-36.98915217028445,100 174.80566142360215,-36.98909586164168,100 174.80569008861906,-36.98909711464212,100 174.8057701697165,-36.98912363063724,100 174.80579753475516,-36.98912701239824,100 174.8058775385121,-36.98914992241449,100 174.80590711305078,-36.98914781483792,100 174.80591608126076,-36.98913863542051,100 174.8058469479646,-36.98907927377546,100 174.80576005023696,-36.98905281018083,100 174.80575560687575,-36.98904997423549,100 174.8057714710001,-36.98904224499994,100 174.80571419000012,-36.988998150999976,100 174.8056574420001,-36.98897657599996,100 174.80541315053378,-36.98898107645277,100 174.80524624774262,-36.98894672203623,100 174.80515521186027,-36.98894938040238,100 174.80504336205377,-36.98893042707029,100 174.8049925446935,-36.988939333369636,100 174.80472389200008,-36.988767834999976,100 174.80469969262947,-36.98875129071482,100 174.8047060267739,-36.98874264259768,100 174.8047101834061,-36.98871351992379,100 174.8047051604867,-36.98868083422382,100 174.8046519345037,-36.98861950212179,100 174.8046399600011,-36.98857778003976,100 174.80465235074723,-36.98848672772703,100 174.80464981840387,-36.98846857308844,100 174.80464033448033,-36.98844138297195,100 174.80461258798405,-36.98841072017342,100 174.80459865698546,-36.98839085240393,100 174.8045915261203,-36.98837090105653,100 174.8045780412248,-36.988220086306185,100 174.80459554444838,-36.98800712930312,100 174.8045990399186,-36.98793072170619,100 174.80458943581192,-36.98789625434755,100 174.80454354261116,-36.98787123933901,100 174.80446849072203,-36.98787556400932,100 174.80444809019173,-36.987883030685936,100 174.80443240251344,-36.98790136592604,100 174.80440312427896,-36.987923461711276,100 174.80438272887673,-36.987986261252146,100 174.80436099713648,-36.98806621160052,100 174.8043400916526,-36.988138668423716,100 174.8042519912694,-36.98835228232885,100 174.80425931159192,-36.988386771816764,100 174.8042551423386,-36.9884140830163,100 174.8042331357576,-36.98846885643304,100 174.80421519432156,-36.988489011424825,100 174.80419940896715,-36.98849827362744,100 174.80417504457694,-36.988547604655054,100 174.80402498539343,-36.98872543062713,100 174.8040005478718,-36.98876929532262,100 174.80398298821595,-36.98881674726836,100 174.80395975758364,-36.98894609374542,100 174.80391186491875,-36.98910476820861,100 174.80390133327538,-36.989164877806466,100 174.8039018306258,-36.9892012484301,100 174.80391939773543,-36.98931749144925,100 174.80393128505,-36.98935191874134,100 174.80395209434766,-36.98937538825706,100 174.80397070864214,-36.98940429995795,100 174.80398252346833,-36.98943327896441,100 174.80399750975255,-36.989529540174246,100 174.8039875059618,-36.9896278315859,100 174.8039787863181,-36.989655202931814,100 174.80397779351554,-36.98974796926966,100 174.80397365453405,-36.989777091648875,100 174.80397365356575,-36.98977712496289,100 174.80382729200005,-36.989887881999934,100 174.80374363800001,-36.98991177199997,100 174.80337749400007,-36.989872910999956,100 174.80309197300005,-36.98969738299996,100 174.80302472800008,-36.98927045399996,100 174.80299200196475,-36.98915319844809,100 174.80300278079417,-36.98906239788158,100 174.80295897323052,-36.98886093785277,100 174.80294267356857,-36.988833815091915,100 174.80292189033264,-36.98881399984988,100 174.8029009317288,-36.988781473243115,100 174.8028983525813,-36.98877648452886,100 174.80289209705705,-36.98853551595908,100 174.8029955277406,-36.988380470844554,100 174.80300900317647,-36.988367592646334,100 174.80306835527296,-36.9882142866245,100 174.80311125965048,-36.98786469935493,100 174.80310858085178,-36.98783561388507,100 174.80311596803415,-36.98771187562727,100 174.80316815864413,-36.98753680691532,100 174.8032280789483,-36.987425305331946,100 174.80325488587783,-36.987388664018965,100 174.80331965269949,-36.987297135918,100 174.80334696077475,-36.987265163020226,100 174.80340529181996,-36.98720095254887,100 174.80346552492253,-36.98714663758463,100 174.8034839187859,-36.98713455977179,100 174.80349943572466,-36.98712630942024,100 174.80350931750903,-36.98712160487405,100 174.8035233979761,-36.98711337815218,100 174.80354175810604,-36.987103964245264,100 174.8035530276054,-36.987098075902445,100 174.8035657492929,-36.98709216368626,100 174.80357841273795,-36.987083975618276,100 174.8035953360267,-36.987074570019956,100 174.80360934615234,-36.98706293736554,100 174.803621965985,-36.987052427252834,100 174.80363038639922,-36.98704545555249,100 174.80364301943627,-36.987036123262826,100 174.8036542332101,-36.987026781897285,100 174.8036654477472,-36.987017472966606,100 174.8036709956462,-36.987010518782625,100 174.80368507643678,-36.98700230735939,100 174.80369909055477,-36.986989512831755,100 174.80371167705158,-36.9869790194401,100 174.80372147267738,-36.986969716747446,100 174.80373271649054,-36.98696155294395,100 174.80374243995732,-36.986948814611246,100 174.8037536376038,-36.98693950502779,100 174.8037634164148,-36.98693020438995,100 174.80377318127128,-36.986919742161284,100 174.80378857062004,-36.986903904593134,100 174.80378897148913,-36.986903371227655,100 174.80379659269263,-36.98689096227944,100 174.8037988400682,-36.986886216918265,100 174.80380557480734,-36.98687637758823,100 174.8038122835977,-36.986862157333235,100 174.80382034889996,-36.98684757305624,100 174.80382749445184,-36.98683153270489,100 174.80383510062754,-36.98681258940892,100 174.80383596797927,-36.98680602362526,100 174.8038372918931,-36.986802376588344,100 174.80384299993295,-36.98676704999777,100 174.80384563495394,-36.98675393358784,100 174.8038487559321,-36.98674483779275,100 174.80385227669083,-36.98672916889962,100 174.80385491759895,-36.986714969914004,100 174.8038575805141,-36.98670622178034,100 174.80385892534346,-36.986700035405306,100 174.80385932693548,-36.9866942049679,100 174.8038606505119,-36.986686547960794,100 174.80388706661202,-36.986632955003486,100 174.80389198893428,-36.98662130362238,100 174.80389374527806,-36.98661365535915,100 174.8038959911688,-36.98660818175168,100 174.80389819637804,-36.986599796595904,100 174.80390122022914,-36.986575030114274,100 174.8039029809464,-36.98656556922881,100 174.80390510189704,-36.986539346417516,100 174.80390864823994,-36.98652733018575,100 174.80391980036754,-36.98649635623699,100 174.8039283090047,-36.98647885304698,100 174.80393098210124,-36.9864712025652,100 174.80393274798885,-36.986463911079184,100 174.80393586195555,-36.98645589877554,100 174.80393852373277,-36.98644315510323,100 174.80394249663144,-36.98642822112111,100 174.80394785464622,-36.98640999609324,100 174.80395166077759,-36.98636412321241,100 174.8039547531245,-36.986350629405194,100 174.80396863440086,-36.98632474969111,100 174.8039839250229,-36.986302503406925,100 174.80399018917964,-36.986291200264525,100 174.80399376044645,-36.98628280876248,100 174.80399871137647,-36.98627550941891,100 174.80400452043662,-36.98626201577418,100 174.80400897627683,-36.98625035705795,100 174.80401253214268,-36.98623869760108,100 174.8040187864188,-36.98622302861055,100 174.80402998464672,-36.986201144669515,100 174.80403936059363,-36.98618035919749,100 174.80404700768713,-36.98616833740742,100 174.80405056870146,-36.9861588464484,100 174.80405729603012,-36.98614936323836,100 174.80406493835937,-36.986135142297385,100 174.80406665838308,-36.986122770762364,100 174.80406838205087,-36.98610456041721,100 174.80407552895971,-36.98608924829692,100 174.8040867722284,-36.98607174588646,100 174.80409213239307,-36.986062270839305,100 174.80409663548608,-36.98605641860987,100 174.80409887036575,-36.986049861778504,100 174.80410015759298,-36.98603748059848,100 174.80410324368043,-36.98602510271723,100 174.80411153040112,-36.98596719758686,100 174.804114044436,-36.985934788439515,100 174.80411445150466,-36.985923863653575,100 174.80411707256462,-36.98590421377603,100 174.80411682255732,-36.98586342741154,100 174.80411630474381,-36.98585216066388,100 174.8041148965015,-36.98584196289891,100 174.80411392102133,-36.98582777832329,100 174.80411249738466,-36.98581830815799,100 174.80410957316647,-36.98578046199451,100 174.80410769369539,-36.98577209927111,100 174.80408987546417,-36.98574583886692,100 174.8040889590034,-36.98574452154815,100 174.80408202644057,-36.98573218690768,100 174.8040801653305,-36.985727835682724,100 174.80407372415064,-36.98571841925863,100 174.80406861242014,-36.98570754141275,100 174.80406486671373,-36.985696655419474,100 174.80406200188943,-36.98568500974183,100 174.8040563470968,-36.98566721800818,100 174.80405394325197,-36.98565668025633,100 174.8040528182766,-36.98563740278657,100 174.80405346059322,-36.98561555582586,100 174.80405145689605,-36.985598461192595,100 174.80405308307982,-36.985583163593894,100 174.80405522121532,-36.98557222601264,100 174.8040550449294,-36.985559483117086,100 174.80405703204406,-36.98553544533312,100 174.80405437030865,-36.9855401978997,100 174.80405218601283,-36.98554604191834,100 174.8040477041858,-36.98555008216842,100 174.80403467462787,-36.98555745564846,100 174.80400414646493,-36.98558206428862,100 174.80398076518728,-36.98559535726182,100 174.803967748066,-36.98560454220009,100 174.80393820521695,-36.98563243377842,100 174.80390361839022,-36.98565669218306,100 174.80389375622553,-36.98566478723076,100 174.80388749974583,-36.985671752195685,100 174.8038825613545,-36.98567615630241,100 174.80386949986948,-36.98568099032825,100 174.80385241933885,-36.98569166831456,100 174.80383764916527,-36.98570597775438,100 174.80382102919418,-36.98571774654447,100 174.80379678491235,-36.98573574667721,100 174.8037896193053,-36.985742371236086,100 174.8037716893469,-36.98575633121165,100 174.80375908405168,-36.9857640695576,100 174.80374784298346,-36.98577034415315,100 174.80373568216572,-36.98577587561738,100 174.80371896729255,-36.98578001164971,100 174.80370315754877,-36.98578232136726,100 174.8036900146961,-36.98578204612206,100 174.80367825766837,-36.98578250602129,100 174.80366647245648,-36.98578186763779,100 174.80365469819856,-36.98578231157279,100 174.8036411285117,-36.98578422941319,100 174.80362848432014,-36.985786515346454,100 174.80362304903616,-36.985785817407304,100 174.80361437888104,-36.98578116135893,100 174.80360889889099,-36.985776096298544,100 174.80359754204306,-36.98577328191913,100 174.803566749187,-36.98577313158658,100 174.80355086836167,-36.98577071854235,100 174.80354585302206,-36.98576820166174,100 174.80353993916134,-36.98576641138053,100 174.80352886780267,-36.98576452691917,100 174.80337555300002,-36.98565931399997,100 174.80336647938788,-36.98566690392708,100 174.80334886972506,-36.985654626373794,100 174.8033305614384,-36.98563876642779,100 174.80331866966256,-36.98562937870557,100 174.80329900043532,-36.985612409178025,100 174.80329351498406,-36.98560844379683,100 174.8032912676491,-36.985609193593746,100 174.80328858424386,-36.985612507063706,100 174.8032863698607,-36.98561650832511,100 174.80328595173913,-36.985619070824086,100 174.8032888621703,-36.98563579387012,100 174.8032922954824,-36.98565796015871,100 174.8032924774598,-36.98567361423621,100 174.80329574889305,-36.98568159619586,100 174.80329764365487,-36.985689230433785,100 174.80330510446348,-36.9857059086715,100 174.80330988486455,-36.98571424426492,100 174.80329315200004,-36.985728240999954,100 174.80330769800005,-36.98624626399993,100 174.8032814190001,-36.986314338999925,100 174.80306031100008,-36.98645322899994,100 174.8026661240001,-36.98641479199994,100 174.80220922600006,-36.98612949199996,100 174.80202918800012,-36.98572779599993,100 174.80204648285968,-36.9855836065786,100 174.8020492196117,-36.98557908943168,100 174.80205541219428,-36.98556702856222,100 174.80205760366266,-36.98556010108193,100 174.8020622883447,-36.98553532113491,100 174.80206443771823,-36.98552546680328,100 174.8020666140789,-36.98551999428421,100 174.80206748703512,-36.98551561232611,100 174.80206741605025,-36.98551088958098,100 174.80206990861234,-36.98549229533682,100 174.80207030065242,-36.98544753158857,100 174.8020669255116,-36.98543152941161,100 174.80206644271396,-36.985417198195606,100 174.80207532800011,-36.98534311999998,100 174.80205767657304,-36.98519861926084,100 174.8020577042997,-36.98519027765166,100 174.80205544934455,-36.985114943431256,100 174.80205381450568,-36.98509203414281,100 174.80205131298902,-36.98507239178308,100 174.80204889669642,-36.98506002809885,100 174.80203886376125,-36.985024616196455,100 174.80202922279366,-36.98469045464881,100 174.80203581721491,-36.9846844785852,100 174.8020492203962,-36.984670176603096,100 174.80205994532722,-36.98465736010497,100 174.80206261009755,-36.98465335112523,100 174.80206667487246,-36.98465258457058,100 174.80207343373232,-36.984649622949966,100 174.80208065312956,-36.98464775214491,100 174.80208023315686,-36.984649571078684,100 174.80208249033703,-36.98464919159824,100 174.80208472928118,-36.98464808683123,100 174.80209991559107,-36.98462979015198,100 174.80211111313304,-36.984619862417354,100 174.8021200871259,-36.98461288241719,100 174.80212816441,-36.984607372567716,100 174.80215458956152,-36.98458204256042,100 174.80217020275555,-36.98456155458779,100 174.8021880350955,-36.98453921855495,100 174.80220590625203,-36.98451833756354,100 174.80222294505245,-36.984504749179614,100 174.80225609161042,-36.984475016877155,100 174.80227047265467,-36.98446435397613,100 174.8022924915586,-36.984449272175354,100 174.8023055119872,-36.98444151235769,100 174.80232172215878,-36.98443266126873,100 174.8023432580765,-36.98441829973858,100 174.80235535851662,-36.98440511982261,100 174.80236157293805,-36.984395228084786,100 174.80236639830932,-36.98438246330026,100 174.80237247594604,-36.984361299915484,100 174.8023814161165,-36.98433908177456,100 174.80238344924953,-36.98432944641997,100 174.80238651616375,-36.98431429460271,100 174.8023888557448,-36.98429912498925,100 174.8023897284029,-36.98428944687033,100 174.8023902303527,-36.98427415284197,100 174.80238979645145,-36.98425881263801,100 174.80238863594187,-36.984243485271776,100 174.8023869048939,-36.98422816657036,100 174.80238637819537,-36.984217892298666,100 174.80238521401293,-36.98420245682956,100 174.80238322280618,-36.9841871114341,100 174.80237997549975,-36.984172051004826,100 174.8023751287287,-36.98415738891479,100 174.80236914416554,-36.98414488293908,100 174.80236092812032,-36.984131083206435,100 174.8023518688952,-36.984117498174314,100 174.80234263707638,-36.98410393108504,100 174.80233970070597,-36.98409747625257,100 174.80233314824468,-36.984083090631636,100 174.80232655984662,-36.984068705556055,100 174.80231985312474,-36.98405435292188,100 174.80231292214955,-36.984040066785354,100 174.80230812731998,-36.984030080858446,100 174.8023011274572,-36.984015779543505,100 174.80229392016662,-36.98400154356931,100 174.80228638903176,-36.983987438697575,100 174.80227844450204,-36.983973478906655,100 174.80227007422712,-36.98395971215402,100 174.80226115649415,-36.98394621780156,100 174.8022545559471,-36.98393664956595,100 174.80224483168297,-36.98392344686967,100 174.80223461316865,-36.98391048602162,100 174.802223983489,-36.98389771708862,100 174.8022129261803,-36.983885156544375,100 174.8022015632994,-36.98387278721279,100 174.80218991022974,-36.983860594439,100 174.8021874892796,-36.98385803179199,100 174.80217568450016,-36.983845980123974,100 174.80216360782055,-36.98383411825573,100 174.80215127500307,-36.983822399980454,100 174.8021388058761,-36.98381076128733,100 174.80212626824726,-36.983799171403014,100 174.80212344829883,-36.98379655442485,100 174.80211376615762,-36.983787563852545,100 174.80210775885405,-36.98377885276953,100 174.80210260218303,-36.98376357616469,100 174.802097038333,-36.983751946178636,100 174.8020910006603,-36.983741423900234,100 174.80208449737637,-36.983727595434935,100 174.80207934796664,-36.983715245308474,100 174.8020579916918,-36.98367202315891,100 174.80205289493693,-36.983664380733465,100 174.80204597931066,-36.98365531299614,100 174.80203314783122,-36.9836437428856,100 174.802022141896,-36.983631785427406,100 174.80201106383197,-36.98361838965338,100 174.80199041350951,-36.98359699217872,100 174.80198216920874,-36.98358941827181,100 174.8019615499377,-36.983573146134134,100 174.80195282530977,-36.98356373721756,100 174.80194092272083,-36.98355325080208,100 174.80192924592876,-36.983542181949545,100 174.8017676710001,-36.98332122299996,100 174.80162025900006,-36.98305329999994,100 174.80156827281533,-36.98286515722456,100 174.80157018498392,-36.982847399628,100 174.80157003658758,-36.98283572526232,100 174.80156805514846,-36.982820070546154,100 174.80156786621092,-36.98280548642913,100 174.80156906261993,-36.98279162036599,100 174.80156844272005,-36.982777770157284,100 174.80157009177225,-36.98276132665435,100 174.8015760570054,-36.9827292004358,100 174.8015772662071,-36.98271716295934,100 174.80157667303158,-36.98270368368927,100 174.80157364206877,-36.98267963737881,100 174.80157478925491,-36.98265920683753,100 174.80157938736644,-36.9826270878516,100 174.80158015542352,-36.982614685727164,100 174.80158000413266,-36.98260155486965,100 174.80158345589416,-36.982586567575865,100 174.80159146403136,-36.982573750899036,100 174.80159543813872,-36.982564238413666,100 174.80159830490467,-36.98249748809807,100 174.8015971852922,-36.98248107580733,100 174.8015979127612,-36.982465762129166,100 174.80159738364452,-36.98242017861988,100 174.8015934304923,-36.98239394888624,100 174.80159240638,-36.98238120442498,100 174.8015884535933,-36.98235499000789,100 174.80158782200962,-36.9823400250411,100 174.80156897205566,-36.98231791605065,100 174.80154517170578,-36.982299126960186,100 174.80152457553427,-36.982285053611854,100 174.80151407822672,-36.98228002585129,100 174.80150079082725,-36.98226954688742,100 174.8015003473341,-36.982269105141775,100 174.80148147400007,-36.98208668299998,100 174.801451637,-36.982019640999965,100 174.80142266527426,-36.98199733134569,100 174.8014258500286,-36.98198857259675,100 174.80142960159725,-36.9819611920912,100 174.80143174109406,-36.981950966571326,100 174.80143702750112,-36.981935979373645,100 174.80144092893838,-36.98192028943677,100 174.80144344164762,-36.98190311807608,100 174.80144693290327,-36.981890329409765,100 174.80145221667297,-36.9818778983992,100 174.8014638336263,-36.98186213911809,100 174.80147234067198,-36.98185185299699,100 174.80147588408136,-36.9818463732557,100 174.8014793453732,-36.98183174274202,100 174.80148055026442,-36.98181752142827,100 174.80148032772243,-36.9817996534031,100 174.80147879406098,-36.98178397566178,100 174.80147637872744,-36.98177159571907,100 174.8014726036265,-36.98175886687445,100 174.80147116933003,-36.98175230899856,100 174.80147061523775,-36.981744296548825,100 174.801471283565,-36.98172275833939,100 174.80146976703247,-36.981710379174565,100 174.80146688195757,-36.9816972789952,100 174.8014626795797,-36.98168672611666,100 174.80145935226838,-36.98167326220659,100 174.80145784668002,-36.981661966263864,100 174.80145545629227,-36.98164921459727,100 174.80145115112433,-36.981632111572075,100 174.8014506051059,-36.981623726753725,100 174.8014560959195,-36.98158868204749,100 174.801456416534,-36.98157774324909,100 174.80145765864745,-36.981568244295,100 174.80145938546647,-36.981559480672544,100 174.80145880909214,-36.98154928465856,100 174.80145600664403,-36.981542021985426,100 174.80145321770618,-36.98153657076349,100 174.80145225348346,-36.981531461386204,100 174.80144759524416,-36.98152201503851,100 174.8014448556176,-36.98151984568099,100 174.80143587411908,-36.981530496826494,100 174.80143051391374,-36.981539304782906,100 174.8014224586705,-36.981550311409926,100 174.80141102395817,-36.98158437286078,100 174.8014034459763,-36.9815997535665,100 174.8013999441457,-36.981611474326485,100 174.80139691378363,-36.98162537002974,100 174.80139471470355,-36.981631973141106,100 174.80138673795898,-36.981650644314065,100 174.80138410093224,-36.9816590666302,100 174.80138235362568,-36.98166639025069,100 174.80137483455667,-36.98168469845407,100 174.80137089473016,-36.98169823661617,100 174.80136779717057,-36.98170556721101,100 174.80136649764526,-36.98171215576693,100 174.80136474672346,-36.98171799226142,100 174.8013626235813,-36.981731531691565,100 174.80136315280572,-36.98173920472117,100 174.8013606823118,-36.98176331201059,100 174.80135851462325,-36.981772485213824,100 174.80135642406077,-36.98178854965223,100 174.80135617202671,-36.98180682777189,100 174.80135316021546,-36.98182475029686,100 174.80134487192765,-36.98185474679394,100 174.80134102487037,-36.981877793390304,100 174.80134320639254,-36.981911750015385,100 174.8013433159395,-36.98192196933882,100 174.8013443283389,-36.9819329329701,100 174.80134409276536,-36.98193682654425,100 174.8012797250001,-36.98188725999996,100 174.80117211100003,-36.98206939099998,100 174.80126232500004,-36.98332970499996,100 174.80164306300003,-36.98388659699998,100 174.80167290300005,-36.98395372899995,100 174.80167699200013,-36.98411136599998,100 174.80162255900007,-36.984179867999956,100 174.80145518198827,-36.98426774596654,100 174.80145135948658,-36.98426931525243,100 174.80142287274782,-36.984281934420906,100 174.8013847915986,-36.9842909497177,100 174.80136439102637,-36.984295100801376,100 174.80134308536032,-36.98430036703397,100 174.80132587120184,-36.98430523857348,100 174.80131090259505,-36.98430861859096,100 174.80129143268175,-36.984314596935796,100 174.80127192473964,-36.98431910579978,100 174.8012610810806,-36.984321156771564,100 174.80087137500004,-36.98432770099996,100 174.80083998100008,-36.98432817699995,100 174.80069905900007,-36.984308057999954,100 174.80024575800007,-36.98415876699994,100 174.80013174300007,-36.98409309099998,100 174.7999934487806,-36.98398715920873,100 174.79997978132758,-36.98396351394996,100 174.7999719250283,-36.98395223138861,100 174.79996270362423,-36.98393770494456,100 174.79993719092656,-36.983889643152835,100 174.79992842377408,-36.983877276593184,100 174.79991091641043,-36.98385621324421,100 174.79990534547252,-36.98384565132506,100 174.79989925900534,-36.98382851667621,100 174.7998794019018,-36.98379832522322,100 174.79986559152925,-36.98378234242955,100 174.7998159286258,-36.98372862874102,100 174.7997888428382,-36.98370396293823,100 174.7997769189618,-36.983691989444864,100 174.79976906565744,-36.983681451315086,100 174.79974835643492,-36.98365638415505,100 174.7997386940277,-36.983646215959986,100 174.7997290372446,-36.98363423602258,100 174.79970820180782,-36.98359966272833,100 174.79969381353035,-36.98357273942306,100 174.7996859745438,-36.983561472802386,100 174.7996799522894,-36.98355015970407,100 174.79967435812205,-36.98353670217912,100 174.7996511802305,-36.98349521430471,100 174.7996408608405,-36.98346641132598,100 174.79963300886044,-36.98345258965184,100 174.79961583021722,-36.98342091271642,100 174.79961070864795,-36.983409631022475,100 174.79960098563308,-36.98339107062787,100 174.79958064469022,-36.98336088555551,100 174.79957095836258,-36.9833477920185,100 174.79952450437435,-36.983293684334754,100 174.79951735980782,-36.98328638107248,100 174.79943044800007,-36.983090847999975,100 174.79941144118342,-36.98239688927532,100 174.79942697718678,-36.982382564086535,100 174.7994346128014,-36.98237337741383,100 174.79944223745886,-36.982363105715415,100 174.79944803875765,-36.982353933334004,100 174.79945565390423,-36.98234330575686,100 174.79947438671434,-36.98231101308702,100 174.79948145887622,-36.98229345626776,100 174.79948411402506,-36.98228574576145,100 174.79948888387509,-36.98226417060645,100 174.79949274854903,-36.98224442263521,100 174.7994930912921,-36.98223565118317,100 174.79949207953408,-36.98222470374759,100 174.79948879483058,-36.982214847124446,100 174.79947761256483,-36.982190085213304,100 174.79947155484243,-36.982174065034705,100 174.79946825112964,-36.9821634966549,100 174.79946544812225,-36.98215620329697,100 174.7994625933177,-36.98214489894121,100 174.7994597214964,-36.982130296907044,100 174.7994586819648,-36.98211826560195,100 174.79945628590156,-36.98210731031254,100 174.79944452983057,-36.98207049380716,100 174.79943287863532,-36.98204499631165,100 174.7994268198119,-36.982028976146836,100 174.79942348513964,-36.98201585298757,100 174.79942061586016,-36.98200197828017,100 174.7994177698348,-36.981991046035695,100 174.79941249140475,-36.98196441990152,100 174.79941096983637,-36.98194981001192,100 174.79941125509472,-36.98193483022537,100 174.79941067541387,-36.98192314706804,100 174.7994087275295,-36.981911472036494,100 174.79940263879544,-36.98189360912036,100 174.7994016397349,-36.98188448756868,100 174.79940244132547,-36.98187535403865,100 174.79940308297185,-36.98185013073415,100 174.79940016550557,-36.98183373305532,100 174.79939953774183,-36.98181690858584,100 174.79939762236035,-36.98180780543349,100 174.79939513187048,-36.98180140145334,100 174.79938778153837,-36.981533019775384,100 174.79938828147033,-36.98153098167322,100 174.79938952507902,-36.98151891214515,100 174.7993886093426,-36.98147836834828,100 174.79939288224884,-36.981451674911725,100 174.7993950395956,-36.9814414329304,100 174.7993958594142,-36.981433025588885,100 174.79939883724222,-36.98141511984642,100 174.7994000752957,-36.981404150014974,100 174.79940224910433,-36.98139389156007,100 174.79940213065976,-36.98138404641447,100 174.7993999887721,-36.98135154387329,100 174.7993975638441,-36.98133950472844,100 174.7993894755313,-36.98130595667786,100 174.79938751495047,-36.98129245395636,100 174.79938032654246,-36.98125890578081,100 174.79937562540212,-36.98124247565523,100 174.7993736775448,-36.98123080062123,100 174.79937214473244,-36.98121509218831,100 174.79936072491145,-36.98116588099868,100 174.79935804182662,-36.98112790572201,100 174.79935839193314,-36.981077475058285,100 174.79935735103427,-36.98106471640398,100 174.79935539046707,-36.981051213681106,100 174.7993487165519,-36.98102348024133,100 174.79934448832742,-36.981009288136704,100 174.79934072672017,-36.980998355348184,100 174.79932952909084,-36.98097102307864,100 174.79931564802283,-36.98094700328949,100 174.79929905611993,-36.980925180558614,100 174.7992907740127,-36.98091612074826,100 174.7992764818705,-36.98089758992762,100 174.79926636892148,-36.98088668672745,100 174.7992553494667,-36.980876170416494,100 174.79924481860348,-36.98086784321898,100 174.7992054469705,-36.980841803324545,100 174.79919398668892,-36.98083164971268,100 174.79915689044554,-36.9808059583691,100 174.7991450049756,-36.98079873959305,100 174.7991188944197,-36.980779555089235,100 174.79910606559355,-36.980769393372086,100 174.79909417022589,-36.980761801593516,100 174.79907543527014,-36.980752064694855,100 174.79905987275632,-36.98074122155146,100 174.79902591914268,-36.980712582073465,100 174.79899297351812,-36.98068943798905,100 174.79895441346002,-36.98065534681544,100 174.79895050040383,-36.980652577779686,100 174.79893752576154,-36.98064342593189,100 174.79892703090434,-36.98063514592936,100 174.79888536261683,-36.980590668141105,100 174.79887846382013,-36.98058090323014,100 174.79887157594993,-36.98057222244353,100 174.79885040865827,-36.98053814882387,100 174.79883881496158,-36.9805142150826,100 174.79882135436526,-36.98048960413826,100 174.79881022785528,-36.980465662411575,100 174.7987959013751,-36.98043846043008,100 174.79879035695456,-36.98042685972342,100 174.79878661518774,-36.98041671707385,100 174.79876628552373,-36.98037827825779,100 174.79875800416633,-36.98036523725699,100 174.79874329688073,-36.98034533543956,100 174.798735058459,-36.98033664627071,100 174.7987250041046,-36.98032798642566,100 174.79872363421327,-36.98032653803228,100 174.798696745808,-36.980310711828835,100 174.79868718959628,-36.98030459967906,100 174.79867582028857,-36.98029992557559,100 174.79865537928208,-36.980293159984285,100 174.79863629940655,-36.98028747067058,100 174.79862314197993,-36.98028391155659,100 174.79861089180218,-36.980279997090975,100 174.79860363849505,-36.98027860090333,100 174.79858097566674,-36.98027619261225,100 174.79856418241678,-36.98027195130911,100 174.7985509655486,-36.98026476977286,100 174.79854324151893,-36.980261894434705,100 174.798536039282,-36.980263764761766,100 174.79853368386665,-36.98026569323241,100 174.79853332733617,-36.98026596272269,100 174.7985425578172,-36.98028152657861,100 174.7985471396414,-36.98028803228985,100 174.79855452462627,-36.980302512781506,100 174.79855641840072,-36.98031013180104,100 174.79857198047702,-36.98032964754122,100 174.7985889442417,-36.98035243907358,100 174.7985953459265,-36.98036037013486,100 174.7986044630751,-36.980367588558835,100 174.79861451987634,-36.98037768868981,100 174.79864341694613,-36.98041889544447,100 174.7986522546339,-36.98044063028696,100 174.79865693399063,-36.98045623967132,100 174.79866071422617,-36.98047183383946,100 174.79866265307908,-36.98048451580126,100 174.79866551890984,-36.98049758480281,100 174.79866570645493,-36.98049815430006,100 174.79866921501892,-36.98051595181091,100 174.79867076561155,-36.98052168685809,100 174.79867734182545,-36.98053898541383,100 174.79867908451433,-36.98054281125337,100 174.7986872578762,-36.98055966288307,100 174.79869439206607,-36.98057245989079,100 174.7987042623152,-36.98058871075854,100 174.7987098578519,-36.98059756797119,100 174.79871534315723,-36.980605560683664,100 174.79872634009075,-36.9806171770008,100 174.79873777222272,-36.980630242356206,100 174.798744185275,-36.98063860677229,100 174.79876753015176,-36.98066658781877,100 174.79878220348058,-36.980685855615356,100 174.79879180094386,-36.98069490994775,100 174.7988032014505,-36.98070472290446,100 174.79882922730891,-36.980728664138034,100 174.79886027084382,-36.980751854223115,100 174.79887714103114,-36.98076307866084,100 174.7988972133834,-36.98077832312783,100 174.7989278747534,-36.98081280984795,100 174.79894019451314,-36.98082406359109,100 174.79895891599762,-36.98083857141255,100 174.7989771910257,-36.980855254579005,100 174.79899224672803,-36.980867236574305,100 174.79902961457418,-36.980890770594165,100 174.79904462518155,-36.9808983566175,100 174.79906196512513,-36.9809103003727,100 174.79907701514142,-36.980920084118736,100 174.79908798544295,-36.980931328558334,100 174.79909851675248,-36.98094368196829,100 174.7991049326964,-36.980953501954836,100 174.7991104600187,-36.98096442060333,100 174.79911742424613,-36.98098335275461,100 174.79912963376532,-36.98103222872831,100 174.7991171530001,-36.98102667399997,100 174.79905917204837,-36.98149478779204,100 174.79905641726845,-36.981499273074405,100 174.79905240913814,-36.98150949894064,100 174.79905028604222,-36.98152773241822,100 174.79904766898414,-36.98154087730955,100 174.7990477709721,-36.981555463658424,100 174.79905017976,-36.98156738730999,100 174.799039213527,-36.98165592337325,100 174.79903810411736,-36.981657620903896,100 174.79902109037894,-36.981686153273415,100 174.79901254964022,-36.981697121132605,100 174.79900853614635,-36.98170516407693,100 174.79899551613153,-36.981724910207625,100 174.7989838705506,-36.98174429300083,100 174.79896276046108,-36.98177501457447,100 174.79895026151414,-36.98179952259732,100 174.79894581537235,-36.981811568558726,100 174.79894587961817,-36.981820688962245,100 174.79894053533454,-36.98183347770665,100 174.7989356050575,-36.98184152012372,100 174.7989330648629,-36.98186632605081,100 174.7989322739726,-36.98187982812323,100 174.79893139352683,-36.981884566197955,100 174.79893099615188,-36.98189259488714,100 174.79892970731797,-36.981900266645454,100 174.79892932942025,-36.98191303418971,100 174.79893126011126,-36.98192870505042,100 174.79893135887593,-36.98194181958903,100 174.79892741839072,-36.981959355948355,100 174.79892614865108,-36.981971750343654,100 174.79893130941804,-36.98199653598307,100 174.7989314399759,-36.982012805640714,100 174.79874209229627,-36.98253619792984,100 174.79874122600654,-36.982537473744586,100 174.79874092877375,-36.98253941410122,100 174.79869651554944,-36.98266217949945,100 174.79869146595078,-36.9826751305749,100 174.79868293654735,-36.98269922959584,100 174.79868266891822,-36.982700453767734,100 174.7986759627842,-36.98271899056423,100 174.79867441647474,-36.982722293757334,100 174.79866148303364,-36.982747396897246,100 174.79865775449258,-36.98275575998672,100 174.7986514108682,-36.98276337675627,100 174.79864133944116,-36.9827793881495,100 174.79862516789885,-36.982810399852916,100 174.7986195266338,-36.982824370209414,100 174.79861490722834,-36.98283378602277,100 174.7986097148587,-36.982847067275145,100 174.79860820877101,-36.982853721124364,100 174.79860631985954,-36.982858955785545,100 174.79860620451265,-36.9828631703116,100 174.7986045268448,-36.982876517272594,100 174.79859398513454,-36.9829097257978,100 174.7985924228115,-36.98291885823257,100 174.79859055853345,-36.98292303977633,100 174.79859035132966,-36.98293041482723,100 174.7985892217568,-36.98293955602609,100 174.79858574484456,-36.98295426421036,100 174.798584434481,-36.9829704231363,100 174.7985839084726,-36.98297344208823,100 174.79845369400005,-36.98333337099995,100 174.79840219000005,-36.98351455899995,100 174.79835833170822,-36.98378022807725,100 174.79832180869843,-36.983801538666384,100 174.79830165979365,-36.98381599923445,100 174.798292210159,-36.983824643687214,100 174.7982895376988,-36.98382637686394,100 174.79828458328384,-36.98383087291873,100 174.7982711707308,-36.98384017229026,100 174.79826092846375,-36.9838449278306,100 174.7982497795105,-36.983851448376406,100 174.79823242613497,-36.983859621316405,100 174.7982074391985,-36.98387507632559,100 174.79820076082473,-36.98387850158961,100 174.79819230898832,-36.98388223673933,100 174.79817489823037,-36.98389288827381,100 174.79815743049986,-36.98390598775737,100 174.7981511290328,-36.98391186971882,100 174.7981426271439,-36.983917726433354,100 174.79813324403835,-36.98392356675521,100 174.7981212207205,-36.98393041059149,100 174.79810595152932,-36.98394355156688,100 174.7980965672946,-36.98394939190299,100 174.79808766687472,-36.98395383056348,100 174.79808636812425,-36.98395457896649,100 174.79785130400012,-36.98393021999993,100 174.79736638000008,-36.983645415999945,100 174.7971570090001,-36.98315323099995,100 174.79695282000012,-36.982908780999935,100 174.79684541849426,-36.98293224034924,100 174.79683762477467,-36.98292655826635,100 174.79681913047528,-36.9829107767135,100 174.79681356471906,-36.98290504655069,100 174.796805107096,-36.98289258222861,100 174.79679914943836,-36.982885093209916,100 174.7967905440607,-36.982877571269675,100 174.79678063897072,-36.98287000861746,100 174.79677167398464,-36.98285999906345,100 174.79676864980576,-36.982857478784474,100 174.79675369554164,-36.982841405677206,100 174.7967511456011,-36.98283783989507,100 174.79674777838088,-36.9828321512541,100 174.79673885499344,-36.982820375377806,100 174.79673006324623,-36.98280368800668,100 174.79671649765953,-36.982784463579364,100 174.7967144132281,-36.98277948108128,100 174.79670377329913,-36.98276627825786,100 174.7966999170412,-36.98276305943077,100 174.79668702865274,-36.982751226404446,100 174.79667759085652,-36.982742990591845,100 174.79667324203368,-36.98274080222125,100 174.79666938437762,-36.98273685514608,100 174.79665876912517,-36.982722599200635,100 174.79665329316805,-36.98271299559081,100 174.7966460613371,-36.98270373222212,100 174.79664467964767,-36.98270651118438,100 174.79664574201115,-36.9827167611601,100 174.79664692580303,-36.98272171312908,100 174.79665781887766,-36.98274266980455,100 174.796660792045,-36.9827458875807,100 174.79667903210293,-36.982771879579296,100 174.79668740839534,-36.98278786119957,100 174.7967048389675,-36.982810675669825,100 174.7967087124348,-36.98281390955863,100 174.7967125532505,-36.98281785688732,100 174.79672570227896,-36.982836375576895,100 174.79672906905543,-36.982842761848495,100 174.79673261420473,-36.9828579729675,100 174.79673508068694,-36.98286434312506,100 174.79673955143457,-36.98287921305098,100 174.796742876407,-36.98288597129966,100 174.79674888089107,-36.982909302149565,100 174.79675133305474,-36.982916400791645,100 174.79675754077775,-36.98294889681157,100 174.79676079990705,-36.98295844384544,100 174.79676423833126,-36.98297823980132,100 174.79676542858712,-36.983000086952,100 174.79676810893048,-36.98301597814052,100 174.7967683603438,-36.98302303619213,100 174.7967699628364,-36.983029405008,100 174.7967785990883,-36.98305208942195,100 174.79678743034557,-36.983084973847795,100 174.7967915559882,-36.98309524954968,100 174.796793255983,-36.9830974050113,100 174.79679532388258,-36.9831030691573,100 174.79680219434812,-36.98312571991425,100 174.79681012950246,-36.98314204980404,100 174.79681260515727,-36.983148761421674,100 174.79681448303276,-36.983160436656554,100 174.79681442489846,-36.983162884625905,100 174.79681633659106,-36.98317384820568,100 174.796816016296,-36.98318616601448,100 174.79681669375537,-36.983194284780616,100 174.79681615909456,-36.98321434909196,100 174.79681845452117,-36.98322810907186,100 174.79681519234146,-36.98323510134453,100 174.79681419484442,-36.983240027750085,100 174.7968104506326,-36.9832491192889,100 174.79681004055095,-36.983265309634746,100 174.7968075139842,-36.98327797360501,100 174.79679423559608,-36.98331647811817,100 174.7967900498508,-36.98332523564136,100 174.79678581444404,-36.98333608498321,100 174.79677942202431,-36.983345840329086,100 174.79677448505458,-36.98335561780435,100 174.796799741932,-36.98339657455135,100 174.79683627252507,-36.98346983703823,100 174.7968774771391,-36.9835364689239,100 174.7968999467019,-36.98359404405995,100 174.79691818118494,-36.9836517833608,100 174.79694263338155,-36.98372304658706,100 174.79694954207127,-36.98380118573346,100 174.796963121311,-36.9838936152834,100 174.79697026273354,-36.984007384661375,100 174.79697165057848,-36.98410486503824,100 174.79698346152085,-36.98420517457225,100 174.7970101931758,-36.98430488142465,100 174.7970395950067,-36.984384177063134,100 174.79704591590567,-36.984394392158286,100 174.7970802970001,-36.98448393299998,100 174.7971680280001,-36.984617684999925,100 174.79780262300005,-36.98521543999993,100 174.79806466700006,-36.98557156499994,100 174.79827287800003,-36.98601780799992,100 174.79854773200012,-36.986351208999956,100 174.79865759173987,-36.98649180355714,100 174.79851837983807,-36.98654491525706,100 174.79842346541062,-36.98656339942481,100 174.79839051520105,-36.9865648316182,100 174.79835802919175,-36.98657342858177,100 174.79815654170017,-36.98666129239029,100 174.79812470125947,-36.986679464159906,100 174.7980863819637,-36.986690696567265,100 174.79805642298822,-36.98669200312986,100 174.7980289915403,-36.986685988714584,100 174.79799491394874,-36.98667065257223,100 174.79796352937805,-36.98665039496495,100 174.7978189117708,-36.986599028449106,100 174.79777099144064,-36.98660108293211,100 174.79771753436864,-36.9866105877669,100 174.79763445865927,-36.986671754309434,100 174.79757158075662,-36.98676566361282,100 174.79755709116614,-36.98677347942146,100 174.79749100792995,-36.98677393235026,100 174.79745268776534,-36.986785181692554,100 174.797435355803,-36.9867955371971,100 174.79733905418573,-36.98692926373643,100 174.79727080021675,-36.98698739523231,100 174.79723262809117,-36.98700102625787,100 174.79717523744796,-36.98699631709627,100 174.79710726649932,-36.98696802822071,100 174.79704703281163,-36.98696582896572,100 174.7970057391802,-36.986977205211204,100 174.79698885353744,-36.98699473922756,100 174.7969647513667,-36.987038968791616,100 174.79696349941992,-36.98706540998599,100 174.79696839430147,-36.9870939942842,100 174.79708198094167,-36.987266692620004,100 174.79710799597333,-36.98729678226475,100 174.7971427019771,-36.9873216775707,100 174.79729158760395,-36.987392084664386,100 174.79731377419145,-36.98739800200368,100 174.7974140760001,-36.98747516199994,100 174.7976983320001,-36.98760566699997,100 174.79778313700012,-36.98762672999993,100 174.79820423700008,-36.987619719999934,100 174.7988476820001,-36.98751787099996,100 174.79896001800012,-36.98751598799997,100 174.7992711830001,-36.98760093399994,100 174.7994442590001,-36.98777835799996,100 174.79947471900005,-36.98786791899993,100 174.79946862017837,-36.9882040144904,100 174.79944571450372,-36.98825212158139,100 174.79941801151804,-36.988451434319956,100 174.7994484333528,-36.988490880103434,100 174.79924433000008,-36.98868297699993,100 174.79879747000007,-36.98878058499997,100 174.7985236830001,-36.989055526999955,100 174.79838623400008,-36.98917142399995,100 174.79829306700003,-36.98921627099997,100 174.79819322000003,-36.98926473299996,100 174.79791130800004,-36.98926945499994,100 174.79777015800005,-36.98920067399996,100 174.7972854200001,-36.98896452799993,100 174.79590152600008,-36.988673054999936,100 174.7954247550001,-36.98870441899992,100 174.7953411000001,-36.98872839399996,100 174.79473392300008,-36.98914408099994,100 174.79417358500007,-36.98919941299994,100 174.7932161020001,-36.98910268499998,100 174.79298976500002,-36.98903978099998,100 174.79281953100008,-36.98897503799997,100 174.79270542100005,-36.98890935599995,100 174.79230293400008,-36.98860057799995,100 174.79221583100002,-36.98848943199994,100 174.79218484800003,-36.98837725699997,100 174.7921790050001,-36.988151969999926,100 174.7922509770001,-36.98767760599998,100 174.79224119800006,-36.98733982599998,100 174.7921810050001,-36.987183035999976,100 174.79203591700002,-36.98700526899995,100 174.79197917400006,-36.98698368799995,100 174.79189728900008,-36.98707512799996,100 174.79190083000003,-36.98721024599996,100 174.7919365030001,-36.98750257699994,100 174.79188944700002,-36.98781886599995,100 174.79186377700012,-36.987909367999976,100 174.79161982200003,-36.98825232999997,100 174.79162097000005,-36.98829736899995,100 174.79170931700003,-36.98845364399995,100 174.79174206900007,-36.98863337799997,100 174.79171698300001,-36.988701431999964,100 174.791553119,-36.988884403999975,100 174.79128881700012,-36.989047444999976,100 174.79155843000012,-36.98908707999993,100 174.79200643100012,-36.98903363699998,100 174.79226084900006,-36.98909701999997,100 174.79257325600008,-36.98922702199996,100 174.79274516800012,-36.98935932499996,100 174.79283351900006,-36.98951559999994,100 174.79293289700001,-36.990054690999955,100 174.79362125600005,-36.99060560799996,100 174.79390432800005,-36.99064602599998,100 174.7943443360001,-36.99032316399997,100 174.79514856100002,-36.98992585499997,100 174.79542413500008,-36.98971838899996,100 174.79556276300002,-36.98964852599995,100 174.79600846000005,-36.98950498899996,100 174.79656944200008,-36.98947306799993,100 174.79719240500003,-36.98966548999994,100 174.79750763700008,-36.98990717699996,100 174.79776446200003,-36.990060624999956,100 174.79799135600013,-36.99014694199998,100 174.79833006,-36.99020885299995,100 174.79861139500008,-36.99022666799993,100 174.79869743000006,-36.990291956999954,100 174.79870084900006,-36.99038201999998,100 174.7986476760001,-36.990496458999985,100 174.79853773600007,-36.99058841899994,100 174.7982036420001,-36.99070666499995,100 174.79764913100007,-36.99098630799995,100 174.79751720100012,-36.99109671399997,100 174.79762515100003,-36.99114446099998,100 174.79782168100007,-36.991141213999974,100 174.798212432,-36.99104454799994,100 174.79893423200008,-36.99071613799999,100 174.7993215150001,-36.99048426199994,100 174.7997414770001,-36.990432204999934,100 174.79994040600002,-36.990519031999945,100 174.80005503400002,-36.990606325999984,100 174.80022936500006,-36.99082869499995,100 174.80056094100007,-36.99165685599996,100 174.8006241820001,-36.991926237999955,100 174.80063057900009,-36.99217395299997,100 174.80066104600007,-36.99226360399996,100 174.80083399700004,-36.992395879999954,100 174.80089074600005,-36.99241745699993,100 174.80117218300006,-36.99243526399992,100 174.80125699600015,-36.992456414999936,100 174.80139908900003,-36.99252166299993,100 174.80182784500008,-36.99280649099996,100 174.8020004990001,-36.992961296999965,100 174.80220290400007,-36.993183237999965,100 174.8024960450001,-36.99360646499998,100 174.80252589000008,-36.99367359699995,100 174.80252935700003,-36.993808713999954,100 174.80247501200006,-36.99387721499994,100 174.80241941700012,-36.99390067799993,100 174.8021948180001,-36.99390444999995,100 174.80202509700007,-36.99386224099993,100 174.80168815100012,-36.993867807999955,100 174.80149226200015,-36.99389457099994,100 174.80124190900005,-36.99398884599997,100 174.80088267700012,-36.99422021299994,100 174.80035099500003,-36.99429766799995,100 174.8002392730001,-36.99432207199993,100 174.80007257800003,-36.99439245599995,100 174.79959459600005,-36.99437789899997,100 174.79951093600005,-36.99440178599996,100 174.7993746620001,-36.99451676399996,100 174.7993213740001,-36.99463030499993,100 174.79932430500003,-36.99474290199998,100 174.79940879320432,-36.994807892107346,100 174.79932399389307,-36.9947429978981,100 174.79589599176222,-36.994942997592744,100 174.7915139957559,-36.993244000868145,100 174.78657000159862,-36.99251799485495,100 174.78610499265042,-36.992463992282424,100 174.78609999366793,-36.992684000042686,100 174.7860929925306,-36.99304500020013,100 174.78608499830352,-36.99333400416019,100 174.78613200230726,-36.993373998591444,100 174.78599300430437,-36.99387299397236,100 174.78593200377009,-36.99391500060298,100 174.7858299917691,-36.99411899617936,100 174.7858809925429,-36.994166993779984,100 174.78580100493616,-36.9945570043784,100 174.7857490078117,-36.99474799733461,100 174.78565500127297,-36.995060994421536,100 174.78563700877655,-36.99512099306224,100 174.7856629961644,-36.99530299440394,100 174.78577999594526,-36.99553000365297,100 174.78586499502097,-36.99579400060648,100 174.78620499818734,-36.99648600593977,100 174.78671099633252,-36.997467995105794,100 174.78672799342252,-36.99779299271495,100 174.78690500421925,-36.99794600081859,100 174.7869259956757,-36.99883300212753,100 174.78425000336046,-36.99948500195227,100 174.78192300680166,-36.99881699569165,100 174.77975699910186,-37.0017049967047,100 174.77685199871297,-37.000893003443466,100 174.77488899631663,-37.000333997567324,100 174.7710518555943,-37.005452734448056,100 174.77099542968202,-37.00537739237377,100 174.77096771996187,-37.00534854812679,100 174.77094872658367,-37.00529233581539,100 174.77095276759727,-37.005254110805325,100 174.77098720058325,-37.00510281284124,100 174.77098281684087,-37.004944597027496,100 174.7709758694149,-37.00493559015274,100 174.77097717309414,-37.00486279791522,100 174.77099243083714,-37.004811734695366,100 174.7709321736975,-37.004905058363185,100 174.7709324265921,-37.00492506304725,100 174.77091671051437,-37.00494339526354,100 174.77091689940167,-37.00495613714477,100 174.77088582553043,-37.00501827030204,100 174.7708792594597,-37.00503834070344,100 174.77087265265735,-37.00522574313444,100 174.77084782125038,-37.00524233573136,100 174.7708251572745,-37.00525164483671,100 174.77071796882382,-37.00524354715586,100 174.77057154800198,-37.00519942308915,100 174.77052595481513,-37.005196194386194,100 174.77049635438377,-37.00519827737713,100 174.7704645575327,-37.005205863260215,100 174.77043747182947,-37.00522430467232,100 174.77041047895395,-37.005251835432446,100 174.77038173563372,-37.00531577238547,100 174.77037528134252,-37.005344931831104,100 174.77031326224994,-37.00547828577811,100 174.77026356938435,-37.00550966042725,100 174.77023401049857,-37.005515381373286,100 174.77020210233965,-37.005513862786465,100 174.77013111950353,-37.00548723402619,100 174.7700785447235,-37.0054749834157,100 174.76980922349213,-37.00543926330263,100 174.76960192142008,-37.005441175326695,100 174.7695473070995,-37.00544531209971,100 174.76940365240262,-37.005437549758156,100 174.76933759173997,-37.00543814187209,100 174.7691414786859,-37.00542542091625,100 174.76909121645778,-37.00541494343871,100 174.7687670947775,-37.005370646204156,100 174.7687215266436,-37.005371070396556,100 174.7685185824694,-37.00535657097638,100 174.76818983890544,-37.00530683486309,100 174.7680595587468,-37.00527712356175,100 174.76798198114687,-37.005268737201774,100 174.76781963953633,-37.0052247631171,100 174.76779456211688,-37.00522498982221,100 174.76768027294395,-37.00519512367927,100 174.76759542076948,-37.005154072435325,100 174.7675359103928,-37.005134592647124,100 174.7674788303283,-37.005124212436435,100 174.76738769284145,-37.00512504540721,100 174.7673054938137,-37.00511125100007,100 174.7671499599093,-37.005065383663,100 174.76709959894393,-37.00504765926676,100 174.76706736012486,-37.005041313666226,100 174.7670379217182,-37.00503549508746,100 174.7669877306786,-37.005030496596405,100 174.76687852727414,-37.00504242219482,100 174.7667507185989,-37.00502539842084,100 174.76651855661777,-37.00504208645157,100 174.7664501943716,-37.005042714823695,100 174.76612414767177,-37.00502388603968,100 174.76606709210498,-37.00501712719907,100 174.7660146756087,-37.00501580456706,100 174.76595317840273,-37.005018163767346,100 174.76586430205725,-37.005015350311055,100 174.7657432131363,-37.00499099863281,100 174.76564028364564,-37.00495919306594,100 174.76562412823074,-37.00494479327041,100 174.765392684787,-37.00484324273316,100 174.76534480809332,-37.00484004961234,100 174.7653106794974,-37.004845813885666,100 174.76526081673398,-37.00486447401963,100 174.76514201320362,-37.004840084116374,100 174.76511468534903,-37.00484033111254,100 174.76508946869473,-37.00482967313236,100 174.76500507249028,-37.004821334870826,100 174.76493444415644,-37.00482198435761,100 174.76486605859208,-37.00481897261731,100 174.76470174452785,-37.004798643646765,100 174.76466991845615,-37.00480440143284,100 174.76452638139892,-37.00480389427527,100 174.7641779403523,-37.004814371594215,100 174.76409709963139,-37.00482249927806,100 174.76401194245403,-37.00483656590456,100 174.76396194281523,-37.00486273825906,100 174.76392194123548,-37.00490901830675,100 174.76389822621258,-37.004972762730766,100 174.76386795393563,-37.00502650259328,100 174.76384048881067,-37.005067496565175,100 174.76381612660683,-37.00510591619358,100 174.76376373551236,-37.005162543681664,100 174.76373008423974,-37.00520871935622,100 174.76369661082177,-37.0052624959423,100 174.76366315308596,-37.00531627228594,100 174.76361397601423,-37.00537538555661,100 174.76356119591188,-37.00541679718838,100 174.7635175283636,-37.00544286533116,100 174.76348327803842,-37.00546623914656,100 174.76345873913752,-37.005497073086715,100 174.76343734873473,-37.005527838597565,100 174.76340356858583,-37.005568938040014,100 174.76336938207587,-37.00559483458033,100 174.76334787506616,-37.00558913336038,100 174.76332769385317,-37.00557908878529,100 174.76331162295065,-37.00555918934349,100 174.76328339141742,-37.00545753490305,100 174.76327416940487,-37.005439396712354,100 174.76324659302162,-37.00540141193021,100 174.76322146449618,-37.0053779291138,100 174.7631892120517,-37.005323605209426,100 174.76312314238734,-37.00528041400648,100 174.76308886782226,-37.00524791322136,100 174.76305004278865,-37.00521545570366,100 174.76301831601114,-37.00521020010434,100 174.7629546950676,-37.00518699261949,100 174.76292751563628,-37.005183551395696,100 174.7628979987825,-37.00517466664883,100 174.76278434942387,-37.005126340669854,100 174.76276611090054,-37.005113739823635,100 174.76263200866052,-37.005058284329834,100 174.7626206771896,-37.005056534641916,100 174.76256606090567,-37.00502599340808,100 174.7623861673833,-37.0049181091336,100 174.76224728005434,-37.00483722582097,100 174.76217911843187,-37.00481042236975,100 174.76203581918665,-37.00474048240154,100 174.76198797063327,-37.00470987644697,100 174.76181455487122,-37.00457286254964,100 174.76177358964293,-37.00454950009032,100 174.76158666883077,-37.00441984738374,100 174.76153886226948,-37.00439289458554,100 174.7612265500759,-37.00417317041875,100 174.76118560960876,-37.004153445126214,100 174.76106488729565,-37.00407608804746,100 174.76103975333362,-37.004054415591774,100 174.76076406555322,-37.0038744465993,100 174.76072543321067,-37.003858355282084,100 174.76019975277927,-37.00357461857632,100 174.7601611031449,-37.00355849668289,100 174.7601041517239,-37.003522510675495,100 174.76005869522902,-37.00350282943978,100 174.7598354272331,-37.003360441742664,100 174.7597744300001,-37.00331504499997,100 174.75919394867225,-37.00300567275669,100 174.75900224950118,-37.00288264140658,100 174.75881337195193,-37.00277844407025,100 174.7587881997782,-37.002753164586764,100 174.75875631267806,-37.00273338355993,100 174.7585630463068,-37.00264377030167,100 174.75838355972178,-37.00257588986015,100 174.75833354574192,-37.0025525809559,100 174.75831453024523,-37.00254546736573,100 174.75806994058553,-37.00242173554311,100 174.75799421176288,-37.00234577144149,100 174.75788952761934,-37.002288281075174,100 174.7578690001529,-37.002272062096864,100 174.75785080385833,-37.00226308407278,100 174.75780976181483,-37.002232472892736,100 174.75763914210955,-37.00214632799888,100 174.75758671646932,-37.00210850080503,100 174.75751390292336,-37.002070806113856,100 174.75747535316899,-37.00206199068881,100 174.75743218786084,-37.00204589420911,100 174.7574002731848,-37.00202430155378,100 174.75726610463195,-37.00195975188112,100 174.7570587108741,-37.00181747992985,100 174.75699444440508,-37.00173063078632,100 174.75697612779155,-37.00171075198093,100 174.75696450744758,-37.00167992297307,100 174.75681999509484,-37.00149177313131,100 174.75670604722458,-37.00141434723823,100 174.75653356871302,-37.00136459308251,100 174.75651368377405,-37.00136474773334,100 174.75651318164023,-37.001364756067694,100 174.75647007480308,-37.001352297913826,100 174.75645406592236,-37.001336050552375,100 174.75643785824445,-37.00129978409858,100 174.7563897364969,-37.00124192379493,100 174.75607322551403,-37.001051305599155,100 174.75604127546072,-37.001024232131506,100 174.75594107195334,-37.0009630891176,100 174.75587285770993,-37.00093262786561,100 174.75564995277065,-37.00082139559172,100 174.75551586304528,-37.000765931682274,100 174.75544341719214,-37.0007609844026,100 174.7553391198934,-37.00074168957048,100 174.75505134633482,-37.0007036371171,100 174.75495851292544,-37.00069882072918,100 174.7549577676344,-37.0006987313036,100 174.7548157980001,-37.000672979999926,100 174.75459189489428,-37.00058680338332,100 174.75451564462458,-37.0005436071244,100 174.75447249874293,-37.00052750925929,100 174.75425857884812,-37.00041078490013,100 174.75422669352415,-37.00039098727468,100 174.75406520295928,-37.00031024711391,100 174.75373065624498,-37.00012338807667,100 174.7535824809654,-37.000018921349564,100 174.75354138860322,-36.999982812207406,100 174.753509342735,-36.99994847567108,100 174.75332694098785,-36.99981514378995,100 174.75328586047291,-36.99978086136744,100 174.75316275299238,-36.999690790123566,100 174.75310812704234,-36.999660229241144,100 174.75305127478012,-36.99963332905894,100 174.75290546155958,-36.99953792904884,100 174.75285299919193,-36.99949646159038,100 174.75280515824815,-36.99946588235856,100 174.7527551494492,-36.99944258719476,100 174.75264610054995,-36.99939967330659,100 174.7526029894082,-36.99938905699788,100 174.75250780956273,-36.99937696717949,100 174.75247159370605,-36.999375405555625,100 174.75240484731634,-36.999361574115554,100 174.75239767400012,-36.99935797099994,100 174.7521073910001,-36.99926649699996,100 174.75160065200012,-36.999250863999976,100 174.75158520864963,-36.999254092194356,100 174.75157158123503,-36.99925304263713,100 174.7515216459726,-36.99925110097566,100 174.75150578363483,-36.99924739541482,100 174.75123554280805,-36.99927040463726,100 174.75122417084953,-36.99927585513626,100 174.75111740517025,-36.99929563932074,100 174.7510469804797,-36.999302750795714,100 174.75091524237197,-36.999320649085526,100 174.75089026183431,-36.999320561609274,100 174.7507746432884,-36.999287433076965,100 174.75065915425643,-36.999228733703234,100 174.75040088673973,-36.99910947302979,100 174.7503692071253,-36.999087503621816,100 174.7501380947831,-36.99898653800906,100 174.74999748599453,-36.99895697518571,100 174.7498772349033,-36.99894388386715,100 174.7498182573247,-36.998932781253984,100 174.74962800484917,-36.998835577224774,100 174.74959400631744,-36.99882454784337,100 174.74944907386833,-36.99874388793257,100 174.74941504754477,-36.99873649756275,100 174.749260734929,-36.99872696506413,100 174.74923580869344,-36.99872144143907,100 174.74912229167674,-36.99871929493307,100 174.74900433116179,-36.998704384333095,100 174.74889321467063,-36.998676739756675,100 174.74879807483387,-36.99863268261592,100 174.74873466538043,-36.998594194878535,100 174.7485715588495,-36.99851897171297,100 174.7485330090482,-36.99850792256123,100 174.7484490868663,-36.998496746071964,100 174.74841730468765,-36.99849666004534,100 174.74822652150775,-36.99851988507137,100 174.74797897683703,-36.99854293644506,100 174.74770448480157,-36.99850388891611,100 174.7476704293501,-36.998505620796955,100 174.74759099718074,-36.998498102752855,100 174.74755026567055,-36.99847062718767,100 174.7475094592349,-36.998455929916624,100 174.74744824312464,-36.998441160938405,100 174.74743013117237,-36.998431994370094,100 174.7473281036934,-36.99840437040037,100 174.7472918603702,-36.99838602128564,100 174.74722399140992,-36.99833475088325,100 174.74720364677347,-36.998314639897096,100 174.74716076858957,-36.99825978916345,100 174.74714728290564,-36.998226898216835,100 174.74704995209726,-36.99816461734246,100 174.7469774389143,-36.99813705516399,100 174.74688672129142,-36.998118571401946,100 174.746861782391,-36.998111201542464,100 174.74675743017045,-36.998096329916734,100 174.74655754780954,-36.99812315359774,100 174.74637574901024,-36.998168282647626,100 174.74620306615478,-36.99820429555457,100 174.7461099471381,-36.998211355885125,100 174.7460214336504,-36.99821293590997,100 174.74598624730427,-36.99821508774041,100 174.74574527155625,-36.99823850558337,100 174.74563159191572,-36.998277817349674,100 174.74557727366846,-36.99830580221514,100 174.7455155101924,-36.99833779571328,100 174.74544629455846,-36.99834616866157,100 174.74539070333068,-36.99835873424077,100 174.7453135969685,-36.99835693813292,100 174.7452488389168,-36.99834578755973,100 174.74519632512627,-36.99833631270713,100 174.74513131424663,-36.99829876321913,100 174.74508666151613,-36.99827018896162,100 174.7450426882558,-36.99823835180587,100 174.74499764165887,-36.99820586613906,100 174.74495044649473,-36.99816644659453,100 174.74490395035852,-36.998137500085264,100 174.74484087631896,-36.998103309139715,100 174.74479206603104,-36.998075964020174,100 174.74473181730053,-36.99804532055707,100 174.74471334853712,-36.998045993193315,100 174.7446453352553,-36.99807043668106,100 174.74458741230012,-36.99811879811615,100 174.74454745063937,-36.99814300309073,100 174.74447608388317,-36.99816965356051,100 174.74446588663932,-36.99817026855361,100 174.74443959035727,-36.99816874521591,100 174.7443896736058,-36.9981538067379,100 174.74434688941204,-36.99812314159167,100 174.74430524522097,-36.998086203561115,100 174.74425060730889,-36.998033028923935,100 174.74420017358943,-36.99797981680064,100 174.74414557529144,-36.99792345083241,100 174.74410360552713,-36.9978770238347,100 174.74403644040564,-36.99776717119153,100 174.7439987204522,-36.99772388140501,100 174.74393176631222,-36.997684054208115,100 174.74382723348612,-36.9976174428596,100 174.74376457010408,-36.99757063933186,100 174.7436977646744,-36.99752707831919,100 174.74359345977456,-36.997453059907286,100 174.74353932898288,-36.997368563564585,100 174.74353521090563,-36.99730761413178,100 174.7435436142081,-36.997219546361066,100 174.74355199885505,-36.997131400447415,100 174.74355618564977,-36.997070331693614,100 174.74353539694178,-36.99698874705039,100 174.74349796523077,-36.99692739386305,100 174.74345793230313,-36.99683219063495,100 174.74345749895335,-36.99669773167185,100 174.74352289078823,-36.99660807764876,100 174.74358103624385,-36.99652465272648,100 174.7436059388703,-36.99647442810183,100 174.74361727619706,-36.99642646863561,100 174.74361810300667,-36.99639890471245,100 174.7436157161432,-36.996379119595076,100 174.74360197919876,-36.99633962157171,100 174.7436017327036,-36.996307227882646,100 174.74359481401893,-36.99628208155823,100 174.74358523801573,-36.996197604744246,100 174.74357354721718,-36.99613290708418,100 174.7435552850615,-36.996086218053755,100 174.74353438925903,-36.99598738266036,100 174.74351382237944,-36.99593173403921,100 174.7433645618093,-36.99572921295166,100 174.74332369771832,-36.995653870136195,100 174.74330968504697,-36.995283384318526,100 174.7432860042106,-36.99511259803998,100 174.74321512381707,-36.99491510655633,100 174.74317664516113,-36.99485951637933,100 174.74307742392693,-36.99476110223597,100 174.7430389946489,-36.99471091564637,100 174.7430140290839,-36.99466608526922,100 174.74299140607812,-36.9946337921975,100 174.7428961350958,-36.99446700373824,100 174.74288918447635,-36.99443645256771,100 174.7428866347865,-36.994395099243135,100 174.74288201598492,-36.99437533696782,100 174.74284791122815,-36.994307146768314,100 174.74271696713103,-36.99415671658649,100 174.74268070055683,-36.99409752989806,100 174.74263300838743,-36.99400603613905,100 174.74250629402903,-36.99382499939592,100 174.7424904136233,-36.99379448558018,100 174.7424384091663,-36.993728197594685,100 174.74241341052067,-36.993677947877856,100 174.74239756395627,-36.99365285323598,100 174.74237954761585,-36.99363854239021,100 174.74232763177648,-36.993581250106395,100 174.7422820588247,-36.993473570575375,100 174.7422525357477,-36.99341614597819,100 174.7422322487567,-36.993398247810674,100 174.74220512311413,-36.99336241987394,100 174.74218923707573,-36.99333371776516,100 174.7421486422604,-36.993294345239995,100 174.74210798326192,-36.99324417933843,100 174.74209888306467,-36.99322444225414,100 174.7420918936596,-36.99319029980348,100 174.74206690310996,-36.99313826886188,100 174.74205109317404,-36.993122157167704,100 174.74200116984275,-36.99303066883846,100 174.74193151734997,-36.99268779108717,100 174.7419569750001,-36.992573653999955,100 174.74203668400003,-36.99239207499994,100 174.74219995800004,-36.992185748999944,100 174.74236326000005,-36.99202538099997,100 174.74277710700005,-36.99172751399994,100 174.74280132283948,-36.9917100551202,100 174.74282589331216,-36.99170613318038,100 174.7428638664461,-36.991695156145745,100 174.7430063864969,-36.9916008823302,100 174.74302635908336,-36.99158099861366,100 174.74310650122345,-36.99152303240261,100 174.74312211232564,-36.991517542948756,100 174.74314213069567,-36.99149947021,100 174.74316662407622,-36.99148315241781,100 174.74328271822307,-36.99144657558361,100 174.7433788390784,-36.9914298995506,100 174.74347723509408,-36.99142040244173,100 174.74357994896678,-36.99138929286097,100 174.74367601385012,-36.991369040039814,100 174.7437742087742,-36.99132894465239,100 174.7438186635622,-36.99129094579978,100 174.74384081425833,-36.99126204460326,100 174.74385182476513,-36.99123680876371,100 174.74384267438788,-36.99121168440791,100 174.74385128133193,-36.99116666368385,100 174.74386667519693,-36.991130608784594,100 174.74387088808786,-36.991094611829084,100 174.7438818206647,-36.9910621764218,100 174.743906303062,-36.99104406229364,100 174.74392866159744,-36.991043946444655,100 174.74394425883187,-36.99103308427119,100 174.74395309051886,-36.99101684955613,100 174.74395953051558,-36.990982629735754,100 174.74395945875517,-36.99097363283233,100 174.7439527008754,-36.990966480057054,100 174.74395034769594,-36.99095209969838,100 174.7439546750341,-36.99093228440304,100 174.74405225914037,-36.99081667188325,100 174.74412704092592,-36.99064180670917,100 174.7441601130335,-36.99057867383961,100 174.74422392266527,-36.9904326519248,100 174.7442518422969,-36.990281391691376,100 174.74427356026555,-36.99019494967841,100 174.74427986298468,-36.99014095491463,100 174.74431028646325,-36.99002027057053,100 174.74434243674884,-36.98983302839642,100 174.74433528288307,-36.989777300774385,100 174.74433273166966,-36.98944272739098,100 174.74432584179212,-36.98941936258096,100 174.74432342333608,-36.98939420510305,100 174.74433181451062,-36.98932219633322,100 174.74433380067072,-36.98928981306138,100 174.74433325843603,-36.98926425395444,100 174.7443364136077,-36.98924118855632,100 174.74434508666545,-36.989215217290756,100 174.74435072015893,-36.98920394359516,100 174.74435881059802,-36.98918778463958,100 174.7443817035373,-36.98915338875088,100 174.74439317304237,-36.98912027841729,100 174.74440180635415,-36.98907840199189,100 174.74443215568908,-36.988947265088306,100 174.74442815915123,-36.98877815713328,100 174.74443652970749,-36.9887108103242,100 174.74443409232336,-36.98869446541112,100 174.7444384548766,-36.98867807101875,100 174.74442575119963,-36.988541749775074,100 174.74442460431223,-36.98842720059066,100 174.74440988475556,-36.98831452828062,100 174.74440909736933,-36.98823814686696,100 174.74441765088756,-36.988188993382195,100 174.74441749182847,-36.9881744545894,100 174.74441699536888,-36.98812537013491,100 174.74440305358613,-36.98786537957824,100 174.74439377070559,-36.987841821001936,100 174.7443822815908,-36.98782551359281,100 174.74434577964075,-36.98779666861079,100 174.7442911268574,-36.987762481429556,100 174.7442797247907,-36.98775165641284,100 174.74425900397412,-36.98771722466252,100 174.74421788419974,-36.98767750538244,100 174.7442131557455,-36.98765751130544,100 174.74419607148883,-36.98758207693977,100 174.74420152202947,-36.987543658825366,100 174.74420735387991,-36.98750594805726,100 174.74420701971314,-36.98747493374801,100 174.74423068138614,-36.98737916864771,100 174.7442016610821,-36.98719567727333,100 174.7442116947436,-36.9870701369796,100 174.74423121082094,-36.986986346563796,100 174.74423295862135,-36.98693358774629,100 174.74420318830178,-36.98689922769103,100 174.7441525336527,-36.986812290002526,100 174.74414496288972,-36.98673597220517,100 174.74412408892437,-36.986685175446304,100 174.7440807136343,-36.986647273883655,100 174.74404212245597,-36.98663298801484,100 174.74401484131243,-36.9866204377324,100 174.74397396646947,-36.986606173682986,100 174.7439237786568,-36.98656647757803,100 174.74389418043668,-36.98654849926385,100 174.74386692871434,-36.98653777640885,100 174.74384190346737,-36.98652339388535,100 174.7438260021543,-36.986518045607546,100 174.74378987178636,-36.98652374380955,100 174.74374789411956,-36.98652402682876,100 174.74371591643452,-36.9864570848904,100 174.74379295173406,-36.98638188529877,100 174.74381542483982,-36.98636716357391,100 174.74383337043935,-36.98635068858842,100 174.743857882388,-36.98631597156499,100 174.7438722148656,-36.986166745186544,100 174.7438626012687,-36.98611224970359,100 174.7438602884744,-36.98610499283954,100 174.74384433662544,-36.986094179647935,100 174.7438147999271,-36.98608346331346,100 174.74373783561484,-36.98607853543772,100 174.74369704038972,-36.9860715330252,100 174.74366293738655,-36.986055392848336,100 174.74364016154274,-36.98604100426992,100 174.7436195505254,-36.986015678704554,100 174.74363518965626,-36.98599557102953,100 174.74365093158468,-36.98598636431521,100 174.74367349596952,-36.98598076272358,100 174.74369609961198,-36.98597880011653,100 174.7437366437343,-36.98596215895763,100 174.7437568557327,-36.98594564707829,100 174.74376120182188,-36.98592926916989,100 174.74374973115584,-36.98591296322151,100 174.74369529064467,-36.98589877941387,100 174.74367482169737,-36.98588799290747,100 174.74357501323504,-36.985863211691964,100 174.74357357493304,-36.9858623850573,100 174.74357701500003,-36.98580839799997,100 174.74360395300005,-36.985762853999965,100 174.74369127658358,-36.98568298983732,100 174.7438036680099,-36.98565436183667,100 174.74390985488847,-36.98563910044144,100 174.74413549190385,-36.98557940112253,100 174.74428467065968,-36.98556565543452,100 174.74431397841252,-36.98555636642219,100 174.74432974727736,-36.985548986216564,100 174.74434768791053,-36.985534323799705,100 174.74437440256975,-36.985492323105476,100 174.74439195369925,-36.98543763389008,100 174.74437173846445,-36.98522863256115,100 174.74436019950426,-36.9852068773389,100 174.74433958769552,-36.98518156632849,100 174.74431903952754,-36.98516351818778,100 174.74428489642366,-36.98514374010942,100 174.74425755410124,-36.98512391344464,100 174.74423239270166,-36.98509863142484,100 174.7441731623216,-36.98505720706034,100 174.74416161239282,-36.98503363940613,100 174.74416115625394,-36.98498817857565,100 174.74416994250342,-36.98496265360772,100 174.7442079859603,-36.98492238916053,100 174.74431144290327,-36.98486349995719,100 174.74433161445074,-36.98484336523431,100 174.744338282938,-36.98483058913065,100 174.7443511075242,-36.98475593735291,100 174.74434079628358,-36.98463414992538,100 174.74432435978497,-36.984576079130825,100 174.74429917017068,-36.984543503081206,100 174.74415517761307,-36.98440079919103,100 174.7441002192527,-36.98433387829611,100 174.74407021759274,-36.98427590495975,100 174.74404458797687,-36.98420333433814,100 174.7440215126179,-36.984178155666264,100 174.7443151052658,-36.98418075689033,100 174.74432040597333,-36.984183284920505,100 174.74434308372363,-36.98419039658771,100 174.74439540542414,-36.98421732810671,100 174.7444270819229,-36.984218949992695,100 174.74444737862785,-36.984213355451715,100 174.74446537466332,-36.98420231374314,100 174.74450821270608,-36.9841874782229,100 174.7445154685362,-36.984182531686955,100 174.74491017900004,-36.98418602699996,100 174.7452992200001,-36.98402107399993,100 174.74540722463956,-36.98390604862705,100 174.74544627900931,-36.98388472783091,100 174.74567335889603,-36.98374681234346,100 174.7458086150752,-36.98369863059533,100 174.7459888199368,-36.98361921166117,100 174.74605847432915,-36.983573260182844,100 174.74611454041906,-36.983523797813525,100 174.74615937908396,-36.98348342195986,100 174.74618331289898,-36.98344507520583,100 174.7462021797455,-36.98340280019783,100 174.74623750763647,-36.98332231541187,100 174.74628342697727,-36.98326513455972,100 174.74627921269098,-36.98319977361635,100 174.74628074380644,-36.98316177630158,100 174.74628513752222,-36.98313773179912,100 174.74626809393274,-36.98310568886608,100 174.74625601354492,-36.98301666840781,100 174.74623763995584,-36.98298404385221,100 174.7462038969874,-36.982953015070066,100 174.74616686100012,-36.98283520099994,100 174.7461651310001,-36.982767639999956,100 174.7462196140001,-36.98269916199997,100 174.74627521900004,-36.98267572499997,100 174.74650037800006,-36.982693678999965,100 174.74655589200006,-36.98267024399996,100 174.7465991667433,-36.982597149110276,100 174.74660749779625,-36.98259818740552,100 174.74663687291974,-36.982594363398974,100 174.74665935084997,-36.982577860949895,100 174.7466795229858,-36.982557755569566,100 174.74668602463024,-36.982526801087154,100 174.74667410865902,-36.9824559436304,100 174.7466626214958,-36.982434202284594,100 174.74661457731267,-36.98237449416987,100 174.74660382877545,-36.98235331417855,100 174.74659391134986,-36.98232214628249,100 174.74659558729232,-36.98227098291077,100 174.74660443666795,-36.98224728382927,100 174.74660654972044,-36.98223091163929,100 174.7466061481391,-36.982229415935215,100 174.7466115733859,-36.982194870177814,100 174.7466167975556,-36.982155805412006,100 174.74661767549213,-36.982148063596235,100 174.74661838218938,-36.98214044868393,100 174.74661879859758,-36.98213296242705,100 174.74661887368177,-36.98212568218967,100 174.7466185386026,-36.98211859456361,100 174.746617743469,-36.98211177779734,100 174.74661641901886,-36.98210524913413,100 174.7466144966497,-36.98209905464996,100 174.7466118921282,-36.98209319558444,100 174.74661047855872,-36.98209068004772,100 174.74660462198494,-36.98208631457266,100 174.74659777576295,-36.9820824467737,100 174.74659009045206,-36.98207897889416,100 174.746581654819,-36.98207591143019,100 174.7465726208965,-36.98207316192602,100 174.7465630745047,-36.982070700276026,100 174.74655320553225,-36.98206842904615,100 174.74654306343717,-36.982066349311125,100 174.74651362712993,-36.98206070975141,100 174.74681386200007,-36.98180981799993,100 174.74689294200004,-36.98160571599994,100 174.74689195193994,-36.98156646182099,100 174.74689324968114,-36.98156601074823,100 174.7469015466881,-36.981562870975964,100 174.74691262488142,-36.98155818414607,100 174.7469195402772,-36.98155382808519,100 174.74692627884053,-36.9815493051769,100 174.74693287424384,-36.981544614024266,100 174.7469456388676,-36.981534772905285,100 174.74695790596496,-36.98152439921216,100 174.74696972890885,-36.9815135669698,100 174.7469755411243,-36.98150803558709,100 174.74698686578785,-36.98149668700539,100 174.7470035062181,-36.98147927264746,100 174.7470396587453,-36.9814403700091,100 174.74705999289512,-36.98142461469779,100 174.74710847612204,-36.981388144381064,100 174.7471219678164,-36.981377625556995,100 174.74713502503226,-36.98136702209311,100 174.74714750741313,-36.981356288285305,100 174.7471592413012,-36.98134539604498,100 174.7471701750856,-36.98133429926304,100 174.74717525819602,-36.98132867224718,100 174.74718008159152,-36.98132298776407,100 174.7471846258291,-36.98131723077735,100 174.74718887404177,-36.98131140063406,100 174.74719279141348,-36.98130549784677,100 174.74719634351982,-36.981299540047516,100 174.74720061876405,-36.98129135523462,100 174.7474574665376,-36.98120035346381,100 174.74760955500005,-36.98134014199997,100 174.74788042400007,-36.98138418499997,100 174.7482336050001,-36.98100933199998,100 174.74833060846464,-36.980890991505376,100 174.74856376492838,-36.98080838059948,100 174.748621586,-36.98083960799995,100 174.74889466500008,-36.98086288899998,100 174.74915017200013,-36.980859123999934,100 174.7495368970001,-36.98063471599994,100 174.74967713779733,-36.980481313767356,100 174.7501479832859,-36.98038790680331,100 174.75016177500004,-36.98039318799993,100 174.75042799800008,-36.98039628999992,100 174.7505433895616,-36.980309463963515,100 174.75095885075288,-36.98022704093869,100 174.75114333572643,-36.98024185315353,100 174.75130382600003,-36.98041734299995,100 174.7521551320001,-36.98039108099994,100 174.75235334900003,-36.980345349999936,100 174.75241512260527,-36.980302960555704,100 174.75243339771396,-36.98030327297739,100 174.75281658364207,-36.980074085932806,100 174.75302916168016,-36.97969166007172,100 174.7530774502898,-36.97921436790394,100 174.75323154700004,-36.97845538599995,100 174.75355875500009,-36.97832691499997,100 174.75368012391047,-36.97799588141463,100 174.75441602345919,-36.97745175128429,100 174.7547276890001,-36.97746184199997,100 174.75505417289148,-36.97697988858251,100 174.755480688857,-36.97666450756669,100 174.75581453572812,-36.97668134721396,100 174.75615233043456,-36.97685414564753,100 174.75640624038883,-36.9770060316403,100 174.75640665412666,-36.97700629544722,100 174.7562952520001,-36.97720497899996,100 174.75605812000003,-36.97744075299994,100 174.75615673900006,-36.977646449999945,100 174.75670451000008,-36.97798987999993,100 174.75704329300004,-36.97809158199993,100 174.75737021300006,-36.97801768999993,100 174.75747668400004,-36.97788428699994,100 174.75765513105046,-36.97765438418095,100 174.75817406577897,-36.97769042122605,100 174.75900329108947,-36.97752079256479,100 174.75963920846857,-36.97739891215741,100 174.7602247084084,-36.97747846663353,100 174.7611497424571,-36.97779767743961,100 174.76134555884676,-36.97784252055443,100 174.76133942800004,-36.97785415599997,100 174.76147931000003,-36.978076048999974,100 174.7616457260001,-36.97850672199995,100 174.7619955170001,-36.97908533099997,100 174.76220467200008,-36.979333322999935,100 174.76242193000007,-36.97922200399994,100 174.7624443960001,-36.97921049299998,100 174.76247134000005,-36.979021769999974,100 174.76246525900012,-36.97875820699993,100 174.76247018900006,-36.97829360299993,100 174.7625978000001,-36.97805944399993,100 174.7626744680001,-36.97798080699994,100 174.76292746500008,-36.97777266299993,100 174.76305533400011,-36.97772700399997,100 174.7635908200001,-36.97708319999998,100 174.76373789000002,-36.976780753999954,100 174.7637270560079,-36.97674477707545,100 174.76402836777007,-36.97627916318054,100 174.7645985040918,-36.97575708115347,100 174.76804195269352,-36.973515840560346,100 174.76775797344953,-36.97327530323122,100 174.76794608151056,-36.97302700786932,100 174.76582633660757,-36.967266070265765,100 174.76304536826362,-36.96606345024948,100 174.75992681567874,-36.96687254592108,100 174.75887271969384,-36.9669344144028,100 174.7566817970953,-36.96708176196343,100 174.75632929707172,-36.967421916797896,100 174.75633835916727,-36.96777842171931,100 174.75640127505952,-36.96806718981088,100 174.75665402219718,-36.96817450784584,100 174.75693511375152,-36.968303662321475,100 174.75717030405966,-36.96881250643353,100 174.7570906461656,-36.969314425578865,100 174.75697086816766,-36.969469149343205,100 174.75658090833852,-36.96966925041646,100 174.75603059369502,-36.96987886999603,100 174.75541950039252,-36.96996940900469,100 174.75503995300005,-36.96996825399998,100 174.75436621466312,-36.970076863806966,100 174.75397788163505,-36.97000161756484,100 174.7538199672751,-36.9699193575973,100 174.75346949900006,-36.96963830499992,100 174.75286407300007,-36.96915269799996,100 174.75249476300007,-36.96907948099994,100 174.7524947290001,-36.96907948399995,100 174.75226049200012,-36.969094653999946,100 174.75195045800012,-36.969174746999954,100 174.75154617500004,-36.96951134499995,100 174.75146306386287,-36.969893297164184,100 174.75117873539477,-36.97027025998952,100 174.75080088773285,-36.970558598915346,100 174.7501831640001,-36.970877402,100 174.74996389495388,-36.97097551546694,100 174.74898364249114,-36.971353778436395,100 174.74844392415307,-36.97186136842559,100 174.74794829414589,-36.972210074647954,100 174.74762818025945,-36.97241326740124,100 174.74748899739126,-36.97247743111966,100 174.74705018864196,-36.972545520644985,100 174.74673110900005,-36.97257879299997,100 174.74654141100007,-36.97262772299995,100 174.74643737700012,-36.97266773299997,100 174.74624684169103,-36.97275313691924,100 174.74615819202472,-36.97278190064269,100 174.74593117513203,-36.97274990080182,100 174.7459258824867,-36.97269727065954,100 174.74590911489236,-36.97270821428824,100 174.74587327296354,-36.97268809201416,100 174.7458704921424,-36.97268762636952,100 174.7458633864127,-36.97268170278993,100 174.74586051833577,-36.97267845061378,100 174.7458568854883,-36.97267299601914,100 174.7458525886425,-36.97266866793929,100 174.745850425813,-36.972665947089055,100 174.74584482336874,-36.972663328207055,100 174.74583908688868,-36.97265680943725,100 174.74583757007088,-36.97265296143517,100 174.74582890297447,-36.97264207556092,100 174.74582677197984,-36.97263991216546,100 174.74581938349564,-36.97262623409042,100 174.74581927660952,-36.972626128404244,100 174.74581918834969,-36.97262605128668,100 174.74580724350665,-36.97261487832659,100 174.74579181705494,-36.97260698423772,100 174.74578286078466,-36.97260723854964,100 174.74577673023657,-36.9726090881157,100 174.74577261128607,-36.97260974357583,100 174.74575632111933,-36.97261631141282,100 174.74572995854572,-36.97263097261767,100 174.74572588527045,-36.972632742350044,100 174.74571578666135,-36.972639147912545,100 174.745709655759,-36.97264098215776,100 174.74569949350337,-36.97264627370932,100 174.74569608012476,-36.972647474910424,100 174.74568934921388,-36.97265156499579,100 174.74566495587013,-36.972663375158746,100 174.74564251795167,-36.97267177837206,100 174.74563635666527,-36.97267306955818,100 174.74562954826212,-36.97267548881203,100 174.74562406341005,-36.97267619770446,100 174.74561443224442,-36.97267646283069,100 174.74559918139437,-36.972674140862566,100 174.74559295876583,-36.97267373033551,100 174.7455748698402,-36.972668682117096,100 174.7455644256074,-36.97266620382966,100 174.74555953104783,-36.97266354297707,100 174.74551240933175,-36.972656535889804,100 174.74550335082463,-36.97265344594581,100 174.74549777609846,-36.97265194158532,100 174.74545767286867,-36.97264807244749,100 174.7454507910629,-36.97264826197786,100 174.7454452608879,-36.97264787190544,100 174.74544046853944,-36.9726485543819,100 174.74543564323753,-36.97264867941926,100 174.74542676031695,-36.97265116161581,100 174.74541987888125,-36.972651367362886,100 174.7454144396803,-36.97265318961869,100 174.74539595709467,-36.972656479961095,100 174.7453796777639,-36.9726641634345,100 174.7453770197287,-36.97266646666233,100 174.74537296030528,-36.972668794102525,100 174.74536027289486,-36.97268028965965,100 174.745353568946,-36.97268546272885,100 174.74533689662226,-36.97270151542002,100 174.74533228133458,-36.972707195869624,100 174.74530844089588,-36.97273401940221,100 174.74530120581716,-36.972744218886,100 174.7452932561073,-36.9727527875547,100 174.7452267977894,-36.97283444643514,100 174.74519557638965,-36.97288554764602,100 174.7451686706103,-36.972912978651685,100 174.74514834871698,-36.97291674756621,100 174.74510759938698,-36.9729133682202,100 174.74506672548924,-36.97289543420551,100 174.74504852076697,-36.9728809876348,100 174.745039324492,-36.972862863687055,100 174.74503457516988,-36.97283926187061,100 174.7450344384234,-36.97282289481929,100 174.74504545778169,-36.97278646237547,100 174.7450451612119,-36.97275557093125,100 174.74506303500863,-36.97272817900464,100 174.74507425805353,-36.97271901421682,100 174.74511707927775,-36.9727023977431,100 174.7452092763444,-36.972638223946575,100 174.74522941100918,-36.97261263656571,100 174.74523380746473,-36.97259624342019,100 174.74523576622406,-36.97256351975946,100 174.74522648350646,-36.97253447928089,100 174.74521724213244,-36.972514528110956,100 174.74519863232985,-36.972454650548634,100 174.74519401382605,-36.972443761882616,100 174.74518432860086,-36.97236930567079,100 174.74517738046126,-36.97235114507205,100 174.74517481804676,-36.972314793332295,100 174.74516554246773,-36.97228940763735,100 174.7451471960078,-36.9722604364196,100 174.7450424604833,-36.972181069247064,100 174.74503660494508,-36.97217378060941,100 174.74501912601158,-36.972039281994846,100 174.74505010776437,-36.97201739326926,100 174.74507699531756,-36.97198996255779,100 174.74510158918423,-36.971955260278996,100 174.745132799232,-36.971902346680366,100 174.74513930112417,-36.97187140755437,100 174.7451413796596,-36.971849583723206,100 174.7451388847059,-36.971798258148425,100 174.74514613700012,-36.97178846199994,100 174.74514168400003,-36.97165425599997,100 174.74511666442868,-36.971621047281175,100 174.74512727900043,-36.971527866407186,100 174.74511993393907,-36.97146246298636,100 174.74510350562056,-36.97139164812351,100 174.7450874192436,-36.971364483277185,100 174.74507141298608,-36.971344564850035,100 174.7450186276021,-36.971255818929,100 174.74497069965648,-36.971205199965276,100 174.74492917122183,-36.97111270932548,100 174.7449268423649,-36.97110546892165,100 174.74491773707248,-36.97109643444048,100 174.7448717791703,-36.97101490057386,100 174.74485576205322,-36.97099317240267,100 174.74485112158834,-36.97097865889007,100 174.74483507432166,-36.97095511768164,100 174.744823487444,-36.970922459740756,100 174.74481661407967,-36.9709134185807,100 174.74480026000177,-36.97085169159307,100 174.74472894063487,-36.97071212783973,100 174.74471737697093,-36.97068313976397,100 174.7447013195551,-36.970657771686916,100 174.74462818373397,-36.97057093627702,100 174.7446098030122,-36.97053649979517,100 174.74458921871337,-36.97050936132554,100 174.74452983451417,-36.970444262122385,100 174.74447071841595,-36.97040827373603,100 174.74440709244817,-36.970375935289155,100 174.74434346063865,-36.970339942897965,100 174.74425491099564,-36.97030048328142,100 174.74399824337576,-36.97017658571353,100 174.74392089601685,-36.97012433810914,100 174.74386406881547,-36.97009195085147,100 174.7438232025655,-36.97007220459243,100 174.74378688558375,-36.970057866170066,100 174.74344148453233,-36.96987270593081,100 174.7432554649513,-36.96980836460019,100 174.743191975952,-36.96979237722664,100 174.7431557045938,-36.969779880258265,100 174.74310798875447,-36.96975471638928,100 174.74306711701823,-36.969736781620526,100 174.74283354206017,-36.969667281105224,100 174.74276104030446,-36.96965136273827,100 174.74265444178175,-36.9696192883195,100 174.7425774356719,-36.96960519356516,100 174.742547940049,-36.969594459987,100 174.74250259920748,-36.96958383012161,100 174.7424572975196,-36.9695768383381,100 174.74232610566088,-36.96957398436678,100 174.74221737793843,-36.96955828194074,100 174.74215405912696,-36.96955866058512,100 174.74213376576012,-36.96956424023373,100 174.74211568161616,-36.96956615959616,100 174.74209537064715,-36.969571755720544,100 174.74202561609877,-36.969613958586635,100 174.74193547766995,-36.96965269929903,100 174.74188826151953,-36.969685709435616,100 174.74186357105725,-36.96970768208296,100 174.7418410844408,-36.96972235765472,100 174.7418095331724,-36.969737102245425,100 174.74173982477865,-36.96978114658968,100 174.7415214734916,-36.96990426442978,100 174.7414786587542,-36.96992453440668,100 174.7413794485285,-36.96995965826048,100 174.74135011813524,-36.969967118938385,100 174.74120546340026,-36.96998071134285,100 174.74099715821828,-36.96995470160518,100 174.74096089329163,-36.96994582812175,100 174.7409043336856,-36.96994253408641,100 174.7408590771652,-36.969942804860636,100 174.74081614325235,-36.9699467072691,100 174.74077776429698,-36.96995420677296,100 174.74062184717684,-36.969973323853736,100 174.7405202749053,-36.96999575573325,100 174.74047057118025,-36.97000150226341,100 174.74041623181162,-36.9699963601586,100 174.74037314527723,-36.96998389556492,100 174.74035043166393,-36.969973131402,100 174.74032768562765,-36.96995689843081,100 174.74028583725988,-36.96989679380363,100 174.74023314108166,-36.969840829381916,100 174.74018070729966,-36.96980486974626,100 174.74012384340935,-36.96977986942631,100 174.74008300273195,-36.96976928803116,100 174.7399878425866,-36.96975368931161,100 174.73990642097635,-36.96975251684258,100 174.73987019113255,-36.969749171276185,100 174.73982025131642,-36.969733194396554,100 174.73977265740706,-36.969724489304944,100 174.739715861591,-36.96970493814108,100 174.73962018398134,-36.969647503291625,100 174.73958593586997,-36.96962047765283,100 174.73955149536894,-36.96957892896319,100 174.73949146121427,-36.96947755359197,100 174.73948439550833,-36.969453958425206,100 174.73944035011684,-36.96936702059003,100 174.73939507033512,-36.9691782169968,100 174.7393484450645,-36.96906581464694,100 174.7393139247044,-36.969016988797165,100 174.73925469370067,-36.9689810769608,100 174.73917272704884,-36.968936272186056,100 174.739086166364,-36.96888421765027,100 174.73904296258536,-36.968866366118114,100 174.73888408047645,-36.96881853465412,100 174.7387435266397,-36.96878874234991,100 174.73843585538685,-36.968778478688506,100 174.73822393911735,-36.96864739998274,100 174.73822375226013,-36.96863103543295,100 174.73820982102544,-36.96860203718712,100 174.73820249438955,-36.96855845331309,100 174.73820627653552,-36.96849839806476,100 174.7382326577351,-36.968436349822504,100 174.7382369563002,-36.96841811421998,100 174.7382363997739,-36.96837265558136,100 174.73824039762755,-36.968330777938554,100 174.73825134155916,-36.968301578562425,100 174.73828550178976,-36.96813761274829,100 174.7382828957919,-36.96811035227,100 174.73827583094817,-36.96808677233066,100 174.7382620234228,-36.96806686401172,100 174.73824150424656,-36.96805248540295,100 174.73822556151015,-36.968045325240496,100 174.7380872576636,-36.96801551090483,100 174.73795177727686,-36.96803116512376,100 174.73791803624755,-36.968044163318254,100 174.73784166002744,-36.968086611215426,100 174.73777216196555,-36.96813628800004,100 174.73774534965096,-36.96816194937363,100 174.73774103897546,-36.96817837255879,100 174.7377255226267,-36.96820394517035,100 174.7376784969299,-36.96824250937516,100 174.73765847743977,-36.968269965887345,100 174.73764749288222,-36.96829551090477,100 174.73748728789678,-36.96850779339367,100 174.73746497953167,-36.96853161675876,100 174.73740673641913,-36.9685775475962,100 174.73738644401624,-36.968583174190776,100 174.73735707100377,-36.96858341844071,100 174.7372071131809,-36.96852641192486,100 174.73707799186712,-36.968507426734945,100 174.73704858972005,-36.96850584433439,100 174.73702946527678,-36.96850151075906,100 174.7370273250001,-36.96849985999996,100 174.73682924100012,-36.96843643399996,100 174.7367909255635,-36.96843704724403,100 174.73676043619028,-36.96842812612095,100 174.73672408817092,-36.96841386257571,100 174.7366222398145,-36.96840739844225,100 174.73654551466785,-36.96839948174994,100 174.73649067400004,-36.96837425099995,100 174.73646249700005,-36.96836934799995,100 174.73637785000005,-36.96835355299992,100 174.73619530644936,-36.96835665909472,100 174.73617836966986,-36.968354579429345,100 174.7361307769818,-36.96834587284214,100 174.73608548909974,-36.96834076759891,100 174.7359994974997,-36.968335997156544,100 174.73596786942235,-36.96833808932508,100 174.73579809574426,-36.96832488803399,100 174.7357505207103,-36.96831616481127,100 174.7357232825308,-36.9683091108969,100 174.73569143827913,-36.96829297941118,100 174.73561190502392,-36.96826087778988,100 174.73556653315728,-36.968250339442946,100 174.7355303900635,-36.96825245695062,100 174.73548977669435,-36.968261863984964,100 174.73535917731826,-36.96830656683729,100 174.73531850197955,-36.96830869555947,100 174.73529355816194,-36.96830344762309,100 174.73527301066878,-36.968287256330285,100 174.73524999308037,-36.968254689684045,100 174.73522885171542,-36.96818938535232,100 174.7352057953632,-36.96815317968301,100 174.73518078365632,-36.968142465232326,100 174.73514233403364,-36.96814095061974,100 174.73504515454204,-36.96814537257248,100 174.73502019362368,-36.9681401104063,100 174.73498840666116,-36.96812763099178,100 174.73496757001502,-36.96808959286901,100 174.73496271609022,-36.96806236876602,100 174.73497139462435,-36.968033176650785,100 174.73500882051567,-36.9679492230145,100 174.73502881248143,-36.96791997098526,100 174.7350420638036,-36.96789438855976,100 174.73509762206666,-36.96781392119939,100 174.7352115255142,-36.96769842238969,100 174.73528553989408,-36.96764872072269,100 174.7352966999281,-36.96763770012323,100 174.73530326581724,-36.9676194594125,100 174.7353052203923,-36.96759398442086,100 174.735400989636,-36.9674749991918,100 174.73541209887918,-36.96745852806561,100 174.7354161557203,-36.967420318957224,100 174.7353949562164,-36.96735136059261,100 174.73538108346972,-36.967326017844776,100 174.735373990131,-36.96730059581184,100 174.73535853763175,-36.967274720884475,100 174.73536653700012,-36.96726677899995,100 174.7353328160001,-36.967087041999946,100 174.73527498700003,-36.96702039099995,100 174.7352552714661,-36.96700658243995,100 174.73525039147233,-36.96699601276094,100 174.7352297764249,-36.96697435585905,100 174.7350926829875,-36.96685903431121,100 174.7350676900405,-36.966848334878044,100 174.73504247464354,-36.96682125516868,100 174.73494432330324,-36.966745628555266,100 174.7348237607175,-36.96668840742762,100 174.73479186092652,-36.96666865223974,100 174.73475107900086,-36.966661692376235,100 174.73469454749934,-36.966662142677706,100 174.7346607389579,-36.9666696905757,100 174.7345504001994,-36.96670876686104,100 174.73447830115137,-36.96672935407943,100 174.7344039078081,-36.966748135157296,100 174.73434516670608,-36.966752245442436,100 174.73431349367104,-36.96675247837095,100 174.73425216378314,-36.96672932777053,100 174.73421365964086,-36.966724190287366,100 174.73417070691434,-36.96672452758206,100 174.73400137324762,-36.96674589867642,100 174.73390416713718,-36.96674847864199,100 174.73384526193985,-36.966739860652986,100 174.73379981224494,-36.96672202826555,100 174.7337747796489,-36.96670768955457,100 174.73374963221903,-36.96668605983192,100 174.73373578737974,-36.96666251192884,100 174.7337262658478,-36.96662439933595,100 174.73372828873417,-36.966604389045074,100 174.73373479786903,-36.96658249433952,100 174.73381070090352,-36.96650186831259,100 174.7338532453139,-36.96646878177899,100 174.7338755710994,-36.96644495882541,100 174.73389993274327,-36.96640293796454,100 174.73389300403434,-36.966390242951206,100 174.73384969580886,-36.96636331459508,100 174.7337724822398,-36.96633664259732,100 174.7337135275457,-36.96632255957931,100 174.7336794297276,-36.96630829015451,100 174.73360004655333,-36.966288916275985,100 174.73356822692364,-36.96627643784442,100 174.73354315433886,-36.96625844566201,100 174.7335427079587,-36.966222075288,100 174.73363882827724,-36.96613218584981,100 174.73372846653496,-36.9660659870028,100 174.73377116402222,-36.96604381700924,100 174.7338541738742,-36.966007830113256,100 174.7338723910001,-36.966007538999975,100 174.73388763324544,-36.96599332459353,100 174.73394211238696,-36.96596970641754,100 174.7341246949458,-36.965922770254934,100 174.73415391008913,-36.96590798792075,100 174.73418307309439,-36.96588773975758,100 174.73419195601238,-36.96587492822992,100 174.7341962557962,-36.96585670896362,100 174.7341960809336,-36.96584217031575,100 174.73417310479024,-36.96577642134468,100 174.73423159200001,-36.96577547299996,100 174.73437469600003,-36.965885844999946,100 174.7345993130001,-36.96588220199993,100 174.73468408000008,-36.96590340199999,100 174.73488338300012,-36.96601277299993,100 174.73494009600006,-36.966034382999965,100 174.73527692900007,-36.96602891899993,100 174.7354527130001,-36.96627308299997,100 174.73559591100002,-36.966383452999935,100 174.7357923830001,-36.96638021999996,100 174.7359401340001,-36.96618530299997,100 174.7357592610001,-36.96617794599996,100 174.73564472200007,-36.96608968599997,100 174.7356808950001,-36.965345527999936,100 174.73553945266,-36.96518287247215,100 174.73551423895077,-36.96509315840499,100 174.7355002810491,-36.96506236564259,100 174.73547509451868,-36.96503708104573,100 174.7354198284811,-36.96495568207588,100 174.73536959178654,-36.96491606023742,100 174.7353145581211,-36.96485285302327,100 174.73530526790782,-36.9648329179557,100 174.73530201065174,-36.96475292180947,100 174.73529409083662,-36.96466020931734,100 174.73530027799964,-36.96461104760499,100 174.73530208475256,-36.964572829015516,100 174.73530628864498,-36.9645473328481,100 174.73530593738047,-36.96451825467562,100 174.73531453703976,-36.96448179983685,100 174.73531863341657,-36.96444721439713,100 174.73533800145003,-36.96436702269054,100 174.73535119421976,-36.964337802399776,100 174.73537785941656,-36.96429939886225,100 174.73544041045423,-36.96423704413725,100 174.73545802840334,-36.9641987088559,100 174.735460039994,-36.96417688701992,100 174.7354551675584,-36.96414963344654,100 174.73543885374085,-36.96410975542719,100 174.73543939080744,-36.964105487352406,100 174.735466634369,-36.964029573316836,100 174.735480529672,-36.96400575603241,100 174.73549614164693,-36.96398741459647,100 174.73550274714975,-36.963972812871695,100 174.73550059750434,-36.96393493501703,100 174.73550275900004,-36.96392891199997,100 174.7354982060001,-36.96374874899994,100 174.7352941864969,-36.96345399610388,100 174.7353368728492,-36.963353922022655,100 174.7353630319641,-36.96327547875701,100 174.73536859530344,-36.96317539272333,100 174.73536336167564,-36.96311723320426,100 174.73534936429616,-36.96308280140427,100 174.73532168656422,-36.96303754899164,100 174.73529934609545,-36.963014381084804,100 174.73541397041043,-36.96291272509761,100 174.73549874426843,-36.962908793721226,100 174.73555281340091,-36.96289380992121,100 174.7355707308229,-36.96287911761504,100 174.73559721994005,-36.962826158269415,100 174.73560153039656,-36.96280976579541,100 174.73560407796452,-36.962744125044374,100 174.7356944700001,-36.96266395899994,100 174.73583027300003,-36.96248156399998,100 174.7358824270001,-36.96232291999996,100 174.7358807070001,-36.962255358999975,100 174.73579422700004,-36.96216668799997,100 174.73573761000011,-36.962145077999935,100 174.73557051604402,-36.96215416914906,100 174.7355795408468,-36.96212240258416,100 174.7356152229793,-36.962082103247326,100 174.73563765448594,-36.96206736836583,100 174.73564881401245,-36.96205636216231,100 174.73566214900782,-36.96203624682324,100 174.73567085500343,-36.96200889566269,100 174.7356707086688,-36.96199616827402,100 174.7356315650472,-36.961940107135305,100 174.73561104730274,-36.96192569556486,100 174.7355973897974,-36.961918545778296,100 174.73554743916395,-36.961902568071885,100 174.73552031682715,-36.96190278974855,100 174.73548195021522,-36.961908553162594,100 174.73541203649984,-36.961923669414745,100 174.73538043946255,-36.961927557302246,100 174.73534662700712,-36.96193691621252,100 174.73525885238433,-36.96197034808224,100 174.7352206610414,-36.96199066357921,100 174.73516013334736,-36.96203297811662,100 174.735124355825,-36.962066016671784,100 174.73505032354606,-36.962112079800285,100 174.7350188281412,-36.9621268830551,100 174.73498522457874,-36.96215079624348,100 174.73484369767834,-36.962228319781026,100 174.73479210872867,-36.962261460421665,100 174.7346775906418,-36.96232604880318,100 174.73464157930457,-36.96234087919345,100 174.73461003306988,-36.96235023272171,100 174.73456061413782,-36.96237610474888,100 174.73454496131345,-36.962390761110214,100 174.7344006276664,-36.96260654459382,100 174.7343783080869,-36.96262855677662,100 174.73432447586717,-36.96266537137902,100 174.73427970708673,-36.96270210221472,100 174.73426425842007,-36.96273313909147,100 174.73425991928818,-36.962747735582,100 174.73428052173824,-36.9627675649627,100 174.73431462805357,-36.962783661117314,100 174.73437356931484,-36.962795932390165,100 174.7344074344081,-36.96279203956983,100 174.73451072497485,-36.96273300637148,100 174.73451546910317,-36.962728047997594,100 174.73451673700004,-36.962729025999984,100 174.73465709300012,-36.962726704,100 174.73474185700002,-36.96274790399997,100 174.73488565100004,-36.96288079499994,100 174.73488787700012,-36.962925819999946,100 174.7348615420001,-36.962993790999974,100 174.73478518800005,-36.96331048899997,100 174.7348510050001,-36.96369251599997,100 174.7346865410001,-36.96385289099993,100 174.73460461100012,-36.963944383999944,100 174.7345529600001,-36.96408040099994,100 174.73455363719634,-36.96410668389833,100 174.7345274442613,-36.96409702258979,100 174.73450236682658,-36.964080872994224,100 174.7344500299129,-36.964053984825135,100 174.73442037990625,-36.96403422368329,100 174.73434276741858,-36.96397299262987,100 174.73427226956335,-36.96394082201442,100 174.73424721952205,-36.96392646922131,100 174.73422202335982,-36.96389938812889,100 174.73418547518858,-36.96386875938234,100 174.73415103880907,-36.96382719364252,100 174.7340642554473,-36.963756942436454,100 174.73394209537292,-36.963687216494336,100 174.73392357700004,-36.963662450999955,100 174.73389501200006,-36.96364033999998,100 174.73361097200006,-36.96351066699998,100 174.73341368058124,-36.963350617224926,100 174.7334056659765,-36.96334023614906,100 174.73335311576065,-36.963295184225004,100 174.73332184993038,-36.963276120604576,100 174.73322207884388,-36.963195182140375,100 174.73321572093207,-36.96315440567583,100 174.7332017639635,-36.96312359638172,100 174.73318120691457,-36.96310556340844,100 174.73316068998807,-36.96309118204838,100 174.73314468745588,-36.963076760010644,100 174.7330719255392,-36.963044594678166,100 174.73305141943422,-36.96303202662341,100 174.73294234003683,-36.962987439260324,100 174.73291047102185,-36.962969495664495,100 174.732878642141,-36.96295520457831,100 174.73281293086654,-36.96294479259221,100 174.73273597485348,-36.96293996622794,100 174.7326544819377,-36.96293151056782,100 174.73258811342498,-36.96291578797824,100 174.73243982300005,-36.96276349999993,100 174.73243922100005,-36.96274097999997,100 174.73257597599,-36.962620696327875,100 174.73264360841313,-36.962596934761415,100 174.7326998089713,-36.962571015012124,100 174.73271551739188,-36.96255998324205,100 174.7327199532426,-36.962552663660496,100 174.73276692148576,-36.962510462653455,100 174.7329311990912,-36.9624473002806,100 174.73298721411834,-36.96240503111361,100 174.73302732167895,-36.96235559961794,100 174.73304494045715,-36.962317264663106,100 174.73305340473584,-36.96226989499205,100 174.73306653067385,-36.96223522555244,100 174.73308207620417,-36.96221146567868,100 174.73310665033236,-36.962187621757906,100 174.73312892459123,-36.96215834842809,100 174.73313733248577,-36.96210735531189,100 174.7331296197409,-36.962031024022046,100 174.73312487380352,-36.96201287285591,100 174.7331156917397,-36.962002025967216,100 174.73307013673866,-36.96197510484247,100 174.73303616619185,-36.961969924191806,100 174.73300891941395,-36.96196104183996,100 174.7329587934977,-36.961930522580026,100 174.73296331667675,-36.96193528228785,100 174.73296567073723,-36.96193775272775,100 174.73296278756777,-36.9619964923385,100 174.73266297700002,-36.961633263999936,100 174.73263320900003,-36.961566202999954,100 174.73262986800012,-36.96143107899996,100 174.73268425600008,-36.961362608999934,100 174.73279595600002,-36.96133826899995,100 174.73288080800012,-36.96135937899993,100 174.733450026,-36.96166565999993,100 174.73359147300005,-36.961707479999966,100 174.73384403900002,-36.96170343099993,100 174.7339265700001,-36.96163445999998,100 174.73398105000012,-36.961565986999965,100 174.7339770110001,-36.96140834499994,100 174.73402977400008,-36.961272311999956,100 174.73408476400007,-36.961226359999955,100 174.7341403580001,-36.96120292999996,100 174.73458947300003,-36.961195647999936,100 174.7348397840001,-36.96110052199998,100 174.73500819200012,-36.961097880999944,100 174.73512151600005,-36.96114110199994,100 174.73514561358354,-36.961156563294004,100 174.7351495406862,-36.961169103141245,100 174.73520312106695,-36.96129781000339,100 174.73521698325771,-36.96132135660545,100 174.7352353018511,-36.96134122371708,100 174.73527624559063,-36.961360879069545,100 174.73529437799792,-36.96136437887785,100 174.73534412485574,-36.96136397614033,100 174.7353576064438,-36.96135660354367,100 174.73538858037188,-36.961301776007865,100 174.73539716887308,-36.961263508731506,100 174.73542080421703,-36.9611985595043,100 174.73554197400006,-36.96111170599994,100 174.7357379220001,-36.96108604199997,100 174.73579342200003,-36.961062611999985,100 174.73588001600015,-36.96098096299994,100 174.73587808700006,-36.96094494499993,100 174.73586977100015,-36.960745911999936,100 174.73578087900012,-36.96061212999995,100 174.73568790582033,-36.96017490514182,100 174.7357205250842,-36.960162317253065,100 174.73576110648978,-36.96015109806278,100 174.73584691301522,-36.96014129873597,100 174.73591983431223,-36.96014293444274,100 174.7360233070001,-36.960202616999936,100 174.73604258903268,-36.960254975571736,100 174.73603629072772,-36.96027985485072,100 174.736038771912,-36.960298011077626,100 174.73603084780368,-36.96039084081367,100 174.73603562343493,-36.96041081842982,100 174.73605896152688,-36.96047065103957,100 174.73609109095165,-36.96050858336692,100 174.73623015699303,-36.96060023856935,100 174.73626196862392,-36.96061452901758,100 174.7363096244535,-36.9606287012794,100 174.73635039319268,-36.960633832937155,100 174.73638882709704,-36.96063353575228,100 174.7365266288751,-36.9606233268893,100 174.7365672212386,-36.9606139198434,100 174.73659423508104,-36.96060459154732,100 174.73663910918688,-36.960576950060045,100 174.73664004299962,-36.96057618510466,100 174.73692955551076,-36.96053261775603,100 174.73695315860772,-36.960558062858404,100 174.736973624993,-36.96056700656402,100 174.73707843226208,-36.960631636220704,100 174.73711252732528,-36.960645920065105,100 174.7371646986362,-36.96066004933913,100 174.73722613699096,-36.9606904760791,100 174.73728736516702,-36.96070636375381,100 174.7373778403458,-36.96070745159566,100 174.73740726719672,-36.960710846169604,100 174.73742985837626,-36.9607106813713,100 174.73747289182933,-36.96071577588997,100 174.73751596601196,-36.96072454002519,100 174.7376291386788,-36.960734536822734,100 174.7376789640038,-36.96074141022661,100 174.73773101721991,-36.96074465467733,100 174.73787135672603,-36.960756255416136,100 174.73794363827992,-36.96075640172338,100 174.7381739530001,-36.960819433,100 174.73865111500004,-36.96081163399998,100 174.7388492760001,-36.960875145999985,100 174.739045733,-36.96087199799996,100 174.73946618700006,-36.96084258799992,100 174.7397777870001,-36.96095021499997,100 174.7401706810001,-36.96094292399993,100 174.7408419730001,-36.960841885999976,100 174.74131568900012,-36.96069904499994,100 174.74170979400003,-36.960736787999956,100 174.74204599700013,-36.96070878499995,100 174.74457254000004,-36.960688442999974,100 174.74522258900004,-36.96085812599995,100 174.74547673417138,-36.96085364154995,100 174.74555153307406,-36.960878109062705,100 174.74563079913588,-36.96089021377613,100 174.74566246998808,-36.9608899463384,100 174.74576632370955,-36.96087820427922,100 174.74580705231307,-36.96087967836663,100 174.74583649128553,-36.96088491388973,100 174.74592955955265,-36.96091327193248,100 174.74596345061298,-36.96091117089884,100 174.74598590874444,-36.96089824627093,100 174.74603951060982,-36.96084505984079,100 174.74604161066978,-36.96083231115804,100 174.74603403614887,-36.96076375161233,100 174.74608979300012,-36.96073038699995,100 174.7461178460001,-36.960729974999936,100 174.74608743018192,-36.960449605759166,100 174.7461587434728,-36.96043303774816,100 174.746334938575,-36.960418879066026,100 174.74666520067672,-36.960428939842586,100 174.74670360602562,-36.96042681183585,100 174.74671397601637,-36.96042516085793,100 174.74687111100002,-36.96053649999993,100 174.74692782300008,-36.96055819399993,100 174.74701197800005,-36.96055677499992,100 174.74723838752794,-36.96035296492318,100 174.74725733904128,-36.96035816722328,100 174.74729976781597,-36.96037079409391,100 174.74734006712163,-36.96038745240469,100 174.74737721311226,-36.960408015719445,100 174.74738694387872,-36.96041448555508,100 174.74741813184067,-36.96044027324836,100 174.747448852614,-36.96046675011852,100 174.7474833456711,-36.960491879841044,100 174.74752064616402,-36.96051172968435,100 174.747529327676,-36.96051499539695,100 174.7475718269337,-36.96052563910228,100 174.74761723441003,-36.96052946737082,100 174.74764042010273,-36.960529568584974,100 174.74768523622592,-36.960525756832034,100 174.74773001196698,-36.96052106325294,100 174.74775380828186,-36.96052070569029,100 174.74779792569893,-36.96052686299648,100 174.74784110831408,-36.96053782012154,100 174.74788321461304,-36.96055136638064,100 174.74792396597172,-36.960566761377514,100 174.74796496538056,-36.96058165697521,100 174.74796806991677,-36.96058264328618,100 174.74801038850947,-36.96059500923431,100 174.74805342205423,-36.96060553493571,100 174.74809411980044,-36.96061332702853,100 174.74813830081843,-36.96061926604956,100 174.74818300125722,-36.96062321357368,100 174.74824014549878,-36.960627315818954,100 174.74829087143425,-36.96062599370922,100 174.74829907041948,-36.96062593695218,100 174.74830522038908,-36.9606241951377,100 174.74830933710973,-36.96062415884371,100 174.74831275777268,-36.960624676303944,100 174.74832849031844,-36.96062287087238,100 174.74833532334642,-36.96062280628922,100 174.74835105147503,-36.96062154442272,100 174.74835718380797,-36.96061981728665,100 174.74836266692776,-36.9606197590636,100 174.74836881164845,-36.960619162915705,100 174.7483934047452,-36.96061337288065,100 174.74840363165606,-36.9606093645541,100 174.7484084111572,-36.960608203547615,100 174.74843980257987,-36.960596215864484,100 174.74844457526973,-36.96059338208532,100 174.74844754220868,-36.96059208201422,100 174.74855737500002,-36.96059827299996,100 174.7486836984841,-36.96044530422352,100 174.74869444530398,-36.960439507217785,100 174.74872240062058,-36.96042642989341,100 174.7487373637242,-36.96041681669099,100 174.74875164558122,-36.960405556874896,100 174.74875639346627,-36.960401050577254,100 174.74878565306165,-36.96038071993653,100 174.74879585614082,-36.9603716951158,100 174.74879993418338,-36.96036942857892,100 174.74882102526504,-36.96035308858466,100 174.74883259706039,-36.96034684403428,100 174.74885851911077,-36.96033547310944,100 174.7488632737833,-36.96033263867777,100 174.74889259242383,-36.96032009554783,100 174.7488960205101,-36.960319514158755,100 174.74890487802153,-36.9603160865927,100 174.7489308486229,-36.96031140462029,100 174.74894176412226,-36.96030794312596,100 174.74895884946667,-36.960305574177795,100 174.7489643314189,-36.96030551504306,100 174.74899099030006,-36.960301363715935,100 174.74903366623863,-36.960511577136415,100 174.74907417759687,-36.960531838857065,100 174.74913284321352,-36.96068618014172,100 174.749331949778,-36.96086491317019,100 174.75022750209766,-36.96120014023129,100 174.7507482990702,-36.961283831109895,100 174.750798070635,-36.96119158942381,100 174.75080595300005,-36.96119178999992,100 174.75118000800012,-36.96087961099993,100 174.7516192930001,-36.960880069,100 174.75194431600008,-36.96089780099993,100 174.7521448450001,-36.96089448199996,100 174.75227239900005,-36.960895481999955,100 174.75229871600007,-36.96082741699996,100 174.7523049780001,-36.96080311799994,100 174.7523050100001,-36.960802993999955,100 174.752429838,-36.96059622999996,100 174.75253773200006,-36.96052741099992,100 174.75256039174485,-36.96054116142703,100 174.75246903759952,-36.96059851472118,100 174.75263243731268,-36.96075574958987,100 174.75263680669036,-36.96098987766484,100 174.75252623033964,-36.961138506878086,100 174.75276974016444,-36.96130902891968,100 174.75325190973098,-36.96145819656436,100 174.75326120568153,-36.96146082209446,100 174.75338934,-36.96152538299998,100 174.75353147907356,-36.961537157181155,100 174.75377754114004,-36.96160665342875,100 174.754301419447,-36.96168533659741,100 174.7544403750676,-36.961612442037975,100 174.7545600100001,-36.961622350999946,100 174.75470188200006,-36.96159745399996,100 174.7547833140652,-36.96162016694388,100 174.7549335303922,-36.961744794587155,100 174.75532653889954,-36.96180816271986,100 174.75593514020062,-36.96179820271134,100 174.75653450774823,-36.96167962400837,100 174.7566432330001,-36.96175167499996,100 174.75734485220818,-36.961841540082354,100 174.75752672007172,-36.96196407984365,100 174.7577995411614,-36.962430755415305,100 174.7581814686667,-36.962913080208324,100 174.75849331973888,-36.96320461356784,100 174.75906200604885,-36.963334887043516,100 174.76115446985798,-36.96352741037835,100 174.76302864899134,-36.96368857742444,100 174.76427228905766,-36.96463612284483,100 174.76849142037526,-36.96489009855076,100 174.7738811144075,-36.96609623361379,100 174.77392050418783,-36.96602919189087,100 174.77414151123008,-36.965980954982065,100 174.77427635035585,-36.96582268543633,100 174.77443372720143,-36.9638361180194,100 174.7745937901374,-36.96249597725357,100 174.77461527383144,-36.962250408370465,100 174.77488493805495,-36.96193386555097,100 174.77548638264352,-36.96155610197843,100 174.77587869741288,-36.96114837376616,100 174.77598406681332,-36.960893032073066,100 174.7760004510001,-36.96087348499998,100 174.77600902828118,-36.9608325426907,100 174.77610098633215,-36.960609698966955,100 174.77608291088154,-36.96047987398716,100 174.7761057460001,-36.96037087299994,100 174.7760303558638,-36.9601024003138,100 174.77599880171553,-36.95987576220798,100 174.77576551392087,-36.95944492743868,100 174.77538351811444,-36.95917259487758,100 174.77467850992562,-36.95876070755649,100 174.7746678784623,-36.95875348640936,100 174.77450423100004,-36.95861010699998,100 174.77466237200008,-36.95843939599996,100 174.77482776800002,-36.95826085299995,100 174.77575666500002,-36.958779267999944,100 174.7763161580001,-36.95935015299994,100 174.77686365600005,-36.95940458799998,100 174.77723125400007,-36.95927382599996,100 174.77744103400005,-36.95906720699998,100 174.77777329200012,-36.959093501,100 174.77803415000005,-36.959402741999945,100 174.7781945160001,-36.95958813899994,100 174.77837063000004,-36.959707840999954,100 174.77872055500006,-36.95964789499993,100 174.7789205260001,-36.95960269299996,100 174.7796177240001,-36.959445090999964,100 174.78033069700007,-36.95898835999997,100 174.78095342400002,-36.958259460999955,100 174.78086728100004,-36.95791988499997,100 174.7810300530001,-36.957369547,100 174.7813448960001,-36.95664471899993,100 174.78133432000004,-36.95619079099998,100 174.78107054500003,-36.955756431999916,100 174.7809253370001,-36.95538283299994,100 174.78060670500008,-36.95510582499997,100 174.7803282330001,-36.95487516299994,100 174.78024481900002,-36.95464157499998,100 174.7799663500001,-36.95441091299995,100 174.7796127570001,-36.954306634999966,100 174.7789104000001,-36.95430157099997,100 174.77803215600014,-36.95428336899994,100 174.77736731800007,-36.95421510499994,100 174.7769769370001,-36.954205268999935,100 174.7764952550001,-36.95446290599994,100 174.77582078900002,-36.95481750499992,100 174.77522390100012,-36.95515516999995,100 174.77464427000007,-36.95539867499997,100 174.77424097800008,-36.95567081199992,100 174.77390299800004,-36.95623943899994,100 174.77376153000012,-36.956867847999945,100 174.77404834000004,-36.95745840899996,100 174.77446808100012,-36.95789054299996,100 174.7745096000001,-36.95799950099995,100 174.7743652690001,-36.958265145999974,100 174.774303808,-36.95837826399998,100 174.77411951085858,-36.95838101864891,100 174.77395762200956,-36.95827105767025,100 174.773614136372,-36.95787547561304,100 174.77324718522138,-36.95764747284118,100 174.77271535087078,-36.957489078409814,100 174.77235411534897,-36.957483892395935,100 174.77198416425466,-36.95764847275972,100 174.77172390076436,-36.95769292836138,100 174.77105256220844,-36.95763912965761,100 174.7709985035715,-36.95776246125002,100 174.7707408401571,-36.95790842484056,100 174.77006612504704,-36.95816809555138,100 174.76978447878352,-36.9580166974359,100 174.7695929760619,-36.958131311683736,100 174.76945384668318,-36.95812246957675,100 174.7693198657429,-36.95831415579831,100 174.76893486136956,-36.9584653932449,100 174.7684943103862,-36.95861754440874,100 174.76839455992868,-36.958518881914415,100 174.76809874397708,-36.95835656214876,100 174.76804703845718,-36.958027376049664,100 174.76814672700004,-36.957859604999946,100 174.76850854400004,-36.95747852799996,100 174.76871745506168,-36.95702254872039,100 174.7688813551479,-36.956917002876004,100 174.76879248666378,-36.956823060681074,100 174.76880731046018,-36.95676860671667,100 174.76899916823635,-36.95663641206577,100 174.76877020501567,-36.956372686823194,100 174.76827719848848,-36.95610215959784,100 174.76787146274663,-36.955986252595565,100 174.7666639134278,-36.95547112325509,100 174.76635180796316,-36.95521433675004,100 174.76589533435236,-36.954742571963905,100 174.76574810055402,-36.954416201014574,100 174.76543696002443,-36.95365224340862,100 174.76511704370722,-36.95308907399931,100 174.76460591925067,-36.95265165402283,100 174.76390415800563,-36.95236224261371,100 174.7628258863572,-36.952012158784854,100 174.7609269009705,-36.951447172595735,100 174.76058076576376,-36.95119157979282,100 174.76045432268918,-36.95104797556507,100 174.76004465394757,-36.95077604755838,100 174.75720602628672,-36.94946279472184,100 174.75684766266284,-36.94956898625473,100 174.75633320289944,-36.94954397624964,100 174.75624015970095,-36.949294340681945,100 174.75630004511325,-36.949271848952876,100 174.75632527316594,-36.94926191170519,100 174.75634942774752,-36.949251295405865,100 174.75636468202876,-36.949243689627714,100 174.75637198315525,-36.949239651806636,100 174.75638584726394,-36.9492311706679,100 174.75639860392127,-36.949221948792484,100 174.75640449951106,-36.94921705116179,100 174.75641452741664,-36.949207346882,100 174.756418331017,-36.94920113631406,100 174.75642169526301,-36.94919466995837,100 174.75642742101448,-36.949181057154604,100 174.75643151587417,-36.94916879394597,100 174.7566761920001,-36.94905788899996,100 174.7567037230001,-36.949034952999966,100 174.75675695200005,-36.94892134199995,100 174.75675582500003,-36.94887630099998,100 174.75675311822664,-36.94886648514091,100 174.75675455744292,-36.948859713206545,100 174.75676101529714,-36.94883338888248,100 174.75678827985638,-36.94877229694197,100 174.75681108255637,-36.94872278463732,100 174.75682089103464,-36.948707835113595,100 174.7568465895445,-36.94867013787666,100 174.75685576814234,-36.94865558524383,100 174.75686343950474,-36.948641660609766,100 174.75686650604655,-36.94863504542057,100 174.75686897427255,-36.94862868514896,100 174.75687075742627,-36.948622616230736,100 174.75687178735973,-36.94861685409571,100 174.75687197756486,-36.94861144599199,100 174.75687127974393,-36.94860644040491,100 174.7568696062918,-36.94860183682815,100 174.75686594899116,-36.948598134196835,100 174.75686131601339,-36.94859488044563,100 174.75685577779825,-36.94859201324151,100 174.7568493833681,-36.948589515634865,100 174.7568422364429,-36.94858735634682,100 174.7568343872347,-36.94858547244225,100 174.75682593825798,-36.94858382905478,100 174.7568169240239,-36.948582413054915,100 174.75679754375736,-36.948580082367826,100 174.75673404169794,-36.94857460183486,100 174.75670671811136,-36.948571472014955,100 174.75668139163164,-36.948563911433325,100 174.75661449071006,-36.948542412176714,100 174.75658912368505,-36.948535285715835,100 174.7565693907414,-36.94853065370019,100 174.75654980871002,-36.9485299519609,100 174.75650029016236,-36.94853018976733,100 174.75648159155963,-36.94852952091439,100 174.7564727666604,-36.948528720400944,100 174.7564643292125,-36.94852748061381,100 174.75645637985798,-36.94852578293881,100 174.75644897114248,-36.94852351934008,100 174.7564421686432,-36.94852061133297,100 174.75643665553406,-36.9485174183566,100 174.75643160281084,-36.94851256101884,100 174.75642717384687,-36.94850708965876,100 174.75642328290456,-36.94850103619017,100 174.75641983066114,-36.94849452556509,100 174.7564139560926,-36.94848048319087,100 174.75640368476974,-36.94845068477768,100 174.7563961236076,-36.94843087809709,100 174.75639028488428,-36.94841688025778,100 174.75638693133413,-36.94841016807571,100 174.75638320473632,-36.9484037399241,100 174.7563789157162,-36.94839766259907,100 174.75637536787036,-36.94839349234405,100 174.75636978646756,-36.948388303022426,100 174.7563635602057,-36.948383542359934,100 174.75635675494635,-36.94837919315821,100 174.75634945686664,-36.948375193752995,100 174.7563417183361,-36.94837152624414,100 174.7563336064269,-36.94836812834874,100 174.75631655035193,-36.94836201185408,100 174.75629887052114,-36.94835650937829,100 174.75628510323648,-36.948352475877805,100 174.7562757900022,-36.94835016563124,100 174.75625650464465,-36.948346145255414,100 174.7562177631098,-36.948338881265556,100 174.75619975318213,-36.948334701405635,100 174.7561913879265,-36.94833225184424,100 174.75618360267873,-36.9483294836443,100 174.7561764311639,-36.94832634943773,100 174.7561700264813,-36.94832276764275,100 174.75616443960905,-36.94831870866279,100 174.75616062772002,-36.9483150695863,100 174.75615759798234,-36.94830949820087,100 174.75615543730157,-36.948303431747426,100 174.756154009045,-36.948296935340345,100 174.75615322894933,-36.94829005619405,100 174.75615309852057,-36.94827537722261,100 174.75615512498763,-36.948244200807444,100 174.7561553759018,-36.948228865433116,100 174.7561542203832,-36.94821404839824,100 174.7561524795415,-36.94819931843736,100 174.75614960456616,-36.948184885566874,100 174.7561475759841,-36.9481778716615,100 174.75614508399792,-36.948171021442576,100 174.75614204320138,-36.948164381239984,100 174.75613744991853,-36.948156495826936,100 174.75613288619857,-36.948150484747664,100 174.7561277220081,-36.948144683547355,100 174.7561221123757,-36.948139045767526,100 174.756101537118,-36.94812031937908,100 174.75609767378725,-36.948097663850035,100 174.7560895367266,-36.94804426039045,100 174.75608548618723,-36.948021716690995,100 174.75608229167995,-36.948006963163614,100 174.75607860292655,-36.947992497261026,100 174.7560718250062,-36.94797148470628,100 174.75606627682083,-36.947958055798885,100 174.75606320521715,-36.94795154043344,100 174.75605624205343,-36.947938893179305,100 174.75605235046737,-36.9479328090616,100 174.7560436832104,-36.94792116585911,100 174.75603888845527,-36.947915607056544,100 174.75602609093082,-36.947902792822156,100 174.75602012731423,-36.947897485653726,100 174.75600736248973,-36.947887318146776,100 174.75600059647562,-36.94788247441295,100 174.755986353182,-36.94787330671689,100 174.7559712798336,-36.94786486515123,100 174.75596348257,-36.947860935296234,100 174.7559474012452,-36.94785368757859,100 174.7559308227648,-36.947847285450884,100 174.75591383456157,-36.94784177088367,100 174.75590669091696,-36.94783975029457,100 174.75589640647854,-36.94783798256197,100 174.75587485580508,-36.94783536294694,100 174.75585277673633,-36.947833695739,100 174.7558011446006,-36.94783107123017,100 174.75578425965625,-36.94782961381705,100 174.75577709007774,-36.947828615714606,100 174.75577090113836,-36.947827384986816,100 174.7557658108261,-36.947825827051766,100 174.75576195755195,-36.94782395428396,100 174.75576083078292,-36.94782315343888,100 174.7557600961858,-36.947820113292295,100 174.75576064995593,-36.94781674403414,100 174.75576242537826,-36.947813074592304,100 174.75576528256175,-36.947809125963516,100 174.75576918846932,-36.9478049265776,100 174.75577400620543,-36.94780048116294,100 174.75578611390395,-36.94779092914825,100 174.75580908580142,-36.947775282989994,100 174.75588186769016,-36.94772941307341,100 174.7559362713677,-36.9476927642601,100 174.75595024918096,-36.94768259329559,100 174.7559634056585,-36.947672109997654,100 174.75597535927253,-36.94766122897494,100 174.75598083843428,-36.94765561014908,100 174.7559858642678,-36.947649860124095,100 174.75599048801973,-36.94764396101671,100 174.7559945896133,-36.947637916405725,100 174.75599816867629,-36.947631710072635,100 174.75600118856158,-36.947625311012956,100 174.75600587608798,-36.9476137280608,100 174.75600867879928,-36.94760559804946,100 174.7560109274331,-36.94759739962006,100 174.7560125193202,-36.94758925867498,100 174.75601340855715,-36.94758137689038,100 174.75601349471987,-36.94757388013549,100 174.75601271288843,-36.94756692439967,100 174.75601096184718,-36.94756064998518,100 174.75600817702772,-36.94755522819883,100 174.75600606805662,-36.947552537368054,100 174.75600153922915,-36.947549266718504,100 174.75599578975928,-36.947546975844524,100 174.75598895671826,-36.94754556988138,100 174.75598117238212,-36.94754489184324,100 174.7559725584105,-36.947544909285256,100 174.7559632500072,-36.94754549492228,100 174.7559533648283,-36.94754653975547,100 174.75593237424516,-36.94754957854305,100 174.75589044773236,-36.94755652057795,100 174.75582895258452,-36.94756460556624,100 174.75580892643382,-36.94756685312028,100 174.7557992948814,-36.94756764632338,100 174.75578102926184,-36.947568364413755,100 174.7557725487125,-36.947568177068305,100 174.75576455889293,-36.94756754892407,100 174.7557571271854,-36.947566431214085,100 174.75575035579357,-36.9475647755577,100 174.75574422800827,-36.94756253893815,100 174.75574054760753,-36.94756066271153,100 174.7557367114452,-36.94755674636891,100 174.7557336561624,-36.94755221188142,100 174.75573131107683,-36.9475470620971,100 174.7557296095094,-36.94754137641796,100 174.75572848397437,-36.94753519910601,100 174.75572786602888,-36.94752858164806,100 174.75572768785622,-36.947521553889636,100 174.7557283587448,-36.94750645836661,100 174.75573370047763,-36.94745659787677,100 174.75573475749977,-36.94743968496498,100 174.75573465108127,-36.947425950231654,100 174.75573143118376,-36.94741155399555,100 174.75572746924607,-36.947397217404834,100 174.75572276661305,-36.947382999026125,100 174.75571732402398,-36.94736897996828,100 174.75571107522543,-36.947355160309705,100 174.75570407242495,-36.94734166185942,100 174.75569623069856,-36.94732850299844,100 174.75568762070225,-36.947315728649706,100 174.75567817494516,-36.947303431747024,100 174.7556678604942,-36.94729164522516,100 174.75565382598995,-36.947276449892534,100 174.75564229994495,-36.947265303204425,100 174.75562993849135,-36.94725464927898,100 174.75561682951675,-36.947244549909584,100 174.75560302576235,-36.94723500341474,100 174.75558863125124,-36.94722604070401,100 174.75557371624586,-36.947217689580846,100 174.75556607398684,-36.947213757406296,100 174.7555564251417,-36.94720909868439,100 174.75554810997127,-36.947205889412956,100 174.75553089065062,-36.947200132142115,100 174.75550394537024,-36.94719281426139,100 174.75545897285332,-36.947181967415816,100 174.7554518128892,-36.94718003795018,100 174.75541699200005,-36.94709659899996,100 174.75546449700005,-36.94675778599997,100 174.7556872990001,-36.94668564299997,100 174.7557136260001,-36.94666272499994,100 174.75573881000005,-36.94654962,100 174.75570963500004,-36.946504992999955,100 174.7556860729057,-36.94649302277923,100 174.75568938809772,-36.94649071912407,100 174.75571557295723,-36.94647083968345,100 174.75574069736092,-36.94645006377086,100 174.75575286344449,-36.94643939504678,100 174.755769799832,-36.946423832744856,100 174.75579915936626,-36.946401609741706,100 174.7558131410161,-36.94639024537269,100 174.7558257698447,-36.946378749585094,100 174.75583140026748,-36.94637297259843,100 174.7558364594256,-36.94636716079601,100 174.75584087906373,-36.946361373774,100 174.75584457170902,-36.946355567759454,100 174.75584745127466,-36.946349759348266,100 174.75584946651512,-36.9463439664237,100 174.75585019172337,-36.946340532437134,100 174.75585033580467,-36.946334628380264,100 174.7558495449065,-36.94632869488703,100 174.755847871749,-36.94632272937505,100 174.75584534994206,-36.94631677731521,100 174.7558420678181,-36.94631082207841,100 174.7558380422159,-36.94630486341555,100 174.75583335882408,-36.9462989162833,100 174.75582807108657,-36.94629300963519,100 174.75581589139549,-36.94628131560407,100 174.75580190004942,-36.94626985206504,100 174.75578658490466,-36.94625868931728,100 174.7557703630532,-36.94624789690405,100 174.75574177804532,-36.946230478652154,100 174.7557213132696,-36.94621678269172,100 174.7556996816648,-36.94620415944319,100 174.75568469183554,-36.946196258300674,100 174.75566931282754,-36.946188720740345,100 174.75563771229267,-36.946174463863635,100 174.75561347980465,-36.94616432978282,100 174.75547677620736,-36.94610908138745,100 174.755440269145,-36.94609368200861,100 174.75538735871785,-36.94606177838568,100 174.75537218893103,-36.94605361757572,100 174.7553567747941,-36.94604669970899,100 174.75534893562252,-36.94604387005559,100 174.75534100608957,-36.94604150682532,100 174.7553282088547,-36.94603891271465,100 174.75531986301593,-36.946038569215276,100 174.7553114098611,-36.94603878522689,100 174.755302866276,-36.946039513630545,100 174.755294212521,-36.94604067720344,100 174.75527670656038,-36.94604404561663,100 174.75525896557002,-36.946048378322665,100 174.75522320767556,-36.94605774363482,100 174.7552086123062,-36.946061059539495,100 174.75522062100003,-36.94604074199999,100 174.75546914200007,-36.945878915999955,100 174.75560658400002,-36.94576315899995,100 174.7556856230001,-36.945604108999916,100 174.75566546597634,-36.94549313692231,100 174.75566575869965,-36.94549260013104,100 174.75567917598516,-36.94546585206383,100 174.75568950988654,-36.94544297935434,100 174.75570738791208,-36.94540798121812,100 174.75571386064357,-36.945393845439476,100 174.75571964297384,-36.94537971896875,100 174.75572450822767,-36.94536560876349,100 174.75572821610882,-36.945351564345266,100 174.75573054386268,-36.945337665621565,100 174.75573112961527,-36.945330749145015,100 174.75573130144562,-36.94532390098152,100 174.75573102349964,-36.945317075693325,100 174.7557296419083,-36.94530830272177,100 174.75572798677976,-36.945301702401906,100 174.75572329565404,-36.945288615019656,100 174.75572032815418,-36.9452821278456,100 174.7557133079348,-36.94526928040928,100 174.7557050105383,-36.945256562723095,100 174.75569071113736,-36.9452376866547,100 174.75567487525237,-36.94521894416921,100 174.75563487720154,-36.94517374342293,100 174.75559814997854,-36.9451225341268,100 174.75555504300007,-36.94488520999994,100 174.75566098600007,-36.94463564699997,100 174.75599374900003,-36.944517541999964,100 174.75612946900006,-36.94433503399994,100 174.75623939900004,-36.94424311299997,100 174.75640551300012,-36.944150269999966,100 174.7564043870001,-36.944105228999945,100 174.75622227350215,-36.94399625117047,100 174.75622432157743,-36.94399532736206,100 174.75624821089434,-36.94398521075059,100 174.7562972842279,-36.943964879044046,100 174.7563573536446,-36.943943685217135,100 174.75637557677157,-36.94393655739674,100 174.75638380548617,-36.9439329835618,100 174.75639125598696,-36.94392940862008,100 174.75639782495858,-36.94392583229745,100 174.75640337208316,-36.943922256669865,100 174.75640777768842,-36.943918653763824,100 174.75641093808127,-36.94391505575881,100 174.75641230979187,-36.943912539675544,100 174.75641206093007,-36.943908841582946,100 174.75641039327593,-36.94390516898603,100 174.75640744486654,-36.943901469368036,100 174.7564033036536,-36.94389775855307,100 174.75639803734165,-36.94389405086207,100 174.75639176791572,-36.943890328266335,100 174.75638459935342,-36.943886619872835,100 174.75636792676048,-36.943879212396276,100 174.75634886882742,-36.94387184290781,100 174.7563281704579,-36.94386457790163,100 174.756265848534,-36.94384410306364,100 174.7562460146403,-36.94383888389966,100 174.7562056187404,-36.94382906112618,100 174.75618646088873,-36.94382389234157,100 174.75617748253322,-36.9438211282621,100 174.75616898441564,-36.94381820114788,100 174.75616110430403,-36.943815046769295,100 174.75615387512445,-36.9438116808634,100 174.7561474346242,-36.94380803829955,100 174.75614185022334,-36.94380407211267,100 174.75613722596665,-36.94379976544125,100 174.75613366552656,-36.94379508520533,100 174.7561324506662,-36.94379289040222,100 174.7561320442114,-36.943787120672724,100 174.7561328224348,-36.94378095936724,100 174.7561345080419,-36.94377445835788,100 174.756136981996,-36.94376766627467,100 174.75614007318381,-36.943760662261816,100 174.75615494887728,-36.94373142742178,100 174.7561615146989,-36.94371685579824,100 174.75616396392394,-36.94370976934435,100 174.7561656402128,-36.94370291154453,100 174.756163037445,-36.9436971472618,100 174.75615947205313,-36.94369161534014,100 174.75615497883615,-36.94368631526477,100 174.75615002170292,-36.94368153367725,100 174.75627779400008,-36.94354397399996,100 174.75669986000003,-36.94358125499996,100 174.75680978700007,-36.94348924399998,100 174.75672149100012,-36.94337808599994,100 174.75671866787047,-36.943266076906916,100 174.75672151675735,-36.94326170480646,100 174.75672429146834,-36.94325583663414,100 174.75672569456668,-36.94325116769978,100 174.75672460766617,-36.943245841581415,100 174.75672199981474,-36.943240541572514,100 174.75671800976724,-36.94323529536395,100 174.7567178889712,-36.94323517358111,100 174.75671524500012,-36.94313027199996,100 174.75665705260118,-36.9431172524664,100 174.7566967936146,-36.94309609465486,100 174.7567141179964,-36.94308631844569,100 174.75673046048925,-36.94307598441578,100 174.75673807208452,-36.94307057826482,100 174.75674514286663,-36.94306499534213,100 174.75675163803723,-36.94305923616272,100 174.7567533600717,-36.94305755132894,100 174.7567629832747,-36.94304488041237,100 174.7567714488598,-36.94303157856526,100 174.7567752023588,-36.94302476483213,100 174.7567816298627,-36.94301087662907,100 174.75678428731436,-36.9430038636948,100 174.75678833956601,-36.942989767277055,100 174.75678968446798,-36.942982760243964,100 174.75679056166783,-36.94297577725657,100 174.75679105159438,-36.94296444836399,100 174.7567906455875,-36.94295796657684,100 174.75678970261316,-36.942951524281696,100 174.75678824287692,-36.9429451211795,100 174.75678630075845,-36.94293878740686,100 174.75678385726277,-36.942932478178165,100 174.75677765903933,-36.94292002063156,100 174.7567698738617,-36.942907697429845,100 174.75676063971375,-36.942895551597715,100 174.75675554012673,-36.94288951781809,100 174.75674449379244,-36.94287752678758,100 174.75673251714403,-36.94286565858231,100 174.75671976405621,-36.94285386585863,100 174.75669958158318,-36.94283629374808,100 174.7566577709679,-36.94280142057487,100 174.75663872855984,-36.94278513220918,100 174.7566081245254,-36.94274947219354,100 174.7565719940991,-36.94270806501058,100 174.75646065492043,-36.94258210957326,100 174.7564169778398,-36.942526872163654,100 174.75639238672426,-36.9424964256793,100 174.75636681109495,-36.94246672383323,100 174.75634529814158,-36.942443721881126,100 174.75632833959887,-36.94242707365015,100 174.75631732368768,-36.942416939774965,100 174.7563046314966,-36.94240686404433,100 174.7562848896943,-36.94239233635356,100 174.75627129761247,-36.94238292559451,100 174.75625045258585,-36.94236920558733,100 174.7561792324543,-36.94232454794433,100 174.75615116354467,-36.94230631543794,100 174.75613745210865,-36.94229693797511,100 174.75610921271507,-36.94227675659386,100 174.75607541720947,-36.94225163425381,100 174.75606233705014,-36.94224128662396,100 174.75604961630927,-36.94223074710076,100 174.75603738973615,-36.94221996682198,100 174.75602569404288,-36.942208930823526,100 174.7560146317096,-36.9421976520112,100 174.7560042873913,-36.94218605161846,100 174.75599471384626,-36.94217412886525,100 174.75599025235812,-36.94216805406678,100 174.7559750668751,-36.942146312264676,100 174.7559623217983,-36.94212595486913,100 174.75595126877909,-36.942104856788944,100 174.75594497168478,-36.94209047991614,100 174.7559396034077,-36.942075964021036,100 174.7559372910461,-36.94206866136709,100 174.75593344273403,-36.94205402835239,100 174.75593194226389,-36.94204672721095,100 174.75592982397455,-36.942032127196974,100 174.7559289035599,-36.94201766269388,100 174.7559293007092,-36.94200336257698,100 174.75593000368565,-36.9419963199788,100 174.75593247088966,-36.94198243540722,100 174.75593686628412,-36.941966210399336,100 174.75593908123378,-36.941959436570656,100 174.75594462113824,-36.94194601220356,100 174.75595153278843,-36.94193281361285,100 174.75595548423325,-36.94192630613407,100 174.75596427403,-36.941913479056495,100 174.75597417910348,-36.94190100503039,100 174.75598509618192,-36.94188888558287,100 174.755990931128,-36.94188298298242,100 174.7560031621938,-36.94187150838232,100 174.75601616604797,-36.941860533407386,100 174.7560228989277,-36.941855250260936,100 174.75603682476122,-36.94184511070359,100 174.7560599769815,-36.9418298647325,100 174.7560738803492,-36.941821584052256,100 174.75608845824567,-36.94181397390034,100 174.75610365611334,-36.94180695666743,100 174.7561193682405,-36.94180042755957,100 174.75614382559922,-36.9417915563261,100 174.75616063643463,-36.94178607723902,100 174.75617773234714,-36.94178093463685,100 174.75620383665617,-36.941773614561015,100 174.75627449035335,-36.94175512956864,100 174.75630501170025,-36.94174671571217,100 174.75636176792088,-36.94172111741845,100 174.7563780197882,-36.941714035887166,100 174.75640255423497,-36.94170417199403,100 174.75642726141757,-36.94169562058565,100 174.7564386859181,-36.94169238107474,100 174.75659260400005,-36.941722755999926,100 174.7568061920001,-36.94191095999998,100 174.75699886900009,-36.941943134,100 174.75722991800012,-36.94193366099995,100 174.7573656620001,-36.94193366999996,100 174.7574062960001,-36.94184226899995,100 174.75761227200007,-36.941726224999975,100 174.75779815500005,-36.94150151899998,100 174.75790784200015,-36.94146155699996,100 174.75801924400002,-36.94149622699995,100 174.75817225200012,-36.941481854999935,100 174.7582978250001,-36.941383944999984,100 174.75844876400004,-36.94148179599994,100 174.75859121100007,-36.941445383999955,100 174.75866130300005,-36.94132327999995,100 174.75862931500012,-36.94121754199994,100 174.7585219887444,-36.941140631144194,100 174.75852998340068,-36.941136342413785,100 174.75853808956003,-36.94113136236555,100 174.75855346881588,-36.941120625939774,100 174.7585674434344,-36.941109014391614,100 174.75857382678583,-36.94110294671182,100 174.75857975684403,-36.94109674784169,100 174.75858514900324,-36.94109044967973,100 174.75859001895788,-36.94108405109218,100 174.75859428361824,-36.941077601080515,100 174.75859794142298,-36.941071129411846,100 174.75860092466604,-36.94106467043844,100 174.75860319956902,-36.941058220153955,100 174.75860471420313,-36.94105181538091,100 174.7586054530979,-36.94104551583644,100 174.75860549214687,-36.9410415971636,100 174.75860356162192,-36.94103645571187,100 174.75860066503841,-36.94103134659563,100 174.75859690373227,-36.94102628183387,100 174.7585923477377,-36.94102123064523,100 174.7585870999066,-36.94101622215149,100 174.75857485814112,-36.94100615531355,100 174.75856085008945,-36.94099603982462,100 174.7585226525736,-36.94096993602989,100 174.75850789727247,-36.94095896632226,100 174.75850099119944,-36.9409533334247,100 174.75849451332982,-36.94094757070212,100 174.75848851750203,-36.940941675554505,100 174.75848314103376,-36.9409356621722,100 174.75847994239922,-36.94093162740865,100 174.75847644743,-36.94092408003247,100 174.7584705104552,-36.94090828827706,100 174.75846812331935,-36.9409001350212,100 174.75846444901896,-36.94088351567971,100 174.75846234806951,-36.94086685591074,100 174.75846191259174,-36.94085860885384,100 174.7584622083863,-36.94084641468199,100 174.75856903800002,-36.94083954699993,100 174.75872803700008,-36.94091172799994,100 174.75887195500002,-36.94088889099993,100 174.75901425500012,-36.940795684999955,100 174.7590244549978,-36.940747083664256,100 174.7590260313635,-36.94074597026113,100 174.75903934227784,-36.94073548434142,100 174.75907195075706,-36.94070848311677,100 174.7590918672168,-36.94069319707232,100 174.75910562555714,-36.940684004238506,100 174.75911550895688,-36.940678448185054,100 174.75921590600012,-36.94070366899996,100 174.7593465980001,-36.94066653499993,100 174.7594114950001,-36.940572404999955,100 174.75949420236992,-36.94056017342933,100 174.75950542857845,-36.94056112770625,100 174.75952415780677,-36.940562431091244,100 174.75954270028691,-36.940563133347716,100 174.7595608752312,-36.94056299018978,100 174.75957856999557,-36.94056169322839,100 174.75958925649186,-36.94056023243035,100 174.75960497623433,-36.94055469331792,100 174.75962030693407,-36.94054815498291,100 174.7596278254481,-36.94054453106296,100 174.75963870362216,-36.9405388030312,100 174.75970711200011,-36.94052868599994,100 174.7598172710001,-36.940495995999974,100 174.75987166629753,-36.940407765337966,100 174.75989141728903,-36.94039644527749,100 174.75990544533965,-36.940384925619576,100 174.75993946147267,-36.94035548501909,100 174.75995275530983,-36.94034504612091,100 174.75995936615385,-36.94034043064837,100 174.75996597158095,-36.9403363118902,100 174.75997255761771,-36.940332765765476,100 174.75997910920952,-36.940329870011986,100 174.75998571236738,-36.94032770267206,100 174.7599891161376,-36.940326887887046,100 174.759995620517,-36.9403276017694,100 174.76000207891846,-36.94032924560714,100 174.76000850857656,-36.940331787598154,100 174.7600149579545,-36.94033508912013,100 174.76002137284445,-36.940339087883295,100 174.76002776944443,-36.940343707034245,100 174.76003417810955,-36.94034885058174,100 174.76004704753504,-36.94036042580943,100 174.76006022558917,-36.94037345640766,100 174.7600705850001,-36.94040735499994,100 174.76011026100002,-36.940450244999965,100 174.7602185080001,-36.94044656999995,100 174.76032780900005,-36.940376625999924,100 174.76043047000007,-36.94035439899994,100 174.76056010700006,-36.940383532999924,100 174.7607306640001,-36.94039756799998,100 174.76082518900012,-36.940418650999966,100 174.7609099780001,-36.94048424199996,100 174.76098779300003,-36.940447806999956,100 174.7610620080001,-36.940455990999965,100 174.76112619800006,-36.940531171999964,100 174.76119137700005,-36.940548773999986,100 174.76132276500005,-36.940528255999936,100 174.76133097386827,-36.940458548518976,100 174.7613369555862,-36.940456222019236,100 174.761345472031,-36.94045244257963,100 174.76135361877434,-36.94044835856539,100 174.7613613258876,-36.94044400526463,100 174.76136859258247,-36.94043934843847,100 174.76137531704194,-36.940434452690695,100 174.76138144613572,-36.940429302585635,100 174.76138696533363,-36.940423901042934,100 174.7613918213556,-36.94041832366368,100 174.76139519513112,-36.94041362183554,100 174.76139801559165,-36.940408248610915,100 174.76140011987533,-36.940402592176326,100 174.76140155928488,-36.940396637349416,100 174.7614023872828,-36.94039041398239,100 174.76140263675336,-36.94038393600872,100 174.76140236232297,-36.940377235066016,100 174.76140057126764,-36.94036446396052,100 174.76140902100008,-36.94035614099993,100 174.76154782000003,-36.94025566499994,100 174.76155399300012,-36.94012187599998,100 174.7614367000001,-36.94005119699995,100 174.76132308600006,-36.94003988299993,100 174.76116879300002,-36.93996975299995,100 174.76116087202487,-36.939948461869086,100 174.7611681744589,-36.93994891386672,100 174.7611783375746,-36.939948623409336,100 174.7611883733741,-36.93994743621082,100 174.76119781571538,-36.93994534566564,100 174.7612062499847,-36.93994238856942,100 174.76121324296795,-36.93993852538042,100 174.76121809641793,-36.939934202701465,100 174.76122043629977,-36.939928976315976,100 174.7612209196629,-36.939922804931115,100 174.76121994699636,-36.93991586737942,100 174.76121792217748,-36.939908343344555,100 174.7612089070694,-36.939882411426936,100 174.761205415362,-36.93986077264722,100 174.76120380256614,-36.9398463193631,100 174.7612032451709,-36.93983191081308,100 174.76120437492443,-36.93981245591192,100 174.76120521195355,-36.93980457576195,100 174.76120805472306,-36.93978919741644,100 174.7612101002591,-36.93978191585179,100 174.76121258904945,-36.93977506125318,100 174.76121552462033,-36.93976878679488,100 174.7612189633813,-36.9397632016027,100 174.76122028462646,-36.93976142981305,100 174.7612244193938,-36.9397573981089,100 174.76122916372861,-36.939754237964735,100 174.76123450087903,-36.939751904562286,100 174.76124037703073,-36.93975035273177,100 174.76124680715182,-36.93974954980309,100 174.76125370604004,-36.93974945287472,100 174.76126103628272,-36.939749997605595,100 174.76126879758962,-36.93975117138127,100 174.76127695335944,-36.93975289632864,100 174.76129423739368,-36.93975786225871,100 174.76129460882404,-36.939757992075215,100 174.76128665700003,-36.93985308199995,100 174.76139829200008,-36.93990292199993,100 174.76153821618257,-36.93987385925585,100 174.76154303411883,-36.9398750670798,100 174.76155092235473,-36.93987648591882,100 174.76155877690297,-36.9398772707189,100 174.76156900166336,-36.93987736598533,100 174.7615780160634,-36.93987683115019,100 174.76158710440467,-36.93987575261503,100 174.76159619486887,-36.93987413234671,100 174.76160525596197,-36.93987201678044,100 174.76161421844256,-36.93986942226627,100 174.76162304790785,-36.93986636643991,100 174.7616316585905,-36.93986287941661,100 174.76164003587525,-36.93985900918388,100 174.76164809075402,-36.939854742641096,100 174.76165580777962,-36.93985014040676,100 174.7616630841008,-36.93984517336169,100 174.76166992037938,-36.93983991901076,100 174.7616762133886,-36.939834380688296,100 174.76168194693446,-36.93982858657601,100 174.76168706792643,-36.93982257171235,100 174.76169156175987,-36.93981565310383,100 174.76169457122467,-36.93980951724433,100 174.7616969835645,-36.93980305044216,100 174.76169892108626,-36.93979629775193,100 174.76170043795756,-36.93978931966059,100 174.76170252318894,-36.93977474301316,100 174.76170508666485,-36.93974436341341,100 174.76170679214974,-36.93972914344078,100 174.76170814403744,-36.93972114478457,100 174.7617134241644,-36.939698927905155,100 174.7617176700807,-36.93968431559251,100 174.76172286023058,-36.939670138133124,100 174.76172931450768,-36.939656682812206,100 174.76173313014175,-36.93965030154473,100 174.76173738546325,-36.939644192264964,100 174.76174564992198,-36.93963459482812,100 174.76175122671816,-36.93962877239306,100 174.76175732709888,-36.939623159409976,100 174.76176388545827,-36.939617832564245,100 174.76177086477531,-36.93961279330642,100 174.76177821671914,-36.93960808832149,100 174.76178592370363,-36.93960373409439,100 174.761786497052,-36.93960344802744,100 174.76183449400003,-36.93965326999996,100 174.76208105900002,-36.93968108099995,100 174.76211686747584,-36.93970118398185,100 174.76211808007812,-36.93970301259341,100 174.762121916421,-36.9397096705865,100 174.76212885648889,-36.939723403044894,100 174.76213499135537,-36.93973747193274,100 174.76214118106387,-36.93975367796742,100 174.76214444373403,-36.93976901799808,100 174.76214912927549,-36.93980016160906,100 174.76215223630254,-36.93981483786446,100 174.76215436487658,-36.93982169515911,100 174.76215700342442,-36.93982817083191,100 174.76216028646058,-36.939834157430546,100 174.76216428208474,-36.939839589048304,100 174.76216795931717,-36.93984338496589,100 174.7621747361324,-36.939846665286446,100 174.7621823618367,-36.939849311989505,100 174.76219066572628,-36.93985142134707,100 174.7621994964476,-36.9398531497332,100 174.76222762325102,-36.939857348904404,100 174.76224617946488,-36.93986065268357,100 174.7622549524265,-36.93986284701047,100 174.76226318562232,-36.93986559195035,100 174.7622667876311,-36.939867096892364,100 174.7622689253245,-36.93986837910475,100 174.76231612633856,-36.93995109176814,100 174.76231408014328,-36.93995618841288,100 174.7623104108513,-36.93996287668334,100 174.7623058916349,-36.939969471211576,100 174.7623006235831,-36.939975875857165,100 174.76229467639507,-36.93998204542019,100 174.76228816641634,-36.93998791237641,100 174.76228119781118,-36.93999341659303,100 174.762273873144,-36.939998477230425,100 174.76226840576646,-36.940001834723496,100 174.7622612883674,-36.94000555921284,100 174.76225365636836,-36.940008782086615,100 174.7622456151983,-36.940011546846605,100 174.7622285237142,-36.94001616387143,100 174.76218382292464,-36.940026035327755,100 174.76217022373348,-36.94002992902,100 174.76216272404068,-36.940033582564034,100 174.76214834978575,-36.94004165642032,100 174.7621414740388,-36.94004607404626,100 174.76213477802662,-36.940050690001456,100 174.76212188294653,-36.9400605346524,100 174.76211568502356,-36.940065715560564,100 174.76210368296054,-36.940076598811395,100 174.76208660286903,-36.94009389919987,100 174.7620703569112,-36.94011202184081,100 174.76204307913983,-36.94014454294395,100 174.76201577351344,-36.94017322297458,100 174.7619999980515,-36.940190811344166,100 174.7619846622745,-36.94020867169855,100 174.76196974712303,-36.94022675655011,100 174.761955252286,-36.94024505238364,100 174.76191983849327,-36.94029221736803,100 174.7619063409654,-36.9403109616811,100 174.7618889112211,-36.9403362431227,100 174.76187198855095,-36.940361748679756,100 174.76185328693802,-36.940390751664,100 174.7618212901429,-36.940434903234426,100 174.76180414436303,-36.940460474284535,100 174.76179629463533,-36.94047345638456,100 174.76178908864648,-36.9404865992839,100 174.76178263035078,-36.94049993118409,100 174.76177481267018,-36.940518937314465,100 174.76176970280827,-36.94053289726366,100 174.76176353473502,-36.940554199847455,100 174.76176049412229,-36.940568589673276,100 174.761759311114,-36.94057577913059,100 174.76175770863662,-36.9405902548756,100 174.76175707333232,-36.940604698242865,100 174.76175762927292,-36.940633958967666,100 174.7617580769247,-36.94064135406874,100 174.76175978346134,-36.940656069140346,100 174.76176266093339,-36.94067057936012,100 174.7617668453146,-36.94068474300384,100 174.76177241678596,-36.940698433596374,100 174.76177575148282,-36.94070505397637,100 174.7617838341161,-36.94071885963203,100 174.76179259499816,-36.94073139876527,100 174.7617994107399,-36.94073936399824,100 174.76179961100001,-36.94076955699995,100 174.76191877000008,-36.940836451999985,100 174.76210285100015,-36.94093671399998,100 174.76209692030457,-36.940954080493206,100 174.7620743608761,-36.94096325031149,100 174.7620574448528,-36.94096866959953,100 174.7620062596514,-36.94098403620925,100 174.761989871885,-36.940989818997245,100 174.76198189298955,-36.940993001034364,100 174.76197414357364,-36.940996395985294,100 174.7619634526181,-36.94100175893297,100 174.7619563494766,-36.94100600957132,100 174.76194276425747,-36.941015247032254,100 174.7619299465409,-36.94102533838143,100 174.76191780148238,-36.941036114674695,100 174.7619062241764,-36.94104740891975,100 174.76188712895072,-36.94106776225277,100 174.76185950934695,-36.9410909190346,100 174.76183988626585,-36.941108879944515,100 174.7618283666478,-36.941121071053296,100 174.76182328141752,-36.94112717913066,100 174.76181876892934,-36.941133339098336,100 174.76181486034562,-36.941139490104675,100 174.7618116611401,-36.94114562878198,100 174.76180924163415,-36.94115178563347,100 174.76181822055338,-36.94117612442803,100 174.76176831700002,-36.94126782699994,100 174.76185745100008,-36.941423855999965,100 174.7621422850001,-36.94156553699997,100 174.76242626500004,-36.941670038,100 174.76258290400006,-36.94166199099992,100 174.76269705700008,-36.941511526999925,100 174.76269638555547,-36.94150092306788,100 174.76271214119413,-36.941482178685874,100 174.76270759719623,-36.941457242286255,100 174.76270596157627,-36.941419590875974,100 174.7627040625044,-36.94140954037147,100 174.76270234217077,-36.941377325252766,100 174.76270329198138,-36.94136981386893,100 174.7627030877273,-36.94136182658977,100 174.76270785734349,-36.94133856359529,100 174.76270908842977,-36.9413271777142,100 174.76271056937932,-36.941320787814284,100 174.76271030368144,-36.94131851589465,100 174.76271422437168,-36.941295934291816,100 174.76271941036856,-36.94125580118593,100 174.76272302691402,-36.94123483477913,100 174.76272264396118,-36.94115198818743,100 174.7627308657822,-36.9410959005909,100 174.76273147446977,-36.941089958984094,100 174.76273237400102,-36.94108723442134,100 174.76272840471964,-36.94105366283574,100 174.76272674837014,-36.94104634877797,100 174.7627307521068,-36.940982928371284,100 174.76273051407924,-36.94097766632108,100 174.76272438684342,-36.940963938059475,100 174.76272327915933,-36.94095913958667,100 174.76272280381409,-36.940950010738234,100 174.7627248657353,-36.940942032176814,100 174.76272775894998,-36.94093543383228,100 174.76273683892418,-36.9408784330622,100 174.76273735883314,-36.94085333675477,100 174.7627285110053,-36.94082382509156,100 174.76272176683077,-36.94078385738479,100 174.76271848782318,-36.940769911076764,100 174.76271810858321,-36.940746873241295,100 174.76272345914276,-36.94072270389253,100 174.76272811650907,-36.94071338166864,100 174.76274509872522,-36.940692955018946,100 174.7627511177077,-36.940688194953225,100 174.76277657810854,-36.94067329558438,100 174.7628554033561,-36.9406484616773,100 174.76289333812304,-36.940640497597464,100 174.76300012347335,-36.94060925638967,100 174.76302667434186,-36.94059845986517,100 174.7630555779521,-36.940582220404096,100 174.76315846710878,-36.940542028993676,100 174.76317872933535,-36.94053622906979,100 174.76322415769042,-36.94051894288812,100 174.7633592012843,-36.94047806918921,100 174.76336034205931,-36.940477384359525,100 174.76342148185455,-36.940454946190435,100 174.76343117450395,-36.94045182873772,100 174.76343660129777,-36.940450949557075,100 174.7634588807658,-36.94044356843208,100 174.7635214607563,-36.940417946947434,100 174.76354916051412,-36.940409454173775,100 174.764037647593,-36.94023230993558,100 174.76408937772277,-36.940210521381964,100 174.7641103115523,-36.94019309585197,100 174.76411522296772,-36.94018695961574,100 174.76412155776023,-36.94018036688722,100 174.7641307579604,-36.94017016411048,100 174.7641362976772,-36.940165612994974,100 174.76415408953696,-36.94015115085264,100 174.7641884478067,-36.9401169025717,100 174.76421910574604,-36.940084046840774,100 174.76423592673655,-36.940064101886335,100 174.76425115802408,-36.94003603791457,100 174.76426571721572,-36.94000200719284,100 174.76427686229272,-36.93996702582036,100 174.76428482779858,-36.93993551855885,100 174.76428867647613,-36.939920415932285,100 174.76429262300007,-36.93991430799997,100 174.76431862000004,-36.93980520599995,100 174.76431147990922,-36.93979311660599,100 174.76431149369472,-36.93979300744042,100 174.76431377742543,-36.93977001837206,100 174.76431689183462,-36.93973411618962,100 174.7643188449559,-36.93969815464996,100 174.76431938896405,-36.93968214604125,100 174.7643719990001,-36.93964705999996,100 174.7643624330001,-36.93954134799998,100 174.76435106361612,-36.93952208145714,100 174.76436259850112,-36.93947906026475,100 174.76436697123302,-36.93946738882862,100 174.76437410860007,-36.939425829588004,100 174.76437040227435,-36.93938362659457,100 174.76436897608778,-36.9393785561608,100 174.76436786011715,-36.93936327442874,100 174.76436766858342,-36.93934834760449,100 174.7643562322247,-36.93930549875315,100 174.76435570902765,-36.93929785691933,100 174.76435733001836,-36.93928547195853,100 174.76437041438393,-36.93924787222942,100 174.76438199180845,-36.93923320225629,100 174.76439502445888,-36.939225446410326,100 174.76441584495862,-36.939225274014795,100 174.76442218356314,-36.93922630017699,100 174.7644308177318,-36.939229147167865,100 174.76444588662937,-36.939238113221485,100 174.7644558878401,-36.93924166456669,100 174.76451026384717,-36.939280881958446,100 174.7645139282348,-36.93928484744397,100 174.76451713859606,-36.939286653774964,100 174.76458095610715,-36.93935490604935,100 174.76458550805077,-36.9393577731377,100 174.7646102795499,-36.93938231510958,100 174.76464316740612,-36.93940497254119,100 174.7646705715186,-36.9394229199828,100 174.76467694141917,-36.93942578889072,100 174.76470398123234,-36.93945247655086,100 174.76473915136265,-36.939475840027775,100 174.76475693731223,-36.93948552097319,100 174.76476652975026,-36.939492718848655,100 174.7647733661712,-36.9394962919684,100 174.764800294482,-36.93951317837227,100 174.76480666291897,-36.939516031972126,100 174.7648157960052,-36.93952215417097,100 174.76483988866624,-36.93952957816442,100 174.76485398290993,-36.93953493709841,100 174.7649077190497,-36.93955993087368,100 174.7649236462434,-36.939565259849275,100 174.76494957797848,-36.93957559572756,100 174.76495819210467,-36.93957698732544,100 174.7649868660589,-36.93958543235934,100 174.76507395400006,-36.93963948799996,100 174.76513357546966,-36.93961550012413,100 174.765191072178,-36.939628132558084,100 174.76527220684733,-36.93963689594229,100 174.7652839962466,-36.93963934984754,100 174.76531348621188,-36.93964344870177,100 174.7653397550292,-36.939643961269674,100 174.7653629027866,-36.93964960465221,100 174.76539523139792,-36.93966460525609,100 174.76541355398956,-36.939680456754736,100 174.76541584167697,-36.93968334575997,100 174.76542316808153,-36.93968985440592,100 174.76542869778012,-36.939697087397704,100 174.76543899812643,-36.939723182839344,100 174.76543912491982,-36.93972470155598,100 174.765405105,-36.93978047299998,100 174.76547019937013,-36.939846644619415,100 174.7654705094441,-36.93984776512479,100 174.76547332256717,-36.93985430031666,100 174.76547838391295,-36.939860797572116,100 174.76552189952832,-36.93989938730671,100 174.76553110091177,-36.93991021609145,100 174.76553749167218,-36.939915980622246,100 174.76554211084525,-36.939921417272565,100 174.76555127236347,-36.939929350668095,100 174.7655585432024,-36.939933644656755,100 174.76557946715155,-36.939945297478694,100 174.7655968900687,-36.93995694109724,100 174.76560010027282,-36.93995986115417,100 174.76561246174003,-36.93996734753534,100 174.7659709510001,-36.940206921999966,100 174.76645448763216,-36.94048215177508,100 174.76648882753966,-36.940506463891126,100 174.7665093915245,-36.94051724522295,100 174.7665409422225,-36.94053563437062,100 174.76654871668282,-36.940541407100234,100 174.76664838014025,-36.940599729391764,100 174.76666070163836,-36.94060474583905,100 174.7667157207495,-36.94063084437914,100 174.76675467000007,-36.940653013999956,100 174.76702620200012,-36.94087931099995,100 174.7672677800001,-36.94099279499994,100 174.76745662200005,-36.94110706299994,100 174.7675885860001,-36.94117733899997,100 174.76765824899408,-36.94117845193289,100 174.7677009942728,-36.94118921754353,100 174.76773880687608,-36.94119949759177,100 174.76775514968284,-36.94120009611222,100 174.76781079175373,-36.94119736674783,100 174.76786114692462,-36.94119486479745,100 174.76792163034804,-36.941181277959785,100 174.7679464339776,-36.941174535310175,100 174.76796984808394,-36.941164903847515,100 174.76804688762243,-36.94113588297608,100 174.76805910112316,-36.94113597600753,100 174.76808662258256,-36.94112527026121,100 174.7681645716967,-36.941085129560186,100 174.76823786993222,-36.94103630073491,100 174.76825316755532,-36.94102782572424,100 174.76826037038435,-36.94102270524582,100 174.76828288236203,-36.94101092035622,100 174.76829914851288,-36.94100645536115,100 174.76832766536688,-36.941001556436106,100 174.7683565751248,-36.94099373854849,100 174.76835883763454,-36.94099227714169,100 174.76836876535705,-36.940988211190614,100 174.76842475461595,-36.940969323604534,100 174.76844912151248,-36.940959722923736,100 174.76848393829937,-36.940952227128285,100 174.76849024607344,-36.94095001684781,100 174.76857706270786,-36.940931318973306,100 174.76859380212383,-36.94092648996121,100 174.7686087388593,-36.940923486857365,100 174.76865026413637,-36.94091052185145,100 174.76866244647155,-36.94090533438337,100 174.76868771274522,-36.94089573377657,100 174.7686935592599,-36.940891688936055,100 174.76870169176178,-36.94088909273209,100 174.76870892292789,-36.940885782579954,100 174.76873103775046,-36.940878728303055,100 174.76875629320418,-36.94086802911973,100 174.7687738333955,-36.94085592342027,100 174.76878147730366,-36.940851864417766,100 174.76878506803527,-36.94084821190805,100 174.7688003457627,-36.94083756942152,100 174.7688129751695,-36.94083093314731,100 174.76881747471998,-36.940827638445974,100 174.76883366867912,-36.940817723200105,100 174.76886282410334,-36.94079314577548,100 174.76887048633915,-36.94078837444232,100 174.7688749738751,-36.94078397758924,100 174.768904859456,-36.940746690415224,100 174.76890884909582,-36.940739020131645,100 174.76891058976227,-36.94073135631423,100 174.76892432169598,-36.94070762156542,100 174.76895447468462,-36.94065174493689,100 174.76896274562606,-36.940626195144084,100 174.76897993714664,-36.940589642383586,100 174.7689912571087,-36.9405575070989,100 174.7689938952473,-36.94055243025044,100 174.76900190161064,-36.94054088478115,100 174.76900809410796,-36.94053077782191,100 174.76902007014803,-36.94051346777688,100 174.7690240252698,-36.940504451414235,100 174.7690399581396,-36.94047683968006,100 174.7690407992688,-36.940473201991765,100 174.76903698665947,-36.940460071414414,100 174.76903148456296,-36.940453903559,100 174.7690264460022,-36.940451028572085,100 174.76901325191568,-36.94044708083223,100 174.76897789526123,-36.94044695054469,100 174.76896475161428,-36.940446300921764,100 174.7689475779498,-36.940450409080164,100 174.7689313569069,-36.94045662387679,100 174.76890925290772,-36.94046205202629,100 174.768894762342,-36.94046351355202,100 174.7688866243927,-36.94046388085672,100 174.7688651429323,-36.94046242960521,100 174.768841264343,-36.94045791280205,100 174.7698560070275,-36.940082864186635,100 174.7698598232296,-36.94009410639381,100 174.76987382158458,-36.94011660858036,100 174.76990013002492,-36.9401430454469,100 174.76990745195732,-36.940146624549584,100 174.76991250997725,-36.94015097108345,100 174.76992047163762,-36.94016404969706,100 174.76994024425372,-36.94018103798016,100 174.76997651018175,-36.94020591490655,100 174.76998016183603,-36.940207326035086,100 174.76998380259104,-36.940207683669406,100 174.76999614183484,-36.94021268418156,100 174.77001530877646,-36.94022091603151,100 174.77002082289846,-36.94022415523532,100 174.77002539118757,-36.94022558244142,100 174.7700313479314,-36.94022989844675,100 174.77004689764573,-36.940236702427356,100 174.7701709227873,-36.940274348847225,100 174.7701823053728,-36.94027643788043,100 174.77018954242007,-36.94027673558152,100 174.770215032094,-36.94028127141115,100 174.77023865816628,-36.94028325090335,100 174.7702671616431,-36.94028259518426,100 174.77033215250012,-36.94026877768412,100 174.77034068975226,-36.940265772438806,100 174.77035860908282,-36.94025497679925,100 174.77038446625562,-36.94023133509566,100 174.7703946819317,-36.94022026404159,100 174.77043036677819,-36.94019066941101,100 174.77043441014243,-36.94018916158125,100 174.77046085283862,-36.94017282183017,100 174.77047600757507,-36.940158773030575,100 174.77047910400177,-36.940154726748844,100 174.77049788307252,-36.94014173344096,100 174.77050737732827,-36.94014165405656,100 174.77051011942092,-36.94014272360734,100 174.7705133423074,-36.9401463250393,100 174.77051621048892,-36.94015361910761,100 174.77051629689237,-36.940158371441456,100 174.7705072882271,-36.94018549795145,100 174.77050379107513,-36.940192121708165,100 174.77050087985793,-36.94020674235371,100 174.77050095727688,-36.94021115501952,100 174.77050522217803,-36.940220966409875,100 174.77050893141717,-36.940226029759806,100 174.770513080675,-36.94023001937163,100 174.77052769697994,-36.94023680836499,100 174.77053230345714,-36.94024041890815,100 174.77055699809472,-36.940254413374966,100 174.770561874318,-36.94027263858947,100 174.7705607395171,-36.94028434938637,100 174.7705538526283,-36.94030451842784,100 174.77055303213524,-36.94030962679131,100 174.77055046173467,-36.940317334551104,100 174.77054964161664,-36.9403224591329,100 174.77055258724846,-36.940334118094675,100 174.77055906181252,-36.940342467020066,100 174.77057139362708,-36.94034855098277,100 174.77058144802595,-36.94035210191416,100 174.77058782497414,-36.94035531109899,100 174.77061245642898,-36.94036346857192,100 174.77063117378964,-36.94037167728149,100 174.7706535016412,-36.94037840173155,100 174.77067214118782,-36.94038222932158,100 174.77076480239032,-36.94039662070597,100 174.7707761468154,-36.94039725369929,100 174.77078612679023,-36.940398607375755,100 174.77081465875722,-36.94039903540146,100 174.77087340063048,-36.94039039972215,100 174.77089819183615,-36.94038319155876,100 174.77092334742713,-36.94037198235319,100 174.7709309638852,-36.94036752072804,100 174.7709471520008,-36.940360037076516,100 174.77096906709292,-36.94034519515777,100 174.7709870623241,-36.940338069414885,100 174.7710015061295,-36.94033609457286,100 174.7710128689568,-36.94033742580098,100 174.77103837480948,-36.94034595591223,100 174.77105207232643,-36.94035200232797,100 174.77105617183946,-36.940352677565485,100 174.77107256731202,-36.940358710774746,100 174.77107666121572,-36.94036122931791,100 174.7710984757881,-36.940366103696235,100 174.77116464793986,-36.94036936367202,100 174.77118330807798,-36.94037538922148,100 174.77119019876136,-36.940379689432866,100 174.77119989406611,-36.94039018411709,100 174.77120989248826,-36.94041386796706,100 174.77121044624374,-36.94041862865046,100 174.7712128355712,-36.94042410284554,100 174.77121528252914,-36.94043323017814,100 174.7712213691968,-36.94044194178009,100 174.7712333826572,-36.94045245956453,100 174.77129465913984,-36.9404739047535,100 174.7713243004465,-36.940479130117225,100 174.77133203102332,-36.94047979173398,100 174.771388984174,-36.9404884691185,100 174.77140267940007,-36.94049237756928,100 174.77141962223757,-36.94049881897847,100 174.77144238564492,-36.94050228477702,100 174.77149050891472,-36.94050113414082,100 174.77150273031066,-36.94049885710103,100 174.77154456610253,-36.94050141819745,100 174.77155587052656,-36.94049911066875,100 174.77156446084373,-36.94049684633964,100 174.77158938298217,-36.9404940814446,100 174.77159978119576,-36.94049215968314,100 174.77162200687337,-36.94049015157373,100 174.77162975620288,-36.940491525844266,100 174.771642428833,-36.940489969431525,100 174.7717023349713,-36.94048763159787,100 174.77171457512938,-36.94048606811076,100 174.7717286508253,-36.94048594369819,100 174.77177890512715,-36.94047819224325,100 174.77185499546314,-36.94047702881286,100 174.7718793680175,-36.940473079597396,100 174.77188789627786,-36.94047041507868,100 174.77189601261458,-36.94046921235669,100 174.77192473562704,-36.940457526075875,100 174.77192831765535,-36.940454911034855,100 174.77195807224328,-36.94042604890529,100 174.77197081116103,-36.940406170107934,100 174.77198108507943,-36.94039873762631,100 174.77199092990855,-36.94039348015071,100 174.77199315600308,-36.94039054734502,100 174.7720001695293,-36.94037877043253,100 174.7720041368462,-36.94037359256228,100 174.7720201279135,-36.940358430561446,100 174.77202940541218,-36.94034588978003,100 174.7720346526272,-36.94033668098129,100 174.77205983462864,-36.9403042240609,100 174.7720731850316,-36.94029198572475,100 174.77208247219338,-36.94027981434083,100 174.7720878000477,-36.9402756215008,100 174.772221187,-36.94020901399995,100 174.77229410235438,-36.94018027659257,100 174.7723480433963,-36.94019098101414,100 174.77235711420332,-36.94019196236015,100 174.77235961988714,-36.94019188980482,100 174.77240757359465,-36.94019021495265,100 174.77243570698764,-36.94018652855409,100 174.77248495764135,-36.94016934673547,100 174.77249630577415,-36.940167378267304,100 174.772525699559,-36.94015891760818,100 174.77253291113993,-36.94015549935793,100 174.77255774668754,-36.94014599900423,100 174.77256717312997,-36.94013926143241,100 174.77259153872012,-36.94012828179263,100 174.77263697139253,-36.940124758900836,100 174.77264472070024,-36.940126133105686,100 174.7726831583661,-36.940138476208915,100 174.77269595826345,-36.94014052581309,100 174.77270547424,-36.94013930033656,100 174.7727323857854,-36.940142634552586,100 174.77273921056326,-36.9401443785808,100 174.77277252193224,-36.94014909541723,100 174.77277711609486,-36.94015086193239,100 174.77281732116575,-36.9401606359474,100 174.77283824183533,-36.94016036773817,100 174.77284779753361,-36.94016134090518,100 174.77286828868236,-36.940161822702244,100 174.7728952388422,-36.94016735555259,100 174.77291482198407,-36.94016819340575,100 174.77292570395448,-36.94016694481038,100 174.7729843683367,-36.94016544959271,100 174.77301199650742,-36.94015958757817,100 174.77301834911876,-36.94015912677444,100 174.7730288847506,-36.940161926713024,100 174.7730687169179,-36.94017537643137,100 174.7730847698024,-36.94018290167366,100 174.7731297144555,-36.940202167025134,100 174.77315362230433,-36.940215817571506,100 174.77316187718958,-36.94021938343992,100 174.77316741916172,-36.94022372170396,100 174.77317840865558,-36.9402279840207,100 174.7731862411359,-36.940231928445456,100 174.77319310226346,-36.94023441640399,100 174.77321376059143,-36.94024482290522,100 174.77323758041786,-36.94025370580598,100 174.77324448687776,-36.94025727738575,100 174.77327559620144,-36.94026716996245,100 174.7732861895684,-36.94027289563765,100 174.77329264069886,-36.940277605185535,100 174.77333026118816,-36.940295862197445,100 174.77333854113854,-36.94029905542921,100 174.77334634854378,-36.940303370664786,100 174.7733578751299,-36.94031239478676,100 174.77337102585597,-36.940333549099016,100 174.77338126956784,-36.940370159590344,100 174.77340732339437,-36.9404007185489,100 174.77340922382905,-36.94040471370526,100 174.7734328780899,-36.94042941108936,100 174.77345267563726,-36.94044128695572,100 174.77346093053947,-36.940444851901184,100 174.77348150128512,-36.94045045917345,100 174.77348792319725,-36.940453325924736,100 174.7735066684586,-36.94045860713802,100 174.77356018615475,-36.940465305005546,100 174.77366176118662,-36.940513526248836,100 174.77367674944378,-36.94052770067501,100 174.77370103459222,-36.94056081241867,100 174.77370618570905,-36.940568098439975,100 174.7737130506843,-36.94057816019459,100 174.77414424706737,-36.94075626802071,100 174.77415475927796,-36.94076018315391,100 174.77415567898043,-36.940761638580504,100 174.77416391560794,-36.940764461052474,100 174.77421183438045,-36.940778938740436,100 174.77421686265018,-36.940781457632546,100 174.77425788635597,-36.94078942076426,100 174.77426840757732,-36.94079367555436,100 174.77432767266296,-36.94080547343301,100 174.7743522396514,-36.9408077300727,100 174.77436274097565,-36.94081054572626,100 174.7744469810881,-36.94082093828131,100 174.77452068606954,-36.94082521767344,100 174.77453345015402,-36.940826539337145,100 174.7745425671164,-36.94082863477118,100 174.77456440951508,-36.94082985319525,100 174.7746187268383,-36.940826771798754,100 174.7746283865956,-36.94082777300957,100 174.77465362503239,-36.940827897817954,100 174.77469018367304,-36.94082922574885,100 174.7747641510001,-36.940839584999935,100 174.7750790030001,-36.94079897099993,100 174.77558362000005,-36.94062865599994,100 174.77607810788118,-36.94046456503609,100 174.77608535195168,-36.94046328156137,100 174.7761578120846,-36.94043862060898,100 174.77627869999782,-36.940407846062705,100 174.7763184652086,-36.94039439637064,100 174.77635388622068,-36.94038492073071,100 174.77647667445927,-36.94034126097292,100 174.77650098074326,-36.94033268166711,100 174.77651138095217,-36.94031068861603,100 174.7765323118752,-36.94028180055082,100 174.77653874488993,-36.94026831412775,100 174.77654290334758,-36.94025378014113,100 174.77656271104829,-36.94021622275354,100 174.77656881671408,-36.94020744977825,100 174.77659857672924,-36.94017082686814,100 174.77659978430458,-36.940164659019935,100 174.77661014385976,-36.94014642962402,100 174.7766310911838,-36.9401175259736,100 174.77663855580096,-36.940109829579605,100 174.7766596257074,-36.940093306918364,100 174.77682256900005,-36.94005066099994,100 174.77691600241153,-36.939988459687186,100 174.77694282339075,-36.93997297176472,100 174.77696065291892,-36.93996546003042,100 174.7769794107799,-36.93995904844441,100 174.77701923509755,-36.93994796543163,100 174.77713925948652,-36.93990244635826,100 174.77715534798648,-36.93989785933346,100 174.77717052719416,-36.939892218741264,100 174.7772283800854,-36.93986315285774,100 174.77725646328545,-36.93985152174309,100 174.77727078217805,-36.93984804819614,100 174.77727613780885,-36.939845806637955,100 174.7772877023522,-36.93983948284973,100 174.77730462602105,-36.93983237309758,100 174.77731129250262,-36.939828653562714,100 174.77732965496457,-36.939823688166996,100 174.7773465591325,-36.9398158360044,100 174.77737228208167,-36.93979918012418,100 174.77737987534178,-36.939795817158874,100 174.77740118827765,-36.93978319855157,100 174.77747597256314,-36.9397473642694,100 174.77748396114433,-36.93974255505305,100 174.77753426597994,-36.93971866209066,100 174.77754314386326,-36.939713466405806,100 174.777563987818,-36.939699416267175,100 174.77758535663662,-36.93968896358937,100 174.777593373857,-36.93968596741413,100 174.7776200802793,-36.93967254695502,100 174.7776352398892,-36.939666162999785,100 174.77764997089284,-36.939661242911235,100 174.7777224427755,-36.93962293559521,100 174.77774903603836,-36.93960445402792,100 174.7777711355646,-36.93958674367853,100 174.7777898939896,-36.93956224315407,100 174.77779292812517,-36.939557128640416,100 174.77780077423972,-36.939546142013796,100 174.77782284310157,-36.939507060664766,100 174.77783960214242,-36.93947204630494,100 174.77788412620708,-36.939411624101304,100 174.777916578241,-36.939373469756184,100 174.7779217110718,-36.939362512934814,100 174.7779312031182,-36.939305860976084,100 174.77793226337812,-36.93929461542162,100 174.77793636401356,-36.93927717185701,100 174.77793767512497,-36.93925686237094,100 174.7779408590214,-36.93923872138378,100 174.77793792856352,-36.939229694274225,100 174.77793766508788,-36.93921811522002,100 174.77792270380093,-36.93917702856814,100 174.77791515628564,-36.93916264278146,100 174.77791271348042,-36.93915507934051,100 174.77790649752245,-36.939140687134255,100 174.7778972090676,-36.939129226094394,100 174.7778920303536,-36.939119508880204,100 174.77788099101164,-36.93909107225698,100 174.7778706269438,-36.93907275287211,100 174.7778553359407,-36.93905521210079,100 174.77785010282875,-36.939044071596676,100 174.7778430434348,-36.93903184529473,100 174.77783657225964,-36.93902434757857,100 174.7778148884262,-36.93900364601644,100 174.7778061628339,-36.93899727086183,100 174.77776461765546,-36.93897505409973,100 174.7777587388623,-36.938972801683974,100 174.77772937800012,-36.938926907999985,100 174.77748812200002,-36.93885475999995,100 174.7773874400001,-36.93873971199997,100 174.7773923960001,-36.93864056699993,100 174.7773266736125,-36.93854330409919,100 174.77732549508684,-36.93853885125751,100 174.77731979241807,-36.93852624678479,100 174.77731072918453,-36.938505381444614,100 174.77730929742873,-36.93850213735498,100 174.77729405396443,-36.93848643901683,100 174.77728726082603,-36.93848096991855,100 174.7772917104324,-36.938342398954006,100 174.77730354042126,-36.938335953235494,100 174.77732361539927,-36.93832767595721,100 174.77736503690866,-36.93830606842373,100 174.77739273241107,-36.938295512062815,100 174.77739895094194,-36.93829180103205,100 174.77741010195984,-36.93828692375018,100 174.777430120136,-36.93827576755249,100 174.7774598755189,-36.93825648970832,100 174.77746835827304,-36.93825275559419,100 174.77749411678965,-36.9382375088389,100 174.77751449186866,-36.93822272213175,100 174.77753124297976,-36.93820689636038,100 174.77754044558773,-36.93819553161385,100 174.77754912406112,-36.93818055226489,100 174.7775686298171,-36.93812989658391,100 174.77757068860075,-36.938121176031494,100 174.77757622100506,-36.938106975661064,100 174.77757794884246,-36.93810041862198,100 174.77768896600003,-36.937968853999955,100 174.77764480066568,-36.93779260406505,100 174.77765173752206,-36.93777730097556,100 174.7776554749696,-36.93776457140669,100 174.77766669162963,-36.93774338624102,100 174.777683778796,-36.937722506161776,100 174.77769171829814,-36.93771511084785,100 174.77772094967852,-36.93769296103315,100 174.77775779378666,-36.93766960121131,100 174.77777264531616,-36.93766303295287,100 174.77781632300002,-36.93766973399993,100 174.77788009090776,-36.93763467287784,100 174.77789979154056,-36.93763129022956,100 174.77791008959554,-36.937628222927415,100 174.77792262947716,-36.9376255222463,100 174.77797257010315,-36.93762114837397,100 174.77799464727013,-36.93762081417516,100 174.77801850363159,-36.937619009397274,100 174.77808887669946,-36.93762160684861,100 174.7781092418728,-36.937625296569564,100 174.77812908175025,-36.937625370803865,100 174.77815291896505,-36.93762283891176,100 174.77816822728425,-36.93762224461626,100 174.7782166996389,-36.93761320210476,100 174.77825362712386,-36.937611940611625,100 174.77829779229748,-36.93761164238994,100 174.77834635866932,-36.93760693562129,100 174.77835494353596,-36.93760716486936,100 174.77847867476711,-36.937597743136074,100 174.77853502048396,-36.93759691806945,100 174.77854849474664,-36.93759562742886,100 174.77858364325724,-36.937595121657345,100 174.778599400076,-36.93759377608881,100 174.7786319278585,-36.93759693921938,100 174.77865578306978,-36.937595134330834,100 174.77867969697854,-36.937596240757756,100 174.7786986746334,-36.937597769041076,100 174.77871451766194,-36.93760114604008,100 174.77874166219885,-36.93760545065093,100 174.77876710816156,-36.93761305072977,100 174.77877574204675,-36.93761654743819,100 174.77878299814688,-36.937618254013444,100 174.7788371156405,-36.9376377376187,100 174.77884000600463,-36.93763918117237,100 174.7787853120001,-36.93766104899998,100 174.77874339400012,-36.93773160999996,100 174.77872575300012,-36.93790961999996,100 174.77872278900008,-36.938250584999935,100 174.77881248100005,-36.938517315999945,100 174.7788674736441,-36.93859484402836,100 174.778866690241,-36.93861177265315,100 174.77886981862108,-36.93862983982381,100 174.77887741350864,-36.938687788849265,100 174.77888074837335,-36.938695709351826,100 174.77888183538195,-36.93870368155871,100 174.778889678798,-36.93873296094258,100 174.77891927799064,-36.938805149394454,100 174.77893557164805,-36.93882741239784,100 174.7789822066608,-36.938874678876836,100 174.77899794876697,-36.938892970760776,100 174.77901735204674,-36.93891303027615,100 174.7790330247698,-36.938926599321626,100 174.77904916100283,-36.93894271759315,100 174.7790731139625,-36.93896417178749,100 174.77908096168662,-36.93897204809827,100 174.77909196299595,-36.93897951662303,100 174.77910114897816,-36.938986998827815,100 174.77911215997463,-36.93899411117995,100 174.77914805288157,-36.93902520193653,100 174.779163793864,-36.93904276644041,100 174.77920787934013,-36.93907700444224,100 174.77922071512134,-36.939085184556035,100 174.77922531339624,-36.939089104037585,100 174.7792330762102,-36.939093714287345,100 174.77924537923803,-36.93909863686161,100 174.77929286031423,-36.93912230271648,100 174.7793001431826,-36.93912438110625,100 174.77930375661234,-36.939124336870776,100 174.7793768423777,-36.93914222091399,100 174.77939417432268,-36.93914531388161,100 174.7794055950001,-36.939155359999965,100 174.7794359222527,-36.93915417449935,100 174.77943844411257,-36.939154766288674,100 174.77945415316594,-36.93915898162648,100 174.77947020119402,-36.939163577651314,100 174.77949475883247,-36.93917158025363,100 174.77954137224998,-36.93917565507536,100 174.77957132327552,-36.939182126585884,100 174.77961421172063,-36.93918260862355,100 174.77962236657075,-36.939183604044544,100 174.7796399765977,-36.939183715048834,100 174.77964769040744,-36.939185058682895,100 174.7796936025798,-36.9391793573102,100 174.77971064964564,-36.93917438242305,100 174.7797597860512,-36.939150121173014,100 174.77976552548412,-36.93914531757765,100 174.7797698584597,-36.93913691442039,100 174.77977639930856,-36.939126305961224,100 174.77978477678687,-36.93911461302819,100 174.77998668800012,-36.938991036999944,100 174.78027674800012,-36.938959858999965,100 174.7805614990001,-36.93898778399995,100 174.78076235532134,-36.93915077088701,100 174.78077610241832,-36.939188850642665,100 174.7807801144292,-36.939209644546814,100 174.78082095511493,-36.93929383365295,100 174.78083292831082,-36.93930879641827,100 174.780834787472,-36.93930912185467,100 174.7808395256127,-36.93931446327626,100 174.78084667956597,-36.939322288582545,100 174.78085855582916,-36.939328070047026,100 174.78089123224137,-36.93934505942731,100 174.78093784741503,-36.93935320588146,100 174.78096158538992,-36.939354206320644,100 174.78098488138158,-36.93935281314258,100 174.78100989156346,-36.93935280122312,100 174.78101099092098,-36.9393528612557,100 174.7810724300001,-36.939403133999974,100 174.7812561283769,-36.939511493288656,100 174.78125684223218,-36.939514705246324,100 174.78126541452016,-36.9395171337153,100 174.78126594442358,-36.939517283523344,100 174.7815706980001,-36.93969704899996,100 174.7816113432463,-36.939698395147325,100 174.78161452161473,-36.939699379619945,100 174.78162298918778,-36.939701794311326,100 174.78163155827616,-36.93970408399657,100 174.78164020868576,-36.93970620120822,100 174.7816489430078,-36.939708209000486,100 174.7816577773449,-36.939710075585126,100 174.78166666115462,-36.939711848589766,100 174.78167562887668,-36.93971351217492,100 174.7816846460503,-36.93971508127902,100 174.7816937134309,-36.939716588338584,100 174.78170281306927,-36.939717985852425,100 174.78171194529082,-36.93971933600748,100 174.7817211105255,-36.939720609053346,100 174.781730291863,-36.93972185031035,100 174.7817395069271,-36.939723045092656,100 174.78174868646053,-36.939724208860895,100 174.7817578828312,-36.93972537237575,100 174.78176704481461,-36.93972650576071,100 174.78177622399204,-36.939727654209534,100 174.78177667404924,-36.939727693423485,100 174.78178555173582,-36.939729203322656,100 174.78179441001535,-36.939730651320644,100 174.78180331848068,-36.939732036373044,100 174.78181220977356,-36.93973340726122,100 174.7818211332718,-36.9397347145723,100 174.78183007437303,-36.93973600629591,100 174.7818389964448,-36.93973725233663,100 174.78184793461938,-36.93973846658843,100 174.78185690687718,-36.939739649682835,100 174.78186584510445,-36.939740817964704,100 174.78187481664924,-36.93974197042321,100 174.78188380427576,-36.93974309019183,100 174.78189275789276,-36.9397441960489,100 174.781901728347,-36.93974530165262,100 174.7819107160474,-36.93974637635157,100 174.78191970294037,-36.93974746458193,100 174.78192868953974,-36.93974854019737,100 174.78193765926036,-36.93974961426281,100 174.78194664731845,-36.939750704276285,100 174.78195563389752,-36.93975177898866,100 174.7819646219351,-36.939752868099745,100 174.78196875158181,-36.93975338837977,100 174.78200076227512,-36.93974447870959,100 174.78202962464346,-36.93973895120457,100 174.78210967097442,-36.93971947260373,100 174.7821384099351,-36.939709130217395,100 174.78214934310415,-36.93970382312367,100 174.78220022965704,-36.93967435916364,100 174.7822423280461,-36.93964279540551,100 174.78225325142782,-36.9396371171013,100 174.78226467152416,-36.93963328807972,100 174.7822774375759,-36.93962794985592,100 174.78228522168757,-36.93962599339438,100 174.78229993587024,-36.939625811275974,100 174.78231047223355,-36.93962458323415,100 174.782328498926,-36.93962879043734,100 174.78235214034962,-36.939638077071194,100 174.78239921090494,-36.93964782678742,100 174.78240895552983,-36.93965141290826,100 174.78241448172724,-36.93965245120302,100 174.78244001287413,-36.93966395195925,100 174.78246220217315,-36.93966994888445,100 174.78248615458392,-36.93967185884512,100 174.78252880934542,-36.93966726343837,100 174.7825457649412,-36.93966410119141,100 174.78255487777582,-36.939660667313376,100 174.78255713251227,-36.93965955707782,100 174.78263429300011,-36.93967256799994,100 174.7831566970001,-36.939561991999945,100 174.78357144900008,-36.939504396999936,100 174.7838044990001,-36.93938545899993,100 174.78403513700005,-36.93951644499999,100 174.7840307751158,-36.9396229659532,100 174.7840271184129,-36.93964603605249,100 174.7840284819905,-36.939664737083184,100 174.7840165720926,-36.93967842336421,100 174.7840049137495,-36.93970121199836,100 174.78399284683297,-36.939726222238754,100 174.78398533318426,-36.939733997337996,100 174.7839510121993,-36.939758618179575,100 174.78391377977945,-36.93977563767642,100 174.78390120229056,-36.93978019809852,100 174.78388502598096,-36.93978740481413,100 174.78384593111176,-36.93980261175705,100 174.78393328740992,-36.9401069897359,100 174.78404473887167,-36.94008601225323,100 174.7840936335185,-36.94013625856392,100 174.78406811131504,-36.9402324840511,100 174.78453589944908,-36.940308137554204,100 174.7850024540743,-36.94015552171581,100 174.78527981371823,-36.939416917986364,100 174.7852867146972,-36.9394127858428,100 174.78530693489714,-36.93940928657434,100 174.78536806342032,-36.93939871506496,100 174.78536573894186,-36.93939240465789,100 174.78536959605157,-36.93939173555729,100 174.78536365752475,-36.93937543507776,100 174.78521372548337,-36.93897116115641,100 174.78528903012756,-36.93895615848897,100 174.78561023693754,-36.93890043441803,100 174.7856128184216,-36.93889456759812,100 174.78561800266746,-36.938890617874385,100 174.7857171354824,-36.938870867620444,100 174.7857198849367,-36.93887867942093,100 174.78572040331596,-36.93887933680583,100 174.7858704341715,-36.93885545466993,100 174.7858999132008,-36.93883495578494,100 174.78590163107646,-36.93883411027421,100 174.78600424100011,-36.93881366699998,100 174.78613213300002,-36.93864066799995,100 174.78613765700004,-36.937975015999925,100 174.7861495036968,-36.93654735161437,100 174.7863985205867,-36.93653520283621,100 174.78638685400006,-36.93741340499997,100 174.786789203,-36.93747272899997,100 174.78737141500005,-36.93745390899992,100 174.78763410300007,-36.93743486599993,100 174.78772534400002,-36.93731782199994,100 174.78767489484727,-36.93669446033437,100 174.78767495780534,-36.93616391662511,100 174.78772711982492,-36.936080195415826,100 174.78781310661378,-36.93604387236313,100 174.78797554252372,-36.936023729738785,100 174.78827984275952,-36.93602738341753,100 174.78836701502217,-36.93602210753912,100 174.78847255800008,-36.93604927399997,100 174.78851596992146,-36.936013092275005,100 174.78857815066266,-36.936009328826366,100 174.7887551983468,-36.935923527604224,100 174.7888975182507,-36.93575544960116,100 174.7889272461074,-36.935697682371696,100 174.78940966300004,-36.93553459699995,100 174.7897878540001,-36.93584664099996,100 174.7898836288548,-36.93593673248651,100 174.78994204665085,-36.93602585122884,100 174.79006469583547,-36.936352619702376,100 174.79007970712615,-36.93634856003638,100 174.79039496849524,-36.93762059717275,100 174.79073164585188,-36.93853662678771,100 174.79101820112032,-36.93920709797615,100 174.7914151803002,-36.93984284879691,100 174.79149362818544,-36.94015602784835,100 174.79160611654478,-36.94013573788637,100 174.791976733692,-36.94010281113948,100 174.79235444142444,-36.94012864466799,100 174.79270698754283,-36.940216069726496,100 174.79306021105447,-36.94036369403472,100 174.79335286367203,-36.94056735290791,100 174.79359343553142,-36.94081363205187,100 174.7936346795266,-36.940880093951215,100 174.79365230841609,-36.94082084201011,100 174.79366136625305,-36.94083600702241,100 174.79366915612698,-36.94085427463306,100 174.79367257530333,-36.94085805903197,100 174.79368552046606,-36.94087839301935,100 174.7936902870618,-36.94089079629277,100 174.79370234168633,-36.94091079041105,100 174.79371658387393,-36.94092973928773,100 174.7937252317128,-36.94095112244262,100 174.79374465846084,-36.94098660266507,100 174.79374724130824,-36.9409941789658,100 174.79375070686473,-36.941001090270355,100 174.79375415871849,-36.94101349898243,100 174.79376410907625,-36.941040387597404,100 174.79376629495016,-36.941047986118996,100 174.79376931855072,-36.941054533654075,100 174.7937818747318,-36.94109452696715,100 174.79380694144467,-36.9411527877626,100 174.7938099862527,-36.941164166094964,100 174.79381086875583,-36.94117417102425,100 174.79381477934334,-36.94119694799165,100 174.79381698957778,-36.94121281582975,100 174.79382438537323,-36.94124592704612,100 174.79383862436606,-36.94127211001399,100 174.7938451308945,-36.94129626825192,100 174.79384950249616,-36.94132213611703,100 174.79385085109797,-36.941342153167,100 174.7938504479621,-36.9413559432689,100 174.79385090604572,-36.941365613907934,100 174.7938544195981,-36.941389080078515,100 174.79386049416456,-36.94141459322827,100 174.79386267585508,-36.94142804593673,100 174.79387093983803,-36.941464611440516,100 174.79387311266987,-36.94147634544978,100 174.79387916024342,-36.94148945402727,100 174.79388871243864,-36.941527035691685,100 174.79389778566284,-36.9415501294335,100 174.79390191334207,-36.94156454059414,100 174.7939042883151,-36.94156674631312,100 174.7939176069672,-36.941579440378824,100 174.79393146005182,-36.94159141341747,100 174.79394685190707,-36.94160134513067,100 174.79395451677578,-36.94160479497131,100 174.79395669855452,-36.94160548531947,100 174.7939984300001,-36.94179891899994,100 174.79416377400003,-36.941763839999965,100 174.79493976000003,-36.94159920099997,100 174.7955458770001,-36.94157844299997,100 174.79598618400007,-36.94165581599998,100 174.79627920500002,-36.94174704499995,100 174.7965140740418,-36.94182005265217,100 174.79660726815484,-36.94186749503133,100 174.79675774793128,-36.94191345241785,100 174.79678074134094,-36.94191904600074,100 174.79685624979194,-36.941926415367284,100 174.7969193710001,-36.94194603599993,100 174.7972157142058,-36.942092689551906,100 174.79721759738104,-36.94210211841513,100 174.79722051836924,-36.94211202665833,100 174.79722702021067,-36.94212599525725,100 174.7972312958161,-36.94213321959894,100 174.79724038444007,-36.94219672639345,100 174.79723041088727,-36.942200630636094,100 174.79712943901717,-36.94224019956922,100 174.79684695106408,-36.94235089936791,100 174.79659344788675,-36.94231143497035,100 174.79647963259245,-36.942351991770934,100 174.79636154399824,-36.94255252125819,100 174.79614302674636,-36.94261225125239,100 174.79548161380947,-36.942452069429,100 174.7952457774277,-36.942504947308436,100 174.7952506296876,-36.94252265983989,100 174.79535711287116,-36.94290903883082,100 174.7954055745699,-36.94292422705158,100 174.79543147457667,-36.942929833722566,100 174.79552235448426,-36.9429385830871,100 174.7956428738682,-36.94293438540486,100 174.79566342008454,-36.942930959672054,100 174.7956723153614,-36.94292850421854,100 174.79576373562742,-36.94291607303888,100 174.79582896823612,-36.9429103219535,100 174.79585747546346,-36.94290439356258,100 174.79587806036656,-36.942899124893906,100 174.79592755127794,-36.942891282832754,100 174.79595091222,-36.942885689142955,100 174.79596446185028,-36.94288327863269,100 174.79602405933838,-36.942879665004575,100 174.79606562088478,-36.94287285317649,100 174.79609218085707,-36.94286988530424,100 174.7962638939727,-36.942844868807214,100 174.79627643837352,-36.9428450314376,100 174.79628390258225,-36.94284403881258,100 174.79630529653386,-36.942843960292585,100 174.7964147721831,-36.942854116712816,100 174.79642445093236,-36.942856478662,100 174.7964327467199,-36.94285957718969,100 174.79645585352878,-36.9428654935938,100 174.79647013288073,-36.94287053587813,100 174.79648720798141,-36.94287599643613,100 174.7965865698645,-36.94289902075737,100 174.79660735001272,-36.94290527067817,100 174.79661843107795,-36.94290767178014,100 174.79663094415656,-36.94290932113598,100 174.79665080478216,-36.94291481162462,100 174.7966771778215,-36.94291927969837,100 174.79669567032337,-36.942924034669154,100 174.79671832462392,-36.9429291854317,100 174.79675156170887,-36.942938231109075,100 174.79676035612658,-36.94293984929842,100 174.7967826369173,-36.94294128862647,100 174.79684228816936,-36.94293508786496,100 174.7968544450926,-36.942932282818795,100 174.7968795820205,-36.94293116600197,100 174.7968949372551,-36.94293100210799,100 174.79691356054707,-36.94292942143692,100 174.79693215946483,-36.94292895427127,100 174.79695129034496,-36.94292699276238,100 174.7969624497672,-36.94292641916676,100 174.79702794878355,-36.94291494807332,100 174.7970553247323,-36.94290809372982,100 174.79705715896506,-36.94290677796993,100 174.79706188642743,-36.94290501101801,100 174.7970984953212,-36.942898653251255,100 174.79714135697859,-36.942880699888775,100 174.79716715536105,-36.94287566754712,100 174.79719781586718,-36.942876751016755,100 174.79722949634373,-36.94288382458355,100 174.79725141414468,-36.94288592097813,100 174.79727112517568,-36.94289694327083,100 174.7972848997821,-36.9429032017772,100 174.79729087833445,-36.94290431003972,100 174.7973092310351,-36.94291166826175,100 174.79732851203048,-36.94291681318917,100 174.79735330389948,-36.94292968559071,100 174.79738405824702,-36.942940353208435,100 174.79745151347632,-36.942970894684116,100 174.79751348839602,-36.942992236321054,100 174.79752037204108,-36.94299554362765,100 174.79753046454653,-36.94299921606099,100 174.79754192804515,-36.94300436664396,100 174.79755297201393,-36.943008054413916,100 174.7975809541983,-36.9430205476777,100 174.79766174190576,-36.943046313836405,100 174.7976924974029,-36.94306433708811,100 174.79771450843063,-36.9430753668428,100 174.79777964915334,-36.94311472841114,100 174.7977892772406,-36.943119136126825,100 174.79780900873357,-36.94313164430711,100 174.79781449437695,-36.94313972906966,100 174.7978209153788,-36.94314451613281,100 174.79783559692228,-36.9431537171943,100 174.79784155757253,-36.94315812365645,100 174.79788146368304,-36.94318020577429,100 174.79789202706473,-36.94318532578809,100 174.79792458889895,-36.943210349273464,100 174.79796536546533,-36.943248585288416,100 174.79800205502858,-36.94327470174405,100 174.79801121059194,-36.94328021621645,100 174.79802775644097,-36.94328794599516,100 174.79804380444872,-36.943297139855915,100 174.798087818441,-36.94332949881606,100 174.79812268491384,-36.943352672068706,100 174.7981566407045,-36.943367389331144,100 174.79820667114595,-36.943385027682,100 174.79822409617816,-36.943394616173485,100 174.79825666596,-36.94341925277482,100 174.79830294109868,-36.94346410224796,100 174.79831572726246,-36.94348753597231,100 174.79833580793414,-36.943538770606054,100 174.79834170824145,-36.94356219686147,100 174.79835175243738,-36.94358195954689,100 174.79836041827807,-36.943607955957724,100 174.7983667996566,-36.943633216336124,100 174.79837135746888,-36.943644197569526,100 174.79837455699564,-36.94365481541157,100 174.79837682639058,-36.943667615034315,100 174.79837726208862,-36.94367640358535,100 174.79839049249998,-36.94371228240599,100 174.7983923100776,-36.94372033617395,100 174.79840142886317,-36.94374376955611,100 174.79840417081923,-36.943755462400844,100 174.79840919457075,-36.94376572362483,100 174.79841660243824,-36.94377646448469,100 174.79842445400004,-36.94380877799995,100 174.79842300557576,-36.94404797312218,100 174.79840559781925,-36.94406814542271,100 174.7984023773331,-36.94407402218632,100 174.7983877185542,-36.944096367303686,100 174.7983785391536,-36.94411319982695,100 174.79837302081341,-36.94412784976248,100 174.79837210240623,-36.944134446967134,100 174.7983601649154,-36.94416631664574,100 174.79835599167038,-36.94419743778827,100 174.79835645826688,-36.944204770227344,100 174.79835826536637,-36.94421170921217,100 174.7983618928443,-36.944235513296036,100 174.79836645146278,-36.944257846730885,100 174.79836504539009,-36.944274317248606,100 174.7983632106624,-36.94428091391155,100 174.7983599971524,-36.944286419221505,100 174.79835769126296,-36.944298862719414,100 174.79835631253658,-36.944301069321405,100 174.79835492687303,-36.944310957138015,100 174.79835034522057,-36.944323035819146,100 174.79834436799607,-36.94434133316402,100 174.79833525345012,-36.94435734359243,100 174.7983224591563,-36.94439083871891,100 174.79832059940645,-36.944402484994505,100 174.79831647756205,-36.94441630618551,100 174.79831539130709,-36.944443084842696,100 174.79831220982,-36.94445109896092,100 174.79830919627068,-36.944460285865816,100 174.7982960157603,-36.944506920076094,100 174.79829421176822,-36.944536700207394,100 174.7982993322773,-36.94456201303228,100 174.79831078668093,-36.94458481886871,100 174.79831246858336,-36.944594934224064,100 174.79832431263625,-36.94462208576406,100 174.7983260388358,-36.94462859243595,100 174.79832915219686,-36.94463258232187,100 174.79833355568212,-36.944641629841485,100 174.79833528923095,-36.944647780377686,100 174.79833972121426,-36.94465393240288,100 174.7983441764252,-36.94465830215248,100 174.79835787398017,-36.94469355287938,100 174.7983666922597,-36.94471270139596,100 174.79837377234466,-36.94472426002743,100 174.79837994636065,-36.94473620643371,100 174.7983821468249,-36.94474234719252,100 174.79838929415337,-36.944747786596466,100 174.79839953088592,-36.94475901439415,100 174.79840442775023,-36.944763732574174,100 174.79842659616412,-36.94479809876487,100 174.79842748263673,-36.94480026835077,100 174.79844663998554,-36.944821288231566,100 174.79846749649215,-36.94484842761748,100 174.7984712578286,-36.94485489256407,100 174.79849720700008,-36.944926084999956,100 174.79854179100005,-36.94504616299997,100 174.79869576747302,-36.945264642358,100 174.7987018088597,-36.94529272210335,100 174.79870620500543,-36.945302838692186,100 174.79871285414427,-36.94531440383004,100 174.79872307063,-36.9453281556195,100 174.79872923134482,-36.945342253674156,100 174.79873841261664,-36.94537076595288,100 174.79874195011732,-36.94537908478333,100 174.79874858132914,-36.94539065109187,100 174.798756126425,-36.94540077675353,100 174.79876810155787,-36.945419594390884,100 174.79877431007245,-36.945427559090476,100 174.79878802783242,-36.94545357896492,100 174.79879330565197,-36.94546694860041,100 174.79880703578587,-36.94549010386807,100 174.79886565064078,-36.94557044334862,100 174.79890234822867,-36.94563876040245,100 174.7989125423559,-36.945653611230185,100 174.79892358322428,-36.94567710556992,100 174.79894749629364,-36.945718690082316,100 174.79895278567653,-36.94572987561955,100 174.79896564130524,-36.94574869341312,100 174.79898066039888,-36.9457801438673,100 174.7989899760917,-36.94579316658762,100 174.7989970662299,-36.945805096371984,100 174.79900192244125,-36.94581557732362,100 174.79900811067213,-36.94582606693356,100 174.7990156787185,-36.94583439588506,100 174.79902321125925,-36.94584670563319,100 174.7990360978824,-36.945863354356426,100 174.79904232933305,-36.94586952234886,100 174.79905432459287,-36.94588579971041,100 174.7990544909981,-36.9458859754688,100 174.79910371800008,-36.94609577199997,100 174.79916271500008,-36.94620652899993,100 174.79923212800009,-36.946283785999974,100 174.79924944100003,-36.94630334999994,100 174.79948071600006,-36.94656171599996,100 174.79961750284852,-36.94678865405528,100 174.79961672754797,-36.94679071840741,100 174.7996129502405,-36.946802473080766,100 174.79960745858017,-36.94682345628469,100 174.79959703348533,-36.94685091909612,100 174.79958679748657,-36.94689038020363,100 174.79958559423025,-36.94690133333646,100 174.79957187427644,-36.94695781111933,100 174.79957124084905,-36.94697933268185,100 174.7995698720432,-36.94699522939599,100 174.79956790247087,-36.94700797696814,100 174.79955945324696,-36.94703961811979,100 174.79955639311228,-36.94705937626215,100 174.79954244600003,-36.94707983899997,100 174.79952187900005,-36.94711087999997,100 174.7994970860001,-36.947147300999966,100 174.79930590200001,-36.947353315999976,100 174.7988827695544,-36.94768542334194,100 174.79887974136622,-36.947685717542136,100 174.79886127398152,-36.94768528441068,100 174.79882142673154,-36.947679569867255,100 174.79880360941675,-36.94767488162905,100 174.79878696249202,-36.947667339180484,100 174.79874940642193,-36.94763795441124,100 174.79874855089037,-36.94763762757324,100 174.79871729625512,-36.94762439914023,100 174.79868789756136,-36.947617411306965,100 174.79868261940666,-36.94761463406797,100 174.79861313207604,-36.947603268331015,100 174.7985864269527,-36.94760270758503,100 174.79855341823648,-36.947591196570606,100 174.7984687581236,-36.94757375131839,100 174.79843976945182,-36.94756519160745,100 174.79840010911917,-36.947555339704465,100 174.79838564343274,-36.947550487065016,100 174.798366292575,-36.94754672241561,100 174.79835518928,-36.94754345474761,100 174.79834067029776,-36.94754053805824,100 174.79831495015043,-36.94753864459134,100 174.79830284658743,-36.94753615369077,100 174.79827905841157,-36.94753466178624,100 174.7982707800378,-36.94753495572651,100 174.79824940973973,-36.94753466291145,100 174.79823754091862,-36.947535899039714,100 174.79821174596333,-36.94753908656062,100 174.7982031113607,-36.94754166264296,100 174.7981853738665,-36.94754538157857,100 174.79817536021918,-36.94754943689276,100 174.79814809358194,-36.94756520938143,100 174.79813086588806,-36.94758058195217,100 174.7981218180987,-36.9475951978992,100 174.79811824219036,-36.947608699852765,100 174.7981191908785,-36.947619246328955,100 174.79812149719288,-36.947626160626946,100 174.79812476175994,-36.94764727613576,100 174.79812798833632,-36.947655646559355,100 174.79813900029666,-36.94767599757482,100 174.79815774197127,-36.94769631263457,100 174.7981925043995,-36.947726053568246,100 174.79820209055293,-36.94773146955858,100 174.79821806450533,-36.947743776780946,100 174.7982249303109,-36.947751033922444,100 174.79828022762217,-36.947798164047015,100 174.79831768230318,-36.947825676643,100 174.79832590929013,-36.947830741864216,100 174.79833869888566,-36.947841631747394,100 174.7983716491195,-36.94788083516351,100 174.79837580234897,-36.947889546665536,100 174.79838271518622,-36.94791064656025,100 174.79838738812717,-36.947935394704004,100 174.79838740503416,-36.9479427042066,100 174.79838880310962,-36.94794924558751,100 174.79838838015905,-36.947956904257154,100 174.79838206497118,-36.94797550054897,100 174.79836803718254,-36.947994861723544,100 174.79836259447222,-36.94800108580797,100 174.7983535108164,-36.94800768140979,100 174.79834809160806,-36.94801280371646,100 174.7983353445379,-36.94802086899038,100 174.79829175269705,-36.94804546311806,100 174.7982513414064,-36.94807732962933,100 174.79823817623378,-36.94809125534215,100 174.79823182935635,-36.94809599240707,100 174.79821372423848,-36.94811684572702,100 174.79821054602743,-36.94812304722251,100 174.7981942286986,-36.94814280268475,100 174.798164373594,-36.948188817838236,100 174.79813818047543,-36.94824395482757,100 174.79813412210865,-36.948250884403784,100 174.7981269048901,-36.94826803960313,100 174.79810247067192,-36.948305662406156,100 174.79805622424732,-36.94835396458912,100 174.79803078796917,-36.94837227721075,100 174.79800220048875,-36.94839717757707,100 174.79799084373315,-36.94840415098265,100 174.79798039877113,-36.948412936666074,100 174.79796996647008,-36.948419538242526,100 174.79793864529,-36.94844772116473,100 174.7978755299337,-36.948493905552,100 174.79786691033522,-36.94849903574323,100 174.79785692287484,-36.948503446659046,100 174.79784827618383,-36.94850823655776,100 174.79782056393995,-36.948526185214796,100 174.79780419441573,-36.94853465139786,100 174.79778651986524,-36.94854746010304,100 174.7977810588331,-36.94855295616687,100 174.79777743750924,-36.94855808096642,100 174.79776067228082,-36.94857527256916,100 174.79774253768906,-36.948599038451036,100 174.79773440783245,-36.94861836341996,100 174.7977303686763,-36.9486300300643,100 174.79772506619844,-36.948668308578014,100 174.79771603510622,-36.94868622309656,100 174.79770613804544,-36.94871612304826,100 174.79770296820053,-36.948721966577,100 174.79769306423353,-36.948748228878046,100 174.79767046915146,-36.948788050922914,100 174.79766731826734,-36.948798618917564,100 174.79765915854352,-36.94881213618499,100 174.79764968213567,-36.948828927177914,100 174.79763882135865,-36.94884501356402,100 174.7976347569401,-36.94885302660959,100 174.79761344545224,-36.94887899654888,100 174.79760029935414,-36.948890352221284,100 174.79758261369213,-36.94891009857565,100 174.79756899885155,-36.94892071864894,100 174.79756219898655,-36.948927305750374,100 174.79753587051715,-36.94894928755729,100 174.7974891623959,-36.94899646805283,100 174.79747373197486,-36.94900710208439,100 174.7974573601953,-36.94901480933777,100 174.79744143261496,-36.9490196283226,100 174.7973622680212,-36.94903600610179,100 174.797319958587,-36.94905074428688,100 174.7973036135783,-36.94905811041254,100 174.79729408066797,-36.949064712735954,100 174.79728637309276,-36.94907166958761,100 174.797275912855,-36.949077901081814,100 174.79726500079255,-36.949082682871335,100 174.79725546648348,-36.94908855694099,100 174.7972309465061,-36.94910688526642,100 174.7971937563229,-36.949140911812975,100 174.79718786994422,-36.949150054747015,100 174.7971810534137,-36.949157368548505,100 174.79717426862396,-36.94916321360809,100 174.7971679107278,-36.949170164442066,100 174.79716199809704,-36.949174940844884,100 174.79713572829382,-36.94920783854415,100 174.7971289353007,-36.94921806597528,100 174.79709814424194,-36.94925937298333,100 174.79708050466218,-36.949288210247985,100 174.79707509325144,-36.949300983740976,100 174.79706108553466,-36.94932581100573,100 174.79705701043193,-36.94933676612364,100 174.79704537591888,-36.94938636287234,100 174.79703954036952,-36.94940278414318,100 174.79703501060868,-36.94941154780683,100 174.79702869023984,-36.949419953707846,100 174.79701874769972,-36.94944076441295,100 174.79701332511866,-36.94944842755045,100 174.7970106154889,-36.94945536461471,100 174.79698485203016,-36.94950575567482,100 174.7969839618861,-36.949510121654384,100 174.79697582580735,-36.949526565125154,100 174.7969631720073,-36.9495455466114,100 174.7969550733913,-36.94956745605935,100 174.7969546084741,-36.949572187850265,100 174.79694426517784,-36.94959955455518,100 174.79693711089828,-36.949633838441954,100 174.79693323891237,-36.94963929238908,100 174.79692668562635,-36.94966402573552,100 174.79692073830475,-36.949680184603466,100 174.79691953094658,-36.949691649725175,100 174.7969078221517,-36.94972638110351,100 174.7969020587063,-36.94975227782342,100 174.79689290168372,-36.949779997013714,100 174.79684542960706,-36.94984780216149,100 174.79677722523803,-36.94988590869789,100 174.79675800029875,-36.9499010048498,100 174.7967500082826,-36.94990900520167,100 174.79673300359732,-36.949920997828976,100 174.79671999503756,-36.949931002939564,100 174.7967130074245,-36.949935006928754,100 174.79670699538505,-36.94994000113221,100 174.79669900360037,-36.94994600413755,100 174.79668200794956,-36.94995900340271,100 174.79661300500433,-36.95000299227158,100 174.79656399801857,-36.95004099474014,100 174.79655499424683,-36.950050003651775,100 174.7965440015595,-36.9500570020572,100 174.79649600577716,-36.950097992415955,100 174.79648700244087,-36.95010300483397,100 174.79647800767842,-36.950106995918574,100 174.796471995991,-36.95011200632887,100 174.79645699867726,-36.9501180026609,100 174.79643799562862,-36.950122996941346,100 174.79641499724184,-36.950125997551744,100 174.79640700591116,-36.95012800585152,100 174.7963829952098,-36.950133997954026,100 174.79638100640926,-36.950134000106225,100 174.79637600733224,-36.95014000016865,100 174.79637399230032,-36.950145005080145,100 174.79636400149752,-36.95015000358818,100 174.796361000591,-36.950150998092475,100 174.79635899359985,-36.950152998760565,100 174.79635599269312,-36.95015399326475,100 174.79634800037985,-36.95016399183552,100 174.79631500418583,-36.950213001397636,100 174.79630799744103,-36.950217005652824,100 174.79630099220898,-36.95022700280506,100 174.79629600114305,-36.950229997720186,100 174.79628000917148,-36.950247006165505,100 174.79625000421962,-36.95027400602348,100 174.7962480058867,-36.95027699711663,100 174.79623899412758,-36.950284999343786,100 174.7962269971904,-36.95029399673461,100 174.79622299244915,-36.95029700556595,100 174.79621300276028,-36.95030200494597,100 174.79620100579618,-36.950311001433285,100 174.7961679918055,-36.95032999795099,100 174.7961610027495,-36.9503359992697,100 174.79615699889263,-36.95034100632647,100 174.79615199953005,-36.95034900372365,100 174.79614100601862,-36.950361995025176,100 174.79613599847923,-36.95036500640681,100 174.79613099809873,-36.950368992013935,100 174.79612300600277,-36.95038899529151,100 174.79612200247146,-36.95041899400388,100 174.79611799788367,-36.95042999489208,100 174.79611799838634,-36.95043800136837,100 174.79611399378825,-36.95046100341982,100 174.79610799924404,-36.95047200557161,100 174.79610199705434,-36.950480004618704,100 174.79609699767744,-36.95048800201378,100 174.7960820083198,-36.950502996121955,100 174.79605299845005,-36.950517000872665,100 174.79603900409512,-36.95052099815955,100 174.79602399770448,-36.95052799955424,100 174.79600699265674,-36.950532001824726,100 174.79599900101368,-36.950536007441904,100 174.79596699835142,-36.95055599268293,100 174.79594300468526,-36.95057400272876,100 174.79593199476668,-36.9505829986788,100 174.7959059944285,-36.95059699932781,100 174.79588900751756,-36.950611004229586,100 174.79587100773935,-36.95063199531049,100 174.7958560009479,-36.95064500673587,100 174.79584099441044,-36.95066199841372,100 174.79582999264738,-36.95067000367319,100 174.79580900056885,-36.95068700206576,100 174.79579900223237,-36.95069900124452,100 174.795790992445,-36.95071299562348,100 174.7957870046136,-36.95072399534598,100 174.79578200592104,-36.95073800186197,100 174.79575800417518,-36.950767006374775,100 174.79575400809136,-36.95077100742018,100 174.79575300362154,-36.950775003773444,100 174.79574800445434,-36.95078100381125,100 174.79574299649113,-36.95078399895912,100 174.79571900283005,-36.9507979971558,100 174.79571400414764,-36.95080000070286,100 174.7956659917535,-36.95080899569224,100 174.79566000594608,-36.95081099974654,100 174.79564900454267,-36.95081299583976,100 174.7956290072161,-36.95082099563308,100 174.79562400742822,-36.95082300009441,100 174.7955879920382,-36.95083499978533,100 174.79556999255536,-36.950844004074696,100 174.7955370033376,-36.95085799768249,100 174.79553000629159,-36.95086299320504,100 174.79551800075328,-36.95086900095518,100 174.7954930036821,-36.95088699634345,100 174.7954760076165,-36.95089999544505,100 174.79547200366463,-36.95090500157926,100 174.7954480013141,-36.95092599955565,100 174.79543699894717,-36.95093800036917,100 174.7954300018661,-36.950942994985134,100 174.79542300463984,-36.95095200140752,100 174.7954110072284,-36.95096299606416,100 174.79540100053785,-36.950967994732714,100 174.7953990025349,-36.95097100203073,100 174.79539500667423,-36.95097300481981,100 174.7953750090038,-36.950983001915844,100 174.79536800300784,-36.95098900434617,100 174.79532399443315,-36.951014998057495,100 174.79527400099568,-36.951032992850884,100 174.79524899498196,-36.95103999213926,100 174.79514199409599,-36.95107499799849,100 174.7951239945025,-36.951084002222785,100 174.7950940074403,-36.951095002975535,100 174.79505999669527,-36.951112993959626,100 174.7950449994298,-36.951119005437604,100 174.7949789963195,-36.95113399920439,100 174.7949689965498,-36.951135993610656,100 174.79496100478764,-36.951139999160695,100 174.79494800555517,-36.9511430042366,100 174.79494500346766,-36.95114399872345,100 174.7949370029392,-36.95114499938146,100 174.79492900241056,-36.951146000038946,100 174.79489399771626,-36.95115499544143,100 174.79482200057143,-36.95116700622135,100 174.7946990056977,-36.95120299167369,100 174.79468899809675,-36.951205992956794,100 174.79467099945626,-36.95120499237283,100 174.79466700300492,-36.951202999565524,100 174.79466399338938,-36.95120300360114,100 174.7946359951763,-36.95119199532285,100 174.79461399222063,-36.95118000499773,100 174.7946049969478,-36.951178002127584,100 174.7945990026465,-36.95117500479558,100 174.79458599459116,-36.951165001117445,100 174.79456200131935,-36.95115299670385,100 174.79454699493542,-36.95114799765043,100 174.7945349984417,-36.95114099631745,100 174.79448900224233,-36.95112499270649,100 174.79448399393306,-36.95112199398457,100 174.7944770058403,-36.95112000492997,100 174.79446600402463,-36.9511139944354,100 174.794432998471,-36.951103998274604,100 174.79441900424808,-36.95109800686766,100 174.79438500314478,-36.951091001921874,100 174.79437599894692,-36.951090005950995,100 174.7943429936361,-36.951093994746635,100 174.79432799571563,-36.95109399790055,100 174.79430899259694,-36.95109699540597,100 174.79424099099026,-36.95109899660033,100 174.79422799173312,-36.95110200159794,100 174.79415000079607,-36.95110500726884,100 174.7941460036761,-36.95110499557002,100 174.79413800346668,-36.951103999730655,100 174.79412600731274,-36.95110500483612,100 174.79410899358183,-36.95110400370323,100 174.79409600213998,-36.951106001786364,100 174.7941150044015,-36.95111900287771,100 174.79409999775172,-36.95112600583832,100 174.79403199629505,-36.951141992798256,100 174.79402900321128,-36.95114399390798,100 174.7940269970169,-36.95115000542939,100 174.79402799924287,-36.95115399938545,100 174.7940289939554,-36.951157002896935,100 174.79403700289808,-36.951161003635036,100 174.7941049949467,-36.95117199532641,100 174.79411399920386,-36.95117500397947,100 174.7941179948033,-36.951174998577095,100 174.79414900335775,-36.95117799555849,100 174.7942019978541,-36.95117900181509,100 174.79420899466024,-36.951183994876196,100 174.7942170042471,-36.95119400563884,100 174.79422800510957,-36.95120399642975,100 174.79424699843264,-36.951235999404126,100 174.7942659914504,-36.95124999206943,100 174.79427299758999,-36.95125399442748,100 174.79429399748884,-36.95126999826155,100 174.79430100363172,-36.95127400061783,100 174.7943419921531,-36.95130100587094,100 174.7943440073081,-36.95130399215355,100 174.7943510039771,-36.95132300173935,100 174.79435199952667,-36.951328002575174,100 174.79435000001163,-36.951340998381156,100 174.79434499257724,-36.95135000260784,100 174.79431000450123,-36.95138699459798,100 174.7943039925125,-36.951389992242305,100 174.79425199128704,-36.951434005809176,100 174.79424599805256,-36.95143899960578,100 174.79423400069697,-36.951447996804625,100 174.79422699454642,-36.95145399826966,100 174.79420800845966,-36.95146500108606,100 174.79419499930358,-36.951475005933325,100 174.79414999558097,-36.95151399426056,100 174.79412900348396,-36.95152699677975,100 174.794109999721,-36.951546007234185,100 174.79406400066532,-36.951577996446986,100 174.7940300088784,-36.95159600127445,100 174.79401499258594,-36.951608006733885,100 174.79400600650825,-36.951613003383045,100 174.7939829976731,-36.95163099635372,100 174.79391300548872,-36.95167100484658,100 174.79380499706906,-36.95176600712943,100 174.7937830002146,-36.95178099326769,100 174.79374599768965,-36.951815000594465,100 174.79373600675135,-36.9518280053716,100 174.79372200295498,-36.951840999574344,100 174.7937149964537,-36.951849000157594,100 174.79367900569184,-36.9518719941885,100 174.79361100172775,-36.95190399392226,100 174.79354399315199,-36.951950999189194,100 174.79395099425156,-36.95190600063893,100 174.7940219975508,-36.95188299389038,100 174.79403800892607,-36.95187199459548,100 174.7940460005996,-36.951872000912886,100 174.79405699430748,-36.951868998300824,100 174.79410900324288,-36.95184999561434,100 174.7942159981731,-36.95181399930367,100 174.79428000498714,-36.95179999874316,100 174.79433899420778,-36.95178600458438,100 174.79437100534693,-36.95178500609257,100 174.7943780030982,-36.95178400620749,100 174.79438599468028,-36.95178199893979,100 174.79440699577066,-36.95177799328169,100 174.79443100745266,-36.95177000421827,100 174.7944549920616,-36.951758995213744,100 174.79447399531895,-36.95174599475853,100 174.79448499775995,-36.95173800583632,100 174.7945010078927,-36.95172700559725,100 174.79454599494312,-36.95168400738865,100 174.79457400185885,-36.9516680064007,100 174.7946789984353,-36.951631005161794,100 174.7947319935948,-36.95160800523523,100 174.7947629924072,-36.95159799425543,100 174.79478600114314,-36.951590005862286,100 174.7947920030201,-36.951586003367375,100 174.79482199925337,-36.95157399576857,100 174.79483699810754,-36.95156799961649,100 174.79484599398583,-36.95156600687837,100 174.7948539944662,-36.95156299266319,100 174.79487200180097,-36.95155699158197,100 174.7948879959723,-36.95155000423871,100 174.79490800109429,-36.951542995008154,100 174.7949609963665,-36.951540004428736,100 174.79497100369358,-36.951538999564974,100 174.7949859929735,-36.95153599323921,100 174.79498899507564,-36.951534998750994,100 174.79505200219643,-36.95170199205399,100 174.7952249991622,-36.952159999942005,100 174.79505599616715,-36.95220099795193,100 174.79511999975952,-36.952375005571426,100 174.79532600498015,-36.952324004697935,100 174.7953759966707,-36.95245599872808,100 174.7954249938641,-36.95258700279405,100 174.79547500385593,-36.95271899559504,100 174.795525004271,-36.95284999885884,100 174.79550799976306,-36.9528539992519,100 174.7955560024188,-36.95298399799068,100 174.7956249985604,-36.9531129950645,100 174.79569700600223,-36.953095994784164,100 174.79583699619616,-36.95346699290416,100 174.79586599776223,-36.95354200600227,100 174.79586600642372,-36.95354299642873,100 174.79600600774884,-36.953698992705206,100 174.7966559946628,-36.95533900660492,100 174.79686500249937,-36.9558700039876,100 174.797074998285,-36.95640099858785,100 174.79727800826922,-36.95691399177599,100 174.79743600495084,-36.95731699236686,100 174.7977739987632,-36.95800000004809,100 174.797875001074,-36.95820200676596,100 174.7980720026084,-36.95834399212395,100 174.79837099195834,-36.958944999352234,100 174.79843699304874,-36.95892899689502,100 174.79851899245287,-36.959060005096966,100 174.7985990019686,-36.95918700454859,100 174.79868600135958,-36.95932599741559,100 174.79878900475492,-36.95949100329907,100 174.79888799451444,-36.95964799223234,100 174.7989949958605,-36.95981900144751,100 174.79909099370911,-36.959971999402995,100 174.79913800231319,-36.960038005713116,100 174.79931399398035,-36.96028800390637,100 174.7994120087513,-36.96042800544847,100 174.79967200272637,-36.960797995716426,100 174.80146900706626,-36.962728993176334,100 174.8017030002968,-36.963133007052896,100 174.80205799165094,-36.96374599783174,100 174.80213300837195,-36.963334995415686,100 174.8042240011329,-36.961857996090686,100 174.80462600525306,-36.96162999192954,100 174.80535800362236,-36.961213998449054,100 174.80552499203188,-36.961273001938935,100 174.80572499096533,-36.96134399629221,100 174.80593100230203,-36.96125599456056,100 174.80612700065606,-36.96086900359076,100 174.80625599836594,-36.960813997897574,100 174.8063529997935,-36.96077199474051,100 174.8063970023645,-36.960752996724864,100 174.80661099465394,-36.96066199535692,100 174.8067190072609,-36.960615005845675,100 174.8068219932713,-36.96057099681201,100 174.8070340035314,-36.9604810036961,100 174.80707700279598,-36.96046200628315,100 174.80697300262088,-36.96030800474888,100 174.80695600112915,-36.96028300034549,100 174.80684900019327,-36.96012599699461,100 174.8069950013661,-36.96006099379738,100 174.80700799745657,-36.960081000939816,100 174.80725999478454,-36.95997199910127,100 174.80729600353604,-36.95995700626392,100 174.80754799090047,-36.95984899542878,100 174.8075519960804,-36.95984799886789,100 174.80779999584144,-36.95974099821831,100 174.80778500569926,-36.95974800265505,100 174.8080040014952,-36.95965400322654,100 174.8080090003818,-36.959651998256746,100 174.8082259974607,-36.95955899238049,100 174.80823800362373,-36.959552997759275,100 174.80841599920421,-36.95947700144117,100 174.80846899527205,-36.95945399357203,100 174.80855800187544,-36.959415996041805,100 174.80876600165763,-36.959326995649334,100 174.80880800499705,-36.95930900605183,100 174.80903899515758,-36.95921000169207,100 174.8092220058896,-36.95913199891839,100 174.80942100017185,-36.959045999049984,100 174.80958199651636,-36.958977007423755,100 174.80964299401543,-36.95895100093903,100 174.80983300038264,-36.95886999824167,100 174.80996899790475,-36.95881099713979,100 174.81000600038263,-36.95879499598092,100 174.8101520055663,-36.95873299299549,100 174.81031300056182,-36.95866400040972,100 174.810534992137,-36.958569000684285,100 174.8107149979504,-36.95849200588207,100 174.81091399767104,-36.958406994011035,100 174.8109419959468,-36.95839399342832,100 174.81095299783348,-36.958389998570624,100 174.81135599402378,-36.95820799639138,100 174.81208399679522,-36.95788000744456,100 174.81218199387425,-36.957835999670095,100 174.81226000283542,-36.95780100104322,100 174.81229199641555,-36.957785997701514,100 174.81251799506018,-36.95768499521809,100 174.81270199203468,-36.95760199858064,100 174.8128310049638,-36.95754399500593,100 174.81288600544204,-36.957519001410446,100 174.81302500867636,-36.95745599774218,100 174.81323600686488,-36.95736099057349,100 174.81327600110697,-36.95734300306163,100 174.81348100499602,-36.957250994693545,100 174.8144300023491,-36.956824004714946,100 174.8150659968915,-36.956536992783214,100 174.81534900280664,-36.956409996156545,100 174.81538799161996,-36.956391992671854,100 174.8155589926016,-36.9563150030326,100 174.81573500815884,-36.95623599229602,100 174.81576700073904,-36.95622100336686,100 174.8159630044806,-36.95613299870809,100 174.81598399483684,-36.95612400237506,100 174.81616900495592,-36.95604099754776,100 174.8162800062435,-36.95599099197042,100 174.8164150074728,-36.9559300023829,100 174.81660500724834,-36.955844002052785,100 174.81668899656344,-36.95580699642681,100 174.81673799202304,-36.95578400557253,100 174.8168749990576,-36.955722998291485,100 174.81704400654598,-36.95564599288411,100 174.81718799402267,-36.95558200137761,100 174.81729300726772,-36.95553400003536,100 174.81752300615273,-36.9554309989692,100 174.81751599192,-36.95543399870494,100 174.817701993683,-36.955349999300495,100 174.81775599702308,-36.95532599667906,100 174.81787300674648,-36.95527300618269,100 174.81803199640643,-36.95520199156109,100 174.818050003826,-36.95519400676779,100 174.81827200040743,-36.955094004745156,100 174.8182850075763,-36.95508799288694,100 174.818454998593,-36.95501100017401,100 174.81847199438286,-36.955006005179136,100 174.81851316638833,-36.95504751042642,100 174.81850941085276,-36.95504944811566,100 174.81844153047504,-36.95507068207063,100 174.81840610837392,-36.9550755852641,100 174.8183880226417,-36.95508121885783,100 174.8183831753145,-36.95508371676444,100 174.81837747384728,-36.955088645102066,100 174.81838024790952,-36.955096108826815,100 174.81839151707862,-36.95510494763567,100 174.8184015780608,-36.9551086493835,100 174.8184120827207,-36.955110748091535,100 174.8184486529914,-36.95510940195461,100 174.81847662150005,-36.95510389637392,100 174.81848492540723,-36.95510129323736,100 174.81851312501408,-36.95508944961126,100 174.81853886428195,-36.95507351200446,100 174.8185603646385,-36.95506020178926,100 174.8186114057633,-36.955013668728675,100 174.81866033953594,-36.95496263337589,100 174.81867608490245,-36.954943597773756,100 174.81873691712613,-36.954893770845686,100 174.8188146742871,-36.95484083910171,100 174.81882766377842,-36.9548347959093,100 174.8188482518305,-36.9548289346324,100 174.81886901901672,-36.95482725184383,100 174.81887621142653,-36.954829716723246,100 174.81889604955043,-36.95483944719426,100 174.81891525566292,-36.9548560346949,100 174.81896119950548,-36.954922454944096,100 174.81896952309623,-36.95493970581055,100 174.81897446885836,-36.95494488744468,100 174.81897855487077,-36.954951601882385,100 174.81898849078252,-36.954962367360764,100 174.81901987768939,-36.9550093969506,100 174.8190235173158,-36.95501689156149,100 174.81902649437583,-36.955020234016274,100 174.81903418251915,-36.95503371626961,100 174.8190456198097,-36.95504631456062,100 174.8190497062199,-36.955053045213354,100 174.81905774043886,-36.95506384343081,100 174.81906150759463,-36.95506961726374,100 174.81906365795567,-36.95507314363658,100 174.8190772882702,-36.95509412937829,100 174.81907918801843,-36.955099300899796,100 174.81908293934998,-36.95510445666705,100 174.8190995615445,-36.955143898912915,100 174.81909746808438,-36.95515508486117,100 174.8190979860889,-36.95516760530939,100 174.8190966742905,-36.95517496758587,100 174.81909077105846,-36.955191947931255,100 174.81908356156796,-36.955224406878855,100 174.81908130027722,-36.955229199612454,100 174.81906481643978,-36.9552517482217,100 174.81900298551844,-36.955322856427344,100 174.8189970550748,-36.955333548656384,100 174.81899617231116,-36.955339448721496,100 174.81899713003827,-36.95534496095734,100 174.8190073625678,-36.95536111089635,100 174.8190124470717,-36.95536367296113,100 174.8190175261985,-36.95536473440574,100 174.81903181287745,-36.955361332919765,100 174.81908654813589,-36.9553381837519,100 174.81911553332725,-36.95532400343382,100 174.8191288523244,-36.955314719410396,100 174.81919091263384,-36.955282664641985,100 174.81920932177223,-36.955274811420196,100 174.81925400590558,-36.955260937590694,100 174.81929653355448,-36.955257818928125,100 174.81931364554168,-36.95525921781783,100 174.8193331292244,-36.95526466515179,100 174.8193437909448,-36.955270153046904,100 174.8193596388848,-36.955283374122835,100 174.819367660608,-36.95530360304876,100 174.81936684169509,-36.95531983129557,100 174.81935822706697,-36.95534161219164,100 174.81934859773145,-36.955353080381805,100 174.81933341660783,-36.95536457957674,100 174.81932374966306,-36.95536866200203,100 174.8193089812122,-36.95537352744384,100 174.81921864046822,-36.9554162952513,100 174.81920897411365,-36.95542370714426,100 174.81917499927255,-36.95545739195871,100 174.81915612025085,-36.95546777788225,100 174.81913317322608,-36.95549184512658,100 174.819080998435,-36.95556838008174,100 174.8190787490565,-36.95557428756876,100 174.81906722904645,-36.955608631435496,100 174.8192016396876,-36.95579614781797,100 174.81932948754118,-36.95572369158264,100 174.819268516386,-36.95569707886737,100 174.81922949794904,-36.95561508592669,100 174.81950012428985,-36.955389900662595,100 174.8196629832005,-36.95515326601853,100 174.81966189890605,-36.95515281935917,100 174.81966005176835,-36.95515099275079,100 174.81964621021106,-36.9551390704116,100 174.8196402108261,-36.95513327042531,100 174.81963285334353,-36.9551278355611,100 174.81961127584518,-36.95511378209364,100 174.81960664751293,-36.95511014319232,100 174.8195724498214,-36.95507536526158,100 174.8195618672863,-36.95506631414579,100 174.81954991208792,-36.955058384583424,100 174.8195402750698,-36.95505371742796,100 174.8195237167837,-36.95504179345059,100 174.81950710380292,-36.95502511673326,100 174.81947393035557,-36.95499835836589,100 174.8194688190326,-36.95499145956687,100 174.81944120010047,-36.95496941019268,100 174.81943932330745,-36.9549657705739,100 174.8194208559783,-36.95494767023361,100 174.81941346360782,-36.95494152294367,100 174.81939509930382,-36.95492997003105,100 174.81936379116394,-36.95490575181341,100 174.81934861184186,-36.954894903586606,100 174.8193402975339,-36.954886589220244,100 174.81933108484796,-36.95487898624522,100 174.81932459540047,-36.954870996327884,100 174.81925815953863,-36.95481018823801,100 174.81925380816477,-36.95480454684542,100 174.8192504049516,-36.954800144662194,100 174.8192377515754,-36.954775471077795,100 174.8192198415329,-36.95471791577321,100 174.81921184731888,-36.954677644599414,100 174.8192081480559,-36.95466457532512,100 174.8192106747922,-36.95458356807411,100 174.819208033157,-36.95454749795931,100 174.81920435230265,-36.954535154868616,100 174.8192042161443,-36.954487751882276,100 174.81920669199096,-36.95447465467513,100 174.81921388673538,-36.95437837597907,100 174.81921997842542,-36.95434878683748,100 174.8192210269065,-36.95434390542936,100 174.8192214540977,-36.95433448276329,100 174.81922726737162,-36.95431669890763,100 174.81923264237795,-36.954304001623385,100 174.81923793701372,-36.954264466880616,100 174.81923123677512,-36.95416146994355,100 174.81923212812288,-36.95415456296684,100 174.81923122571075,-36.95415312206087,100 174.81923209383592,-36.95414731595525,100 174.81923021673794,-36.95412591396757,100 174.81922017776066,-36.954101986266295,100 174.81920248138516,-36.95408422739063,100 174.81919342486157,-36.95407662200957,100 174.81919114271886,-36.954073361745344,100 174.81913945368817,-36.95403059379667,100 174.8191054624806,-36.954013575824696,100 174.81908375060794,-36.95400561094657,100 174.8189972312581,-36.95396323063138,100 174.81898771806902,-36.95395998471972,100 174.81898272882194,-36.95395707959127,100 174.81897593208436,-36.95395056622114,100 174.81895915848014,-36.95393897173716,100 174.81894331801664,-36.95393062934729,100 174.81892926464917,-36.95392050559894,100 174.8189206447882,-36.95391506118739,100 174.81879047149988,-36.953800553323944,100 174.818775516648,-36.95378968625686,100 174.81876553323443,-36.95377842665802,100 174.8187550912037,-36.95376285314222,100 174.81874504587407,-36.95374327708172,100 174.81874000406847,-36.95371861390996,100 174.81873904752842,-36.953709183601035,100 174.81874038165324,-36.95369539365055,100 174.81874616303648,-36.953675085698876,100 174.81874976165133,-36.95366457071323,100 174.81876592646617,-36.95363518238616,100 174.81877268357823,-36.95362501739443,100 174.8188042089335,-36.95359163701342,100 174.8188276183742,-36.95356077758714,100 174.81885682691637,-36.953506344434565,100 174.81886310797066,-36.95348858407218,100 174.8188752384707,-36.95346499356119,100 174.8188801663662,-36.95345701165305,100 174.81888825417818,-36.95343886397912,100 174.8188945001672,-36.95341783595511,100 174.8189029213965,-36.953365596037095,100 174.81890419647868,-36.95334564284108,100 174.8189086543921,-36.95332498561663,100 174.8189202735814,-36.953283253894924,100 174.81892196742052,-36.953253522138276,100 174.81892100141917,-36.953236471289195,100 174.8189123723475,-36.95322015525841,100 174.8189045605389,-36.95319405275817,100 174.81890093080662,-36.95318824436418,100 174.81889004542813,-36.953175559180806,100 174.8188831929943,-36.953160327258,100 174.81887501629015,-36.953148014279336,100 174.8188704735333,-36.953136399129015,100 174.8188704493292,-36.95313023535158,100 174.81887402701315,-36.95312153324312,100 174.818878076472,-36.9531150069107,100 174.81888755621583,-36.953107739412026,100 174.81891778029654,-36.953090672155476,100 174.81896834932766,-36.95307104706616,100 174.81898460863687,-36.95306306007801,100 174.81901935307812,-36.953040899558665,100 174.81907622484388,-36.953012928940836,100 174.8191010219622,-36.952990797340334,100 174.8191100302094,-36.95298136756456,100 174.8191284908651,-36.95295776385107,100 174.81915499594797,-36.95291169216478,100 174.81916127878304,-36.952898637566676,100 174.81916984858753,-36.95288701798084,100 174.81919641859255,-36.95285798029587,100 174.81920811620134,-36.952841645725805,100 174.81925495878858,-36.95278940556257,100 174.81925901816967,-36.95278721623176,100 174.8192684825578,-36.95278067540488,100 174.81928382473163,-36.952765439570335,100 174.8192955385373,-36.95275564023688,100 174.819370434504,-36.95270915228407,100 174.8193839710217,-36.952698268657365,100 174.8194056225391,-36.95268483159457,100 174.81945121038746,-36.95266194594575,100 174.8194837162953,-36.95264813971385,100 174.8194981607162,-36.95264086457655,100 174.819524796075,-36.95263143139605,100 174.81956406638162,-36.952610371269806,100 174.81959387674328,-36.952598019597644,100 174.8196164581477,-36.95258637900209,100 174.81963540760788,-36.95257874907731,100 174.81964444012536,-36.952576195984285,100 174.81965889680396,-36.952574014917424,100 174.8196688276704,-36.95257075042867,100 174.81970183518084,-36.95256419840853,100 174.81971854840006,-36.95256165466385,100 174.81973164456295,-36.95255836688772,100 174.8197736741223,-36.95255217318116,100 174.81982883616095,-36.952550683147216,100 174.81984917358199,-36.952547768364255,100 174.81988850916582,-36.952547010332644,100 174.81989347556112,-36.95254773096771,100 174.81994818101967,-36.95254333660448,100 174.8200015079609,-36.95253387087518,100 174.820015046344,-36.952527694758814,100 174.82004031919354,-36.95251315923248,100 174.82004573260733,-36.952509163595394,100 174.82006016934957,-36.95250227697834,100 174.82007913227312,-36.95249644221227,100 174.82009315550525,-36.952493556594376,100 174.82013293406862,-36.952489895739795,100 174.820145594797,-36.95248916984491,100 174.82019036254786,-36.95249237716981,100 174.8203536808356,-36.9525172894307,100 174.8203726780668,-36.95252200137261,100 174.8203921475591,-36.95252560555445,100 174.82041884752852,-36.95253247881939,100 174.82042971193266,-36.95253644568695,100 174.82049987378863,-36.95255672301265,100 174.82051978304943,-36.952563231702406,100 174.82053019968475,-36.952564664598036,100 174.82053877961692,-36.95256466010833,100 174.82055054030906,-36.952563206183775,100 174.8205952636793,-36.95255483023407,100 174.82074848786232,-36.95253331277878,100 174.82076204816016,-36.952532587442406,100 174.8208262781623,-36.95254305361945,100 174.82084392497165,-36.952547742033154,100 174.82087518084052,-36.95256077976655,100 174.82087654374374,-36.95256259936328,100 174.82088560858688,-36.95256984756624,100 174.82091145745923,-36.95258578035116,100 174.8209350490713,-36.95260935491844,100 174.82094732129175,-36.95262674066986,100 174.8209550080229,-36.95263289777355,100 174.82096276312726,-36.95264885841752,100 174.82096463993113,-36.952666975961435,100 174.8209641961643,-36.95267314691506,100 174.82095165710228,-36.952702892724524,100 174.82092142949438,-36.95272832211902,100 174.82090385036503,-36.95274138062691,100 174.8208970783925,-36.952745011374695,100 174.82084972149738,-36.95277697218658,100 174.82082943071745,-36.95279476906817,100 174.82081818652847,-36.95280928427946,100 174.82080691072215,-36.9528212456258,100 174.82076734080377,-36.952878952231636,100 174.8207583642871,-36.952904703698934,100 174.82075525262476,-36.952919950429845,100 174.82075353706216,-36.95294025019571,100 174.82074547490373,-36.95296855730948,100 174.82074144278292,-36.952978351634414,100 174.82073518902874,-36.95299648391959,100 174.8207293417724,-36.953007020832,100 174.8207266590522,-36.95301353978394,100 174.8207203752051,-36.95302588062955,100 174.82071407783843,-36.953040389363515,100 174.82070554625676,-36.95305671788345,100 174.82070197471808,-36.95306760295431,100 174.8207011108207,-36.953082826025856,100 174.82069890221086,-36.95309553159604,100 174.82068676075673,-36.95311802284173,100 174.82067778460834,-36.95313327388654,100 174.82066664789824,-36.95318150231537,100 174.82066582231283,-36.9532014477303,100 174.8206717670307,-36.95322358588233,100 174.82067909362218,-36.95324895301052,100 174.8206809251531,-36.953258756549694,100 174.82068503606038,-36.95326708031029,100 174.82069048587852,-36.9532743289885,100 174.82069550430276,-36.95328558074782,100 174.82070417108704,-36.95330733194326,100 174.8207023986983,-36.95331821826278,100 174.82070165192093,-36.95336354642151,100 174.82069941936783,-36.95337406755211,100 174.82069225510776,-36.95339438328258,100 174.8206742791406,-36.953421960041226,100 174.82067158042221,-36.953429222828376,100 174.8206581255081,-36.95345570003486,100 174.82064284623866,-36.95348979706034,100 174.82063256144804,-36.9535217354315,100 174.82062135345606,-36.95354749316895,100 174.8206191577607,-36.953562723143975,100 174.82061961626488,-36.953569622047084,100 174.82062286717084,-36.95359064421459,100 174.82062290833665,-36.95360407058799,100 174.8206261308884,-36.953620741604034,100 174.82062706398372,-36.95363054540229,100 174.82062936411458,-36.9536410682212,100 174.82063437939172,-36.95365482841167,100 174.82064359595324,-36.953703441411264,100 174.82064500330128,-36.953716843226715,100 174.8206523370729,-36.95374114217668,100 174.8206610218693,-36.95377015685672,100 174.82066334002175,-36.953784643415496,100 174.82067472312812,-36.9538096788324,100 174.82069518047754,-36.953842303919686,100 174.82069974481718,-36.953852076360526,100 174.8207347550998,-36.95390791803962,100 174.82073974241567,-36.95391734239013,100 174.8207542801029,-36.95393402372723,100 174.82076200175715,-36.95394018030519,100 174.82078014544604,-36.95396048643235,100 174.82078649891832,-36.95396592310608,100 174.82079057588703,-36.95397098008745,100 174.82083999799184,-36.954005763910615,100 174.82085041566188,-36.95401119322417,100 174.82085586146619,-36.95401628959627,100 174.8208697625268,-36.95402392058803,100 174.82087049884586,-36.95402428063899,100 174.82088935243442,-36.9540320925414,100 174.82094345930548,-36.954050952901476,100 174.8209518149376,-36.95405491583732,100 174.82097175820905,-36.954062692985204,100 174.82101579872122,-36.95407635026021,100 174.82105600649552,-36.95408110626483,100 174.82107105674646,-36.95408044906781,100 174.82108758622672,-36.95407022597342,100 174.82110340789652,-36.954057444965464,100 174.82112054164378,-36.95404849788292,100 174.82114519783724,-36.954038803571294,100 174.82118689148004,-36.95401843039656,100 174.82119533622503,-36.95401590242542,100 174.82122556703794,-36.95400897976874,100 174.82126731368368,-36.953997245831246,100 174.82128670930976,-36.9539908003456,100 174.82130610384462,-36.95398426203732,100 174.82131656031302,-36.95398061619857,100 174.82133591782983,-36.95397398561715,100 174.82135505765956,-36.953967032995045,100 174.82137387326918,-36.95395952922821,100 174.82138121060112,-36.953956338637376,100 174.82139696739566,-36.953948993561376,100 174.82141551551132,-36.95394449890162,100 174.82146165703995,-36.95393080198432,100 174.82149771313593,-36.95391581858249,100 174.8215370743559,-36.95389296097619,100 174.82157308032762,-36.95388002342173,100 174.8216127656127,-36.95386553770998,100 174.82163110826482,-36.953863121014095,100 174.82166400810084,-36.9538938938635,100 174.8216844797534,-36.95393827270218,100 174.82170642740826,-36.953980164671066,100 174.82171616356672,-36.954016239417236,100 174.82173211950317,-36.954062553279726,100 174.82176170055857,-36.95409147704065,100 174.8218037040648,-36.954107305921816,100 174.82183096443444,-36.95411768541679,100 174.82187938007888,-36.9541135047516,100 174.8219298015324,-36.954108005293065,100 174.82198740700838,-36.95409674696628,100 174.82202233826507,-36.95408173740598,100 174.82206932177132,-36.95406783985502,100 174.82208718068827,-36.95405096609,100 174.8221112816869,-36.95406355177848,100 174.8221621033696,-36.95407588595395,100 174.82219950073554,-36.9540954627906,100 174.82223339471489,-36.95409894620041,100 174.8222828296142,-36.95409931762754,100 174.82232741327508,-36.9541020618762,100 174.82237146988498,-36.95409329439705,100 174.82240698788138,-36.95407694266141,100 174.82244140195937,-36.95404952069524,100 174.82245764471762,-36.954008004294195,100 174.8224698252052,-36.953971853635544,100 174.82248444124912,-36.95393823255123,100 174.8225079617389,-36.95390902824359,100 174.82255841289677,-36.9538802820572,100 174.82257255478413,-36.953876666955956,100 174.82261699900383,-36.95388200003341,100 174.82266400315112,-36.95388400756878,100 174.82271100441855,-36.95388000511197,100 174.82274899490636,-36.953883992409786,100 174.82277799280888,-36.95392099440742,100 174.82280599912428,-36.953940002300556,100 174.82283700107095,-36.95397099323741,100 174.82288000483268,-36.954012991594155,100 174.82291099894994,-36.954042992077596,100 174.8229459966053,-36.95407199460069,100 174.82299299142312,-36.9540980061638,100 174.82303499947832,-36.954137002124895,100 174.82307700796292,-36.95415100259345,100 174.82312699539006,-36.95417699518409,100 174.82315700488493,-36.95418599458988,100 174.82317699574813,-36.95419099996808,100 174.82322999150085,-36.95421099307922,100 174.82330900030593,-36.95421499736497,100 174.82337499370402,-36.954205005683754,100 174.8234019948765,-36.9541949927743,100 174.82342500283605,-36.95416799628914,100 174.82342999170646,-36.954138006576926,100 174.82341099941468,-36.954120999218624,100 174.82340500758386,-36.95410299720738,100 174.82340899501443,-36.95407900224958,100 174.82342200015754,-36.95406699607187,100 174.82348599371014,-36.954050007438084,100 174.82350000652892,-36.95405200043354,100 174.82353100709102,-36.954050002811144,100 174.82356299419178,-36.95405000358024,100 174.82361300700265,-36.95405200508102,100 174.82365900739381,-36.954055996127465,100 174.82368399695093,-36.95405699666838,100 174.82373800661756,-36.95405899259805,100 174.82377899843053,-36.95405800412472,100 174.82380199718946,-36.95405699643434,100 174.82385500349042,-36.95405699507301,100 174.82386000109986,-36.95405299213223,100 174.82389400578978,-36.954058007416315,100 174.82393700193956,-36.9540530033485,100 174.8239769997712,-36.95405700267315,100 174.82401300748688,-36.954053992419425,100 174.82409499499082,-36.95406799655269,100 174.8241340036747,-36.95408900094601,100 174.8241759954776,-36.954103001279655,100 174.82421199811932,-36.95410900426496,100 174.8242470003758,-36.95412499754433,100 174.82427000256934,-36.95413199435226,100 174.82429600594097,-36.954139994174675,100 174.82433400208944,-36.95415400087329,100 174.82438900279007,-36.95421800395495,100 174.82440500822324,-36.954249001410716,100 174.824414999521,-36.95427500422933,100 174.82442299259606,-36.95432499940451,100 174.82441299981713,-36.954366007203845,100 174.82442399613157,-36.95439600455761,100 174.82441799673006,-36.95442900042292,100 174.82442300827103,-36.95446300058895,100 174.82442299650444,-36.95450199737084,100 174.8244159960918,-36.954541003312706,100 174.82442400217064,-36.95457699804996,100 174.8244159987716,-36.95462000144666,100 174.82441399547614,-36.954653007101584,100 174.82440799815413,-36.95468999759278,100 174.82440499841871,-36.95471800270367,100 174.82439899193184,-36.9547579983427,100 174.8243929992867,-36.95478600708672,100 174.82439499337855,-36.95482100542078,100 174.8243900032015,-36.95484899605433,100 174.8243829998782,-36.954877997362956,100 174.82438099899846,-36.9548959959674,100 174.82439400811978,-36.95494200411699,100 174.82439599720522,-36.95496300139093,100 174.8244030007706,-36.95497999544197,100 174.8244180032511,-36.95501300743634,100 174.82444000391732,-36.95504899619994,100 174.82446500191224,-36.955095002153506,100 174.8244760057838,-36.95512399260485,100 174.82449899507066,-36.955163992367375,100 174.8245249999173,-36.95519500556504,100 174.82455400824114,-36.95523299839896,100 174.82458199572267,-36.95527099159299,100 174.8246059947948,-36.955306004120565,100 174.8246209980556,-36.95534299541017,100 174.82462772730298,-36.95535140857091,100 174.82464899404408,-36.95537800057395,100 174.82466199085084,-36.95539199842922,100 174.8246919956054,-36.95540999540668,100 174.8247329421124,-36.95539602014436,100 174.8247329668066,-36.955396066633526,100 174.8248084501941,-36.95553774963722,100 174.8248647499002,-36.95564336635957,100 174.82494975003814,-36.955680699347205,100 174.82516431750625,-36.95577486683442,100 174.82571996733148,-36.9560185330353,100 174.82603573375383,-36.95615698279251,100 174.82611483317763,-36.956191682802306,100 174.82607335004658,-36.95649354981468,100 174.82603271667665,-36.956789250409166,100 174.82600313370193,-36.957004415571156,100 174.82597583342312,-36.957202633212084,100 174.82594804991385,-36.95740469970745,100 174.82591860073182,-36.95761890016466,100 174.82589396721883,-36.95765195016226,100 174.8262821668067,-36.95776983268724,100 174.82651458351182,-36.957840298567696,100 174.82674693404695,-36.95791103269748,100 174.82697921728564,-36.957981799849485,100 174.82740291692858,-36.958109898571855,100 174.82746041644643,-36.95812785372108,100 174.82750726677884,-36.95814248287101,100 174.82801030013707,-36.95707463342488,100 174.8282312839253,-36.957049983433066,100 174.82977775050915,-36.957341816081055,100 174.8301059003018,-36.95740306680424,100 174.83027365297556,-36.957501129178056,100 174.83074960575533,-36.95777935444343,100 174.830821534044,-36.95782139855902,100 174.83111716748525,-36.9579942330046,100 174.8311928167094,-36.958038465582916,100 174.83133970037503,-36.95812434971765,100 174.83178941690096,-36.95832949979512,100 174.83201668397442,-36.958433149686044,100 174.83223785029327,-36.95850256740997,100 174.83226906681182,-36.95851275000496,100 174.83234850013596,-36.9585387167479,100 174.83279376747558,-36.958750332796455,100 174.8328174668362,-36.95882449976519,100 174.83292195735882,-36.958682746416855,100 174.8329762066473,-36.95860915057645,100 174.833008100493,-36.95856588323499,100 174.8329158840179,-36.95858481620069,100 174.83292026715853,-36.95857636624308,100 174.83321341740069,-36.95819966625992,100 174.83323956664753,-36.958166066803926,100 174.83326525007504,-36.958178332813524,100 174.83349115111685,-36.95784605215092,100 174.83350935054014,-36.95781928305027,100 174.83347663406028,-36.95772388337622,100 174.83353568052573,-36.95764000213165,100 174.83354652427997,-36.95762459872206,100 174.83356171894454,-36.95760301264901,100 174.8335723943318,-36.95758784798362,100 174.83360621683963,-36.957539799833896,100 174.83372771713016,-36.957514783444346,100 174.83383988331624,-36.95736265010106,100 174.83389544989964,-36.95712890041255,100 174.83394238358107,-36.957009749952874,100 174.83406323385813,-36.956786933187445,100 174.83409876699918,-36.95671958283162,100 174.8341962672205,-36.95653473338814,100 174.83426915436343,-36.956439296614114,100 174.8343484012657,-36.95645559105181,100 174.83446773499256,-36.956480127747376,100 174.83451134114483,-36.95641781437702,100 174.83460562437838,-36.956283083569396,100 174.8346260309161,-36.9562539214347,100 174.83470234609527,-36.95614486654859,100 174.83472771750158,-36.95623339959442,100 174.83493476754109,-36.955985050112076,100 174.8349887914653,-36.956060013378384,100 174.83506063375384,-36.95615970019834,100 174.83518481542527,-36.956097620962375,100 174.83521425106824,-36.95608290521133,100 174.83533257732464,-36.95602375280034,100 174.83533277891436,-36.95602386955923,100 174.83533299643776,-36.956023995085,100 174.83534117774684,-36.95608344316652,100 174.8353440060764,-36.95610399821323,100 174.83536799378007,-36.95622599689823,100 174.83539155277845,-36.9563327067983,100 174.8354869918931,-36.95676500144155,100 174.83551399668391,-36.95691600207765,100 174.835614994391,-36.95726699265756,100 174.83578400503586,-36.95757699204925,100 174.8359809964982,-36.95789500107504,100 174.83737300607086,-36.959984995034525,100 174.83744199690398,-36.960087997999814,100 174.8375490029445,-36.960247994148354,100 174.83734899818398,-36.960333997915484,100 174.83875499744153,-36.962464996309976,100 174.83879600160137,-36.96244800399286,100 174.84075999635448,-36.96540499754876,100 174.84089199446203,-36.965449992977206,100 174.84139100057712,-36.96565899285644,100 174.84145900497342,-36.965668996145205,100 174.8414550081843,-36.96568399389348,100 174.84145499231002,-36.965685992362104,100 174.84146699464122,-36.96569100586511,100 174.84148300355713,-36.965890001990324,100 174.84129900653315,-36.96601499760155,100 174.84127700612427,-36.96602900196145,100 174.8412150019319,-36.96607099357546,100 174.84143100600895,-36.96639500330662,100 174.84127700544897,-36.96662999997387,100 174.8412582959104,-36.96663761431206,100 174.8409480055716,-36.966570299213814,100 174.84051200534216,-36.96669630138105,100 174.84073130389626,-36.966875221180416,100 174.84075500187507,-36.96689456189582,100 174.84053620238518,-36.96706701417359,100 174.8405261017821,-36.96707502307826,100 174.84038319117082,-36.96718751434802,100 174.8403755994163,-36.96719354470404,100 174.8402042024877,-36.96732800271362,100 174.8401301047998,-36.967386414902336,100 174.8400385937468,-36.967458241813084,100 174.84002890213418,-36.96746598024974,100 174.83989359574431,-36.96757236289929,100 174.8398871077086,-36.96757758475871,100 174.8397492044406,-36.96768585430093,100 174.83978230351653,-36.96778953094185,100 174.83979460062042,-36.96778736915413,100 174.8399605027584,-36.96775362365897,100 174.84031510593283,-36.96777711536133,100 174.84030500508925,-36.96787575358134,100 174.84029100402654,-36.96801263300132,100 174.84027340595424,-36.968183460446056,100 174.84041770665607,-36.9681539384022,100 174.84081550355063,-36.96818022170427,100 174.84079720468267,-36.96836112599544,100 174.84043679604792,-36.96833736255684,100 174.84031870447026,-36.968361481362585,100 174.8403018026332,-36.96852726234465,100 174.8402841978841,-36.96869655493795,100 174.84026690636114,-36.968865936405955,100 174.8402020947321,-36.9688791540978,100 174.8402005983452,-36.96887951979804,100 174.8400346950371,-36.968913359406514,100 174.83986870842625,-36.968947291108826,100 174.83984499406196,-36.96895215627575,100 174.83980390843718,-36.968984467237526,100 174.83966960597309,-36.9690903059094,100 174.8395354075413,-36.969196141918296,100 174.83947519992523,-36.969243382919004,100 174.83940110433267,-36.96930198030309,100 174.8392668018962,-36.96940781942787,100 174.83915880387534,-36.969492966659956,100 174.8391325001545,-36.96951374942566,100 174.8389981969515,-36.96961958736226,100 174.83886399668037,-36.96972542355484,100 174.83877900925899,-36.96979221283093,100 174.83872969200013,-36.96983127743943,100 174.83861269280442,-36.969923514587634,100 174.8385954045016,-36.96993711378348,100 174.8384873922369,-36.970022430984834,100 174.83820189469762,-36.97024724760325,100 174.83809569289318,-36.97033104743832,100 174.8379524061809,-36.970444083355,100 174.8379355050492,-36.970457303315406,100 174.83756359712663,-36.97075026303122,100 174.83749779313698,-36.97080255414681,100 174.83733650095712,-36.97092963390661,100 174.83721439529336,-36.97102584514481,100 174.8371802050758,-36.97105266310595,100 174.8370923937943,-36.971122056449936,100 174.8369704087662,-36.97121826467292,100 174.836848304042,-36.97131455303973,100 174.8367263015769,-36.97141076218731,100 174.8366041943963,-36.97150697373324,100 174.83648220815957,-36.971603182383085,100 174.8363208949993,-36.97173027643331,100 174.8362806074,-36.97176212228944,100 174.83624599613327,-36.97178939625784,100 174.83611929469117,-36.97188921606335,100 174.8360621077602,-36.97193439058205,100 174.83599729112785,-36.971985502004706,100 174.83587520230537,-36.972081805365235,100 174.8357927992065,-36.97214706178606,100 174.83575320791095,-36.9721777502199,100 174.83563120491567,-36.97227405110496,100 174.83550909495247,-36.97237026068521,100 174.83538710818533,-36.972466561072686,100 174.83537050482335,-36.972479961740994,100 174.83526499762823,-36.972562771316575,100 174.83530610018622,-36.97259634258113,100 174.83531830121544,-36.972606231554046,100 174.83544579849524,-36.972710283833685,100 174.8355731946537,-36.97281441414637,100 174.83531470670684,-36.973243266614496,100 174.835427806087,-36.97328708742699,100 174.83573299195703,-36.973405254202866,100 174.83570680176373,-36.973344775249885,100 174.83594179785348,-36.97295417313934,100 174.8359598004376,-36.97294005222668,100 174.83610170216255,-36.97300448976461,100 174.836251099227,-36.9730722533022,100 174.83640049579634,-36.973140031977756,100 174.8365002032031,-36.973185210849955,100 174.83656279904267,-36.97323642678059,100 174.83675110435178,-36.97339014386616,100 174.8365510046966,-36.973722232091205,100 174.8367852989498,-36.97381295461654,100 174.83709059782416,-36.973931302662656,100 174.8372431951932,-36.973990445645796,100 174.8374887941835,-36.97358228282247,100 174.83761800564307,-36.97363200627912,100 174.83752599493477,-36.974074005662985,100 174.83707499362467,-36.97419800432186,100 174.8369409958366,-36.97442100744833,100 174.83694300320641,-36.97442100432109,100 174.8368620048376,-36.9745569967764,100 174.8365009995189,-36.974417003350915,100 174.83640299576274,-36.974579999824115,100 174.83634700465956,-36.97467299341559,100 174.83625599417064,-36.974824998157814,100 174.83645400382247,-36.97490199856986,100 174.8362809960531,-36.97503599826658,100 174.835804996774,-36.974851997586825,100 174.83572700233805,-36.974928995745536,100 174.8356150046454,-36.975039993788506,100 174.83550399439895,-36.975151005299,100 174.835493002418,-36.97516200281905,100 174.8354579960346,-36.97519600380163,100 174.8353749946166,-36.97527999407358,100 174.83534300550642,-36.975311001956335,100 174.83526699148672,-36.97538700568508,100 174.8352000048819,-36.975453005759135,100 174.83515999191724,-36.97549399897888,100 174.83503699239094,-36.975615002677905,100 174.83503099976716,-36.97562199672018,100 174.83492599695774,-36.9757259981061,100 174.83491500481207,-36.975736995576135,100 174.83480700037933,-36.975844005895404,100 174.83479700400773,-36.975853994708714,100 174.83469999955642,-36.975950999702704,100 174.8345820065415,-36.97606900527685,100 174.8344700055377,-36.97618000231,100 174.83437400372955,-36.97627500684346,100 174.834358005312,-36.976290998326014,100 174.83424000170965,-36.97640799785934,100 174.83413299970354,-36.97651500740668,100 174.83404700243352,-36.976600998021596,100 174.83380399962374,-36.976951993643134,100 174.83369400324935,-36.97706100402572,100 174.8336549986994,-36.977099005917516,100 174.83356699472094,-36.97718699837578,100 174.83355300188444,-36.97720100471079,100 174.83343799706708,-36.97731499360068,100 174.83341700232882,-36.97750399526124,100 174.83326700640154,-36.97765399857895,100 174.833141000875,-36.977780006732026,100 174.83306499909577,-36.97773099882847,100 174.83293000707678,-36.97786600280498,100 174.8327949964592,-36.97789100379684,100 174.83274499172796,-36.9779409942447,100 174.83273299689318,-36.97795400612266,100 174.8326859928021,-36.97800100290109,100 174.8326320001308,-36.978054003994174,100 174.83251799622303,-36.97816800629677,100 174.8324050035702,-36.978280999626605,100 174.83232999533263,-36.97835599362874,100 174.83228300908524,-36.97840300529736,100 174.83226600622135,-36.97842099581022,100 174.83214300585794,-36.97854300244751,100 174.8320790069186,-36.97860699881116,100 174.8320209921852,-36.97866499192625,100 174.83193800048969,-36.97874899501019,100 174.8319079984617,-36.978778001031664,100 174.8318190053113,-36.97886800660784,100 174.83179399240873,-36.97889200268442,100 174.83167600839832,-36.979010005282454,100 174.83162300065337,-36.979063004243876,100 174.83138299292375,-36.97890899633275,100 174.83117899237848,-36.979179998573535,100 174.8311210022919,-36.97925800103172,100 174.8309399932849,-36.97943900667885,100 174.83076500123497,-36.97961399307482,100 174.83084300259048,-36.97966400630047,100 174.83095200556366,-36.97973399570947,100 174.83098999402287,-36.97977999605115,100 174.8308619924343,-36.97990800290302,100 174.83072699158498,-36.98004300365368,100 174.8307199950165,-36.980049998547436,100 174.83062900090385,-36.98020199970472,100 174.83062300754642,-36.98020899444106,100 174.8304789942549,-36.9803519988261,100 174.83040199360306,-36.980429007063044,100 174.83033800737388,-36.980493002308705,100 174.8302010051664,-36.98050699177758,100 174.83013400242538,-36.98057399606445,100 174.83007200624363,-36.98063600642479,100 174.83001199956092,-36.98069599867059,100 174.82994399170818,-36.980765002150754,100 174.82992000761902,-36.980788004947776,100 174.8298899951865,-36.98081800117683,100 174.8298149999941,-36.980892993416845,100 174.8296729991893,-36.98103500320559,100 174.82991099307276,-36.98118799640741,100 174.82977000357155,-36.98132899656392,100 174.83022199433478,-36.981188006567756,100 174.8298439944295,-36.981566004628036,100 174.8295849943457,-36.98182499215335,100 174.82973399236968,-36.98197099427879,100 174.82994499800424,-36.981759003897466,100 174.83016200656073,-36.98190099957172,100 174.83059000272615,-36.98218300412394,100 174.830745995397,-36.982678996652716,100 174.83138499426335,-36.98307100621682,100 174.83184200567916,-36.98335099543096,100 174.8318949930096,-36.983304996316264,100 174.83195400089846,-36.98325299430704,100 174.83352799166866,-36.98464599706454,100 174.83394500826986,-36.98501299691556,100 174.83407400319064,-36.98532999918843,100 174.83581199789526,-36.9867179974093,100 174.83614000776478,-36.986980994960184,100 174.836158006053,-36.98699600460785,100 174.8361760051032,-36.98701099891853,100 174.83619200493186,-36.987027002988725,100 174.83620799712696,-36.98704399772101,100 174.8362230017741,-36.9870609942115,100 174.83623700314888,-36.98707799270388,100 174.8362509972585,-36.98709599717551,100 174.83626300053936,-36.987114005410476,100 174.83627499506352,-36.987133004325855,100 174.83628600428375,-36.98715200496619,100 174.83629500431277,-36.9871709934315,100 174.83630399746562,-36.98719100409468,100 174.83631200379952,-36.98721100028336,100 174.83631900683505,-36.987230997575104,100 174.83632599194766,-36.987250996946294,100 174.836330995758,-36.98727200400181,100 174.83633500468287,-36.98729200706343,100 174.83633800044308,-36.9873130028289,100 174.83633999290103,-36.9873339996982,100 174.8365660009189,-36.98732200104078,100 174.83658799305093,-36.9875910036167,100 174.83644099722932,-36.98771500385174,100 174.83637599404813,-36.98777000577771,100 174.83636700562107,-36.987775006564625,100 174.83635900240628,-36.98777799208569,100 174.83634999514769,-36.98778099494551,100 174.8363420010613,-36.98778300510043,100 174.83633300219464,-36.98778500196061,100 174.8363250085759,-36.987788994100725,100 174.83631599380112,-36.98779500206138,100 174.83630700818475,-36.98780399833355,100 174.83629699262664,-36.98781600020667,100 174.83628699787403,-36.98783199819157,100 174.83627599398451,-36.98785499788966,100 174.83626399696618,-36.98788300173706,100 174.8362520035896,-36.987916998375965,100 174.83623900662403,-36.987952994338514,100 174.83622599400258,-36.98799100318008,100 174.83621299899252,-36.98802899732661,100 174.8362010064285,-36.988064992164794,100 174.8361899978553,-36.98809700508565,100 174.8361830001338,-36.98811900722254,100 174.83617347466958,-36.98815994635889,100 174.83616587506907,-36.9881729446491,100 174.83607102919646,-36.98831471725341,100 174.8360221348926,-36.98842906836205,100 174.8359522134672,-36.98846834157979,100 174.83584772332853,-36.98838904876252,100 174.83573814814696,-36.98844062896135,100 174.8355730481167,-36.98853459694104,100 174.83543631137024,-36.98861861983845,100 174.8353629064432,-36.98873227360389,100 174.83507911844217,-36.98871601405468,100 174.83487475767822,-36.98867243086604,100 174.83469365616423,-36.988655551545435,100 174.8345388037837,-36.9887686568459,100 174.83434078336956,-36.98882666569774,100 174.8341521085036,-36.988852628601144,100 174.83394334878426,-36.988854695853995,100 174.8337206876519,-36.98877289016315,100 174.83351047732123,-36.98873451357772,100 174.83325842362632,-36.988731727054244,100 174.83316180367183,-36.98876933174835,100 174.83299932602628,-36.9888310696756,100 174.83282883222523,-36.98887369439728,100 174.83266129385666,-36.988995421416554,100 174.8325138580273,-36.989116821559065,100 174.83238123188912,-36.98916078339732,100 174.8323743392465,-36.98916323955657,100 174.83222201213943,-36.98925346983894,100 174.83207972493832,-36.98935756039739,100 174.83205978876154,-36.98951157504139,100 174.83212550934465,-36.98959947526172,100 174.83228312362718,-36.98965618615968,100 174.8323828636786,-36.98970804104388,100 174.83251251300013,-36.99001448599994,100</coordinates></LinearRing></outerBoundaryIs>
    </Polygon>
  </Placemark>

  <Placemark>
    <name>Māngere</name>
    <Point>
      <altitudeMode>relativeToGround</altitudeMode>
      <coordinates>174.787634668692,-36.97294623429102,100</coordinates>
    </Point>
  </Placemark>

</Document>
</kml>