<?xml version="1.0" encoding="utf-8"?>
<kml xmlns="http://www.opengis.net/kml/2.2">
<Document>
  <name>Mount Wellington (polygon: official_shp)</name>
  <open>1</open>

  <Placemark>
    <name>Mount Wellington (polygon: official_shp)</name>
    <Style>
      <LineStyle><color>ffff0000</color><width>2</width></LineStyle>
      <PolyStyle><color>66ff0000</color><fill>1</fill><outline>1</outline></PolyStyle>
    </Style>
    <Polygon>
      <tessellate>1</tessellate>
      <altitudeMode>relativeToGround</altitudeMode>
      <outerBoundaryIs><LinearRing><coordinates>174.85505589376072,-36.90577475686828,100 174.8551280232863,-36.90578646240749,100 174.8551566662095,-36.90579533740955,100 174.85519856969628,-36.90580815136411,100 174.8552407655732,-36.90582020091995,100 174.85527122192104,-36.905823873064094,100 174.85531050551128,-36.905837598582984,100 174.855326357382,-36.9058666430964,100 174.85535759816244,-36.905890605294715,100 174.85537927076095,-36.90590844464101,100 174.85540967963985,-36.90593489756138,100 174.85543109570995,-36.9059522001107,100 174.85546216954336,-36.905978348797206,100 174.85548983823625,-36.906006399289,100 174.85549391325097,-36.90601139295667,100 174.85551567098378,-36.906042797680044,100 174.85553422063364,-36.906075760434874,100 174.8555364463082,-36.90607946886261,100 174.85555492640378,-36.906112385831584,100 174.85556998816682,-36.90614619713901,100 174.85557665036683,-36.90616903355749,100 174.85558377270954,-36.90620460931399,100 174.85559082733332,-36.90624026183905,100 174.85559764380858,-36.90625982944645,100 174.85561053107003,-36.90629440569505,100 174.85562117760546,-36.90632923867658,100 174.85562240262118,-36.906338850186465,100 174.85562468107543,-36.90637494236706,100 174.85562935097448,-36.906410605107524,100 174.85562987693908,-36.90641281144346,100 174.85564209673686,-36.90644763155876,100 174.85566105414395,-36.90648032383107,100 174.85568628283474,-36.90650637179703,100 174.85571221593034,-36.90653550479982,100 174.85571784386755,-36.906548122831985,100 174.85572942726012,-36.906583078164566,100 174.85573863205272,-36.90660986680852,100 174.85576068801703,-36.906640088790304,100 174.8557614759839,-36.90664046224496,100 174.8558018813802,-36.90665604301655,100 174.85581366910927,-36.9066818268775,100 174.85583089033344,-36.906714888751935,100 174.85584227479356,-36.9067332925596,100 174.85586169159052,-36.90676571443154,100 174.8558698712745,-36.9067858600994,100 174.85588207105613,-36.90682054169483,100 174.85588474282966,-36.90682737344301,100 174.85589962240851,-36.906861435412424,100 174.8559178582515,-36.90689426239586,100 174.85592678330403,-36.90690931654889,100 174.8559513562281,-36.90693927923736,100 174.85596518206074,-36.90694879658239,100 174.85600025655253,-36.906971237644385,100 174.85601510412084,-36.90699119167198,100 174.85603241458023,-36.90702496506655,100 174.8560349841011,-36.907029892108405,100 174.85605506704118,-36.90706200699957,100 174.8560625726685,-36.90706855229144,100 174.8560958111903,-36.907092851703624,100 174.8561081083708,-36.90711306640047,100 174.8561266196221,-36.90714585839962,100 174.85614272736672,-36.90715862088011,100 174.8561791485965,-36.90718035673436,100 174.8561823188744,-36.90718251633213,100 174.85621577547496,-36.90720654821296,100 174.85624708083205,-36.90723226042548,100 174.8562731961259,-36.90725652690487,100 174.856299613993,-36.907285635969565,100 174.85631659522232,-36.90730581709079,100 174.8563376532405,-36.907337542640626,100 174.85634623957333,-36.907356676038106,100 174.85635893780164,-36.90739130291812,100 174.8563611483523,-36.90739637526827,100 174.8563766082929,-36.90743014959067,100 174.85638253782912,-36.90744307112616,100 174.85639744919743,-36.907476994626364,100 174.85640966964849,-36.907508577986164,100 174.85641690948125,-36.90753365141873,100 174.85641835107972,-36.907537792100754,100 174.85643549239327,-36.90757105702326,100 174.85643992028193,-36.90757694285839,100 174.85646899188598,-36.90760444209763,100 174.85648908267132,-36.907618715078684,100 174.8565246987191,-36.90764074371935,100 174.8565577546633,-36.90766397687905,100 174.85656295389182,-36.90767672595054,100 174.85656274194727,-36.907714099955626,100 174.85656456505302,-36.90774606394875,100 174.85657588115515,-36.907761309607466,100 174.85657712926087,-36.90776334781934,100 174.8565921955905,-36.907797267967915,100 174.85659384026616,-36.90780121980017,100 174.8566102936232,-36.90783466670035,100 174.8566109436677,-36.90783569306102,100 174.85663794000226,-36.90786443607671,100 174.85667370693423,-36.90787786638546,100 174.85667569688965,-36.907878559940855,100 174.85671628370437,-36.90789381127256,100 174.85674253539344,-36.907907622856605,100 174.85674299419054,-36.90793775234831,100 174.85674225687245,-36.90793988559159,100 174.85671899889059,-36.90797081218554,100 174.85668403309077,-36.90802098931122,100 174.85668306765803,-36.90802301886272,100 174.85666946247522,-36.90805734035155,100 174.85666873805522,-36.9080613021788,100 174.85667122199928,-36.90809732801821,100 174.85668037924512,-36.90811713296164,100 174.85670061427118,-36.90814971043703,100 174.85670503058694,-36.9081597001694,100 174.85671145768933,-36.90818216884089,100 174.85671499054234,-36.908194698794965,100 174.8567151176884,-36.90820332337751,100 174.85671429086784,-36.90823903503594,100 174.85671439190884,-36.90823954540825,100 174.85672756197337,-36.90827366733323,100 174.85672969981692,-36.90828055337407,100 174.85673633184444,-36.908315872618616,100 174.85673619869888,-36.90832450127025,100 174.8567342825168,-36.90836018579383,100 174.85673835187586,-36.908379798974806,100 174.8567524045824,-36.90841393774199,100 174.85676633000733,-36.90844203872646,100 174.8567866828763,-36.908473869848294,100 174.85680762853582,-36.90850135542983,100 174.85683262447478,-36.9085309525778,100 174.85684751320207,-36.9085491563773,100 174.8568719112353,-36.90857899720857,100 174.85688780117343,-36.90859780365704,100 174.85690644590787,-36.908621998408606,100 174.85691131595277,-36.908628247754926,100 174.8569193391643,-36.908640576802085,100 174.8569380550041,-36.90867386028629,100 174.8569456702916,-36.90868709432926,100 174.85696248080916,-36.90872095290046,100 174.85697276306828,-36.908748543888095,100 174.85697960552932,-36.9087846196403,100 174.85698145108915,-36.908797410310626,100 174.85697742247206,-36.9088335956508,100 174.85695822620897,-36.90886188099591,100 174.8569546829247,-36.90886771838857,100 174.8569320309556,-36.908898649066856,100 174.85691822907438,-36.90890819356338,100 174.85687889929451,-36.908926434772994,100 174.85686083889968,-36.90893509404645,100 174.8568239666425,-36.90895535183339,100 174.85680014162347,-36.90897540021818,100 174.8567727282865,-36.909004151997735,100 174.8567694659979,-36.909007599188065,100 174.856741868248,-36.90903592120836,100 174.8567350571345,-36.90904173757712,100 174.85670238080795,-36.90906636784688,100 174.85669505804648,-36.90907182086682,100 174.85666289370775,-36.909096829789675,100 174.85665937258747,-36.90909964739282,100 174.85663110603983,-36.90912751566152,100 174.85662366506287,-36.909141519580515,100 174.85661293937707,-36.90917684428468,100 174.8566056943079,-36.90919429991372,100 174.8565930092701,-36.90922876023139,100 174.85658801246626,-36.909250109583226,100 174.8565831960209,-36.909285936781785,100 174.8565822053879,-36.90929544681156,100 174.85657984634537,-36.90933138611559,100 174.85657849262674,-36.909349948407,100 174.85657722222638,-36.90938588421244,100 174.85657891337138,-36.909417448269224,100 174.85658260380018,-36.90945332995877,100 174.8565838347437,-36.90946896580683,100 174.85658754087223,-36.909504800381626,100 174.85659033037143,-36.9095224542647,100 174.85659710759907,-36.90955801910403,100 174.85660159936862,-36.90957926699278,100 174.8566081006225,-36.9096148370466,100 174.85660812608776,-36.90961514670383,100 174.85661126455142,-36.90965103792117,100 174.85661134462282,-36.9096870283248,100 174.85661142184188,-36.90968928763733,100 174.85660918324027,-36.90972519441195,100 174.8566058807442,-36.909735549970684,100 174.85659041466698,-36.90976946970384,100 174.85658768940732,-36.90977747730356,100 174.85657750924403,-36.90981252938665,100 174.85657065558954,-36.90983817012296,100 174.85656007523718,-36.90987310497903,100 174.856558967392,-36.90987629856167,100 174.8565447672047,-36.90991039769243,100 174.85653818609072,-36.90992612231057,100 174.8565188722992,-36.90995842031251,100 174.85651243227966,-36.909966538256384,100 174.85647941513616,-36.90999069429045,100 174.85647660806117,-36.9099911140217,100 174.8564303078876,-36.90999312034529,100 174.85642628685687,-36.90999337518102,100 174.85636900225396,-36.90999711968102,100 174.85635699710218,-36.909997542575596,100 174.85629953671156,-36.909996628143986,100 174.85629830707583,-36.90999655723104,100 174.8562633039749,-36.90999231289384,100 174.85625135854073,-36.90999561637604,100 174.85624523730678,-36.90999688286878,100 174.85621331816242,-36.91000327190192,100 174.8561845871004,-36.91001315239996,100 174.8561831234335,-36.91001917088082,100 174.85618170025066,-36.91003125914369,100 174.85618468570422,-36.91004009773193,100 174.85618448649612,-36.910055959634896,100 174.85618495364585,-36.9100611556751,100 174.85619389979962,-36.910096372976994,100 174.85621076409868,-36.910128977066044,100 174.85622086226473,-36.91014193619953,100 174.85624734808982,-36.91017098199782,100 174.85624892947007,-36.910173200675686,100 174.85627147369644,-36.91020420355803,100 174.85627578797437,-36.910209100616335,100 174.8563076674891,-36.910234228767465,100 174.85634149590126,-36.91024622120226,100 174.85637107392463,-36.91026160144184,100 174.85640596831408,-36.91028436874305,100 174.8564379979053,-36.910300867944194,100 174.85646962722913,-36.91032507069658,100 174.8564789091132,-36.91034306203764,100 174.85648806606162,-36.910379050255656,100 174.85648959837613,-36.91038461541012,100 174.85650065956503,-36.91041937870499,100 174.85650206518866,-36.91042217156579,100 174.85652166986574,-36.910454465977296,100 174.85652935016876,-36.91047009925039,100 174.85654268105648,-36.9105044052407,100 174.85655088663935,-36.91052679743787,100 174.8565590042858,-36.91056204478373,100 174.8565595137873,-36.91056815320038,100 174.85655898651376,-36.910604092704965,100 174.85655939377736,-36.910621910912226,100 174.8565579835107,-36.91065777228488,100 174.85655795773584,-36.910658098065596,100 174.85655008569654,-36.910693450255245,100 174.8565499765422,-36.910693901722006,100 174.8565353734288,-36.91072782237671,100 174.85653264537106,-36.910729882184434,100 174.85652936394337,-36.91073323773248,100 174.85652597329096,-36.91073643996021,100 174.856522478287,-36.91073955098277,100 174.85651898178938,-36.910742646706076,100 174.85651552120916,-36.910745788736634,100 174.85651213279155,-36.91074903689655,100 174.85650892091783,-36.91075243732426,100 174.8565059065403,-36.91075606720609,100 174.8565031404901,-36.910759986136114,100 174.8565006961259,-36.910764256961585,100 174.8564986926712,-36.91076884356854,100 174.85649716313085,-36.91077371840135,100 174.8564959843635,-36.910778802265874,100 174.85649500272123,-36.91078410026789,100 174.85649414602494,-36.91078959821321,100 174.85649326089683,-36.910795266051785,100 174.85649227515776,-36.91080108958942,100 174.85649106768378,-36.910807026554636,100 174.85648946568736,-36.910813079648456,100 174.85648740028964,-36.91081923192108,100 174.85648487156985,-36.91082553294405,100 174.85648198645086,-36.910832087402106,100 174.85647884627798,-36.910838816197185,100 174.85647546863174,-36.91084570373196,100 174.8564719208401,-36.91085270298647,100 174.85646828928301,-36.91085976574157,100 174.85646458853273,-36.91086684490068,100 174.856460939765,-36.9108739385696,100 174.856457340752,-36.91088095484817,100 174.856453894674,-36.91088789032085,100 174.85645412742994,-36.91089401928753,100 174.85645441215541,-36.9109001158955,100 174.85645471184637,-36.910906181624554,100 174.8564550470482,-36.91091223057466,100 174.85645534676112,-36.910918297204674,100 174.85645563188004,-36.91092441003028,100 174.85645581413831,-36.91093058575379,100 174.85645591150973,-36.91093682499552,100 174.8564559090645,-36.91094320640399,100 174.85645577121247,-36.9109496971866,100 174.85645548230306,-36.91095634625944,100 174.85645512833705,-36.910963136054356,100 174.85645468908282,-36.91097001911745,100 174.85645416682806,-36.91097699721562,100 174.85645355968626,-36.910984038832005,100 174.85645286654358,-36.910991098016545,100 174.8564520881425,-36.91099820540263,100 174.85645124011995,-36.911005265205524,100 174.8564502877949,-36.91101232844149,100 174.8564492475687,-36.911019330860135,100 174.8564480854237,-36.91102630453957,100 174.85644678377915,-36.91103326507707,100 174.85644536170906,-36.911040212174505,100 174.85644385363784,-36.91104717684007,100 174.8564422591505,-36.91105414195511,100 174.856440647104,-36.91106112356843,100 174.8564390013972,-36.91106810570786,100 174.85643737175573,-36.911075056049846,100 174.8564357593371,-36.91108202234639,100 174.8564342347838,-36.911089001690634,100 174.85648659393956,-36.91110604926122,100 174.8564874626702,-36.91111007631433,100 174.8564931539204,-36.911131536190055,100 174.85649692311748,-36.91114251307427,100 174.85650960867042,-36.911177279813174,100 174.85651166886828,-36.9111851269774,100 174.85651826376386,-36.91122098939396,100 174.85652171368116,-36.911237500887474,100 174.85652447485862,-36.91127352237847,100 174.8565209589017,-36.91128558567285,100 174.8565094987528,-36.911320628911646,100 174.85650941557245,-36.91132789307608,100 174.85651813399534,-36.91136361143363,100 174.8565206686131,-36.91136917443821,100 174.8565389481712,-36.911402310659426,100 174.8565406303732,-36.91140701991572,100 174.85654753083756,-36.91144266033333,100 174.8565490796208,-36.911479275819474,100 174.85654944690683,-36.91148396236746,100 174.85655117517695,-36.91152015683345,100 174.8565519355498,-36.91155638265373,100 174.85655244488214,-36.91157799383425,100 174.85654271279577,-36.91158070122306,100 174.85655258600553,-36.91158395388229,100 174.85655276952212,-36.911591431096205,100 174.85655370268725,-36.911627654214875,100 174.856554208691,-36.911640747941306,100 174.8565558673837,-36.91167694259264,100 174.85655771719175,-36.91171314957859,100 174.85655774154387,-36.91171341328566,100 174.85655860025767,-36.911740361147416,100 174.8565585894563,-36.91174968460509,100 174.85655849155626,-36.911786111316324,100 174.8565588772221,-36.91182252956661,100 174.8565602809118,-36.91185890035595,100 174.85656468459086,-36.911884564296,100 174.85657017076556,-36.911920988436464,100 174.85656944003526,-36.91195705369437,100 174.8565619608243,-36.91198643658331,100 174.85654444416886,-36.91200769322175,100 174.85654093138524,-36.91201340664334,100 174.85652547386135,-36.91204769757379,100 174.85652100955343,-36.9120566183566,100 174.85650373771657,-36.91209028959476,100 174.85649539536539,-36.91210680335801,100 174.85649074442543,-36.91211131327686,100 174.85644993817294,-36.912128726587895,100 174.8564413980618,-36.91213263843212,100 174.8564017216165,-36.91215026390341,100 174.85637074843973,-36.9121642724094,100 174.85633144974287,-36.9121824336482,100 174.85632061708756,-36.9121872970626,100 174.85628185662938,-36.912206178141396,100 174.85628154998014,-36.91220635418587,100 174.8562455557864,-36.91222850077319,100 174.85624335944823,-36.91222976270447,100 174.8562060284726,-36.912250430371905,100 174.85617802252744,-36.91226543978891,100 174.85615232271587,-36.91227232558178,100 174.8561252738328,-36.91227852130977,100 174.85611326872862,-36.912293177881494,100 174.85608430737904,-36.91231517304345,100 174.8560503197693,-36.912330872592484,100 174.85600675383972,-36.91233627097873,100 174.85596320883727,-36.912337253438835,100 174.85596179253426,-36.91233730892138,100 174.85591649240038,-36.9123385846834,100 174.85590347668185,-36.91233808144596,100 174.8558587863464,-36.912331820704985,100 174.85585678769027,-36.912331421105065,100 174.85581439203966,-36.91231846100484,100 174.85581393726255,-36.91231826801759,100 174.8557755368794,-36.912298889338786,100 174.8557380338222,-36.912285922160336,100 174.85571373202987,-36.91228880396676,100 174.8556734912589,-36.9122743509016,100 174.85565871839023,-36.91226697005438,100 174.85562000359266,-36.91224809286625,100 174.85558291974718,-36.91223917594472,100 174.85557182235078,-36.9122347372634,100 174.85553261580645,-36.91221627062102,100 174.85550059654722,-36.91220661657777,100 174.8554570712871,-36.9122057706589,100 174.85542093263362,-36.912192084437805,100 174.8554161450208,-36.91219021508046,100 174.85537473708902,-36.91217539438064,100 174.8553349126869,-36.912166122712,100 174.85532915311774,-36.91216476606593,100 174.8552854758102,-36.91215495609311,100 174.8552797749802,-36.91215384639094,100 174.85523558618172,-36.91214562531146,100 174.8552318196325,-36.912144435817716,100 174.85518843927738,-36.912134094797075,100 174.85517101967326,-36.91213699607075,100 174.8551463408463,-36.912127741921374,100 174.8551198338755,-36.91211150402651,100 174.8551171776696,-36.91210981497679,100 174.85508245663243,-36.91208639294355,100 174.85506505865146,-36.912076517602856,100 174.85502800106286,-36.9120608014123,100 174.85499461335905,-36.912054980302756,100 174.85495894127456,-36.91204257013592,100 174.85493833754123,-36.912027918259895,100 174.8549049884291,-36.91202869421053,100 174.85488625652687,-36.912031680834026,100 174.85487612653765,-36.912012960827745,100 174.85487470539346,-36.91199534592436,100 174.85485413641456,-36.91199172028301,100 174.85482627156472,-36.911993237971316,100 174.85482258529908,-36.911984055174365,100 174.85482660798598,-36.91196055432951,100 174.85483521205867,-36.911931151269556,100 174.85484656918374,-36.91190321943476,100 174.85485377684145,-36.91187529562315,100 174.85485327483053,-36.91186170609608,100 174.85484503053956,-36.91184887021898,100 174.85482765325494,-36.911845592207555,100 174.8548052248869,-36.911830584840445,100 174.85481018828816,-36.91180926673061,100 174.85481837118397,-36.91179713870814,100 174.85482471282614,-36.91177692843079,100 174.85482692676956,-36.911758180572654,100 174.85480266167968,-36.911741718311866,100 174.85477060737327,-36.91171716573534,100 174.85474771914735,-36.911704348544134,100 174.8547261661253,-36.911679414733165,100 174.85471652115208,-36.91165814720662,100 174.85469864188067,-36.911646421698144,100 174.85466295710623,-36.91163032612444,100 174.85464372395123,-36.911611267850894,100 174.8546349273458,-36.911579702064365,100 174.85462935447538,-36.9115477695694,100 174.8546260528909,-36.91151544468068,100 174.8546296371594,-36.911489736134634,100 174.85461491711763,-36.91146037915601,100 174.8545938289369,-36.911439850039095,100 174.85459338796517,-36.91143953154747,100 174.85455358335128,-36.91142192656322,100 174.85455107499635,-36.91142124287129,100 174.8545060375397,-36.911416148838825,100 174.85446308618523,-36.91141733779007,100 174.8544520909191,-36.911403759786715,100 174.85444941938343,-36.91140148239638,100 174.85440953815637,-36.91138363159666,100 174.85437199686143,-36.911370494223235,100 174.8543364127652,-36.91138599017556,100 174.85430905613455,-36.911403296404394,100 174.85427530138483,-36.9114231883741,100 174.85426076565045,-36.91145187281881,100 174.8542521261728,-36.91147282107617,100 174.85424074449074,-36.911484957542854,100 174.85420608454865,-36.91150265177766,100 174.85420363350542,-36.91150410332084,100 174.85416821051084,-36.91152695241129,100 174.85413309772156,-36.911546481579705,100 174.8541226504354,-36.91156962843924,100 174.85411767990004,-36.911586162408234,100 174.85410813615653,-36.911602354967606,100 174.8541196072692,-36.911618852172005,100 174.85413700251345,-36.91163057090451,100 174.8541575761685,-36.911633096984026,100 174.85417953581378,-36.91164224327555,100 174.85419604238479,-36.911659490172106,100 174.85419289088907,-36.91167489342485,100 174.8541750668849,-36.9116749508799,100 174.8541645490377,-36.911672143425484,100 174.85413370281537,-36.911652045983566,100 174.85410436078496,-36.91165332517921,100 174.85409893072523,-36.91164420383234,100 174.85407034589556,-36.91162849656839,100 174.8540290467457,-36.911630663644985,100 174.8540269251163,-36.91163088604436,100 174.85398277527977,-36.91163830455499,100 174.85397752417202,-36.911639170681134,100 174.85393464832637,-36.91165029986484,100 174.85390195902866,-36.91167252935546,100 174.8538665555166,-36.91169220268961,100 174.85382887515445,-36.91169655299739,100 174.85379691625926,-36.91169693288483,100 174.85375174199177,-36.911695790303895,100 174.85372590796342,-36.91169699391939,100 174.85368095043734,-36.91170012200577,100 174.85364100279693,-36.91170173877592,100 174.85359607854085,-36.91170480411959,100 174.8535785979821,-36.91170676242455,100 174.85353437025557,-36.911713888153415,100 174.85351626184,-36.91171754532908,100 174.85347307582813,-36.911728060879824,100 174.85346582610663,-36.911729827051225,100 174.85342315586124,-36.911741526084676,100 174.8534194294591,-36.911742503589934,100 174.8533786910021,-36.911757916558805,100 174.85336097242745,-36.9117736012014,100 174.85335141403363,-36.91180092978599,100 174.85334637526142,-36.911836310568674,100 174.85332684595338,-36.91186511158683,100 174.85329507825094,-36.91187784730839,100 174.85328833378003,-36.91187975971098,100 174.85324470256205,-36.91188913744609,100 174.85321700925238,-36.91189714070972,100 174.853207466215,-36.911917917320565,100 174.8531829541276,-36.911936877000315,100 174.85315661599248,-36.911941233077904,100 174.8531243979431,-36.91194486970697,100 174.85310892236902,-36.911949348305974,100 174.85307263225354,-36.911971452591146,100 174.85305037754276,-36.91199988328382,100 174.8530478876451,-36.91200376628007,100 174.85302494485853,-36.9120348873399,100 174.85298817477513,-36.91205455379709,100 174.85295864200393,-36.912080429209496,100 174.85293548294402,-36.91210994386241,100 174.8529313744693,-36.91213549019068,100 174.8529267928726,-36.91217047625421,100 174.8529308716704,-36.912201503781425,100 174.8529167901713,-36.912222638701294,100 174.85291813239206,-36.91225217937834,100 174.8529144491426,-36.9122871820699,100 174.85290038607755,-36.912302492345745,100 174.85289445206442,-36.912336046573735,100 174.85289443898375,-36.91233620180552,100 174.85288737520114,-36.91237214414115,100 174.85287624010024,-36.91240715042776,100 174.8528630528888,-36.912431939776646,100 174.852842616819,-36.91246437998778,100 174.8528315092236,-36.91248549373742,100 174.85281262296445,-36.91251834059709,100 174.85279259738087,-36.91254673285979,100 174.85276539146847,-36.91257558865457,100 174.85274728730232,-36.91259042657063,100 174.85271225010786,-36.912613486434324,100 174.85268578868886,-36.91263006267872,100 174.8526691926173,-36.912638572296665,100 174.852648008451,-36.912649468085384,100 174.8526466583661,-36.912650080414885,100 174.85260631306406,-36.912665346384514,100 174.8525640303726,-36.91267736354618,100 174.8525619023731,-36.91267797358832,100 174.85251933203588,-36.912688911829996,100 174.85247599418727,-36.912697679923525,100 174.85246032199146,-36.91269997759909,100 174.85241602623498,-36.91270524725229,100 174.85238944756136,-36.91303436740044,100 174.85243162686373,-36.91302173270216,100 174.85243858462883,-36.91301939880591,100 174.85247991149274,-36.91300525955783,100 174.8525207306499,-36.91299542122023,100 174.85255971841462,-36.91298884989313,100 174.8525648316564,-36.91298803374934,100 174.8525946464824,-36.91298372631561,100 174.85263957001334,-36.91297934542076,100 174.85267592458175,-36.912976489829916,100 174.85272108126432,-36.91297692103986,100 174.85273080743755,-36.912977899566336,100 174.85277516401143,-36.91298529785175,100 174.8527908861934,-36.9129887290692,100 174.85283515822562,-36.91299555540908,100 174.85287708042387,-36.912991411428834,100 174.85289662678161,-36.91298653765874,100 174.8529373760478,-36.91297019541575,100 174.85295920392414,-36.91296010883508,100 174.8529968574356,-36.912939823812025,100 174.85303365703595,-36.91291866970498,100 174.85307008337583,-36.91289712032178,100 174.85310546521447,-36.91287791173951,100 174.85314237324573,-36.91285692715885,100 174.85317557716192,-36.912835154024116,100 174.85320972717136,-36.912811242598245,100 174.85323596486853,-36.91279470037421,100 174.85326928868022,-36.91277027725375,100 174.85327935173967,-36.9127612448841,100 174.85330516394745,-36.91273134355587,100 174.85331765274358,-36.91271276256088,100 174.85333297418342,-36.91267848857757,100 174.85333672653493,-36.912662302634935,100 174.85334302605665,-36.91262623430066,100 174.85335007473446,-36.91260920104725,100 174.85336444097857,-36.91257478964259,100 174.85336842694647,-36.91255633773056,100 174.85336951257722,-36.912519940659514,100 174.8533682866574,-36.91250379274767,100 174.85335862486718,-36.912468277247186,100 174.85335243281833,-36.912454616073546,100 174.85333036732789,-36.91242273629376,100 174.85333022559035,-36.9124225843793,100 174.85330113010573,-36.912380634750015,100 174.85329319295883,-36.9123566427932,100 174.85327164439187,-36.91232469274333,100 174.85325028859427,-36.912305159922425,100 174.85324068758004,-36.912290704694215,100 174.85323586956423,-36.91225789327801,100 174.8532506749345,-36.91223346440434,100 174.8532854334268,-36.91221615557389,100 174.85329692609125,-36.91221337140313,100 174.85334238508008,-36.912210265376714,100 174.85338071179802,-36.91220098030041,100 174.85341045539843,-36.91218433014822,100 174.85342984294152,-36.91215407569166,100 174.85343907808567,-36.91214121659038,100 174.85346303241624,-36.91211038881989,100 174.8534763721199,-36.91208871019848,100 174.85350265984536,-36.91205977844161,100 174.85353102161594,-36.91204641982851,100 174.85357018137708,-36.91204373199896,100 174.85360743500843,-36.912051283201066,100 174.85361334639268,-36.912052514080344,100 174.85365695162994,-36.91206218609193,100 174.85367979605337,-36.91206753941437,100 174.85372328948515,-36.912077599814324,100 174.8537329524213,-36.912080097076206,100 174.85377690394492,-36.91208853964054,100 174.85377905252608,-36.91208868817016,100 174.8538242452079,-36.91208664066579,100 174.8538632402446,-36.912080347311914,100 174.85390679254442,-36.91206993405891,100 174.85393740636863,-36.912062577260244,100 174.85398071590845,-36.91205210557861,100 174.8539979701464,-36.91204751888163,100 174.85404184040635,-36.912039298944194,100 174.854049735729,-36.9120390702314,100 174.8540941657755,-36.91204405043402,100 174.85413864585584,-36.91205415656777,100 174.85417348897613,-36.91205815615416,100 174.85421590357018,-36.91206927334376,100 174.8542194584476,-36.91207094658035,100 174.85425343914102,-36.91209509427701,100 174.8542650805968,-36.91210568874069,100 174.85429038914788,-36.91213594760302,100 174.85429144163115,-36.91213718400982,100 174.8543119086253,-36.91216936977992,100 174.85431119774222,-36.91217060577828,100 174.85427203812992,-36.91217005629605,100 174.85421710730506,-36.912170026138526,100 174.85418868048717,-36.91219650289294,100 174.85415095871656,-36.912214218778914,100 174.85414874433582,-36.91221478332904,100 174.8541026780564,-36.91221913756378,100 174.85405862101035,-36.91222553435898,100 174.85404916452254,-36.91223077717257,100 174.85401652718306,-36.91225692303686,100 174.85400132614805,-36.91226912541527,100 174.85396850776132,-36.912294934293946,100 174.85393282476167,-36.91231712219875,100 174.85392487383515,-36.912319784444655,100 174.85388023570658,-36.912331020438934,100 174.85384032062692,-36.91234683892872,100 174.85383756291208,-36.91234911635752,100 174.85381016413703,-36.91237847112566,100 174.8538053704853,-36.91238284256235,100 174.85377312235323,-36.91240870467785,100 174.853767001796,-36.91241325455669,100 174.85373330319996,-36.91243785491592,100 174.85373225269095,-36.912438647352936,100 174.85370076368855,-36.91246508255898,100 174.85369520079894,-36.91247041328927,100 174.85366978152888,-36.912500771847846,100 174.85366691208344,-36.91250534308277,100 174.85364981918445,-36.91253927521457,100 174.8536430422443,-36.912551626373904,100 174.85362310131512,-36.91258447720119,100 174.8536138923266,-36.91259767570701,100 174.85359042002773,-36.91262903767889,100 174.85358337294335,-36.91263903969512,100 174.85356044068948,-36.912670594227485,100 174.85354797876144,-36.912685645244544,100 174.85352180499223,-36.91271558291243,100 174.8535044417406,-36.91273681959264,100 174.85347916257462,-36.91276722279336,100 174.85347765207015,-36.912768951671936,100 174.85345056455338,-36.91279833214592,100 174.8534224578628,-36.91282711111276,100 174.8534148440058,-36.9128346595482,100 174.8533864377346,-36.91286321244318,100 174.85336330124633,-36.912889720008984,100 174.85333791649242,-36.912920077959186,100 174.85331707427173,-36.91294180875006,100 174.85329114381926,-36.91297178943983,100 174.85327826163353,-36.912992483865516,100 174.85326047132617,-36.913026226731475,100 174.85325410783713,-36.91303660382751,100 174.8532355642479,-36.913069971776864,100 174.85323190211713,-36.913079822706614,100 174.85322121515887,-36.91311539436853,100 174.8532195758108,-36.913121354265016,100 174.85320449992298,-36.91315571543503,100 174.85319926680756,-36.91316113293156,100 174.85316329448628,-36.913184146230215,100 174.8531442607332,-36.91319526813323,100 174.85310750592333,-36.91321679292138,100 174.85310553576346,-36.91321812787865,100 174.85307256105716,-36.91324335038922,100 174.85304245087173,-36.91327089326827,100 174.85302918905933,-36.913283882766954,100 174.85300178477507,-36.9133130824104,100 174.85297494522104,-36.91334270587166,100 174.8529692247834,-36.91334862759111,100 174.85294122354577,-36.91337746609087,100 174.85291327464216,-36.91340633441262,100 174.8528989110426,-36.91342078320516,100 174.85287087571058,-36.91344965286559,100 174.85284489178747,-36.91347961807013,100 174.8528261857239,-36.91350558682176,100 174.85280465542368,-36.913537860226356,100 174.85279477260093,-36.91355110072879,100 174.85277290717377,-36.913583117070914,100 174.852771917254,-36.91358488378653,100 174.85275565852277,-36.913619034418,100 174.85275340746188,-36.913620868578526,100 174.85274251610565,-36.91364879295171,100 174.85272926206298,-36.91368340234659,100 174.85272203034904,-36.91370271516221,100 174.8527095583111,-36.91373749622511,100 174.85270018569665,-36.91376338244281,100 174.8526894871489,-36.913798535122616,100 174.85268267142112,-36.91383211931386,100 174.85267980118087,-36.91384830679663,100 174.852675159596,-36.913884300558365,100 174.85267492502703,-36.91389302362242,100 174.85267303722267,-36.91392917181406,100 174.85267257429183,-36.9139312863305,100 174.85266173735076,-36.91396642674515,100 174.85265794507052,-36.91399085228777,100 174.85265434433882,-36.914026999259534,100 174.8526506406006,-36.91404821831377,100 174.8526432762493,-36.91408394900011,100 174.85263753620342,-36.91410924496055,100 174.85263001588692,-36.91414493211141,100 174.85262734385176,-36.91416142565444,100 174.85262297936532,-36.91419746105775,100 174.8526193100012,-36.91422905561155,100 174.85261659226614,-36.91426523387279,100 174.85261664101628,-36.91430139511555,100 174.85261931327744,-36.91433418143588,100 174.8526114671464,-36.91435830517941,100 174.85259398342603,-36.914373752604035,100 174.8525718032695,-36.91437648801324,100 174.85252958276357,-36.91437464364704,100 174.85249285604073,-36.914374578408044,100 174.852490764231,-36.91437459841919,100 174.8524456882869,-36.914374615632745,100 174.85243768236938,-36.91437459810278,100 174.85239262322722,-36.91437396427847,100 174.85238090082808,-36.91437334494521,100 174.85233587903025,-36.91437151716436,100 174.85233050461983,-36.91437161000467,100 174.8522856007997,-36.91437484490195,100 174.85227988866475,-36.91437526838529,100 174.8522353203715,-36.914380727003696,100 174.85220188698088,-36.914389385596536,100 174.85217253182404,-36.914400561966474,100 174.8521369215339,-36.91441579359522,100 174.85210930040034,-36.91442004778043,100 174.8521053988062,-36.91442028528738,100 174.85206031567765,-36.91441935697839,100 174.85202734065194,-36.91442255716878,100 174.85198288828826,-36.91442909817731,100 174.85197004805386,-36.91443066662297,100 174.85192537496673,-36.914435414714056,100 174.8519023947585,-36.9144373278489,100 174.85185738762092,-36.91443926358584,100 174.8518420340209,-36.914438644940226,100 174.85179703240874,-36.9144375602325,100 174.85179042489992,-36.91443813826036,100 174.85174635401364,-36.914446019809844,100 174.85174499602437,-36.91444630687479,100 174.8517020453421,-36.914457297633,100 174.85169807756523,-36.914458279750534,100 174.85165503261638,-36.914468993452665,100 174.85164417722544,-36.91447168911696,100 174.85160218026817,-36.91448475423749,100 174.85159775583344,-36.91448676557267,100 174.85156029008627,-36.91450697062073,100 174.85152813275954,-36.91452073315533,100 174.8515117322465,-36.914480160688186,100 174.85150178242174,-36.91448832317072,100 174.85148154422836,-36.914501649299424,100 174.85145774378216,-36.91452140241793,100 174.8514533586328,-36.91452424956373,100 174.85144246742388,-36.91453275299679,100 174.8513751677192,-36.91457540006984,100 174.851357547021,-36.91458245542302,100 174.85134226037707,-36.91458497858506,100 174.85131943640786,-36.914586949560736,100 174.8512978108405,-36.91459034306707,100 174.85128599272625,-36.914593287149394,100 174.85128185028194,-36.91459549507228,100 174.85125428851808,-36.9146227309879,100 174.8512419949524,-36.914643477311756,100 174.85123997505127,-36.91464814340514,100 174.8512350769687,-36.91468623218436,100 174.85123586238197,-36.914709200991986,100 174.8512459692064,-36.91473677987848,100 174.85125192277505,-36.91474606264132,100 174.85126237487142,-36.9147554690633,100 174.8512944733149,-36.91480955556013,100 174.85130178378213,-36.91481850530986,100 174.85131135361877,-36.91482786509192,100 174.85131431657476,-36.914832677037325,100 174.85132468906997,-36.91484426860165,100 174.85133171299807,-36.91484958417253,100 174.85133822790013,-36.914855945101834,100 174.85137025184528,-36.914881273301845,100 174.8513784289265,-36.91489096754976,100 174.85138501861462,-36.9148962430181,100 174.85140229748282,-36.91490550153979,100 174.85143400518245,-36.91491770236633,100 174.8514401756003,-36.91492151430904,100 174.85158284470776,-36.914980620577985,100 174.85159612848162,-36.91498792059155,100 174.8516295880984,-36.91500163891883,100 174.85166590531546,-36.91502198427846,100 174.85167503312928,-36.915030979576706,100 174.85168453763248,-36.915041812207626,100 174.85169716885838,-36.91505382999733,100 174.85170492146727,-36.91506314327106,100 174.85174701183007,-36.915096398378694,100 174.85175234072867,-36.91509910939023,100 174.8517589469305,-36.91510367343531,100 174.8517707358664,-36.91511455876812,100 174.85179751784588,-36.91513463365142,100 174.85180661319416,-36.915144373938546,100 174.8518344860736,-36.91519103617037,100 174.85184379874283,-36.915216073934445,100 174.85184488051772,-36.915222280705024,100 174.85184536085964,-36.915241584973394,100 174.851822628859,-36.91529299040821,100 174.85180612570034,-36.915306343976766,100 174.8517972734398,-36.91531152942296,100 174.8517523168211,-36.915351732733924,100 174.85174610844882,-36.91535883913234,100 174.85173865345413,-36.9153626228608,100 174.8517320104684,-36.915368978022144,100 174.85173017863804,-36.91537162673257,100 174.8517167032389,-36.91539214637091,100 174.85171041198737,-36.91540585174821,100 174.8516976212618,-36.91542093924757,100 174.8516818177775,-36.91544753855649,100 174.85164996966844,-36.91548844597339,100 174.85163942079035,-36.91550656120941,100 174.85160522648542,-36.91554894821486,100 174.85159611222653,-36.91556446780049,100 174.85158528075274,-36.91557326504838,100 174.85157625167886,-36.91558543759136,100 174.85153287864125,-36.91562211358752,100 174.85151827159726,-36.9156345993238,100 174.85150360399714,-36.91564931587689,100 174.85149078065004,-36.915665146553565,100 174.85147465823803,-36.91568431759236,100 174.8514378602511,-36.91574191261563,100 174.8514109694078,-36.91576575994688,100 174.85140334280408,-36.91577609714961,100 174.8513939071016,-36.915786031722625,100 174.8513862367482,-36.91579859857945,100 174.85138474904934,-36.915803781849505,100 174.85138234312595,-36.915808221421244,100 174.85138036697282,-36.9158145119208,100 174.85136984826698,-36.91583114038038,100 174.851357967003,-36.915846614754685,100 174.85134265175014,-36.915872105891914,100 174.85134070852712,-36.91587766941066,100 174.85132966058043,-36.91589650444536,100 174.85130540220277,-36.91595425455955,100 174.8512939510473,-36.915971595172884,100 174.8512849334572,-36.91598229655505,100 174.85127400774226,-36.915996670831625,100 174.85126929225945,-36.91600071557161,100 174.85126547707037,-36.91600550519144,100 174.85125322540839,-36.91601615423531,100 174.85123201112813,-36.91605904633303,100 174.851220123193,-36.916125503261874,100 174.8512190421356,-36.91615823094708,100 174.8512173832791,-36.916173838886905,100 174.85120359756394,-36.9162164484353,100 174.8511968521226,-36.91622938843137,100 174.85118827955768,-36.916241180681226,100 174.85117531221644,-36.91626522282354,100 174.85115587815343,-36.91628731615706,100 174.8511092184777,-36.916326572346975,100 174.8510933073508,-36.91633420219917,100 174.85107416994674,-36.916339548811145,100 174.85106530324572,-36.91634163658011,100 174.8510431067393,-36.91634376807836,100 174.85102409722614,-36.916347393864946,100 174.8510093918479,-36.91635164207426,100 174.85097037903046,-36.916357346228175,100 174.85096234522885,-36.916357576899756,100 174.85092790433544,-36.916362861869864,100 174.85091751616565,-36.916365626800896,100 174.85090720538986,-36.916366717668296,100 174.8509059984587,-36.91636749719626,100 174.85085678621513,-36.91636742956914,100 174.8508451144149,-36.91636998376081,100 174.85083244660416,-36.91636959803437,100 174.8508279382517,-36.916369768344374,100 174.85083495168763,-36.91639674921976,100 174.85083952289767,-36.9163956964354,100 174.85084877330823,-36.916393739704155,100 174.85085563831126,-36.91639312616733,100 174.850863417759,-36.916391103129314,100 174.85088351420228,-36.91638930183187,100 174.85092192489276,-36.916383113165644,100 174.85094536268352,-36.91637628267139,100 174.85095360774744,-36.91637425056774,100 174.8509708060642,-36.91637788974877,100 174.8510252919605,-36.91638186258484,100 174.8510444889116,-36.916380046438,100 174.85105404604445,-36.91637986592524,100 174.85111918088603,-36.91636363090327,100 174.85115932938507,-36.91634542566717,100 174.85118811234932,-36.91632702804262,100 174.85119653348437,-36.91631988267335,100 174.85119893533496,-36.9163159235743,100 174.85120268587198,-36.91631198761646,100 174.85121487299412,-36.91628594587958,100 174.85124001239052,-36.91625213922974,100 174.85125633042784,-36.916224709950804,100 174.85126999505707,-36.916209313240984,100 174.85128092454244,-36.916193840192726,100 174.85130082020257,-36.916139122548095,100 174.85130322167205,-36.91613514813042,100 174.85131123770248,-36.91612582696413,100 174.85131503680617,-36.91612041838439,100 174.85133013906582,-36.91610320021462,100 174.85136684834075,-36.91604810056997,100 174.8513777008106,-36.91603552556735,100 174.8513824637077,-36.91602870671149,100 174.85139468991073,-36.91601579843334,100 174.85140574080918,-36.91599703905807,100 174.85141445155978,-36.91598005481768,100 174.85142956010193,-36.91596175224536,100 174.8514548525039,-36.915938877121015,100 174.85155155247054,-36.915827660403565,100 174.85158604953847,-36.91577067896919,100 174.85158851413468,-36.91576453497721,100 174.85162541549283,-36.91573349939981,100 174.85164241227466,-36.91571339896329,100 174.85168579589072,-36.915648568119806,100 174.85174700841623,-36.91558189816897,100 174.85175320028705,-36.915572901952395,100 174.85176869774006,-36.91555750544985,100 174.8517901493298,-36.91554040994378,100 174.85179533893066,-36.915534667808906,100 174.851810716369,-36.91552257111515,100 174.85181998152996,-36.91551728459038,100 174.85182983084056,-36.915507978967696,100 174.85185007575143,-36.91550072398961,100 174.8518666150241,-36.915480972257406,100 174.85189006555385,-36.91545843942427,100 174.8519282446288,-36.91541503659905,100 174.85195224629274,-36.91537426589114,100 174.85195673256572,-36.91536158280896,100 174.8519721805578,-36.91533268161995,100 174.85197578936462,-36.915318898184864,100 174.85197812495718,-36.91530143557316,100 174.85198739006208,-36.91526695696996,100 174.85202244752497,-36.915221287295275,100 174.8520477301277,-36.9151980705983,100 174.852115547178,-36.915153416843,100 174.8521519831973,-36.91512311843448,100 174.8521761262791,-36.915092193337365,100 174.85219288701794,-36.91508011918563,100 174.8522039690559,-36.915074864683476,100 174.85222824976037,-36.915069862198166,100 174.85223888932845,-36.915064227926045,100 174.85228072900506,-36.915050452986286,100 174.8523150192668,-36.91504602263219,100 174.85232632256967,-36.91504843042408,100 174.85233220607105,-36.91504928865106,100 174.85236594298124,-36.91506235258928,100 174.85238555035002,-36.91507658870872,100 174.8523922881683,-36.91507963193506,100 174.85239627592057,-36.91508262972711,100 174.85240682368863,-36.91509561190619,100 174.85241207304793,-36.91510115879086,100 174.85241896521586,-36.91511192755569,100 174.85242277510457,-36.91511991514405,100 174.85242707944673,-36.91512829700988,100 174.85243143955296,-36.915137499111395,100 174.85244518574714,-36.9151472055597,100 174.85245721190861,-36.915157916772436,100 174.852461691476,-36.91516054996644,100 174.85247299179616,-36.91516223042254,100 174.85247811030192,-36.915158331672586,100 174.8524864291009,-36.915140285401016,100 174.85248288622836,-36.91510923328839,100 174.85248328037346,-36.915096109278196,100 174.85248666117778,-36.915089979818646,100 174.85250499585982,-36.915071421286285,100 174.8525136057845,-36.915058449429345,100 174.85252200236857,-36.91505169191987,100 174.8525247509223,-36.91505102532892,100 174.85253012249677,-36.9150540610173,100 174.85253436255,-36.91506326498777,100 174.85255230586975,-36.91508513330599,100 174.8525605751986,-36.915096963069,100 174.85257593484437,-36.91512826077386,100 174.85260187914133,-36.915155783557665,100 174.85260591551548,-36.915158053215976,100 174.85260764464803,-36.91516062565858,100 174.85262234382793,-36.91517042357568,100 174.85263182349286,-36.91517317164475,100 174.85267323274226,-36.91517180909758,100 174.8526792048099,-36.91517011067352,100 174.85268890262373,-36.9151648488786,100 174.85270056273302,-36.91515597641306,100 174.8527079234407,-36.915153216196614,100 174.8527349448393,-36.91514722265867,100 174.8527477324371,-36.91514565495031,100 174.852749509769,-36.91514678632399,100 174.85275302405435,-36.91515085955867,100 174.8527840497007,-36.91514784911073,100 174.85281662347825,-36.915138678291406,100 174.8528303581632,-36.91514990180136,100 174.85284726915106,-36.9151473341764,100 174.85285819985734,-36.915146821133256,100 174.85287646063125,-36.91514427660963,100 174.8528966653571,-36.91513815234147,100 174.85291554307352,-36.91513085902762,100 174.8529223918524,-36.91513027627079,100 174.85293200410672,-36.91512829841105,100 174.8529561891538,-36.91512551362396,100 174.85297756176053,-36.91512557943557,100 174.85299832639612,-36.91513002254283,100 174.85303699585646,-36.91514392957595,100 174.8530566877525,-36.9151541849208,100 174.85307356493772,-36.915166547311784,100 174.8530861614965,-36.915185054118496,100 174.85309090835077,-36.91519316496655,100 174.85309165059007,-36.915198278309454,100 174.85309091453036,-36.91520701009865,100 174.8530939154275,-36.915212549675054,100 174.85309028013288,-36.91524090705293,100 174.85308181319806,-36.91526442220275,100 174.85308124333827,-36.915267683970846,100 174.85307834464624,-36.91527309297709,100 174.85307241200263,-36.91528792308763,100 174.85307106838906,-36.915301745116636,100 174.8530771639182,-36.91530987908542,100 174.85308433789996,-36.91531368880139,100 174.85309680017613,-36.91532196137208,100 174.85310754899635,-36.915326918571374,100 174.85311114213468,-36.91532808019144,100 174.85311659253313,-36.915328202446865,100 174.85312112704548,-36.915329023098174,100 174.8531612429551,-36.91532583915772,100 174.8531667804196,-36.91532339037932,100 174.85317655778505,-36.91531594339696,100 174.8532159359529,-36.9152649791808,100 174.8532395539545,-36.91525198217749,100 174.85324646510514,-36.91524919919956,100 174.85330253493592,-36.91524453323513,100 174.85330979405023,-36.91524504276543,100 174.85331662602613,-36.91524446114932,100 174.85333526694188,-36.9152451932422,100 174.8533519486194,-36.91524956841232,100 174.85335499691362,-36.915253633578494,100 174.85337596659872,-36.91526645302191,100 174.8533840296058,-36.915269891921135,100 174.85342191688338,-36.91529400319803,100 174.8534455480109,-36.915322913878335,100 174.8534500812967,-36.91533796643133,100 174.85345180923258,-36.91535477077496,100 174.85345594861036,-36.915367971848006,100 174.85345939162136,-36.915373874958426,100 174.85346474605257,-36.91537689554868,100 174.85346975288041,-36.91537663894433,100 174.8534986158864,-36.91537030373092,100 174.85350911273056,-36.91536907003105,100 174.85353810006112,-36.91535836505499,100 174.85358749705827,-36.91534916759723,100 174.85365987828683,-36.915346653404406,100 174.8536712842909,-36.915345788561766,100 174.85370620372547,-36.915334471789194,100 174.85375888921462,-36.915322801975506,100 174.85376532500848,-36.91532036798918,100 174.85377767682579,-36.9153173522364,100 174.85378922628098,-36.91531212003464,100 174.8538034981172,-36.91530657764251,100 174.8538695771463,-36.91527330489748,100 174.85388074722277,-36.91526552425912,100 174.85391874816958,-36.915243327217375,100 174.85394597448473,-36.91521654659247,100 174.85395017703928,-36.915213346183336,100 174.853976534789,-36.91518509282884,100 174.85404443467866,-36.91512415969469,100 174.85404821787515,-36.915119494869586,100 174.85405215975322,-36.91510974770913,100 174.85405579282576,-36.91509559158964,100 174.85406517245468,-36.915073206805005,100 174.8540679978762,-36.91506959615792,100 174.8540962987188,-36.915051965181064,100 174.8541988967671,-36.91494361781868,100 174.85420539671523,-36.914939014223464,100 174.85423160579754,-36.91493044803462,100 174.85423753675408,-36.9149298353678,100 174.85424251178546,-36.914930306595515,100 174.85425199149472,-36.91493305543551,100 174.85425775514273,-36.914937168313834,100 174.8542621622877,-36.91494162955237,100 174.85427071753045,-36.91495895189971,100 174.85427441152797,-36.91497104586211,100 174.8542799411321,-36.914983200394325,100 174.85428568173006,-36.91500263071827,100 174.8542898249737,-36.91502896488194,100 174.85429405185226,-36.91503960930725,100 174.85430642658136,-36.91507888773493,100 174.85430858221198,-36.91508256842952,100 174.8543159041803,-36.915110054422385,100 174.85431929163002,-36.91511778625845,100 174.8543196710091,-36.91512033468472,100 174.8543222922182,-36.915123309583834,100 174.85432394267045,-36.91512879540462,100 174.85432378549947,-36.91513389303889,100 174.85432204625275,-36.915145181328334,100 174.8543134590988,-36.915171966636784,100 174.85431030028863,-36.91518577375673,100 174.85430335752963,-36.91520421417518,100 174.85429739194635,-36.915233989698635,100 174.854292658686,-36.915282716129575,100 174.85429154448417,-36.91528889857752,100 174.8542924604867,-36.91530313058947,100 174.85428660582124,-36.91532997778379,100 174.85428742545656,-36.91534639520648,100 174.854285752377,-36.91535693977169,100 174.85428477784444,-36.91537222700825,100 174.85427356024022,-36.91542485916948,100 174.8542733721018,-36.915431412923965,100 174.85426254836673,-36.91548515296946,100 174.85426039057967,-36.9154956600362,100 174.854251027596,-36.91556072673372,100 174.85424737811618,-36.915575595159524,100 174.8542470066992,-36.915601835772144,100 174.85424010976678,-36.91561809156483,100 174.8542372985249,-36.91562094398168,100 174.85423357696396,-36.9156376567383,100 174.85423458816194,-36.91564895976606,100 174.8542292465229,-36.915687862255595,100 174.85421547655542,-36.91572001744259,100 174.85420902862515,-36.915779660425876,100 174.85419642228845,-36.91583335438778,100 174.85419454711408,-36.91584862594117,100 174.8541879522821,-36.91587035886113,100 174.8541872951072,-36.915876178149425,100 174.8541876588247,-36.91587947041193,100 174.8541894679365,-36.915879872998175,100 174.85418203257947,-36.91591287927103,100 174.85417872114735,-36.91597406321442,100 174.8541822587143,-36.91597705355229,100 174.85417953447964,-36.91599156502657,100 174.85417752750084,-36.91599736122471,100 174.85417567025144,-36.91601263159634,100 174.85417399524755,-36.91602244882158,100 174.85417107383267,-36.91602895692096,100 174.85416299779158,-36.916081999693525,100 174.85416152847077,-36.91608524576566,100 174.85416064881926,-36.916112564182036,100 174.8541591567664,-36.91611691112457,100 174.85415833577386,-36.91614312901078,100 174.8541526150108,-36.916165265593904,100 174.85415189478215,-36.91618748634138,100 174.8541496051757,-36.916202749041524,100 174.85414863923054,-36.91621839216401,100 174.85414940547523,-36.91622314910111,100 174.85414710580795,-36.916252273406045,100 174.85414386310597,-36.916265539233514,100 174.85414224209757,-36.91627151417602,100 174.85413984360198,-36.91630601371188,100 174.8541384916107,-36.91631368795478,100 174.85412254025908,-36.916352833599156,100 174.85411878999628,-36.91637883944012,100 174.85411605339547,-36.91638644426671,100 174.85411555497282,-36.91639562120813,100 174.85411398280584,-36.916398885109146,100 174.8541139002232,-36.91640034203525,100 174.85411371192103,-36.91640364471893,100 174.85409293684498,-36.916455155210876,100 174.85409037428082,-36.91649256858016,100 174.85409214313987,-36.91650183090052,100 174.85409070235966,-36.91652753299022,100 174.85408571536573,-36.916542796340934,100 174.85408319212638,-36.91654674297057,100 174.85408100682153,-36.916561400153995,100 174.854078205952,-36.916570476942255,100 174.85407789430167,-36.91657563917843,100 174.8540677405138,-36.916601383561485,100 174.85406663495164,-36.91662929406648,100 174.854065702252,-36.91663773509736,100 174.8540488474097,-36.916659923825165,100 174.85403250931515,-36.916672950646216,100 174.85398095782793,-36.916700522053894,100 174.85382331392225,-36.91674522083916,100 174.85381907309576,-36.91674763228258,100 174.85379782068662,-36.91676636544974,100 174.85379277602743,-36.91677428931358,100 174.85377997504338,-36.916789640378575,100 174.85376479134067,-36.91681483593253,100 174.85376044328117,-36.91682682019745,100 174.85375322102595,-36.91684128470279,100 174.85373798847075,-36.916891864076035,100 174.85372233950397,-36.91692552310016,100 174.85371740896568,-36.916972053352566,100 174.85371334004662,-36.916979618578125,100 174.85371905610285,-36.91700851229733,100 174.85373144026985,-36.917033248679736,100 174.85373576374948,-36.91703782030139,100 174.85373928297375,-36.91704009799141,100 174.85376115987646,-36.91705383065654,100 174.8537864940559,-36.9170727063777,100 174.85387444151615,-36.91712665127413,100 174.85388192339545,-36.917134869910505,100 174.85391159191906,-36.9171852801278,100 174.85393564654174,-36.91720156105316,100 174.85394328601006,-36.917204651401356,100 174.8539496551786,-36.917205532608634,100 174.85395702616418,-36.917203144399636,100 174.85397059689927,-36.91719394544689,100 174.85398146370994,-36.917183225811634,100 174.85398343157,-36.91717924278854,100 174.85399913855852,-36.91716133344543,100 174.85403482521255,-36.91714569626815,100 174.85404805938012,-36.91714526702596,100 174.85409071300197,-36.91713929861293,100 174.8541165514413,-36.91713110957483,100 174.85412714942038,-36.917128433924674,100 174.85414085781386,-36.917127655666675,100 174.85417480324386,-36.91712258029649,100 174.85419487410155,-36.91712305557824,100 174.85420854886542,-36.91712297456016,100 174.85422969436718,-36.91711836762182,100 174.85424311190408,-36.917113181016234,100 174.8542411836424,-36.9171160638112,100 174.8542576507541,-36.9171149900948,100 174.85426086613222,-36.91711431527275,100 174.85428867762485,-36.91711459576674,100 174.85433927424097,-36.91712893262567,100 174.85436534456488,-36.91713977405076,100 174.8543830263569,-36.917142737302896,100 174.85439572474,-36.91714558458526,100 174.85440250236277,-36.91714683073515,100 174.85441483591126,-36.917146386673174,100 174.85442211241326,-36.91714691118397,100 174.85442934151615,-36.91714890829483,100 174.8544369586198,-36.91715311389679,100 174.8544581634923,-36.917159810382806,100 174.85448216516204,-36.9171644000621,100 174.8544871344235,-36.91716597098169,100 174.85449574623598,-36.91716726329323,100 174.85450613660456,-36.91717042962123,100 174.85451384778028,-36.91717170625231,100 174.85452208058197,-36.9171711612753,100 174.85453204339177,-36.91717322024279,100 174.85454730518583,-36.917180730580405,100 174.85455583862029,-36.91718430175454,100 174.85456684356902,-36.91718846435585,100 174.8545788736726,-36.91719282456001,100 174.85460902636137,-36.917195961663005,100 174.85464928111327,-36.91720375495631,100 174.8546836085206,-36.917212316799606,100 174.85471199673367,-36.91722384570961,100 174.85474221380713,-36.917233903031295,100 174.85478060611288,-36.91723733141864,100 174.85481622260917,-36.91723784771076,100 174.85485183321578,-36.917239464599355,100 174.8548879526304,-36.91724327185641,100 174.85492448336683,-36.917245616139965,100 174.8549633365209,-36.917250135080884,100 174.85499582538847,-36.91725981254651,100 174.85502199274535,-36.917276830877704,100 174.85503860850034,-36.917294261592275,100 174.85506202458095,-36.917310584707735,100 174.85508588183467,-36.91732468457401,100 174.8551101832898,-36.917336593591195,100 174.85512588484605,-36.91735733921805,100 174.85513342345553,-36.91738322732052,100 174.8551391689461,-36.917413173247894,100 174.8551421069284,-36.91743579562011,100 174.85515359470165,-36.917470954324614,100 174.85515567578022,-36.91747702016455,100 174.85516418314697,-36.917508745419454,100 174.85516483522224,-36.91753250671966,100 174.85517789736096,-36.91756384355375,100 174.8551945199262,-36.91758604483952,100 174.85520742645124,-36.917600581642056,100 174.8552116800413,-36.91761481828246,100 174.8552030917917,-36.917624739012,100 174.8551926102198,-36.91762916240741,100 174.85518120557526,-36.917628150824726,100 174.85517199525728,-36.917621247264854,100 174.85515871166658,-36.91761658222783,100 174.8551505071944,-36.917616259734466,100 174.85514922731232,-36.91762723079992,100 174.8551470924892,-36.91764442713742,100 174.85514449487127,-36.91765980372321,100 174.85514368945726,-36.91767367864908,100 174.855154276408,-36.91768421286545,100 174.8551594423568,-36.91770024601239,100 174.85515366793848,-36.9177171026247,100 174.85514838690312,-36.91774014541913,100 174.85514814899736,-36.91776683279544,100 174.85515058349776,-36.917782897796464,100 174.85515755785136,-36.91779930197873,100 174.85516820047565,-36.917813847111184,100 174.8551833571492,-36.917823265303696,100 174.85520434238003,-36.91782496364406,100 174.85523446312513,-36.9178229725572,100 174.8552623421906,-36.91782315892785,100 174.8552782811595,-36.9178197868344,100 174.85530245372192,-36.91781525138718,100 174.85534025291784,-36.917805540359765,100 174.85537069318465,-36.91778963683712,100 174.85539378120936,-36.91776647355434,100 174.85542189003263,-36.9177429298792,100 174.85545190360835,-36.917728504862666,100 174.8554801067395,-36.91771626499115,100 174.85550020137245,-36.91771762207346,100 174.85551628764003,-36.917728851778506,100 174.85552781261825,-36.917743396611385,100 174.85554024246463,-36.91775428686216,100 174.8555681349282,-36.91775887140659,100 174.85559190971733,-36.91776275055536,100 174.8556162113669,-36.91777465856111,100 174.85564228910084,-36.91777925882571,100 174.85566876384618,-36.91778129672974,100 174.85569751828473,-36.917779298934676,100 174.85572858525097,-36.91778165984503,100 174.855760185796,-36.91779172412567,100 174.8557890252441,-36.917800689569965,100 174.85582240796626,-36.9178055965564,100 174.85584757002297,-36.917813496406225,100 174.85587137888174,-36.91782248456415,100 174.85588970862202,-36.917828968844844,100 174.85590849255888,-36.9178376119027,100 174.85592736394284,-36.91785467825337,100 174.85596350457698,-36.91786249573243,100 174.8559877376255,-36.91786601341945,100 174.85601346160874,-36.917885237681745,100 174.85603444159835,-36.91788218057871,100 174.85605593072518,-36.91788461358233,100 174.85607607178386,-36.91789033765009,100 174.85610845916725,-36.91788905180196,100 174.85615000428012,-36.9178862446864,100 174.85618554279876,-36.91788056879496,100 174.8562198256176,-36.9178829198702,100 174.85625177565387,-36.917880170761975,100 174.85628412377588,-36.91787485837045,100 174.85631417304927,-36.9178637160975,100 174.85634279674827,-36.917850399578214,100 174.8563788212908,-36.91784287192586,100 174.85640985763322,-36.91784086622818,100 174.85643222369941,-36.91784182801649,100 174.85645694440115,-36.91784934616558,100 174.85647346715717,-36.91785875635545,100 174.85649776115858,-36.91787103654416,100 174.85651751874354,-36.917883721136135,100 174.85654045466563,-36.91789563768234,100 174.85656429169086,-36.917908282826254,100 174.85658496875294,-36.91792240686511,100 174.85660062963646,-36.91793839844826,100 174.85661128175434,-36.91795586899182,100 174.85661374092876,-36.917976688049,100 174.85662212495313,-36.91799343964398,100 174.85663322153306,-36.9180120181724,100 174.85664206989128,-36.91803060480944,100 174.8566664188114,-36.91804945113933,100 174.85669026408445,-36.91806173920413,100 174.85672394010317,-36.91808604682185,100 174.85672564496798,-36.918087100851885,100 174.85675818574504,-36.91810190373721,100 174.85678436048005,-36.91811855020905,100 174.85681235428288,-36.918133368291464,100 174.8568444656958,-36.91815217342843,100 174.85687103981783,-36.91816371755867,100 174.8569022003347,-36.91817668526149,100 174.8569196010381,-36.91818206897171,100 174.8569428649291,-36.918179732204464,100 174.85697432023915,-36.91817333577411,100 174.85700441067863,-36.91817023067627,100 174.85703622424043,-36.918151392180754,100 174.85704793537818,-36.91813342685535,100 174.85705551333004,-36.91811291503184,100 174.85705807404952,-36.918090988175365,100 174.8570606427577,-36.918074527714346,100 174.85708106538922,-36.91805904359659,100 174.85709706471215,-36.91806116928357,100 174.85710129996153,-36.918075374591176,100 174.8571196850854,-36.918088439269766,100 174.8571439948399,-36.91810325900377,100 174.85716512864332,-36.918116306828004,100 174.85717276772854,-36.91815236734457,100 174.85717599926718,-36.918160086206164,100 174.85719393126152,-36.9181749696171,100 174.85721592808187,-36.91818541623849,100 174.85722474186494,-36.918200719852905,100 174.85723174806307,-36.91821638071867,100 174.85724695249374,-36.91823275159819,100 174.85726440139513,-36.91824507198183,100 174.8572905370015,-36.91825769274464,100 174.85731027063676,-36.91826817744773,100 174.85732679466327,-36.91828087101325,100 174.8573429303748,-36.918296482822264,100 174.85735678404427,-36.91831468827385,100 174.85736788768205,-36.91833030938091,100 174.8573716721195,-36.91834638115641,100 174.8573796136144,-36.91836787967,100 174.85738569396563,-36.918385769555485,100 174.85737993560787,-36.91840516684554,100 174.85737186336172,-36.91842274540442,100 174.85735796051353,-36.918452440598514,100 174.8573448912746,-36.91847004142855,100 174.8573350236401,-36.91849093338524,100 174.8573155897464,-36.91851298173556,100 174.8573070627337,-36.91853166611456,100 174.85730818700355,-36.91855431859012,100 174.85731247055747,-36.91857546331472,100 174.85733595226037,-36.91859616717031,100 174.85735340128275,-36.91860848843845,100 174.85737542776263,-36.91862260384702,100 174.85740207383893,-36.91864071286207,100 174.85740990366037,-36.91864835258458,100 174.85743782568846,-36.91865659018165,100 174.8574612088751,-36.91866777127977,100 174.85749518767457,-36.91868913021565,100 174.85751628346895,-36.91870143497713,100 174.85753740698064,-36.918714095323494,100 174.85755990264806,-36.918728946948654,100 174.8576052699443,-36.918766880587526,100 174.85773246534978,-36.91874548358773,100 174.8595161249808,-36.921213330099455,100 174.85900566697103,-36.921300844097175,100 174.8589551814036,-36.921309536313025,100 174.85876872638747,-36.921341451416495,100 174.85876600336906,-36.92134761491512,100 174.8587555509971,-36.92135440864564,100 174.85875244069047,-36.92136223663806,100 174.8587529985718,-36.92136695083164,100 174.85875979179045,-36.92138560370889,100 174.8587754374585,-36.92140226039605,100 174.85880172667007,-36.92141213657874,100 174.85882738931082,-36.92140892185222,100 174.8588567298133,-36.92140229843463,100 174.8588809635855,-36.921398721199026,100 174.85890667920233,-36.92140073960133,100 174.85892090032516,-36.92141517608016,100 174.85892685552307,-36.921441292390774,100 174.85893878320303,-36.921459888315795,100 174.8589631187345,-36.92146267370277,100 174.85899568156978,-36.921453020938785,100 174.8590244691209,-36.92143929831319,100 174.85904672150147,-36.9214256419369,100 174.85907956160847,-36.921401798907475,100 174.8591139850396,-36.92139064242078,100 174.859151365538,-36.92139105045424,100 174.85919064993269,-36.92139483295986,100 174.85922902100467,-36.921399327374964,100 174.85927018423095,-36.92140346440094,100 174.85927314813742,-36.921403754188,100 174.85931885689888,-36.9214097488557,100 174.85932019448748,-36.92141000461827,100 174.8593643340953,-36.921421322707175,100 174.85939155854774,-36.921431894355756,100 174.8594024824853,-36.92143624433727,100 174.85944186055718,-36.921455759664035,100 174.85947398318248,-36.921482012401285,100 174.85949350306382,-36.921508375047004,100 174.8594976911824,-36.92151432758999,100 174.85951785085675,-36.921547803357505,100 174.85952234163074,-36.921557296058076,100 174.85953435473886,-36.921593266260864,100 174.85953707035029,-36.92160556282896,100 174.8595424691173,-36.92164254513829,100 174.8595433937931,-36.921648631704294,100 174.85954958513247,-36.92168547631813,100 174.85954992119775,-36.9216870645921,100 174.85955899076018,-36.92172353605281,100 174.85956488335572,-36.921746649202774,100 174.85957719491213,-36.92175890365969,100 174.85959690004978,-36.92176506837409,100 174.85963015324447,-36.921771494116,100 174.85964754973796,-36.921779943772734,100 174.8596762840284,-36.92179651433949,100 174.8596900108518,-36.921810603342884,100 174.8597009345242,-36.92182395029154,100 174.8597171663113,-36.92184961088609,100 174.85972543663874,-36.92187494369874,100 174.85972593173096,-36.921876654765306,100 174.85973296813359,-36.92191339239509,100 174.85973240243337,-36.92194070498728,100 174.85973260915196,-36.921942606242226,100 174.85974551448405,-36.921978329004205,100 174.8597626549367,-36.92200174368861,100 174.85978067395047,-36.92202176735917,100 174.85978661025453,-36.92202971778124,100 174.8598013537819,-36.92204947277812,100 174.85980826161637,-36.92206978042341,100 174.85981565785295,-36.92209221655091,100 174.85982299843945,-36.92210931231829,100 174.85982857555697,-36.92213034022892,100 174.85983824326976,-36.9221549210758,100 174.85984871746462,-36.922174114710714,100 174.8598623600172,-36.92219794559306,100 174.85987463065132,-36.92221641166392,100 174.85988834135674,-36.92224346279838,100 174.85988895748315,-36.92225810232594,100 174.85988649137505,-36.92227705518159,100 174.8598770055082,-36.92230639575106,100 174.85987413413162,-36.92232964524385,100 174.85987352243478,-36.92235395354914,100 174.8598738755199,-36.92238715270081,100 174.85987643536106,-36.922414288350474,100 174.85987661012967,-36.922415012979606,100 174.8598928861141,-36.92244807540621,100 174.85991330340633,-36.92247758214887,100 174.85993041948115,-36.92249102316435,100 174.85994793312088,-36.922501236627525,100 174.85996235040068,-36.92251398082554,100 174.85997368969115,-36.922529272596876,100 174.85998066857925,-36.922554210105986,100 174.85997908992425,-36.9225720782924,100 174.85997583518568,-36.92260103284629,100 174.85997347562778,-36.92262783544435,100 174.8599701765502,-36.92265251662638,100 174.85996733412955,-36.922676818409855,100 174.85996630820648,-36.922705053048766,100 174.85995856943208,-36.922731173777954,100 174.85995889070443,-36.92275867256761,100 174.85996364230314,-36.92278434619076,100 174.85997674494052,-36.92280031877984,100 174.85998846417024,-36.92280916105108,100 174.86000678690888,-36.92281081189655,100 174.86003451706017,-36.92281703830893,100 174.86006178149321,-36.92282003716741,100 174.86009354244328,-36.92282693770869,100 174.86012489574756,-36.922836696407636,100 174.8601401464432,-36.92284372666984,100 174.86015199197686,-36.92286506466764,100 174.8601564898503,-36.922878677169,100 174.86015930613655,-36.922887626436896,100 174.86017114880698,-36.92291272659255,100 174.86017144103036,-36.922913295255285,100 174.8601853526196,-36.922927814836655,100 174.86020885739916,-36.92293764598512,100 174.8602416855032,-36.92294951497687,100 174.8602800313462,-36.92296014292741,100 174.86031789281483,-36.92297079467742,100 174.86033993815792,-36.922978451241825,100 174.86037080365972,-36.92298739641277,100 174.8603937951369,-36.92299615217748,100 174.86042510119606,-36.92301768098887,100 174.86044423494968,-36.923035423868235,100 174.86046312197738,-36.923059458227,100 174.8604815926069,-36.92308534320971,100 174.86048678764485,-36.923092718447215,100 174.86051027056246,-36.923124370864514,100 174.86051406440745,-36.923129105551254,100 174.86054109416125,-36.923158885327375,100 174.8605654633631,-36.92318095181517,100 174.86059181442113,-36.92320668536615,100 174.86061817487544,-36.92323275856183,100 174.8606491960343,-36.92325913998213,100 174.86068287429995,-36.92328209890345,100 174.8607169157631,-36.92330244910816,100 174.8607461088557,-36.923330332807076,100 174.86074830562958,-36.92333291221561,100 174.86077103580237,-36.92335709721014,100 174.86077565303938,-36.923362267843444,100 174.86080050117917,-36.92337447533534,100 174.86081039377314,-36.92338099459921,100 174.8608380807289,-36.92340944627395,100 174.86084159898192,-36.92341683515247,100 174.86084542975814,-36.92342553506233,100 174.86085031410792,-36.92343873768613,100 174.86085397491914,-36.923451482684484,100 174.86086002540154,-36.92345848667461,100 174.86087044510757,-36.92347306539854,100 174.86088559437877,-36.92350602365384,100 174.86088931684014,-36.92354102220489,100 174.86088669001256,-36.923577228880205,100 174.8608852751766,-36.92360122709534,100 174.86088603610472,-36.92363737617432,100 174.86089188791897,-36.92366668466413,100 174.86090793428613,-36.92370020029421,100 174.86091029722323,-36.923703195308434,100 174.86094052408404,-36.923728985209586,100 174.8609804934304,-36.92374726673958,100 174.86099429233775,-36.923751782421064,100 174.86103885076136,-36.92377158013913,100 174.86108131542676,-36.92377262712369,100 174.86108567017553,-36.92377060120386,100 174.86108749236166,-36.92376954694195,100 174.86112906522084,-36.92377731641911,100 174.86114430663795,-36.92378787806916,100 174.86117444786217,-36.92381305004365,100 174.86119948121092,-36.923843808239525,100 174.86120619772262,-36.92385179232353,100 174.86123571010262,-36.92387866321361,100 174.8612543850812,-36.923897327986744,100 174.86127501133268,-36.9239223705645,100 174.86131715865687,-36.923931554155885,100 174.86133350459656,-36.92393172065751,100 174.86137779685345,-36.92393451719403,100 174.86142246046842,-36.923934349757175,100 174.86146320275736,-36.92393307295783,100 174.86150777487472,-36.9239314512898,100 174.86152433808599,-36.92393131962716,100 174.86156897727267,-36.92393287133725,100 174.8615995765032,-36.92393638538954,100 174.8616420902807,-36.92394701785204,100 174.86168449982122,-36.923958256719715,100 174.8616912265496,-36.92395955010971,100 174.86174255037255,-36.92397049507386,100 174.86174627276057,-36.92396485573398,100 174.86174632078442,-36.92396341467017,100 174.86176057477638,-36.923945512682266,100 174.86179474652832,-36.92395587208712,100 174.8618409147463,-36.92398479356872,100 174.8618911955982,-36.9240225952567,100 174.86192897229878,-36.9240526226052,100 174.86196129110164,-36.924077075226386,100 174.86199245135182,-36.92410281867007,100 174.86202411801537,-36.924128104405206,100 174.86204511546714,-36.924143103914325,100 174.86208471726965,-36.92416185500892,100 174.86210932081121,-36.924180370794566,100 174.86212365854698,-36.92420559925981,100 174.86210658291557,-36.92423824608061,100 174.86209843915222,-36.92424538696316,100 174.86206437919864,-36.924267596026084,100 174.86203112019848,-36.924281613032996,100 174.86198547890388,-36.92429494630334,100 174.86194524825999,-36.92431080314005,100 174.8619317111371,-36.92432319404902,100 174.86192230155683,-36.92435795501542,100 174.8619220973648,-36.924365159770886,100 174.86192664446256,-36.92440062394978,100 174.86193251085206,-36.92443623508757,100 174.86193252668002,-36.924436839625685,100 174.86193011919664,-36.92446635236954,100 174.86190286085719,-36.92449330654854,100 174.86187470475943,-36.92450864505467,100 174.86183594189336,-36.9245276668134,100 174.8618279637435,-36.92453455721782,100 174.8618158837885,-36.924558073704624,100 174.86182284946165,-36.924588896019245,100 174.86184410875256,-36.92461945636622,100 174.86187422547212,-36.92464692059606,100 174.86188852419178,-36.92465974482089,100 174.861914261834,-36.924688973086525,100 174.86193297780426,-36.92470916934879,100 174.86195855397273,-36.924734296422386,100 174.8619968577716,-36.9247485027042,100 174.8620430377194,-36.92475199404789,100 174.8620755567748,-36.92475231513347,100 174.86211959262081,-36.92475774906672,100 174.86216380417892,-36.92476265295538,100 174.8622079944112,-36.92476741835855,100 174.8622521581283,-36.92477247799157,100 174.8622960975447,-36.92477823874805,100 174.86232945565794,-36.924783376782855,100 174.86237430810667,-36.92478896636103,100 174.8624184938996,-36.92479613197217,100 174.862460984321,-36.924806518438366,100 174.86249075658114,-36.924817230554986,100 174.86253070316937,-36.92483463041352,100 174.8625589864954,-36.92485497034019,100 174.86258179957022,-36.92488542596021,100 174.86258924564123,-36.92489934543233,100 174.86260749447874,-36.92493175279422,100 174.8626229822476,-36.92496506061858,100 174.86263625989176,-36.92499911965839,100 174.86264787457688,-36.925033717633106,100 174.86265839225766,-36.92506867621731,100 174.86266839752466,-36.92510384473395,100 174.86267843681838,-36.9251390271368,100 174.86268904247405,-36.925174047429834,100 174.86269491743334,-36.92519190958008,100 174.86271151325974,-36.92522526039743,100 174.862728934972,-36.92525841078197,100 174.86274675020712,-36.92529144683197,100 174.86276449735442,-36.92532449836817,100 174.86278176200884,-36.925357605240315,100 174.86279808035775,-36.92539089910688,100 174.86281303944196,-36.92542447928256,100 174.86282614180712,-36.92545843288797,100 174.86283430284982,-36.92548350488293,100 174.86284861373846,-36.925519325990386,100 174.8628605625472,-36.92555542119916,100 174.86286816441574,-36.92559128175746,100 174.86286947040867,-36.92562644521876,100 174.86286398369083,-36.92565590443009,100 174.8628490754038,-36.92568876160736,100 174.86282753264769,-36.92572052590849,100 174.8628030518315,-36.92575108706621,100 174.8627754443991,-36.925780447135324,100 174.86275012208804,-36.92580992277328,100 174.86274063499224,-36.92582566714674,100 174.86272975604592,-36.925861072226766,100 174.86272899307662,-36.9258984087807,100 174.8627380176028,-36.92593506542783,100 174.86275644573973,-36.92596836856189,100 174.8627574129133,-36.925969637771495,100 174.86275911562933,-36.925971838223845,100 174.86277966356022,-36.92600487375706,100 174.8627935299321,-36.926041523845036,100 174.862799493062,-36.92607947233381,100 174.86279631926098,-36.926116509612534,100 174.86278276848535,-36.926150349555776,100 174.8627808112327,-36.926153420413925,100 174.8627567223791,-36.92618247201053,100 174.86272366402451,-36.92620789858888,100 174.8626974597499,-36.92622319045026,100 174.86265656133835,-36.92623932119474,100 174.8626174165811,-36.92625573266917,100 174.8626108304464,-36.926259671999,100 174.86258725331635,-36.92628719681,100 174.86257271718054,-36.92632100892258,100 174.86256281579907,-36.92635806970098,100 174.86255495316553,-36.926389226396665,100 174.86254479593308,-36.92642643089122,100 174.8625340607314,-36.926463320876366,100 174.86251937570015,-36.92649742914814,100 174.86249737502473,-36.926526306432315,100 174.86248910760636,-36.92653335644524,100 174.86245343076044,-36.926553329570936,100 174.86241148527753,-36.926567823634024,100 174.8623897603878,-36.926573480359636,100 174.8623450025198,-36.926580495186855,100 174.86230161647387,-36.926588338427756,100 174.8622875775901,-36.92659299400203,100 174.86225689926394,-36.92661944938835,100 174.862230048622,-36.926649989010045,100 174.86220485379582,-36.92667069719244,100 174.86216549722462,-36.92667726221164,100 174.86212121218227,-36.92667353661548,100 174.86207448462434,-36.92666382758244,100 174.86203170036768,-36.92665349427159,100 174.86198666472666,-36.926639172753546,100 174.86194236139258,-36.926626387302754,100 174.86190005484363,-36.92662290640415,100 174.86188317543636,-36.926626077830534,100 174.86188233872483,-36.9266264794192,100 174.86184494587084,-36.92664629810533,100 174.86184428423908,-36.92664678978458,100 174.86181011366727,-36.926672019938735,100 174.86178285316973,-36.9267021026088,100 174.86177204934816,-36.92671971165327,100 174.86175745832938,-36.92675470075297,100 174.86175269299977,-36.9267814374313,100 174.86175487528774,-36.92681641501309,100 174.86176674761205,-36.9268509468355,100 174.86178514955537,-36.92688521133668,100 174.8618068881457,-36.92691943343311,100 174.86182876968218,-36.92695380831098,100 174.86184758210408,-36.9269885611902,100 174.86185837359346,-36.92701696384412,100 174.86186165183761,-36.92705347180509,100 174.8618608940037,-36.927090344091425,100 174.86185655787384,-36.927127293214575,100 174.86184901598963,-36.92716398885748,100 174.86184302108407,-36.9271861453785,100 174.86183604043148,-36.927223806547985,100 174.86182492952165,-36.92726026882581,100 174.8618071664927,-36.92729371773571,100 174.86179691285878,-36.92730667184814,100 174.86176675527543,-36.927333876956105,100 174.8617305843541,-36.92735737637062,100 174.86172484522905,-36.92736069668495,100 174.86168200295384,-36.92737790040547,100 174.86166215615089,-36.92739427129579,100 174.86166079789433,-36.92739649361531,100 174.861629378889,-36.92741208962858,100 174.861581980128,-36.92740383394448,100 174.8615272694866,-36.92738597843704,100 174.86147384187697,-36.92737282300616,100 174.86143039843932,-36.92737855954632,100 174.86142475926263,-36.9273823433609,100 174.8614229310764,-36.92738384658009,100 174.8613864026478,-36.927401745281635,100 174.86134282106377,-36.927406834103415,100 174.86129466868192,-36.927404011560505,100 174.86124445061557,-36.9273982812691,100 174.86119464959137,-36.92739460393703,100 174.86118681399833,-36.92739453657443,100 174.86113907185737,-36.92739796540677,100 174.86109257274663,-36.92740454378074,100 174.8610496704521,-36.9274169315583,100 174.86102081395578,-36.927432003240725,100 174.86101488900906,-36.92743613221404,100 174.8609830152077,-36.92746318015451,100 174.86096779741425,-36.92748256991244,100 174.8609582305535,-36.927494087301575,100 174.86095234351194,-36.927504115722336,100 174.8609388201069,-36.92753769274752,100 174.8609338224245,-36.92757386355252,100 174.8609347325299,-36.927611063013266,100 174.86093591873063,-36.92762369535867,100 174.8609373186935,-36.92765980195208,100 174.8609426052102,-36.92769576471347,100 174.8609516671094,-36.927731259106494,100 174.86096384951168,-36.92776446931825,100 174.86098471069093,-36.927797562438826,100 174.8610060587776,-36.9278301332702,100 174.86102006663262,-36.92786306429843,100 174.8610209018059,-36.927867123375094,100 174.8610194228385,-36.92790228814048,100 174.86100799075135,-36.92793775040534,100 174.86098983870025,-36.92797221206772,100 174.86098884428827,-36.9279737932464,100 174.86097124415875,-36.928006898781796,100 174.86094937006166,-36.92803862197372,100 174.860923631589,-36.928068770728736,100 174.86089444166893,-36.928097243934424,100 174.8608622966597,-36.92812386255874,100 174.86082757331724,-36.9281485152406,100 174.86079071890828,-36.928171035434964,100 174.86075217590502,-36.92819124405384,100 174.8607298163373,-36.92820161982665,100 174.86069119209122,-36.92822135109792,100 174.8606505418488,-36.92823842276047,100 174.860608420646,-36.92825220600664,100 174.86056529444716,-36.928262056300014,100 174.8605326574748,-36.928266459585906,100 174.860488969604,-36.9282695542417,100 174.8604446241294,-36.92826808858823,100 174.86039992949947,-36.92826265086097,100 174.86035535107933,-36.92825381872547,100 174.86031121703348,-36.92824216028038,100 174.86026792133796,-36.92822827233738,100 174.86022900670068,-36.92821393718948,100 174.86018984671207,-36.92819689740386,100 174.8601516047664,-36.92817795045017,100 174.8601134379861,-36.928158630962315,100 174.86007450828694,-36.92814048611647,100 174.86004156368978,-36.92812756529553,100 174.86002224848542,-36.928121162032475,100 174.85997688449586,-36.9281165872787,100 174.8599649118983,-36.928118326891074,100 174.85992883529622,-36.92813567457649,100 174.85991741128137,-36.9281495013144,100 174.8599024689406,-36.9281675842157,100 174.85988627215278,-36.92820597729422,100 174.85988569041095,-36.92820814056252,100 174.85987995852506,-36.92824077703067,100 174.8598847861281,-36.92827510572479,100 174.85989706313296,-36.928310560657174,100 174.85991375013793,-36.928346666667125,100 174.85993173671082,-36.92838289022042,100 174.85994504862816,-36.928411775434135,100 174.85995877481005,-36.928447127441636,100 174.85997051913864,-36.928482049916184,100 174.8599755473115,-36.92850578134077,100 174.85996954702821,-36.92853679693476,100 174.85995288352635,-36.928565503628505,100 174.85992747132343,-36.928592377971505,100 174.8598952463455,-36.92861794574987,100 174.85985817401198,-36.92864269893957,100 174.85981815205875,-36.92866711615715,100 174.8597771331864,-36.92869172022652,100 174.85973703086762,-36.92871699042386,100 174.8596998127734,-36.92874341869883,100 174.85966737776323,-36.928771529627326,100 174.85964167745087,-36.92880180099328,100 174.8596246245686,-36.92883472741393,100 174.85962231527233,-36.92884212286278,100 174.85962135663397,-36.928845732342666,100 174.85960678382787,-36.9288788930201,100 174.85958360874858,-36.92890853265833,100 174.8595533441662,-36.92893504216913,100 174.85951754215526,-36.92895881275002,100 174.85947775333648,-36.928980268069765,100 174.85943549121026,-36.92899982877468,100 174.85939230829464,-36.929017904086116,100 174.8593824699266,-36.929021868029054,100 174.8593446730303,-36.929040888290956,100 174.8593054645059,-36.92905822895167,100 174.85926505797687,-36.929074087659316,100 174.8592237336643,-36.92908858440725,100 174.85918166887924,-36.92910194715638,100 174.85913912700875,-36.929114296164244,100 174.8591091505147,-36.92912244926382,100 174.85906485330113,-36.92913056969239,100 174.85902046177824,-36.92913841307297,100 174.85897728587938,-36.929148372634145,100 174.85893661496686,-36.9291627806387,100 174.85893036416996,-36.92916570684146,100 174.85892534627138,-36.92916817840463,100 174.8588730532242,-36.929176761934315,100 174.85884856643077,-36.92916581656995,100 174.8588511462053,-36.92914588764272,100 174.8588556324496,-36.92912161965608,100 174.85882020924626,-36.92910460654968,100 174.8580171680637,-36.92902271655142,100 174.85800207098717,-36.929057018203515,100 174.85799985368644,-36.92905882219145,100 174.85796121804032,-36.92907105557705,100 174.85791870760866,-36.92907161978934,100 174.85787557043756,-36.92906107329647,100 174.8578323417866,-36.92904513922185,100 174.85778943378136,-36.929029556136236,100 174.8577802978461,-36.92902680222895,100 174.85777759694437,-36.92902602788956,100 174.8577349078843,-36.92901474606671,100 174.85769158420203,-36.92900497756008,100 174.85766552085923,-36.92900039380033,100 174.85764758705673,-36.92899715741333,100 174.85762281849142,-36.928993789098854,100 174.85758232942595,-36.928989794232514,100 174.85756311249042,-36.92901033672398,100 174.85754967522672,-36.9290368492786,100 174.85751356058438,-36.92905738841124,100 174.85746524768274,-36.929063440340535,100 174.85745143531432,-36.929062981317074,100 174.85741327062604,-36.92905794055408,100 174.85737239369007,-36.92907238189316,100 174.8573547939685,-36.929080367089156,100 174.85731070636055,-36.929087925668405,100 174.85727331066738,-36.92909287569137,100 174.85722972020082,-36.92910412728831,100 174.85721967187442,-36.929104764857875,100 174.85718244404615,-36.9290978959097,100 174.85714366329938,-36.9290788491553,100 174.85710871277988,-36.92905298437902,100 174.85707384069758,-36.92902942574691,100 174.85705126739808,-36.929020197742446,100 174.85698497461212,-36.92902259460264,100 174.85680802771034,-36.92902473080668,100 174.8567640334362,-36.92902674369824,100 174.85672048721275,-36.92901640507528,100 174.8566994221037,-36.92901376370828,100 174.85665720766386,-36.929019586554524,100 174.85661569275788,-36.929033466172314,100 174.85657444718294,-36.929051599405,100 174.85653298730585,-36.92907010912108,100 174.85652049743746,-36.92907515621211,100 174.85647661684126,-36.929085281813215,100 174.856433784932,-36.92909712424303,100 174.85640935052842,-36.929106929566515,100 174.8564042809452,-36.92910940273337,100 174.85638404652178,-36.92913397272495,100 174.8563844432645,-36.92913653618854,100 174.85639698061686,-36.92917144483108,100 174.85641948265229,-36.92920712604321,100 174.85643700604345,-36.92924157727185,100 174.85644028433552,-36.9292645809075,100 174.85642305624043,-36.92929228917177,100 174.85638848897293,-36.929315681692096,100 174.85634352388072,-36.929335071753854,100 174.85629501668777,-36.92935071359846,100 174.85628808225087,-36.929352676022795,100 174.8562443424294,-36.92936227206631,100 174.85620015255193,-36.92937118021076,100 174.85617085798586,-36.929380295339044,100 174.856132694273,-36.92939987824016,100 174.85612847824675,-36.92940194868214,100 174.8560867975501,-36.92941867978505,100 174.8560422286496,-36.92943154338461,100 174.8559961686054,-36.92943972357674,100 174.85595004562845,-36.92944234628793,100 174.85590522346624,-36.92943861056005,100 174.85589122943935,-36.92943589458311,100 174.85585015444903,-36.92942353140756,100 174.855810664285,-36.92940513163672,100 174.855772909913,-36.9293830778082,100 174.8557504734974,-36.92936861254392,100 174.8557163790921,-36.92934178758745,100 174.85569559837782,-36.929331662435985,100 174.85565520341422,-36.929336367697566,100 174.85561140507662,-36.92935411056313,100 174.8555911701085,-36.92936181671319,100 174.85554683234648,-36.92937041687176,100 174.85550201694653,-36.92937533897565,100 174.85549172316095,-36.92937585675409,100 174.8554456027073,-36.92937723991294,100 174.85539892944803,-36.929374761418906,100 174.85535239763533,-36.92936853120042,100 174.85530675284787,-36.92935859979918,100 174.85526272456394,-36.92934509462186,100 174.85522102466228,-36.929328111804914,100 174.85518237994566,-36.92930771480498,100 174.85514755618058,-36.92928399981958,100 174.85514365246814,-36.92928093863258,100 174.8551192033721,-36.92924290539939,100 174.85508902040985,-36.92921875465907,100 174.85507911371303,-36.92921759440322,100 174.85506172947603,-36.92922003006634,100 174.8550468472754,-36.92920026134768,100 174.8550430421084,-36.92918922282639,100 174.8550106712995,-36.92916605443511,100 174.8549649291417,-36.92915246956365,100 174.85496327193994,-36.92915195556091,100 174.8549573745416,-36.92915001430875,100 174.85491527183083,-36.929136693433236,100 174.85489088424444,-36.929129447421346,100 174.85488272734582,-36.92912710882754,100 174.8548462373246,-36.92910963258717,100 174.85484077806126,-36.92910918518491,100 174.85479651368115,-36.929102374026954,100 174.85475326464257,-36.929091503665475,100 174.8547104703411,-36.92907882804923,100 174.85468895987938,-36.929072493357104,100 174.8546851610268,-36.92906560440791,100 174.8546744334662,-36.92906216578076,100 174.85463180753737,-36.92904934870238,100 174.85458881097284,-36.9290375441732,100 174.85454545128147,-36.929027062130125,100 174.85450165256577,-36.92901824535892,100 174.85445735235973,-36.92901138866546,100 174.85444531574618,-36.929010729406166,100 174.85439935981353,-36.92900856198576,100 174.85435561026213,-36.929002236545934,100 174.85434702063034,-36.92899982986311,100 174.85430706056135,-36.92898323415661,100 174.85427087451822,-36.928960317120406,100 174.8542387128868,-36.92893330381554,100 174.8542223417741,-36.92891930686744,100 174.85419459562553,-36.928890529213916,100 174.85417058859613,-36.92885931818473,100 174.85414992495723,-36.92882639290665,100 174.85413224599603,-36.92879256386268,100 174.85412323523025,-36.92877309721869,100 174.85411797751541,-36.92875946571166,100 174.8541069403534,-36.92872113991267,100 174.85409796159132,-36.92868084232767,100 174.85408876104148,-36.92864070413334,100 174.85407693951277,-36.928602763725024,100 174.85406016551457,-36.92856911972978,100 174.85403609156174,-36.92854185930545,100 174.85400235100082,-36.9285230663009,100 174.85400198326403,-36.92852290169289,100 174.85395857833853,-36.928512668900964,100 174.85393022640824,-36.92853956174538,100 174.853922026773,-36.928552464195825,100 174.85390868681205,-36.92858716784689,100 174.8538943420439,-36.92862122291043,100 174.85388024143484,-36.928641072038275,100 174.85385002745318,-36.92867081507168,100 174.85381374826247,-36.92868774766826,100 174.85381143237467,-36.92868780275199,100 174.85378918366527,-36.92868815460635,100 174.853746009402,-36.92867678697818,100 174.85370322492963,-36.928658660548614,100 174.85369574660652,-36.92865453026737,100 174.85365678899686,-36.92863787091746,100 174.85362534157682,-36.928640192417355,100 174.85362785430348,-36.92866110440997,100 174.85363576272326,-36.92867752290764,100 174.8536641511204,-36.928704415020235,100 174.85370008220718,-36.928728823406644,100 174.85373189376165,-36.928755022124435,100 174.85373340888717,-36.9287573653412,100 174.8537494076566,-36.92879047979134,100 174.85375854980902,-36.9288258960004,100 174.85376183666008,-36.92886217244724,100 174.85376291702542,-36.9288825804257,100 174.8537605972173,-36.92891811698885,100 174.85375383226705,-36.928953636421184,100 174.8537435162143,-36.928988922868655,100 174.8537306620264,-36.929023710850416,100 174.853724321286,-36.92904661687571,100 174.85371281002608,-36.92908187691319,100 174.85369877371676,-36.92911643728515,100 174.85368164260387,-36.92914971922369,100 174.8536609355956,-36.92918123541238,100 174.8536360503825,-36.92921045355774,100 174.8536241157838,-36.929228515772344,100 174.85359517051157,-36.929261102434914,100 174.85355919187546,-36.92927377061948,100 174.85352877198005,-36.92926600829687,100 174.85349377712075,-36.929264365246254,100 174.85347334240348,-36.92929053321797,100 174.85347036069533,-36.9292980499124,100 174.85346890188274,-36.92933409759888,100 174.85347386695358,-36.92935423763765,100 174.85348496245294,-36.92938895459444,100 174.8534892123029,-36.92942313756798,100 174.8534785005599,-36.92945590737011,100 174.8534526593617,-36.92947004236554,100 174.85340605069567,-36.92948033740853,100 174.85339142226206,-36.92948433686925,100 174.85334872640848,-36.929494177839715,100 174.85330536497588,-36.92950240410079,100 174.8532617813069,-36.929510076798046,100 174.8532317095684,-36.92951599913739,100 174.85318847306726,-36.92952437843344,100 174.85314523803947,-36.9295328189807,100 174.8531020969093,-36.92954152123275,100 174.85305912412213,-36.92955068502262,100 174.85303725016527,-36.92955470107153,100 174.852993265437,-36.929562875656394,100 174.8529495923607,-36.929571773629455,100 174.8529068043899,-36.92958203409263,100 174.85286535083117,-36.92959436207976,100 174.85282576927898,-36.929609445925145,100 174.85281551003283,-36.929613850332444,100 174.85277761233505,-36.92963240501453,100 174.85274154844396,-36.9296535755485,100 174.85270741305663,-36.929677007140455,100 174.85267526293006,-36.92970226176558,100 174.85264975555148,-36.92972500170387,100 174.85264512538535,-36.92972907671462,100 174.85262485476298,-36.92974455591573,100 174.85259255991068,-36.92977218235105,100 174.85256605585388,-36.92980166077875,100 174.85254889297826,-36.92983314671996,100 174.85254543136287,-36.92984468175976,100 174.85254283675025,-36.929879696216794,100 174.85254949915347,-36.929916115620465,100 174.8525632005734,-36.92995261357844,100 174.8525816778529,-36.9299878535867,100 174.8525922619527,-36.93001963759446,100 174.85261052472583,-36.93005918655671,100 174.8526355860248,-36.93008971357077,100 174.85266939863695,-36.93010404699408,100 174.85268773522802,-36.93010295691307,100 174.85273304895276,-36.930093318685756,100 174.85276806830842,-36.930082278179185,100 174.8528021175105,-36.930084077702716,100 174.85280163726247,-36.93008552640935,100 174.85282084535163,-36.93009826700574,100 174.85288222638758,-36.930093880573246,100 174.8528872301323,-36.93009475518879,100 174.85293172284352,-36.93010300380175,100 174.85297594747226,-36.930106347083914,100 174.85299128091566,-36.93010479727844,100 174.85303504743968,-36.9300955733531,100 174.85304809479942,-36.930091926690146,100 174.85309103376102,-36.9300814925661,100 174.85311444662403,-36.930080702653726,100 174.85315944194107,-36.930085736435835,100 174.85319148189762,-36.93008616114416,100 174.85322730440785,-36.93009869284334,100 174.85321978379318,-36.93011757843477,100 174.85320159216553,-36.93013058901412,100 174.85319921834957,-36.93013238003408,100 174.85320111416075,-36.93013926988965,100 174.85324210339303,-36.930163948270774,100 174.85325339734518,-36.930180201284195,100 174.85326377543302,-36.93021589026274,100 174.8532629544294,-36.930253800933976,100 174.8532618847296,-36.930271381677926,100 174.85325327411775,-36.93030710293902,100 174.85323724842428,-36.93034168258771,100 174.85321533679576,-36.93037410169642,100 174.85318778481482,-36.930392804194064,100 174.85313696997423,-36.9304224368356,100 174.8531022954646,-36.930449020763795,100 174.8531086283188,-36.93047181729412,100 174.85311185785537,-36.930473604686476,100 174.85310835327513,-36.93048484658072,100 174.8530492634174,-36.930502494570746,100 174.85303048361283,-36.930514263269686,100 174.8529972397888,-36.93053873197261,100 174.8529641407138,-36.930563430047116,100 174.85294538443205,-36.930575383136606,100 174.85290891019818,-36.930596732279085,100 174.85287104278194,-36.93061646364697,100 174.85283193703654,-36.9306344810852,100 174.85281073705903,-36.93064302292889,100 174.8527696245634,-36.930657776429406,100 174.852728082245,-36.93067198140854,100 174.85268711710415,-36.93068707237968,100 174.85266041409102,-36.93069874382253,100 174.85262159521739,-36.93071711363955,100 174.85258345791445,-36.930736461559626,100 174.85254580434489,-36.93075640670714,100 174.85250989278765,-36.930775545923225,100 174.85247273708353,-36.93079597720454,100 174.85243567040482,-36.93081656211279,100 174.85240214574023,-36.93083310610912,100 174.85236304130774,-36.93085183631956,100 174.85232421929626,-36.930870778428655,100 174.85228640695334,-36.930890616912,100 174.8522503124456,-36.93091194370763,100 174.85221669517392,-36.93093542656748,100 174.8521949670893,-36.93096047072154,100 174.85216996561562,-36.930991796766826,100 174.8521427214213,-36.931020777400185,100 174.8521093157718,-36.93104372965622,100 174.85207956265808,-36.931055794653574,100 174.85207094908952,-36.93105834364686,100 174.85203316717542,-36.9310761058331,100 174.85205275408183,-36.931101756577064,100 174.85205324685336,-36.931115019946766,100 174.85203323868234,-36.93114943532294,100 174.85201398074716,-36.93116920243647,100 174.8519795915964,-36.931193550821085,100 174.8519458895479,-36.931215765867485,100 174.8519127782057,-36.93124002940818,100 174.85190320605716,-36.93124945509963,100 174.85187873031535,-36.93127978143169,100 174.8518578574156,-36.9313122435822,100 174.8518473057511,-36.93132772700427,100 174.85182701793588,-36.931360103412146,100 174.85180868656755,-36.93139320371049,100 174.8517923962341,-36.93142695086996,100 174.85178020515582,-36.9314497100827,100 174.85176382652486,-36.93148407782309,100 174.85175173642645,-36.93151903754658,100 174.8517462845349,-36.93155453458447,100 174.85174742443186,-36.93157848925142,100 174.85175247207732,-36.93161467339388,100 174.85175389034225,-36.93164062014608,100 174.8517558584865,-36.931676809951455,100 174.8517602750564,-36.93171271100527,100 174.851761157158,-36.93172373843483,100 174.8517670734434,-36.931760788718556,100 174.85178413146647,-36.93179342091882,100 174.85180725492245,-36.93181354372195,100 174.85181716704207,-36.931832407014255,100 174.85183716401204,-36.93185657863516,100 174.85187155525827,-36.93187183070967,100 174.85190495727602,-36.93188308822419,100 174.85192134514529,-36.931908762740406,100 174.85193065919378,-36.93191882403365,100 174.8519638342843,-36.93194362111326,100 174.85199123083316,-36.931957986288694,100 174.8520281332436,-36.93197855389877,100 174.85202860870442,-36.931978854734574,100 174.85205687444724,-36.93200700466402,100 174.85204295726567,-36.932038930222845,100 174.8520420052382,-36.932040231257744,100 174.85201117035353,-36.93206555622715,100 174.85197255794023,-36.932086553574706,100 174.85196810750512,-36.93208892316061,100 174.8519289881831,-36.93210971298473,100 174.85189990812844,-36.93213601462785,100 174.85189164179533,-36.93215546878282,100 174.8518875766013,-36.93217811839461,100 174.85188782329521,-36.932214617156,100 174.85188678586326,-36.93222305978853,100 174.8518826384667,-36.932259478363896,100 174.85188440731594,-36.93229531615055,100 174.85188899219358,-36.93230643454565,100 174.85190164144694,-36.93234106341161,100 174.85189892971536,-36.93236517458721,100 174.8518979732364,-36.932377287038385,100 174.85189667167813,-36.93238488294305,100 174.8518988721382,-36.932397358060506,100 174.85190306370214,-36.932415095582854,100 174.8519092233556,-36.93243208766161,100 174.85191865479848,-36.9324484816087,100 174.8519289513389,-36.93246039962089,100 174.8519432840282,-36.93247449356232,100 174.8519563608981,-36.93248819157998,100 174.85196844014047,-36.93250339413892,100 174.85196923324375,-36.93250457241401,100 174.8519783912469,-36.93252112564805,100 174.85198449555858,-36.93253861341083,100 174.8519871401343,-36.93255153135838,100 174.85198952337183,-36.932569562971764,100 174.8519915644837,-36.9325812519163,100 174.85199543026079,-36.932599072930884,100 174.8519963794515,-36.93260224700023,100 174.85200246619837,-36.93261970439079,100 174.85200787996044,-36.93263723537036,100 174.85200906026137,-36.93264842759317,100 174.85201149328122,-36.93266638181698,100 174.85201612352205,-36.93267914080431,100 174.8520251805502,-36.932695788444974,100 174.85203351019425,-36.93270854561118,100 174.85204528609515,-36.9327240160784,100 174.8520527308793,-36.93273338095244,100 174.85206486217868,-36.93274859801078,100 174.85207561828437,-36.93276345075281,100 174.8520807789526,-36.9327747449286,100 174.85208564658126,-36.932792533187175,100 174.85208797238673,-36.93280452594051,100 174.8520915617493,-36.93282238280877,100 174.85209527608257,-36.93283130112858,100 174.85210201417556,-36.93284853113463,100 174.85210295228333,-36.93285518988325,100 174.85210326347,-36.93287333493262,100 174.85210351554014,-36.9328912177183,100 174.85210201231303,-36.93290745863703,100 174.85209759045657,-36.932925205221764,100 174.85209189948782,-36.93293811077758,100 174.85208333671417,-36.932954920585225,100 174.85208249812322,-36.93295719778438,100 174.85207534609165,-36.93297435602934,100 174.85207381612648,-36.93297664311129,100 174.85206047500583,-36.93299127595049,100 174.85205281680777,-36.93299856180733,100 174.85203878732634,-36.93301267991097,100 174.85203158076447,-36.93302262212577,100 174.85202852556338,-36.933033236868845,100 174.85203764694114,-36.93303867106887,100 174.8520490353089,-36.93305389971572,100 174.8520681697028,-36.933059301211266,100 174.8520780029388,-36.933063576922684,100 174.85209595277243,-36.93307449585066,100 174.85210215094713,-36.933078648898075,100 174.85211781739739,-36.933091527760304,100 174.85212437849913,-36.933097594057976,100 174.85213602951907,-36.933112911435074,100 174.85214032458003,-36.93312480857362,100 174.8521419342916,-36.93314302530142,100 174.85214224468473,-36.93315074658392,100 174.85214090802165,-36.933168719947346,100 174.85213733832708,-36.93318660556353,100 174.85213556032096,-36.93319710664898,100 174.85213096675398,-36.93321490278145,100 174.85212316339457,-36.933231638554524,100 174.8521120297495,-36.93324604678705,100 174.85209807394185,-36.93326033409808,100 174.85208974167978,-36.93326955208812,100 174.8520752669564,-36.93328322828316,100 174.8520706249399,-36.93328686992168,100 174.85205316447036,-36.933298166329934,100 174.85203421202596,-36.933307985307735,100 174.85202386210608,-36.93331288679156,100 174.85200411466596,-36.93332145000604,100 174.85199971835226,-36.933323275252796,100 174.8519797580203,-36.93333162456549,100 174.85196079660722,-36.93334112009734,100 174.85195010221517,-36.93334867502896,100 174.8519334408129,-36.933360747612625,100 174.85191564728004,-36.93337057733844,100 174.85190305655232,-36.933376415983886,100 174.85188373817877,-36.933385497956735,100 174.851871978359,-36.93339263866703,100 174.8518549981671,-36.93340443680231,100 174.85184281829723,-36.93341338129526,100 174.85182626274502,-36.933425514404405,100 174.85182107151948,-36.933429334948556,100 174.851803468049,-36.93344043165499,100 174.8517984043642,-36.9334425169686,100 174.8517779333163,-36.93344989988482,100 174.85177191796242,-36.933453255579565,100 174.85175467138623,-36.93346481089322,100 174.85175397521883,-36.933465272410864,100 174.85173622994455,-36.93347626316045,100 174.85127658903411,-36.93363482005478,100 174.85125776101935,-36.93364542742881,100 174.8512504778152,-36.933649238203124,100 174.85123041150007,-36.93365817940909,100 174.85120951981116,-36.93366595455207,100 174.85119697160889,-36.933670167378516,100 174.85117562090625,-36.933676976245174,100 174.85116318451796,-36.93368079885541,100 174.85114188768162,-36.93368769971233,100 174.85113224802754,-36.93369068465315,100 174.85111051535665,-36.93369678832083,100 174.85110926472743,-36.93369725757757,100 174.85109121595832,-36.933708564820705,100 174.85108196168602,-36.93371499580938,100 174.85106409240097,-36.933724579628226,100 174.8510467584949,-36.93373675540958,100 174.85104478292422,-36.93373788942506,100 174.851023836613,-36.93374558967628,100 174.85101385349805,-36.93374741906032,100 174.8509909194437,-36.93374864906387,100 174.8509885869667,-36.93374876744542,100 174.85096583738184,-36.93375237856289,100 174.85095582429727,-36.93375306192874,100 174.85093318717384,-36.933749904167534,100 174.8509203832027,-36.933745818882855,100 174.85090074809895,-36.93373652409105,100 174.85088188394602,-36.93372568142689,100 174.85087948071788,-36.93372440656531,100 174.85085908808037,-36.93371591403373,100 174.85083901866926,-36.93370783377188,100 174.85081919165444,-36.93369849508908,100 174.85079939756264,-36.933689078376084,100 174.85079761199194,-36.93368827338792,100 174.85077710153828,-36.933679922383206,100 174.8507608629371,-36.93367281440847,100 174.85074194118718,-36.93366242057593,100 174.8507235877702,-36.93365124635082,100 174.85072325406637,-36.933651050557586,100 174.85070536221932,-36.93363904532754,100 174.85069306064113,-36.93363303057037,100 174.85067054253128,-36.93362912821472,100 174.85066227869498,-36.93362730385509,100 174.850643352524,-36.93361672620584,100 174.85063672644173,-36.93361340175649,100 174.8506145509904,-36.933609368765715,100 174.8505947252902,-36.93360723158078,100 174.8505731824003,-36.93360098859811,100 174.8505519750739,-36.933593718283284,100 174.8505434968598,-36.93359096799426,100 174.8505217504864,-36.933584899424524,100 174.85049968276516,-36.933579702930004,100 174.85048709659097,-36.933577286154375,100 174.85046444531497,-36.933574236681885,100 174.85044183595772,-36.933571481283806,100 174.85041938632867,-36.93356753094413,100 174.85039701301147,-36.933563254033935,100 174.8503919207687,-36.93356230318172,100 174.85036920966957,-36.93355896169381,100 174.85034994209346,-36.93355501763402,100 174.85032917474143,-36.93354806489814,100 174.85031463125003,-36.93354224367058,100 174.8502939735149,-36.9335348556847,100 174.85027398314352,-36.93352651090821,100 174.85027109209844,-36.933525120154734,100 174.850252452949,-36.93351489399123,100 174.85023558885746,-36.93350318092528,100 174.85022940460013,-36.93349825422924,100 174.85021501624587,-36.93348463955043,100 174.85020203455903,-36.93347259738784,100 174.85018535905903,-36.933460789440964,100 174.850167842956,-36.933450527737655,100 174.8501488637961,-36.93344119015036,100 174.85014128342516,-36.93343712343263,100 174.850125123024,-36.933424515189344,100 174.85011564484176,-36.933418669089335,100 174.85009453076245,-36.93341227963202,100 174.85008135395663,-36.93341171611918,100 174.85005938818787,-36.9334155627127,100 174.85005643508774,-36.933417038221286,100 174.85004232283677,-36.933430676978666,100 174.85003954931176,-36.933434982541826,100 174.85003020944768,-36.933451157165315,100 174.8500266911262,-36.93345869655662,100 174.8500181903659,-36.93347521322572,100 174.85001047332594,-36.9334919637439,100 174.8500087330648,-36.933496097278635,100 174.8500023915624,-36.93351317968221,100 174.84999692059344,-36.9335305108064,100 174.84999343564633,-36.93354249589483,100 174.84998817304597,-36.93355985441696,100 174.84998457511497,-36.933573435702904,100 174.84998207786126,-36.93359135141884,100 174.84997867263007,-36.933608955904525,100 174.8499770008417,-36.9336137391259,100 174.8499677982071,-36.93362987915879,100 174.84995601392276,-36.93364521217212,100 174.84995502631864,-36.933646437132595,100 174.8499429906407,-36.933661449585806,100 174.84994042361689,-36.933664405355266,100 174.84992791805723,-36.93367930164684,100 174.84991403842693,-36.93369323059575,100 174.84990940225958,-36.93369707305454,100 174.84989252084742,-36.93370869992544,100 174.8498884667754,-36.9337110308118,100 174.8498712198139,-36.93371998374664,100 174.84985252285603,-36.93372965869466,100 174.84984897194437,-36.93373143914525,100 174.84982961244248,-36.9337402735645,100 174.8498244588979,-36.93374287124379,100 174.84980707840003,-36.93375396418402,100 174.84979037688973,-36.93376583519995,100 174.84978988421173,-36.93376616915372,100 174.84977248723865,-36.933777277668106,100 174.84977032870222,-36.93377869302129,100 174.84975268444143,-36.93378960439062,100 174.8497370124454,-36.93380314573284,100 174.84971709919938,-36.93380351904403,100 174.84971610718426,-36.93381691641585,100 174.8496989537465,-36.93382806799444,100 174.84968485108303,-36.933842759304085,100 174.8496845499204,-36.93384312001757,100 174.84967206337197,-36.93385806285527,100 174.84965973617795,-36.93387314201276,100 174.84965892925692,-36.93387403877916,100 174.84964405107107,-36.93388748932844,100 174.84963149860897,-36.93389803383933,100 174.84961621638584,-36.93391125903959,100 174.8496063469815,-36.93392058192264,100 174.8495924077591,-36.933934883107334,100 174.8495825424786,-36.93394823212658,100 174.8495750867591,-36.93396506957975,100 174.84957011172153,-36.93398281027116,100 174.84956879341132,-36.93398786558769,100 174.84956304999724,-36.934005310897355,100 174.84955960272802,-36.93401876544142,100 174.84955706943927,-36.93403663484118,100 174.84955606283654,-36.93405467875021,100 174.84955585898408,-36.93406129492016,100 174.849555197322,-36.93407930281102,100 174.84955495162353,-36.9340973330646,100 174.84955488208345,-36.93410383898375,100 174.8495543760349,-36.934121828226694,100 174.84955430317737,-36.934139855787805,100 174.84955434246774,-36.9341419922086,100 174.84955504739455,-36.93416000765402,100 174.84955610953455,-36.93417324594004,100 174.8495582475985,-36.93419118858718,100 174.84955925963357,-36.93419868443427,100 174.84956150168526,-36.934216609237644,100 174.8495624089297,-36.93422339287055,100 174.84956530681436,-36.93424127681281,100 174.84956692411393,-36.93425393230904,100 174.8495682522843,-36.93427199843414,100 174.84956730741638,-36.93428846226607,100 174.84956399858075,-36.93430643658232,100 174.8495569667295,-36.934323578387065,100 174.8495558085236,-36.93432554959183,100 174.8495443547523,-36.9343409540288,100 174.84953706807306,-36.93434917942511,100 174.84952523308877,-36.93436460602221,100 174.84951255448624,-36.93437945809754,100 174.84950640393453,-36.93438554228184,100 174.8494905518344,-36.93439818868172,100 174.84947321976426,-36.9344097603229,100 174.8494643588231,-36.93441537927943,100 174.84944730732866,-36.93442713221873,100 174.84942984770473,-36.934438490424704,100 174.84941864711058,-36.934445232814,100 174.84939992113664,-36.93445515690908,100 174.84938089208708,-36.93446471257486,100 174.84936748732807,-36.93447182007569,100 174.84934983237497,-36.934482994738936,100 174.84933201618398,-36.934493955593815,100 174.84932864143178,-36.93449582612155,100 174.84930934228785,-36.93450498489483,100 174.84928928933286,-36.934513150432316,100 174.8492783834973,-36.93451731674808,100 174.8492580596886,-36.93452500699593,100 174.84923773325087,-36.934532635090115,100 174.84923590126866,-36.93453334772517,100 174.84921615466797,-36.934541971758286,100 174.84919618960623,-36.93455015123382,100 174.84919434002583,-36.93455083259608,100 174.8491735070642,-36.93455761862206,100 174.8491527716999,-36.93456286817428,100 174.84913093048604,-36.9345668667859,100 174.84910879150516,-36.93457006605214,100 174.84909843933215,-36.934571636936944,100 174.84907664113558,-36.93457597556815,100 174.849054767005,-36.934580006224685,100 174.84905459490332,-36.934580039549736,100 174.8490324480648,-36.9345829604159,100 174.84901395619863,-36.93458478063041,100 174.84899158074708,-36.934586279158744,100 174.8489691798812,-36.934587422958,100 174.84894777112186,-36.93458882800956,100 174.84892556814114,-36.93459156315658,100 174.8489033632961,-36.934594267683565,100 174.84889891297158,-36.93459470021505,100 174.8488765259157,-36.93459636925216,100 174.84885554439632,-36.93459691588569,100 174.8488331409062,-36.9345960461483,100 174.84881402277574,-36.93459513516513,100 174.84879153285303,-36.93459556737242,100 174.84877110612717,-36.93459551588829,100 174.84874870602061,-36.934592834426326,100 174.84874279629858,-36.934592996745906,100 174.84872497704268,-36.93459737610991,100 174.84870762951354,-36.93460320285914,100 174.8486943971335,-36.934602485032705,100 174.8486728832721,-36.934597356189926,100 174.8486715780418,-36.934597053838985,100 174.8486492493639,-36.93459440098966,100 174.84864146953447,-36.934594534736334,100 174.84861946106383,-36.934598071677776,100 174.8486094930807,-36.93460109217253,100 174.84858929301345,-36.934608935407496,100 174.84858116222648,-36.93461276011744,100 174.84856228084368,-36.934622671178936,100 174.84855239812774,-36.934626944079476,100 174.84853071063648,-36.93463154497451,100 174.8485194972587,-36.93463390525444,100 174.84849881082542,-36.934640997133535,100 174.84849073168027,-36.934644821934704,100 174.84847249221818,-36.934655464776036,100 174.8484633195253,-36.93466300922807,100 174.84845002565848,-36.934677547196294,100 174.84844318172537,-36.93468811808301,100 174.84843506767422,-36.93470490622812,100 174.84843080355887,-36.93471430218848,100 174.8484205245629,-36.93473033718229,100 174.84841035031158,-36.934746385867044,100 174.84841020178231,-36.93474665136514,100 174.84840222763944,-36.93476351484362,100 174.84839604876245,-36.93478088756143,100 174.84839275245164,-36.93479283902277,100 174.84838940517713,-36.93481067510337,100 174.84838769398354,-36.93481717863763,100 174.84837885337436,-36.93483396276703,100 174.84837622634902,-36.9348411781809,100 174.84837841169903,-36.934858950666076,100 174.8483807512675,-36.934869535416375,100 174.84838162654407,-36.93488225025111,100 174.84836883503607,-36.93489681013362,100 174.8483585743411,-36.934912907028334,100 174.84835738320723,-36.93491426042784,100 174.84834075451403,-36.93492698095717,100 174.84833497531778,-36.93492882939978,100 174.84831307077053,-36.93492849259112,100 174.84829296308303,-36.93492742928335,100 174.8482704951261,-36.93492738064681,100 174.84826236807385,-36.93492745758286,100 174.84824547243255,-36.93492750066253,100 174.848223201304,-36.93492509560303,100 174.8482226270434,-36.93492498106094,100 174.8482030079687,-36.93491955674982,100 174.84818194635312,-36.93491321210733,100 174.84817832466467,-36.93491229865942,100 174.84815637528644,-36.93490833920753,100 174.84814181853292,-36.934907272392756,100 174.84811943177843,-36.934907656900506,100 174.848099784955,-36.93490768419596,100 174.8480780450683,-36.93490314732704,100 174.8480774176999,-36.934902972321005,100 174.848056872362,-36.93489717663701,100 174.84803442312992,-36.93489780996452,100 174.8480317550133,-36.93489830485683,100 174.84801049795948,-36.934904089603975,100 174.84800708686302,-36.93490524771503,100 174.84798617997143,-36.934911863434145,100 174.8479827000406,-36.934913007293375,100 174.847979664535,-36.934914003629345,100 174.84795874117304,-36.934920634922484,100 174.84795265784203,-36.934922768391026,100 174.84793267794433,-36.93493104072326,100 174.84791970877515,-36.93493699299975,100 174.847900196103,-36.93494596919756,100 174.84789179855747,-36.934950141416,100 174.84787341713204,-36.93496067731612,100 174.8478684609641,-36.934962899594204,100 174.84784657241352,-36.93496708438019,100 174.84783508362494,-36.93496948042858,100 174.84781628622198,-36.93497934319734,100 174.84780670195266,-36.93498444781828,100 174.84778593791006,-36.93499186615945,100 174.84776598611208,-36.93499539887849,100 174.84774363075158,-36.934994992368196,100 174.84772894418538,-36.93499361836976,100 174.84770652488294,-36.93499214478157,100 174.8477001355498,-36.93499183591145,100 174.84767768033635,-36.93499161841742,100 174.84765519062958,-36.934992064828506,100 174.84764618482393,-36.93499225093699,100 174.8476236476346,-36.93499282336466,100 174.84760119237694,-36.93499260405421,100 174.8475959085439,-36.93499227707469,100 174.84757369163444,-36.934989327552685,100 174.8475593249589,-36.93498757721109,100 174.8475368442552,-36.934987698983896,100 174.8475143527202,-36.934988069685716,100 174.84751222330826,-36.93498799736482,100 174.84748979392464,-36.934986152548014,100 174.8474724579906,-36.93498330642267,100 174.84745089209517,-36.93497816284603,100 174.84743404179753,-36.93497278365593,100 174.84741383582613,-36.934964813099086,100 174.84740343133342,-36.934961151578335,100 174.8473814486612,-36.93495725379066,100 174.84736505061295,-36.93495391084998,100 174.84734461048157,-36.93494623955786,100 174.8473422038984,-36.934944824971964,100 174.84732707992535,-36.93493156479159,100 174.84732210632558,-36.93492664795048,100 174.84730596476643,-36.93491407057725,100 174.847293795723,-36.93490591637262,100 174.84727572973026,-36.934895152651066,100 174.8472565732139,-36.93488563169019,100 174.847248121551,-36.93488193616841,100 174.84722798335915,-36.93487388791243,100 174.84722297265,-36.93487213077635,100 174.84720222091335,-36.9348650844162,100 174.84719006557793,-36.934861962065575,100 174.84716806876187,-36.93485817441909,100 174.84714984168534,-36.93485692212633,100 174.84712733635928,-36.93485676659708,100 174.84710868271534,-36.934858401557705,100 174.84708651214117,-36.93486169467733,100 174.8470734719096,-36.934864984562275,100 174.8470530022275,-36.93487241261773,100 174.84704465662747,-36.934875947635625,100 174.8470245501897,-36.93488405143467,100 174.84700666106744,-36.934891636728686,100 174.84698661185223,-36.93489992530349,100 174.84696731232026,-36.934909130574525,100 174.8469659311108,-36.934909866807814,100 174.84694797380646,-36.934920721345726,100 174.84693159668484,-36.9349324778596,100 174.8469158367981,-36.93494533880364,100 174.84690321385938,-36.934955823738484,100 174.84688626956705,-36.934967713450874,100 174.84686973155704,-36.934979922218396,100 174.84686934172362,-36.93498023833673,100 174.84685469400827,-36.93499391659717,100 174.84684460072756,-36.93500393855719,100 174.84682995190275,-36.93501761773323,100 174.84681495177574,-36.93503106983073,100 174.84681346356174,-36.935032350322224,100 174.84679802197846,-36.93504546858454,100 174.84678278655966,-36.93505787159418,100 174.84676641008852,-36.93507030857335,100 174.84675049081065,-36.935083034072754,100 174.8467447642059,-36.93508813358872,100 174.84673120474065,-36.93510247630714,100 174.8467186695096,-36.935116922969534,100 174.84670544780641,-36.935131537137444,100 174.84669209183122,-36.93514570543546,100 174.8466783085615,-36.935160033602386,100 174.84666690177852,-36.935170110226714,100 174.84665035468257,-36.935182643581314,100 174.84664264087664,-36.9351865391884,100 174.84662628394597,-36.93519578696892,100 174.84661179330433,-36.935196530594986,100 174.84659000736517,-36.93519352821904,100 174.84658524807188,-36.9351920934245,100 174.84656613115368,-36.93518346855154,100 174.8465481321902,-36.93517259641948,100 174.84654781569486,-36.935172415669335,100 174.8465291410388,-36.935162808682286,100 174.84651670561556,-36.93515631607082,100 174.84649838151736,-36.93514625386758,100 174.8464869348498,-36.93513983690974,100 174.846469074314,-36.935129023902476,100 174.8464575950828,-36.93512335103847,100 174.84643698732603,-36.93511715315325,100 174.8464151004345,-36.935113595297935,100 174.84640942752787,-36.93511291829397,100 174.84638745938216,-36.93511087862138,100 174.8463761333838,-36.93510964778347,100 174.8463547878804,-36.93510433023018,100 174.8463387710422,-36.935101662618784,100 174.84631674255274,-36.93510321744075,100 174.84630821139237,-36.935104974281316,100 174.84628742999692,-36.93511112266983,100 174.84627589916633,-36.93511522271964,100 174.84625536351822,-36.935122109970344,100 174.84625391796752,-36.93512241366021,100 174.84623188648322,-36.93512379816328,100 174.84621931136095,-36.935122449732454,100 174.84619813751596,-36.935117731564624,100 174.8461792353474,-36.93511195507106,100 174.84615822991185,-36.93510639875228,100 174.84615807279516,-36.93510635522782,100 174.84613847487287,-36.935097801757784,100 174.84612768661628,-36.93509340340258,100 174.84610601971175,-36.935089003840375,100 174.84608933323716,-36.93508654940414,100 174.84606764767167,-36.93508142275843,100 174.84605236294757,-36.93507898978615,100 174.84602999182053,-36.93507932678859,100 174.84601212298682,-36.935081197239214,100 174.84598981764938,-36.93508333044667,100 174.84596753918825,-36.93508587964272,100 174.84595403805642,-36.93508742800708,100 174.84593176110627,-36.93508999339672,100 174.84590943589282,-36.93509204758181,100 174.84590694923796,-36.93509219980719,100 174.84588449314174,-36.93509325014736,100 174.84586199631607,-36.93509340340004,100 174.84585848458912,-36.93509337056557,100 174.8458360046405,-36.935092873698004,100 174.845834269194,-36.93509265641891,100 174.84581294240385,-36.9350873682203,100 174.8457991504797,-36.935082540631235,100 174.8457783512632,-36.93507566420791,100 174.84575749144634,-36.93506906813267,100 174.84574850219244,-36.93506663640166,100 174.84572682712854,-36.93506194396709,100 174.84570475468755,-36.93505855831293,100 174.84570284602935,-36.935058328401965,100 174.84568057642153,-36.93505533337655,100 174.84565819565506,-36.935054013829294,100 174.8456535264374,-36.93505403142882,100 174.84563116799657,-36.93505549931754,100 174.8456096107972,-36.9350584392245,100 174.8455875650059,-36.935061930219156,100 174.8455655450077,-36.93506569931722,100 174.84556067036846,-36.93506646369654,100 174.84553835750654,-36.93506898360319,100 174.84551607868323,-36.93507151829906,100 174.84550348695421,-36.935073437341565,100 174.84548189561983,-36.935078360663844,100 174.8454605874221,-36.9350842232654,100 174.8454416855125,-36.93508948784108,100 174.84542011621986,-36.93509462712685,100 174.84539860191327,-36.93509985839026,100 174.8453922465433,-36.93510151645338,100 174.8453709731607,-36.93510733343178,100 174.84534986732112,-36.93511362640433,100 174.84533638581817,-36.935117898187926,100 174.84531524930043,-36.93512431601358,100 174.84529557323705,-36.93513169988804,100 174.84527615557798,-36.93514099955875,100 174.845258344965,-36.935152176040106,100 174.84525097068774,-36.93515781574646,100 174.84523623175147,-36.93517135642469,100 174.84522271345233,-36.93518588220396,100 174.84522010651864,-36.93518868256496,100 174.84520532193181,-36.93520242584494,100 174.84519844398093,-36.93521044273231,100 174.84518465697937,-36.93522597855823,100 174.84515530248845,-36.93529021136442,100 174.8451591445808,-36.93528964962121,100 174.8451692310823,-36.93530736428224,100 174.84517499474697,-36.935325725670815,100 174.8451835031821,-36.93536017806366,100 174.84518534466946,-36.93538714042755,100 174.8451848296366,-36.93541462342253,100 174.84517681486952,-36.93544883055641,100 174.84517291255221,-36.93547119891331,100 174.8451812709127,-36.93547009559338,100 174.8451721073524,-36.93551053429161,100 174.8451645841883,-36.93552224670848,100 174.845154461533,-36.935538325866005,100 174.84514535189476,-36.93555478856575,100 174.8451398654386,-36.93556570861473,100 174.84513208163773,-36.93558258334422,100 174.8451261057132,-36.93559592744252,100 174.84511779963552,-36.93561265525991,100 174.8451095268777,-36.93562936813779,100 174.8451080216871,-36.93563260023365,100 174.8451011095197,-36.93564972279933,100 174.8450943013677,-36.93566687529451,100 174.84508919121103,-36.93567831496411,100 174.84508030900784,-36.935694851638274,100 174.8450704313304,-36.935711034239105,100 174.84506788945376,-36.935714950323494,100 174.84505759239565,-36.93573101595917,100 174.8450539902493,-36.93573538295635,100 174.84503905812215,-36.935748786907865,100 174.84502100082628,-36.935759844608185,100 174.84501752039134,-36.935761622919614,100 174.84499817142262,-36.93577028694839,100 174.84497735788187,-36.93577716297636,100 174.84495597125328,-36.935783321440375,100 174.84494274178775,-36.935787248564544,100 174.84492212691183,-36.935794494643176,100 174.84490165899768,-36.9358020151405,100 174.84488158687157,-36.935810118047705,100 174.8448704927779,-36.93581501605694,100 174.84485177555877,-36.93582529532917,100 174.84483282458334,-36.93583393602228,100 174.84481127901964,-36.935838672841584,100 174.84478887645355,-36.93584172037565,100 174.84478816937408,-36.93584182509915,100 174.8447658019688,-36.93584488740504,100 174.84475317486994,-36.935848093105115,100 174.8447415783234,-36.93585296826405,100 174.84472883199763,-36.93586729542051,100 174.8447228709492,-36.93588056175424,100 174.84471482552067,-36.93589734768571,100 174.8447091525633,-36.93590971002367,100 174.84469906492563,-36.93592580392157,100 174.84468834727087,-36.93594165974333,100 174.84467883913177,-36.935957433680215,100 174.84467176861543,-36.93597446674689,100 174.8446654474068,-36.93599174955507,100 174.84466242153457,-36.93599957587359,100 174.84465451563202,-36.93601642182448,100 174.84464650421577,-36.93603322254539,100 174.8446457693912,-36.936034831103775,100 174.8446392592512,-36.93605214839204,100 174.84463392494138,-36.936062910125685,100 174.84462289595757,-36.936079406210204,100 174.84461678238782,-36.93608364636823,100 174.8445948312455,-36.936087444864846,100 174.84459012008796,-36.93608716924393,100 174.84456803807925,-36.93608344373209,100 174.84456099858676,-36.93608085363444,100 174.8445426565628,-36.936070745441114,100 174.84452775415352,-36.93605991232567,100 174.8445102281236,-36.93604862784428,100 174.84449588641942,-36.936039395774884,100 174.84447835929112,-36.93602806533829,100 174.84447207147534,-36.93602447210428,100 174.84445266693163,-36.93601537275771,100 174.84444899064235,-36.93601373177636,100 174.8444334917384,-36.936011688591655,100 174.84442397095137,-36.936013339894174,100 174.844416714246,-36.93601491997263,100 174.84440811968307,-36.93601689398017,100 174.84438923327272,-36.936026680081675,100 174.84437130007547,-36.936037163417495,100 174.84435340906126,-36.93604208403864,100 174.8443514168799,-36.93604262873774,100 174.8443219329173,-36.936054532610136,100 174.84431172271402,-36.936060189270826,100 174.84429415206228,-36.93606349514615,100 174.84427390351613,-36.936066893088395,100 174.84425991577166,-36.93606903738383,100 174.8442409404522,-36.936070245160835,100 174.84423227349544,-36.936075364991986,100 174.8442155181943,-36.93606968913799,100 174.84418481339281,-36.93605907979532,100 174.8441802315326,-36.936061047342456,100 174.84413812795268,-36.93604521341248,100 174.84410484079683,-36.93601550639095,100 174.8440557896106,-36.935988779704424,100 174.84403728706215,-36.93598043961435,100 174.8439880050777,-36.93597106242262,100 174.84392239917398,-36.93596179360775,100 174.84387618253942,-36.93595973526816,100 174.84384153470282,-36.935971262244074,100 174.84383520569298,-36.93597979600003,100 174.8438465783065,-36.9359846812156,100 174.8438922099593,-36.93598492167172,100 174.84391192678595,-36.9359888120288,100 174.84392837442917,-36.93599597988523,100 174.84393969483548,-36.93600414941805,100 174.84395105644336,-36.93601123311838,100 174.84395544117564,-36.936020047549476,100 174.84395853014402,-36.936026297112846,100 174.84397396942643,-36.93603583667813,100 174.8438964013898,-36.93601963318268,100 174.8436403900726,-36.935966111562344,100 174.8436168231738,-36.93584269715539,100 174.8435975951705,-36.93574194400524,100 174.8435766907212,-36.93563214327185,100 174.84357024910395,-36.935598631191965,100 174.84354291927016,-36.93545528837238,100 174.84351559028167,-36.93531192930523,100 174.84350638853053,-36.935263721656916,100 174.84333652309533,-36.935295992584365,100 174.8433180416039,-36.935299515252005,100 174.84317326657268,-36.93532701960307,100 174.84312491298942,-36.9353499625623,100 174.84310708091763,-36.93535839903871,100 174.84307773488413,-36.93537225092211,100 174.8429822385899,-36.93541751135949,100 174.8428867257357,-36.935462788201875,100 174.8427192349964,-36.93554217586271,100 174.84268993003047,-36.935442910189494,100 174.8424933060779,-36.93548033073868,100 174.84257061186682,-36.93574267227148,100 174.8422299056679,-36.93567151699858,100 174.84186493194267,-36.93558915970811,100 174.84141127452543,-36.93548361655426,100 174.8414358062423,-36.93539781868555,100 174.84147254175696,-36.93526943964944,100 174.84151131635892,-36.935133839127666,100 174.84135373014874,-36.93507484987277,100 174.8412988602818,-36.93505429258091,100 174.84136437367926,-36.93489847358645,100 174.84092631412005,-36.934988835105194,100 174.84092364440968,-36.934919499006895,100 174.840894710478,-36.93414504641917,100 174.84051100474136,-36.93441900308708,100 174.8402539962907,-36.93442799623038,100 174.83960299384722,-36.93444900190229,100 174.83892600793152,-36.934473004041834,100 174.8383180017135,-36.9344959938545,100 174.8365559988875,-36.93455699744041,100 174.8365710023994,-36.93483499298776,100 174.83657599656522,-36.93492499486565,100 174.83659900137206,-36.935337992971654,100 174.83661399513798,-36.935628006867816,100 174.83597199745952,-36.93587400214017,100 174.8356300083973,-36.93591099382907,100 174.8354700032511,-36.936019992974245,100 174.83522300404368,-36.93611399738952,100 174.83500799387474,-36.936230004841136,100 174.83232641397518,-36.937258394969795,100 174.8321227718834,-36.937336488824926,100 174.8320380007115,-36.93736899708113,100 174.8320330027859,-36.93737100212956,100 174.83203287597553,-36.93737105185636,100 174.83182200727842,-36.93745399496383,100 174.8317280895648,-36.93751957486594,100 174.83171046180638,-36.93753188308722,100 174.8317064740559,-36.93753467111034,100 174.83170599907965,-36.937534998407706,100 174.83130499973313,-36.937691007415665,100 174.83130299652035,-36.93771600587257,100 174.83129699329433,-36.937752006288235,100 174.8312920009818,-36.937783003187704,100 174.83128099987778,-36.93781899596387,100 174.83126700578384,-36.93783399260563,100 174.83125499987958,-36.93784700541324,100 174.83124899954802,-36.937850994379936,100 174.83122199620135,-36.93787700664211,100 174.8312040058283,-36.93791099720969,100 174.83119099825018,-36.93794699298242,100 174.8311809939796,-36.93796899896137,100 174.83116699257346,-36.93800400508348,100 174.83116599859017,-36.9380069956819,100 174.8311662521785,-36.93801529205792,100 174.82983024242077,-36.93819531556612,100 174.82825317075466,-36.93021444687486,100 174.82825251159844,-36.93021044702958,100 174.8291820035932,-36.92862300021537,100 174.8298460060282,-36.928959002809194,100 174.83005700039405,-36.92886500217,100 174.83018999952372,-36.928420994009834,100 174.83040400658055,-36.92797000096761,100 174.8306679944651,-36.9275709987551,100 174.83100699455954,-36.92718299999591,100 174.83141599189088,-36.92682500021659,100 174.83184400402936,-36.92653500271003,100 174.83223999930348,-36.926307001411494,100 174.83264800648192,-36.92609000427659,100 174.83244199482527,-36.925876000319064,100 174.83202700341783,-36.92523199937426,100 174.83223499347477,-36.925008994106875,100 174.83271800127343,-36.924284997891554,100 174.83274899369894,-36.92423999230045,100 174.83278500671028,-36.924185995107884,100 174.83295600272973,-36.92392900456956,100 174.83341499476504,-36.92324100473436,100 174.833572008006,-36.92300599530613,100 174.83369299212896,-36.92282499871926,100 174.83368399145164,-36.92273700162882,100 174.8336630078321,-36.922544996384545,100 174.83365600643654,-36.922477004873954,100 174.83345599492088,-36.92057000184164,100 174.83314099743654,-36.91756000154095,100 174.8337020069789,-36.91754999467044,100 174.83442299481152,-36.9172999976127,100 174.83453599382935,-36.917199992236796,100 174.83456300074758,-36.91717699862578,100 174.8347829921585,-36.916777992771394,100 174.83370299135206,-36.91652999763333,100 174.83301500346292,-36.91635800014322,100 174.83282900011466,-36.916313995686714,100 174.83261999827775,-36.916264002308665,100 174.83241100470894,-36.916214999890016,100 174.83220200338684,-36.916165005760405,100 174.83194699442504,-36.91610399382263,100 174.8311230017121,-36.9159089956573,100 174.83028400523426,-36.915710002939,100 174.83002900750165,-36.91564999344676,100 174.82996700505473,-36.915635004402,100 174.82939800146082,-36.915500002996936,100 174.82927699364518,-36.9154630035774,100 174.82895099425647,-36.91536399527293,100 174.8286790028381,-36.91528099483502,100 174.82831599776193,-36.91517000720983,100 174.82811100704436,-36.91512500230208,100 174.82785299776882,-36.915067997103705,100 174.82757700576548,-36.915007006601456,100 174.82722300277004,-36.9149139982414,100 174.82708299418775,-36.91487699326498,100 174.82693000817093,-36.91483700337128,100 174.82659900596846,-36.91474999815787,100 174.82619500395364,-36.914488998394816,100 174.8259360052459,-36.91432200259917,100 174.82561299915793,-36.91411299325213,100 174.82544000039277,-36.91400100185106,100 174.82527700711867,-36.91389599582713,100 174.82524200256302,-36.91387399432345,100 174.82515600194884,-36.91380899996905,100 174.8249640070492,-36.91366499440693,100 174.82478200164363,-36.913528004192514,100 174.82461099550903,-36.91339900441869,100 174.8244769936912,-36.91329900306802,100 174.82437499602912,-36.91322199942889,100 174.8242719961934,-36.91314499486904,100 174.82412299965532,-36.91303299692247,100 174.82396699128566,-36.91291599233693,100 174.82366500246667,-36.912604996647936,100 174.8236070026568,-36.9125330067815,100 174.823526992007,-36.912459004187106,100 174.82343399936602,-36.91234300518822,100 174.8233330073871,-36.912218004779746,100 174.82323299227036,-36.912093994263074,100 174.823130003367,-36.91196599135676,100 174.82310000106844,-36.91192900714455,100 174.82301999999873,-36.911829001626494,100 174.82290699569464,-36.91168899693797,100 174.82280300406202,-36.91155899735339,100 174.8226900001486,-36.91141699419231,100 174.822558004667,-36.911252996120794,100 174.82239600889122,-36.911051997233606,100 174.82226400532696,-36.91088699215118,100 174.82214600537822,-36.91073900185437,100 174.82201099454534,-36.910572003803814,100 174.82187699518605,-36.91040399680819,100 174.82145499849298,-36.90987700654914,100 174.82083900355843,-36.909106998433,100 174.8207230037135,-36.90895400241889,100 174.82059000232996,-36.908779006783035,100 174.8205790012116,-36.90878800483747,100 174.82035200669876,-36.90852900642746,100 174.81983400619524,-36.90788400032993,100 174.81987100778179,-36.90786500659158,100 174.81980699319098,-36.907774997389566,100 174.81936800544284,-36.90733600479821,100 174.81929000359094,-36.90732499655456,100 174.81882099984077,-36.907004999952164,100 174.8186640087231,-36.90691300056275,100 174.81849800778372,-36.90681500536444,100 174.8185139946473,-36.906769993355475,100 174.81759999493727,-36.90637500426821,100 174.81754199263514,-36.90634999759635,100 174.81725800213434,-36.906227002421794,100 174.81719400099243,-36.90620000709362,100 174.81727099717054,-36.906142999757,100 174.81754200298883,-36.90613999844755,100 174.81759999752651,-36.90613900188065,100 174.81856199878476,-36.90612700611112,100 174.81868999637393,-36.90610300417923,100 174.8186189990692,-36.9060110056108,100 174.81852300503687,-36.905836003226874,100 174.81839699211795,-36.90549000673016,100 174.8185770015244,-36.90520400328723,100 174.81875699245657,-36.90521200006364,100 174.81877699335396,-36.90483099558265,100 174.8195840066787,-36.904652993921175,100 174.8196119978569,-36.904458005892224,100 174.81966999827398,-36.90406200233828,100 174.81973400263047,-36.90362999867902,100 174.81977800445193,-36.90333500521376,100 174.81997099479298,-36.90202700555853,100 174.81967499691171,-36.90186299382904,100 174.81951599283732,-36.901774994776524,100 174.81963299631425,-36.90163800014503,100 174.8199670076184,-36.90124999226461,100 174.82030199345098,-36.900861006807396,100 174.82063300875166,-36.90047499888857,100 174.82113500173384,-36.89988600393834,100 174.82134899341753,-36.8996349931059,100 174.82147099222777,-36.89949100509307,100 174.8216190071843,-36.89931800344387,100 174.82163400573663,-36.899300000995005,100 174.82176399632903,-36.899147003006796,100 174.8218380067763,-36.899061004922125,100 174.82189199857706,-36.89899800303198,100 174.82209199773092,-36.898762001742995,100 174.8222809962114,-36.89854099216733,100 174.82231900374285,-36.89849599331688,100 174.822184005167,-36.898328004149775,100 174.8226059929937,-36.898227992387184,100 174.82257600595398,-36.89819399557294,100 174.82291799636718,-36.897800995334066,100 174.82298900725866,-36.897841001648686,100 174.82300700304563,-36.8978889997889,100 174.82324899376408,-36.89785000475765,100 174.82320600169345,-36.897731005001404,100 174.8234519960207,-36.89760100301231,100 174.82360299093182,-36.89752199886157,100 174.82365800356595,-36.897491996228105,100 174.82380000343446,-36.89741799260812,100 174.82385499835152,-36.89738800638066,100 174.82399699780973,-36.89731400163332,100 174.82405200156202,-36.89728500574184,100 174.82419400810488,-36.897209994769156,100 174.82424999700496,-36.89718099807891,100 174.82439200349862,-36.89710600129478,100 174.82444700696905,-36.89707700612853,100 174.82458899587937,-36.897001994059565,100 174.82464399917689,-36.89697299790467,100 174.82478600490927,-36.89689800156893,100 174.82484100805533,-36.89686900532637,100 174.82498299620437,-36.896793993705884,100 174.82505400345238,-36.89675699823381,100 174.82506800233935,-36.89674900105971,100 174.82518000527048,-36.89669000057012,100 174.82474900434772,-36.89640100611906,100 174.82489300707516,-36.896261998978005,100 174.8249179940289,-36.89623800384996,100 174.82512699762847,-36.896425006573274,100 174.82514499833778,-36.896440992678805,100 174.82521099537513,-36.89630100161668,100 174.8253600024263,-36.895987000428924,100 174.82552599561382,-36.896036001906744,100 174.82568600808872,-36.89608299767909,100 174.82572299405152,-36.89600199271415,100 174.825786993389,-36.895862995566596,100 174.82580300352635,-36.89582699642201,100 174.82594400221544,-36.895681007436494,100 174.8259709915043,-36.89565299743238,100 174.82609600555682,-36.89552299932336,100 174.82599299377952,-36.895428993282245,100 174.8258329937419,-36.89542900026846,100 174.82574600037594,-36.895428000282884,100 174.8256579939578,-36.8953760023296,100 174.82552299150757,-36.89529599758894,100 174.825387005206,-36.89521599428966,100 174.82533100617596,-36.89512699673788,100 174.82533900840562,-36.89512100701034,100 174.8253469923206,-36.895115002241084,100 174.82535399876286,-36.89510800660794,100 174.8253609958344,-36.89510000523403,100 174.82536600667686,-36.89509200644137,100 174.8253709980831,-36.89508399262456,100 174.82537500570317,-36.895075994827025,100 174.8253780018757,-36.89506699316833,100 174.8253799948489,-36.89505799340611,100 174.82538200497038,-36.8950490069003,100 174.8253819922598,-36.89503999379494,100 174.8253819978627,-36.89503099573074,100 174.82538100024595,-36.8950219986621,100 174.82537800638133,-36.89501399669362,100 174.82537500461294,-36.89500500338344,100 174.82537099926108,-36.89499599575161,100 174.82536700220084,-36.89498799567921,100 174.82536100094674,-36.89497999756294,100 174.8253549922579,-36.8949730063463,100 174.82534799681318,-36.894966000548976,100 174.82533999933702,-36.894958998432166,100 174.82533199326127,-36.89495300142999,100 174.82532299411537,-36.894947996729435,100 174.8253129917734,-36.894942993924126,100 174.8253029988228,-36.894938997759354,100 174.8252930069735,-36.894935000675474,100 174.82528200302605,-36.89493199798764,100 174.82533000240204,-36.89476700740503,100 174.82538300571795,-36.89457800328009,100 174.82546400366778,-36.89450100624166,100 174.8255080043038,-36.89434700115798,100 174.82551400191477,-36.89432399356694,100 174.8255770006806,-36.89410299534835,100 174.8254020027527,-36.89407099704669,100 174.82522700610383,-36.89403899936675,100 174.82505199162102,-36.89400700079951,100 174.82506700201486,-36.89395399728576,100 174.82509699513434,-36.893848998364405,100 174.82514499148354,-36.89367799871037,100 174.825191005202,-36.8935170063244,100 174.82519700287588,-36.89349399964647,100 174.82523599722975,-36.893355999874245,100 174.82524899606653,-36.893309999936015,100 174.82533600466346,-36.893004995728944,100 174.8254460011761,-36.89302499591272,100 174.82549099482253,-36.89286800025896,100 174.82549700220235,-36.892847997550206,100 174.82555199818466,-36.89265400537537,100 174.8253319979936,-36.89261299931265,100 174.8253959956122,-36.89238600456575,100 174.82546199620975,-36.89215699607313,100 174.8251170058667,-36.89209099389004,100 174.82559999245098,-36.891996995577585,100 174.82561200049489,-36.891873997542504,100 174.8259300044714,-36.89121500523573,100 174.8265180023529,-36.89134000137786,100 174.82683000279386,-36.89140699269533,100 174.82732100785478,-36.89151199773465,100 174.82781900645358,-36.89161799634081,100 174.82792699846766,-36.89164199274465,100 174.82923400325444,-36.89192100187429,100 174.829281999259,-36.89175300476054,100 174.82954199543738,-36.89180899583242,100 174.82982599546818,-36.89186999840982,100 174.82991000786282,-36.89157399278926,100 174.82999199238293,-36.891289001951016,100 174.83009300211774,-36.89093300500129,100 174.8299269945545,-36.89104499744738,100 174.8297640033517,-36.89089000530958,100 174.8299370010038,-36.89077300127077,100 174.82979199381228,-36.89063399571161,100 174.8301230064947,-36.89008700324437,100 174.83023099423022,-36.88970799763659,100 174.8303610063724,-36.88962000301879,100 174.83051899325164,-36.889063998655516,100 174.83058400742624,-36.889075993968184,100 174.83112700130232,-36.88917599376057,100 174.83134699394836,-36.88902899258465,100 174.83148999135273,-36.88905000531192,100 174.8317029921125,-36.888906004555174,100 174.8311370033323,-36.8883649921951,100 174.83108500498707,-36.8883150028719,100 174.83130199621655,-36.888168998957205,100 174.83143974886954,-36.88785449855565,100 174.83162200692053,-36.887813003399515,100 174.83317684786928,-36.88682845938445,100 174.8331970832733,-36.88707556402128,100 174.83320470804722,-36.88708350334505,100 174.83336510759298,-36.88725034999883,100 174.83347755433698,-36.88736727910681,100 174.8336037073855,-36.887498501642376,100 174.83386950365693,-36.88777502591163,100 174.83386399001105,-36.887813635670604,100 174.83381157517746,-36.88818152311794,100 174.83371971855865,-36.88882680242744,100 174.83369678342237,-36.88928078759837,100 174.8338319994647,-36.88965932094458,100 174.83379920703612,-36.88968146900578,100 174.83420397647393,-36.89003948482681,100 174.8344669676879,-36.89020818963945,100 174.83453237251132,-36.89034215094204,100 174.8345744529229,-36.89039932314026,100 174.8346827828725,-36.89049953360239,100 174.83498224077033,-36.89075355174902,100 174.83527760365416,-36.890888637988745,100 174.83535306771003,-36.89092052378087,100 174.83578292802179,-36.891166691552755,100 174.83598119645575,-36.891296960881576,100 174.83616283459946,-36.89140293473148,100 174.83646449134423,-36.89158886197111,100 174.8369008154492,-36.891820313304706,100 174.83710661552266,-36.89196853857503,100 174.83726906345498,-36.8920690786253,100 174.83754802061674,-36.89227619013801,100 174.83798142922285,-36.892559784691365,100 174.83819163571636,-36.89235213766471,100 174.83838927663874,-36.89212172159529,100 174.83847024494278,-36.89218185344707,100 174.83905040800894,-36.891291195819264,100 174.83921413855347,-36.89126268815488,100 174.84064250012622,-36.89222833855804,100 174.84076982071767,-36.892155834853874,100 174.84093797133056,-36.89226003457467,100 174.84094941303425,-36.892273637658214,100 174.8410223972361,-36.89236049328026,100 174.8411874702819,-36.892271081858524,100 174.84133315067018,-36.89217067988537,100 174.8414618190011,-36.89205062211177,100 174.8416080664328,-36.89187452558667,100 174.8417819932579,-36.8919364235568,100 174.84196947698527,-36.891896914429886,100 174.8420449101578,-36.891752290205794,100 174.8421211662639,-36.8916064336751,100 174.8418128315099,-36.89128878544133,100 174.84187443553753,-36.890887188924275,100 174.84234462116416,-36.89093236196661,100 174.8423077697038,-36.891128484782136,100 174.84253943323884,-36.89137196638253,100 174.84262821681108,-36.89132211667161,100 174.84269399961318,-36.89129176700802,100 174.84309221635687,-36.89110839956702,100 174.84383841621514,-36.89135936704219,100 174.84428967264625,-36.89079433240891,100 174.84531731656853,-36.89035881456646,100 174.84598366180626,-36.890134720425245,100 174.84598415830885,-36.890134555878475,100 174.84665703245383,-36.88990910639412,100 174.84885699424427,-36.890967006187694,100 174.8497710047184,-36.8914049922053,100 174.85006399682433,-36.89154599811739,100 174.8501250056896,-36.89170200318804,100 174.85032300315928,-36.89220900440875,100 174.85035600211,-36.892294001965205,100 174.85040999914028,-36.89278300402761,100 174.8506730079004,-36.89273200518023,100 174.8511900010999,-36.89263200582441,100 174.85130900078457,-36.89302899639518,100 174.85203800303,-36.892869995917984,100 174.85204800081385,-36.89290200657889,100 174.8521070043052,-36.89309800121426,100 174.8523259991267,-36.89305399786327,100 174.85298999094547,-36.89322999362283,100 174.852715003365,-36.89334900474875,100 174.85290199514728,-36.89339799360462,100 174.85309099161802,-36.89344699325067,100 174.85292900094512,-36.89376099343391,100 174.85271300801375,-36.89415600417687,100 174.85274899383538,-36.894163004109494,100 174.85272299863024,-36.894212994238025,100 174.85237100723378,-36.894785998630034,100 174.85236499836634,-36.89479599791206,100 174.85223799371113,-36.89499999359609,100 174.85223299432522,-36.89500700275341,100 174.85167400240002,-36.895781999587186,100 174.85152399702142,-36.89596500426232,100 174.8510490073038,-36.896543000031656,100 174.85090800542406,-36.89669300037851,100 174.85079399305127,-36.896813992657236,100 174.8504049991185,-36.89723000073094,100 174.8503769980366,-36.89726000044301,100 174.85020700785248,-36.89748599621471,100 174.84964599392683,-36.89801200397806,100 174.84928000570213,-36.89833300191739,100 174.84889599659047,-36.898548006590964,100 174.848564006063,-36.89885799523225,100 174.84816399757415,-36.89923199717495,100 174.8482580027571,-36.89930399341196,100 174.84851800380193,-36.8990819994243,100 174.84927499628125,-36.89998199655067,100 174.84938399276786,-36.89992099584259,100 174.84954900456637,-36.90007499667261,100 174.84963800254917,-36.90007899620718,100 174.84993415459212,-36.90028737903241,100 174.84971165460215,-36.90042064240678,100 174.84988496765487,-36.90061755357065,100 174.84974399443348,-36.90069499538478,100 174.84960300071054,-36.900772994372616,100 174.8497040050377,-36.900886993061086,100 174.84980200095535,-36.900998997909475,100 174.84995799941996,-36.901175997003214,100 174.85000000737173,-36.9012239971708,100 174.8500389969486,-36.901268997856064,100 174.85023299988362,-36.901489000821435,100 174.85046633423804,-36.901912770764895,100 174.85045628529886,-36.90192229840657,100 174.85044805181528,-36.90193185544816,100 174.8504343539112,-36.90194396905698,100 174.85042201043677,-36.901952404885215,100 174.85040745170656,-36.90196010368962,100 174.85039058129166,-36.90196669742814,100 174.85037875573002,-36.90196925484986,100 174.8503438167802,-36.90196146099703,100 174.85031478688597,-36.9019522339073,100 174.8502690062807,-36.901932670870956,100 174.85025543370307,-36.90192418541458,100 174.85023598090203,-36.90190647725907,100 174.85021561605615,-36.90189027139631,100 174.85020564826408,-36.901887314393356,100 174.8501924847693,-36.9018850786581,100 174.85016923716702,-36.90188329473804,100 174.85015849679036,-36.901881155550946,100 174.85015177856454,-36.90188077618984,100 174.85012321165487,-36.90187463879535,100 174.85010763997116,-36.90187027557849,100 174.85009291003095,-36.90186702860906,100 174.85007909439318,-36.90186302290118,100 174.8500621948636,-36.90185683985454,100 174.85004213702538,-36.90185213640366,100 174.85002255855312,-36.901845951815325,100 174.8499882023175,-36.90183797842961,100 174.84996105343384,-36.90182926094669,100 174.84993075111248,-36.90182092335957,100 174.849888074664,-36.90181278209614,100 174.84987402270144,-36.90181093331186,100 174.8498594909378,-36.90181054763959,100 174.84984173317736,-36.90181237088384,100 174.84982489751403,-36.9018163609725,100 174.8498026023454,-36.9018185568221,100 174.8497743670326,-36.90182549962485,100 174.84973381662132,-36.901839406772986,100 174.84971832299755,-36.9018463629396,100 174.8497018444026,-36.90185663599949,100 174.8496913253115,-36.90186542730565,100 174.8496720842634,-36.90188488372557,100 174.84964117930986,-36.90192990942346,100 174.84962591988824,-36.901957350866525,100 174.84961621629387,-36.901970170109735,100 174.84960142958207,-36.90199394931271,100 174.8495931570697,-36.90200528792359,100 174.84957293172766,-36.9020261395852,100 174.84956327717137,-36.90203490119363,100 174.84955001183678,-36.902041835257954,100 174.84953405225073,-36.90204692570223,100 174.84951629102954,-36.90205056061697,100 174.84945934386482,-36.902059592652634,100 174.84938792064793,-36.902063854917294,100 174.84935108724207,-36.90206414722009,100 174.8491367262159,-36.90208128761486,100 174.84907255478626,-36.90208846073769,100 174.8489991460053,-36.90210517755446,100 174.848978596822,-36.902115781577656,100 174.84896212480498,-36.90212563621875,100 174.84894927776216,-36.90213660524976,100 174.8489364227926,-36.90215050100752,100 174.84892673440382,-36.90216256104268,100 174.84891841610636,-36.90217609955522,100 174.84890093009096,-36.90219658037945,100 174.84888629374188,-36.90220460558619,100 174.8488698853458,-36.902209703829676,100 174.84885472927746,-36.90221577223258,100 174.8488382906042,-36.90221970913414,100 174.84882358397005,-36.902227705683565,100 174.84879734719274,-36.902248086559325,100 174.84875620625564,-36.90229692714004,100 174.8487405451842,-36.9023093225841,100 174.84872178277774,-36.90231435289445,100 174.84869396577093,-36.90231496973705,100 174.84864052780352,-36.90232205127446,100 174.84858623661603,-36.902324378054054,100 174.8485013555098,-36.90233096195388,100 174.8484529235042,-36.902337740166416,100 174.8484296566053,-36.90233981207892,100 174.84840816667014,-36.902343015437886,100 174.84831216813004,-36.90236383740667,100 174.848289296341,-36.902370331356956,100 174.84826779327818,-36.90237499143748,100 174.8481558417728,-36.90239462932201,100 174.8481343528109,-36.90240113056778,100 174.84811645934641,-36.902407617324634,100 174.84809678184368,-36.902412632933384,100 174.84807296951274,-36.90242019602828,100 174.8480477541102,-36.902429565574685,100 174.8480261947707,-36.90243859341113,100 174.8480032333958,-36.90245016857315,100 174.84796415796387,-36.90247337278437,100 174.84794483164896,-36.902486434447994,100 174.84791300421074,-36.90251434616437,100 174.8478946251254,-36.90252661794237,100 174.84787401823442,-36.902533770596634,100 174.8478260032367,-36.90254393285535,100 174.84780865470393,-36.90254681840365,100 174.8477274162577,-36.90255191287594,100 174.84770105780407,-36.90254628043729,100 174.84769239121147,-36.90254608717681,100 174.8476795883523,-36.902548335958784,100 174.8476438974653,-36.90255841097871,100 174.8476306038428,-36.90256427629866,100 174.84761771057953,-36.90257413096686,100 174.84761081627383,-36.90258013378621,100 174.8475964148119,-36.902601536266175,100 174.84759176782515,-36.90261011797088,100 174.8475870309469,-36.90262376742652,100 174.84758412598882,-36.90263673222013,100 174.84757653427204,-36.90266263274043,100 174.84757211734512,-36.902688943551,100 174.84756032968446,-36.90272090856516,100 174.84755190964512,-36.902737732998546,100 174.84754439108187,-36.90275731408437,100 174.84753500884173,-36.9027737505912,100 174.84752525958382,-36.90278613774121,100 174.84751416529488,-36.902796689081164,100 174.84749943627492,-36.90280646683693,100 174.84745113845764,-36.90283325199195,100 174.84743409010048,-36.902844864862324,100 174.8474019079465,-36.902860780807465,100 174.84736740263853,-36.902880328266875,100 174.84735175227104,-36.902887922902565,100 174.84730218324185,-36.90290662935683,100 174.8472407686999,-36.902924517747095,100 174.84719406748314,-36.902933372227196,100 174.8471858436486,-36.902932925081004,100 174.84718085262284,-36.902931803038,100 174.84713866775894,-36.90291027206134,100 174.84713594514196,-36.90290804216052,100 174.84712776739667,-36.902905410380804,100 174.84710920405846,-36.902893200386124,100 174.84710556109613,-36.902892085316395,100 174.84708836342682,-36.902879867599886,100 174.84708748433806,-36.90287803896081,100 174.84707705254897,-36.90287320063359,100 174.84707388083274,-36.90287096329419,100 174.84706841227498,-36.90286944577994,100 174.84706157243698,-36.90286905281348,100 174.8470501449327,-36.902869697411525,100 174.84697538536383,-36.90289411779859,100 174.84688392018683,-36.90293855497278,100 174.846843053613,-36.90295550172619,100 174.84675939499465,-36.902997049446164,100 174.84672256791893,-36.90301768917485,100 174.84670328970282,-36.90302670834596,100 174.84663309093426,-36.903050430284594,100 174.84659323312107,-36.90306113490946,100 174.84657534538064,-36.9030665208287,100 174.84647481400685,-36.90310612693097,100 174.84643112664347,-36.90312818555316,100 174.84642144772195,-36.90313544477889,100 174.84639369597957,-36.90316127286311,100 174.84637014585533,-36.90318126804001,100 174.8463465337303,-36.9032067469421,100 174.84631881464668,-36.90322927564834,100 174.84629199400598,-36.903254390707595,100 174.84627809039569,-36.90327113805558,100 174.84626597268357,-36.90328938809245,100 174.84622477237056,-36.90333087211442,100 174.84617219208008,-36.90340343136716,100 174.84615538039793,-36.90343041970304,100 174.84614651221594,-36.90344282188953,100 174.84614596803112,-36.903443805582825,100 174.8461357319556,-36.903463248557216,100 174.84613495894718,-36.90346409790431,100 174.8461195003315,-36.90348152196433,100 174.84609159129297,-36.903520950729195,100 174.84608346705645,-36.903530087561,100 174.84606952057163,-36.90354980992714,100 174.84605822557174,-36.903559310603086,100 174.84603741813683,-36.903573249439034,100 174.84602927061886,-36.903577648358414,100 174.84601613155795,-36.903582814372946,100 174.84599166978757,-36.903591301995526,100 174.84598213317204,-36.903593525970095,100 174.84592356574362,-36.90359891311141,100 174.84589179979685,-36.903603809783256,100 174.8458777569619,-36.9036075197659,100 174.8458546416161,-36.90361855521426,100 174.8458170777003,-36.90363947200909,100 174.84579445906311,-36.90365486665109,100 174.8457288251112,-36.903689025682304,100 174.84569531512952,-36.90370375493023,100 174.84567628302761,-36.90371293956181,100 174.8456391730739,-36.90373276495155,100 174.84559841741606,-36.90375262084219,100 174.84558574220705,-36.903760318637204,100 174.84557581023003,-36.90376909956043,100 174.84556469762384,-36.90377834859005,100 174.84556029057853,-36.90379075261783,100 174.8455487491154,-36.903817046075496,100 174.84553857992324,-36.903845515641756,100 174.84553147497917,-36.90386048890799,100 174.84551638295193,-36.90389625909361,100 174.84550972492795,-36.9039104971427,100 174.8455021399436,-36.903923667102234,100 174.8454910969655,-36.90395504710323,100 174.8454711087738,-36.904001788589056,100 174.84546397162433,-36.90401165273455,100 174.84545768168485,-36.90401824992892,100 174.84544461622875,-36.9040281530083,100 174.84543603889512,-36.904033302159974,100 174.8454315478373,-36.90403732876181,100 174.8454158821779,-36.9040600061729,100 174.84541019812755,-36.904082249983325,100 174.84540395153132,-36.90414058802135,100 174.84540498313083,-36.90419957459451,100 174.8454029702092,-36.904227269367155,100 174.8454035981121,-36.90424438840998,100 174.84540327155543,-36.90425678220935,100 174.84540428157132,-36.90426879831664,100 174.8454021197415,-36.9043259976042,100 174.84540506389948,-36.90434893026343,100 174.84540437656088,-36.90437187788596,100 174.84540223100245,-36.90438610079708,100 174.8454014531125,-36.904398488088894,100 174.84540307513652,-36.90442435437601,100 174.8454018331162,-36.904437461828,100 174.8454032648344,-36.90444583182859,100 174.84540201954135,-36.90445749901253,100 174.84539941038804,-36.90446990213887,100 174.84539954944626,-36.90448228960467,100 174.8453974005622,-36.904495768973305,100 174.84540259310594,-36.904516153801005,100 174.84541478216155,-36.90455651957317,100 174.8454207789308,-36.90456812560806,100 174.84542677477577,-36.904576478771695,100 174.84543830219323,-36.90459646142088,100 174.8454503385066,-36.90462261294813,100 174.84545542036273,-36.90463169416178,100 174.8454651720781,-36.90465385856773,100 174.84547024937604,-36.90466405479162,100 174.84546861092693,-36.904683720141506,100 174.84546594617115,-36.90468883060358,100 174.84546189410426,-36.904692492559164,100 174.8454528859059,-36.90469764930854,100 174.84544655765654,-36.90470023619729,100 174.84544021748792,-36.90470172275198,100 174.84541209589776,-36.90470259233431,100 174.84534014646152,-36.90472230188521,100 174.84527150189692,-36.90475508785906,100 174.84522683628552,-36.90478010587821,100 174.84520114904134,-36.904798448550864,100 174.84519035706396,-36.90480871557002,100 174.84515669208827,-36.904844943701875,100 174.8451477412796,-36.90485812223894,100 174.8451410748542,-36.904872716421394,100 174.84512917850637,-36.90491103363079,100 174.84512619297723,-36.9049307379301,100 174.84512469343304,-36.904962789842386,100 174.84513129314985,-36.90498861755925,100 174.8451318185732,-36.90499407593828,100 174.84513054521898,-36.905005372208684,100 174.8451302175199,-36.90501776692553,100 174.84512394263263,-36.90502690380512,100 174.8450996191773,-36.90504451141948,100 174.8450824670299,-36.9050522696985,100 174.84505624699312,-36.9050622436944,100 174.84503405996247,-36.90506855513826,100 174.84501281789798,-36.905075237666075,100 174.84500739315453,-36.90507670907621,100 174.84500314541802,-36.905081428607325,100 174.8449999393641,-36.90508829784276,100 174.84499951820678,-36.90509457671215,100 174.84499914525796,-36.90509614720741,100 174.8449988638013,-36.90511027625803,100 174.84500676193517,-36.90512449726713,100 174.8450051516167,-36.905141328405165,100 174.84499663233643,-36.905153833246324,100 174.84498721185,-36.90516559407123,100 174.84498194095391,-36.90518062894661,100 174.8449780653734,-36.905200054137175,100 174.84497544680934,-36.90520689802196,100 174.84495668891148,-36.90524006707104,100 174.8449537659084,-36.90524717887161,100 174.84494033793615,-36.90528188300376,100 174.8449229559354,-36.90531346507163,100 174.84490136629344,-36.90533703391206,100 174.8448994529744,-36.9053391889589,100 174.84487307584277,-36.905368694383824,100 174.84485958559583,-36.90538473842288,100 174.8448317130249,-36.90541324676663,100 174.84482690735726,-36.90541717007377,100 174.84479153354962,-36.905439875916066,100 174.8447718876093,-36.905449412444995,100 174.84473224611835,-36.90546701815686,100 174.84472379390246,-36.90547163894078,100 174.84468749309974,-36.905493324428434,100 174.8446846781131,-36.905495369093266,100 174.84464816003236,-36.90551665505108,100 174.84461906279483,-36.90551794339616,100 174.8446131314077,-36.905517905725844,100 174.84456806114713,-36.90551468223243,100 174.84456665805308,-36.90551458234437,100 174.8445216225971,-36.90551135919405,100 174.84451245314443,-36.905510478592596,100 174.8444674202741,-36.90550736263929,100 174.84446418403203,-36.90550724795474,100 174.84441923065796,-36.90551102228669,100 174.84438799777107,-36.90552625480506,100 174.84436235890595,-36.90555165933834,100 174.84434403262645,-36.90557960201197,100 174.8443252098006,-36.90560645367716,100 174.8443186466597,-36.90561714256791,100 174.84430070549448,-36.90565049982889,100 174.84429928569628,-36.90565366840493,100 174.84428202471065,-36.90568721429405,100 174.84425501366457,-36.90571301416242,100 174.8442540655571,-36.9057144241372,100 174.84423994237267,-36.905748984861006,100 174.84423882133203,-36.9057523488916,100 174.84422447003854,-36.905786759028835,100 174.84420287788106,-36.90580958509121,100 174.84420276007486,-36.90580972662598,100 174.84418460939384,-36.90584300960883,100 174.84418404196563,-36.90584442809331,100 174.84417732121716,-36.905880364661485,100 174.84417706528887,-36.905887029433984,100 174.8441828131638,-36.90592312301211,100 174.84418576417346,-36.90593138831671,100 174.84420195142337,-36.90596539907039,100 174.84421229004772,-36.90599274159445,100 174.8442145170449,-36.90599718029473,100 174.84423318638164,-36.90603028092012,100 174.84424353729827,-36.906058739091534,100 174.84424369391883,-36.906059417160584,100 174.84424712814015,-36.90609562868115,100 174.8442471408248,-36.90609610889088,100 174.84424255203734,-36.90613225661545,100 174.84424033446774,-36.90614121507738,100 174.84422666370648,-36.90617587693228,100 174.8442239594378,-36.906182102019294,100 174.84420437641174,-36.906214819581,100 174.84419635534758,-36.90622332105195,100 174.84416517956322,-36.90624984263536,100 174.8441594985949,-36.906255313563776,100 174.84413190966555,-36.90628411207573,100 174.84413013278174,-36.90628620189914,100 174.8441045283666,-36.906316127794916,100 174.84410266101995,-36.9063180964422,100 174.84407117927063,-36.90634417299046,100 174.8440376632799,-36.90635941292731,100 174.84400364267648,-36.90636735273918,100 174.84396453024902,-36.90636910557794,100 174.8439248817373,-36.9063650008978,100 174.8438811722999,-36.90636093311175,100 174.84385015533485,-36.9063556876206,100 174.84382654982147,-36.90636132684373,100 174.8438034419419,-36.90636810302069,100 174.84376940296607,-36.90637602682708,100 174.84374176405947,-36.9063879297703,100 174.84373512383002,-36.906402229636306,100 174.8437484657491,-36.906415675803835,100 174.84377530223617,-36.90641585136582,100 174.84380574127462,-36.90640976987227,100 174.84383110591304,-36.90640008973923,100 174.84386292013892,-36.90639691168449,100 174.8438858094543,-36.90640991578198,100 174.843898675606,-36.906420428292186,100 174.84391251546072,-36.9064364210679,100 174.84392322518943,-36.90645754771886,100 174.8439339665491,-36.90648050086519,100 174.8439442530863,-36.90650456159064,100 174.84395642176224,-36.9065337477763,100 174.84397447940532,-36.90656139229638,100 174.84398124724302,-36.9065727674076,100 174.84400090805613,-36.90660546420121,100 174.84402033790553,-36.9066320166336,100 174.84402237586215,-36.90663391743448,100 174.84405705745198,-36.90665734340715,100 174.84405825333005,-36.906658112598116,100 174.84409237471203,-36.90668195105216,100 174.84409372163665,-36.90668316675775,100 174.84411775884593,-36.90671396138086,100 174.84412947878516,-36.90674385123904,100 174.84413280758258,-36.90675200341988,100 174.8441468120779,-36.906786530276314,100 174.84414903449448,-36.90679208308688,100 174.8441613898142,-36.906827011401305,100 174.8441627102348,-36.90683244031437,100 174.84417004159872,-36.906868290277494,100 174.84417418073394,-36.90688156923403,100 174.84418700129297,-36.90691642722819,100 174.84418999503188,-36.90692888934166,100 174.84419830508983,-36.90696511077415,100 174.84421343239768,-36.906998907237345,100 174.8442291132381,-36.90701779528683,100 174.84423334686116,-36.90702357734855,100 174.84425548888302,-36.907055271148124,100 174.84425658037804,-36.907056645846076,100 174.8442585379435,-36.907058749787886,100 174.84428402472318,-36.90708620498526,100 174.84428608251565,-36.90708818298726,100 174.8443167577482,-36.907115672977895,100 174.84432471929776,-36.907123807290986,100 174.84435235141595,-36.90715328508222,100 174.84436677241763,-36.907167673429214,100 174.84439769977203,-36.90719491071671,100 174.84440525202132,-36.907200635827394,100 174.8444401396252,-36.907224677693016,100 174.84444202619954,-36.90722602381786,100 174.84447652560988,-36.90725039707957,100 174.84450823019526,-36.907272434235864,100 174.8445122748424,-36.90727498165998,100 174.8445501403005,-36.90729590642816,100 174.84458500983482,-36.9073127162932,100 174.84462085339496,-36.9073317544194,100 174.84465161880175,-36.90735156182203,100 174.844685576527,-36.90736988922986,100 174.84472215940718,-36.90737441891996,100 174.84475607745043,-36.90738862786541,100 174.84479370050607,-36.907401720194095,100 174.84482802216118,-36.90740961897795,100 174.84485043760228,-36.90741388017334,100 174.84489565421603,-36.90742061644138,100 174.84490849287707,-36.907422286358205,100 174.84495398221253,-36.90742757714785,100 174.8449618239304,-36.90742858920052,100 174.84500723620783,-36.90743422186776,100 174.8450101497824,-36.90743454344592,100 174.84505583332262,-36.90743867027207,100 174.84509837940112,-36.907440542935475,100 174.84514048603234,-36.90744280998074,100 174.84514222010904,-36.90744299665469,100 174.84518726057976,-36.90745024659918,100 174.84522061313052,-36.90745556000057,100 174.8452437583632,-36.90745796657206,100 174.84526778083077,-36.90745630084058,100 174.84529506934217,-36.907457194598386,100 174.84531314496633,-36.90746077232959,100 174.84533919083714,-36.907472839288,100 174.84535448586138,-36.907478446737684,100 174.84536931231605,-36.907484031722106,100 174.84538591962945,-36.907494819426056,100 174.84541865068388,-36.90750596679361,100 174.84544108410043,-36.90751674778613,100 174.84546172040982,-36.90753078164136,100 174.84549581914766,-36.90755308687583,100 174.8455155602969,-36.907565323868106,100 174.8455175127175,-36.90756660676082,100 174.84555146183502,-36.907589781378846,100 174.8455783792566,-36.90760596821899,100 174.84561068844866,-36.90762466437963,100 174.8456398132221,-36.90763221825866,100 174.84566000743084,-36.90763614697808,100 174.84567346752672,-36.90764623004078,100 174.84569232413781,-36.90766097561771,100 174.84571743951432,-36.90768221081285,100 174.84572313929016,-36.90768720841403,100 174.8457538086316,-36.907713164958466,100 174.84577893100084,-36.90773077670304,100 174.84579729957252,-36.907727178861315,100 174.84580984876834,-36.90772968870702,100 174.84582555266817,-36.9077350734221,100 174.84586098749517,-36.90775557315925,100 174.8458611109033,-36.90775566407779,100 174.84589330321677,-36.90778040265894,100 174.8459162013176,-36.90780342625097,100 174.84593415550094,-36.9078199830568,100 174.84593493368476,-36.90782065056123,100 174.84596556837027,-36.90784660758753,100 174.84598128437904,-36.90786352995972,100 174.84599878761088,-36.907872877753256,100 174.8460225425287,-36.90788259886461,100 174.84602658029223,-36.90788294801025,100 174.8460548321389,-36.907894093615354,100 174.84607772262711,-36.907900546426035,100 174.84610957358095,-36.90791242112872,100 174.84614274176639,-36.90792246097935,100 174.84617097607168,-36.90792640523937,100 174.84619115135015,-36.907929637436695,100 174.8462091006413,-36.90793430038618,100 174.84622164222918,-36.907940403890144,100 174.84623781912077,-36.907955163993876,100 174.84625531257973,-36.907973882079034,100 174.84627193151059,-36.90798900665231,100 174.84629481634636,-36.90800374358948,100 174.84631411763263,-36.908022819329055,100 174.84633208295423,-36.90804369685291,100 174.84635766994253,-36.9080703289226,100 174.84638145410153,-36.908088335389515,100 174.84640882505067,-36.90810595440161,100 174.84642678913454,-36.9081228679009,100 174.8464456306296,-36.908138325635846,100 174.84647164519478,-36.90815633977044,100 174.84650171292182,-36.908173943873074,100 174.84653044164216,-36.908195178593935,100 174.84655824204478,-36.90821207884648,100 174.84659637494124,-36.908229343012934,100 174.8466004425788,-36.90823083725869,100 174.8466416590795,-36.90824444005289,100 174.84667665521127,-36.90825952759305,100 174.8467116528695,-36.90827463132281,100 174.84675200628024,-36.90828827994606,100 174.84675338847708,-36.90828890740781,100 174.84679013087734,-36.90830915308431,100 174.84681974109992,-36.90832388358304,100 174.84684619299557,-36.908333589627475,100 174.8468722384366,-36.90835013132756,100 174.84687470924837,-36.90835140613602,100 174.84691483824932,-36.90836700956163,100 174.84695072386228,-36.90838104486053,100 174.8469762920368,-36.90840046017333,100 174.8470063722645,-36.9084191788897,100 174.8470283341717,-36.90843105210294,100 174.84705122129483,-36.908443266045154,100 174.84707409393303,-36.908452970918866,100 174.84711086228282,-36.908464466025386,100 174.8471147269089,-36.90846545326049,100 174.84711859188275,-36.908466454911256,100 174.84712249202883,-36.908467472238726,100 174.84712637348474,-36.9084684592117,100 174.84713025565782,-36.90846947591711,100 174.84713412063203,-36.908470477567356,100 174.84713798486754,-36.90847144858392,100 174.84714181286628,-36.90847235977514,100 174.84714565728171,-36.90847325358574,100 174.84714943141017,-36.90847407187674,100 174.84715320328675,-36.90847484333373,100 174.84715693927419,-36.908475569381196,100 174.8471606236431,-36.908476249362444,100 174.84716430578194,-36.90847688341069,100 174.8471679695999,-36.90847750242125,100 174.84717165058711,-36.90847808871694,100 174.8471753308573,-36.90847864527995,100 174.8471790283265,-36.908479216897874,100 174.84718276020737,-36.90847977265793,100 174.84718654442966,-36.908480311379954,100 174.84719037877122,-36.90848083399982,100 174.84719423106432,-36.908481356340346,100 174.84719811590827,-36.90848183220688,100 174.84720201868203,-36.90848230689312,100 174.84720593866854,-36.90848275066645,100 174.84720987436262,-36.90848319419534,100 174.84721379471858,-36.908483653285195,100 174.84721771358323,-36.90848409707558,100 174.84722163283905,-36.908484557083604,100 174.8472255531952,-36.90848501617307,100 174.8472297222282,-36.908485780549114,100 174.84723392755552,-36.90848656058435,100 174.84723814966898,-36.90848733855572,100 174.8472423883078,-36.908488103651344,100 174.84724659249162,-36.9084888828026,100 174.8472507978192,-36.90848966283723,100 174.84725495000148,-36.90849042657315,100 174.84725905063843,-36.90849119381463,100 174.84726306484043,-36.9084919605977,100 174.84726699230313,-36.908492714308565,100 174.8472708505733,-36.90849348441803,100 174.84727465872436,-36.908494270629454,100 174.84727843136363,-36.90849507361696,100 174.8472821172202,-36.90849586173029,100 174.84728578626905,-36.90849665100627,100 174.84728936816578,-36.908497410091314,100 174.84729291491206,-36.90849815440046,100 174.84729640893957,-36.9084988535619,100 174.847299832275,-36.90849950695389,100 174.84730321898226,-36.90850008430287,100 174.8473065346063,-36.90850059966463,100 174.8473097287454,-36.90850105742844,100 174.84731286858732,-36.90850145114131,100 174.84731593780234,-36.90850180178771,100 174.84731897296712,-36.90850213673979,100 174.8473219718595,-36.90850245693347,100 174.84732495318346,-36.90850274675529,100 174.84732795282838,-36.908503051614595,100 174.84733097004175,-36.908503386845595,100 174.84733403886574,-36.90850372127377,100 174.8473786184483,-36.908506626847675,100 174.84737944567098,-36.9085065346638,100 174.8474059301126,-36.90849925099833,100 174.84743518499673,-36.908500638243225,100 174.8474798212054,-36.90849914443178,100 174.84748056279696,-36.908499085125634,100 174.84752507826835,-36.90849565712903,100 174.84752641973256,-36.90849538659413,100 174.84756549267107,-36.908483022785,100 174.84760500737949,-36.908467756133135,100 174.84764182857546,-36.90845719843252,100 174.84767594162162,-36.90843906485251,100 174.84770152126598,-36.90842312354923,100 174.8477226391794,-36.90841368621444,100 174.84776577572183,-36.90841107184586,100 174.8478100024825,-36.90840526332873,100 174.84781564917128,-36.908403726144456,100 174.847846639343,-36.90839102201364,100 174.84788120213344,-36.90837613426007,100 174.84791355783216,-36.908369926347206,100 174.84795776732287,-36.908364752576944,100 174.8479787155708,-36.90836256629302,100 174.84802270223332,-36.90835620531544,100 174.8480299551152,-36.908355228989656,100 174.84805783945149,-36.908352520154864,100 174.84807448172293,-36.908350918217664,100 174.84808451998242,-36.90834936766587,100 174.84812702878224,-36.908337485596135,100 174.84813520693743,-36.90833555027707,100 174.8481797417863,-36.908330279426394,100 174.84819177027512,-36.90833008773778,100 174.84823658836686,-36.908332880218346,100 174.84824561907874,-36.90833371671851,100 174.84829044984116,-36.908336987585066,100 174.84830038373687,-36.90833734494162,100 174.84834535150415,-36.908336618982844,100 174.84836328543872,-36.90833552057304,100 174.8484080543779,-36.90833190443167,100 174.84841441342766,-36.908331143890344,100 174.84845469765156,-36.908325309966315,100 174.84849834248462,-36.9083164610684,100 174.8485026660084,-36.9083158601918,100 174.84854745425753,-36.908315556066775,100 174.84858005688733,-36.90831730373048,100 174.84862502614507,-36.908316686702996,100 174.84865244477876,-36.9083165871028,100 174.84869739268044,-36.90831838683251,100 174.84871400047774,-36.908318752033516,100 174.84875890615336,-36.90831703542726,100 174.8487959127942,-36.9083147279168,100 174.84884083044363,-36.908312810097726,100 174.84884523286908,-36.90831254868123,100 174.84889007389262,-36.90830903759262,100 174.848895012978,-36.908308178353344,100 174.8489307751287,-36.90829872103614,100 174.84897014167638,-36.90828635219716,100 174.84900045465187,-36.90827615227637,100 174.84901144280107,-36.9082726183646,100 174.84902530981498,-36.90826810585931,100 174.8490679299089,-36.90825651825783,100 174.84908360130493,-36.9082529186366,100 174.84912721160336,-36.908244085368814,100 174.84913285076632,-36.90824288894026,100 174.8491762052757,-36.90823289873064,100 174.84919654241452,-36.90822660269267,100 174.84923594671423,-36.90820915331147,100 174.84924753658044,-36.90820418411311,100 174.84928918467327,-36.9081905069738,100 174.84928998944758,-36.908190182584384,100 174.84932653137562,-36.90816914360104,100 174.84933327379338,-36.90816524944392,100 174.8493720145979,-36.90814691262996,100 174.84937611449448,-36.90814504613851,100 174.84941085077222,-36.90812890059805,100 174.84944910241254,-36.90810973674961,100 174.84945459162165,-36.9081061424129,100 174.8494843111163,-36.90807885438023,100 174.84948696521494,-36.90807726006661,100 174.84951905815302,-36.908067665026465,100 174.84954707994723,-36.908064287623795,100 174.84958251102876,-36.90804308109039,100 174.84960338779487,-36.9080265537532,100 174.84964157276596,-36.90800746839584,100 174.8496466917246,-36.90800490282029,100 174.84968401728514,-36.907984716796236,100 174.84969313775667,-36.90797923260011,100 174.84972767049422,-36.907956105771916,100 174.8497287071601,-36.9079554379685,100 174.84976071739285,-36.90793819280524,100 174.84979913632964,-36.9079285658622,100 174.84983937916016,-36.90791210910166,100 174.84984652053208,-36.90791018981393,100 174.84988179467908,-36.90790712119393,100 174.8499234498806,-36.907910571599736,100 174.84996014733102,-36.90791550077519,100 174.85000178011157,-36.907914212336756,100 174.85004339343143,-36.90791221123893,100 174.85008314179925,-36.90790186496901,100 174.85012143390705,-36.90788290127164,100 174.85012284677703,-36.907882056352676,100 174.85015619121407,-36.90786043599987,100 174.85019004872797,-36.907851553278974,100 174.85023255693915,-36.90783967227311,100 174.85024291257827,-36.90783639686786,100 174.8502838691619,-36.90782142954442,100 174.85029390917012,-36.90781800492548,100 174.85033643342453,-36.90780604611888,100 174.8503576181463,-36.907801717790896,100 174.8504019479121,-36.9077952253074,100 174.85041370295716,-36.907794543728926,100 174.8504586340744,-36.907795706721,100 174.85046620025682,-36.90779613413641,100 174.85050241376416,-36.9077978042837,100 174.85054539722046,-36.90779723459813,100 174.85058751643083,-36.90778505127411,100 174.85060997671292,-36.907777308636874,100 174.850642064887,-36.907769525032734,100 174.85068046193302,-36.90776099776374,100 174.85069315109953,-36.907757077563126,100 174.85070124720392,-36.90775467826356,100 174.85072220933523,-36.90774847858397,100 174.85073344116807,-36.90774500290844,100 174.8507752745743,-36.90773307093504,100 174.8507764578179,-36.90773270999282,100 174.85081772202645,-36.907719564678224,100 174.85082796059746,-36.90771581244326,100 174.85085531457423,-36.90770487221045,100 174.85088767594564,-36.90768461625809,100 174.8509131198082,-36.907687663694375,100 174.85094394766253,-36.90768643605752,100 174.85097122989626,-36.90768121311769,100 174.85099508156452,-36.90766342689416,100 174.85101885367754,-36.907654981432465,100 174.8510559032662,-36.907656278752356,100 174.85108626854856,-36.90765648508517,100 174.85111622054356,-36.90765417324129,100 174.85114974919895,-36.90765045365554,100 174.85119001998868,-36.9076357292531,100 174.85120624649116,-36.90762891559102,100 174.85124774766246,-36.90761624593945,100 174.8512497009026,-36.90761556203342,100 174.85128333109068,-36.907601417007676,100 174.85131785046565,-36.907579111038295,100 174.85133370137044,-36.9075672999605,100 174.85136675958623,-36.907543377244025,100 174.851370137264,-36.90754167787176,100 174.85140014856853,-36.90753183897128,100 174.85143930965958,-36.90751504341459,100 174.85144411589667,-36.90751310274876,100 174.8514853641454,-36.90750000342072,100 174.851512659681,-36.90749273504448,100 174.85155026102385,-36.907482920190915,100 174.85158792809526,-36.90746844264972,100 174.85162875446576,-36.90745442238639,100 174.85164664241864,-36.9074483687172,100 174.85168762733198,-36.90743445412099,100 174.85169683695935,-36.90743039157452,100 174.85173174506826,-36.90740838858016,100 174.8517404379105,-36.90740305240405,100 174.85177921962892,-36.907385658763985,100 174.85178664732635,-36.90738217019665,100 174.85182263953655,-36.90736127873135,100 174.85182708447627,-36.90735873979607,100 174.85186387658095,-36.907338066585545,100 174.85187691453908,-36.907333583802554,100 174.85192101695299,-36.907329635134985,100 174.85192207043045,-36.907329570938046,100 174.8519627678114,-36.90732372938938,100 174.85200691208553,-36.90732002700022,100 174.8520110365761,-36.90731973915602,100 174.8520141659418,-36.90731974714127,100 174.85202226415473,-36.90731613904328,100 174.85205239262325,-36.90730163740302,100 174.8520903338633,-36.90728253884416,100 174.8520960622318,-36.90727951299861,100 174.8521212651253,-36.907265729895194,100 174.85216107552296,-36.90724929532327,100 174.8521779462034,-36.907243971288196,100 174.8522213984405,-36.907234442634135,100 174.85223211442153,-36.9072310839234,100 174.85223739555295,-36.907229428750114,100 174.85224504195727,-36.90722505344548,100 174.85227402331566,-36.907208418177724,100 174.85227669266058,-36.907206715405835,100 174.85231429084496,-36.907186430575486,100 174.85233367887415,-36.907173723264776,100 174.85236301440509,-36.90714699843239,100 174.85238919331692,-36.907122480597074,100 174.85241534256647,-36.907092977992455,100 174.85241806122937,-36.907089926967984,100 174.8524456865278,-36.90706131257401,100 174.85244692953628,-36.90705994300225,100 174.85247036412056,-36.9070310595748,100 174.85248749111264,-36.90700621872261,100 174.85250276284197,-36.90698244603314,100 174.852518035916,-36.90695288231025,100 174.8525306041856,-36.90692694263876,100 174.8525522437517,-36.906902084568564,100 174.8525802231473,-36.906875725142704,100 174.8526118495086,-36.90685193528267,100 174.85264165532982,-36.906826658686086,100 174.85267192377313,-36.9068025051267,100 174.85269539172438,-36.90678201426974,100 174.85271112885562,-36.9067549823149,100 174.8527268993998,-36.90673304412334,100 174.85274124489575,-36.90670309375263,100 174.85275295076846,-36.90666813984401,100 174.85275374573968,-36.90666550909469,100 174.85276268445423,-36.90663702930306,100 174.85278564233727,-36.906607797227764,100 174.85280566074687,-36.90657531756444,100 174.85280859512628,-36.906571256386385,100 174.8528361849237,-36.90654262623326,100 174.85283929061066,-36.90653980080199,100 174.85286923901876,-36.90651272468376,100 174.8528704199589,-36.90651162016408,100 174.85289433569977,-36.90648783965856,100 174.85292502867188,-36.90646147927957,100 174.8529581198961,-36.90643687330986,100 174.8529607349641,-36.9064351091783,100 174.85299238133825,-36.90641531357726,100 174.8530277953357,-36.90639286877847,100 174.85303171552212,-36.90639077242453,100 174.85307168791792,-36.90637396277823,100 174.85307970708683,-36.90637126888446,100 174.85312193386812,-36.906358571041814,100 174.85312727588985,-36.906357255580296,100 174.8531708554001,-36.906348003108256,100 174.85317527821607,-36.90634724458457,100 174.85321963831723,-36.906340659552924,100 174.85322424141916,-36.90634016230241,100 174.8532664206215,-36.9063367253598,100 174.85330309184698,-36.90632639990136,100 174.85334263369495,-36.90630900921955,100 174.85334473345802,-36.90630802825994,100 174.8533795910875,-36.90629260704862,100 174.8534214523786,-36.90627918743492,100 174.85344435769233,-36.90627196279555,100 174.85348487222242,-36.906256042270556,100 174.85349096882584,-36.90625321160754,100 174.85352535058823,-36.90623487117948,100 174.853561059103,-36.90621505259385,100 174.85360074407268,-36.90619782994385,100 174.85361401949456,-36.90619190204881,100 174.85365133861254,-36.906171576091154,100 174.8536579011272,-36.90616805584541,100 174.8536964910011,-36.90614931800363,100 174.8536995301278,-36.90614787171431,100 174.85373791991032,-36.90612879718285,100 174.85374974697953,-36.90612363727407,100 174.8537914069043,-36.90610983400614,100 174.85381267944743,-36.90610299441,100 174.8538531040172,-36.90608693455842,100 174.85386203820104,-36.906083513382235,100 174.8539035694123,-36.9060694020288,100 174.85390459932677,-36.90606915341075,100 174.85394898532212,-36.90606290570135,100 174.85395990382378,-36.90606129314646,100 174.8540006730794,-36.90605168585468,100 174.8540450912399,-36.90604533034982,100 174.85405643453805,-36.90604346238921,100 174.85407269945216,-36.90603941931385,100 174.8541083788701,-36.90603343094293,100 174.85415232755406,-36.906024373345794,100 174.85416415806864,-36.90602135128404,100 174.85420551301036,-36.90600645301748,100 174.854223670035,-36.90600013157755,100 174.85426695664097,-36.905988947234384,100 174.85428217752374,-36.9059866104138,100 174.85432743313868,-36.90598443739448,100 174.8543414989723,-36.905984829783996,100 174.8543802475095,-36.905986935077266,100 174.8544256585345,-36.90598928063749,100 174.85443176531595,-36.905988773382205,100 174.8544683689547,-36.90597984206987,100 174.8545082255791,-36.905962583991794,100 174.85452381108368,-36.90595384474744,100 174.85455989153982,-36.9059317892794,100 174.85456560136362,-36.90592809842856,100 174.85460175246737,-36.9059060878124,100 174.85460923887928,-36.90590090997339,100 174.85464059106002,-36.90587464612217,100 174.85465203293708,-36.90586419685844,100 174.85467276766377,-36.90584562755987,100 174.85469938227862,-36.90582969654902,100 174.85471010121717,-36.90582452590919,100 174.85473781317236,-36.905810853597806,100 174.8547419457017,-36.905808954867425,100 174.85477984820278,-36.90579104941987,100 174.8548235447979,-36.90578484640236,100 174.85485891955742,-36.905784313775605,100 174.854903621477,-36.90578083325175,100 174.85494203868706,-36.9057782981113,100 174.8549868573429,-36.90577593067125,100 174.85499580434544,-36.90577563770737,100 174.8550407180863,-36.9057748794286,100 174.85505589376072,-36.90577475686828,100</coordinates></LinearRing></outerBoundaryIs>
    </Polygon>
  </Placemark>

  <Placemark>
    <name>Mount Wellington</name>
    <Point>
      <altitudeMode>relativeToGround</altitudeMode>
      <coordinates>174.8399005772178,-36.912798074572095,100</coordinates>
    </Point>
  </Placemark>

</Document>
</kml>