<?xml version="1.0" encoding="utf-8"?>
<kml xmlns="http://www.opengis.net/kml/2.2">
<Document>
  <name>Otahuhu (polygon: official_shp)</name>
  <open>1</open>

  <Placemark>
    <name>Otahuhu (polygon: official_shp)</name>
    <Style>
      <LineStyle><color>ffff0000</color><width>2</width></LineStyle>
      <PolyStyle><color>66ff0000</color><fill>1</fill><outline>1</outline></PolyStyle>
    </Style>
    <Polygon>
      <tessellate>1</tessellate>
      <altitudeMode>relativeToGround</altitudeMode>
      <outerBoundaryIs><LinearRing><coordinates>174.85729906921125,-36.944242188683205,100 174.8572871848544,-36.944259599705106,100 174.8572571358815,-36.944253040397584,100 174.85722431287547,-36.944239063360165,100 174.85720062940794,-36.94420663935979,100 174.85719738273824,-36.944201631045104,100 174.85719586051218,-36.94419646957007,100 174.85717266758152,-36.94418105659273,100 174.8571499144066,-36.944166550669074,100 174.85713805381306,-36.944158995673654,100 174.85709634199333,-36.944145762428505,100 174.8570898701028,-36.9441437509717,100 174.85705068928405,-36.94412621398027,100 174.85703587558777,-36.944118803410056,100 174.85699772912295,-36.94409983785498,100 174.856989076828,-36.944095201606395,100 174.8569531903275,-36.94407339488205,100 174.85694557230659,-36.94406991777297,100 174.8569152137351,-36.94406077733584,100 174.85687004770534,-36.944056832048275,100 174.85685437048247,-36.94405270404447,100 174.856849941119,-36.94405073633967,100 174.85680576311634,-36.94404942184698,100 174.8567885544932,-36.944052103815366,100 174.85674368346216,-36.944053325633895,100 174.85671528770047,-36.94405486842655,100 174.85667070432388,-36.944059105137335,100 174.85666549325026,-36.9440595823103,100 174.8566207701869,-36.944062459293946,100 174.85659986672513,-36.944064104814466,100 174.85656558170686,-36.944067931675306,100 174.85653021868282,-36.944066992985135,100 174.85650700778362,-36.94406448073458,100 174.856504481173,-36.94406443191453,100 174.85647920627838,-36.944052662940365,100 174.85644939270884,-36.94406393955165,100 174.85642357908964,-36.94409285010692,100 174.85641851517687,-36.944102028104,100 174.85640208138014,-36.94413436932162,100 174.8563889140627,-36.94416851257324,100 174.85638518775102,-36.94417793103629,100 174.85636108203454,-36.94421054362958,100 174.85635655300302,-36.944233294334786,100 174.8563571641964,-36.94423543622651,100 174.8563394415701,-36.94426936407997,100 174.8563370001581,-36.94428351420453,100 174.85633757462315,-36.944284929306235,100 174.8563302781798,-36.944320613043544,100 174.85633052606585,-36.94433378825341,100 174.8563311009029,-36.94433521867174,100 174.85632457020972,-36.94436978902363,100 174.85631451237066,-36.94438890282533,100 174.85630562346788,-36.94442393276683,100 174.8563024321147,-36.944436563275374,100 174.85629712870696,-36.94445688080743,100 174.85629032706146,-36.944472236569844,100 174.85628816712986,-36.94447623884871,100 174.856263595149,-36.94450949414247,100 174.8562377078309,-36.94454083666751,100 174.85620905871954,-36.94457428638754,100 174.8562086094866,-36.9445756255606,100 174.8561998072446,-36.94460224483345,100 174.85619999612973,-36.94460540100314,100 174.8561847601805,-36.94464176317401,100 174.8561746697871,-36.94465773367247,100 174.85616475065763,-36.94469561525962,100 174.85615970423174,-36.94471972241898,100 174.85614315141243,-36.94475795017272,100 174.85614423716146,-36.944776547236174,100 174.85614627671512,-36.944781003016054,100 174.85614845345663,-36.944818459344496,100 174.85614518951917,-36.9448276839979,100 174.8561409159337,-36.944854209029096,100 174.85613691707763,-36.9448741474329,100 174.85613683697622,-36.94490800402597,100 174.85613640774977,-36.94494177234002,100 174.8561340208246,-36.9449492392295,100 174.85612421151677,-36.94497989502437,100 174.85612725932532,-36.94498716788644,100 174.8561310107093,-36.94500390621539,100 174.8561331988988,-36.94500550970115,100 174.85613949496465,-36.9450417344179,100 174.85613896293265,-36.945045769828624,100 174.85613887561823,-36.94508261440568,100 174.85613898440604,-36.94509315903706,100 174.85613435504752,-36.94513547172292,100 174.85613880237236,-36.94514072267742,100 174.85614617897608,-36.94515007390113,100 174.85614872929497,-36.945151005650196,100 174.8561534958288,-36.94517593461487,100 174.8561391865791,-36.94520879688992,100 174.85613435750955,-36.94521775398516,100 174.8561234366812,-36.94525179628686,100 174.85612343092333,-36.945254196589,100 174.8561350823468,-36.94528755610756,100 174.85614887618036,-36.94532086320164,100 174.85615115216308,-36.945324464439466,100 174.85617717582994,-36.94535258881879,100 174.85619527359975,-36.945370845993125,100 174.85619698128426,-36.94537134296,100 174.85619849284595,-36.94537481734535,100 174.85621133257098,-36.94539633928249,100 174.8562342447927,-36.94542780120811,100 174.8562373140212,-36.94543192993159,100 174.85625879184096,-36.94546406773533,100 174.85627122747093,-36.94548147695655,100 174.85629255989977,-36.945507530421,100 174.85630487459252,-36.945542442436356,100 174.85630856452886,-36.94555752509434,100 174.8563137334715,-36.945572288092755,100 174.85632113333992,-36.945592866668555,100 174.85632203945798,-36.945595685345495,100 174.85633168882964,-36.94563182066095,100 174.85633297510728,-36.94563850455774,100 174.85633581304506,-36.945675437687626,100 174.85633902193553,-36.94569517506543,100 174.85633952199154,-36.94569704018692,100 174.8563400735226,-36.94573063723326,100 174.8563260238155,-36.94576605070883,100 174.85632451391677,-36.94577560035555,100 174.85632456926984,-36.94577894518528,100 174.85631966060782,-36.94581145859637,100 174.856353433368,-36.945810413165574,100 174.85634680411283,-36.94582579687871,100 174.8563264703943,-36.94585718327587,100 174.85632640417342,-36.94585727714713,100 174.85630956105516,-36.94588984196635,100 174.8562840217595,-36.94591865356361,100 174.85628069738812,-36.945922427988734,100 174.85625595893134,-36.945952728655485,100 174.85625410814217,-36.94596178970848,100 174.856254094445,-36.94596321490758,100 174.85624048448204,-36.945996993715525,100 174.8562403923026,-36.94599934940133,100 174.85624086077326,-36.94600329075405,100 174.85624023084375,-36.94603864221221,100 174.85624007944892,-36.94604008488665,100 174.8562361703104,-36.94607047628388,100 174.85622912788952,-36.9461001622667,100 174.85620292158575,-36.946127359197966,100 174.85617326733535,-36.946153656436216,100 174.85617049235069,-36.946155314084265,100 174.85613932773367,-36.94616786908739,100 174.856096304047,-36.94617548639343,100 174.8560930264534,-36.94617582155109,100 174.85605115963187,-36.94617946937294,100 174.85602578020337,-36.94618452055559,100 174.8559986222769,-36.94618384371511,100 174.85598181109506,-36.94618524759765,100 174.85602298045504,-36.946270025565816,100 174.8563074351868,-36.94677631942921,100 174.8569601230096,-36.94793793075524,100 174.85745821760864,-36.948828038218736,100 174.8574085822574,-36.94995817000265,100 174.85651492351116,-36.948310179010285,100 174.85597083135409,-36.94718976406381,100 174.85581649670505,-36.94687196703309,100 174.85577198943196,-36.94693540895809,100 174.85573711173058,-36.94692939614913,100 174.8556819477124,-36.94691902528169,100 174.85564238110192,-36.94691358957286,100 174.85560439923827,-36.946906035317674,100 174.85556470499233,-36.94689973541044,100 174.85551496017507,-36.94688759700182,100 174.8554900574929,-36.94687940024924,100 174.85546426471885,-36.94686770225945,100 174.8554417682729,-36.94685120910613,100 174.85543090204493,-36.946832300716935,100 174.85542416396186,-36.946809325954526,100 174.8554216038589,-36.946783413393156,100 174.85541653896695,-36.94674729198342,100 174.85540734923904,-36.94671023457404,100 174.8553958094341,-36.9466603187237,100 174.85538688994737,-36.946619772590196,100 174.85538282526247,-36.946609419572745,100 174.8553771425769,-36.946597453243896,100 174.85537807398688,-36.94658631731525,100 174.85538074770608,-36.94656081057037,100 174.85538585928248,-36.94654168942509,100 174.8553942559875,-36.94652254307704,100 174.855401812449,-36.946504959226985,100 174.85540855510152,-36.94648738899626,100 174.8554088163546,-36.94646737563608,100 174.8554057897609,-36.946450561966046,100 174.85539704923826,-36.946436139563005,100 174.8553841825426,-36.94642651176489,100 174.85535859378174,-36.94640562612226,100 174.85535834425735,-36.94640598694406,100 174.85535822040248,-36.94640588072139,100 174.8553426734738,-36.9464287125388,100 174.85533651201519,-36.94643506037598,100 174.85530841534214,-36.946465913562555,100 174.85530745239666,-36.946467463556935,100 174.8552698170564,-36.94648316501168,100 174.85526514850892,-36.946485831062134,100 174.85522824239368,-36.94651006921578,100 174.8551896549146,-36.946527721557196,100 174.8551817193529,-36.94653176179251,100 174.85514424327764,-36.94655537429845,100 174.85512731940236,-36.94657000667564,100 174.85512656524102,-36.94657155340614,100 174.85512245688037,-36.946575139055966,100 174.85510621368118,-36.94660876059472,100 174.85509877002366,-36.94662474823098,100 174.85508198645695,-36.94666150939164,100 174.85508192060541,-36.94666161857886,100 174.85507065122852,-36.9466787710095,100 174.85506377155787,-36.94668801067018,100 174.8550538955905,-36.946705573058246,100 174.85505313636597,-36.94670950385564,100 174.85505268791863,-36.94672897934914,100 174.85505170624762,-36.94673498935955,100 174.85504636067452,-36.94675372658023,100 174.8550386017779,-36.94677213557413,100 174.85502950484582,-36.946790334736995,100 174.85502018040253,-36.946808459940655,100 174.85501940832484,-36.946810610834014,100 174.85501277229676,-36.946829618783276,100 174.8550050317089,-36.94684808877855,100 174.85499469655056,-36.94686528609188,100 174.85499014616602,-36.946871714192774,100 174.85497575838173,-36.94688803655342,100 174.85495834833807,-36.94690198158654,100 174.85493817924444,-36.94691236354935,100 174.85492903691448,-36.946915913378156,100 174.8549056398847,-36.94692136418098,100 174.85488115559994,-36.946923008572114,100 174.8548606470752,-36.94692328483076,100 174.85483729639355,-36.946918793349525,100 174.85482799029396,-36.946914942296516,100 174.85480936683666,-36.94690223804469,100 174.8548017003711,-36.94689431715536,100 174.85478749289956,-36.94687857856859,100 174.85478501622535,-36.94687716613881,100 174.85476664350932,-36.946864798661146,100 174.85476661645444,-36.94684951361773,100 174.85476630777646,-36.94684053589669,100 174.8547647523087,-36.94682117282958,100 174.8547622307761,-36.94680188884883,100 174.85476023104133,-36.94678532140279,100 174.85475687923602,-36.94676606661684,100 174.8547516188779,-36.94674720127402,100 174.85475067242623,-36.946744801427116,100 174.8547420922058,-36.94672665943203,100 174.85473361636255,-36.94670851490426,100 174.8547289335748,-36.94669253557313,100 174.85472496219833,-36.946673385103686,100 174.85472150713585,-36.94665413192939,100 174.8547156056298,-36.94664170480704,100 174.8547111448559,-36.94663205557425,100 174.8547049233806,-36.94661870509157,100 174.85469592838928,-36.94660702842332,100 174.85468070080768,-36.94659321204814,100 174.8546648433,-36.94658111080701,100 174.85464824980295,-36.946568619974386,100 174.8546388654953,-36.94655922611495,100 174.85462585325652,-36.94654419529808,100 174.85461297798722,-36.946529070405475,100 174.8546115392151,-36.946527669698945,100 174.8545964164442,-36.94651391386608,100 174.8545813120323,-36.94650017396814,100 174.8545676222451,-36.94648568100031,100 174.85456665157952,-36.94648431984936,100 174.8545564054358,-36.946467910059795,100 174.8545454113741,-36.94645196171067,100 174.85453504150632,-36.94644193428844,100 174.85451954463295,-36.94642844837553,100 174.85451674008686,-36.94642573955693,100 174.85450863145368,-36.94641296383985,100 174.8545010955344,-36.9463989380598,100 174.8545000930167,-36.946397004166975,100 174.85448568427307,-36.94637953454737,100 174.8544747416321,-36.94636491843865,100 174.85446394076524,-36.94635559356045,100 174.8544470290826,-36.94634479674014,100 174.85443642037922,-36.94633746888443,100 174.85441789179038,-36.9463295950566,100 174.85440322104105,-36.94633017212186,100 174.85438166945804,-36.946334755767786,100 174.85437182773285,-36.94633673736694,100 174.85436774983503,-36.94633755095941,100 174.85434702214405,-36.946337396114934,100 174.85433121727576,-36.946327230038406,100 174.85432599943599,-36.94631965393114,100 174.8543159790746,-36.946304587163496,100 174.8543124285315,-36.94630246503321,100 174.8542920296822,-36.94629646629845,100 174.854283642819,-36.94629527866231,100 174.85426228154532,-36.94629339956101,100 174.85424909938985,-36.946290762688044,100 174.85423549272954,-36.94628585481062,100 174.8542292158829,-36.94628137865121,100 174.85420934140575,-36.94627755470682,100 174.8541956980822,-36.94627252391667,100 174.85417772800054,-36.946262256437855,100 174.85417516971776,-36.94626039460991,100 174.85416020915588,-36.94624748793237,100 174.8541446421445,-36.9462352270554,100 174.85414063885858,-36.94623300383237,100 174.85412551001926,-36.946226449570794,100 174.8541213530031,-36.94622464786131,100 174.85411983274543,-36.94622405420036,100 174.85409931007817,-36.9462179492074,100 174.85408955568062,-36.94621672342751,100 174.85406790257204,-36.946214292734645,100 174.85406588170719,-36.9462137546609,100 174.85404603357227,-36.94620633761976,100 174.85404312405345,-36.94620555113977,100 174.85402150135533,-36.946199093771355,100 174.85400926148282,-36.94619349664551,100 174.85398957705956,-36.94618379940497,100 174.853979059236,-36.946180542247575,100 174.85395763670277,-36.946173771687775,100 174.85395647714213,-36.94617309487859,100 174.85393733036787,-36.94616283131674,100 174.85392679439337,-36.94616211435516,100 174.8539120270491,-36.94615583292844,100 174.85390263450506,-36.94614998492624,100 174.85388570559212,-36.94613726758221,100 174.85388222315754,-36.94613508218418,100 174.8538636787442,-36.94612404939204,100 174.85385361926447,-36.94611528611855,100 174.85383868051403,-36.94610258095405,100 174.8538319239982,-36.94609763276136,100 174.85381548979186,-36.94608591265283,100 174.8538010830868,-36.9460730585698,100 174.8537917219017,-36.94605997878587,100 174.85378334674314,-36.94604370555363,100 174.8537826716899,-36.9460423551025,100 174.85377560424388,-36.9460258289099,100 174.85376920838394,-36.9460091200784,100 174.8537685755594,-36.94600747333513,100 174.85376214302676,-36.945990687562336,100 174.8537541866283,-36.945974502427525,100 174.85375265127828,-36.945972081122285,100 174.8537413054611,-36.945957223375174,100 174.8537285225411,-36.94594297843002,100 174.85372070316737,-36.94593388273193,100 174.85370759964363,-36.945919938422946,100 174.85369410293958,-36.945907470302984,100 174.85367921438578,-36.945894702142404,100 174.85367459624112,-36.94589018202773,100 174.85365955842082,-36.945877648735504,100 174.85364702007044,-36.9458725672793,100 174.8536270235323,-36.94586541566838,100 174.8536243777509,-36.945863510128284,100 174.8536082055476,-36.94585189405721,100 174.85360283779943,-36.945850406865006,100 174.85358085372013,-36.945848493198376,100 174.85357004158868,-36.94584652678119,100 174.85354913749543,-36.9458416822823,100 174.85352845600207,-36.94583610693979,100 174.85351038797324,-36.94583054757467,100 174.85348971286092,-36.94582523531092,100 174.85347611964275,-36.945823379001254,100 174.85346422773333,-36.945822405560456,100 174.8534543982142,-36.945821599112385,100 174.85344987881166,-36.9458220797685,100 174.8534281873986,-36.94582728462976,100 174.8534202642092,-36.94583823136349,100 174.85341230458152,-36.94584721108581,100 174.85339511994368,-36.9458592460833,100 174.8533921151768,-36.94586073780621,100 174.85337027404273,-36.945865464591236,100 174.85337013413067,-36.94586543703189,100 174.85336203726476,-36.94585174620964,100 174.85335811510632,-36.945829883750925,100 174.8533473845288,-36.94581543367091,100 174.85333366852282,-36.94580053897578,100 174.85333057851577,-36.945796890903175,100 174.8533177518277,-36.94578166956541,100 174.85330484103466,-36.945766499111635,100 174.8532933012436,-36.9457534559994,100 174.8532804237209,-36.945738267898356,100 174.8532772681897,-36.945734093575396,100 174.85326589254248,-36.94571813843959,100 174.8532542949522,-36.94570229222151,100 174.85324736245278,-36.94569401726828,100 174.85323417928447,-36.94567900518365,100 174.8532278283655,-36.94566660122065,100 174.85321861121557,-36.9456511639934,100 174.85321036644996,-36.94564100683717,100 174.8531973397816,-36.945627355099866,100 174.85319676952233,-36.94562671415022,100 174.85318394862387,-36.94561298078459,100 174.85317039628617,-36.94559974013927,100 174.85315755452544,-36.94558713825192,100 174.85314173754816,-36.94557590323633,100 174.8531342078353,-36.94557245514937,100 174.8531139230468,-36.945566841994754,100 174.85309228286772,-36.94556419460251,100 174.85307513451232,-36.945563312181484,100 174.85305368266947,-36.94556320085884,100 174.85303625707672,-36.94556232366073,100 174.8530149293877,-36.9455610332703,100 174.8530093076637,-36.945560371116706,100 174.8529859771077,-36.94555858921662,100 174.8529791798259,-36.945559277559326,100 174.85295607893713,-36.945562850411804,100 174.85293931486748,-36.945562117000264,100 174.85291598123402,-36.94555891014867,100 174.85290608513492,-36.94555818130591,100 174.85288264945504,-36.945556324414014,100 174.85285965663763,-36.94555295540262,100 174.85284415666075,-36.94554900977633,100 174.85282224874226,-36.945542169970516,100 174.8528160735725,-36.94554026270989,100 174.8527942326259,-36.94553335966261,100 174.8527852681026,-36.945531221029114,100 174.85276442621958,-36.94552546238272,100 174.8527574862392,-36.94552276307776,100 174.85273826091858,-36.94551401836491,100 174.85272995898347,-36.94551081574475,100 174.85271080438977,-36.9455021627595,100 174.8526959296356,-36.94549120590825,100 174.85268282932128,-36.945476734160074,100 174.8526827032237,-36.94547653513365,100 174.85267307724098,-36.94546067160862,100 174.85266382541977,-36.94544453905867,100 174.85265803820408,-36.945434448065335,100 174.8526437788623,-36.94542191601197,100 174.85262227244363,-36.94542172885032,100 174.85261767110828,-36.945422349556246,100 174.85259616549158,-36.94542349362601,100 174.8525919241138,-36.94541686120519,100 174.85259252430637,-36.94539657756225,100 174.8525932479729,-36.945382875229,100 174.85259387848225,-36.945369545692955,100 174.85259387774025,-36.94536951505969,100 174.8525940915326,-36.945365221443474,100 174.85259344425745,-36.945358479760635,100 174.85258967338308,-36.945340952059915,100 174.85258283968975,-36.94532404899681,100 174.85257412296622,-36.945308541716734,100 174.8525628507757,-36.945293232944195,100 174.852560358409,-36.945290566074824,100 174.85254827171622,-36.94527584415087,100 174.85254673919925,-36.94526894773427,100 174.8525453801147,-36.9452510840613,100 174.8525447290017,-36.94524937630656,100 174.85253594004053,-36.945233111239595,100 174.85252810593437,-36.94521695385188,100 174.852525586743,-36.94520942388094,100 174.85252043110742,-36.945191238190155,100 174.85251452322603,-36.94517662715247,100 174.85250569156483,-36.9451593866203,100 174.85250468912668,-36.94515749957681,100 174.85249435041052,-36.94514081163377,100 174.8524881147838,-36.9451333928294,100 174.85247389955796,-36.945118598655284,100 174.85247086726548,-36.945115151554084,100 174.85245777707163,-36.945099748558086,100 174.85245448662124,-36.94509570340319,100 174.85245000867826,-36.945086720421486,100 174.85244071004166,-36.94507597666998,100 174.85244046431785,-36.94507779305738,100 174.85244035730668,-36.94507768656875,100 174.85244024850374,-36.94507940708253,100 174.8524352864097,-36.94508534668806,100 174.8524224819591,-36.94510464633593,100 174.852417673425,-36.94511372734683,100 174.85241957986852,-36.94511645113146,100 174.85243054260567,-36.94513252365803,100 174.85243811837375,-36.945145434024575,100 174.85244680369232,-36.945162382113985,100 174.85244919139404,-36.945166940685766,100 174.8524575684246,-36.94518400264421,100 174.85246462433568,-36.94520141239482,100 174.8524665347321,-36.94520819385681,100 174.85247054545283,-36.94522626041407,100 174.85247510651524,-36.94524419219916,100 174.85247761327463,-36.94525000354913,100 174.85248612835537,-36.945267015581166,100 174.852494007802,-36.94528421058403,100 174.85249489094974,-36.94528682865627,100 174.85250000318172,-36.945304705872616,100 174.85250098530537,-36.94531882864346,100 174.85250076372898,-36.94532474836117,100 174.85249930279664,-36.945342598352795,100 174.8524991912336,-36.94534879486156,100 174.852500066915,-36.94536672917015,100 174.85250325561915,-36.94538442278747,100 174.85250645755397,-36.94539746989691,100 174.8525131266083,-36.945414669363466,100 174.85252298115614,-36.94543069878359,100 174.8525273616606,-36.94543602843219,100 174.85254104224532,-36.94545021173451,100 174.85254357053802,-36.945460064262676,100 174.85255211080585,-36.94547088202947,100 174.85256349455102,-36.94547939040986,100 174.85256373000857,-36.94548174008051,100 174.85256814432753,-36.94550390404233,100 174.85257352207816,-36.94551160121609,100 174.85259372542671,-36.94552780894069,100 174.8526010306928,-36.945532562069815,100 174.85262390161833,-36.94554564204535,100 174.85263603104852,-36.94555354931939,100 174.85264122756203,-36.94555835337912,100 174.8526566180032,-36.94557117513128,100 174.8526683122432,-36.94557831495977,100 174.8526877976021,-36.94558703940205,100 174.85270027330236,-36.945591115165236,100 174.85272104376887,-36.94559744817625,100 174.85272730539478,-36.945600003943795,100 174.8527466699056,-36.94560874558457,100 174.85276400796272,-36.94561611459141,100 174.85278380386308,-36.94562416809637,100 174.85280376586812,-36.945631939596716,100 174.85281660754393,-36.94563675232304,100 174.8528368516612,-36.945644070557975,100 174.8528571601208,-36.945651263403164,100 174.85287086758575,-36.945656076131165,100 174.85289119326958,-36.94566323805677,100 174.85291145458746,-36.945670570431425,100 174.85292748938528,-36.94567638154413,100 174.85294753373822,-36.94568402825391,100 174.85296716428218,-36.94569234659244,100 174.85297377020774,-36.9456955324031,100 174.85299244862992,-36.94570515358301,100 174.85301116111242,-36.94571474358345,100 174.85302952740415,-36.945722373207026,100 174.8530494419485,-36.945730315755405,100 174.85306878820555,-36.945738996337774,100 174.85307994104767,-36.94574533969709,100 174.85309741030434,-36.94575631368594,100 174.8531147984027,-36.94576746018959,100 174.85311515049784,-36.94576767101038,100 174.85313332686678,-36.94577793543414,100 174.8531511171539,-36.94578857902762,100 174.8531571948195,-36.94579271765608,100 174.85317373775447,-36.94580462183289,100 174.85318112877601,-36.94580999189172,100 174.8531976298284,-36.945822252739916,100 174.85320305087305,-36.945826403418195,100 174.85321896039864,-36.94583918454484,100 174.85323383320187,-36.94585269659856,100 174.85323740028892,-36.94585670856998,100 174.8532497592451,-36.94587190567146,100 174.85326328700324,-36.94588621475333,100 174.85327149410065,-36.94589171087034,100 174.85328853506152,-36.94590345132796,100 174.8532932228279,-36.945908621123536,100 174.85330475941774,-36.945924172656404,100 174.85331003652266,-36.94593002906978,100 174.85332424861036,-36.94594403182884,100 174.85333969988224,-36.945957177915886,100 174.85334040785244,-36.94595775542528,100 174.85335675553085,-36.94597012590165,100 174.85337342575804,-36.945982229056455,100 174.85338270006304,-36.94598945616297,100 174.85339860743858,-36.94600219223204,100 174.85341427909879,-36.94601511765048,100 174.85341958116422,-36.946019362110434,100 174.8534353721983,-36.94603225501751,100 174.8534504826503,-36.94604556143716,100 174.85345521452564,-36.94604981659979,100 174.85346954715172,-36.94606378681391,100 174.85348220846993,-36.94607866821418,100 174.85348495690954,-36.94608249286566,100 174.85349521098533,-36.94609854660727,100 174.85349470112752,-36.946112492566094,100 174.85349627035822,-36.946118119337825,100 174.85350532906284,-36.9461347983285,100 174.85350839795856,-36.94614151301331,100 174.85351568540509,-36.94615854683532,100 174.85352192299445,-36.94617581606816,100 174.85352385080648,-36.94618386719741,100 174.85352586517882,-36.94619386833105,100 174.8535274760628,-36.94620172341407,100 174.8535327311101,-36.946219086400816,100 174.85353732652246,-36.94623054522996,100 174.85354856613012,-36.94624593192583,100 174.85356433682585,-36.94625612928664,100 174.85356707694518,-36.94625831276384,100 174.8535817785315,-36.946271889635526,100 174.85358363632417,-36.94627343703698,100 174.85359942516843,-36.946286236217766,100 174.8536055934678,-36.94629049778913,100 174.85362359310372,-36.946301246198374,100 174.8536421677688,-36.9463114880985,100 174.8536574090053,-36.94632059590658,100 174.85367527508387,-36.946331532064804,100 174.85369287215522,-36.94634272028325,100 174.8537069037554,-36.946351910965525,100 174.85372401145997,-36.94636357190081,100 174.8537408831125,-36.94637545463852,100 174.85374289206266,-36.9463768446503,100 174.85375993319556,-36.946388631001724,100 174.8537767049721,-36.94640065499813,100 174.85379300120218,-36.94641302711621,100 174.8538086198843,-36.94642593798475,100 174.8538132986606,-36.94643013177042,100 174.85383354327448,-36.946445889774246,100 174.85384782743589,-36.94646003194748,100 174.85386207977018,-36.946474204359426,100 174.85387666998886,-36.94648813985435,100 174.8538913458696,-36.94650199559498,100 174.85390563075097,-36.9465154716749,100 174.8539205442282,-36.946529168674616,100 174.85393586365745,-36.946542564601735,100 174.85393681969342,-36.94654336897127,100 174.85395266553874,-36.94655633756228,100 174.85396898614633,-36.9465689715583,100 174.85398554139678,-36.946581325182756,100 174.8540019716417,-36.9465935248288,100 174.85400698341263,-36.94659723300324,100 174.85402354799132,-36.946609322390074,100 174.85404016306242,-36.9466213172488,100 174.85405672800965,-36.94663337507891,100 174.85407307374288,-36.94664565444929,100 174.85408775663677,-36.94665720267844,100 174.85410349326582,-36.94666997196003,100 174.8541190764902,-36.94668285179348,100 174.85413457591514,-36.94669579512459,100 174.85413538865572,-36.94669643228244,100 174.8541516184245,-36.946708929769216,100 174.85416766300003,-36.94672156985045,100 174.8541829746042,-36.94673463958903,100 174.854197078895,-36.94674849069741,100 174.85420593037247,-36.946758001973386,100 174.8542181160586,-36.94677317102914,100 174.8542283329565,-36.946789163092376,100 174.8542331730252,-36.94679810879886,100 174.85424044425542,-36.94681515904895,100 174.85424608378315,-36.946832670120514,100 174.85425001017714,-36.94684691272666,100 174.85425385787383,-36.94686467170552,100 174.85425722366364,-36.94688251662569,100 174.85425873106513,-36.946891055611566,100 174.85426178705322,-36.9469089522388,100 174.85426532345812,-36.94692674762521,100 174.8542701001917,-36.94694428929604,100 174.8542718066509,-36.946947976978265,100 174.85427802576487,-36.94696516894155,100 174.85427794009206,-36.94697034294878,100 174.85427169057962,-36.94698700589905,100 174.85426088637337,-36.94700348401326,100 174.85425952500893,-36.94700624889079,100 174.85425125984472,-36.947022590004956,100 174.85424250601753,-36.94703873865801,100 174.85423328187235,-36.94705475675432,100 174.8542237246719,-36.94707060880115,100 174.85421385356932,-36.94708639003907,100 174.85420738956827,-36.94709698595325,100 174.8541975188171,-36.94711273563819,100 174.85418727987562,-36.94712835226968,100 174.85417669031946,-36.94714377338211,100 174.85416566261293,-36.947159001243854,100 174.85416551333904,-36.94715923611548,100 174.85415487510858,-36.94717478056557,100 174.85414365847188,-36.94719004382347,100 174.85413150896508,-36.947204717766,100 174.854118003781,-36.94721850074504,100 174.85411679083,-36.94721969861351,100 174.8541020254322,-36.94723291541501,100 174.85408541114677,-36.947244305273834,100 174.8540698913894,-36.94725192855038,100 174.85404982926116,-36.947259181117126,100 174.85402919157775,-36.94726562156739,100 174.85402424976698,-36.94726711741881,100 174.85400358699843,-36.94727326442644,100 174.85398387433293,-36.94728066565025,100 174.85397470694835,-36.94728587242173,100 174.85395807878618,-36.947297385960404,100 174.85394158049684,-36.94730916155509,100 174.8539321440731,-36.94731401740505,100 174.85391303833242,-36.9473227845521,100 174.85389394910638,-36.94733149195118,100 174.8538758922671,-36.94734128103233,100 174.8538702101707,-36.947346148554224,100 174.85385548553168,-36.94735961345313,100 174.8538389684269,-36.94737075299647,100 174.8538365887931,-36.947371676151555,100 174.85381608428372,-36.94737791439287,100 174.8537975412402,-36.9473857137317,100 174.85377834383283,-36.94739426777484,100 174.85376632753082,-36.94739966232533,100 174.8537461089595,-36.94740755181267,100 174.8537255620024,-36.947411576160754,100 174.85370519198156,-36.94740988157807,100 174.85368422005152,-36.94740378533531,100 174.85366389449203,-36.94739535359369,100 174.85365794999296,-36.947393009243434,100 174.85363896655488,-36.947384306876565,100 174.85362071491207,-36.94737452321517,100 174.85361312991094,-36.94736968258614,100 174.85359601450767,-36.94735836155659,100 174.8535778968713,-36.94734905619915,100 174.8535671708611,-36.94734578693556,100 174.8535457100528,-36.94734212915794,100 174.85352353439154,-36.947340853907264,100 174.85351580898944,-36.94734045986761,100 174.8534939488331,-36.94734061909194,100 174.85347209102392,-36.947342172616004,100 174.8534510912132,-36.94734479432372,100 174.85342955828048,-36.94734812287293,100 174.85340797330213,-36.94735083302465,100 174.85339494642463,-36.94735145911348,100 174.85337310835106,-36.947351788320105,100 174.85335119468857,-36.94735191770861,100 174.85334493755283,-36.94735210281755,100 174.8533230923998,-36.94735283501507,100 174.85330124910195,-36.94735364379171,100 174.85328408631563,-36.94735547279877,100 174.85326255969895,-36.947358413652026,100 174.8532406206354,-36.947359533966214,100 174.8532233280012,-36.947355170226096,100 174.85320207675042,-36.94735158662835,100 174.8531972796186,-36.94735205628875,100 174.8531776442682,-36.947359083928035,100 174.85318090808732,-36.9473647121917,100 174.85320353301563,-36.947376371799976,100 174.85320367369454,-36.94737643089369,100 174.8532243099771,-36.947382255756565,100 174.85324618013453,-36.94738635515784,100 174.85325362162675,-36.947388425593644,100 174.8532744064856,-36.94739458882696,100 174.85327539990953,-36.94739489689258,100 174.85329612229208,-36.947401354927315,100 174.85331714542005,-36.94740673839785,100 174.85333686550652,-36.947408675733755,100 174.85335911562552,-36.947409500999896,100 174.85338116113726,-36.94741110459036,100 174.85338609304694,-36.94741184058582,100 174.85340765829127,-36.947416146612674,100 174.85342837617014,-36.94742241812136,100 174.85343190388645,-36.9474236897887,100 174.85345129624415,-36.9474321676856,100 174.85347006273648,-36.947441788308296,100 174.8534706048984,-36.947442010581604,100 174.85348961756057,-36.947451177599724,100 174.85350832940338,-36.94746072065468,100 174.8535265548671,-36.94747081389428,100 174.85352927852668,-36.94747240906716,100 174.85354678191345,-36.94748333557998,100 174.8535637794762,-36.947494751291856,100 174.8535805581922,-36.94750640385969,100 174.85358389665595,-36.947508994402874,100 174.85359980922559,-36.94752188358091,100 174.85361622129687,-36.94753402227103,100 174.85363423013882,-36.94754379440098,100 174.8536378854744,-36.94754532725459,100 174.8536586254937,-36.947551768725866,100 174.8536805278906,-36.94755511043483,100 174.85369380926346,-36.94755562411423,100 174.85371606122337,-36.947555226194346,100 174.8537200262525,-36.94755535896812,100 174.8537421009537,-36.9475567285935,100 174.85376409304993,-36.94755890618501,100 174.85378602903316,-36.9475615947951,100 174.85378618580842,-36.94756162299191,100 174.85380806017952,-36.947565846604704,100 174.8538298866638,-36.94757027195529,100 174.8538516311394,-36.94757353768373,100 174.85387330994487,-36.94757432580677,100 174.8538824402769,-36.94757356492608,100 174.8539041213979,-36.94756990860404,100 174.85392553409727,-36.947564629589195,100 174.85394277794828,-36.9475600285689,100 174.85396352271303,-36.94755369371763,100 174.8539841761815,-36.94754720616299,100 174.8539874032907,-36.94754626796763,100 174.85400820304798,-36.94754007105294,100 174.85402493304719,-36.947534331567915,100 174.85404511047656,-36.947526829341435,100 174.85406530701147,-36.94751942055035,100 174.85408580067198,-36.94751278044709,100 174.85409630848747,-36.94750982676026,100 174.8541176182885,-36.947504612410384,100 174.85413923311899,-36.94750040006595,100 174.8541611181639,-36.94749728220505,100 174.85418313948912,-36.947495385301316,100 174.8542012101015,-36.947494501889885,100 174.854223352061,-36.94749452380502,100 174.854245571524,-36.9474954728639,100 174.8542677371701,-36.94749702754411,100 174.8542692420677,-36.947497032881444,100 174.85429199353922,-36.94749718316561,100 174.85431460887378,-36.94749806383738,100 174.85433648948225,-36.94750059908505,100 174.85435712468382,-36.9475057261454,100 174.85436249706294,-36.947507398900854,100 174.85438278340396,-36.947515644560916,100 174.85440080703674,-36.94752662501084,100 174.8544151277459,-36.947540131109115,100 174.85442071982192,-36.94754743727789,100 174.8544291188594,-36.94756398769097,100 174.85443478097534,-36.94758168497054,100 174.85443865269556,-36.947594549404236,100 174.854442341477,-36.94761218827695,100 174.85444051207875,-36.947620752341685,100 174.8544388820695,-36.9476283696111,100 174.8544399368299,-36.94763806123986,100 174.85444112170822,-36.947655897856485,100 174.85444210078293,-36.9476737683326,100 174.85444370133814,-36.947691566008565,100 174.85444463130654,-36.94769856554469,100 174.85444761290913,-36.9477162623319,100 174.85445173195498,-36.94773381516692,100 174.8544541276216,-36.94774193558147,100 174.8544601399297,-36.947759115439894,100 174.8544665473613,-36.94777624225727,100 174.8544681802258,-36.947781015371916,100 174.85447398488395,-36.94779824534165,100 174.85447968852975,-36.947815523757484,100 174.85448526979945,-36.94783280318328,100 174.8544907830119,-36.94785010079689,100 174.85449489973968,-36.94786172208745,100 174.8545009984948,-36.947878946560145,100 174.8545067709999,-36.94789623922109,100 174.8545117854693,-36.94791362303904,100 174.85451572906263,-36.94793111732208,100 174.85451981488944,-36.94794484457479,100 174.85452402572582,-36.9479632639424,100 174.85452509126273,-36.94798113306609,100 174.85452114512208,-36.94799789614507,100 174.85452029698405,-36.94799913428607,100 174.85451561742377,-36.94800593573014,100 174.85450200335842,-36.94802018643473,100 174.85448829423692,-36.948034731551225,100 174.85448597587768,-36.948039247319954,100 174.8544795490194,-36.94805637812974,100 174.85447647826112,-36.94806640459681,100 174.8544764614365,-36.948066451728195,100 174.8544756339871,-36.94806914517543,100 174.85447542557355,-36.94806911778616,100 174.85447395351784,-36.94807292181276,100 174.85447140006386,-36.9480809410741,100 174.85446734224553,-36.948090922571154,100 174.85445832188745,-36.94810163954871,100 174.8544437221861,-36.94811525669351,100 174.85442821508445,-36.94812854821331,100 174.8544137257553,-36.94814241059176,100 174.85441038698076,-36.94814629334869,100 174.8543984129199,-36.94816167661893,100 174.8543882910439,-36.94817781780805,100 174.8543848761965,-36.948185325053736,100 174.85437962350315,-36.94819331436974,100 174.854371525912,-36.94821008640741,100 174.85436867004285,-36.948217119841,100 174.85436364033097,-36.94823476871119,100 174.85436140494133,-36.94825275699481,100 174.85436135246724,-36.94825661365586,100 174.8543632800629,-36.948274375578265,100 174.85436737146975,-36.94829222357754,100 174.85437174086903,-36.948310096977885,100 174.8543745896762,-36.948328013057264,100 174.8543749467588,-36.948334264433996,100 174.85437474010962,-36.948352418417564,100 174.854371738389,-36.94837020235463,100 174.854367330833,-36.94838201718533,100 174.85435862482436,-36.94839866082358,100 174.85434936463042,-36.94841528157126,100 174.85434652116083,-36.94842282675955,100 174.85434077899623,-36.948440317308844,100 174.85433550530902,-36.948457908698636,100 174.8543298125184,-36.9484753516076,100 174.85432295118198,-36.94849239726051,100 174.85431538864802,-36.948509794563805,100 174.85430645667552,-36.948527031190046,100 174.8542957843399,-36.94854325938376,100 174.85428317662968,-36.94855761512184,100 174.8542817043734,-36.94855881794345,100 174.8542628931323,-36.94857084963146,100 174.8542431542271,-36.948576625331604,100 174.854236417248,-36.948576337580484,100 174.8542177561371,-36.94856936531623,100 174.8541995764899,-36.94855645214839,100 174.85418210314168,-36.94854145220947,100 174.85417258107967,-36.948534027147055,100 174.85415705803734,-36.948520866980154,100 174.85414140517864,-36.94850795670125,100 174.85412459253467,-36.94849635341929,100 174.85411661416734,-36.948492339168574,100 174.85409684692868,-36.948484115103355,100 174.85407619110936,-36.94847689726406,100 174.85405538040834,-36.948469775577074,100 174.85404011453116,-36.948462960267186,100 174.85402055455415,-36.94845406687765,100 174.85400710252688,-36.948445223210285,100 174.85398685906867,-36.94843792140196,100 174.85397289152422,-36.94843569875683,100 174.85393814132172,-36.94843126254608,100 174.85392554703017,-36.94842926541157,100 174.85391338337035,-36.9484271975573,100 174.85391303320205,-36.94842252698392,100 174.85392121277138,-36.94842048124466,100 174.85392491279796,-36.94841848202393,100 174.85391245790754,-36.94841459174437,100 174.85388120745398,-36.948411614178596,100 174.85384548344476,-36.94840892998849,100 174.85383986150475,-36.94840826788053,100 174.85381740892043,-36.94840572705495,100 174.85379505437928,-36.94840292241041,100 174.85377305292772,-36.94839911809357,100 174.85376291725652,-36.948396582318665,100 174.85374176616116,-36.948390286992534,100 174.85372080772896,-36.94838341541552,100 174.85369968391834,-36.948376855569364,100 174.85368577763774,-36.9483723876498,100 174.85366416823098,-36.94836641042078,100 174.85364225553212,-36.94836334828168,100 174.85363539291157,-36.9483635284397,100 174.85361310384863,-36.94836643619808,100 174.85359062211,-36.94836987333077,100 174.85357811222326,-36.948371079930915,100 174.85355509188906,-36.94837184764796,100 174.85353317997826,-36.94836881792386,100 174.85351999389889,-36.948363438322836,100 174.8535004859633,-36.94835390860409,100 174.85348814071298,-36.94834958303342,100 174.85346638879565,-36.94834411904078,100 174.85344402115638,-36.94834146775837,100 174.85343101016647,-36.94834136624076,100 174.85340848795155,-36.948343318597445,100 174.85338590665384,-36.94834630838889,100 174.8533694934662,-36.94834835554456,100 174.85334703900702,-36.94835092603789,100 174.8533245623711,-36.94835197905227,100 174.85331399618917,-36.948351464407054,100 174.85329161395336,-36.94834895212683,100 174.85326924854013,-36.9483457437616,100 174.8532495588589,-36.948342985742826,100 174.85322711825637,-36.948340242722544,100 174.85320471930422,-36.94833903309254,100 174.85319445586876,-36.948339472714,100 174.85317213758816,-36.94834191666651,100 174.85314983545194,-36.948345629419784,100 174.8531275195006,-36.94834951363512,100 174.8531243832425,-36.94834993934157,100 174.85310202268434,-36.948352770606654,100 174.85307962243522,-36.94835540059168,100 174.85305717958255,-36.948357755433896,100 174.8530346921056,-36.9483597053749,100 174.85301832488483,-36.948360869373445,100 174.8529957685479,-36.948362202077156,100 174.85297929171304,-36.94836380131561,100 174.85295681691,-36.94836432786157,100 174.8529536618801,-36.94836407155812,100 174.85293175440665,-36.94835987985325,100 174.85291048737355,-36.94835310668578,100 174.8528927196039,-36.948347217172866,100 174.8528727725376,-36.9483387018781,100 174.85285881940553,-36.94833248332948,100 174.85284179741748,-36.94832080471509,100 174.8528369997888,-36.94831342298034,100 174.85282807453868,-36.94829660305954,100 174.85282510269445,-36.94829347860083,100 174.8528081390802,-36.94828142772693,100 174.85278768539348,-36.94827271933003,100 174.85278241325352,-36.948270920557256,100 174.85276082604713,-36.9482657630161,100 174.8527386058224,-36.948261546412425,100 174.8527364632831,-36.94826099399186,100 174.85271505002476,-36.948255228942635,100 174.85269371647385,-36.94824923100665,100 174.85269437060876,-36.94825106219296,100 174.85269442749373,-36.94825123165451,100 174.8527006542639,-36.94826870298953,100 174.85270434187836,-36.94828630858836,100 174.85270396975946,-36.9482963505819,100 174.85270116264286,-36.948314349563724,100 174.8526991480566,-36.948327005777244,100 174.85269713488321,-36.9483449121514,100 174.85269646171128,-36.94835791697172,100 174.8526977618273,-36.94837616912089,100 174.85270323877114,-36.94839342141931,100 174.85270336710025,-36.94839371234528,100 174.85271344735972,-36.9484097228924,100 174.85272737513012,-36.948424072651704,100 174.85272954951634,-36.94842584676379,100 174.85274694457013,-36.948437210419506,100 174.8527653898318,-36.94844779516684,100 174.85278167698144,-36.94845982685994,100 174.85279308800028,-36.94847254664631,100 174.85280169484378,-36.94848910925464,100 174.8528035219624,-36.948496666239095,100 174.85280388556868,-36.94851482664658,100 174.8528030754318,-36.9485272297209,100 174.8528000063817,-36.94854512373261,100 174.85279588102674,-36.94856294229508,100 174.8527941678493,-36.94857200114858,100 174.85279061198494,-36.948589779276816,100 174.85278693562537,-36.94860758993028,100 174.85278327650488,-36.94862537057106,100 174.85277982428204,-36.94864316240381,100 174.8527793465734,-36.94864536907724,100 174.85277574020043,-36.948663194861766,100 174.85277331097407,-36.948681077985825,100 174.85277288816505,-36.94868791477878,100 174.85277316118297,-36.9487059053491,100 174.8527751284644,-36.94872388299761,100 174.8527783918838,-36.94874182329273,100 174.85278265618487,-36.94875963710511,100 174.85278481291635,-36.948766568838,100 174.85279117854876,-36.948784067742515,100 174.85279780124645,-36.94880146979881,100 174.85280331677913,-36.94881887561415,100 174.85280644847464,-36.948836384429526,100 174.8528035971389,-36.948853994732644,100 174.85279872793043,-36.948871842028794,100 174.85279432603127,-36.948889695551344,100 174.85279281203512,-36.94890748597674,100 174.85279355464715,-36.94891199540229,100 174.85279815795667,-36.94892957138246,100 174.85280360914936,-36.94894714855072,100 174.85280435393187,-36.94895040330649,100 174.85280773520117,-36.94896820115498,100 174.85281032286983,-36.94898610602742,100 174.85281227296056,-36.949004068620226,100 174.85281373999322,-36.94902207029814,100 174.85281486909165,-36.94903910202312,100 174.8528156599955,-36.949057099832075,100 174.8528164179653,-36.94907512879983,100 174.8528173828453,-36.9490931229921,100 174.85281848983075,-36.94910284536646,100 174.85282082008283,-36.94912078580186,100 174.85282325321887,-36.949138708407695,100 174.85282537430595,-36.9491566367849,100 174.8528268046913,-36.949174562422016,100 174.8528208381691,-36.94918888105606,100 174.85282060946346,-36.94920688125778,100 174.85281972408063,-36.949224892609514,100 174.85281826694205,-36.94924289756215,100 174.85281641169527,-36.94926087898447,100 174.85281426196514,-36.949278849680276,100 174.85281419435466,-36.94928087960406,100 174.85281341897857,-36.949299120877626,100 174.8528113732651,-36.94931712059476,100 174.85280675358857,-36.949334561106404,100 174.85280400899666,-36.94934063286219,100 174.85279458522356,-36.949356963115925,100 174.85278448306502,-36.949373196699334,100 174.85277722567776,-36.94938842057222,100 174.85276975702195,-36.94940539990553,100 174.85276213041791,-36.949422349255904,100 174.85275861323933,-36.94942990582289,100 174.852750429866,-36.949446725959945,100 174.85274149550492,-36.94946328021045,100 174.85273144158592,-36.949479327364884,100 174.85272089953986,-36.949492052664766,100 174.85270797599586,-36.94950687914957,100 174.85269655366483,-36.94952225273987,100 174.85269527822527,-36.9495243501841,100 174.85268679846777,-36.94954108210635,100 174.85268074303107,-36.94955854682197,100 174.8526771377142,-36.94957641855261,100 174.85267604607955,-36.949586752083,100 174.85267590412963,-36.949604765351,100 174.85267656107118,-36.949622889632245,100 174.8526777499221,-36.949638262899576,100 174.85267849441573,-36.94965643178165,100 174.85267616244064,-36.949674066422645,100 174.85267400937124,-36.94968026594462,100 174.8526654397721,-36.94969685956286,100 174.85265481822753,-36.949713026431226,100 174.85265101695427,-36.94971970413609,100 174.8526412458907,-36.949735979409,100 174.85263068525117,-36.94975187943575,100 174.85261900281387,-36.94976722643288,100 174.85260977841924,-36.949777420086576,100 174.8525958841648,-36.94979158211325,100 174.85258214966257,-36.949805848902315,100 174.85257525891316,-36.949814052077635,100 174.85256333136095,-36.94982929473616,100 174.8525519493733,-36.949844853354826,100 174.85254086336252,-36.94986053083446,100 174.85253372318027,-36.94987169602785,100 174.85252224986587,-36.949887101042016,100 174.8525210555642,-36.94988837611689,100 174.85250585195786,-36.94990138324543,100 174.8524883047899,-36.949912819890386,100 174.85246983859952,-36.94992354441043,100 174.85246168330647,-36.949928454965004,100 174.85244352617207,-36.9499390502765,100 174.85242570619627,-36.949949981022804,100 174.8524169002349,-36.94995580034201,100 174.85240012986887,-36.949967827835394,100 174.85238445477364,-36.94998070440379,100 174.85237965726773,-36.949985013656686,100 174.8523655515131,-36.94999897796294,100 174.85235237972267,-36.95001362261151,100 174.85233973555765,-36.95002858440215,100 174.8523351551254,-36.950033927684146,100 174.85232268565116,-36.95004891558949,100 174.85231037263694,-36.95006396504598,100 174.85229784965009,-36.95007892313887,100 174.85228519270964,-36.95009340472025,100 174.8522720190112,-36.95010797187642,100 174.85225844118486,-36.95012231369761,100 174.8522510960953,-36.95013035359402,100 174.8522373270618,-36.95014463710643,100 174.85222239129152,-36.9501579960414,100 174.85221442571805,-36.950164157353655,100 174.8521972814125,-36.9501757715399,100 174.85217924995,-36.95018659829252,100 174.85217213478776,-36.950190917558366,100 174.85215385145816,-36.950201360669666,100 174.85213505245304,-36.95021123858472,100 174.8521307962772,-36.950213186038994,100 174.85211083501298,-36.95022167512447,100 174.85209096202536,-36.95023019257293,100 174.85207231308843,-36.950239914912764,100 174.8520695592315,-36.95024171274281,100 174.85205331445854,-36.95025397804839,100 174.8520383666836,-36.9502675390433,100 174.85202417811968,-36.95028170559567,100 174.85201268955063,-36.950294586205715,100 174.85199946823917,-36.95030927755566,100 174.85198468543453,-36.950322556561545,100 174.85197331331415,-36.95032944158149,100 174.85195412138341,-36.950338863221454,100 174.8519345934092,-36.95034804223786,100 174.8519167462026,-36.95035664973407,100 174.85189978744395,-36.95036809243698,100 174.85189372988242,-36.9503770856513,100 174.8518829403838,-36.95039281973499,100 174.85187580869277,-36.95039655068002,100 174.85185652465518,-36.95040578716825,100 174.85185117609075,-36.95041345159274,100 174.8518442265252,-36.95043110326718,100 174.85184331583037,-36.95043263619517,100 174.8518324383816,-36.95044835632387,100 174.85182039086104,-36.9504636170043,100 174.85182017498462,-36.95046397729393,100 174.85180817645806,-36.950479128149325,100 174.85178920405315,-36.95047085885936,100 174.85177535606988,-36.950463383913025,100 174.85175755625374,-36.950452385160546,100 174.85174341708614,-36.95044308777918,100 174.85172536770324,-36.95043244893541,100 174.851711456945,-36.95042655497239,100 174.85169071737226,-36.95041946241173,100 174.85168152892757,-36.950417420932716,100 174.85166166193665,-36.95041000380174,100 174.8516587464837,-36.95040508210732,100 174.85165263352198,-36.95038734666358,100 174.85163895770248,-36.950379838370765,100 174.85161789854428,-36.95037183684443,100 174.8516084969838,-36.95036437905367,100 174.8515943161345,-36.950350251235264,100 174.8515931089789,-36.95034909474332,100 174.8515786927698,-36.95033526442376,100 174.8515636674504,-36.950321925807934,100 174.8515564953591,-36.95031698487436,100 174.85153877563317,-36.950305719851144,100 174.85152251744978,-36.95029350186968,100 174.8515213873446,-36.95029200257543,100 174.85151106195883,-36.95027523774542,100 174.85149855709875,-36.95026103510484,100 174.85148712579982,-36.95025726741295,100 174.8514654044873,-36.95025164665425,100 174.85145612689007,-36.95024624643116,100 174.85144056801568,-36.95023299363365,100 174.8514344271393,-36.950227183061145,100 174.85142149343525,-36.950212475150984,100 174.8514096310018,-36.950197068234225,100 174.85140017417098,-36.950181713031014,100 174.85138715821984,-36.95016782840228,100 174.8513846365759,-36.950166694210246,100 174.85137077504095,-36.950163897271445,100 174.85136331312387,-36.95016238405459,100 174.8513403582919,-36.95015915478029,100 174.85133393693064,-36.95015706561546,100 174.85131441084386,-36.95014813970866,100 174.8513084418321,-36.95014488168825,100 174.85129115322027,-36.95013226333347,100 174.85128002121138,-36.950117013559314,100 174.85127810331818,-36.95011061976748,100 174.85127855763756,-36.95009264669337,100 174.85128344294193,-36.9500741015859,100 174.85128909473175,-36.95005896773461,100 174.85129411404958,-36.950041551692024,100 174.8512916485282,-36.95002956113797,100 174.85128982859908,-36.95001190564156,100 174.85129056642398,-36.95001037541342,100 174.85130149182638,-36.94999454642671,100 174.85130214391262,-36.94999174757721,100 174.8513043643316,-36.949973805547394,100 174.85131328998062,-36.94996406641003,100 174.85132905580952,-36.949950709064446,100 174.85133396041172,-36.94993806458865,100 174.85134024331748,-36.949920704549704,100 174.85134329194076,-36.949916284709566,100 174.85135734213372,-36.94990215194117,100 174.85136342344106,-36.949897988551,100 174.85138092291626,-36.94988670874239,100 174.8513844587669,-36.94988372070923,100 174.8513986581581,-36.9498674017136,100 174.85140189674527,-36.94985065066952,100 174.8513983635286,-36.94984400626698,100 174.8513815774398,-36.94983080504579,100 174.8513767635854,-36.949828689011234,100 174.85135508473834,-36.94982402837411,100 174.8513328771986,-36.94981960941932,100 174.85131630832637,-36.949811298061704,100 174.8513002104139,-36.94979859714482,100 174.85129036685092,-36.94978623673544,100 174.85128003935114,-36.94977002893067,100 174.85127818822423,-36.94976741332753,100 174.85126617471832,-36.949752209744155,100 174.8512575549099,-36.94974424310617,100 174.85124125533213,-36.94973174631975,100 174.85123647960586,-36.94972846788464,100 174.8512188468648,-36.94971656692547,100 174.85120468606817,-36.94970321297708,100 174.85120171940818,-36.94969770440875,100 174.8511970310836,-36.94968017565773,100 174.85119448079797,-36.94966171314967,100 174.8511941405724,-36.94965934888737,100 174.85119112705067,-36.94964104862941,100 174.85118445002811,-36.94962422056804,100 174.85117770629557,-36.94961456444015,100 174.85116133457294,-36.949602611360994,100 174.85115840849375,-36.94960188726106,100 174.85115533427972,-36.94960204876352,100 174.85113676322413,-36.94960301793512,100 174.85111316856802,-36.94960628808775,100 174.8510995508289,-36.9496061353894,100 174.85107923886545,-36.94960018072516,100 174.8510785818057,-36.94959952669817,100 174.85107039799593,-36.94958261576863,100 174.85106182411306,-36.94957116299913,100 174.85104625388618,-36.94955812844226,100 174.85103985198026,-36.949554845610905,100 174.85103449015202,-36.94955259119106,100 174.85101985578672,-36.949546439832964,100 174.8510178887072,-36.94954534295329,100 174.85100025833924,-36.949534186412855,100 174.85099497224084,-36.949531209755214,100 174.85097920819447,-36.949518703680184,100 174.85097732591322,-36.94951299072435,100 174.85097920029287,-36.94949438982173,100 174.8509808026011,-36.949486354817246,100 174.85098371722628,-36.9494685110272,100 174.8509818533728,-36.94945441912249,100 174.85098015119527,-36.94945285303129,100 174.85095751425823,-36.94944989632958,100 174.85095285258143,-36.94945476222571,100 174.8509421850503,-36.94946083038259,100 174.85093884859285,-36.94947451575341,100 174.8509377506915,-36.94948330090239,100 174.85093880197616,-36.94950195984173,100 174.8509399306585,-36.94950729878318,100 174.85094577586102,-36.94952539536587,100 174.8509467925277,-36.949526570157204,100 174.85095783120434,-36.94954154291344,100 174.8509603955498,-36.94955664509119,100 174.8509753314919,-36.94956792566767,100 174.8509880898183,-36.949581242024216,100 174.8510003086315,-36.94959574481514,100 174.8510124139711,-36.94960727592263,100 174.85101573488447,-36.949610532885586,100 174.8510158943018,-36.94961067010443,100 174.85102038828094,-36.94961506787322,100 174.85102040700534,-36.94961509912744,100 174.85102617847247,-36.94962072981097,100 174.85103094303707,-36.94962619232472,100 174.85104249434295,-36.949640954282806,100 174.8510535682155,-36.94965598777036,100 174.8510536045199,-36.94965604939531,100 174.85106405316412,-36.94967160457964,100 174.85106667516604,-36.949676514641844,100 174.8510743515818,-36.949693247811034,100 174.85108352730916,-36.94970910405271,100 174.85108624578385,-36.94971178274707,100 174.85110199005157,-36.94972421160179,100 174.85111717420978,-36.949737022334006,100 174.85112446052963,-36.94974752084979,100 174.85113349034472,-36.94976375070585,100 174.85114102490977,-36.949778380600996,100 174.85114874364342,-36.949795376290076,100 174.85114898125374,-36.94979586740912,100 174.8511569518636,-36.94981385062092,100 174.85115852328218,-36.949831262132655,100 174.8511511004349,-36.94984416579052,100 174.85113630414537,-36.94985888521021,100 174.85112665487108,-36.94986939633107,100 174.85111167141415,-36.949882925319926,100 174.8511115191379,-36.94988303675391,100 174.85109446342543,-36.94989474313826,100 174.8510757070226,-36.949904945598455,100 174.85105616859653,-36.94991438872019,100 174.851047375599,-36.94991935599042,100 174.85102853387946,-36.94992960664212,100 174.85100909494517,-36.94993889227675,100 174.85098878260283,-36.94994651957947,100 174.85097398031118,-36.94995124975496,100 174.85095205558912,-36.9499561964314,100 174.85092969367392,-36.949958345015595,100 174.8509272405661,-36.94995846438106,100 174.85090473227146,-36.94995772020628,100 174.85088232269283,-36.949954187609926,100 174.85086805630326,-36.94995048298614,100 174.85086567091366,-36.94994987393015,100 174.850865269783,-36.949949772025754,100 174.85086053228864,-36.94994853717096,100 174.85084355940182,-36.949941952663906,100 174.8508228559597,-36.94993495222095,100 174.85081609096292,-36.94993327938643,100 174.85081253008397,-36.949932403838666,100 174.8507906406779,-36.9499321745612,100 174.85077886485223,-36.94994140558545,100 174.85077074879348,-36.94996009928456,100 174.85076995640378,-36.949963505103725,100 174.8507691101984,-36.949981716827395,100 174.85075315151704,-36.94999369898954,100 174.85074998385264,-36.949998166637975,100 174.850744855166,-36.950015987253714,100 174.85074382373716,-36.950033784553995,100 174.8507469919035,-36.95004683132816,100 174.85074978901662,-36.95005118165215,100 174.85076109667827,-36.95006265041014,100 174.85077736778743,-36.950075363121066,100 174.85078735556587,-36.950082733425596,100 174.85080302466764,-36.95009558170281,100 174.8508054651511,-36.95009823499378,100 174.85081742921037,-36.950113531328896,100 174.85082004072999,-36.950117405042874,100 174.8508304886427,-36.950132975580324,100 174.85083990833655,-36.950148889325924,100 174.85084848759536,-36.9501637643343,100 174.8508556865861,-36.95018072307887,100 174.85085813574753,-36.95019797940278,100 174.85085749039212,-36.950201010685305,100 174.8508540275347,-36.95021843038512,100 174.85085576050244,-36.950223077607156,100 174.85086470540978,-36.95023937189862,100 174.85086155402806,-36.950250915550946,100 174.85085753217774,-36.95026811412948,100 174.85086635012948,-36.95028092590099,100 174.85086796549774,-36.95029416993346,100 174.8508608304667,-36.95031200921511,100 174.85084642057305,-36.950326923569335,100 174.85082824547172,-36.950336882585695,100 174.85082795776665,-36.950337152058886,100 174.85081808705146,-36.95035294833632,100 174.85081480373645,-36.95035699957742,100 174.85080092361537,-36.950370371622135,100 174.85078458131838,-36.950382236288654,100 174.850766866125,-36.95039324176763,100 174.85074885346273,-36.95040406711108,100 174.85073346567842,-36.950415420263376,100 174.85071717537068,-36.95042729943269,100 174.8507007432517,-36.95043902668502,100 174.8506945600597,-36.95044329888707,100 174.85068060079945,-36.95045242784087,100 174.85066290616297,-36.950463495175114,100 174.85064548314804,-36.95047376781581,100 174.85062711121984,-36.95048413456236,100 174.85060861392682,-36.95049433291109,100 174.85059004665797,-36.95050451702536,100 174.85057417456645,-36.950513261178045,100 174.85055564245903,-36.95052346006133,100 174.8505370033189,-36.95053350558332,100 174.85052601343352,-36.95053916141817,100 174.85052020660805,-36.95054195589073,100 174.85051947172104,-36.95054230894587,100 174.85049908626428,-36.950551749858626,100 174.85047844673673,-36.95056076209514,100 174.85045750071495,-36.95056931402495,100 174.85045647435913,-36.95056973471524,100 174.85043520202865,-36.95057775003473,100 174.8504136958458,-36.95058538323099,100 174.8503921338885,-36.95059289291069,100 174.85037425753674,-36.95059784578318,100 174.85036317107512,-36.950603084896436,100 174.8503455358398,-36.9506131760311,100 174.8503364998538,-36.9506175278308,100 174.85031710065329,-36.95062503172862,100 174.85030507827904,-36.95062765357239,100 174.8502841178981,-36.950631761291966,100 174.8502710086022,-36.95063643164581,100 174.85025224588705,-36.950645085610546,100 174.8502347202123,-36.95065343998241,100 174.85021706284468,-36.95066336019257,100 174.85020358769083,-36.95067249686858,100 174.85018776275788,-36.950684307423735,100 174.85017866986175,-36.95068844288066,100 174.85017338199512,-36.95069124366962,100 174.85016457350463,-36.95069631927531,100 174.85015750796455,-36.950702510589345,100 174.85015572920173,-36.95070520621507,100 174.85015507817957,-36.950707401158255,100 174.85015310075335,-36.95071302556142,100 174.85015299072927,-36.95071344458679,100 174.85015416660465,-36.95072059625344,100 174.8501547219491,-36.95072386930089,100 174.85015539033765,-36.95072819422843,100 174.85015651641652,-36.950735376414634,100 174.8501573169111,-36.95074010217289,100 174.85015882126933,-36.95074723069376,100 174.85016049776505,-36.950754325887004,100 174.8501623654714,-36.95076143342267,100 174.85016433608558,-36.95076852403207,100 174.85016639235457,-36.95077558085903,100 174.85016851861675,-36.95078265281884,100 174.8501706613476,-36.95078970919952,100 174.85017280407882,-36.95079676558014,100 174.8501748783327,-36.950803823027925,100 174.85017688298652,-36.95081088156037,100 174.85017878324012,-36.95081794171986,100 174.8501805125011,-36.950825036090365,100 174.8501820842296,-36.95083211759356,100 174.85018343332635,-36.95083923411261,100 174.8501845399444,-36.95084635441067,100 174.85018525590087,-36.95085245960281,100 174.85018572566315,-36.950859668240994,100 174.85018602142432,-36.95086687959097,100 174.85018609271154,-36.95087409624202,100 174.8501860266398,-36.95088134477732,100 174.8501858041794,-36.95088858132884,100 174.8501854256792,-36.95089582031223,100 174.85018492669138,-36.950903045851,100 174.85018451033673,-36.95090820968684,100 174.85018397654852,-36.95091543576795,100 174.8501833039406,-36.950922633367725,100 174.8501825097442,-36.95092981844134,100 174.85018161110327,-36.95093700334007,100 174.85018062602282,-36.950944189585954,100 174.85017957213725,-36.95095136338436,100 174.85017844862912,-36.9509585373665,100 174.85017729034237,-36.95096571279197,100 174.8501760803945,-36.95097288812125,100 174.85017487009762,-36.95098004903484,100 174.85017364368107,-36.95098723994316,100 174.85017245020086,-36.950994399693315,100 174.8501715571696,-36.950999820623366,100 174.8501725612633,-36.951007020032606,100 174.85017360204307,-36.95101425041623,100 174.85017464206013,-36.95102144926556,100 174.85017573259395,-36.95102864732758,100 174.85017602599552,-36.95103056256423,100 174.8501773257021,-36.951037772688686,100 174.8501786931241,-36.95104495021162,100 174.85018007852958,-36.951052128355556,100 174.8501814463227,-36.951059321195075,100 174.85018272732782,-36.95106650096604,100 174.85018387062502,-36.95107369820561,100 174.8501845611232,-36.95107884388965,100 174.8501851352779,-36.95108609686787,100 174.85018551824336,-36.951093338404675,100 174.85018574666182,-36.95110059767252,100 174.8501859058503,-36.95110787334171,100 174.8501860130508,-36.95111513540005,100 174.85018615540048,-36.95112241133168,100 174.85018636587958,-36.951129671780386,100 174.85018673198485,-36.95113691267859,100 174.85018681509092,-36.95113807318344,100 174.85018766427066,-36.95114527500671,100 174.85018870468372,-36.95115249007331,100 174.85018984798313,-36.95115968731266,100 174.85019112896927,-36.951166866182376,100 174.85019249641718,-36.95117404460588,100 174.85019391548283,-36.951181221323566,100 174.85019537049354,-36.951188398382335,100 174.8501968408285,-36.95119555897849,100 174.85019829504418,-36.95120274956938,100 174.8501997152554,-36.95120992717041,100 174.85020106623674,-36.9512171211728,100 174.85020208229076,-36.95122281879782,100 174.85020405927673,-36.9512301256231,100 174.8502055150199,-36.95123737928236,100 174.8502057213597,-36.951244468544814,100 174.85020562409875,-36.95124536867557,100 174.85020413984196,-36.95125067533938,100 174.85020138933143,-36.951255863836224,100 174.8501968903004,-36.95126230627905,100 174.85019188648246,-36.951268633108164,100 174.8501902951371,-36.951270581324,100 174.85018615868046,-36.951277017214316,100 174.85018186545219,-36.95128337893568,100 174.85017736229787,-36.95128965109276,100 174.85017268252483,-36.95129581784399,100 174.85016777485325,-36.95130184844241,100 174.8501626213652,-36.95130774496987,100 174.8501596616419,-36.951310924081255,100 174.8501541710033,-36.95131653203285,100 174.85014838211308,-36.95132192741452,100 174.85014232832222,-36.951327189022535,100 174.85013606309008,-36.95133225203006,100 174.85012956885853,-36.95133717980303,100 174.8501228991306,-36.95134200215241,100 174.850116052435,-36.951346704680006,100 174.85010908298324,-36.95135130006073,100 174.85010199001238,-36.95135584959612,100 174.850094808421,-36.951360310380295,100 174.85008757479702,-36.951364755751186,100 174.85008032322156,-36.95136915543414,100 174.85007303643064,-36.95137353854041,100 174.85006576687016,-36.95137793760146,100 174.85005853247984,-36.951382351436386,100 174.85005742603605,-36.951383036556535,100 174.85005059653128,-36.95138770726636,100 174.85004376663332,-36.95139236175819,100 174.85003690195586,-36.95139701769295,100 174.8500300192942,-36.95140167300625,100 174.85002313703498,-36.95140629856937,100 174.85001625363054,-36.95141092324863,100 174.85000937134785,-36.95141554791002,100 174.85000245237836,-36.951420141596564,100 174.84999555215424,-36.95142476743807,100 174.84998863432745,-36.95142936200733,100 174.8499817337093,-36.95143397163044,100 174.8499748162732,-36.95143858241656,100 174.8499678972995,-36.951443176101186,100 174.8499619153019,-36.9514471819455,100 174.84994541026185,-36.95145943660197,100 174.84994375303359,-36.95146089011583,100 174.84992984561956,-36.95147519084437,100 174.8499193747405,-36.951491259585744,100 174.84991684087396,-36.95149677007633,100 174.84991465538278,-36.951502383296436,100 174.8499001941365,-36.95151542359485,100 174.84988040967426,-36.95152534986286,100 174.8498642593444,-36.951537970324345,100 174.84984721992487,-36.95154963031201,100 174.84984623058702,-36.95155018922345,100 174.84983477726368,-36.95155596127674,100 174.84982054235732,-36.95156837793135,100 174.84982356933207,-36.95157809835767,100 174.84980919057975,-36.951582526159065,100 174.84978363615858,-36.95159213402088,100 174.84976273800171,-36.95159859402532,100 174.8497418656788,-36.95160342944693,100 174.8497377904187,-36.95160496930548,100 174.84972205857636,-36.95160666465014,100 174.8497144686208,-36.95160812677725,100 174.84969836326337,-36.95160617309042,100 174.84968680950166,-36.95160431162207,100 174.8496648211171,-36.95159778166293,100 174.84966024521563,-36.95159807738722,100 174.8496390211827,-36.951583868895376,100 174.849634536139,-36.95158174586572,100 174.84961370542464,-36.95156996209824,100 174.8496027506973,-36.95156528728528,100 174.84958505972716,-36.951549918720524,100 174.84958163322855,-36.95154661559385,100 174.84956941155212,-36.95151839282931,100 174.84957201957272,-36.95151562210143,100 174.8495595398143,-36.95149590459679,100 174.8495580606337,-36.951494272820625,100 174.8495562902485,-36.95148691589681,100 174.84955476183538,-36.95147108370632,100 174.84955332866576,-36.95146861478924,100 174.8495448957135,-36.95144817717281,100 174.84954003012078,-36.951442809912116,100 174.84953772467395,-36.95143547844908,100 174.84953509171163,-36.95142365991489,100 174.84951971409347,-36.95141525133607,100 174.84952456636634,-36.95140520985627,100 174.84952671973932,-36.951401610689885,100 174.84952008013548,-36.95137188137543,100 174.84952062529285,-36.951370276646266,100 174.84951993903582,-36.951345153157106,100 174.8495163343089,-36.95133127672822,100 174.84951405243484,-36.95132352668528,100 174.84950771118145,-36.951301117740826,100 174.84950775531254,-36.95129950639628,100 174.8494937829669,-36.951278946870815,100 174.84949187457673,-36.95127484495589,100 174.84947333794022,-36.95125501359745,100 174.84947188198458,-36.95125294882513,100 174.8494587800922,-36.951236479439686,100 174.84945737236083,-36.95123362255781,100 174.8494372877819,-36.951214144290105,100 174.8494249022233,-36.9512070014059,100 174.84942168678856,-36.95120318393822,100 174.849418773716,-36.95119905260762,100 174.84941312419903,-36.95119219595622,100 174.8494127492408,-36.95119108686591,100 174.84941199862038,-36.95119083627567,100 174.84940704622778,-36.95118480428646,100 174.84939770384912,-36.95117440259143,100 174.84939315971758,-36.95117136743647,100 174.84939059678135,-36.95115956403106,100 174.8493812492494,-36.951155450016344,100 174.8493789779637,-36.95115394143961,100 174.84936634833412,-36.951140281308156,100 174.84935266870247,-36.95112221025322,100 174.84934393135168,-36.95110724566481,100 174.8493366615703,-36.95109668369044,100 174.84933191880722,-36.95109527940945,100 174.84932761177078,-36.95108101192594,100 174.8493265704011,-36.951079604965464,100 174.8493164294932,-36.95106580961828,100 174.84930956532114,-36.95105233006313,100 174.84930852507475,-36.951050923084985,100 174.8493051187077,-36.951036052107504,100 174.849298358556,-36.951021904856425,100 174.8492930793995,-36.95100556415841,100 174.84929388516568,-36.950987105210935,100 174.84929460798543,-36.950978544038676,100 174.84929344273067,-36.95097182843584,100 174.84929635855653,-36.950959170856976,100 174.84929751849117,-36.95095661106831,100 174.8493027811934,-36.95094185471267,100 174.8493087402722,-36.95093109657603,100 174.84931301976937,-36.950926811738285,100 174.8493196217153,-36.95091746767085,100 174.8493230005505,-36.95091378632568,100 174.84933088447468,-36.95090716139587,100 174.84933497463092,-36.95090419543269,100 174.84933925559636,-36.950899924992264,100 174.84934241815716,-36.95089788831766,100 174.84934562412067,-36.950895510268246,100 174.84935233241472,-36.95089144627199,100 174.84936054674986,-36.95088552823515,100 174.84936714354754,-36.95088247274835,100 174.84937430981466,-36.95087812130627,100 174.84937797601862,-36.95087545667738,100 174.84938577353228,-36.950869484743784,100 174.84938634600977,-36.95086822028813,100 174.84938877517146,-36.95086590210871,100 174.84937163692695,-36.95086933993278,100 174.84937287918845,-36.95086790911497,100 174.8493017552135,-36.950881922161756,100 174.8492995561842,-36.95088377257518,100 174.84932701920036,-36.950878282957405,100 174.8492590830462,-36.95094178371659,100 174.84925468837392,-36.95098398343137,100 174.84922287622652,-36.95099501358833,100 174.84921449346047,-36.9509979148206,100 174.84921890851203,-36.9510045293287,100 174.8492277711154,-36.951011253919766,100 174.8492313913487,-36.95101532556871,100 174.84923672351206,-36.951019369649394,100 174.84924209198704,-36.95102477595861,100 174.84925156783126,-36.95102983166696,100 174.84926892832743,-36.951053554351155,100 174.84926939531857,-36.9510541969277,100 174.84927397287277,-36.95107082796469,100 174.84927480097286,-36.951105814184636,100 174.84927479576652,-36.95110754930488,100 174.84927454774854,-36.951113825447514,100 174.84926732903668,-36.951148051920036,100 174.84925231754406,-36.9511806926838,100 174.84924968821747,-36.95118522942066,100 174.84924599866017,-36.95120973066554,100 174.84924205439202,-36.95124413236077,100 174.84923854311032,-36.95124934981177,100 174.84923779226318,-36.95126074606834,100 174.84926211113188,-36.951286609151566,100 174.84926576812023,-36.95129076044395,100 174.84927019398165,-36.95129452390917,100 174.849273880479,-36.95129720198635,100 174.84927423218656,-36.95129744256774,100 174.84929965225754,-36.95131590127842,100 174.84930034039246,-36.95131640070546,100 174.84930587839804,-36.951323615120224,100 174.84930603929774,-36.951323813607914,100 174.8493077231686,-36.95132601543767,100 174.8493085662049,-36.951327115434076,100 174.84931355574716,-36.95134039525592,100 174.84932317702047,-36.95136061068046,100 174.84932917159892,-36.951399288435475,100 174.84932971948123,-36.9514081515834,100 174.84932695847746,-36.95144541456147,100 174.84932375809257,-36.95147788305771,100 174.84932311081792,-36.951482788204224,100 174.84932601116796,-36.95151699494665,100 174.8493326773546,-36.951552933945656,100 174.84934074413832,-36.95158883400043,100 174.84934726289114,-36.951623133992975,100 174.84935430665368,-36.95165894272603,100 174.84936116071444,-36.951694801282194,100 174.84936746210244,-36.951730699993526,100 174.84937062900687,-36.95174370085549,100 174.84937487463557,-36.95177971270998,100 174.84937405227365,-36.95178777970697,100 174.8493733514973,-36.95179265504214,100 174.84935899364493,-36.951827064838135,100 174.8493582194666,-36.95182788357889,100 174.84932463354156,-36.95185223314828,100 174.84931155963463,-36.95186734012032,100 174.8492773353364,-36.95186320442305,100 174.84924032031668,-36.95185688592977,100 174.8492325518036,-36.95185491317739,100 174.8491908821965,-36.95184076080386,100 174.84917559770807,-36.95183392984165,100 174.84917170615634,-36.951832014767824,100 174.84912909135056,-36.95181615918132,100 174.84908838957944,-36.95181625416727,100 174.8490604991588,-36.95181286068141,100 174.8490134350565,-36.95181117458773,100 174.8490095611308,-36.95181184601947,100 174.84896620977315,-36.95181838159619,100 174.84893560370153,-36.951839643595704,100 174.8489336841396,-36.95184097770075,100 174.84893315393242,-36.951842504681004,100 174.84894829022696,-36.951850267242655,100 174.84895820509053,-36.95185489792319,100 174.84896114660626,-36.95185560741485,100 174.84900639660674,-36.95185346684277,100 174.8490203361569,-36.95184944886803,100 174.84906262290204,-36.95183738674186,100 174.84910178235555,-36.951843683606285,100 174.84910998009332,-36.95184812740745,100 174.84913627114858,-36.9518784952304,100 174.84914818656497,-36.951896564945216,100 174.84916318284468,-36.951930905048876,100 174.84916910865286,-36.951947467316266,100 174.84917774901245,-36.951982845595566,100 174.84918182010557,-36.952010342711446,100 174.84918291321927,-36.95201890443782,100 174.84918627753467,-36.95205493002645,100 174.84918683213405,-36.952058870065756,100 174.84919119107636,-36.95209455478475,100 174.84919501455005,-36.95213029471285,100 174.8491958455768,-36.95215950432959,100 174.84919797410421,-36.95217252317278,100 174.84919995830327,-36.95219573457553,100 174.84920444507316,-36.95221673571852,100 174.8492225351183,-36.95224284454625,100 174.84922634033347,-36.95224834010019,100 174.8492295374245,-36.952249493559286,100 174.84927459322077,-36.952258909914164,100 174.84927876195727,-36.95226346243195,100 174.8492834301628,-36.952268560578815,100 174.8492934257001,-36.95229667744193,100 174.84929397744224,-36.95229822362209,100 174.8492972936122,-36.95230583317403,100 174.8493149957677,-36.95233651861707,100 174.84932064121008,-36.95234129959721,100 174.8493564199983,-36.952364798431375,100 174.84936909532095,-36.95238084994733,100 174.84937240749906,-36.952385043560696,100 174.8493786851213,-36.952399896842195,100 174.84939499090552,-36.952434044359514,100 174.84941766549306,-36.95244748490234,100 174.84941938809465,-36.95244850089215,100 174.84942293825623,-36.95245060063813,100 174.84943077594045,-36.952471403553744,100 174.84942567290437,-36.95248115600705,100 174.8494243817179,-36.95249180176991,100 174.84943950773408,-36.952527084393616,100 174.8494493748448,-36.95255787384979,100 174.84946101005167,-36.95259262770041,100 174.84947291917715,-36.95262733041354,100 174.8494789083319,-36.952641724003655,100 174.84948224473823,-36.952650075921035,100 174.8494924687671,-36.952676072908,100 174.8495009683093,-36.95271068001939,100 174.84950147715006,-36.95272976743163,100 174.8494971127333,-36.95276527528163,100 174.8494896006255,-36.95280083757861,100 174.8494814657572,-36.95282797143091,100 174.84947751894526,-36.952862915758814,100 174.8494813100212,-36.95287144626403,100 174.84948167934553,-36.95287232199992,100 174.84948380142586,-36.95287471709192,100 174.84948587186594,-36.95287711298839,100 174.84948790862754,-36.95287950940953,100 174.84948994465893,-36.95288192206572,100 174.84949199826008,-36.95288431822443,100 174.8494940855399,-36.95288671385839,100 174.84949620911414,-36.9528891242493,100 174.84949843410584,-36.95289150241528,100 174.84950072980084,-36.95289387857836,100 174.84950316245545,-36.95289625260763,100 174.84950575154645,-36.95289864042337,100 174.849508496638,-36.952901024005975,100 174.84951138020412,-36.952903421654874,100 174.84951435019022,-36.95290581705598,100 174.84951737259092,-36.952908197219294,100 174.84952035830526,-36.95291054640795,100 174.84952329237933,-36.95291289640107,100 174.8495261568406,-36.95291520061008,100 174.84952886340568,-36.95291743066692,100 174.84953137838474,-36.95291963306374,100 174.84953373546753,-36.95292176130842,100 174.8495359181634,-36.952923830078966,100 174.8495380144072,-36.95292585332781,100 174.84954000403525,-36.95292783317175,100 174.84954194126016,-36.95292978228593,100 174.84954382645245,-36.952931715987,100 174.8495456948273,-36.95293365085138,100 174.8495475632023,-36.95293558571572,100 174.8495495004276,-36.952937534829765,100 174.8495514728247,-36.952939498718216,100 174.8495543433027,-36.95294205159676,100 174.84955724895258,-36.95294461924967,100 174.8495601373711,-36.95294717094722,100 174.84956302542997,-36.95294975419646,100 174.8495659138707,-36.95295230679485,100 174.84956881837692,-36.952954873563954,100 174.84957170609883,-36.952957396429866,100 174.84957461096533,-36.95295993164706,100 174.84957753195215,-36.9529624368695,100 174.84958046864517,-36.95296489497858,100 174.84958338926188,-36.95296738488421,100 174.84958627694115,-36.95296990594778,100 174.8495891810894,-36.95297241143228,100 174.84959208485625,-36.952974947567476,100 174.8495949886344,-36.95297743773516,100 174.8495979245876,-36.95297986521047,100 174.84960091145163,-36.952982215280414,100 174.84960394693772,-36.952984486177996,100 174.84960703143858,-36.952986601284984,100 174.84961019788065,-36.95298857541083,100 174.84961346348493,-36.95299037764233,100 174.84961679421286,-36.952992040055996,100 174.84962020761236,-36.952993545253335,100 174.84962365319794,-36.95299494179088,100 174.84962714892038,-36.95299627535615,100 174.84963064240878,-36.95299756298886,100 174.8496342066442,-36.95299885042051,100 174.84963769971878,-36.953000120934405,100 174.84964119507117,-36.95300143918259,100 174.84964469192747,-36.953002819598254,100 174.84965138825018,-36.9530113462921,100 174.84969675836462,-36.953013029675475,100 174.8497236608947,-36.953010523944876,100 174.84973807069008,-36.9530111286315,100 174.8497826854292,-36.95301826140766,100 174.8497971251541,-36.953019360444685,100 174.8498421502604,-36.953020476810906,100 174.8498873788928,-36.95301881843354,100 174.84993267816213,-36.953015298616435,100 174.84997793775375,-36.95301088168701,100 174.84998613404534,-36.95301010591079,100 174.85000610613946,-36.95300782709178,100 174.85003119268086,-36.95300532074945,100 174.85007633401318,-36.95300042612402,100 174.85012144543276,-36.952996337726546,100 174.8501469125578,-36.952995126031304,100 174.85016641170674,-36.95299455894984,100 174.850193649172,-36.95299485009254,100 174.8502386503317,-36.95299701942172,100 174.85028338365302,-36.953001439895736,100 174.8503275916573,-36.95300823810737,100 174.85037218359133,-36.953014519270475,100 174.85041593443597,-36.953024283603696,100 174.85045600748916,-36.95303948431822,100 174.85047024497533,-36.95304726159111,100 174.8504828154999,-36.95305613741577,100 174.8504972446608,-36.95306654444915,100 174.85052678603935,-36.95309228708866,100 174.8505361332434,-36.953100273078036,100 174.85056557514886,-36.95312747288756,100 174.8505941871578,-36.953155322858734,100 174.85059455950037,-36.95315567307519,100 174.85060197062782,-36.953163057415956,100 174.8506307525163,-36.953190779446345,100 174.85064526075158,-36.95320357011715,100 174.85067635327633,-36.95322968872181,100 174.85070849467155,-36.95325496896377,100 174.85074165198859,-36.95327939513214,100 174.8507547445714,-36.953288400689644,100 174.8507751992166,-36.95330290127505,100 174.85080805599148,-36.953323863836076,100 174.85084344946222,-36.953345232089575,100 174.85087875911606,-36.95336666292869,100 174.85091307049228,-36.95338897909401,100 174.85093647275065,-36.9534043890904,100 174.85094072107404,-36.95340735128163,100 174.85097124064976,-36.953426309652095,100 174.85100431314794,-36.9534494986554,100 174.85103448046758,-36.9534746879082,100 174.8510607200126,-36.95350245487922,100 174.8510629918449,-36.95350523427249,100 174.8510657782074,-36.95350853111136,100 174.8510944522199,-36.953534799978286,100 174.8511265436823,-36.95355884156833,100 174.8511566250577,-36.953584049253834,100 174.85117505291106,-36.95360041195053,100 174.85118067505735,-36.95360686604895,100 174.8512012334915,-36.9536304709597,100 174.85121025922462,-36.95366339597928,100 174.85120950205902,-36.953668721058634,100 174.85120984604268,-36.95368098083545,100 174.8512190833313,-36.95371726266999,100 174.8512165965923,-36.9537505096238,100 174.8512126364637,-36.953755138358964,100 174.8512058759804,-36.95376303658152,100 174.85120454014555,-36.95376422101468,100 174.85116693890012,-36.953779424946845,100 174.8511523767458,-36.95378088322549,100 174.85111974285235,-36.953783844589175,100 174.85110905883238,-36.9537847556774,100 174.85106407155214,-36.95378642698598,100 174.85102019614268,-36.95379209000501,100 174.8510134464529,-36.95379394020192,100 174.8510073991536,-36.953796181434505,100 174.85097312848836,-36.95381953627299,100 174.85095908749594,-36.95382948763739,100 174.85095311285195,-36.95383380256943,100 174.85091793808334,-36.95385697139628,100 174.85087741016437,-36.95387338627408,100 174.85083536444094,-36.953888015856165,100 174.85081253017265,-36.95389779334403,100 174.85078075987644,-36.953913051358235,100 174.85077221710796,-36.95391705480548,100 174.85076798351838,-36.953919202854536,100 174.8507508137594,-36.953927302994124,100 174.85070368575006,-36.95394599919694,100 174.85065571538297,-36.953963580062464,100 174.85065508262323,-36.95396383869075,100 174.850607674321,-36.95398237067893,100 174.85059367578265,-36.953988743104674,100 174.85057051855426,-36.9539993782284,100 174.8505564022037,-36.95400784354518,100 174.8505256912737,-36.95402650638275,100 174.850496503518,-36.95403933557027,100 174.85046100223462,-36.9540515745578,100 174.85045299786114,-36.95405374171609,100 174.8504171755057,-36.95406496540294,100 174.85041268670048,-36.95406724179961,100 174.85040910347072,-36.95406976636421,100 174.8503774730871,-36.954089002313324,100 174.85035878824124,-36.95410062943766,100 174.85032627560975,-36.954125687221186,100 174.8503159918923,-36.9541396620184,100 174.85029139890932,-36.954169772623615,100 174.8502564080395,-36.95418561157313,100 174.85025979064,-36.954193081255404,100 174.85030380371373,-36.95421653165934,100 174.8503028779645,-36.95421688858958,100 174.85027603844256,-36.95422568107157,100 174.85026083265313,-36.954230897857286,100 174.85025677000456,-36.95423161823956,100 174.85024185640697,-36.954234847568074,100 174.8502000516626,-36.954247474949014,100 174.85017372924804,-36.9542555464057,100 174.8501325602777,-36.954269340074866,100 174.85009200948645,-36.95428426877019,100 174.85005882920208,-36.954296639112016,100 174.85003767222423,-36.954305706212295,100 174.85001928800546,-36.95431305274405,100 174.84999621817357,-36.954325032965066,100 174.84995841516488,-36.95434375570673,100 174.84995528912629,-36.954344614707104,100 174.84991116266528,-36.9543525904105,100 174.84986999503212,-36.95436514375441,100 174.84986589086543,-36.95436758358478,100 174.84986437310994,-36.9543683985934,100 174.84983012214678,-36.95437885222802,100 174.84982328333587,-36.954381246340475,100 174.84978302723567,-36.954392949026946,100 174.84976400846458,-36.95440763132417,100 174.8497333028739,-36.95443107897651,100 174.84971837538825,-36.95443568657225,100 174.849676055764,-36.95444073359248,100 174.84963304915289,-36.954445933709884,100 174.84962786464828,-36.95444744758561,100 174.8496138022894,-36.95445077082972,100 174.8495730814015,-36.95446642936387,100 174.84954996767692,-36.95447873555908,100 174.8495207775774,-36.95450643179543,100 174.8495192699859,-36.954508967258434,100 174.849503339445,-36.954525919591255,100 174.84946525557947,-36.95454706208717,100 174.84944553013403,-36.95455602656319,100 174.84944133240992,-36.954557571024694,100 174.8494039769643,-36.95457098866884,100 174.8494021085982,-36.95457165590966,100 174.84938383277586,-36.954579171004596,100 174.84934659155303,-36.95460014440746,100 174.8493128820599,-36.95462509888513,100 174.84930592164875,-36.954631382249374,100 174.84927734586182,-36.95466005940613,100 174.84926540298926,-36.95466957139415,100 174.8492459171181,-36.954688815248765,100 174.84924165540008,-36.95469184697448,100 174.84923739143133,-36.95469543574997,100 174.84921937224098,-36.954731395139696,100 174.84921191495553,-36.95477290435947,100 174.8492092477638,-36.95478126688022,100 174.84920744154928,-36.95478552580558,100 174.84918677474812,-36.95481305944676,100 174.84915439685736,-36.95483540455082,100 174.8491152848256,-36.95485500186835,100 174.84910012003337,-36.9548636870437,100 174.84908483227264,-36.95488595610175,100 174.84907777646742,-36.954898420378704,100 174.84905577782754,-36.95492656600761,100 174.84903258006426,-36.95493963232301,100 174.8490287111964,-36.95493986924262,100 174.84903079746846,-36.954949326730016,100 174.84902733141678,-36.95496598841245,100 174.84903051497318,-36.954988729566324,100 174.8490247361457,-36.95502181594719,100 174.8490092583787,-36.95505578166181,100 174.84900806581996,-36.95505843479089,100 174.84899057705036,-36.955090978900444,100 174.84897098111134,-36.95512295464811,100 174.84896874940384,-36.95512619900323,100 174.8489465033358,-36.9551580961484,100 174.84893225549374,-36.955190816903425,100 174.84893192099426,-36.95519449318367,100 174.84893718635865,-36.95522915520127,100 174.8489481486174,-36.95526463341163,100 174.84894974882525,-36.95527665460988,100 174.84895311401095,-36.955312061868916,100 174.84895637704918,-36.95534751758717,100 174.84896179654916,-36.95537759219472,100 174.84896652499043,-36.955412852936156,100 174.84896664214133,-36.95541532883602,100 174.84896597975387,-36.95545081955535,100 174.84896189007048,-36.95548627803089,100 174.84895616093027,-36.95551673088155,100 174.84895054183497,-36.95555192024911,100 174.84895382906916,-36.955572678690196,100 174.84895140306443,-36.95560759659958,100 174.84894843677645,-36.955612509920265,100 174.84894626943253,-36.95561623367515,100 174.84893241255637,-36.95564998485577,100 174.84893215757705,-36.95567292557937,100 174.84893714121546,-36.9557086609457,100 174.8489355374918,-36.9557225022347,100 174.84892818619846,-36.95575762934928,100 174.8489224813949,-36.95579285159566,100 174.84892249299756,-36.95579328494912,100 174.8489235601904,-36.955828777570176,100 174.8489194920079,-36.95584817511456,100 174.848907918136,-36.95588321927704,100 174.84890650142685,-36.955887192722344,100 174.84890632889886,-36.95588786058248,100 174.8489186556334,-36.955922635241265,100 174.84892049806703,-36.955945043966054,100 174.84891549265768,-36.95598118367611,100 174.848914957653,-36.95599291635889,100 174.84890933629313,-36.95603126487892,100 174.84888887567845,-36.95606135139599,100 174.84885694807528,-36.956075962406054,100 174.84885449708102,-36.95608723100685,100 174.8488361030625,-36.95610524822109,100 174.8488163636188,-36.956107847703414,100 174.84876911497295,-36.956098035428894,100 174.84875924224912,-36.9560988859044,100 174.84871469881662,-36.956099696778566,100 174.8486828057075,-36.956081179245835,100 174.84864711448856,-36.95607530235601,100 174.84860504902517,-36.95606586536561,100 174.8486031910615,-36.95606301638893,100 174.84858020744403,-36.95603214271294,100 174.84857838129977,-36.95603177096478,100 174.84857120886346,-36.95602813136829,100 174.84855952403808,-36.95599082208334,100 174.84854038734034,-36.955967346904515,100 174.84853970853524,-36.955966538176334,100 174.84850399298836,-36.95594478760026,100 174.84850034596275,-36.95594621259182,100 174.84849073589078,-36.95592317942287,100 174.84848948476974,-36.95589177713943,100 174.84849810372708,-36.955855560445606,100 174.8484994336236,-36.95584897092779,100 174.84850856261437,-36.95581368997153,100 174.84851921950275,-36.95577861596002,100 174.8485401861344,-36.955744139414364,100 174.84853646899492,-36.95571762642761,100 174.84853465260724,-36.95571761144887,100 174.84852782556254,-36.95570939678595,100 174.84852162344993,-36.955707798885044,100 174.84852461065208,-36.955691346569424,100 174.84851120133615,-36.95567955972731,100 174.84848191070972,-36.955666526694245,100 174.84844850422064,-36.955656754719335,100 174.8484312750395,-36.95565619828936,100 174.8484177598448,-36.955652806163236,100 174.8483703876362,-36.95565259559298,100 174.84833908944847,-36.95563563338912,100 174.84833912687395,-36.95563313975928,100 174.84832695057372,-36.95561958063287,100 174.84827884794873,-36.95560694770887,100 174.84824642978066,-36.95558686001986,100 174.84821404380713,-36.9555686609842,100 174.84818025121808,-36.955546351293144,100 174.84815475886657,-36.955521327387395,100 174.84813216403182,-36.955490726072554,100 174.8481152731977,-36.955463232027434,100 174.8480988613766,-36.9554303253146,100 174.84809219269854,-36.95541569617926,100 174.84807801415735,-36.95538220939739,100 174.8480624480594,-36.955349210196474,100 174.84805320412926,-36.95533211638516,100 174.84803242877092,-36.955301003617336,100 174.84800684376407,-36.95527246597699,100 174.8480059775016,-36.95527110314881,100 174.84798759781586,-36.95523901931203,100 174.84798032519276,-36.955231602008645,100 174.8479474077245,-36.95520775990243,100 174.84792577545232,-36.95519318613167,100 174.84789317642014,-36.95516955356673,100 174.84788548623484,-36.95515619675784,100 174.8478571254982,-36.95513195110743,100 174.84785491956586,-36.95513226755783,100 174.8478460764025,-36.9551315210169,100 174.84781559209108,-36.95510281984457,100 174.84781270885827,-36.95510369033201,100 174.84778146901937,-36.95508108841732,100 174.84777364396996,-36.955098444332165,100 174.8477725632458,-36.955102055613004,100 174.84777029799977,-36.955138442858185,100 174.84777441524645,-36.9551566620216,100 174.84778630685656,-36.955192000597364,100 174.84778918958963,-36.95521513493892,100 174.84779024726146,-36.95525160385605,100 174.84779471100103,-36.95527630621813,100 174.84779049239935,-36.955311517903354,100 174.84776610167873,-36.955334997451544,100 174.84774496857315,-36.955320305917525,100 174.8477431634196,-36.95531880357588,100 174.84772713683947,-36.95528472811113,100 174.84772627430175,-36.95528286859629,100 174.8477018580886,-36.95525342940406,100 174.8476883490397,-36.95524568643235,100 174.84764518359023,-36.955232626689344,100 174.84764199650922,-36.9552318452781,100 174.84760437904484,-36.95521725075045,100 174.8475974925513,-36.955217863571036,100 174.84759603617965,-36.95521773481627,100 174.84756432901486,-36.955191222986805,100 174.84753911631313,-36.95519225982743,100 174.84750036189592,-36.95519475123386,100 174.8474560213318,-36.9552018920387,100 174.8474179718658,-36.95521008680818,100 174.84738158784242,-36.955230782175704,100 174.84737826898282,-36.95523477258687,100 174.8473407410208,-36.955250189595134,100 174.84729085967317,-36.95525130922688,100 174.84725336702462,-36.9552543829992,100 174.84720791137622,-36.95525469825166,100 174.8471646612865,-36.955253426195455,100 174.84711975727117,-36.95524845020124,100 174.8471020073708,-36.95524520944002,100 174.84708355840976,-36.95524101784608,100 174.84708867183537,-36.955243995556636,100 174.8470937722088,-36.95524713029954,100 174.8470988572229,-36.95525032657087,100 174.84710394334752,-36.95525356879197,100 174.8471090268698,-36.95525674976364,100 174.8471141260913,-36.95525983675366,100 174.84711922159119,-36.95526276967586,100 174.84712430998306,-36.95526545484577,100 174.8471294084458,-36.95526785954862,100 174.84713449762378,-36.95526992640117,100 174.8471395601983,-36.9552716358439,100 174.84714457936036,-36.955273035908256,100 174.84714957571876,-36.95527418936589,100 174.84715454700634,-36.955275095350736,100 174.84715953251262,-36.955275846087304,100 174.8471645655564,-36.9552764726033,100 174.84716966520108,-36.95527697370076,100 174.84717485015832,-36.95527742660194,100 174.84718012084178,-36.95527784842543,100 174.8471855127377,-36.95527831342852,100 174.84719111229384,-36.95527872743017,100 174.84719693340813,-36.95527906137191,100 174.8472028914897,-36.95527930034623,100 174.8472089329993,-36.95527945960734,100 174.84721500820106,-36.9552795723766,100 174.84722106506106,-36.95527962323997,100 174.8472270676761,-36.955279613657446,100 174.84723291311016,-36.95527955965191,100 174.847238586778,-36.95527950831892,100 174.84724399927154,-36.95527943130625,100 174.84724908283965,-36.95527931344447,100 174.84725388798006,-36.95527915304652,100 174.84725844916852,-36.955278936056146,100 174.84726287076845,-36.95527865904676,100 174.84726725717417,-36.95527836636113,100 174.84727162489907,-36.95527804422252,100 174.847276097009,-36.95527771955807,100 174.84728075808573,-36.95527736040674,100 174.84728568001015,-36.95527701341986,100 174.847290946546,-36.95527665926751,100 174.8472965936618,-36.95527629919261,100 174.84730260264564,-36.95527585597284,100 174.84730886943885,-36.95527534564857,100 174.8473153083682,-36.95527484796769,100 174.8473218513343,-36.955274333345066,100 174.84732841337296,-36.95527386439254,100 174.8473349061988,-36.955273412740446,100 174.84734122874792,-36.955273071896066,100 174.8473473282681,-36.95527279671305,100 174.8473531018545,-36.95527265098385,100 174.84735855064227,-36.955272588723574,100 174.84736377490836,-36.955272576825614,100 174.84736877651568,-36.95527264590584,100 174.84737365800825,-36.955272763723656,100 174.84737843769693,-36.95527294441521,100 174.84738318447722,-36.95527320403344,100 174.8473879323678,-36.95527350960146,100 174.84739273565728,-36.95527392336671,100 174.8473976264797,-36.955274380835505,100 174.84740269245503,-36.95527492931547,100 174.84740802110687,-36.955275565641884,100 174.84741359450382,-36.95527633786366,100 174.84741932540845,-36.95527716802233,100 174.84742512855198,-36.95527810611606,100 174.84743091561776,-36.95527907600588,100 174.84743658254723,-36.95528009373229,100 174.8474420425476,-36.955281146224934,100 174.8474472088262,-36.95528222041347,100 174.84745199484212,-36.9552832671709,100 174.8474562768856,-36.955284279409305,100 174.8474600757739,-36.95528528204173,100 174.84746345743895,-36.95528626142366,100 174.8474664420761,-36.955287263208085,100 174.84746916813262,-36.95528825369426,100 174.8474716509867,-36.95528926509036,100 174.84747399835737,-36.95529033988458,100 174.847476258161,-36.95529141604155,100 174.8474785209596,-36.95529256966526,100 174.8474808189183,-36.95529378403142,100 174.84748324151062,-36.95529509019501,100 174.84748573445725,-36.95529647277705,100 174.847488196315,-36.955297963099795,100 174.84749064359718,-36.95529954738647,100 174.84749305720922,-36.95530117906566,100 174.84749542065964,-36.95530287281517,100 174.84749773097528,-36.95530455206913,100 174.84750002445116,-36.95530623158513,100 174.84750223074252,-36.955307881813106,100 174.8475043846516,-36.955309502211435,100 174.84750650151608,-36.95531103035042,100 174.84750842602708,-36.955312499292,100 174.8475101417707,-36.95531388044945,100 174.84751175117927,-36.955315229913,100 174.84751325770782,-36.955316551234134,100 174.8475147444111,-36.95531784221896,100 174.84751633738423,-36.9553191621947,100 174.84751801681128,-36.95532052769349,100 174.84751994019064,-36.95532194978392,100 174.84752210793596,-36.955323445584604,100 174.84752462370162,-36.95532502880472,100 174.8475275746629,-36.9553266818638,100 174.84753090693243,-36.955328405600454,100 174.84753455204057,-36.95533015511304,100 174.84753840597222,-36.955331948244066,100 174.84754238260953,-36.95533379985359,100 174.8475463603791,-36.95533569831394,100 174.8475503044787,-36.955337644166754,100 174.84755402591966,-36.955339670998185,100 174.8475575232434,-36.95534171844262,100 174.84756064144574,-36.9553438321758,100 174.8475634509586,-36.955346045351675,100 174.84756605539292,-36.9553483698775,100 174.84756848919318,-36.95535074392752,100 174.84757076881678,-36.95535319789046,100 174.84757292832586,-36.95535570059135,100 174.84757498457247,-36.955358205800664,100 174.8475770071178,-36.95536071063314,100 174.8475789581957,-36.95536318593303,100 174.8475808913235,-36.95536561554503,100 174.84758283941892,-36.95536796741062,100 174.84758482005253,-36.95537022503261,100 174.84758683214523,-36.955372390230444,100 174.84758882587417,-36.955374492621736,100 174.84759080241503,-36.955376580859415,100 174.84759270783672,-36.9553786539802,100 174.84759447668642,-36.955380745450285,100 174.84759610856932,-36.955382931887904,100 174.84759760503408,-36.955385184426774,100 174.8475988623145,-36.955387577688704,100 174.84759988199042,-36.9553901305768,100 174.84760061018665,-36.95539279796235,100 174.84760104535732,-36.955395515875765,100 174.8476012586217,-36.95539829943392,100 174.84760128292862,-36.95540116434771,100 174.8476011886013,-36.95540413926617,100 174.84760099400637,-36.9554071941599,100 174.8476008016417,-36.955410387822006,100 174.84760062985217,-36.95541368932213,100 174.84760054861258,-36.95541711289358,100 174.84760060996658,-36.955420720818694,100 174.84760079552854,-36.955424449389966,100 174.84760101965946,-36.955428333289085,100 174.84760126397367,-36.95543230880858,100 174.84760154722696,-36.955436454972585,100 174.84760181586117,-36.9554406932986,100 174.8476020878701,-36.95544507127651,100 174.8476023449116,-36.95544952700076,100 174.8476025873776,-36.955454076688994,100 174.84760278116238,-36.955458749714246,100 174.84760282717232,-36.95546046781288,100 174.8476015389497,-36.95548876944018,100 174.84760088515637,-36.95549540881465,100 174.84759928570742,-36.95550808912389,100 174.84759758488568,-36.95551699268298,100 174.8475959162641,-36.955522534723556,100 174.84759486097406,-36.95552515415632,100 174.84759357816955,-36.95552765364943,100 174.8475920341802,-36.9555300805955,100 174.84758843615265,-36.95553464859601,100 174.8475809561135,-36.95554286155965,100 174.8475780952736,-36.95554651857037,100 174.84757631031522,-36.95554966311101,100 174.84757346964844,-36.955557315353325,100 174.84756709198498,-36.955568575642495,100 174.84756420084977,-36.955573070449454,100 174.8475625277396,-36.95557521999594,100 174.84756067877885,-36.95557724969994,100 174.84755863523355,-36.95557908143829,100 174.84755634135317,-36.9555806854338,100 174.8475536444248,-36.95558201629337,100 174.84755049211608,-36.95558318569362,100 174.84754330923528,-36.95558501269392,100 174.8475288364293,-36.955587908547535,100 174.84752589929013,-36.95558868703136,100 174.84752351784257,-36.95558954880119,100 174.84752167375404,-36.95559047881998,100 174.8475202626201,-36.955591385876815,100 174.84751842525088,-36.955593198181965,100 174.84751622599512,-36.95559704498756,100 174.84751446760447,-36.95559919766326,100 174.84751187732306,-36.95560136328584,100 174.84750585632975,-36.955605865341376,100 174.84750285030748,-36.955608626896414,100 174.84750019117593,-36.95561207977202,100 174.84749797022528,-36.95561637667294,100 174.84749127062219,-36.95563504359745,100 174.84748658812057,-36.95564502106225,100 174.84748275132708,-36.955652303942095,100 174.84747971571903,-36.95565718766117,100 174.84747410517738,-36.9556647793569,100 174.8474679374301,-36.955673573070015,100 174.84746562857023,-36.955676509445944,100 174.84746312622363,-36.95567933977346,100 174.8474603765273,-36.95568197295633,100 174.84745734243634,-36.9556843167352,100 174.84745396970538,-36.95568631066464,100 174.8474501879581,-36.95568787742508,100 174.84744584042622,-36.95568898971274,100 174.84744085862746,-36.9556896485933,100 174.84743543601436,-36.95569000518158,100 174.84742967734272,-36.955690072268325,100 174.84742375627366,-36.955689925565615,100 174.84740087062252,-36.955688692696356,100 174.84738760764688,-36.95568830062241,100 174.84736975878178,-36.95568715069966,100 174.84736347213286,-36.95568688710377,100 174.84735494584103,-36.95568698644068,100 174.84734810535977,-36.955687413760906,100 174.84733840220525,-36.95568877342795,100 174.8473285571846,-36.955690676093084,100 174.84729672264757,-36.955698361307206,100 174.84727803568327,-36.955717745636655,100 174.8472669834046,-36.9557269488369,100 174.84722749345087,-36.95575316259403,100 174.84721738910093,-36.955758323947244,100 174.84721430373722,-36.95576007995673,100 174.84717783482756,-36.95578085409813,100 174.84718427300157,-36.95578353088008,100 174.84724357538911,-36.95578149225864,100 174.84728647562395,-36.95577422162019,100 174.84731814845148,-36.95577341508517,100 174.84736852102066,-36.95578168854725,100 174.84739114842947,-36.95579203326632,100 174.84743585241242,-36.95581158478639,100 174.84743670374544,-36.95581172566291,100 174.84744749884953,-36.9558117262089,100 174.84748260122373,-36.955818248056424,100 174.84748841376,-36.95581887594669,100 174.84753392401075,-36.95582057418008,100 174.84757975381206,-36.95582067028593,100 174.84758278155564,-36.95582066642591,100 174.847629430101,-36.95582159971321,100 174.84767330874672,-36.955829628011486,100 174.84770886537032,-36.95584671969539,100 174.84773548551001,-36.95587644724886,100 174.8477265732156,-36.955906861261596,100 174.84772545692576,-36.95591429919276,100 174.847721115156,-36.955950736780714,100 174.84771875388188,-36.95595559378585,100 174.84769485494195,-36.955987813863544,100 174.84767881507454,-36.95602150965057,100 174.8476787342217,-36.956022997183375,100 174.84767762241128,-36.95603062071596,100 174.84765912358398,-36.956063598566914,100 174.8476299681226,-36.95609394278296,100 174.84762151469974,-36.956104588235554,100 174.84759581571686,-36.95613482456679,100 174.8475696800671,-36.956164884721076,100 174.8475631983314,-36.95617355984504,100 174.8475403152373,-36.956205576607495,100 174.84751668968735,-36.95623703258341,100 174.8475151775004,-36.956238684800795,100 174.84749136972417,-36.95626720170395,100 174.84746915012022,-36.95629033284281,100 174.84743669286874,-36.9563169230308,100 174.84739942182486,-36.95633746276314,100 174.84738560336294,-36.95634281081997,100 174.84734208871086,-36.95635371616225,100 174.8472961787921,-36.95636035767037,100 174.84729143042966,-36.95636073260243,100 174.8472445502255,-36.95636212458775,100 174.84719831777682,-36.95636448170177,100 174.84715552529346,-36.95637520358674,100 174.84715140600758,-36.95637707212401,100 174.8471280810821,-36.95638276816691,100 174.8470824324372,-36.95637912058037,100 174.84703510150047,-36.956368131773026,100 174.84700830816752,-36.95636572662742,100 174.84699826702703,-36.95636481479547,100 174.84695378598218,-36.95635952211234,100 174.84691002044772,-36.95635186223338,100 174.84688122255878,-36.956344953712154,100 174.84683901121642,-36.95633263684867,100 174.8468320307728,-36.95633038759822,100 174.84682922573995,-36.95632966241295,100 174.84678711987968,-36.95631868955851,100 174.8467453048764,-36.95630697128016,100 174.8467113197982,-36.956296264137904,100 174.84664419914452,-36.956272356179824,100 174.8466371914397,-36.95630547959433,100 174.84662840699886,-36.956336836121515,100 174.8466174968523,-36.95635853383513,100 174.84661027363032,-36.956369900964475,100 174.84659317539982,-36.956400254759586,100 174.8465771506891,-36.956433206578694,100 174.84657531661014,-36.9564371098777,100 174.846565516916,-36.95644982219198,100 174.84652917283344,-36.9564714143961,100 174.84651425370265,-36.95647704355966,100 174.84647154902464,-36.956486478553266,100 174.84642931842447,-36.956497500590494,100 174.84641591335884,-36.95650346131125,100 174.8463957575449,-36.95650859236404,100 174.8463953968014,-36.956508722357,100 174.84638278766306,-36.95651466889161,100 174.84635654039164,-36.956521064594895,100 174.84631277363252,-36.95653349310673,100 174.8463002949416,-36.95654437683034,100 174.84626579310245,-36.95656171041341,100 174.84622067608734,-36.95657482596652,100 174.84619613478299,-36.95658289679236,100 174.84615265566262,-36.9565970540082,100 174.84615087253187,-36.95659767300438,100 174.8461079632796,-36.956613105720656,100 174.8460933707594,-36.95661928676754,100 174.84606682625198,-36.956628817309756,100 174.84603320520645,-36.95664481759799,100 174.84599436125077,-36.956662844142144,100 174.8459619666322,-36.956673589578195,100 174.84591933545101,-36.95668514583757,100 174.84589059175931,-36.95669071769593,100 174.84588106987752,-36.9566936841819,100 174.84584696436156,-36.956690830053674,100 174.8458434284587,-36.956690581290204,100 174.84583979597875,-36.956691263287986,100 174.8458179244671,-36.95669111125251,100 174.84579575407054,-36.95668751090814,100 174.84578698895075,-36.956686468271045,100 174.84578345267843,-36.95668620418911,100 174.8457613308523,-36.95668508080836,100 174.84573915735697,-36.95668465494628,100 174.8457169419546,-36.95668458665385,100 174.84569588773422,-36.956684560691485,100 174.84569235181021,-36.956684311022514,100 174.845688719329,-36.9566849930157,100 174.84566692451477,-36.95668513358979,100 174.84564483533853,-36.95668136160504,100 174.8456277751579,-36.95667864979356,100 174.84561484318783,-36.9566776935594,100 174.8455925077326,-36.95667632740844,100 174.84557022463997,-36.95667438539779,100 174.84554856993313,-36.95667065260758,100 174.8455365589921,-36.95666723406387,100 174.84553315298237,-36.95666603868962,100 174.84551420549326,-36.95665679189821,100 174.84550738566818,-36.95665272842189,100 174.84548976256295,-36.956641909867294,100 174.84548795029298,-36.956640763623014,100 174.84547745535298,-36.95663580188145,100 174.84544913140837,-36.95662330918486,100 174.8454174126214,-36.95660091689416,100 174.84540684508025,-36.956585409041814,100 174.8453737656393,-36.9565645268699,100 174.84537076489232,-36.95656290517634,100 174.84533293394452,-36.95654682787899,100 174.84530260897185,-36.9565390927686,100 174.84528630892999,-36.95651426785143,100 174.84526448346458,-36.956495034978374,100 174.84523525998097,-36.95647342044408,100 174.8452315209899,-36.956450563432334,100 174.84523814386714,-36.95642831958699,100 174.8452495919478,-36.95641190888232,100 174.84526663269648,-36.95639236658674,100 174.84526988934562,-36.95637499622031,100 174.84525283635548,-36.956372578973294,100 174.84523017775504,-36.95638769478658,100 174.84520458199313,-36.956402334386944,100 174.84520349519062,-36.956405048026205,100 174.84520309961664,-36.95640578244062,100 174.8451547372304,-36.95641198354411,100 174.8451225837795,-36.95640898890281,100 174.84507908342454,-36.95641780303819,100 174.84507751125295,-36.956420508897935,100 174.8450662757877,-36.95642544068951,100 174.84506314481294,-36.95642414638819,100 174.84501679994688,-36.95640858618023,100 174.84500964733212,-36.95640767074595,100 174.8449647523918,-36.95640500207981,100 174.8449275910461,-36.95640693972122,100 174.84488280353716,-36.95641160879445,100 174.8448685962655,-36.95641211530953,100 174.84482389825106,-36.956415559879936,100 174.8448159173763,-36.95641797325808,100 174.844801646013,-36.956421269442,100 174.84478331665065,-36.95642548584133,100 174.84476733659884,-36.9564289491805,100 174.8447488789046,-36.956432920607455,100 174.8447305297039,-36.95643705979354,100 174.84472169114008,-36.95643906918312,100 174.84470324278067,-36.956443381156525,100 174.84468486998117,-36.9564479389143,100 174.84466662440616,-36.956452742555,100 174.84464858013158,-36.95645792973069,100 174.8446307715983,-36.956463531452464,100 174.84461325305756,-36.95646965503569,100 174.8445961303883,-36.95647631325637,100 174.84457945634955,-36.95648359813074,100 174.84457504317513,-36.95648613631935,100 174.84455969225667,-36.9564957071068,100 174.84454461037322,-36.95650558286431,100 174.844529414738,-36.956515119688866,100 174.84451374090312,-36.95652359587885,100 174.84449720795837,-36.95653035217921,100 174.8444867156886,-36.956533923995494,100 174.84446755810643,-36.956538913027146,100 174.84444807020836,-36.95654184857546,100 174.84442889451753,-36.956542223129084,100 174.84441074207678,-36.95653948304648,100 174.8444098032075,-36.95653929844241,100 174.84439218152846,-36.95653369923842,100 174.84437581213015,-36.956525121544956,100 174.8443613363408,-36.95651421876907,100 174.84434941200902,-36.95650167741025,100 174.84434202634887,-36.95649133415446,100 174.8443357410796,-36.956477442434014,100 174.84433163934986,-36.9564624433176,100 174.84432897351783,-36.9564467233699,100 174.8443270056115,-36.95643065097889,100 174.8443249534914,-36.95641462586343,100 174.84432448844038,-36.95641271327919,100 174.84432102440192,-36.956397611418865,100 174.84431761347838,-36.956382523154254,100 174.8443140633666,-36.95636743795332,100 174.84431017046498,-36.956352435591356,100 174.84430570914586,-36.95633756734367,100 174.8443004915395,-36.95632286677383,100 174.84429793900694,-36.95631663865808,100 174.84429148387304,-36.95630222230207,100 174.84428483901763,-36.956287855761786,100 174.84427196995745,-36.956265805734596,100 174.84425035118485,-36.956236085315915,100 174.84424468103697,-36.95623107103907,100 174.84422078138678,-36.95620275154815,100 174.84421985916762,-36.95619929940225,100 174.84421210994736,-36.956186965363734,100 174.8441835229446,-36.956166531318715,100 174.8441788305633,-36.95616312782831,100 174.84416151348128,-36.95614556785902,100 174.84413190826382,-36.956118678148094,100 174.84411477267506,-36.95610859539924,100 174.84407826676093,-36.95608769307995,100 174.84406788967675,-36.95607932239424,100 174.84405574656336,-36.9560663661902,100 174.84404183625256,-36.956050033154334,100 174.84403465308745,-36.956040817887605,100 174.84401679355852,-36.95600802862157,100 174.84401520157266,-36.95600278964756,100 174.84401153367125,-36.95596698493898,100 174.84401113314215,-36.95596299741569,100 174.84401298628023,-36.95592723673421,100 174.84401658778918,-36.95591758804968,100 174.84401756670619,-36.95589717509022,100 174.84401654277625,-36.955885314313605,100 174.84401601773672,-36.95587271842274,100 174.8440139480195,-36.955837147566186,100 174.84400510440162,-36.95580318262962,100 174.84400094953668,-36.95579719841718,100 174.84398069618086,-36.95576615342696,100 174.84398118057013,-36.955735573157064,100 174.84399090241024,-36.955709466854955,100 174.84398248803407,-36.95570922441371,100 174.84397621401985,-36.955710089794785,100 174.8439649785025,-36.9557163220865,100 174.8439511603493,-36.955719732805505,100 174.8439411962405,-36.955721730777505,100 174.8439394558295,-36.95572132698098,100 174.8439279760881,-36.955718364199406,100 174.84392081688506,-36.95571652044203,100 174.84388522997978,-36.955707356986274,100 174.84384461046005,-36.95569697919632,100 174.84380165142267,-36.955686455663134,100 174.8437584195587,-36.9556767268086,100 174.8437390108267,-36.95567287768064,100 174.8437248420242,-36.955670270303195,100 174.84367787361688,-36.95566249492668,100 174.8436307132045,-36.95565532639726,100 174.8435835396899,-36.95564826621076,100 174.843535790835,-36.955644359643046,100 174.8435224582888,-36.95564327059582,100 174.84349027772947,-36.95564248956798,100 174.8434450583676,-36.955641297212566,100 174.84343216025215,-36.9556409449973,100 174.8434119788286,-36.95563667518124,100 174.84341019271994,-36.955637170701806,100 174.8433884625003,-36.955626050570466,100 174.8433652564173,-36.9556095211015,100 174.8433634261658,-36.95560962973954,100 174.84335975522825,-36.955609507380196,100 174.8433438644871,-36.955592867016364,100 174.84332493230212,-36.955580925586375,100 174.84331344211023,-36.95557235670112,100 174.84329902505672,-36.95556103466582,100 174.8432890197728,-36.95554585858355,100 174.84327772420556,-36.95552505126338,100 174.8432615581904,-36.95551301639716,100 174.8432449509423,-36.95550135972334,100 174.84322528268987,-36.95548967756871,100 174.8432108978451,-36.955473075093664,100 174.84320409605658,-36.95546513823234,100 174.84319289025197,-36.95545164011056,100 174.84317858373268,-36.95543865881748,100 174.8431633397644,-36.95542680881257,100 174.84314339963177,-36.955413397628156,100 174.84312811557214,-36.95540267939677,100 174.84309965176035,-36.95539595043269,100 174.8430748800713,-36.95539078200686,100 174.8430520176559,-36.955385242333186,100 174.8430318154865,-36.95538476732769,100 174.84302116825074,-36.95538446935192,100 174.84299157982284,-36.95537967943455,100 174.8429653410918,-36.95537729360146,100 174.84294352474362,-36.95537461557936,100 174.8429217445668,-36.955368778768666,100 174.8428999827032,-36.955362956090724,100 174.84287047642013,-36.9553554230542,100 174.84284540800775,-36.95534563091147,100 174.84282565389566,-36.955337884281,100 174.8428166736508,-36.955333919078655,100 174.84281073349283,-36.95531872040793,100 174.8428005045833,-36.95530292764608,100 174.84279524474942,-36.9552976897098,100 174.84277822073412,-36.955286582934065,100 174.8427713027094,-36.955282720913644,100 174.84275536343128,-36.95527272574778,100 174.84274996948062,-36.95526961159715,100 174.8427399993524,-36.95525700638466,100 174.84273299987532,-36.95524100395269,100 174.84272399468452,-36.955225005614984,100 174.84271699521398,-36.95520900318183,100 174.84271699424664,-36.95520700587305,100 174.84271099353646,-36.95519600377846,100 174.84270500759993,-36.95518300503171,100 174.84269699871945,-36.95516999442259,100 174.84268699296797,-36.95515800716194,100 174.84266999775747,-36.95514800043375,100 174.842653004987,-36.95514000541016,100 174.8426350078493,-36.95513199623036,100 174.84260699539254,-36.95512600192596,100 174.84260399494468,-36.95512699758764,100 174.84258599590873,-36.95513000075063,100 174.84256599930157,-36.95513399842659,100 174.84253899387647,-36.95513199664304,100 174.8425160014601,-36.95513000557422,100 174.84251200421315,-36.95512999641132,100 174.8424880002229,-36.95512899716666,100 174.8424619913388,-36.955131997543795,100 174.8424589996068,-36.9551320034178,100 174.84243600041498,-36.95513499763651,100 174.8424139937773,-36.95514599818934,100 174.84239699634094,-36.95515999359329,100 174.8423850075824,-36.955175004561106,100 174.84237399399677,-36.95518499626756,100 174.84236399314838,-36.95519800609687,100 174.84236300151468,-36.95520299496755,100 174.84235099453278,-36.95521599176583,100 174.84233499509253,-36.95523500464035,100 174.84232099150373,-36.95525099415774,100 174.84230600128058,-36.95526500256278,100 174.84230600435998,-36.95526899896545,100 174.84229600214218,-36.95527999526273,100 174.84228099506896,-36.95529400392618,100 174.84226699575493,-36.95530299372408,100 174.84225300083867,-36.955317992548935,100 174.84224400393543,-36.955331000308036,100 174.84224300203056,-36.95533299966048,100 174.8422369936307,-36.95533999430636,100 174.84222600026493,-36.95535399655712,100 174.84221900581971,-36.95536099208305,100 174.84220499536698,-36.95537800378979,100 174.84148200540176,-36.95553800299056,100 174.8415100031185,-36.955738992857775,100 174.83968099197358,-36.958364002807606,100 174.83910800789207,-36.95880099274085,100 174.83894499263607,-36.95892599940338,100 174.83744199690398,-36.9600879979998,100 174.83737300607086,-36.959984995034525,100 174.8359809964982,-36.957895001075045,100 174.83578400503586,-36.95757699204924,100 174.835614994391,-36.957266992657566,100 174.83551399668391,-36.95691600207764,100 174.8354869918931,-36.95676500144156,100 174.83539155277845,-36.9563327067983,100 174.83536799378007,-36.95622599689824,100 174.8353440060764,-36.95610399821322,100 174.83534117774684,-36.95608344316651,100 174.83533299643776,-36.956023995085,100 174.83533277891436,-36.956023869559246,100 174.83533257732464,-36.95602375280034,100 174.83521425106824,-36.956082905211325,100 174.83518481542527,-36.956097620962375,100 174.83506063375384,-36.95615970019834,100 174.8349887914653,-36.956060013378384,100 174.83493476754109,-36.955985050112076,100 174.83472771750158,-36.95623339959442,100 174.83470234609527,-36.95614486654859,100 174.83467743315936,-36.956057932562736,100 174.834616385329,-36.955803924939765,100 174.8345916331359,-36.95570093322292,100 174.83455130943477,-36.95547221809282,100 174.83452781702127,-36.955338966681126,100 174.83452769134294,-36.95533812859258,100 174.83451089712307,-36.95522627105846,100 174.83402773090154,-36.95200805541631,100 174.83401352595575,-36.951913435160016,100 174.83399775727545,-36.95180839815434,100 174.83399061084643,-36.951760798927296,100 174.8339738171007,-36.951648933118506,100 174.83397128792208,-36.9516321643541,100 174.83397088333484,-36.95162948286475,100 174.83394488311524,-36.95143229960788,100 174.83391876741885,-36.951233900436776,100 174.83388658317406,-36.95103508304692,100 174.83386218318805,-36.95088948288133,100 174.83383419987106,-36.95071883265615,100 174.83380731670414,-36.95055471622773,100 174.8338022837779,-36.95052148293819,100 174.83366901732896,-36.95016928336746,100 174.83364164985858,-36.9499892993879,100 174.83361438330883,-36.94980934988969,100 174.83358695067685,-36.94962939933861,100 174.83355271692398,-36.94940446610946,100 174.83353980216097,-36.949319860232265,100 174.83352525023298,-36.94922453318075,100 174.83306568307592,-36.94926955040272,100 174.8330405832253,-36.949253766441736,100 174.83301596695298,-36.94909178334941,100 174.83347773375343,-36.949046516043026,100 174.8334010669811,-36.94887139975065,100 174.83332440016454,-36.94869626627545,100 174.83324771687572,-36.94852113299621,100 174.83293390039353,-36.94855188338774,100 174.83293121694922,-36.9485364878814,100 174.83290933353504,-36.948410917408886,100 174.8328701005234,-36.948169200068165,100 174.8328449686411,-36.94799958526212,100 174.83277968126293,-36.947558957202396,100 174.8326825094804,-36.94690313312635,100 174.83266087502648,-36.94675712124748,100 174.83263141725118,-36.946558299989846,100 174.83251739913428,-36.94656995467675,100 174.83240673375786,-36.94658126637957,100 174.83263645078114,-36.945099516280955,100 174.83252019994904,-36.94433704979479,100 174.83250750297998,-36.94425380135143,100 174.83217803378585,-36.94209359856351,100 174.83204588392303,-36.94129786622432,100 174.83207645065767,-36.94132435041695,100 174.83208446729506,-36.941330932554315,100 174.83210781725853,-36.941350099397596,100 174.83212438320402,-36.94136224957128,100 174.83215978355403,-36.94138444997496,100 174.83216618409375,-36.94138881635714,100 174.8321938167817,-36.941417033071694,100 174.83221825004887,-36.941447766073765,100 174.83224583410188,-36.94147596640087,100 174.83224894997593,-36.941478399657086,100 174.83228438309902,-36.941500183105255,100 174.83232083395112,-36.94152146682559,100 174.83233494988278,-36.94153089943614,100 174.83221618375944,-36.94078822074383,100 174.83211735017554,-36.940170179237334,100 174.8320425840442,-36.93970263326026,100 174.8320350334188,-36.9396527669002,100 174.8320287666988,-36.9396112666378,100 174.8317445839556,-36.93778666642507,100 174.83173146569183,-36.937699891104934,100 174.83172483370996,-36.93765601605039,100 174.83171733716125,-36.9376064660813,100 174.8317064740559,-36.93753467111034,100 174.83171046180638,-36.93753188308722,100 174.8317280895648,-36.93751957486594,100 174.83182200727842,-36.93745399496383,100 174.83203287597553,-36.93737105185636,100 174.8320330027859,-36.93737100212956,100 174.8320380007115,-36.93736899708113,100 174.8321227718834,-36.937336488824926,100 174.83232641397518,-36.937258394969795,100 174.83500799387474,-36.936230004841136,100 174.83522300404368,-36.93611399738952,100 174.8354700032511,-36.936019992974245,100 174.8356300083973,-36.93591099382907,100 174.83597199745952,-36.93587400214017,100 174.83661399513798,-36.935628006867816,100 174.83659900137206,-36.935337992971654,100 174.83657599656522,-36.93492499486565,100 174.8365710023994,-36.93483499298776,100 174.8365559988875,-36.93455699744041,100 174.8383180017135,-36.9344959938545,100 174.83892600793152,-36.934473004041834,100 174.83960299384722,-36.93444900190229,100 174.8402539962907,-36.93442799623038,100 174.84051100474136,-36.93441900308708,100 174.840894710478,-36.93414504641917,100 174.84092364440968,-36.934919499006895,100 174.84092631412005,-36.934988835105194,100 174.84136437367926,-36.93489847358645,100 174.8412988602818,-36.93505429258091,100 174.84135373014874,-36.93507484987277,100 174.84151131635892,-36.935133839127666,100 174.84147254175696,-36.93526943964944,100 174.8414358062423,-36.93539781868555,100 174.84141127452543,-36.93548361655426,100 174.84186493194267,-36.93558915970811,100 174.8422299056679,-36.93567151699858,100 174.84257061186682,-36.93574267227148,100 174.8424933060779,-36.93548033073868,100 174.84268993003047,-36.935442910189494,100 174.8427192349964,-36.93554217586271,100 174.8428867257357,-36.935462788201875,100 174.8429822385899,-36.93541751135949,100 174.84307773488413,-36.93537225092211,100 174.84310708091763,-36.93535839903871,100 174.84312491298942,-36.9353499625623,100 174.84317326657268,-36.93532701960307,100 174.8433180416039,-36.935299515252005,100 174.84333652309533,-36.935295992584365,100 174.84350638853053,-36.935263721656916,100 174.84351559028167,-36.93531192930523,100 174.84354291927016,-36.93545528837238,100 174.84357024910395,-36.935598631191965,100 174.8435766907212,-36.93563214327185,100 174.8435975951705,-36.93574194400524,100 174.8436168231738,-36.93584269715539,100 174.8436403900726,-36.935966111562344,100 174.8438964013898,-36.93601963318268,100 174.84397396942643,-36.93603583667813,100 174.84395853014402,-36.936026297112846,100 174.84395544117564,-36.936020047549476,100 174.84395105644336,-36.93601123311838,100 174.84393969483548,-36.93600414941805,100 174.84392837442917,-36.93599597988523,100 174.84391192678595,-36.9359888120288,100 174.8438922099593,-36.93598492167172,100 174.8438465783065,-36.9359846812156,100 174.84383520569298,-36.93597979600003,100 174.84384153470282,-36.935971262244074,100 174.84387618253942,-36.93595973526816,100 174.84392239917398,-36.93596179360775,100 174.8439880050777,-36.93597106242262,100 174.84403728706215,-36.93598043961435,100 174.8440557896106,-36.935988779704424,100 174.84410484079683,-36.93601550639095,100 174.84413812795268,-36.93604521341248,100 174.8441802315326,-36.936061047342456,100 174.84418481339281,-36.93605907979532,100 174.8442155181943,-36.93606968913799,100 174.84423227349544,-36.936075364991986,100 174.8442409404522,-36.936070245160835,100 174.84425991577166,-36.93606903738383,100 174.84427390351613,-36.936066893088395,100 174.84429415206228,-36.93606349514615,100 174.84431172271402,-36.936060189270826,100 174.8443219329173,-36.936054532610136,100 174.8443514168799,-36.93604262873774,100 174.84435340906126,-36.93604208403864,100 174.84437130007547,-36.936037163417495,100 174.84438923327272,-36.936026680081675,100 174.84440811968307,-36.93601689398017,100 174.844416714246,-36.93601491997263,100 174.84442397095137,-36.936013339894174,100 174.8444334917384,-36.936011688591655,100 174.84444899064235,-36.93601373177636,100 174.84445266693163,-36.93601537275771,100 174.84447207147534,-36.93602447210428,100 174.84447835929112,-36.93602806533829,100 174.84449588641942,-36.936039395774884,100 174.8445102281236,-36.93604862784428,100 174.84452775415352,-36.93605991232567,100 174.8445426565628,-36.936070745441114,100 174.84456099858676,-36.93608085363444,100 174.84456803807925,-36.93608344373209,100 174.84459012008796,-36.93608716924393,100 174.8445948312455,-36.936087444864846,100 174.84461678238782,-36.93608364636823,100 174.84462289595757,-36.936079406210204,100 174.84463392494138,-36.936062910125685,100 174.8446392592512,-36.93605214839204,100 174.8446457693912,-36.936034831103775,100 174.84464650421577,-36.93603322254539,100 174.84465451563202,-36.93601642182448,100 174.84466242153457,-36.93599957587359,100 174.8446654474068,-36.93599174955507,100 174.84467176861543,-36.93597446674689,100 174.84467883913177,-36.935957433680215,100 174.84468834727087,-36.93594165974333,100 174.84469906492563,-36.93592580392157,100 174.8447091525633,-36.93590971002367,100 174.84471482552067,-36.93589734768571,100 174.8447228709492,-36.93588056175424,100 174.84472883199763,-36.93586729542051,100 174.8447415783234,-36.93585296826405,100 174.84475317486994,-36.935848093105115,100 174.8447658019688,-36.93584488740504,100 174.84478816937408,-36.93584182509915,100 174.84478887645355,-36.93584172037565,100 174.84481127901964,-36.935838672841584,100 174.84483282458334,-36.93583393602228,100 174.84485177555877,-36.93582529532917,100 174.8448704927779,-36.93581501605694,100 174.84488158687157,-36.935810118047705,100 174.84490165899768,-36.9358020151405,100 174.84492212691183,-36.935794494643176,100 174.84494274178775,-36.935787248564544,100 174.84495597125328,-36.935783321440375,100 174.84497735788187,-36.93577716297636,100 174.84499817142262,-36.93577028694839,100 174.84501752039134,-36.935761622919614,100 174.84502100082628,-36.935759844608185,100 174.84503905812215,-36.935748786907865,100 174.8450539902493,-36.93573538295635,100 174.84505759239565,-36.93573101595917,100 174.84506788945376,-36.935714950323494,100 174.8450704313304,-36.935711034239105,100 174.84508030900784,-36.935694851638274,100 174.84508919121103,-36.93567831496411,100 174.8450943013677,-36.93566687529451,100 174.8451011095197,-36.93564972279933,100 174.8451080216871,-36.93563260023365,100 174.8451095268777,-36.93562936813779,100 174.84511779963552,-36.93561265525991,100 174.8451261057132,-36.93559592744252,100 174.84513208163773,-36.93558258334422,100 174.8451398654386,-36.93556570861473,100 174.84514535189476,-36.93555478856575,100 174.845154461533,-36.935538325866005,100 174.8451645841883,-36.93552224670848,100 174.8451721073524,-36.93551053429161,100 174.8451812709127,-36.93547009559338,100 174.84517291255221,-36.93547119891331,100 174.84517681486952,-36.93544883055641,100 174.8451848296366,-36.93541462342253,100 174.84518534466946,-36.93538714042755,100 174.8451835031821,-36.93536017806366,100 174.84517499474697,-36.935325725670815,100 174.8451692310823,-36.93530736428224,100 174.8451591445808,-36.93528964962121,100 174.84515530248845,-36.93529021136442,100 174.84518465697937,-36.93522597855823,100 174.84519844398093,-36.93521044273231,100 174.84520532193181,-36.93520242584494,100 174.84522010651864,-36.93518868256496,100 174.84522271345233,-36.93518588220396,100 174.84523623175147,-36.93517135642469,100 174.84525097068774,-36.93515781574646,100 174.845258344965,-36.935152176040106,100 174.84527615557798,-36.93514099955875,100 174.84529557323705,-36.93513169988804,100 174.84531524930043,-36.93512431601358,100 174.84533638581817,-36.935117898187926,100 174.84534986732112,-36.93511362640433,100 174.8453709731607,-36.93510733343178,100 174.8453922465433,-36.93510151645338,100 174.84539860191327,-36.93509985839026,100 174.84542011621986,-36.93509462712685,100 174.8454416855125,-36.93508948784108,100 174.8454605874221,-36.9350842232654,100 174.84548189561983,-36.935078360663844,100 174.84550348695421,-36.935073437341565,100 174.84551607868323,-36.93507151829906,100 174.84553835750654,-36.93506898360319,100 174.84556067036846,-36.93506646369654,100 174.8455655450077,-36.93506569931722,100 174.8455875650059,-36.935061930219156,100 174.8456096107972,-36.9350584392245,100 174.84563116799657,-36.93505549931754,100 174.8456535264374,-36.93505403142882,100 174.84565819565506,-36.935054013829294,100 174.84568057642153,-36.93505533337655,100 174.84570284602935,-36.935058328401965,100 174.84570475468755,-36.93505855831293,100 174.84572682712854,-36.93506194396709,100 174.84574850219244,-36.93506663640166,100 174.84575749144634,-36.93506906813267,100 174.8457783512632,-36.93507566420791,100 174.8457991504797,-36.935082540631235,100 174.84581294240385,-36.9350873682203,100 174.845834269194,-36.93509265641891,100 174.8458360046405,-36.935092873698004,100 174.84585848458912,-36.93509337056557,100 174.84586199631607,-36.93509340340004,100 174.84588449314174,-36.93509325014736,100 174.84590694923796,-36.93509219980719,100 174.84590943589282,-36.93509204758181,100 174.84593176110627,-36.93508999339672,100 174.84595403805642,-36.93508742800708,100 174.84596753918825,-36.93508587964272,100 174.84598981764938,-36.93508333044667,100 174.84601212298682,-36.935081197239214,100 174.84602999182053,-36.93507932678859,100 174.84605236294757,-36.93507898978615,100 174.84606764767167,-36.93508142275843,100 174.84608933323716,-36.93508654940414,100 174.84610601971175,-36.935089003840375,100 174.84612768661628,-36.93509340340258,100 174.84613847487287,-36.935097801757784,100 174.84615807279516,-36.93510635522782,100 174.84615822991185,-36.93510639875228,100 174.8461792353474,-36.93511195507106,100 174.84619813751596,-36.935117731564624,100 174.84621931136095,-36.935122449732454,100 174.84623188648322,-36.93512379816328,100 174.84625391796752,-36.93512241366021,100 174.84625536351822,-36.935122109970344,100 174.84627589916633,-36.93511522271964,100 174.84628742999692,-36.93511112266983,100 174.84630821139237,-36.935104974281316,100 174.84631674255274,-36.93510321744075,100 174.8463387710422,-36.935101662618784,100 174.8463547878804,-36.93510433023018,100 174.8463761333838,-36.93510964778347,100 174.84638745938216,-36.93511087862138,100 174.84640942752787,-36.93511291829397,100 174.8464151004345,-36.935113595297935,100 174.84643698732603,-36.93511715315325,100 174.8464575950828,-36.93512335103847,100 174.846469074314,-36.935129023902476,100 174.8464869348498,-36.93513983690974,100 174.84649838151736,-36.93514625386758,100 174.84651670561556,-36.93515631607082,100 174.8465291410388,-36.935162808682286,100 174.84654781569486,-36.935172415669335,100 174.8465481321902,-36.93517259641948,100 174.84656613115368,-36.93518346855154,100 174.84658524807188,-36.9351920934245,100 174.84659000736517,-36.93519352821904,100 174.84661179330433,-36.935196530594986,100 174.84662628394597,-36.93519578696892,100 174.84664264087664,-36.9351865391884,100 174.84665035468257,-36.935182643581314,100 174.84666690177852,-36.935170110226714,100 174.8466783085615,-36.935160033602386,100 174.84669209183122,-36.93514570543546,100 174.84670544780641,-36.935131537137444,100 174.8467186695096,-36.935116922969534,100 174.84673120474065,-36.93510247630714,100 174.8467447642059,-36.93508813358872,100 174.84675049081065,-36.935083034072754,100 174.84676641008852,-36.93507030857335,100 174.84678278655966,-36.93505787159418,100 174.84679802197846,-36.93504546858454,100 174.84681346356174,-36.935032350322224,100 174.84681495177574,-36.93503106983073,100 174.84682995190275,-36.93501761773323,100 174.84684460072756,-36.93500393855719,100 174.84685469400827,-36.93499391659717,100 174.84686934172362,-36.93498023833673,100 174.84686973155704,-36.934979922218396,100 174.84688626956705,-36.934967713450874,100 174.84690321385938,-36.934955823738484,100 174.8469158367981,-36.93494533880364,100 174.84693159668484,-36.9349324778596,100 174.84694797380646,-36.934920721345726,100 174.8469659311108,-36.934909866807814,100 174.84696731232026,-36.934909130574525,100 174.84698661185223,-36.93489992530349,100 174.84700666106744,-36.934891636728686,100 174.8470245501897,-36.93488405143467,100 174.84704465662747,-36.934875947635625,100 174.8470530022275,-36.93487241261773,100 174.8470734719096,-36.934864984562275,100 174.84708651214117,-36.93486169467733,100 174.84710868271534,-36.934858401557705,100 174.84712733635928,-36.93485676659708,100 174.84714984168534,-36.93485692212633,100 174.84716806876187,-36.93485817441909,100 174.84719006557793,-36.934861962065575,100 174.84720222091335,-36.9348650844162,100 174.84722297265,-36.93487213077635,100 174.84722798335915,-36.93487388791243,100 174.847248121551,-36.93488193616841,100 174.8472565732139,-36.93488563169019,100 174.84727572973026,-36.934895152651066,100 174.847293795723,-36.93490591637262,100 174.84730596476643,-36.93491407057725,100 174.84732210632558,-36.93492664795048,100 174.84732707992535,-36.93493156479159,100 174.8473422038984,-36.934944824971964,100 174.84734461048157,-36.93494623955786,100 174.84736505061295,-36.93495391084998,100 174.8473814486612,-36.93495725379066,100 174.84740343133342,-36.934961151578335,100 174.84741383582613,-36.934964813099086,100 174.84743404179753,-36.93497278365593,100 174.84745089209517,-36.93497816284603,100 174.8474724579906,-36.93498330642267,100 174.84748979392464,-36.934986152548014,100 174.84751222330826,-36.93498799736482,100 174.8475143527202,-36.934988069685716,100 174.8475368442552,-36.934987698983896,100 174.8475593249589,-36.93498757721109,100 174.84757369163444,-36.934989327552685,100 174.8475959085439,-36.93499227707469,100 174.84760119237694,-36.93499260405421,100 174.8476236476346,-36.93499282336466,100 174.84764618482393,-36.93499225093699,100 174.84765519062958,-36.934992064828506,100 174.84767768033635,-36.93499161841742,100 174.8477001355498,-36.93499183591145,100 174.84770652488294,-36.93499214478157,100 174.84772894418538,-36.93499361836976,100 174.84774363075158,-36.934994992368196,100 174.84776598611208,-36.93499539887849,100 174.84778593791006,-36.93499186615945,100 174.84780670195266,-36.93498444781828,100 174.84781628622198,-36.93497934319734,100 174.84783508362494,-36.93496948042858,100 174.84784657241352,-36.93496708438019,100 174.8478684609641,-36.934962899594204,100 174.84787341713204,-36.93496067731612,100 174.84789179855747,-36.934950141416,100 174.847900196103,-36.93494596919756,100 174.84791970877515,-36.93493699299975,100 174.84793267794433,-36.93493104072326,100 174.84795265784203,-36.934922768391026,100 174.84795874117304,-36.934920634922484,100 174.847979664535,-36.934914003629345,100 174.8479827000406,-36.934913007293375,100 174.84798617997143,-36.934911863434145,100 174.84800708686302,-36.93490524771503,100 174.84801049795948,-36.934904089603975,100 174.8480317550133,-36.93489830485683,100 174.84803442312992,-36.93489780996452,100 174.848056872362,-36.93489717663701,100 174.8480774176999,-36.934902972321005,100 174.8480780450683,-36.93490314732704,100 174.848099784955,-36.93490768419596,100 174.84811943177843,-36.934907656900506,100 174.84814181853292,-36.934907272392756,100 174.84815637528644,-36.93490833920753,100 174.84817832466467,-36.93491229865942,100 174.84818194635312,-36.93491321210733,100 174.8482030079687,-36.93491955674982,100 174.8482226270434,-36.93492498106094,100 174.848223201304,-36.93492509560303,100 174.84824547243255,-36.93492750066253,100 174.84826236807385,-36.93492745758286,100 174.8482704951261,-36.93492738064681,100 174.84829296308303,-36.93492742928335,100 174.84831307077053,-36.93492849259112,100 174.84833497531778,-36.93492882939978,100 174.84834075451403,-36.93492698095717,100 174.84835738320723,-36.93491426042784,100 174.8483585743411,-36.934912907028334,100 174.84836883503607,-36.93489681013362,100 174.84838162654407,-36.93488225025111,100 174.8483807512675,-36.934869535416375,100 174.84837841169903,-36.934858950666076,100 174.84837622634902,-36.9348411781809,100 174.84837885337436,-36.93483396276703,100 174.84838769398354,-36.93481717863763,100 174.84838940517713,-36.93481067510337,100 174.84839275245164,-36.93479283902277,100 174.84839604876245,-36.93478088756143,100 174.84840222763944,-36.93476351484362,100 174.84841020178231,-36.93474665136514,100 174.84841035031158,-36.934746385867044,100 174.8484205245629,-36.93473033718229,100 174.84843080355887,-36.93471430218848,100 174.84843506767422,-36.93470490622812,100 174.84844318172537,-36.93468811808301,100 174.84845002565848,-36.934677547196294,100 174.8484633195253,-36.93466300922807,100 174.84847249221818,-36.934655464776036,100 174.84849073168027,-36.934644821934704,100 174.84849881082542,-36.934640997133535,100 174.8485194972587,-36.93463390525444,100 174.84853071063648,-36.93463154497451,100 174.84855239812774,-36.934626944079476,100 174.84856228084368,-36.934622671178936,100 174.84858116222648,-36.93461276011744,100 174.84858929301345,-36.934608935407496,100 174.8486094930807,-36.93460109217253,100 174.84861946106383,-36.934598071677776,100 174.84864146953447,-36.934594534736334,100 174.8486492493639,-36.93459440098966,100 174.8486715780418,-36.934597053838985,100 174.8486728832721,-36.934597356189926,100 174.8486943971335,-36.934602485032705,100 174.84870762951354,-36.93460320285914,100 174.84872497704268,-36.93459737610991,100 174.84874279629858,-36.934592996745906,100 174.84874870602061,-36.934592834426326,100 174.84877110612717,-36.93459551588829,100 174.84879153285303,-36.93459556737242,100 174.84881402277574,-36.93459513516513,100 174.8488331409062,-36.9345960461483,100 174.84885554439632,-36.93459691588569,100 174.8488765259157,-36.93459636925216,100 174.84889891297158,-36.93459470021505,100 174.8489033632961,-36.934594267683565,100 174.84892556814114,-36.93459156315658,100 174.84894777112186,-36.93458882800956,100 174.8489691798812,-36.934587422958,100 174.84899158074708,-36.934586279158744,100 174.84901395619863,-36.93458478063041,100 174.8490324480648,-36.9345829604159,100 174.84905459490332,-36.934580039549736,100 174.849054767005,-36.934580006224685,100 174.84907664113558,-36.93457597556815,100 174.84909843933215,-36.934571636936944,100 174.84910879150516,-36.93457006605214,100 174.84913093048604,-36.9345668667859,100 174.8491527716999,-36.93456286817428,100 174.8491735070642,-36.93455761862206,100 174.84919434002583,-36.93455083259608,100 174.84919618960623,-36.93455015123382,100 174.84921615466797,-36.934541971758286,100 174.84923590126866,-36.93453334772517,100 174.84923773325087,-36.934532635090115,100 174.8492580596886,-36.93452500699593,100 174.8492783834973,-36.93451731674808,100 174.84928928933286,-36.934513150432316,100 174.84930934228785,-36.93450498489483,100 174.84932864143178,-36.93449582612155,100 174.84933201618398,-36.934493955593815,100 174.84934983237497,-36.934482994738936,100 174.84936748732807,-36.93447182007569,100 174.84938089208708,-36.93446471257486,100 174.84939992113664,-36.93445515690908,100 174.84941864711058,-36.934445232814,100 174.84942984770473,-36.934438490424704,100 174.84944730732866,-36.93442713221873,100 174.8494643588231,-36.93441537927943,100 174.84947321976426,-36.9344097603229,100 174.8494905518344,-36.93439818868172,100 174.84950640393453,-36.93438554228184,100 174.84951255448624,-36.93437945809754,100 174.84952523308877,-36.93436460602221,100 174.84953706807306,-36.93434917942511,100 174.8495443547523,-36.9343409540288,100 174.8495558085236,-36.93432554959183,100 174.8495569667295,-36.934323578387065,100 174.84956399858075,-36.93430643658232,100 174.84956730741638,-36.93428846226607,100 174.8495682522843,-36.93427199843414,100 174.84956692411393,-36.93425393230904,100 174.84956530681436,-36.93424127681281,100 174.8495624089297,-36.93422339287055,100 174.84956150168526,-36.934216609237644,100 174.84955925963357,-36.93419868443427,100 174.8495582475985,-36.93419118858718,100 174.84955610953455,-36.93417324594004,100 174.84955504739455,-36.93416000765402,100 174.84955434246774,-36.9341419922086,100 174.84955430317737,-36.934139855787805,100 174.8495543760349,-36.934121828226694,100 174.84955488208345,-36.93410383898375,100 174.84955495162353,-36.9340973330646,100 174.849555197322,-36.93407930281102,100 174.84955585898408,-36.93406129492016,100 174.84955606283654,-36.93405467875021,100 174.84955706943927,-36.93403663484118,100 174.84955960272802,-36.93401876544142,100 174.84956304999724,-36.934005310897355,100 174.84956879341132,-36.93398786558769,100 174.84957011172153,-36.93398281027116,100 174.8495750867591,-36.93396506957975,100 174.8495825424786,-36.93394823212658,100 174.8495924077591,-36.933934883107334,100 174.8496063469815,-36.93392058192264,100 174.84961621638584,-36.93391125903959,100 174.84963149860897,-36.93389803383933,100 174.84964405107107,-36.93388748932844,100 174.84965892925692,-36.93387403877916,100 174.84965973617795,-36.93387314201276,100 174.84967206337197,-36.93385806285527,100 174.8496845499204,-36.93384312001757,100 174.84968485108303,-36.933842759304085,100 174.8496989537465,-36.93382806799444,100 174.84971610718426,-36.93381691641585,100 174.84971709919938,-36.93380351904403,100 174.8497370124454,-36.93380314573284,100 174.84975268444143,-36.93378960439062,100 174.84977032870222,-36.93377869302129,100 174.84977248723865,-36.933777277668106,100 174.84978988421173,-36.93376616915372,100 174.84979037688973,-36.93376583519995,100 174.84980707840003,-36.93375396418402,100 174.8498244588979,-36.93374287124379,100 174.84982961244248,-36.9337402735645,100 174.84984897194437,-36.93373143914525,100 174.84985252285603,-36.93372965869466,100 174.8498712198139,-36.93371998374664,100 174.8498884667754,-36.9337110308118,100 174.84989252084742,-36.93370869992544,100 174.84990940225958,-36.93369707305454,100 174.84991403842693,-36.93369323059575,100 174.84992791805723,-36.93367930164684,100 174.84994042361689,-36.933664405355266,100 174.8499429906407,-36.933661449585806,100 174.84995502631864,-36.933646437132595,100 174.84995601392276,-36.93364521217212,100 174.8499677982071,-36.93362987915879,100 174.8499770008417,-36.9336137391259,100 174.84997867263007,-36.933608955904525,100 174.84998207786126,-36.93359135141884,100 174.84998457511497,-36.933573435702904,100 174.84998817304597,-36.93355985441696,100 174.84999343564633,-36.93354249589483,100 174.84999692059344,-36.9335305108064,100 174.8500023915624,-36.93351317968221,100 174.8500087330648,-36.933496097278635,100 174.85001047332594,-36.9334919637439,100 174.8500181903659,-36.93347521322572,100 174.8500266911262,-36.93345869655662,100 174.85003020944768,-36.933451157165315,100 174.85003954931176,-36.933434982541826,100 174.85004232283677,-36.933430676978666,100 174.85005643508774,-36.933417038221286,100 174.85005938818787,-36.9334155627127,100 174.85008135395663,-36.93341171611918,100 174.85009453076245,-36.93341227963202,100 174.85011564484176,-36.933418669089335,100 174.850125123024,-36.933424515189344,100 174.85014128342516,-36.93343712343263,100 174.8501488637961,-36.93344119015036,100 174.850167842956,-36.933450527737655,100 174.85018535905903,-36.933460789440964,100 174.85020203455903,-36.93347259738784,100 174.85021501624587,-36.93348463955043,100 174.85022940460013,-36.93349825422924,100 174.85023558885746,-36.93350318092528,100 174.850252452949,-36.93351489399123,100 174.85027109209844,-36.933525120154734,100 174.85027398314352,-36.93352651090821,100 174.8502939735149,-36.9335348556847,100 174.85031463125003,-36.93354224367058,100 174.85032917474143,-36.93354806489814,100 174.85034994209346,-36.93355501763402,100 174.85036920966957,-36.93355896169381,100 174.8503919207687,-36.93356230318172,100 174.85039701301147,-36.933563254033935,100 174.85041938632867,-36.93356753094413,100 174.85044183595772,-36.933571481283806,100 174.85046444531497,-36.933574236681885,100 174.85048709659097,-36.933577286154375,100 174.85049968276516,-36.933579702930004,100 174.8505217504864,-36.933584899424524,100 174.8505434968598,-36.93359096799426,100 174.8505519750739,-36.933593718283284,100 174.8505731824003,-36.93360098859811,100 174.8505947252902,-36.93360723158078,100 174.8506145509904,-36.933609368765715,100 174.85063672644173,-36.93361340175649,100 174.850643352524,-36.93361672620584,100 174.85066227869498,-36.93362730385509,100 174.85067054253128,-36.93362912821472,100 174.85069306064113,-36.93363303057037,100 174.85070536221932,-36.93363904532754,100 174.85072325406637,-36.933651050557586,100 174.8507235877702,-36.93365124635082,100 174.85074194118718,-36.93366242057593,100 174.8507608629371,-36.93367281440847,100 174.85077710153828,-36.933679922383206,100 174.85079761199194,-36.93368827338792,100 174.85079939756264,-36.933689078376084,100 174.85081919165444,-36.93369849508908,100 174.85083901866926,-36.93370783377188,100 174.85085908808037,-36.93371591403373,100 174.85087948071788,-36.93372440656531,100 174.85088188394602,-36.93372568142689,100 174.85090074809895,-36.93373652409105,100 174.8509203832027,-36.933745818882855,100 174.85093318717384,-36.933749904167534,100 174.85095582429727,-36.93375306192874,100 174.85096583738184,-36.93375237856289,100 174.8509885869667,-36.93374876744542,100 174.8509909194437,-36.93374864906387,100 174.85101385349805,-36.93374741906032,100 174.851023836613,-36.93374558967628,100 174.85104478292422,-36.93373788942506,100 174.8510467584949,-36.93373675540958,100 174.85106409240097,-36.933724579628226,100 174.85108196168602,-36.93371499580938,100 174.85109121595832,-36.933708564820705,100 174.85110926472743,-36.93369725757757,100 174.85111051535665,-36.93369678832083,100 174.85113224802754,-36.93369068465315,100 174.85114188768162,-36.93368769971233,100 174.85116318451796,-36.93368079885541,100 174.85117562090625,-36.933676976245174,100 174.85119697160889,-36.933670167378516,100 174.85120951981116,-36.93366595455207,100 174.85123041150007,-36.93365817940909,100 174.8512504778152,-36.933649238203124,100 174.85125776101935,-36.93364542742881,100 174.85127658903411,-36.93363482005478,100 174.85173622994455,-36.93347626316045,100 174.8520212581169,-36.93426559396676,100 174.85204343356546,-36.93426312185779,100 174.8520547399137,-36.934260991435885,100 174.8520711414266,-36.934256033409376,100 174.85209283681507,-36.93425177244674,100 174.85209981448523,-36.93425078481733,100 174.85211983028782,-36.934248382434376,100 174.85214131575816,-36.93424338114763,100 174.8521430728965,-36.93424310317093,100 174.85216538645997,-36.93424258024464,100 174.85216943272522,-36.93424252613957,100 174.8521853356939,-36.934241556107466,100 174.85220753619623,-36.93423937740776,100 174.85221580603786,-36.934238848215735,100 174.85223518107702,-36.93423901105381,100 174.85223815703097,-36.93423903673542,100 174.85223851841369,-36.934238984229246,100 174.85225903377076,-36.93423198720786,100 174.85226224461314,-36.934230445432846,100 174.85228098703382,-36.93422117228914,100 174.85229733394223,-36.93420895043694,100 174.85230163892268,-36.934205020216744,100 174.85231579689676,-36.93419114794122,100 174.85232232876453,-36.93418380392787,100 174.85233342249663,-36.93417047968688,100 174.85233991973945,-36.93415859806197,100 174.85234639730484,-36.93414145122694,100 174.85234839957104,-36.93413478807103,100 174.85235353708347,-36.934117338567084,100 174.8523555113174,-36.93411095525786,100 174.85236184934456,-36.934093749309014,100 174.8523649121343,-36.93408604570727,100 174.85237194748373,-36.93406902897234,100 174.85237335731168,-36.9340654891223,100 174.85237945177178,-36.93404824010366,100 174.8523818266224,-36.93404129172502,100 174.85238779875382,-36.934023998647014,100 174.8523921969607,-36.93401316014697,100 174.8524003815257,-36.93399644815429,100 174.85240197732352,-36.93399405098146,100 174.8524148520533,-36.9339793956374,100 174.8524153585676,-36.93397893797603,100 174.85243087411754,-36.933966048578746,100 174.85243827995765,-36.93396099740425,100 174.8524560278535,-36.933950114667915,100 174.8524584149212,-36.93394881918198,100 174.85247734053337,-36.93393927906288,100 174.85248448191487,-36.93393596525168,100 174.85250385572846,-36.933927037343146,100 174.85250642236292,-36.93392597069415,100 174.85252679021735,-36.933918636130784,100 174.85253105487308,-36.93391707610425,100 174.85255091576585,-36.93390888237577,100 174.85255660831885,-36.93390638432776,100 174.85257634162397,-36.93389792940003,100 174.85258311940328,-36.933894623058734,100 174.85260161173656,-36.933884392959285,100 174.85261699711518,-36.93387313155204,100 174.85263087330418,-36.93385907976683,100 174.8526345044967,-36.93385514562676,100 174.85264783784788,-36.933841488976185,100 174.85266370726592,-36.93382888875948,100 174.8526735225411,-36.93382212261726,100 174.85269047050494,-36.93381038615863,100 174.85269780674358,-36.933805985906595,100 174.85271673340227,-36.933796491700924,100 174.85272523011818,-36.93379276825789,100 174.8527447093563,-36.93378388463295,100 174.85275856719824,-36.93377886074954,100 174.85278028000744,-36.93377463093737,100 174.85279500098125,-36.93377149717095,100 174.85281491793802,-36.93376344222877,100 174.85282283667388,-36.93376010004347,100 174.85284336643454,-36.933753009861896,100 174.8528520412538,-36.93375015070132,100 174.85287259160617,-36.93374316925324,100 174.85288215336112,-36.93373984468808,100 174.85289812071224,-36.93373416595802,100 174.85291735186115,-36.93372505363578,100 174.85292554402506,-36.933720948264565,100 174.8529449180894,-36.93371198873484,100 174.8529492987127,-36.933710257435415,100 174.85297008657827,-36.93370371931925,100 174.85298166174684,-36.93370068599803,100 174.85300294461933,-36.93369520911768,100 174.85300765032818,-36.933693966666645,100 174.8530284917218,-36.93368755298857,100 174.85303547488414,-36.933685450285154,100 174.85305661035295,-36.93367963589773,100 174.85306553396975,-36.933677685876894,100 174.8530876328796,-36.93367493626132,100 174.85309965776227,-36.93367318029232,100 174.85312073484315,-36.93366713426404,100 174.85312791778748,-36.933665399781404,100 174.85315007548277,-36.933663547853705,100 174.85316111431575,-36.933663079031845,100 174.85318326002033,-36.93366077842731,100 174.85319795670677,-36.93365933226301,100 174.85321197182006,-36.93365825455917,100 174.85321205823976,-36.93365825321034,100 174.85322020454913,-36.93365763304112,100 174.85322704490682,-36.933657329789185,100 174.85324936208843,-36.93365756641809,100 174.85326190742063,-36.93365782938003,100 174.853261942213,-36.933657828836985,100 174.85326746240258,-36.93365795088131,100 174.85328979598376,-36.93365752026922,100 174.8532915560934,-36.933657365710275,100 174.85331350082635,-36.93365399925185,100 174.853314743596,-36.9336539014389,100 174.85333690891687,-36.933655609574664,100 174.85334696961246,-36.933657357028665,100 174.85336874640979,-36.93366133443953,100 174.85337687448535,-36.93366260371262,100 174.85339909559272,-36.93366443624953,100 174.8534004647902,-36.93366455187788,100 174.8534226271912,-36.93366678821714,100 174.85342314793544,-36.93366687202323,100 174.8534283112736,-36.93366783605612,100 174.85344487535932,-36.93367094302678,100 174.85345642686207,-36.93367346937572,100 174.8534575870848,-36.93365601160824,100 174.85349250097468,-36.93367851697827,100 174.85350608120663,-36.93368706492396,100 174.85351402655718,-36.93369186841491,100 174.85353476907628,-36.933703762017366,100 174.85354150193362,-36.933707827324675,100 174.8535483126262,-36.933712232115795,100 174.85356490824967,-36.93372359287302,100 174.85357147128263,-36.933727785211936,100 174.8535780189547,-36.93373143609648,100 174.85358127778218,-36.93373298957404,100 174.8535942521828,-36.93373831122532,100 174.8536006606604,-36.93374122159324,100 174.853603870122,-36.93374291554553,100 174.85360705308167,-36.93374485957733,100 174.85361359144088,-36.93374942364322,100 174.8536169094508,-36.93375193700381,100 174.8536267962309,-36.933760130691134,100 174.85363575447766,-36.933768509222965,100 174.8536407213146,-36.93377382879216,100 174.85364290132543,-36.93377645455656,100 174.85364677652962,-36.933781668587876,100 174.85365182883623,-36.93378954296797,100 174.85366159151693,-36.93380605417506,100 174.85366910125418,-36.93382040493623,100 174.8536741627078,-36.93383120576099,100 174.8536823102518,-36.93385135287225,100 174.85370350709306,-36.93386471030674,100 174.8537152249019,-36.933863764849995,100 174.85371536735693,-36.933856112215416,100 174.85371153251467,-36.933838151078206,100 174.85371003583126,-36.933833282976806,100 174.8537047199517,-36.933815548659844,100 174.85370376060476,-36.933812654173785,100 174.85369803099198,-36.933794989408106,100 174.853696129146,-36.93378980315638,100 174.853688921859,-36.93377250396142,100 174.8536875450011,-36.933769523157295,100 174.85367889561877,-36.93375262142488,100 174.8536706431414,-36.93373565040292,100 174.85367031049728,-36.9337348498153,100 174.85366477057326,-36.93371718208627,100 174.8536598677071,-36.933699347581566,100 174.85365956465176,-36.93369837798499,100 174.85365457049207,-36.93368038987806,100 174.85364710849387,-36.93366323526252,100 174.85364604183178,-36.93366151867486,100 174.85363381881982,-36.933646149993116,100 174.85363372901713,-36.93364601169034,100 174.85362970754423,-36.93362817784541,100 174.85362842797073,-36.93361910890237,100 174.85362137560782,-36.93360176131654,100 174.85361762469012,-36.933591480822244,100 174.8536151860086,-36.93357335637756,100 174.85361417180053,-36.93356643564566,100 174.85360890761334,-36.933548701417536,100 174.8536074491181,-36.93354397242305,100 174.85360352713639,-36.93352598109513,100 174.8536007993024,-36.93351450570098,100 174.85359443416564,-36.93349697613376,100 174.8535899891686,-36.93348464695554,100 174.8535852228903,-36.933466794992015,100 174.8535824402858,-36.93345259485811,100 174.85357913521963,-36.93343439290383,100 174.8535789989572,-36.93342607944502,100 174.85358336772023,-36.933408332737734,100 174.85359088305907,-36.93339116783366,100 174.85359853604834,-36.933373984556475,100 174.85360127965424,-36.933367293583316,100 174.85360609360885,-36.933349385799346,100 174.8536084422113,-36.9333433986148,100 174.85362030534827,-36.93332783057424,100 174.85362437333572,-36.933322140121824,100 174.85363108657546,-36.93330472545262,100 174.8536328945893,-36.933298623225944,100 174.85363910204137,-36.93328104700398,100 174.85364479513476,-36.933263696931206,100 174.853649959605,-36.93324593779919,100 174.8536514856127,-36.933240893618816,100 174.85365760588584,-36.933223334079294,100 174.85366051657388,-36.93321445659593,100 174.85366495040864,-36.93319657006616,100 174.8536688283372,-36.93317858495762,100 174.85366919973484,-36.93317695317668,100 174.85367378956911,-36.93315906421112,100 174.8536759206259,-36.933150122286406,100 174.85367920785387,-36.93313203914212,100 174.8536812745726,-36.933123268571364,100 174.85368741127263,-36.93310569254995,100 174.85368744460237,-36.93310563164112,100 174.8536941739035,-36.933088186072524,100 174.8536964282544,-36.933083221554156,100 174.85370540553993,-36.93306643490678,100 174.8537086643519,-36.93306154664134,100 174.85372138789606,-36.93304641401592,100 174.85372317180003,-36.933043951697854,100 174.85373162757125,-36.93302704970947,100 174.8537445100768,-36.933012037179545,100 174.85374684689216,-36.93300955000515,100 174.85374134163084,-36.93297630240495,100 174.8537417823314,-36.93294550640363,100 174.85373869010093,-36.93292751654545,100 174.85373695097377,-36.93291546689855,100 174.85373522271342,-36.932897377330725,100 174.8537345127369,-36.93287923941766,100 174.8537345071973,-36.9328744688127,100 174.8537348356965,-36.93285632820657,100 174.85373595989077,-36.93283822024392,100 174.8537385803225,-36.93280549743779,100 174.85374174157036,-36.93277104556654,100 174.8537435950327,-36.93276139773331,100 174.8537492256337,-36.93274494634617,100 174.85375179008224,-36.932726968220756,100 174.8537527250634,-36.93271018004157,100 174.85375471565237,-36.93269210361808,100 174.85375734742487,-36.93267407757267,100 174.85376152450368,-36.932655002599475,100 174.8537666045968,-36.93263408745173,100 174.8537695135559,-36.9326160561771,100 174.8537737561248,-36.93259750655235,100 174.85378358621284,-36.93257375109085,100 174.85378942958906,-36.932556212090596,100 174.8537934708492,-36.932543024862206,100 174.85379950540786,-36.93252549910035,100 174.85380194205683,-36.932516335183465,100 174.8538035342087,-36.932498264979486,100 174.85380448227048,-36.93248192455175,100 174.85380779039335,-36.93246396455753,100 174.8538111501217,-36.932451193563416,100 174.85381685656088,-36.93243365669965,100 174.85382758886524,-36.932402931654586,100 174.8538455507231,-36.9323696214104,100 174.85386324688486,-36.93233609629088,100 174.8538798862542,-36.93230246689174,100 174.8538958271614,-36.9322686014337,100 174.85391126264872,-36.93223458973902,100 174.85395123640717,-36.93214412373142,100 174.85395959477086,-36.932109350953944,100 174.85397880009322,-36.93203644877745,100 174.85398906325463,-36.93200110095682,100 174.85400082355108,-36.93196614616888,100 174.8540146578109,-36.93193175927592,100 174.85403026330243,-36.93189633524498,100 174.85404801619933,-36.93186298136423,100 174.85406552293583,-36.9318359649071,100 174.85409099605857,-36.93180610116207,100 174.85411766030077,-36.931776790249614,100 174.85413180531,-36.931759217140176,100 174.85415262942652,-36.93172690858827,100 174.85416931567482,-36.93169309274441,100 174.85418034058233,-36.931661664574015,100 174.85418714295182,-36.9316262536069,100 174.85418980823104,-36.93159006180412,100 174.8541912030591,-36.93155356536465,100 174.85419287704104,-36.93152947034808,100 174.85419672963775,-36.93149307162769,100 174.85420352145664,-36.93145727235441,100 174.85420958379174,-36.93143816612149,100 174.85422433214023,-36.93140370183683,100 174.8542451374147,-36.93137131604922,100 174.8542594922253,-36.93135448233696,100 174.85428725009916,-36.93132536972428,100 174.85432157275432,-36.931301780630065,100 174.85432580426277,-36.9312996478181,100 174.85434803966308,-36.931290375687844,100 174.85435125520866,-36.93128903477873,100 174.85438626378917,-36.9313021394494,100 174.8544303780542,-36.931305901214756,100 174.8544763450044,-36.9313012850918,100 174.8544817560998,-36.93130057235966,100 174.85452677829497,-36.931293617623496,100 174.85457144733704,-36.9312864061018,100 174.8546113082312,-36.93128435671888,100 174.85465662419352,-36.93128970938969,100 174.85470003658818,-36.93130212658701,100 174.85473939844803,-36.931341606108305,100 174.85477659934512,-36.931340980846,100 174.85482117409575,-36.931363878427796,100 174.85483939026423,-36.931375086613706,100 174.85486208759514,-36.931390895439804,100 174.8549091053543,-36.93142175585021,100 174.85494337299966,-36.93144532454763,100 174.85497557139666,-36.931470418148805,100 174.85500349302364,-36.931497906667204,100 174.85502917108613,-36.93152755644549,100 174.85505332255715,-36.93155828371197,100 174.85507703379787,-36.93158937567539,100 174.8551013749993,-36.93162010086844,100 174.85510623515228,-36.9316252823405,100 174.8551338393853,-36.93165384565297,100 174.85516227779922,-36.9316818983963,100 174.85519137908017,-36.93170955230637,100 174.85522095807514,-36.93173690401299,100 174.85531083347402,-36.93181830406457,100 174.85533762912124,-36.931847685742156,100 174.85536408220136,-36.9318778019347,100 174.8554163629529,-36.931938631734795,100 174.8554426473897,-36.93196892089352,100 174.8554693182353,-36.93199880021606,100 174.8554966482214,-36.93202808066947,100 174.85552485537875,-36.93205653982519,100 174.85555415855453,-36.93208394262314,100 174.85558481137926,-36.932110099426836,100 174.85561706815488,-36.932134755693895,100 174.85565111147832,-36.93215770937748,100 174.85566444577378,-36.93216546956232,100 174.85568721439444,-36.93217873808918,100 174.85629898598617,-36.93201015454819,100 174.8563243421256,-36.93198239854941,100 174.85632664761044,-36.93198195691155,100 174.8563566032217,-36.93199107322995,100 174.85636886208567,-36.93199481133095,100 174.85637677358395,-36.932001598065966,100 174.85639633703911,-36.93203468162643,100 174.85641417462742,-36.93205761986209,100 174.85644003254126,-36.93208678520645,100 174.85646838999773,-36.93211439003515,100 174.85649908610785,-36.932140188998815,100 174.856514411417,-36.93215194235339,100 174.8565480566158,-36.93217485693496,100 174.85654810130396,-36.932174894091695,100 174.8565836701324,-36.93219634278178,100 174.85662022964863,-36.93221697559748,100 174.8566570256282,-36.93223740461093,100 174.85675710155303,-36.93229597041277,100 174.85679272714296,-36.932317255011746,100 174.85681349604374,-36.932330092213036,100 174.85681353157875,-36.93233012230223,100 174.8568278978804,-36.93233899557038,100 174.85686234377638,-36.932361447779684,100 174.85687636595486,-36.93237034354842,100 174.85691082012877,-36.932393089444226,100 174.85694381806388,-36.9324169892612,100 174.8569744927372,-36.93244263340536,100 174.856999877411,-36.93246838370915,100 174.85702675314525,-36.93249681915529,100 174.85703390343818,-36.93250355555863,100 174.85706379978706,-36.93252983376261,100 174.8570950382757,-36.93255520496907,100 174.85712697179568,-36.93258006866864,100 174.8571270570579,-36.93258325800944,100 174.85712727523537,-36.93259141515227,100 174.85713887505426,-36.93259121569613,100 174.85714084575332,-36.93259118126755,100 174.85714704346003,-36.932595953263274,100 174.85714707862357,-36.93259596803573,100 174.85714820922868,-36.93259684716593,100 174.85715040659676,-36.93259819542271,100 174.85715738740257,-36.93260248107497,100 174.85716284156248,-36.932605298018416,100 174.85716516400743,-36.93260967185393,100 174.85716664758107,-36.932612465275675,100 174.85717942150612,-36.93261803663243,100 174.85719099722837,-36.932623413116204,100 174.85719280749717,-36.93262384627741,100 174.85719548866976,-36.932624496554595,100 174.8571977392813,-36.93262521665867,100 174.85720449032812,-36.93263062894704,100 174.85720761288263,-36.93263424577621,100 174.8572112183001,-36.932637125884405,100 174.85721301181022,-36.93263821006077,100 174.85721661298044,-36.932639666148965,100 174.85721840649072,-36.932640750325255,100 174.8572201969224,-36.932641106282766,100 174.85722290696467,-36.93264220586663,100 174.85722695581228,-36.93264290956018,100 174.85723142934197,-36.93264399507999,100 174.85723503831628,-36.93264507880023,100 174.8572426738287,-36.932647982396986,100 174.85725254555962,-36.93264976402245,100 174.85726377833143,-36.932652667232205,100 174.85726917580388,-36.93265337957287,100 174.85727277308402,-36.93265338008772,100 174.8572750139151,-36.93265374342041,100 174.8572799663748,-36.93265591925524,100 174.85728355851555,-36.93265700323729,100 174.85728535090485,-36.93265808743008,100 174.85728804530538,-36.93265988397778,100 174.85728939855017,-36.93266133196249,100 174.85729042266678,-36.93266180175489,100 174.85729255042438,-36.93266277975382,100 174.85729432597918,-36.9326638642098,100 174.8572979314231,-36.9326667452162,100 174.85730061643574,-36.93266820121134,100 174.85730690843465,-36.93267324933021,100 174.85730962199995,-36.93267578916696,100 174.85731052559697,-36.932677214441355,100 174.85731186086358,-36.93267866180571,100 174.85731679330937,-36.93268264960603,100 174.85731950454624,-36.93268444588963,100 174.85735274948703,-36.932713700976024,100 174.85735544152374,-36.93271803657865,100 174.85735635527632,-36.93271983393913,100 174.85735858631827,-36.93272307804331,100 174.85736173073445,-36.932728150158674,100 174.85736442903286,-36.932731402276026,100 174.85736982833865,-36.93273861941257,100 174.8573716175506,-36.932741515307676,100 174.85737298838376,-36.93274294769381,100 174.85737611559526,-36.93274800475546,100 174.85737701330572,-36.93275052883093,100 174.85737927329643,-36.93275487299402,100 174.85738061516804,-36.93275848883108,100 174.85738241682816,-36.93276245259592,100 174.8573873696324,-36.932771117927444,100 174.85739319321127,-36.93277869976995,100 174.8573972279271,-36.93278340013316,100 174.85739950548341,-36.93278772779727,100 174.85740354215824,-36.932793156396485,100 174.85740578847472,-36.93279568821763,100 174.85740938255336,-36.93280073707375,100 174.85741163823744,-36.93280360854603,100 174.85741297504603,-36.93280507301013,100 174.85741386106127,-36.93280651388116,100 174.85741476584772,-36.93280868182406,100 174.85741791613756,-36.932812654235065,100 174.85741926583654,-36.93281589860518,100 174.8574197115849,-36.93281770328618,100 174.85742106677145,-36.93281987860447,100 174.85742465997544,-36.93283071935842,100 174.85742510647452,-36.93283250870522,100 174.85742690386525,-36.93283504754859,100 174.85743455623293,-36.932841188411665,100 174.85743633802613,-36.932844426022164,100 174.85743902885213,-36.93285130156241,100 174.85744173143217,-36.932855978598354,100 174.85744577518756,-36.932861051063675,100 174.85744713308475,-36.932863939283635,100 174.85744848631438,-36.932865386365336,100 174.85744939112442,-36.932867555208894,100 174.85744981453018,-36.93287042830391,100 174.85745028528865,-36.93287187567067,100 174.85745476576264,-36.932878380712474,100 174.8574565682924,-36.9328798360879,100 174.85745747185098,-36.93288125955903,100 174.85745882512484,-36.932882708442555,100 174.8574610617067,-36.93288488529465,100 174.85746330719144,-36.9328866888608,100 174.85746511950452,-36.932888501005905,100 174.8574668982191,-36.9328910103972,100 174.85746825184327,-36.932892473696256,100 174.85746915579585,-36.9328939133849,100 174.85747140211367,-36.932899682747376,100 174.8574772280198,-36.93290800723695,100 174.85747947546452,-36.932910539038964,100 174.85748127725194,-36.93291196378071,100 174.85748263050496,-36.932913411762954,100 174.85748936674358,-36.932919553434125,100 174.8574934166987,-36.93292353970971,100 174.85749790622174,-36.93292713334348,100 174.85749970363904,-36.93292967308657,100 174.85750150542728,-36.93293109782798,100 174.8575032930835,-36.93293328170218,100 174.85750599763207,-36.9329354494299,100 174.85750779271885,-36.932937245620025,100 174.8575091377989,-36.93293905065266,100 174.8575113903599,-36.932940498085614,100 174.85751588219398,-36.93294483437049,100 174.85751948649357,-36.93294771358504,100 174.85752083974796,-36.93294916156679,100 174.85752306732263,-36.93295096721457,100 174.8575253199061,-36.93295241554823,100 174.85752711499376,-36.93295421173804,100 174.8575289175267,-36.93295566711225,100 174.85753521582274,-36.93295963173278,100 174.8575365511205,-36.93296107999525,100 174.85753835477612,-36.93296253535178,100 174.85755221670658,-36.932971944593085,100 174.85755225189226,-36.9329719602664,100 174.85755270981673,-36.93297227757779,100 174.85755409478907,-36.93297295082879,100 174.8575541823232,-36.93297299542671,100 174.85756082395852,-36.93297625705257,100 174.85756228076082,-36.93297706798305,100 174.85756235111023,-36.9329770984287,100 174.85756665231204,-36.93297950165784,100 174.8575765400836,-36.93298383824782,100 174.85757968490333,-36.93298564216312,100 174.85758418185713,-36.93298889407684,100 174.85759765908276,-36.93299683927781,100 174.8576007976682,-36.9329997275784,100 174.85760260765534,-36.93300079616842,100 174.8576057481794,-36.93300441180405,100 174.85760798393113,-36.933005860399405,100 174.8576098033235,-36.933007316409906,100 174.85761427952463,-36.93300911211351,100 174.857617884997,-36.93301199310924,100 174.85761950199452,-36.933013621734254,100 174.85761967933774,-36.933013804631734,100 174.85762147286246,-36.93301488880145,100 174.85762183835385,-36.93301495969559,100 174.8576232633265,-36.93301524565354,100 174.85762956905512,-36.933018868552224,100 174.85763225679727,-36.93302103744121,100 174.85763450593026,-36.93302174223745,100 174.85763719365082,-36.93302391022534,100 174.85763944315576,-36.93302463033811,100 174.85764258835044,-36.93302644956826,100 174.85764458101596,-36.93302690330312,100 174.8576457371853,-36.93302717003193,100 174.85764889064802,-36.93302932983163,100 174.85765158350335,-36.93303041435185,100 174.85765651720249,-36.933031862197105,100 174.8576601183994,-36.93303331827101,100 174.8576632601619,-36.93303439486637,100 174.85766641009772,-36.933035114410934,100 174.8576713528309,-36.93303693435951,100 174.85767719718993,-36.93303945044198,100 174.85767942986084,-36.93304017081736,100 174.85768754207717,-36.933043422947904,100 174.85769247465544,-36.93304487080919,100 174.85769740994536,-36.933047031572194,100 174.85769921871758,-36.933047402557804,100 174.85770145138892,-36.93304812293274,100 174.85770684184197,-36.933049192285736,100 174.85771223971764,-36.93304991992195,100 174.85773875246988,-36.933049926926564,100 174.8577445753675,-36.93305100393295,100 174.85775178789928,-36.93305100375077,100 174.85775582114908,-36.93305245125919,100 174.85775806164384,-36.933052800166685,100 174.85776119401777,-36.93305353620724,100 174.8577630121811,-36.933054247744025,100 174.85776480301845,-36.93305461991056,100 174.8577674958762,-36.933055704428064,100 174.85776974844538,-36.933057151855856,100 174.857772432715,-36.93305857630538,100 174.85777782585328,-36.93306040362345,100 174.85778007807278,-36.9330618366354,100 174.85778187867302,-36.933062564670436,100 174.8577836757311,-36.93306508909218,100 174.85778501099162,-36.933066535549706,100 174.8577859205098,-36.93307014642928,100 174.8577868361732,-36.9330726693191,100 174.85778725847075,-36.93307554243,100 174.85778726896504,-36.93307916557332,100 174.85778682360984,-36.93308061465393,100 174.8577836857334,-36.93308423027447,100 174.85778053417044,-36.93308603355399,100 174.85777739082368,-36.93308748158468,100 174.85777560393095,-36.93308856679151,100 174.85777290085093,-36.93308965101074,100 174.85776480694227,-36.93308965056328,100 174.85776481086563,-36.93309110703547,100 174.8577643569216,-36.93309289604814,100 174.85776255864118,-36.93309614820691,100 174.85776076463196,-36.93309758774373,100 174.85775851085242,-36.93309868025528,100 174.8577567388105,-36.93309903606138,100 174.8577531282046,-36.93310047607976,100 174.8577486370862,-36.93310264462151,100 174.85774369703833,-36.93310482018705,100 174.85774190778946,-36.93310516093969,100 174.85773920704167,-36.933106988710904,100 174.8577369528678,-36.933108065004454,100 174.8577351659521,-36.93310914930973,100 174.85773067324314,-36.93311060493136,100 174.85772707242046,-36.933112401718724,100 174.85772437601764,-36.93311311358711,100 174.85772124123534,-36.93311422078327,100 174.8577140517358,-36.933119609597306,100 174.8577113490475,-36.933120710032775,100 174.85770776701986,-36.93312323479229,100 174.85770507101017,-36.933123962877865,100 174.85770281879644,-36.93312576740689,100 174.85769920818822,-36.933127207423695,100 174.85769697904294,-36.93312792730338,100 174.85769113613847,-36.93313189980398,100 174.85768935739463,-36.933132627057894,100 174.85768753568567,-36.93313371190683,100 174.8576857558194,-36.93313443917824,100 174.8576839520675,-36.93313552374617,100 174.85767990081894,-36.9331373122568,100 174.85767812246857,-36.93313805572815,100 174.85767093260876,-36.93314019258165,100 174.8576682119619,-36.933141293297126,100 174.8576664250226,-36.933142376700445,100 174.85766463103232,-36.93314381713686,100 174.85766058601496,-36.93314780477086,100 174.85765787938607,-36.93315068537435,100 174.857656104191,-36.93315285378339,100 174.8576475453354,-36.93316006305263,100 174.85764577051165,-36.93316224677816,100 174.85764306899398,-36.93316404301305,100 174.85763633029805,-36.93316621877331,100 174.85763273848193,-36.933168386760904,100 174.85763139377,-36.93316983458898,100 174.85762959940658,-36.93317125970828,100 174.8576278027259,-36.933171988143236,100 174.85762375735214,-36.933172723817954,100 174.85762015456356,-36.93317379236609,100 174.8576156696938,-36.93317487741814,100 174.8576026259374,-36.93317993329277,100 174.85759770579756,-36.933182836807646,100 174.857593197813,-36.93318500470615,100 174.85758827265192,-36.93318645266693,100 174.85758556807156,-36.93318752158298,100 174.85757837030854,-36.93318933317795,100 174.85757659121228,-36.93319004601458,100 174.8575747863133,-36.9331911296975,100 174.85757255716493,-36.93319184957493,100 174.85756894339755,-36.93319510219236,100 174.85755951881671,-36.933201614758815,100 174.85755772370072,-36.933203055211266,100 174.85755410953848,-36.93320629161065,100 174.85755053959468,-36.933209915787224,100 174.85754827873546,-36.9332113644271,100 174.85754152511316,-36.93321750442221,100 174.85753975500506,-36.93321858756032,100 174.85753615260677,-36.933219672323595,100 174.8575316513198,-36.933221468771066,100 174.85752761021817,-36.933223629363106,100 174.8575244668608,-36.93322507738735,100 174.8575199752631,-36.93322653298374,100 174.85751594123428,-36.93322833744322,100 174.85751235760753,-36.93323014927759,100 174.85750920215705,-36.93323049787986,100 174.8575074050801,-36.933231210095435,100 174.85750559973584,-36.93323158174125,100 174.85750336902004,-36.93323158959888,100 174.85749931350858,-36.93323195408406,100 174.85749481175492,-36.93323303759308,100 174.85748942754745,-36.933234122288425,100 174.8574853895993,-36.933234470274584,100 174.85747009670746,-36.9332388222372,100 174.857466068542,-36.93323952699252,100 174.85746158364415,-36.93324061113793,100 174.8574588794318,-36.93324169536781,100 174.85745664012592,-36.9332420431567,100 174.8574503498829,-36.93324349894675,100 174.85744539151,-36.933245660365564,100 174.85744044168277,-36.9332474800501,100 174.8574373178449,-36.93324963980975,100 174.8574274311239,-36.93325506088588,100 174.8574242873696,-36.93325649268996,100 174.85742115257685,-36.933257599878445,100 174.85741800884418,-36.93325903258333,100 174.85741487218533,-36.93326010915597,100 174.857412618374,-36.9332612007602,100 174.8574081201622,-36.933263725421725,100 174.8574018135457,-36.93326589440973,100 174.85739687504164,-36.93326878197991,100 174.85739240186007,-36.93327095022777,100 174.8573834155663,-36.93327637073467,100 174.85738160361026,-36.93327781144793,100 174.85738072463488,-36.93327925108642,100 174.85737622321932,-36.933283586549386,100 174.85737216919102,-36.93328720387203,100 174.85736812490129,-36.93329117616241,100 174.85736004851088,-36.93329768024224,100 174.8573555518813,-36.93330091782143,100 174.85735062350565,-36.93330417657524,100 174.8573474730892,-36.93330598162814,100 174.8573456760089,-36.93330669384134,100 174.85734388908287,-36.93330777814098,100 174.85733983858233,-36.93330959817467,100 174.85733490007303,-36.933312485742384,100 174.85733085739685,-36.9333139343094,100 174.857316940881,-36.9333193463069,100 174.85730928953637,-36.933322963114875,100 174.8573048073173,-36.933324759255584,100 174.85730210505702,-36.93332657171821,100 174.85729805418268,-36.93332837643389,100 174.85729356609525,-36.93333127227674,100 174.85728951203865,-36.933334888695754,100 174.85728726761195,-36.933336320849925,100 174.85727828798377,-36.933341368999436,100 174.85727470593125,-36.93334389374648,100 174.85726616574058,-36.93335113424295,100 174.8572639216847,-36.93335258171334,100 174.8572580670229,-36.93335547008852,100 174.8572535852635,-36.933357979164484,100 174.85724775049314,-36.93336159459352,100 174.85723965067282,-36.93336593135643,100 174.85722934002354,-36.933371003025755,100 174.85722663692545,-36.93337208723298,100 174.85722213832912,-36.93337459657114,100 174.85721900201247,-36.93337568755444,100 174.85721674821673,-36.93337678005608,100 174.85721404670306,-36.93337857718262,100 174.85721180460195,-36.93338075288828,100 174.85720685083294,-36.93338435363381,100 174.85719742617556,-36.933390865271846,100 174.8571947395395,-36.93339193389843,100 174.85718843327777,-36.93339411819213,100 174.8571862056823,-36.93339555008118,100 174.85718350258273,-36.933396634287455,100 174.85717092052798,-36.93340276718199,100 174.85716911407744,-36.93340313974136,100 174.8571659875187,-36.933404586592175,100 174.857161054888,-36.93340637535134,100 174.85715699620215,-36.933408552429746,100 174.85715249443282,-36.93340963592619,100 174.8571466452751,-36.93341145614527,100 174.85714261195608,-36.93341324435737,100 174.8570399080691,-36.933466679322244,100 174.85703580944175,-36.9334699404083,100 174.85702722303608,-36.93347934928608,100 174.85702360804223,-36.93348190518576,100 174.8570131906595,-36.9334862349166,100 174.8570104813326,-36.93348840440608,100 174.85700096352195,-36.93349528882963,100 174.8569978201431,-36.93349673684046,100 174.85699373639272,-36.93349926942559,100 174.85699193930446,-36.93349998163364,100 174.8569887638381,-36.93350214309044,100 174.85698378578275,-36.933506131774394,100 174.8569815092508,-36.93350832333671,100 174.85697972192125,-36.9335093914135,100 174.85697834279222,-36.93351085599635,100 174.8569765476579,-36.93351229644044,100 174.85697472935604,-36.93351412391326,100 174.85697246221088,-36.933516656027706,100 174.85696838006308,-36.933519902432614,100 174.85696431107846,-36.933524246439674,100 174.85696069764103,-36.93352751435619,100 174.85695526915663,-36.93353149476097,100 174.85695255079634,-36.93353329214512,100 174.85695028085382,-36.93353765218052,100 174.8569471084986,-36.93354128364106,100 174.85694438228919,-36.93354345159044,100 174.8569430297746,-36.93354527267953,100 174.85693215867056,-36.9335539466527,100 174.85692538389029,-36.933558662858154,100 174.85692177203177,-36.933562643693186,100 174.8569199584562,-36.933563370579144,100 174.85691813867962,-36.93356518365305,100 174.85691496208614,-36.93356734512555,100 174.85691179562292,-36.933569877783526,100 174.85691044418573,-36.93357169705275,100 174.8569072867303,-36.933574600913715,100 174.85690410538527,-36.93357786207105,100 174.8568995844295,-36.933581486680104,100 174.85689732510681,-36.93358364732682,100 174.85689595959715,-36.933586922448306,100 174.856895046983,-36.93358836441198,100 174.8568927798112,-36.93359089562403,100 174.8568909634591,-36.93359345133194,100 174.85688825603478,-36.93359634725309,100 174.85688462929116,-36.93360105658666,100 174.85688236016512,-36.933602859562235,100 174.85687240476705,-36.933614105998885,100 174.85687057481417,-36.933615546084596,100 174.85686968050635,-36.93361700218292,100 174.85686741142322,-36.93361880696018,100 174.85686425361442,-36.93362169640442,100 174.85685927037795,-36.93362676765,100 174.85685518257927,-36.9336336680921,100 174.85685382100945,-36.933635116175175,100 174.85685201611136,-36.93363620074858,100 174.8568515707136,-36.933637648925156,100 174.85684839947197,-36.93364128036569,100 174.85684250836906,-36.933646693888846,100 174.85684024160923,-36.93364924221854,100 174.85683796467544,-36.93365141756068,100 174.8568343570859,-36.93365687018247,100 174.85683162576757,-36.93366012339888,100 174.85682844827815,-36.93366483922497,100 174.85682120658353,-36.9336728011703,100 174.85681940629692,-36.93367532507968,100 174.85681757785747,-36.93367678136469,100 174.85681622531573,-36.93367860155146,100 174.85680988635949,-36.93368730558665,100 174.85680533287254,-36.93369491093152,100 174.85680351026892,-36.93369855102423,100 174.85680033844213,-36.933711227222204,100 174.85679940933957,-36.93371268386415,100 174.85679805553463,-36.93371704308984,100 174.85679622654396,-36.93372430659006,100 174.85679487238883,-36.93372865140007,100 174.8567921257521,-36.93373590040817,100 174.85678940844264,-36.93374098038088,100 174.85678894508587,-36.933742428838066,100 174.8567857836171,-36.93374641704699,100 174.8567826112675,-36.93375004940444,100 174.85677990688674,-36.933753672641096,100 174.8567767242881,-36.93375947373538,100 174.85677670313723,-36.93376128572001,100 174.85677580255756,-36.933763825302755,100 174.85677576404228,-36.93377144566712,100 174.85677484733904,-36.933777253689506,100 174.8567744019391,-36.93377870186583,100 174.8567744054507,-36.93378014212081,100 174.8567730266628,-36.93378162111711,100 174.85677348091977,-36.93378632160957,100 174.85677302061546,-36.93378849738446,100 174.85677209502308,-36.93379139428118,100 174.85677119958908,-36.933792850396394,100 174.85676937215334,-36.93380082591491,100 174.85676892395304,-36.93380410201264,100 174.8567679933111,-36.933805541553305,100 174.8567670931461,-36.93380809825459,100 174.85676619024144,-36.93380989428435,100 174.85676301901069,-36.93381352662378,100 174.85676074280283,-36.933818971041944,100 174.85675802387541,-36.933826575637454,100 174.85675665518377,-36.93383166336228,100 174.85675708990206,-36.93383565121592,100 174.85675708710167,-36.93383747913733,100 174.85675753477204,-36.93384001115612,100 174.85675660635627,-36.933844735073144,100 174.8567565921627,-36.933848730848084,100 174.85675748318408,-36.93385162727782,100 174.8567583659229,-36.93385816156589,100 174.8567592644149,-36.933860718081014,100 174.85676062267754,-36.933863621625214,100 174.85676104375509,-36.933865798038305,100 174.85676104763814,-36.93386725360989,100 174.8567623945299,-36.93387232590858,100 174.8567623753313,-36.93387486612946,100 174.85676282837923,-36.93387886901886,100 174.85676238297856,-36.93388031719515,100 174.856762820083,-36.93388176599208,100 174.85676281688924,-36.93388357769587,100 174.856763273131,-36.93388576888149,100 174.85676416815517,-36.93388758096021,100 174.8567641519877,-36.93389084759787,100 174.85676640531915,-36.93389556502264,100 174.85676729864386,-36.93389920410419,100 174.85676772667992,-36.93390356430753,100 174.85676861143395,-36.933907544222166,100 174.85676906611704,-36.933909023389084,100 174.8567713222056,-36.933911911090405,100 174.8567753631546,-36.93391881059778,100 174.85677670972998,-36.933920630937514,100 174.85677896031606,-36.933924633657945,100 174.85677939739924,-36.93392608155383,100 174.85678299263054,-36.933931177278545,100 174.85678705277937,-36.93393553656462,100 174.8567879478047,-36.93393734864312,100 174.85678975257642,-36.93394208840442,100 174.85679063537935,-36.93394534008256,100 174.856791531877,-36.933947166559115,100 174.85679332468422,-36.93394826697608,100 174.85679649453917,-36.933949713597286,100 174.85679830493217,-36.9339507984167,100 174.856801021721,-36.933951526560044,100 174.8568014522899,-36.93395145673431,100 174.85680326102914,-36.93395117788191,100 174.8568059918695,-36.93395044927178,100 174.85680778805013,-36.933955528964894,100 174.85680956914638,-36.93395554527642,100 174.8568113889345,-36.93395373220396,100 174.8568127583378,-36.93395191265489,100 174.85681279987563,-36.93393340519558,100 174.85681326211062,-36.93393195675588,100 174.85681281406605,-36.93392940942077,100 174.85681283962612,-36.93392324489151,100 174.85681327650713,-36.93391890090616,100 174.8568128504213,-36.933915268939316,100 174.85681286228714,-36.9339105296116,100 174.85681332408492,-36.93390836913568,100 174.85681468566017,-36.93390692105298,100 174.85681650314422,-36.93390436532854,100 174.85681675524697,-36.93390411262168,100 174.85681832218032,-36.93390256759019,100 174.85681921763643,-36.93390111237561,100 174.85682462891015,-36.933900400433444,100 174.85682961589,-36.933899322881025,100 174.8568336722717,-36.933899686671516,100 174.85683548068897,-36.93390004235317,100 174.8568372793477,-36.93390004216588,100 174.85683908853022,-36.933900429381715,100 174.8568408820657,-36.93390151356282,100 174.85684312683844,-36.933903333375135,100 174.85684448009803,-36.93390478136426,100 174.85684492658373,-36.9339066166806,100 174.85684628372817,-36.933909520241244,100 174.8568467309646,-36.933911340223375,100 174.85684807832877,-36.9339138870141,100 174.85684896630062,-36.93391605612528,100 174.85684987451123,-36.93391896670655,100 174.8568534743823,-36.93392550266635,100 174.8568547986884,-36.93392913500723,100 174.85685615194868,-36.9339305829962,100 174.85685751729278,-36.933933130406956,100 174.85686063177192,-36.933945481164024,100 174.85686153805176,-36.93394766440991,100 174.85686242515828,-36.93395238877752,100 174.8568624219451,-36.933954199580235,100 174.85686420802108,-36.93395890898782,100 174.85686464743122,-36.933961100436214,100 174.85686555135132,-36.933965823639525,100 174.85686552815568,-36.933969448211165,100 174.85686598095347,-36.93397089586094,100 174.85686597494274,-36.93397453458494,100 174.85686551160805,-36.93397598394336,100 174.85686549886506,-36.93398323165908,100 174.85686413618905,-36.93398468066089,100 174.8568636700128,-36.93398795613863,100 174.85686322461353,-36.933989404315234,100 174.8568632233758,-36.93399194425516,100 174.8568659204902,-36.933994498779555,100 174.85686726307597,-36.93399749630488,100 174.85894360292156,-36.93381114521722,100 174.85896177110845,-36.93380951510051,100 174.85894544426327,-36.93380564627765,100 174.8589445765586,-36.933804221355864,100 174.8589424232537,-36.93380131586383,100 174.85894112977368,-36.93379951094175,100 174.85893985971668,-36.93379663668739,100 174.85893857488273,-36.93379518765132,100 174.85893683879252,-36.93379300299245,100 174.85893510307451,-36.933790833650185,100 174.85893468428122,-36.933789400798794,100 174.85893297319348,-36.933786858825705,100 174.85893212854023,-36.93378434925493,100 174.85893082527065,-36.93378218756327,100 174.85892911422698,-36.93377964739206,100 174.8589273781155,-36.933777461832065,100 174.85892607644715,-36.93377601305939,100 174.85892523339518,-36.93377421640764,100 174.8589235043508,-36.93377167471554,100 174.85892265350378,-36.93377025043097,100 174.85892090213676,-36.93376877715252,100 174.85891914299654,-36.93376767714224,100 174.85891696701455,-36.933765871615186,100 174.85891477345353,-36.933764035718404,100 174.85891347328007,-36.93376260224463,100 174.8589117540263,-36.933760417321785,100 174.85891044371274,-36.93375861266288,100 174.85890827442603,-36.933756435686966,100 174.85890652308152,-36.93375496330927,100 174.85890303799368,-36.93375204982444,100 174.85890174291478,-36.933749531982784,100 174.85889958963497,-36.93374662739084,100 174.8588983043243,-36.93374446541762,100 174.8588948325208,-36.93374011141514,100 174.85889226119355,-36.933735804604694,100 174.85888880622574,-36.93373145033846,100 174.85888749549738,-36.93372962856069,100 174.85888575980417,-36.933727460118575,100 174.85888400773237,-36.93372600397567,100 174.8588822821794,-36.933724206718594,100 174.8588801065558,-36.93372236963901,100 174.8588788048893,-36.93372092086576,100 174.85887793529847,-36.93371946442677,100 174.85887665001076,-36.93371730335425,100 174.85887404705016,-36.93371442112428,100 174.85887189217206,-36.93371080361267,100 174.858869313014,-36.93370682139949,100 174.85886803637234,-36.933705016212926,100 174.8588663237103,-36.93370176222061,100 174.8588633179441,-36.93369671862182,100 174.85886289875873,-36.9336952695525,100 174.8588615971149,-36.93369382168002,100 174.85886029544923,-36.93369237290653,100 174.85885855229657,-36.93369054437843,100 174.858857708103,-36.93368874684269,100 174.8588564126546,-36.93368621368382,100 174.85885471722244,-36.93368297564533,100 174.858853889408,-36.93368046581031,100 174.85885259433195,-36.933677947968,100 174.85885177479102,-36.93367577870241,100 174.85885135597812,-36.93367434494966,100 174.85885049497185,-36.93367254857839,100 174.85884921905955,-36.93367072715642,100 174.8588488073358,-36.93366893817258,100 174.85884795607552,-36.9336674967688,100 174.85884576091885,-36.93366494795149,100 174.85884318261364,-36.93366169399094,100 174.85884148521043,-36.93365772771649,100 174.85883887481398,-36.93365518630107,100 174.85883585381663,-36.93365085588411,100 174.858834992417,-36.93364904329512,100 174.85883372394483,-36.9336468810575,100 174.85883285439954,-36.93364542642007,100 174.85883026740643,-36.93364181477116,100 174.8588285633092,-36.93363821994516,100 174.85882771055526,-36.93363676324218,100 174.85882642527045,-36.93363460216901,100 174.85882466771272,-36.93363421417532,100 174.85882201705797,-36.93363274235534,100 174.8588211810556,-36.933630588669644,100 174.85881986255683,-36.93362914015921,100 174.85882449495713,-36.933619985036145,100 174.85881378913473,-36.93360578198994,100 174.85881288939416,-36.93360252969153,100 174.85881199357553,-36.933600732963605,100 174.85881065826445,-36.933599285617575,100 174.85880706171147,-36.9335934932558,100 174.8588057334461,-36.93359168887666,100 174.85880482748817,-36.933589520963544,100 174.85880302804011,-36.93358625300639,100 174.85880259751121,-36.933583736050124,100 174.85880126842648,-36.93357866259588,100 174.8588008359697,-36.933575419205795,100 174.8588008371437,-36.93357287926747,100 174.85879412229227,-36.93356240198901,100 174.8587923274858,-36.933557337628095,100 174.85879010106018,-36.93355299296826,100 174.85878744020644,-36.93353889922081,100 174.85878476249752,-36.9335305822975,100 174.85878342446637,-36.93352842204951,100 174.85878163988417,-36.93352442559263,100 174.8587816449493,-36.933520104584886,100 174.85878300098088,-36.933516488892046,100 174.85878391824238,-36.933513252313226,100 174.8587843686985,-36.93351071976257,100 174.85878437145078,-36.93350889184238,100 174.85878305607034,-36.93350239498889,100 174.85878304275374,-36.93350059886643,100 174.8587821445935,-36.93349805858585,100 174.85878082841674,-36.93348829355818,100 174.85878082838602,-36.933485056918244,100 174.85877905241074,-36.933480721430186,100 174.85877861132806,-36.93347781617005,100 174.85877861484653,-36.93347601978403,100 174.85877999235322,-36.933470607424084,100 174.8587813323327,-36.933467717545206,100 174.858781775765,-36.93346554292857,100 174.8587809076735,-36.93346410178773,100 174.85878044198196,-36.933461570059336,100 174.85877866326365,-36.93345652076869,100 174.85877823858277,-36.93345290411021,100 174.85877687867495,-36.933449288572646,100 174.85877690448075,-36.933446376003474,100 174.8587778017912,-36.93344241056905,100 174.85877781509902,-36.933440970952546,100 174.85877603088286,-36.933433754073086,100 174.8587760488928,-36.93343121387114,100 174.85877694977404,-36.93342868959164,100 174.85877695094905,-36.93342614965323,100 174.85877650516474,-36.93342434497847,100 174.85877651842875,-36.93342290356002,100 174.85877517962538,-36.93341747603864,100 174.85877518426634,-36.93341567963505,100 174.8587724941048,-36.93340953058098,100 174.85877207496674,-36.93340808331314,100 174.85877209329547,-36.93339326171859,100 174.85877390834338,-36.93338677264214,100 174.8587752663009,-36.93338388338318,100 174.8587757198505,-36.933382079050716,100 174.85877664065993,-36.93338028272589,100 174.8587842326092,-36.93337186632306,100 174.85877418452216,-36.93336088871468,100 174.8587741391665,-36.93335726521659,100 174.85877035880944,-36.933347187249666,100 174.85877028177745,-36.93334429341541,100 174.85876936091645,-36.933342852199196,100 174.85876932964314,-36.933341056357804,100 174.85876880531146,-36.9333363416487,100 174.8587683180622,-36.93333490986819,100 174.85876816437994,-36.93332659579343,100 174.85876898161598,-36.933322245847556,100 174.8587689377551,-36.933318637648476,100 174.8587683868433,-36.93331356823533,100 174.85876880362932,-36.933311036211755,100 174.8587678245432,-36.93330742913348,100 174.85876824292848,-36.93330561002907,100 174.85876774244647,-36.93330307884518,100 174.8587673763801,-36.93328357189676,100 174.85876688211692,-36.93327995632741,100 174.85876649575056,-36.93325970610762,100 174.85876691413566,-36.933257887003215,100 174.858766430861,-36.93325537087237,100 174.858766390549,-36.93325320292723,100 174.85876679879476,-36.93325101263766,100 174.85876671707032,-36.93324667766596,100 174.85876755458446,-36.93324307009037,100 174.85877137514316,-36.933230722583794,100 174.85877264910383,-36.933225993242765,100 174.85877260879172,-36.933223825297624,100 174.85877346743925,-36.93322164237827,100 174.85877424361175,-36.93321513982137,100 174.85877466199642,-36.93321332071694,100 174.85877504166825,-36.93321004658655,100 174.85877499865637,-36.93320716664079,100 174.85877582715273,-36.93320318786241,100 174.85877579193678,-36.93319993554939,100 174.8587762021315,-36.93319847259462,100 174.8587770005817,-36.93319339557736,100 174.85877695719773,-36.93319050031498,100 174.85877779236745,-36.93318614918691,100 174.8587786502642,-36.933183981601694,100 174.85878029757185,-36.93317636489551,100 174.8587816031547,-36.933173445811455,100 174.85878199418664,-36.93317128643618,100 174.8587846174847,-36.93316654858997,100 174.85878725252124,-36.93316289484806,100 174.85878768106667,-36.93316144782971,100 174.85879072199788,-36.9331549062131,100 174.85879194894832,-36.93314838037544,100 174.85879191769666,-36.93314658543499,100 174.85879400175486,-36.93313785957683,100 174.8587943872876,-36.93313353261269,100 174.858795665895,-36.93313024260688,100 174.85879741213262,-36.933126975925276,100 174.8587982512437,-36.93312408126867,100 174.85879911890663,-36.93312226955187,100 174.85879996739106,-36.9331197145462,100 174.85880172032367,-36.93311607641583,100 174.8588030114136,-36.93311390114752,100 174.8588042974598,-36.93311027032616,100 174.85881040196585,-36.933098627948375,100 174.85881215015195,-36.93309608860139,100 174.8588138959942,-36.93309280570196,100 174.85881564382984,-36.93309025193929,100 174.85881828787961,-36.93308696939948,100 174.85881956685733,-36.933083694710064,100 174.85882128926437,-36.93307824540381,100 174.85882476226166,-36.933071696120976,100 174.85882693077937,-36.93306806500402,100 174.85883170657735,-36.93305714194928,100 174.85883254568648,-36.93305424729245,100 174.85883558188655,-36.9330488053593,100 174.8588373347941,-36.933045166327474,100 174.85884038038895,-36.933040064946134,100 174.85884260485392,-36.93303785884147,100 174.8588434658197,-36.93303641857309,100 174.8588452402555,-36.93303422041501,100 174.85884786551722,-36.93303021080334,100 174.8588500622351,-36.93302764821015,100 174.85885269763602,-36.933024009783544,100 174.8588553514496,-36.93302108311153,100 174.85885842711122,-36.93301708086959,100 174.85886062225023,-36.933013806258025,100 174.85886366784237,-36.93300870487614,100 174.8588654254422,-36.93300650698133,100 174.85886850777592,-36.93300213238948,100 174.8588702528854,-36.93299886572446,100 174.85887156352874,-36.93299740309353,100 174.85887199092758,-36.93299595519152,100 174.85887416688635,-36.93299193729087,100 174.8588745774722,-36.93299049055337,100 174.8588776296518,-36.93298432010233,100 174.85888063183233,-36.932976322556726,100 174.858885475729,-36.93297120744199,100 174.85888725830776,-36.93296865133171,100 174.858888567828,-36.932967188718195,100 174.8588903238259,-36.93296427790388,100 174.85889248024733,-36.93295954826587,100 174.85889259799114,-36.93295880283339,100 174.8588928930652,-36.932958193428014,100 174.8588936762494,-36.93295382869183,100 174.85889417292756,-36.93295301423449,100 174.85889449188758,-36.932952001565056,100 174.85889472416886,-36.93295162658464,100 174.85889610481627,-36.93294763825979,100 174.85889700101535,-36.93294367374305,100 174.85889761100267,-36.93294253213519,100 174.8588988317591,-36.93294032732209,100 174.8588997467494,-36.932937043909156,100 174.85890523069122,-36.932926108863676,100 174.8589075130218,-36.93292027674229,100 174.8589088835281,-36.93291591723215,100 174.85890979381725,-36.93291373440462,100 174.8589116081129,-36.93291045043208,100 174.85891481981815,-36.932905716890836,100 174.85891800504837,-36.932901326265664,100 174.8589198373005,-36.932898042011864,100 174.85892164921785,-36.9328966012761,100 174.8589221023895,-36.932894781626494,100 174.85892256697818,-36.93289149084368,100 174.8589225888558,-36.932887122703754,100 174.85892303383815,-36.932885659203826,100 174.85892621354313,-36.93287910008866,100 174.8589266831554,-36.93287726395789,100 174.85892805563265,-36.932873632683346,100 174.85893079697576,-36.93286488120986,100 174.8589317115699,-36.93286158157911,100 174.85893354655934,-36.93285905709513,100 174.85893400800404,-36.932857578014975,100 174.85893536520268,-36.93285465812113,100 174.85893764282892,-36.93284992658471,100 174.85893948411862,-36.932847014434344,100 174.85894220672614,-36.93284081939785,100 174.85894724055808,-36.93283243131752,100 174.85894904471024,-36.93282877615932,100 174.85895588933323,-36.93281894736005,100 174.8589577216038,-36.93281566400671,100 174.85895953936256,-36.93281312356834,100 174.85896226589134,-36.93280838410203,100 174.85896410286114,-36.93280400016313,100 174.85896410170764,-36.932800717573194,100 174.85896549099476,-36.93279708513373,100 174.8589659421919,-36.93279453724818,100 174.8589704935755,-36.93278431442181,100 174.85897232584463,-36.93278103106825,100 174.85897550907166,-36.93277591130491,100 174.85897688696363,-36.9327737508995,100 174.85897916306877,-36.93276900316234,100 174.85898052847512,-36.93276572801933,100 174.85898190755194,-36.93276426341448,100 174.85898508252583,-36.93275880398241,100 174.85898737895425,-36.93275480041734,100 174.8589901253659,-36.93275078710314,100 174.85899078925334,-36.932749738388225,100 174.85899442156443,-36.932745912198314,100 174.85899729080867,-36.93274261080639,100 174.85899871700238,-36.932740959791715,100 174.85900147566122,-36.932738698451885,100 174.85900482848868,-36.93273473693277,100 174.85900622930825,-36.9327334279156,100 174.8590082063613,-36.932730419901304,100 174.85901011580992,-36.93272809524478,100 174.85901159279442,-36.932725762036696,100 174.85901353740678,-36.93272345215202,100 174.8590154976245,-36.932720444401184,100 174.85901699107137,-36.93271809561285,100 174.85901885753884,-36.932716127650586,100 174.85902087794364,-36.93271277825832,100 174.85902372997865,-36.93270946181277,100 174.8590256820069,-36.93270681021144,100 174.85902862745704,-36.93270248642992,100 174.85902971344092,-36.93269977177574,100 174.8590311818635,-36.93269777940048,100 174.8590331167062,-36.93269511364699,100 174.85903550269197,-36.932692485896034,100 174.85903886372628,-36.93268816912734,100 174.85904035717184,-36.932685820338726,100 174.85904330257662,-36.93268149475491,100 174.85904679961178,-36.932675797738135,100 174.8590507118754,-36.93267013928609,100 174.8590526467387,-36.93266747443327,100 174.85905367374164,-36.93266579812183,100 174.85905631368655,-36.93265971343671,100 174.85905783287672,-36.932657037966926,100 174.8590602427834,-36.9326540547208,100 174.85906260337154,-36.93265176806595,100 174.85906406202392,-36.93264941982182,100 174.85906596440262,-36.93264745129657,100 174.8590670507785,-36.93264475285967,100 174.85906760240863,-36.9326433814267,100 174.85906806069616,-36.932637890619446,100 174.85906974947076,-36.93263313765531,100 174.85907126791577,-36.93263043155211,100 174.8590737555017,-36.93262644031486,100 174.85907573217733,-36.932623416982935,100 174.85907629159576,-36.93262171915008,100 174.85907707141567,-36.932620451401355,100 174.85907702999555,-36.932618284374904,100 174.8590791367221,-36.93261428287695,100 174.85907993642522,-36.93261055241023,100 174.85909394075674,-36.9325949016391,100 174.85910408253412,-36.93257900669754,100 174.85911000433398,-36.932566964275054,100 174.8591121618479,-36.93256228058328,100 174.85911542382118,-36.93255559669412,100 174.85911703047788,-36.932552270002226,100 174.85912199136075,-36.93254120433326,100 174.85912723187025,-36.932531527726795,100 174.85913082573188,-36.932525565104704,100 174.8591329492879,-36.9325215633423,100 174.85913644993855,-36.93251213389951,100 174.859137249638,-36.93250840343245,100 174.85913949273058,-36.93250303700218,100 174.85914127759298,-36.93249798780081,100 174.85914637353716,-36.9324900322746,100 174.8591485225084,-36.93248569031628,100 174.85915238871587,-36.93247698161328,100 174.85915419824948,-36.93247156158283,100 174.85915645817462,-36.93246619488867,100 174.8591582938032,-36.93246046259279,100 174.85915886303135,-36.93245912243006,100 174.85916014595978,-36.9324547174196,100 174.85916119170275,-36.93245307326135,100 174.8591623567473,-36.93244557225927,100 174.85916382630595,-36.93244358076592,100 174.8591675046201,-36.93243693542233,100 174.85916915273572,-36.93243323583536,100 174.859171896283,-36.93242721081525,100 174.85917358702184,-36.93242318608554,100 174.85917539688123,-36.93241777956948,100 174.85917649306293,-36.93241543880213,100 174.85917930498368,-36.932408715990775,100 174.85918118286082,-36.93240264323529,100 174.85918229788518,-36.932395809993125,100 174.8591821123984,-36.93239339735942,100 174.8591832770681,-36.93238588104052,100 174.85918391632202,-36.93237938242715,100 174.85918504868843,-36.932368087378535,100 174.859185389433,-36.93236464440801,100 174.85918571292106,-36.93236123054993,100 174.85918517343714,-36.9323494695583,100 174.8591849023691,-36.93234773966265,100 174.85918551378174,-36.93234605633758,100 174.85918594752354,-36.932341588912486,100 174.85918617803608,-36.93233920040992,100 174.85918775781815,-36.932336200415776,100 174.8591888031431,-36.93233453913873,100 174.85919089304375,-36.93233053880356,100 174.85919159822544,-36.93232781659069,100 174.85919301026232,-36.93231791240649,100 174.85919332889324,-36.93230588831271,100 174.85919364309825,-36.9323027855554,100 174.85919457914213,-36.93229768925557,100 174.8591972486854,-36.93228372025616,100 174.85919855123947,-36.93227485520567,100 174.8592007179221,-36.93226602078922,100 174.85920126429014,-36.93225606886982,100 174.85920169059293,-36.93225194226013,100 174.85920340672143,-36.93224757643338,100 174.8592046392269,-36.932243868932424,100 174.85920374909432,-36.93223967190232,100 174.85920403827618,-36.93223692555825,100 174.8591978635407,-36.93219105130771,100 174.85921608396148,-36.93217975728469,100 174.85921632347566,-36.932177693116344,100 174.8592175003952,-36.9321751636098,100 174.8592193736612,-36.93216243197218,100 174.8592200950016,-36.932160328713074,100 174.8592194894712,-36.93214413966798,100 174.85921942156065,-36.93213968099898,100 174.85921846791229,-36.932124736720034,100 174.85921925414,-36.93211532273803,100 174.85922125635418,-36.932107436381266,100 174.85922326519855,-36.93209589506719,100 174.85922368021428,-36.93209139638885,100 174.85922281217074,-36.93207318258232,100 174.8592230076333,-36.932063020741616,100 174.85922357655807,-36.93205972742239,100 174.85922549402542,-36.93204738266007,100 174.85922498884386,-36.93204336437295,100 174.85922876150673,-36.93202600085267,100 174.85922619807906,-36.932010372440935,100 174.85922532906764,-36.93200759916604,100 174.85922937832927,-36.93199995655978,100 174.8592330528528,-36.93199315624632,100 174.8592358618971,-36.931987609701366,100 174.85923688602654,-36.93198387481793,100 174.85923982788347,-36.931975523087374,100 174.8592412439623,-36.93197091499654,100 174.85924202430076,-36.93196518660484,100 174.85923978429526,-36.93195968126433,100 174.85924002305816,-36.93195763243011,100 174.8592398757791,-36.931952772113654,100 174.8592407913255,-36.931948218729005,100 174.85923993207356,-36.93193420223289,100 174.85925283638363,-36.931915564567525,100 174.85925333612332,-36.93191224258787,100 174.85925381439142,-36.93191076324298,100 174.8592542922005,-36.931908571862294,100 174.85925479387168,-36.931905976316486,100 174.8592562195251,-36.93190305624834,100 174.8592614563503,-36.93188870184144,100 174.85926380472202,-36.931884665911426,100 174.85926763004503,-36.93187252020925,100 174.85926954683254,-36.93186661719236,100 174.8592742729195,-36.931857073016545,100 174.85927565869005,-36.9318552378609,100 174.85927664049416,-36.93185119358571,100 174.85928182217202,-36.931841270030375,100 174.85928557424623,-36.93183539776208,100 174.85929304952273,-36.93182588444485,100 174.85929444653414,-36.93182441955559,100 174.85930375518606,-36.93181490456877,100 174.85930606871872,-36.93181345507122,100 174.85931211252347,-36.931807962424664,100 174.8593181374521,-36.931804326793085,100 174.85932648027872,-36.931798127563084,100 174.85932973263357,-36.9317955781744,100 174.85933810592536,-36.93178790661061,100 174.85934413087304,-36.93178427187873,100 174.85934920216107,-36.93178246643784,100 174.85935429061178,-36.93178067424778,100 174.85935983342802,-36.931777759107966,100 174.85936397730217,-36.931775582424095,100 174.85936904347284,-36.93177490641674,100 174.8593745819658,-36.93177310717841,100 174.85938103893426,-36.93177205066588,100 174.85938702904662,-36.9317710023651,100 174.85939255972383,-36.93176957459226,100 174.85941055784764,-36.93176420028726,100 174.85942392497955,-36.93176026940865,100 174.85942623142165,-36.93175917514,100 174.8594437834683,-36.931752677559984,100 174.85945438579841,-36.9317494596559,100 174.85946404149246,-36.93174771310889,100 174.85947925882883,-36.93174378028904,100 174.85948202509888,-36.93174308170837,100 174.85948481998832,-36.93174088107996,100 174.85948759257823,-36.93173979573382,100 174.85949820194708,-36.93173622079282,100 174.85950280830627,-36.93173514999187,100 174.85951063220534,-36.93173411713143,100 174.85951662814932,-36.93173196912218,100 174.8595198597797,-36.931731247029006,100 174.85953230256487,-36.93172767221459,100 174.85953647453053,-36.93172586642878,100 174.8595401463892,-36.93172477961656,100 174.85954384331254,-36.931723338192874,100 174.85954753822242,-36.93172375442156,100 174.8595521219095,-36.931723783584445,100 174.85956036100146,-36.931725329204774,100 174.85956496341169,-36.93172538962013,100 174.8595690798492,-36.93172541077756,100 174.85957553955512,-36.93172511402457,100 174.85957783822357,-36.93172439302131,100 174.85958013922067,-36.9317244146694,100 174.85958197301193,-36.93172443011465,100 174.85958233267513,-36.93172301391576,100 174.85958530969893,-36.93171213792953,100 174.8595894030317,-36.93171000709545,100 174.85959303695057,-36.931707497691214,100 174.85959351707766,-36.93170604896077,100 174.8595976400538,-36.931701765309484,100 174.859602231519,-36.93169564644349,100 174.85960722880878,-36.931691720442835,100 174.85961001653877,-36.931686684370284,100 174.85961959121994,-36.931680634374224,100 174.85962592417104,-36.93167817102731,100 174.85962863685452,-36.93167674591711,100 174.85964085863299,-36.931673964109265,100 174.85964401277286,-36.93167291784979,100 174.85965353120173,-36.93166866506321,100 174.8596580831309,-36.931666186345296,100 174.85966940869858,-36.931661591594825,100 174.8596762182944,-36.93165947680155,100 174.8596866246077,-36.931656694580646,100 174.8597019610815,-36.93165396943828,100 174.85972278039478,-36.931648033542444,100 174.85973770863933,-36.93164491099789,100 174.85974223479417,-36.9316428040244,100 174.85974857205375,-36.931641765590754,100 174.85975534722638,-36.93163966665457,100 174.8597634811254,-36.931637946622786,100 174.85976938200443,-36.93163549093705,100 174.85977120364774,-36.93163440605773,100 174.8597743445377,-36.93163480121335,100 174.8597752739313,-36.93163335986653,100 174.8597770810924,-36.931633018803105,100 174.85978112983074,-36.93163307255979,100 174.85979290743026,-36.93162919988556,100 174.85979744645627,-36.931625636174964,100 174.8598056260809,-36.93162173242659,100 174.85981243443308,-36.931618920023226,100 174.85982736775006,-36.93161471309986,100 174.85983778696794,-36.931610475932914,100 174.8598404926687,-36.93161014963661,100 174.8598513459296,-36.93160663303528,100 174.85985408364758,-36.93160485240771,100 174.85985727142858,-36.93160380471437,100 174.85987315474566,-36.93159563241856,100 174.85987678319034,-36.93159423802458,100 174.85987948184962,-36.93159426876048,100 174.8598844525639,-36.93159322288258,100 174.85988760867815,-36.93159290485248,100 174.85988943071288,-36.93159183618899,100 174.85990345766726,-36.931587985954906,100 174.85990892101688,-36.931584066161214,100 174.85991392185215,-36.93158158040196,100 174.85992072471703,-36.931577295321226,100 174.8599230061872,-36.93157660612696,100 174.85993798907907,-36.93156843440714,100 174.85994210382185,-36.931564505993244,100 174.85994620494873,-36.931562003681016,100 174.85994937978455,-36.93155913011332,100 174.85995438915177,-36.93155630261839,100 174.85995801684848,-36.93155487758878,100 174.85996710119932,-36.931549904211536,100 174.85997888532873,-36.931544961549726,100 174.85998159886046,-36.931544264684966,100 174.85999341308673,-36.93153788124065,100 174.85999794156595,-36.931536470941616,100 174.86001285219172,-36.93153336396122,100 174.8600155735128,-36.93153229472845,100 174.86005129166398,-36.93152470941234,100 174.86005712959675,-36.931524422373535,100 174.8600661515073,-36.93152487140774,100 174.86008376894637,-36.93152143809959,100 174.8600959918259,-36.93151865712936,100 174.86011227207618,-36.93151374496806,100 174.86012405819548,-36.93150953142881,100 174.86012585714624,-36.93150954560889,100 174.86013715335358,-36.931506424031376,100 174.86014848160093,-36.931502542137956,100 174.86015164439905,-36.93150185265227,100 174.86017065724914,-36.93149624331563,100 174.86018199802578,-36.93149093713691,100 174.86019782936705,-36.93148603289802,100 174.86020689413877,-36.93148288768665,100 174.86021143748263,-36.931480749781294,100 174.86022278405872,-36.931474342995976,100 174.86024315913014,-36.93146731706286,100 174.86025814081464,-36.93146168434091,100 174.8602785287439,-36.931453201667,100 174.86028170084398,-36.93145215601068,100 174.8603229740057,-36.931433756971465,100 174.86033294897604,-36.9314284280125,100 174.86034429132218,-36.9314238338368,100 174.860350657033,-36.9314206416717,100 174.86036244782633,-36.93141532842525,100 174.8603783021489,-36.93140933861303,100 174.86039916585267,-36.931400523087696,100 174.8604095584965,-36.9313966269865,100 174.86041547105182,-36.931395253571544,100 174.86041593238468,-36.93139307866836,100 174.8604281145936,-36.931391397010735,100 174.8604331040852,-36.93139107818121,100 174.86044122816634,-36.931389002235754,100 174.86044935496153,-36.93138763829014,100 174.86045748337062,-36.9313869872629,100 174.86046383310335,-36.93138452360882,100 174.86047379007917,-36.93138173393891,100 174.86048511557502,-36.93137714001393,100 174.86051091057575,-36.931369076416054,100 174.8605190752439,-36.931365899317505,100 174.8605267668636,-36.93136381482009,100 174.8605326755052,-36.931360987631315,100 174.86054309352514,-36.93135675042192,100 174.86054490647598,-36.931355308744315,100 174.8605489919744,-36.93135355024552,100 174.86055623395092,-36.93135144304825,100 174.86056210939253,-36.931349328421156,100 174.8605657537595,-36.93134720458887,100 174.8605788782787,-36.93134262843259,100 174.86059291363796,-36.931338434583154,100 174.86061100657892,-36.931335351570524,100 174.86063134365767,-36.931330136918916,100 174.86064538377553,-36.93132484608218,100 174.86065083493784,-36.931322366755346,100 174.8606530980423,-36.93132166161122,100 174.86065492005955,-36.93132059293641,100 174.86066350936326,-36.93131779584022,100 174.86067985393655,-36.93131073024144,100 174.86069025202528,-36.93130830588634,100 174.86070334165936,-36.93130626657787,100 174.86071784083356,-36.93130133988283,100 174.86072282401676,-36.93129886878766,100 174.86073774386648,-36.931295405550976,100 174.8607404640461,-36.931294336319645,100 174.86074497762908,-36.931293653591126,100 174.86077982402358,-36.931283884300484,100 174.86079839179837,-36.93127719755109,100 174.86080611735665,-36.93127184611984,100 174.86081248969867,-36.93126828158116,100 174.86081836552071,-36.93126618315931,100 174.86082290883385,-36.93126404523131,100 174.86082930459364,-36.931259412260424,100 174.86084019909725,-36.9312522860376,100 174.86084433844033,-36.93124798676491,100 174.86084843792395,-36.9312447724048,100 174.86085388596106,-36.93124156485113,100 174.86085390232185,-36.931240852551845,100 174.8608557141636,-36.931239411788276,100 174.86085891483415,-36.931236910037,100 174.86086210176086,-36.93123513586633,100 174.8608711477503,-36.93123195935292,100 174.8608765711791,-36.93123166434909,100 174.86087883427862,-36.93123095920078,100 174.86089457962643,-36.9312318490018,100 174.86090362797722,-36.93122941603798,100 174.86090725713453,-36.931228006279234,100 174.86091406192347,-36.931224450280155,100 174.86092042562393,-36.93122053075108,100 174.86092994392223,-36.931216277865374,100 174.86093223156087,-36.93121450426717,100 174.8609399441853,-36.93121060685934,100 174.86094948043794,-36.9312063536907,100 174.86095397642933,-36.93120568655247,100 174.86095716300187,-36.93120389796371,100 174.8609639877343,-36.93120106991587,100 174.8609748869275,-36.93119538391686,100 174.86097714683086,-36.93119325473106,100 174.86098214756066,-36.93119076712636,100 174.86098352733796,-36.93118933403392,100 174.86098851013247,-36.93118684761138,100 174.86100613021046,-36.93118412797166,100 174.86100929917475,-36.93118235407862,100 174.86101746380115,-36.931179176946834,100 174.86103325914794,-36.93117681398307,100 174.86103960959346,-36.93117433496492,100 174.86104548697745,-36.93117294764901,100 174.86104775825308,-36.93117188634793,100 174.8610608631112,-36.93116913562022,100 174.86106629788952,-36.93116736857421,100 174.86107981689253,-36.931167151273215,100 174.86108659358194,-36.931165764280884,100 174.86109157365007,-36.93116510487256,100 174.86109472739716,-36.93116404415996,100 174.86110427181418,-36.931159434829624,100 174.86111107191772,-36.93115697940463,100 174.86112149763895,-36.93115236887782,100 174.86115682239054,-36.9311404378248,100 174.86116634066508,-36.93113618492074,100 174.8611690853695,-36.93113404723101,100 174.8611727211793,-36.93113226511477,100 174.86118720380452,-36.93112735304351,100 174.86119537931498,-36.931121992731825,100 174.86119946478524,-36.93112023421134,100 174.86121122574528,-36.93111637607975,100 174.8612202967402,-36.93111284402794,100 174.86122754919703,-36.931111123292155,100 174.8612388742326,-36.931106513980815,100 174.86124068793114,-36.931105103827235,100 174.86125474948716,-36.93109871297269,100 174.8612565738351,-36.93109838693997,100 174.86126157963326,-36.9310948158575,100 174.86127428395676,-36.93108806141202,100 174.86129740856092,-36.93107781234263,100 174.86130105104846,-36.93107565877398,100 174.86130379103597,-36.93107461986427,100 174.8613133076937,-36.931069654931065,100 174.8613187502644,-36.93106751640761,100 174.86132642499607,-36.9310654321236,100 174.8613282622097,-36.93106365025622,100 174.86134186979515,-36.93105835169721,100 174.86134958003663,-36.93105371161275,100 174.86135593826197,-36.93105090707937,100 174.86136183011885,-36.93104877683335,100 174.86137631431606,-36.93104457675747,100 174.8613908121443,-36.9310389523805,100 174.86140074292592,-36.93103651996696,100 174.86140664493175,-36.9310347609035,100 174.86141477166953,-36.93103339689323,100 174.8614202150017,-36.931031289899416,100 174.86143469103632,-36.93102744686718,100 174.86143875966144,-36.93102568860264,100 174.8614437553051,-36.93102428534647,100 174.86145864890912,-36.93102117755157,100 174.8614627273343,-36.9310197760553,100 174.86147177020862,-36.93101841210002,100 174.8614835397952,-36.9310149098279,100 174.861491230499,-36.93101209791768,100 174.86150887746754,-36.931007209206356,100 174.86151341406273,-36.93100544270143,100 174.861519281623,-36.93100369859354,100 174.8615242593508,-36.93100229741753,100 174.86153963702628,-36.93099919734594,100 174.86154597297474,-36.9309974621173,100 174.8615505154791,-36.93099533859557,100 174.86155638383124,-36.930993580953654,100 174.86156406017275,-36.930992209573326,100 174.86156952031007,-36.930990101407964,100 174.86157944402436,-36.93098802511181,100 174.86159121399544,-36.93098453904685,100 174.86160346983522,-36.93097850364076,100 174.86160981246238,-36.930976396960176,100 174.86161932092665,-36.930974327171086,100 174.8616264921696,-36.93097476093794,100 174.86162877978452,-36.930972987326896,100 174.86164962809508,-36.930965580588754,100 174.8616568984445,-36.93096131962661,100 174.86168546588067,-36.930948947261776,100 174.86169408556825,-36.930944679562444,100 174.86170451161829,-36.930940085203616,100 174.86171357549222,-36.93093690834626,100 174.8617402523181,-36.93093141474215,100 174.86174657658617,-36.93092929211842,100 174.8617701530906,-36.930919763237725,100 174.8617873771922,-36.93091198517458,100 174.86179599216575,-36.930908816250934,100 174.8618105422661,-36.93090063576141,100 174.8618191709501,-36.930896738354576,100 174.86182594636836,-36.93089465461997,100 174.86184447267928,-36.93089157814543,100 174.86185079843588,-36.930889470815316,100 174.86186711629767,-36.930882746172735,100 174.86187301001596,-36.93088064741861,100 174.8618793444295,-36.93087889597265,100 174.8619096160132,-36.9308727042234,100 174.86191822242887,-36.93086987612413,100 174.8619327279846,-36.930863880216656,100 174.86194269076535,-36.93086073431229,100 174.8619503600326,-36.930859719039496,100 174.8619548744776,-36.93085976541969,100 174.86195983768252,-36.930859106239666,100 174.86197612241477,-36.930855634965575,100 174.8619864984881,-36.93085429422978,100 174.8619982231295,-36.930852961187774,100 174.8620049869183,-36.93085302997751,100 174.86201403866005,-36.93085133956433,100 174.86202124936236,-36.930850673078275,100 174.86202664664785,-36.9308507353549,100 174.86203930375277,-36.930848689163255,100 174.86205782531178,-36.93084417242081,100 174.862060982506,-36.93084385431639,100 174.86206550940824,-36.930842428641526,100 174.86208907804192,-36.93083327116538,100 174.86210361324112,-36.93082581823926,100 174.86211129572712,-36.930823362439526,100 174.8621239961083,-36.930818434941635,100 174.86213259472947,-36.930815979194335,100 174.8621393767889,-36.9308135230927,100 174.8621511852713,-36.93080820759056,100 174.8621606987917,-36.9308050551939,100 174.86216476813706,-36.930803281571,100 174.8621674815988,-36.9308025837565,100 174.8621819789469,-36.93079694396898,100 174.86218877080722,-36.93079484463356,100 174.8621992143895,-36.930790234634344,100 174.86221004476332,-36.93078781688746,100 174.86222045050687,-36.930785020034286,100 174.86222544378307,-36.93078292096364,100 174.86224406313175,-36.930772965896765,100 174.8622567701744,-36.93076766693652,100 174.8622635451737,-36.93076556695998,100 174.8622902850551,-36.93075533310399,100 174.86230116848049,-36.93075038991964,100 174.86231747456685,-36.930745121933526,100 174.86232379412792,-36.93074409896353,100 174.86233420023368,-36.930741317417215,100 174.8623428058682,-36.93073850462215,100 174.8623468818621,-36.93073635864367,100 174.86235145552652,-36.930732795194984,100 174.8623627951499,-36.93072676056195,100 174.86236913771185,-36.93072465294089,100 174.86237459421415,-36.93072110538796,100 174.86238366508348,-36.93071757234885,100 174.86238955022793,-36.930715814402745,100 174.86239314650194,-36.930715131578694,100 174.86241028720593,-36.93071458782677,100 174.86241616454907,-36.93071320134553,100 174.86242251490876,-36.93071072225553,100 174.8624338611791,-36.930704315266404,100 174.86243977167945,-36.93070221531987,100 174.86244473136895,-36.93070081258591,100 174.86245469020463,-36.93069875189005,100 174.86246102458867,-36.93069700041379,100 174.86248097182667,-36.93068888120087,100 174.8624918248269,-36.93068536436461,100 174.8625212075331,-36.93067951358235,100 174.8625270700211,-36.93067885469388,100 174.86253384502652,-36.93067675560327,100 174.8625523634301,-36.930674049585576,100 174.8625587079884,-36.930672670189665,100 174.86256278637347,-36.93067126865662,100 174.86257005589678,-36.93066697700737,100 174.86258229553843,-36.9306609733017,100 174.8625881779176,-36.930658502445155,100 174.86261126253893,-36.93065257377625,100 174.8626212193565,-36.9306497848317,100 174.86262846821072,-36.930647319577304,100 174.86263704218348,-36.93064523642558,100 174.86264382192434,-36.93064457756371,100 174.86266324505291,-36.930640803693535,100 174.86267546292368,-36.93063658132804,100 174.8626986098202,-36.93062523202874,100 174.8627104058087,-36.93062138942433,100 174.86271628272203,-36.93061998581003,100 174.86272396404397,-36.930617529989284,100 174.8627339126808,-36.93061509718506,100 174.86274386330305,-36.930613391714026,100 174.86275832435993,-36.930610277023234,100 174.86277682627667,-36.930607586551844,100 174.8627876430632,-36.93060659575526,100 174.86279174136146,-36.930605920365856,100 174.86280168686355,-36.93060275933868,100 174.86281523379063,-36.930600372827406,100 174.8628274388074,-36.9305976062797,100 174.8628347052771,-36.930595127216655,100 174.86284101498853,-36.93059374654983,100 174.86284827444862,-36.93059167138726,100 174.86285415754088,-36.930589184282724,100 174.86286229087753,-36.930587448726754,100 174.86287990130515,-36.93058438736211,100 174.86289121332038,-36.93058123373071,100 174.86289802309713,-36.93057913407398,100 174.86290254872506,-36.93057701166721,100 174.86290754773458,-36.930573811966646,100 174.8629175162228,-36.930569566281406,100 174.86292204498156,-36.93056817209125,100 174.86292613113,-36.930566398178925,100 174.86294604711608,-36.93055971968814,100 174.86295644811182,-36.93055802155444,100 174.86296640340822,-36.93055521728261,100 174.8629709095214,-36.93055492215483,100 174.86297632627424,-36.93055315620634,100 174.86299629753358,-36.93054395224302,100 174.86300308117694,-36.930542209011705,100 174.86300761770804,-36.93054044245125,100 174.8630157794401,-36.93053655318616,100 174.86301896429717,-36.930534051625656,100 174.86302802731538,-36.930530890004775,100 174.86303258571672,-36.93052803881243,100 174.86304167249867,-36.93052377810874,100 174.86305435898052,-36.930517039077486,100 174.86307696309277,-36.930512543746154,100 174.86308874612357,-36.930507617020005,100 174.86310140817514,-36.93050448635054,100 174.86310593854304,-36.9305038041709,100 174.86311543674398,-36.930501363080204,100 174.86312356339,-36.93049999895524,100 174.8631316588734,-36.93050007562786,100 174.863144343936,-36.93049586120631,100 174.86315383433777,-36.93049379157872,100 174.86316511668284,-36.93049209491991,100 174.8631827158819,-36.93049120226245,100 174.86318722627948,-36.93048979212662,100 174.8631994262287,-36.93048810990827,100 174.8632075829101,-36.93048530499717,100 174.86321663221472,-36.930482871843644,100 174.86322296419837,-36.93048037767717,100 174.86323156346722,-36.93047795158437,100 174.86323742558125,-36.93047727824577,100 174.86324644573648,-36.930477014122964,100 174.86325455137734,-36.930477461971606,100 174.863262642197,-36.93047863831871,100 174.86327029705757,-36.93047906259506,100 174.86327704563914,-36.93047984539662,100 174.8632815447213,-36.930479907290106,100 174.86328694357547,-36.93048068062644,100 174.86330182315305,-36.930481569274335,100 174.8633067548096,-36.93048233642141,100 174.86332692557184,-36.930488337242,100 174.8633331960754,-36.930491295216825,100 174.86333634672008,-36.9304920461468,100 174.8633439882788,-36.930493215117295,100 174.86335250034261,-36.930496567844386,100 174.8633565256558,-36.93049769081268,100 174.86336638124973,-36.9305021355849,100 174.8633712868566,-36.930505798177364,100 174.86337887427067,-36.93050949259212,100 174.86338471070744,-36.93051173001092,100 174.86338784451922,-36.930512481203664,100 174.86339902414548,-36.93051984530016,100 174.86340618416486,-36.93052244771148,100 174.86341065607712,-36.930525405065694,100 174.863417351619,-36.93052871238705,100 174.8634218133711,-36.93053129855652,100 174.8634258356698,-36.93053423412387,100 174.86343789500341,-36.93054088588811,100 174.86344638685244,-36.93054603615725,100 174.86345665967275,-36.93055120083778,100 174.86347190096282,-36.930557860346184,100 174.86348353905854,-36.93056233571994,100 174.86348844581903,-36.93056599919063,100 174.86349425110777,-36.930569677401785,100 174.8635009362194,-36.930575184102324,100 174.86350896785783,-36.930579969344386,100 174.8635147776809,-36.930581851153,100 174.86351970630875,-36.930584429991434,100 174.86352642723554,-36.930587396209205,100 174.86355062194693,-36.9305970436702,100 174.863556433788,-36.93059965371147,100 174.86357115685152,-36.93060955888085,100 174.86357515615197,-36.930613578190325,100 174.86358005547635,-36.93061762753867,100 174.86358494466145,-36.930621306603506,100 174.8635916520239,-36.93062569801697,100 174.8636022744947,-36.93063812003163,100 174.86360628901122,-36.930641427058546,100 174.8636094248246,-36.93064290557898,100 174.86363051795837,-36.930647822905094,100 174.86364398670136,-36.930651585428684,100 174.8636475697855,-36.93065234398409,100 174.86365611768738,-36.930653156207335,100 174.86366239438922,-36.93065503068073,100 174.86366732502148,-36.93065833684646,100 174.86367357094505,-36.93066166743377,100 174.86367536285115,-36.93066203859345,100 174.86368564386922,-36.930666847103694,100 174.86369100192746,-36.93067124616981,100 174.86369545663004,-36.93067418755933,100 174.8637021184078,-36.93068076357963,100 174.86371373556815,-36.930687051812946,100 174.86372178169717,-36.930691094125294,100 174.86372896823954,-36.93069335540156,100 174.8637451367646,-36.93069714944579,100 174.86374693731722,-36.930697875588635,100 174.86375002104091,-36.93070260868717,100 174.86375268184437,-36.9307044515822,100 174.8637562322676,-36.930708478832344,100 174.86375980417932,-36.93071140613499,100 174.86376605011114,-36.93071473671715,100 174.86379516412083,-36.93072662240252,100 174.86379964813372,-36.93072809327547,100 174.86380278434922,-36.93072958800811,100 174.86380815521642,-36.930732530335,100 174.8638201994246,-36.93073989524071,100 174.8638255558503,-36.93074358138226,100 174.86382911093202,-36.93074650894691,100 174.86384298576957,-36.930753161013385,100 174.86384788312031,-36.930756483016246,100 174.86385726652796,-36.93076200502521,100 174.86386482797954,-36.93076859575596,100 174.86387281066845,-36.930777361968985,100 174.86387458161516,-36.93077954600856,100 174.8638767901528,-36.9307831941329,100 174.86388124177162,-36.930785409099954,100 174.86388167936255,-36.93078687318472,100 174.8638976677534,-36.93080332186024,100 174.8639029116537,-36.93081312792272,100 174.86390691137714,-36.93081716343766,100 174.8639140454102,-36.93082266126447,100 174.8639229897069,-36.93082854618229,100 174.86392923528217,-36.93083186143877,100 174.86393637623286,-36.93083630641419,100 174.86395565775217,-36.93084335940526,100 174.86396370580044,-36.93084743321681,100 174.8639686308156,-36.930848571783926,100 174.86397448011127,-36.93084935333989,100 174.86397672795908,-36.930849360414896,100 174.8639820766291,-36.930853418915916,100 174.8639919252603,-36.930858219765504,100 174.86399906709588,-36.93086334612086,100 174.86400798165812,-36.93086814811261,100 174.86401960161893,-36.930875148313724,100 174.8640227363273,-36.9308766268403,100 174.86403262315247,-36.93087963075672,100 174.86403841982195,-36.93088295305451,100 174.86406704033809,-36.93089771261531,100 174.86408538318543,-36.93090586731254,100 174.8641104699706,-36.93091590264064,100 174.8641207432571,-36.93092108257733,100 174.86413194866142,-36.93092553583683,100 174.86414314123172,-36.93093144402667,100 174.864156958461,-36.93094172026494,100 174.86416320605503,-36.93094576284208,100 174.8641796770913,-36.930958238995494,100 174.86418505817545,-36.93096155338946,100 174.86419130412375,-36.93096488304704,100 174.86420602683367,-36.93097407609826,100 174.8642122693906,-36.93097920213804,100 174.8642176247294,-36.93098288827836,100 174.86422567707973,-36.93098584707175,100 174.86423104131154,-36.93098916082684,100 174.86423815278016,-36.93099575859777,100 174.86424396707258,-36.93099906618745,100 174.86425020688435,-36.93100348022571,100 174.86426898698053,-36.931013082758746,100 174.86427570795098,-36.93101604803106,100 174.86428372489354,-36.9310215626175,100 174.8642926742606,-36.93102636313952,100 174.86430026579336,-36.93103151306041,100 174.86430871957174,-36.93103846019384,100 174.86431492974612,-36.931044330325136,100 174.8643229733431,-36.93105020141291,100 174.8643314476796,-36.931055365411645,100 174.86434660688087,-36.931066021643744,100 174.86436212932875,-36.93108246314883,100 174.86436926146106,-36.93108723541491,100 174.86437778303133,-36.93109092771499,100 174.86438809253704,-36.9310935833643,100 174.86439617639473,-36.931095115763526,100 174.86440427094718,-36.93109773228175,100 174.86440918984462,-36.931099955213796,100 174.86441545841458,-36.93110218489415,100 174.86443469913246,-36.931112166833735,100 174.86444948655105,-36.931117377709135,100 174.86446025589373,-36.93112038215288,100 174.8644803701582,-36.9311307352317,100 174.86448704520086,-36.93113586978786,100 174.86449331782566,-36.9311395559328,100 174.86449954358082,-36.93114468222075,100 174.86450400505336,-36.93114725393165,100 174.86450799463748,-36.93115091733974,100 174.8645142433891,-36.93115495987965,100 174.8645209352705,-36.931160094169414,100 174.8645365597172,-36.93117002922574,100 174.86454905034034,-36.93117921402001,100 174.86455618242726,-36.93118398357129,100 174.86456424033588,-36.93118841320745,100 174.86457005225517,-36.93119102319661,100 174.8645803191203,-36.93119727305962,100 174.86459237940534,-36.93120390936594,100 174.86459996078673,-36.93120868718149,100 174.864615129849,-36.93121969924457,100 174.86463656829275,-36.931232973408825,100 174.86464989820053,-36.931245039149246,100 174.86466278049537,-36.93125785640735,100 174.8646703716805,-36.93126299008551,100 174.86467751975655,-36.93126703291459,100 174.86468556471567,-36.9312703775569,100 174.8647003491947,-36.93127740100007,100 174.86470570367285,-36.931280358864996,100 174.8647195062546,-36.93129136443303,100 174.86472618333244,-36.93129722630813,100 174.86473288100228,-36.93130126088478,100 174.86474353805565,-36.93131297110837,100 174.86475155466744,-36.9313184694436,100 174.86475644556333,-36.93132285957276,100 174.86476225136454,-36.93132655393572,100 174.86477564508132,-36.93133391106747,100 174.8647890502472,-36.931342382950085,100 174.86480469409514,-36.931349793970625,100 174.8648127866597,-36.93135168222543,100 174.86483565806418,-36.931358426320706,100 174.8648401449077,-36.93136065602005,100 174.86485217112835,-36.931370545696275,100 174.86486462365312,-36.931381527384296,100 174.86486997201172,-36.93138556962506,100 174.86488024618222,-36.93139073505922,100 174.8648926940771,-36.93140281642667,100 174.8649002684574,-36.931407950353574,100 174.86490608907738,-36.93141091621038,100 174.86491235104262,-36.93141351821258,100 174.86491771423326,-36.93141683285333,100 174.8649284576438,-36.93142273269916,100 174.86493335974245,-36.931424955872764,100 174.8649391931628,-36.93142646589592,100 174.86494637125145,-36.93142906702712,100 174.86495217466705,-36.93143201782941,100 174.8649735996401,-36.931446715325905,100 174.8649803054969,-36.93145039373837,100 174.86499239273016,-36.93145486190628,100 174.86499777222724,-36.931457463343506,100 174.8650117063708,-36.931460504553776,100 174.8650278119776,-36.931466452660445,100 174.8650438940034,-36.93147603976193,100 174.86505641380995,-36.931483054566684,100 174.86506040972984,-36.93148633118991,100 174.8650711392652,-36.931493687772694,100 174.86507733547995,-36.93150027102545,100 174.86508484615058,-36.93151011443373,100 174.86509149532543,-36.93151814620169,100 174.86509773522783,-36.931522560192505,100 174.86512992191481,-36.93154063440834,100 174.86513618238038,-36.93154322019825,100 174.86514914245035,-36.93154987205607,100 174.86515632095265,-36.93155248939153,100 174.86517015828198,-36.931560954441316,100 174.86518312663677,-36.931567945962605,100 174.86519208931094,-36.93157130679876,100 174.86519836610128,-36.931573180286534,100 174.86520507735898,-36.9315757896363,100 174.86521270843045,-36.93157983926617,100 174.86522425100176,-36.931589735599516,100 174.86523809853733,-36.93159857272575,100 174.86525240107815,-36.931606316612736,100 174.86525909915358,-36.93161036557355,100 174.86526624116513,-36.93161549274869,100 174.8652719920193,-36.93162098427871,100 174.86527823469993,-36.93162611025842,100 174.86528669141148,-36.931633816184494,100 174.86530095896055,-36.93164408521078,100 174.86532105254537,-36.93165625102134,100 174.86532777361163,-36.93165921623105,100 174.86533268553384,-36.931661795254584,100 174.86533894601592,-36.931664381033286,100 174.86536709020743,-36.93168131723075,100 174.8653746752348,-36.931686839427805,100 174.8653817766737,-36.93169306504014,100 174.86538622857398,-36.93169782076414,100 174.86538980520172,-36.93169964743089,100 174.86539559123568,-36.93170515372441,100 174.86540094541863,-36.9317080971406,100 174.86540494987545,-36.93171103201764,100 174.86540807596867,-36.93171215462087,100 174.86543212625978,-36.93173123626531,100 174.8654374820847,-36.9317348916963,100 174.86544869004524,-36.931740086574166,100 174.86545806351543,-36.93174523726534,100 174.86546791938775,-36.93174968185429,100 174.86548043726455,-36.93175596927858,100 174.86548805803122,-36.93175895008738,100 174.86549344221638,-36.93176045271958,100 174.86549833114816,-36.931764114581824,100 174.86551174925475,-36.93177113054625,100 174.865527356187,-36.93178360656249,100 174.8655567883107,-36.93180344725968,100 174.8655621417577,-36.93180640600238,100 174.86556527265466,-36.93180896883422,100 174.86557240488466,-36.93181373922152,100 174.8655781807685,-36.931818874321685,100 174.8655875414496,-36.93182547993267,100 174.86559738251879,-36.93183065210789,100 174.86562247758167,-36.931840315635085,100 174.8656434274099,-36.9318553620723,100 174.865661687134,-36.931870037969745,100 174.86567552455372,-36.931878502056044,100 174.8656800105593,-36.93188000437126,100 174.86569379906538,-36.93189244854868,100 174.8657004844497,-36.93189795511654,100 174.8657053812063,-36.931901246404756,100 174.86571073946632,-36.93190564537317,100 174.8657182584164,-36.93191513258805,100 174.86572940830192,-36.931921397315904,100 174.86573567438796,-36.93192545483949,100 174.86574102857716,-36.93192839733847,100 174.86574816122453,-36.93193318393203,100 174.86575350929445,-36.93193721081369,100 174.8657597803809,-36.93194018397028,100 174.86577727097344,-36.93194615257206,100 174.8657866600563,-36.93195060627139,100 174.86579335821162,-36.931954656101176,100 174.86579469364332,-36.93195610426713,100 174.86580314803211,-36.93196306660301,100 174.86581163905078,-36.93196821580961,100 174.86581922784634,-36.93197191004255,100 174.8658272979191,-36.93197489818981,100 174.86584112873643,-36.93198373460481,100 174.86584557953796,-36.93198848942676,100 174.86585672723493,-36.93199655140734,100 174.86586165600875,-36.93199912924222,100 174.86587285184606,-36.9320032255613,100 174.86589298134655,-36.932012850789974,100 174.8659019243109,-36.93201802443401,100 174.8659095267671,-36.932020989279074,100 174.86591264638852,-36.93202318093506,100 174.8659171053535,-36.932027579604814,100 174.8659242387478,-36.93203234995199,100 174.86593052464406,-36.93203459460065,100 174.8659385464328,-36.932039009386,100 174.86594256888418,-36.9320419439615,100 174.86594745365102,-36.93204672260459,100 174.86596036387124,-36.93205735538054,100 174.8659750579096,-36.932068716328885,100 174.86598308024062,-36.93207568544135,100 174.86598932764872,-36.9320797125998,100 174.8659924537651,-36.93208083518692,100 174.86600055461187,-36.93208236810924,100 174.86601614631076,-36.93209301642281,100 174.86602151310964,-36.9320970736425,100 174.8660340295917,-36.9321033457063,100 174.86604252066314,-36.932108495796356,100 174.8660590583373,-36.93211700572931,100 174.866063062467,-36.932119925266086,100 174.8660674914623,-36.93212576470906,100 174.86607998853884,-36.93213386494823,100 174.86608803531493,-36.93213792240806,100 174.86609162369376,-36.932140137336965,100 174.8660955819262,-36.932145226167975,100 174.8660977824104,-36.93214922859347,100 174.86610442398722,-36.93215763266615,100 174.86611288860087,-36.93216496616195,100 174.8661168701591,-36.932168985661015,100 174.86611955772742,-36.932171185002986,100 174.86612174641567,-36.932174105129015,100 174.86613019307595,-36.93218143890568,100 174.86613466446377,-36.9321843664187,100 174.8661400272153,-36.932186968065906,100 174.86614405634197,-36.93218953118589,100 174.86614807104897,-36.9321928381207,100 174.86616501138136,-36.9322034940602,100 174.8661744134388,-36.932209030008444,100 174.86618024490005,-36.932209811734225,100 174.8661847146235,-36.93221202632799,100 174.86618693810684,-36.93221494590587,100 174.86619404950605,-36.93222152913486,100 174.8661989109562,-36.93222737619684,100 174.86620201617487,-36.932230311659644,100 174.86620556644655,-36.93223432441439,100 174.8662077887871,-36.93223724310849,100 174.86620910238375,-36.93223977499841,100 174.8662121134954,-36.93224179800237,100 174.86621742998372,-36.932254932287776,100 174.86621767969666,-36.93226420474,100 174.8662163035374,-36.93227480605398,100 174.86621655287686,-36.93228406318963,100 174.86621521255998,-36.93229599608998,100 174.8662122658225,-36.932309272868714,100 174.86621603841343,-36.93232737335277,100 174.8662160447096,-36.9323320970676,100 174.8662174066098,-36.93233647139587,100 174.86621742066626,-36.93234920140692,100 174.86621787477284,-36.932350649900066,100 174.86621786011955,-36.93236556335734,100 174.86621833828673,-36.932369195368665,100 174.86621878458973,-36.93237101442662,100 174.86622104897438,-36.93237611725721,100 174.86622468118287,-36.932381924151144,100 174.86622468524473,-36.93238337971776,100 174.86622695348973,-36.932392461811645,100 174.86622739351978,-36.93239793671868,100 174.8662283118872,-36.93240120398743,100 174.8662283228018,-36.932404828020246,100 174.8662305851462,-36.93240920261679,100 174.86623419773167,-36.932414296875336,100 174.86623465183902,-36.93241574536839,100 174.86623962598566,-36.932421931355684,100 174.86624189552361,-36.9324233783543,100 174.86624372136714,-36.93242628975972,100 174.8662455158922,-36.932428101146655,100 174.86625004929456,-36.932433938941145,100 174.86625185975663,-36.93243502271294,100 174.8662536905612,-36.9324401170352,100 174.86625457710915,-36.93244157315233,100 174.86625684389915,-36.93245575132686,100 174.86625956237523,-36.93246230174846,100 174.86626138484684,-36.93247027681754,100 174.8662713675557,-36.93249101068751,100 174.8662722683429,-36.93249429355459,100 174.8662740798998,-36.9324986445907,100 174.8662754425849,-36.9325113831474,100 174.86627499737273,-36.93251283135446,100 174.86627500199697,-36.93252011033513,100 174.86627681468477,-36.9325328400161,100 174.86627955871694,-36.93254485743729,100 174.8662804424414,-36.9325539315479,100 174.8662809108195,-36.93256558635428,100 174.86628181697347,-36.93256775420511,100 174.86628228771548,-36.932571772097305,100 174.86628455487352,-36.93258085510808,100 174.86628544458867,-36.93258303944101,100 174.86628771430864,-36.93259867229754,100 174.86628907903167,-36.93260376042508,100 174.86629226934332,-36.93260921733986,100 174.86629406446522,-36.93261358485761,100 174.8662990675055,-36.932623394592056,100 174.8663004142508,-36.9326284821007,100 174.86630223396764,-36.93263247698691,100 174.86630404704195,-36.93264011240542,100 174.86630539581444,-36.932642659063525,100 174.86630631086646,-36.932647769581195,100 174.8663081255944,-36.9326528488326,100 174.86631040792366,-36.93266121866083,100 174.86631267230183,-36.93266632058805,100 174.86631492724808,-36.93267430418067,100 174.86631628419838,-36.93267649559036,100 174.8663208342256,-36.93269139227873,100 174.86632265082025,-36.93269977032846,100 174.86632309437357,-36.93270921008216,100 174.8663240070112,-36.9327135770493,100 174.86632492428345,-36.9327219548136,100 174.86632810778497,-36.93273357685693,100 174.86632855116872,-36.93273720941425,100 174.8663330806771,-36.93275066611655,100 174.86633308012563,-36.932753221364855,100 174.8663344309443,-36.932756496256225,100 174.86633489114124,-36.93276012764791,100 174.86633627103583,-36.932764502592825,100 174.86634035053356,-36.93279467772548,100 174.86634035519106,-36.93279868942356,100 174.8663412694786,-36.93280376840662,100 174.86634126077277,-36.93280667980412,100 174.8663421821186,-36.93280813537349,100 174.86634263974398,-36.93281359468063,100 174.86634354128736,-36.93281686221262,100 174.86634309976034,-36.93282812843077,100 174.86634262735976,-36.932831776283955,100 174.86634265658557,-36.93283868263272,100 174.86634085500643,-36.93284887332333,100 174.86634040629676,-36.93285468937782,100 174.86634039407195,-36.932861967721564,100 174.86633950513865,-36.932868147618,100 174.86633904401018,-36.932875433919094,100 174.86633860747742,-36.932877238010924,100 174.86633859694794,-36.932881961989736,100 174.8663381578208,-36.93288559309612,100 174.86633817469752,-36.932890704211346,100 174.86634044817325,-36.93291288869522,100 174.86633865582363,-36.93292088002209,100 174.86633458171934,-36.932931435414346,100 174.86633006701004,-36.932950717092744,100 174.8663291749097,-36.932956168773,100 174.86632735500018,-36.932963076246025,100 174.8663246546419,-36.93297071140285,100 174.86632329456165,-36.932972903157264,100 174.86631833815366,-36.9329892660962,100 174.8663169752797,-36.932995808561586,100 174.8663169915847,-36.93299836444619,100 174.86631606636524,-36.93300126140734,100 174.86631471979584,-36.93301035975731,100 174.8663120087072,-36.93302017897859,100 174.86630525366192,-36.93303654224728,100 174.8662957586509,-36.93305583280352,100 174.86629440632774,-36.9330576521909,100 174.8662939463213,-36.93305982889627,100 174.8662894415852,-36.933068564081864,100 174.86628447182952,-36.93308055943693,100 174.86628401217428,-36.93308275055785,100 174.86628220485528,-36.93308566318617,100 174.86627904740678,-36.93309366154745,100 174.86627678509214,-36.93309766741673,100 174.8662713417733,-36.933104931079036,100 174.86626367128767,-36.93311294629587,100 174.86626095964905,-36.93311694300346,100 174.8662564415725,-36.933121310605344,100 174.86624920686546,-36.93313075927967,100 174.86624469120338,-36.93313587043138,100 174.86624198973854,-36.9331402383221,100 174.86623609957257,-36.93314823907462,100 174.86623292623193,-36.9331536986687,100 174.86622886688087,-36.93315841508054,100 174.86622342766805,-36.93316386792617,100 174.8662189336483,-36.933170419044586,100 174.86620897377603,-36.93318206740552,100 174.8661954145775,-36.93319625637237,100 174.8661913424586,-36.933199160431,100 174.86617281719086,-36.93321518501997,100 174.8661664856739,-36.93322028144526,100 174.8661615035135,-36.93322537018228,100 174.8661569752498,-36.93322936659709,100 174.8661456754309,-36.93324136319141,100 174.86613800177682,-36.9332486510856,100 174.86613121430358,-36.93325737978044,100 174.86612895600547,-36.93325957122856,100 174.86612080916598,-36.93327047544006,100 174.86611902181298,-36.93327411511662,100 174.86611493082032,-36.933279560287744,100 174.8661117644992,-36.93328466374729,100 174.8661072516091,-36.93329048779368,100 174.86610001832878,-36.93330321904067,100 174.866097323488,-36.93330721457928,100 174.86609550171465,-36.933310870118866,100 174.86609235260113,-36.93331594266261,100 174.86608963112334,-36.93331958259866,100 174.86608736912203,-36.933323601979254,100 174.86607833573626,-36.93333305097107,100 174.86607517402976,-36.93333705474788,100 174.86607154456274,-36.93334033941286,100 174.86606748833327,-36.93334578313472,100 174.8660507741981,-36.933366143427826,100 174.8660498726618,-36.93336798637274,100 174.86603447959664,-36.93338727135834,100 174.86603041560156,-36.933393087445765,100 174.86602363586425,-36.933401443768226,100 174.86601865293403,-36.933406547833876,100 174.8660141564692,-36.93341235539492,100 174.86600917428643,-36.93341744412601,100 174.8659983211178,-36.93343127598331,100 174.8659955976134,-36.93343418858462,100 174.86599379801427,-36.933436727941206,100 174.86598928417098,-36.93344509191527,100 174.8659874653651,-36.933446935755285,100 174.86598385545108,-36.933454199433974,100 174.8659806985417,-36.93345964344078,100 174.86597842431635,-36.933462563402195,100 174.8659739186043,-36.93347057032555,100 174.86597254908003,-36.93347237555855,100 174.86597121915273,-36.933475666444366,100 174.86596803762396,-36.933481482181186,100 174.86596623434184,-36.933485850371596,100 174.8659585459967,-36.93349967394973,100 174.86595447495606,-36.93350584616634,100 174.8659531307735,-36.933507309400945,100 174.86594634215407,-36.93351276992055,100 174.86594363510622,-36.93351566693964,100 174.86592962318736,-36.93352842268342,100 174.86591333736627,-36.93354733501741,100 174.86590567252244,-36.93355751869653,100 174.86590384389126,-36.93355895980009,100 174.86590295306686,-36.9335618868624,100 174.86590115662347,-36.9335651544338,100 174.86589389925322,-36.93357570305226,100 174.86588575975568,-36.93358626643395,100 174.86586678944957,-36.93361208719592,100 174.8658586573325,-36.933622262892605,100 174.86584554839678,-36.93363645916574,100 174.86583333157418,-36.933648471943634,100 174.86582475110765,-36.93365610034531,100 174.86581977794813,-36.933661560270274,100 174.86581525115892,-36.93366557287289,100 174.86581117529428,-36.93367030485263,100 174.86580666180473,-36.933673573657714,100 174.86580123732236,-36.9336782979871,100 174.8657971721978,-36.933680845901556,100 174.8657822581265,-36.933692843374224,100 174.86577771837293,-36.93369577189233,100 174.8657713765949,-36.93370049621343,100 174.86576641939175,-36.933705229422316,100 174.86575103265503,-36.933718333026356,100 174.86574562298497,-36.933722329756016,100 174.86573882617444,-36.933728146413706,100 174.865735668516,-36.93373033756543,100 174.86573429121964,-36.93373251516263,100 174.86572887950996,-36.9337357836578,100 174.86571621834642,-36.93374670379671,100 174.8657062618776,-36.93375398517197,100 174.86569315918751,-36.933764525580386,100 174.86568954335925,-36.93376708175381,100 174.86568277469271,-36.933773270210885,100 174.86566692737205,-36.93378599617814,100 174.86564703272154,-36.933800573053475,100 174.86564025032106,-36.93380564589099,100 174.86563574074427,-36.93380967444017,100 174.86562805234365,-36.93381511843494,100 174.86561448480236,-36.93382639530593,100 174.8656099666696,-36.93383076378586,100 174.86560002199354,-36.93383912835259,100 174.86559141208485,-36.933845689137236,100 174.86556744835696,-36.93386205505833,100 174.8655556932066,-36.933869336741196,100 174.865550268522,-36.93387152114539,100 174.8655452872286,-36.933874069926304,100 174.86554032478386,-36.93387734577535,100 174.8655303606995,-36.93388242803726,100 174.8655109236653,-36.933894086439665,100 174.8655045818323,-36.93389880984632,100 174.8654851519146,-36.93391591840915,100 174.8654774439171,-36.93392065156148,100 174.86547519224382,-36.933922471549856,100 174.86546751162751,-36.93392754496997,100 174.86546387726509,-36.93392938758314,100 174.8654580105182,-36.9339337493048,100 174.865452580825,-36.93393701807012,100 174.86544490261429,-36.93394283503924,100 174.86542229043468,-36.93395739688821,100 174.8654032900465,-36.933967947001314,100 174.86539152967228,-36.93397377221865,100 174.86536754834222,-36.93398688641737,100 174.86536124132877,-36.93399161107211,100 174.86535670893156,-36.93399415189161,100 174.86534629416002,-36.93400179555696,100 174.86533454579617,-36.93401124568534,100 174.86533138813635,-36.93401343772784,100 174.86532233292496,-36.934021445796915,100 174.86532052812166,-36.934022529594955,100 174.8653123850582,-36.93402908302559,100 174.86530334263213,-36.93403563526209,100 174.86529836131962,-36.9340381840331,100 174.86528979078474,-36.93404364456841,100 174.86526941196618,-36.93405310408743,100 174.86526083534912,-36.93405638082013,100 174.86525585288948,-36.934058928706094,100 174.8652445557086,-36.93406330632468,100 174.8652413706427,-36.93406511122815,100 174.86523007231577,-36.93406948796206,100 174.86522418927436,-36.93407129378742,100 174.86522103862433,-36.93407312879455,100 174.86521877473646,-36.934073849360736,100 174.86521061779516,-36.93407859044986,100 174.865204728999,-36.93408149597394,100 174.86520293550774,-36.93408295183731,100 174.86520022509265,-36.934084423005885,100 174.8651898109027,-36.93408951231032,100 174.86518032015778,-36.934093518143214,100 174.86517036616934,-36.9340989706589,100 174.8651690219835,-36.93410043478618,100 174.8651708202681,-36.93410041915592,100 174.86516674733508,-36.934103339416566,100 174.8651608605459,-36.934106972271486,100 174.8651572561699,-36.93410732812918,100 174.86515273432482,-36.934110256342464,100 174.86515091971975,-36.93411098427091,100 174.86514777350675,-36.9341142450932,100 174.86514278642932,-36.93411789355762,100 174.86513961858898,-36.93411971441154,100 174.86513825714988,-36.934121161684445,100 174.8651332804583,-36.934122610766735,100 174.86513055986995,-36.9341237107501,100 174.8651283209749,-36.93412407490096,100 174.86512377673262,-36.9341255316109,100 174.8651210663364,-36.934127003678725,100 174.86511066912885,-36.93413463262674,100 174.86510660194662,-36.934136453185744,100 174.86510163244975,-36.93414008604988,100 174.8650980247221,-36.934142285155986,100 174.8650912254415,-36.93414735912912,100 174.865086247565,-36.93415391870733,100 174.8650835459994,-36.93415828657382,100 174.8650817355919,-36.93416300998279,100 174.8650799285759,-36.934165937910855,100 174.8650781117213,-36.934168462202464,100 174.86507631747656,-36.93416993339821,100 174.8650735985441,-36.934171746297665,100 174.86506817494603,-36.93417393066308,100 174.86505415280956,-36.93418374456042,100 174.86505052623392,-36.93418521659667,100 174.86504284885459,-36.93419176089166,100 174.8650387668421,-36.93419430904582,100 174.86503651477696,-36.93419611370976,100 174.86503470133493,-36.93419684342081,100 174.86503335710083,-36.934198305744694,100 174.86502791757368,-36.93420121862432,100 174.86502519810327,-36.934202318587744,100 174.86501888085877,-36.93420667114052,100 174.8650170673944,-36.934207399950346,100 174.86501390155652,-36.93420994813401,100 174.865009385376,-36.934215043925356,100 174.86500712463527,-36.934216492703975,100 174.86500486515462,-36.934218684149684,100 174.86499805956916,-36.934224144882506,100 174.864995815663,-36.93422559339648,100 174.8649944555013,-36.93422778423594,100 174.8649885907135,-36.93423287326852,100 174.8649813310515,-36.93423688640366,100 174.8649795242073,-36.934237241962826,100 174.8649768354281,-36.93424015399578,100 174.8649722983467,-36.93424379358239,100 174.86496686196702,-36.934247434675655,100 174.8649573680374,-36.934250712275194,100 174.86495421700013,-36.934252531959004,100 174.86494922551384,-36.93425471043324,100 174.864945147512,-36.934258713250266,100 174.86493883678412,-36.93426199763337,100 174.86493611581457,-36.93426308229589,100 174.8649329577595,-36.93426525901174,100 174.86492978008977,-36.934266723092186,100 174.86492798509323,-36.93426816365268,100 174.86492164621492,-36.93427107623224,100 174.8649139494599,-36.93427618141678,100 174.86491214667495,-36.934277993442834,100 174.86490716771476,-36.934281284847664,100 174.86490265008987,-36.93428309715226,100 174.86489902679816,-36.93428599411785,100 174.86489767593818,-36.934287829690405,100 174.86489586447883,-36.93428928583143,100 174.86488953744558,-36.93429328341144,100 174.86488547022753,-36.93429510306223,100 174.86487822699385,-36.93429909970939,100 174.86487325784879,-36.93430274788103,100 174.86486694153683,-36.934304559592654,100 174.86486240233177,-36.93430493372938,100 174.8648565196363,-36.934306754853765,100 174.8648529068842,-36.93431003831834,100 174.86484883152485,-36.93431221501811,100 174.86484474471305,-36.93431332293317,100 174.86484113885183,-36.93431366438361,100 174.8648370746555,-36.93431367323524,100 174.86483163217582,-36.93431512962071,100 174.86482622539543,-36.93431731371108,100 174.86482303958178,-36.93431913483897,100 174.8648194122485,-36.934320576235294,100 174.8648153570765,-36.934320955386596,100 174.86481036653308,-36.9343205930217,100 174.864802230705,-36.93432095063677,100 174.864799962542,-36.93432278619397,100 174.8647967993218,-36.934323507357014,100 174.86478459193978,-36.93433006780145,100 174.86478188780058,-36.93433115219615,100 174.86477961021697,-36.93433260123501,100 174.86477734669032,-36.93433333710966,100 174.86477554802659,-36.934333337417556,100 174.86476966621134,-36.934335885888366,100 174.8647628811644,-36.93433951841022,100 174.86475700550335,-36.93434098339818,100 174.86475383412,-36.93434206070935,100 174.86474842369515,-36.93434280544683,100 174.86474206854885,-36.93434316213143,100 174.86472940827227,-36.93434316357329,100 174.86471446063703,-36.934344259085215,100 174.86470994841028,-36.934345003234625,100 174.8647018196187,-36.93434500471129,100 174.86469275676305,-36.93434173825239,100 174.86468369744637,-36.9343373730292,100 174.86467175611392,-36.93433324324443,100 174.86466886838258,-36.934327439033794,100 174.86466657645047,-36.934324521404704,100 174.8646643135278,-36.934322702028,100 174.8646629573419,-36.934320495265304,100 174.8646561105127,-36.93431283882798,100 174.86465430168116,-36.93431246795023,100 174.8646521564522,-36.934311792301585,100 174.8646520112446,-36.93431154671922,100 174.86464521681324,-36.93430392100453,100 174.86464340798193,-36.9343035501266,100 174.8636489499207,-36.933986958571275,100 174.86349994213015,-36.933939543556036,100 174.86276073944495,-36.93439836302514,100 174.86276454943038,-36.934407604868376,100 174.86276321657144,-36.93441013595339,100 174.86276231983257,-36.93441411672847,100 174.8627614256082,-36.93441557196717,100 174.86276145282514,-36.934419180423,100 174.86276099268915,-36.93442135621626,100 174.8627614421985,-36.93442460112448,100 174.862761473567,-36.9344263969619,100 174.86276236206217,-36.93442858043943,100 174.86276236064805,-36.9344311050572,100 174.8627614899937,-36.934434727599246,100 174.86276149927522,-36.93443833723775,100 174.8627610473103,-36.93444015688167,100 174.86276107510108,-36.934447017288804,100 174.8627615425461,-36.93445026101432,100 174.8627629073482,-36.934452777718036,100 174.8627629246373,-36.934455332687236,100 174.8627638267451,-36.93446254891859,100 174.86276383072095,-36.93446400358569,100 174.8627633938261,-36.934468333167636,100 174.8627634149412,-36.93447556502307,100 174.86276298812425,-36.934477725872476,100 174.86276342731128,-36.934479901076514,100 174.86276345293535,-36.934482798416305,100 174.8627643595679,-36.934488217345795,100 174.86276437906812,-36.934494737184224,100 174.86276392722286,-36.934497253546134,100 174.86276304680365,-36.93450052112152,100 174.86276306220282,-36.93450304457418,100 174.8627626205605,-36.934505933922225,100 174.86276172996006,-36.93450882941242,100 174.86276173358502,-36.93451026966392,100 174.86276130824112,-36.93451244491133,100 174.86276039769515,-36.934514613349705,100 174.8627599621921,-36.93451641741289,100 174.86275996782686,-36.9345185858989,100 174.8627595265353,-36.934521489662544,100 174.86275953386627,-36.93452691008223,100 174.8627596412005,-36.93453090394709,100 174.86276014847775,-36.934533062760444,100 174.8627603627735,-36.934541035173574,100 174.86276086227443,-36.93454356635382,100 174.8627618379408,-36.93454573314129,100 174.86276233543194,-36.93454753608701,100 174.86276239182885,-36.934548976411904,100 174.86276384864416,-36.934553658443754,100 174.8627639289845,-36.93455728138851,100 174.86276359644143,-36.934561654399246,100 174.8627645921954,-36.93456524585745,100 174.86276465798016,-36.93456707179974,100 174.86276340726772,-36.93457071742935,100 174.86276166193937,-36.93457401569889,100 174.86276126162343,-36.934575835433805,100 174.86275999293133,-36.93457948044413,100 174.86275961809244,-36.93458165489917,100 174.86275968626362,-36.9345841784252,100 174.86276022567762,-36.93458816461004,100 174.862760529329,-36.934600130268635,100 174.86276161952142,-36.9346066324081,100 174.86276454083304,-36.93461492828774,100 174.8627659592761,-36.93461817241582,100 174.8627664619121,-36.93461949487757,100 174.86276646305265,-36.93461954172828,100 174.86276743206255,-36.934622126832274,100 174.86276941490507,-36.93462899983062,100 174.8627703812794,-36.9346315227849,100 174.86277094694302,-36.93463584925654,100 174.862771435771,-36.93463729631696,100 174.86277177823735,-36.93465071789854,100 174.86277288132845,-36.934658303221326,100 174.8627730172735,-36.934663380023075,100 174.86277267422057,-36.934667367433974,100 174.8627732136141,-36.934671352717686,100 174.8627732699895,-36.934672792141555,100 174.8627725073548,-36.934677900165816,100 174.86277213726356,-36.93468151485469,100 174.86277218586264,-36.93468332664545,100 174.86277135541064,-36.93468587959199,100 174.86276976400467,-36.93469425528263,100 174.8627693747134,-36.93469717355286,100 174.8627695103075,-36.934702235938985,100 174.8627683270156,-36.93470842042877,100 174.86276619928182,-36.934713536349626,100 174.86276370649483,-36.93472118259306,100 174.86276239942677,-36.93472338969975,100 174.86276199759308,-36.9347251932347,100 174.86275943000174,-36.93473068920235,100 174.8627577190677,-36.93473397070844,100 174.86275511119004,-36.93473799635487,100 174.8627542705997,-36.93474017901808,100 174.86275296149927,-36.93474165698921,100 174.86275034344,-36.93474531055037,100 174.8627499337097,-36.9347467897342,100 174.86274818597238,-36.934749343551516,100 174.8627460076717,-36.934751921248726,100 174.86274430729057,-36.9347555901564,100 174.8627421294822,-36.93475887988811,100 174.8627417190059,-36.93476032843875,100 174.8627374424642,-36.934769833245355,100 174.8627370589601,-36.93477165181508,100 174.8627357315284,-36.934773114751174,100 174.86273270371456,-36.93477824659479,100 174.86273097432834,-36.934780816347725,100 174.86272440088885,-36.93478853472047,100 174.86272262491363,-36.934790020917006,100 174.86272090218102,-36.934792218320524,100 174.86271913601374,-36.9347940612856,100 174.86271475993308,-36.93479920076079,100 174.86271170350798,-36.93480324966688,100 174.86270952370933,-36.93480581206451,100 174.86270521542068,-36.93481350571615,100 174.86270346882472,-36.93481606041625,100 174.86270222714236,-36.93482007724707,100 174.8627005185863,-36.93482410230351,100 174.86269753810583,-36.934830302368404,100 174.86269711002177,-36.93483176561622,100 174.86269582917643,-36.9348343121082,100 174.86269416015878,-36.93483977685256,100 174.86269376107805,-36.93484233925497,100 174.86269248840395,-36.93484452959759,100 174.8626912295126,-36.93484853137583,100 174.86268952912687,-36.93485220028278,100 174.86268822126496,-36.93485437495363,100 174.86268654913664,-36.934859112381986,100 174.86268393961473,-36.93486242510905,100 174.86268133483867,-36.93486717806992,100 174.8626774358061,-36.934872681403455,100 174.86267483807856,-36.93487707823247,100 174.8626709210875,-36.934882581847525,100 174.8626696507722,-36.93488551484002,100 174.86266789127802,-36.9348869863561,100 174.86266526491917,-36.9348902993469,100 174.86266397428597,-36.93489248997095,100 174.86266178780684,-36.93489542381609,100 174.86265957157505,-36.93489727384077,100 174.8626582624702,-36.934898751810934,100 174.86265517591292,-36.93490170157872,100 174.86264904030503,-36.9349083116666,100 174.86264774100755,-36.934910146405244,100 174.8626459650281,-36.93491163260073,100 174.86264555377787,-36.93491309558429,100 174.86264204803328,-36.93491713621491,100 174.86263812087924,-36.93492226864478,100 174.8626346445094,-36.93492742374639,100 174.86263202445147,-36.93493034997164,100 174.86262508074992,-36.934940985408886,100 174.86262244422886,-36.93494392721462,100 174.86262071483534,-36.93494649696606,100 174.86261634742493,-36.934951993224146,100 174.86261326196438,-36.93495494207233,100 174.8626102243498,-36.93495971804547,100 174.86260423487116,-36.93497177791934,100 174.8626029273997,-36.93497396880689,100 174.862601256737,-36.93497872063216,100 174.8625995191921,-36.934981647433645,100 174.86259888858623,-36.93498779801468,100 174.86259880474427,-36.93498855103025,100 174.8625955219391,-36.935000919958114,100 174.86259393915006,-36.93500965063096,100 174.86259229875108,-36.935016199212086,100 174.86259143970446,-36.93501767012141,100 174.86259067869076,-36.93502349106259,100 174.86258908522905,-36.935031137615624,100 174.86258867472665,-36.93503258526481,100 174.86258740403306,-36.93503550293994,100 174.86258520663915,-36.935038080933765,100 174.86258427649324,-36.93503949076735,100 174.86258302993863,-36.9350413706452,100 174.86258084034355,-36.93504357717306,100 174.86257864407153,-36.93504615514917,100 174.86257513555972,-36.93504948287768,100 174.86256672844507,-36.935056503543294,100 174.86256586792425,-36.93505796005446,100 174.86256105032376,-36.93506276665278,100 174.86255529859966,-36.93506757438455,100 174.86255224176102,-36.93507160706934,100 174.86254798164214,-36.93508109628912,100 174.86254490520653,-36.9350863073055,100 174.8625440940102,-36.93508766840423,100 174.86254407721498,-36.93508771643762,100 174.86254192675918,-36.93509134643532,100 174.86253804851304,-36.935098304167674,100 174.86253324232885,-36.93510417955052,100 174.8625297334396,-36.935107491961205,100 174.86252623006104,-36.93511227613979,100 174.8625236569298,-36.93511630033482,100 174.8625175166465,-36.93512401100027,100 174.86251495568038,-36.93512913461386,100 174.86251192898268,-36.93513426733573,100 174.86250929205605,-36.93513719292159,100 174.8625080021601,-36.93513941417725,100 174.86250625281514,-36.93514125687535,100 174.86250095777734,-36.93514568429457,100 174.8624987509689,-36.935147875768514,100 174.86249652643593,-36.93514938522174,100 174.86249300976544,-36.935153069998286,100 174.86248814482326,-36.93515676240432,100 174.8624850863649,-36.93516008307055,100 174.86248331817617,-36.93516119779789,100 174.8624793444139,-36.93516524666655,100 174.8624771645756,-36.93516780815928,100 174.86247494909918,-36.935169689714925,100 174.86247057099587,-36.935174101848304,100 174.86246393004024,-36.93517927954547,100 174.8624582049436,-36.9351844437774,100 174.86245644854625,-36.93518664260654,100 174.86245381035414,-36.93518887058989,100 174.86245204106385,-36.935189986235365,100 174.86245071401444,-36.93519146538608,100 174.86244407109265,-36.935195916649626,100 174.8624422766551,-36.93519669108939,100 174.8624400596418,-36.93519850957614,100 174.86243741168576,-36.93520038259248,100 174.86242938097766,-36.935203402697056,100 174.86242266989208,-36.935205330433185,100 174.86241953584437,-36.9352064683867,100 174.86241685778725,-36.935207243166495,100 174.86241237784674,-36.93520913229971,100 174.86239003072203,-36.935217463107946,100 174.8623837865541,-36.935219384419405,100 174.86238153152223,-36.93521977941687,100 174.86237882640563,-36.935220180572735,100 174.86237611974303,-36.93521987241446,100 174.86237027898753,-36.93522070040643,100 174.86235864532063,-36.935224137547394,100 174.86235147716167,-36.935226430272586,100 174.86234845747805,-36.93523120595791,100 174.862346671328,-36.935232320964964,100 174.86234581077917,-36.935233776573675,100 174.862344483705,-36.9352352548223,100 174.86234028636505,-36.93523800658943,100 174.8623386670442,-36.93523891798542,100 174.8623354776117,-36.93523994864715,100 174.862332753444,-36.935240259067534,100 174.862330447276,-36.93524132094109,100 174.86232721802762,-36.9352434374156,100 174.86232402077246,-36.93524483864195,100 174.8623221963317,-36.93524516469349,100 174.8623198999478,-36.93524658243453,100 174.86231667067696,-36.935248698007776,100 174.86231437319248,-36.935250116667284,100 174.8623106848235,-36.93525186809767,100 174.86230793765262,-36.93525326316546,100 174.86230469079632,-36.93525539433662,100 174.86230237140913,-36.93525789672528,100 174.8623000351865,-36.935260399377974,100 174.86229678994073,-36.935263242565945,100 174.86229448579923,-36.935265033574396,100 174.86229216403288,-36.93526679241173,100 174.86229076625287,-36.93526822580147,100 174.8622884550382,-36.935270372040556,100 174.86228660596078,-36.93527106982154,100 174.86228430845313,-36.93527248757953,100 174.86228109403174,-36.9352738755542,100 174.8622778897454,-36.93527563381208,100 174.86227513316157,-36.93527668832803,100 174.86227191168882,-36.93527843243421,100 174.86226960754624,-36.935280223442184,100 174.86226728463458,-36.935281981395676,100 174.86226498824857,-36.93528339913572,100 174.8622608120025,-36.93528697167115,100 174.8622575827283,-36.93528908724286,100 174.86225436050503,-36.935290846682754,100 174.862248415212,-36.9352929156225,100 174.86224430811257,-36.93529393183252,100 174.86224019431262,-36.93529531858973,100 174.8622369813846,-36.93529672186223,100 174.8622323941666,-36.93529918591041,100 174.86222964699252,-36.93530058097646,100 174.862226868131,-36.935302703904135,100 174.86222454563426,-36.935304478975375,100 174.86222130855742,-36.935306966012064,100 174.86221720458423,-36.93530871043815,100 174.86221441591613,-36.93531047659688,100 174.8622107447719,-36.935312243977805,100 174.8622075405042,-36.935314003134835,100 174.86220477534954,-36.935315397580986,100 174.86220202151773,-36.9353171649957,100 174.8621983171901,-36.93531964493897,100 174.86219375372323,-36.93532100900357,100 174.86219100729318,-36.93532243470192,100 174.86218823510842,-36.93532418618042,100 174.86218593759733,-36.93532560393658,100 174.86218408148807,-36.93532665874875,100 174.86218177732007,-36.93532844885413,100 174.86217762530924,-36.93533163343927,100 174.86217392913204,-36.9353337563315,100 174.862172106693,-36.93533481061539,100 174.86217023460836,-36.9353365930426,100 174.86216881181565,-36.935338382844364,100 174.86216786556875,-36.93533982357213,100 174.86216693505668,-36.93534126495443,100 174.8621654755508,-36.93534486788515,100 174.86216497747344,-36.935346316005095,100 174.86216400824364,-36.93534884228178,100 174.86216321045242,-36.935350062561916,100 174.8621630111317,-36.93535036132072,100 174.8621628907819,-36.935351044605646,100 174.86216309197192,-36.93535276026626,100 174.86216304708498,-36.935354929544594,100 174.86216328344074,-36.9353566599761,100 174.8621635201693,-36.935358405724195,100 174.86216375764747,-36.935360136138115,100 174.86216384656475,-36.935361529084595,100 174.86216499744154,-36.9353644826846,100 174.86216639664016,-36.93536698263167,100 174.86216663299606,-36.93536871306316,100 174.8621665877145,-36.935370866123925,100 174.86216612871505,-36.93537313563423,100 174.86216566576903,-36.935376488592276,100 174.8621649247592,-36.935379165415256,100 174.8621644668601,-36.93538143400696,100 174.86216430818334,-36.93538326437121,100 174.8621638452934,-36.93538472816303,100 174.86216346193024,-36.93538526144735,100 174.86216194203288,-36.93538790542007,100 174.8621614698547,-36.935389633444125,100 174.8621599315829,-36.93539226057994,100 174.86215893496188,-36.935394445686136,100 174.86215743728084,-36.935397956379575,100 174.86215590015303,-36.93540058439871,100 174.86215433819103,-36.93540233041568,100 174.86215225332504,-36.93540455061569,100 174.86215125670364,-36.93540673572182,100 174.86214864664893,-36.935409382370715,100 174.86214655011312,-36.935411169219044,100 174.86214287992334,-36.935414267831604,100 174.86214078853124,-36.93541562016324,100 174.86213655449532,-36.935418294985354,100 174.86213440497121,-36.93541878115937,100 174.8621322734267,-36.9354192679527,100 174.8621288516151,-36.93542002374576,100 174.862125842794,-36.93542067932448,100 174.86211997789647,-36.93542254600282,100 174.86211624935862,-36.935423477856645,100 174.86211040782104,-36.935426212138694,100 174.86210296891696,-36.93542937616446,100 174.8620955205837,-36.93543215277032,100 174.86209021361836,-36.93543484622019,100 174.86208758098977,-36.935436657698766,100 174.86208334042595,-36.935438464650844,100 174.8620796300807,-36.935440697723344,100 174.86207271671384,-36.93544344971424,100 174.86206308826652,-36.93544494818744,100 174.8620560930352,-36.93544595109907,100 174.86205312617528,-36.935446900749305,100 174.8620504114093,-36.935447551714574,100 174.86204289000966,-36.9354495867759,100 174.86203582994796,-36.93545203191267,100 174.86203076792108,-36.93545417892441,100 174.86202707122365,-36.93545757268058,100 174.86202442749226,-36.93546021985494,100 174.8620218244876,-36.935462464402114,100 174.8620207233871,-36.9354640012944,100 174.86201752910492,-36.93546741691476,100 174.86201442403447,-36.93546965401292,100 174.8620102835602,-36.93547262119343,100 174.8620061255226,-36.93547560487297,100 174.86200002960652,-36.93547849816581,100 174.86199488427675,-36.93548142071574,100 174.8619923297777,-36.93548289026829,100 174.86199122236943,-36.93548481392523,100 174.86198853643552,-36.935487849327956,100 174.8619854243288,-36.935490489425455,100 174.86198232631298,-36.93549232442371,100 174.86197972216175,-36.93549456808664,100 174.86197664838835,-36.93549601513727,100 174.8619735671855,-36.935497848970336,100 174.86197099472778,-36.93549931880404,100 174.86196742904403,-36.9355011295897,100 174.86196391076714,-36.93550216629981,100 174.8619588244921,-36.93550470125612,100 174.86195423010483,-36.93550687157605,100 174.86195066444225,-36.93550868326219,100 174.8619490784862,-36.935510181789965,100 174.86194597341202,-36.93551241888642,100 174.86194341891095,-36.93551388843796,100 174.86194054749106,-36.935519682982914,100 174.86193840544334,-36.93552236825542,100 174.86193241018648,-36.93552326174133,100 174.86192996914107,-36.935523164823,100 174.861927396287,-36.93552461843825,100 174.8619233696574,-36.935526035363864,100 174.86191787090405,-36.93552735369637,100 174.86191534064494,-36.935528435299844,100 174.86191230645218,-36.9355294788384,100 174.86190727571656,-36.9355308357985,100 174.8619052467514,-36.93553193928428,100 174.86190218943764,-36.935533370752474,100 174.8619001675074,-36.9355340712381,100 174.86189462692494,-36.935535793115235,100 174.86189208925742,-36.9355372624017,100 174.86189005011892,-36.93553794783458,100 174.86188608843682,-36.9355385732834,100 174.86188354021917,-36.93553965516781,100 174.8618805236105,-36.935540683107384,100 174.8618769638573,-36.93554209180893,100 174.86187293834814,-36.93554350871528,100 174.86186990452688,-36.93554456756936,100 174.8618667579976,-36.93554717755872,100 174.86186312032467,-36.935550182816996,100 174.8618614866249,-36.93555248787179,100 174.86185930903503,-36.93555514305537,100 174.86185771716333,-36.93555704456446,100 174.86185509803863,-36.93555931910436,100 174.86185293765638,-36.93556198934042,100 174.8618498083339,-36.93556461438195,100 174.8618467271471,-36.93556644911283,100 174.86184417853332,-36.935567514778874,100 174.8618410973682,-36.935569350410596,100 174.86183753167802,-36.935571161192506,100 174.86183297796734,-36.935572927078894,100 174.86183199421095,-36.93557365725123,100 174.86183023841613,-36.93557523595412,100 174.861827249773,-36.93557796694743,100 174.86182549989104,-36.93557914266778,100 174.86182154221325,-36.93558117861648,100 174.86181669644975,-36.935583631380595,100 174.86181400379567,-36.93558449921175,100 174.86181224413116,-36.93558531906416,100 174.86180965115503,-36.9355872840405,100 174.86180570174156,-36.935589659656486,100 174.86180391585395,-36.93559014012256,100 174.86180215693884,-36.93559094464064,100 174.86179670782346,-36.93559158079182,100 174.86179131345983,-36.935592944350255,100 174.86178903328684,-36.935593044999415,100 174.86178631553165,-36.93559357342613,100 174.8617800225325,-36.935594966397474,100 174.86177330839158,-36.93559677066452,100 174.8617692787517,-36.935598064151414,100 174.86176530306977,-36.935600098577936,100 174.8617609595026,-36.93560325640886,100 174.86175785269742,-36.935604130732735,100 174.86175610358106,-36.93560533798624,100 174.86175307071414,-36.93560768210383,100 174.86174819683438,-36.93560976396246,100 174.8617424086498,-36.93561187728235,100 174.86173881814764,-36.93561280696004,100 174.86173708624312,-36.93561398329853,100 174.86173044414778,-36.93561722584053,100 174.8617277979341,-36.93561847960757,100 174.86172389423123,-36.9356212573939,100 174.86171949626493,-36.935623656264085,100 174.86171773662036,-36.935624477016106,100 174.86171511590098,-36.93562608640427,100 174.86171335623442,-36.93562690625525,100 174.861710251428,-36.9356285088126,100 174.8617071555429,-36.93562978585369,100 174.86170492899734,-36.93563061392642,100 174.86169870166623,-36.93563313701966,100 174.86169290220172,-36.93563487917042,100 174.86168934921884,-36.935636520300655,100 174.86168580328953,-36.93563780529903,100 174.86168133412937,-36.93563949324181,100 174.8616777878052,-36.93564076202238,100 174.86167517686596,-36.93564272727748,100 174.8616730507851,-36.9356446849302,100 174.86166996320708,-36.93564630344014,100 174.8616695030626,-36.93564654229403,100 174.86166778007342,-36.93564743908273,100 174.8616651556035,-36.935648894403,100 174.86166076795325,-36.935650379171435,100 174.8616550414487,-36.9356522589796,100 174.86164845077215,-36.935654154139705,100 174.8616418613277,-36.93565674600002,100 174.86163794292784,-36.935658966097314,100 174.86163532821644,-36.93566077638377,100 174.86163230188095,-36.93566403523508,100 174.86163017288322,-36.93566656527058,100 174.86162754210324,-36.935668407354974,100 174.8616253958972,-36.93567092233778,100 174.86162237771535,-36.93567382413853,100 174.8616193399487,-36.93567601330264,100 174.86161803006522,-36.93567746062891,100 174.86161499232026,-36.9356796506939,100 174.8616123776076,-36.93568146097988,100 174.8616115349976,-36.93568291630214,100 174.86160934258947,-36.93568436304427,100 174.86160634284667,-36.935687976597826,100 174.8616041785719,-36.93568979514367,100 174.86160247187735,-36.93569196163496,100 174.86160073698326,-36.93569306140622,100 174.86159770194232,-36.93569596256936,100 174.8615928838285,-36.93569816792945,100 174.8615898013761,-36.93569930505241,100 174.86158716709977,-36.93570040360226,100 174.86158459781493,-36.93570329656127,100 174.86156883272594,-36.9357106785812,100 174.86156798191624,-36.935712489151555,100 174.86156715539516,-36.93571391357641,100 174.86156537627656,-36.9357146724405,100 174.86156279795904,-36.93571719419708,100 174.8615601836384,-36.935719020699516,100 174.86155755791032,-36.93571977841599,100 174.8615553560917,-36.93572088460595,100 174.86155317185813,-36.93572197519776,100 174.8615505665684,-36.935724172901985,100 174.86154796908264,-36.935725999140224,100 174.86154492390668,-36.935728530018686,100 174.86154273186864,-36.93572999207623,100 174.86153880368113,-36.935731856302596,100 174.8615366010074,-36.93573223514089,100 174.8615348758705,-36.93573368987806,100 174.86153233704945,-36.93573511230644,100 174.86153223380992,-36.935735160793676,100 174.86152839854032,-36.935737890632154,100 174.861526475456,-36.93573905464255,100 174.86152408472486,-36.93574019533996,100 174.86152026666275,-36.935742940230824,100 174.86151881948885,-36.93574446722195,100 174.86151644005085,-36.935746025954344,100 174.8615140258415,-36.935747586133154,100 174.8615121340388,-36.935747959195794,100 174.86151019336887,-36.93574913880408,100 174.86150783774846,-36.93575223030716,100 174.8615059118432,-36.935754570583256,100 174.86150447561138,-36.935756501193744,100 174.86150209572347,-36.935759979743196,100 174.86150018667513,-36.93576232065624,100 174.86149828740753,-36.93576501743707,100 174.86149636743835,-36.935766955631514,100 174.86149397707854,-36.93576811164492,100 174.8614910955938,-36.935769663826775,100 174.8614862913739,-36.935772394433975,100 174.86148151530855,-36.9357754977458,100 174.86147673844928,-36.935778614589665,100 174.86147434848337,-36.93577978682027,100 174.861470986026,-36.935782106354495,100 174.86146812287066,-36.93578367357087,100 174.8614657141795,-36.935784814548676,100 174.86145996636623,-36.935789095796466,100 174.86145662421006,-36.93579220366648,100 174.861454719081,-36.93579336739425,100 174.8614518375945,-36.935794919575194,100 174.86144896626107,-36.93579684294048,100 174.86144512674724,-36.935798798609504,100 174.86144178536168,-36.93580189204591,100 174.86143699168565,-36.93580501005318,100 174.86143316234612,-36.93580733780722,100 174.86143029101174,-36.93580926117208,100 174.8614283855267,-36.935810456451186,100 174.8614202332892,-36.93581471590522,100 174.8614163937737,-36.93581667157334,100 174.86141617193192,-36.935816783209546,100 174.8614161375333,-36.93581679997259,100 174.8614140034111,-36.93581782758522,100 174.8614111398587,-36.935819378582714,100 174.8614082587648,-36.93582094698021,100 174.86140586136437,-36.935822505992014,100 174.86140395511143,-36.9358236697366,100 174.86140155808792,-36.93582519809756,100 174.86139965369796,-36.93582643842502,100 174.8613991947132,-36.935826725029614,100 174.86139696792017,-36.93582818943203,100 174.86139518134755,-36.93582928820786,100 174.86139432000692,-36.93583071227609,100 174.8613912181135,-36.93583432742574,100 174.8613894503954,-36.9358361550733,100 174.8613876650527,-36.93583795054964,100 174.86138668026112,-36.93583928461857,100 174.8613863301711,-36.93583975518778,100 174.86138324038984,-36.93584192983896,100 174.8613801149622,-36.93584337768415,100 174.86137564100287,-36.93584556141648,100 174.86137343177208,-36.935847009319374,100 174.86137122289188,-36.93584847163785,100 174.86136720877894,-36.93585100418201,100 174.86136543163488,-36.93585244440966,100 174.86136276418128,-36.93585425641836,100 174.86136054512596,-36.935855346651245,100 174.8613556499808,-36.935857893908185,100 174.86135342116705,-36.935858629174085,100 174.86135300740585,-36.93585869785157,100 174.8613511822005,-36.93585899325551,100 174.86134805402477,-36.935859728199304,100 174.86134628505778,-36.93586081227732,100 174.86134315070123,-36.935862631605104,100 174.86134139076444,-36.93586408688506,100 174.86134007544152,-36.935866603258404,100 174.86133874103834,-36.935869119930835,100 174.86133654193694,-36.93587093811654,100 174.8613343167657,-36.935873115436,100 174.86133164023647,-36.935874554440055,100 174.861328525461,-36.93587708640415,100 174.86132789702935,-36.93587751536935,100 174.86132786260876,-36.93587753123137,100 174.8613258590842,-36.93587889659252,100 174.8613214226609,-36.93588179267804,100 174.86131561218946,-36.93588506812746,100 174.86131384361593,-36.93588616842257,100 174.86130850978233,-36.93588979061818,100 174.8613049507471,-36.9358912299364,100 174.86130137564348,-36.93589270105261,100 174.8612973599019,-36.93589452067635,100 174.861295597967,-36.9358952477209,100 174.86129248117106,-36.93589705054834,100 174.86129070329667,-36.93589850701007,100 174.86128893012105,-36.93590140280519,100 174.8612876198549,-36.935902834811465,100 174.86128495872026,-36.9359067990701,100 174.86128186549797,-36.935910771003506,100 174.86127742545105,-36.935912225934494,100 174.86127383076436,-36.93591298441323,100 174.86127163291124,-36.935915500199386,100 174.8612703050812,-36.935916948704545,100 174.86126896039383,-36.93591839657263,100 174.86126718249656,-36.93591985213307,100 174.8612659776158,-36.935920677701745,100 174.86126390265687,-36.935922014438134,100 174.86126101815887,-36.935923443180975,100 174.86125808512415,-36.93592564601664,100 174.86125586379933,-36.935927612365624,100 174.8612551622635,-36.93592822093767,100 174.86125233572065,-36.935929539712156,100 174.8612513185956,-36.93593000631627,100 174.86124650797436,-36.935932520697605,100 174.86124500918925,-36.93593400342855,100 174.8612416742287,-36.93593542300859,100 174.86123780594102,-36.93593758101759,100 174.8612358566939,-36.93593905458606,100 174.86123295421498,-36.93594048270878,100 174.86123104295783,-36.93594079478224,100 174.86122770801862,-36.93594221526288,100 174.86122387215497,-36.93594362917468,100 174.86122004295257,-36.93594467073702,100 174.86121594494017,-36.93594564711142,100 174.86121576408183,-36.935945689604544,100 174.86121049324356,-36.93594779388778,100 174.86120617451442,-36.9359499436343,100 174.861201847106,-36.93595173659424,100 174.86119844609175,-36.93595390259965,100 174.86119361232093,-36.935956804007766,100 174.86119025276096,-36.93595859711822,100 174.86118925524931,-36.935960100833,100 174.8611867965253,-36.93596190866457,100 174.8611843401865,-36.9359645069158,100 174.86118189086437,-36.93596670126591,100 174.8611789578476,-36.93596890500069,100 174.86117414834385,-36.93597141936162,100 174.86117073989462,-36.93597397214882,100 174.86116590612144,-36.93597687355588,100 174.86116107868085,-36.93597938909876,100 174.8611572040776,-36.93598193387022,100 174.8611524008614,-36.93598406056438,100 174.8611475902334,-36.935986574941865,100 174.861145181163,-36.93598765462949,100 174.86114229661638,-36.93598908156761,100 174.8611384209116,-36.93599162725704,100 174.86113311988234,-36.935994521565924,100 174.8611259064932,-36.93599772886497,100 174.86111778354896,-36.9360005168861,100 174.86111252756663,-36.93600189356741,100 174.86111160018635,-36.93600212622321,100 174.8611075981573,-36.93600317139231,100 174.86110182110093,-36.936005097933815,100 174.86109646006383,-36.936007048598945,100 174.86109156592963,-36.9360089919453,100 174.86108573070877,-36.93601198926389,100 174.86108125257164,-36.936013955832784,100 174.86107766366385,-36.936015598409405,100 174.86107589981737,-36.9360162470659,100 174.86107368557433,-36.93601688926232,100 174.86107101311114,-36.936017849596254,100 174.86106789170245,-36.93601881696709,100 174.8610661095254,-36.93601945058835,100 174.86106164085936,-36.93602176041075,100 174.8610598422193,-36.93602240961239,100 174.86105664554313,-36.936025129426326,100 174.86105350034674,-36.93602714991072,100 174.8610512282725,-36.93602883043184,100 174.8610476576718,-36.936030487141714,100 174.86104317843214,-36.93603245462779,100 174.8610382666877,-36.936034412669116,100 174.86103424641772,-36.936036046683256,100 174.86102757867576,-36.93603828371602,100 174.86102264193784,-36.93604059907095,100 174.86101689028547,-36.93604218541277,100 174.86101510962425,-36.93604283523325,100 174.86101018934855,-36.936045135007205,100 174.86100483771222,-36.936047426219645,100 174.86099993416695,-36.93604902901104,100 174.8609968045987,-36.93605035343041,100 174.8609927577954,-36.936052327656455,100 174.86099007009366,-36.93605400026978,100 174.86098828943193,-36.936054650089865,100 174.8609856169663,-36.93605561042194,100 174.8609797742861,-36.93605894764972,100 174.86097481253051,-36.93606161941597,100 174.8609703258575,-36.93606392771458,100 174.86096727128887,-36.93606418109152,100 174.86096150167566,-36.9360657677122,100 174.86095664147354,-36.93606702912374,100 174.86095395920677,-36.93606763268624,100 174.86095217744395,-36.93606828342437,100 174.86095081402777,-36.936069654069,100 174.8609485087774,-36.93607204805181,100 174.86094533706628,-36.93607440964771,100 174.86094218173596,-36.93607605984575,100 174.86093815326018,-36.93607804910513,100 174.8609341748362,-36.936079326438886,100 174.86093260417647,-36.93608071655525,100 174.8609318953451,-36.936081394641356,100 174.8609270412543,-36.93608355367006,100 174.86092132224124,-36.93608569741246,100 174.8609151460804,-36.93608820343939,100 174.8609102888953,-36.93608963515114,100 174.86090808706118,-36.93609069536223,100 174.86090279270087,-36.93609321821283,100 174.86089662484395,-36.93609606570873,100 174.86088957722166,-36.93609962641669,100 174.86088428396056,-36.936102148347935,100 174.86088031050718,-36.936104276447544,100 174.86087722850792,-36.936106079620195,100 174.86087545803352,-36.93610714839247,100 174.86087371367483,-36.93610785983295,100 174.8608719513583,-36.93610857155484,100 174.86086797827676,-36.93611071497063,100 174.86086621598199,-36.93611142759342,100 174.86086269331912,-36.93611357837084,100 174.86085961217205,-36.93611606292718,100 174.8608569888958,-36.936118214931064,100 174.86085522076868,-36.93611998038619,100 174.86085347181998,-36.93612248822791,100 174.8608521436059,-36.93612392141207,100 174.86085037431235,-36.936125685082764,100 174.8608473131146,-36.93612889759221,100 174.86084290373012,-36.93613281443127,100 174.86083894316647,-36.93613602661476,100 174.8608345490188,-36.93613923117235,100 174.86083057865474,-36.93614208658668,100 174.86082795537678,-36.93614423858996,100 174.8608253164884,-36.93614708755774,100 174.8608204652351,-36.936150656201264,100 174.86081783957005,-36.93615206375189,100 174.86081431692585,-36.93615421542893,100 174.86080989491592,-36.9361563667799,100 174.8608054991683,-36.93615885931915,100 174.86080020679657,-36.93616206443289,100 174.86079537110783,-36.936164934308906,100 174.8607918312544,-36.936167070932584,100 174.86078874848357,-36.93616884256889,100 174.8607870049921,-36.93617028226061,100 174.86078391406267,-36.93617241094714,100 174.8607794932975,-36.93617525989872,100 174.8607755385402,-36.936177418346716,100 174.86077157639605,-36.93617991941174,100 174.86076584136114,-36.936182789861306,100 174.86076364817743,-36.936184205955364,100 174.86076188585807,-36.93618491767569,100 174.8607588035021,-36.936186706429794,100 174.86075704277974,-36.93618813016737,100 174.86075396199874,-36.9361906300377,100 174.86075132148702,-36.93619276608565,100 174.860746458831,-36.93619526594006,100 174.86074295142126,-36.93619670533392,100 174.86073719598213,-36.93619813669476,100 174.86073651100742,-36.93619836464744,100 174.86073089034676,-36.9362003518125,100 174.86072677675665,-36.93620110398581,100 174.8607209047048,-36.936203326729185,100 174.8607172705323,-36.93620518632108,100 174.86071318591814,-36.936207037649524,100 174.86070909424555,-36.936209245109616,100 174.86070502995238,-36.936211839707866,100 174.86070094608743,-36.93621367570172,100 174.86069368714502,-36.93621773543559,100 174.86068827232975,-36.936222877596094,100 174.8606805926796,-36.936230598772525,100 174.8606765303532,-36.93623392070376,100 174.86067200191545,-36.93623723641958,100 174.8606688534272,-36.936239814862255,100 174.86066702736758,-36.936242014757134,100 174.86066252788274,-36.936246428727266,100 174.86066115890665,-36.936248263635264,100 174.86065801278068,-36.93625158562918,100 174.86064896214893,-36.936257827591405,100 174.86064398094268,-36.936260439260444,100 174.8606398950832,-36.936261547017374,100 174.86063671763947,-36.93626302720459,100 174.86061765673654,-36.93627007768736,100 174.860612213675,-36.93627156543676,100 174.860605844634,-36.93627269725426,100 174.86059949750884,-36.93627528435891,100 174.86059358756353,-36.936276780325095,100 174.8605863414649,-36.936279383319025,100 174.86058178960988,-36.93628122844507,100 174.8605781554083,-36.936283087131905,100 174.86057227046783,-36.936286765700906,100 174.8605699990533,-36.93628787386477,100 174.8605663750221,-36.93629010463681,100 174.86056232209165,-36.93629376711573,100 174.8605577905333,-36.93629635461004,100 174.86055100860742,-36.93630077730267,100 174.8605482753667,-36.936303348333915,100 174.86053741898652,-36.93630999443421,100 174.86052519051208,-36.93631774722275,100 174.86052338240435,-36.936319946834175,100 174.86051615635063,-36.9363265603813,100 174.86051299103977,-36.93632913998484,100 174.86051118800134,-36.93633025522935,100 174.8605089368823,-36.936332105761274,100 174.86050529526676,-36.936334306162145,100 174.86050029406468,-36.936336142102526,100 174.8604998400385,-36.93633469358607,100 174.8604993954637,-36.9363361733084,100 174.86049758387088,-36.93633762938549,100 174.86049577933719,-36.93633872933077,100 174.860493511382,-36.93634058012623,100 174.8604908011879,-36.936342067409036,100 174.86048898760575,-36.93634279525108,100 174.8604858203043,-36.936344646618984,100 174.86048310192828,-36.93634649005103,100 174.8604799295343,-36.936349424884554,100 174.86047813517067,-36.93635089691514,100 174.86047677673133,-36.936353119223305,100 174.86047405798234,-36.93635494733856,100 174.86047135087674,-36.93635716193735,100 174.86046681931148,-36.936359749428355,100 174.86046454787132,-36.93636085668932,100 174.86045958693225,-36.93636416385177,100 174.8604573010175,-36.93636601492795,100 174.86045478727686,-36.936367731672085,100 174.8604546002255,-36.936367842761385,100 174.86045151820537,-36.936369645923484,100 174.86044931722293,-36.936371434378955,100 174.86044666729276,-36.936373229869076,100 174.86044405377208,-36.936375737732305,100 174.86044139565976,-36.9363778893717,100 174.86043875353855,-36.93637931339565,100 174.86043566335763,-36.93638147360773,100 174.86043259740526,-36.936383244971395,100 174.86043038814074,-36.936384692857544,100 174.86042555478977,-36.93638826030336,100 174.86041981308253,-36.93639150398725,100 174.8604176117044,-36.93639327622461,100 174.86041673387626,-36.936394715866676,100 174.86041499159415,-36.936396852254006,100 174.8604127835505,-36.936398996840644,100 174.86041015045404,-36.93640079206619,100 174.8604083912369,-36.93640223199885,100 174.86040529906592,-36.936403663975206,100 174.86040133573152,-36.93640616324407,100 174.8603964914024,-36.936408679020936,100 174.86038986713737,-36.93641192120963,100 174.86038457435285,-36.936415156956464,100 174.86037973000066,-36.93641767183169,100 174.8603753341799,-36.93642016255378,100 174.8603722537713,-36.93642267863228,100 174.86036962341092,-36.93642518675777,100 174.86036741536518,-36.93642733134361,100 174.86036564646966,-36.93642911212605,100 174.8603638955101,-36.936430891726104,100 174.86036215633592,-36.936433756330096,100 174.86035907751986,-36.93643698442569,100 174.86035644676426,-36.93643947633333,100 174.86035424697673,-36.93644196058696,100 174.86034807439276,-36.9364459086399,100 174.8603436625224,-36.93644843205979,100 174.86034059855285,-36.93645093165618,100 174.8603392882595,-36.9364523636526,100 174.8603361980509,-36.936454522961235,100 174.86033267701606,-36.936457388444005,100 174.8603287151494,-36.93645990210861,100 174.86032430091765,-36.936461681976255,100 174.8603190179024,-36.936465273588325,100 174.8603128433273,-36.936468493404526,100 174.86030666797978,-36.936471727653625,100 174.8603031464286,-36.93647387929862,100 174.8602996143518,-36.936475690409665,100 174.86029212796362,-36.936480326020835,100 174.86028551189224,-36.93648321295556,100 174.860280675715,-36.93648537167754,100 174.86027625207768,-36.93648681099204,100 174.86027271801257,-36.93648789386732,100 174.86026962187822,-36.936487916238654,100 174.8602652052029,-36.93648830270253,100 174.86026209345317,-36.93648902203827,100 174.86026033930457,-36.93648937760205,100 174.86025812023652,-36.93649046871614,100 174.86025546015,-36.93649189301757,100 174.86025238518042,-36.93649334004291,100 174.86024975048434,-36.93649442324765,100 174.86024710835545,-36.93649584726754,100 174.86024444864094,-36.93649728688531,100 174.86024047430112,-36.936498733580194,100 174.86023607021255,-36.9365008846293,100 174.86023209711425,-36.936503028925706,100 174.86022991405886,-36.936504816195004,100 174.8602285803803,-36.93650731842281,100 174.860228614877,-36.93651053829679,100 174.86022820517036,-36.93651266732317,100 174.86022657187615,-36.936515638424694,100 174.86022644094905,-36.93651588743752,100 174.86022326902997,-36.93651953520057,100 174.86021918438632,-36.93652392643097,100 174.86021418949653,-36.93652796238136,100 174.86021099875438,-36.936530882172875,100 174.86020964502708,-36.93653454561406,100 174.86020783576095,-36.9365367443376,100 174.86020375780365,-36.9365407641191,100 174.86020148167435,-36.936542971959646,100 174.86019966223847,-36.93654479859746,100 174.8601969266623,-36.93654662787141,100 174.86019421334518,-36.93654992684863,100 174.86018965982717,-36.93655359805915,100 174.86018556973443,-36.936556518420424,100 174.86018374835544,-36.936557618624946,100 174.86018193910994,-36.93655981824909,100 174.86017739424327,-36.93656384534479,100 174.86017332247985,-36.936566780740925,100 174.860170586508,-36.93656859379674,100 174.8601669538962,-36.93657116538997,100 174.8601623922144,-36.93657519364988,100 174.860158759602,-36.936577765242866,100 174.8601569550358,-36.936578864282275,100 174.86015557554404,-36.936580313584585,100 174.86015241058038,-36.936585448413915,100 174.86014786804702,-36.936590218159196,100 174.8601446941572,-36.93659313858626,100 174.86014288837652,-36.93659349495723,100 174.8601387845335,-36.9365946029789,100 174.86013470734446,-36.93659606840668,100 174.86013015305736,-36.93659716816258,100 174.8601251436673,-36.93659936113816,100 174.8601192383863,-36.936602297316504,100 174.86011559361663,-36.936603768587595,100 174.86011378436808,-36.936605968210756,100 174.86011151913124,-36.93660853190015,100 174.8601096919245,-36.9366107318046,100 174.86010786584004,-36.93661293169145,100 174.86010607415474,-36.93661511481561,100 174.86010377770455,-36.93661657938411,100 174.86010197428092,-36.9366176793061,100 174.8600974356265,-36.93662062291548,100 174.86009562289686,-36.93662207900436,100 174.86009377488293,-36.93662282270229,100 174.86009107370072,-36.93662463521128,100 174.8600883482441,-36.93662683476655,100 174.8600860697512,-36.936628299053375,100 174.8600842463837,-36.93662867102143,100 174.86009553891012,-36.93663118635069,100 174.86009572970832,-36.93663122932887,100 174.8600998612865,-36.93663047689534,100 174.86010170345307,-36.93663083199736,100 174.8601058174456,-36.936630095161554,100 174.8601145568969,-36.93663155538337,100 174.86011775084268,-36.93663264641583,100 174.86012051852205,-36.93663264541789,100 174.86012509553836,-36.93663372740067,100 174.86012924976868,-36.93663446088703,100 174.86013337041936,-36.93663593758656,100 174.86013566305218,-36.93663630185448,100 174.86013843035116,-36.93663887142518,100 174.86014257330436,-36.936641819629656,100 174.8601471902015,-36.93664694340452,100 174.86014858930216,-36.93664879442694,100 174.860150391199,-36.93665280410815,100 174.86015041029606,-36.936652850677575,100 174.86015044979862,-36.93665692312131,100 174.8601499919136,-36.93665984155674,100 174.8601491105502,-36.936665015418754,100 174.86014775443238,-36.93666798037409,100 174.86014364045232,-36.936671303998,100 174.86014226168157,-36.93667278303241,100 174.86013630441082,-36.93667575157231,100 174.86013404188964,-36.93667648734371,100 174.86012486800107,-36.93668205070151,100 174.86012074969742,-36.93668390343902,100 174.86011754755737,-36.936685754441754,100 174.86011115582562,-36.9366905729852,100 174.8601029235161,-36.936695748443846,100 174.86009327802157,-36.936699832911835,100 174.86009053301328,-36.93670132073108,100 174.86008734300404,-36.93670427115272,100 174.86008507505008,-36.9367061228418,100 174.86008369739994,-36.936707601857975,100 174.86008095906996,-36.936711304114304,100 174.86007913534002,-36.93671424755238,100 174.86007732175685,-36.93671756217508,100 174.86007640556065,-36.93672014889412,100 174.86007597110066,-36.936721998898726,100 174.8600759832446,-36.93672568510505,100 174.86007552266497,-36.936727892441375,100 174.86007555272312,-36.936731576564405,100 174.8600751058141,-36.93673490042136,100 174.86007510615448,-36.93673750072265,100 174.86007377394634,-36.936742650100946,100 174.8600719549088,-36.93674707974117,100 174.86006510716942,-36.936754848234095,100 174.8600618972796,-36.93675707340434,100 174.86005134221165,-36.936760784551076,100 174.8600435650393,-36.936764868588206,100 174.86003763982143,-36.93676707771013,100 174.86003577732512,-36.936768565222614,100 174.8600339617654,-36.936768565723995,100 174.86002755787973,-36.93676969805685,100 174.86002479021724,-36.936769699953715,100 174.86001196485273,-36.93677452013437,100 174.86000829584185,-36.936776380250684,100 174.86000188687825,-36.93677859694902,100 174.85999776856636,-36.93678044968246,100 174.85999409757034,-36.936781581563324,100 174.85999180694012,-36.93678194642878,100 174.85998860283024,-36.93678307009416,100 174.8599858641118,-36.93678417024513,100 174.8599812816201,-36.936786789160585,100 174.85997853152926,-36.936789361344225,100 174.85997579628955,-36.936791205029024,100 174.8599744175134,-36.93679268406161,100 174.85997352397584,-36.936794170815176,100 174.8599712333316,-36.936797121565995,100 174.85996940996782,-36.93680008031912,100 174.85996895087945,-36.9368023029541,100 174.85996759871264,-36.93680413759094,100 174.85996715610943,-36.93680634554657,100 174.85996623792425,-36.93680820402981,100 174.85996577734105,-36.93681041136578,100 174.85996441691665,-36.9368119063345,100 174.85996259514226,-36.936815577104994,100 174.8599566577237,-36.93682444355958,100 174.85995209444792,-36.93682776069547,100 174.85994569637685,-36.93683296599553,100 174.8599397734926,-36.93683850455016,100 174.85993655884636,-36.93684182759869,100 174.85992011880896,-36.936856979435326,100 174.85991510343558,-36.93686216036997,100 174.85990822520992,-36.93686881439941,100 174.85989999992933,-36.936873633712935,100 174.85989363591162,-36.93688398140562,100 174.85988769850184,-36.936892848758,100 174.85988404705165,-36.93689727915857,100 174.85988360281246,-36.9368987732945,100 174.85987949510402,-36.93690170924382,100 174.8598776626888,-36.9369042958924,100 174.85987583387927,-36.93690578377606,100 174.8598666900097,-36.93691244535245,100 174.85986486861765,-36.93691354555238,100 174.8598611952624,-36.93691652066446,100 174.8598589147733,-36.93691725671217,100 174.85985572514045,-36.936920223345545,100 174.85985021318396,-36.93692428360419,100 174.85984656878793,-36.93692577108509,100 174.85984197772603,-36.93692873082826,100 174.85983098155015,-36.93693208022567,100 174.85982777743152,-36.93693320388691,100 174.8598236701097,-36.93693356926514,100 174.8598190723749,-36.936934314570046,100 174.85981357799253,-36.936935818409744,100 174.85981128735668,-36.93693618327187,100 174.859808535272,-36.93693802721674,100 174.85980670410518,-36.93693877154772,100 174.85980167425728,-36.936942110407415,100 174.85979662880322,-36.936943606313044,100 174.85979249797674,-36.93694434430332,100 174.8597874579799,-36.9369447251909,100 174.8597851744061,-36.93694473392071,100 174.85977782693726,-36.93694547993317,100 174.85976682963354,-36.936948829342356,100 174.85975949937205,-36.9369495904066,100 174.85975674532517,-36.93695070701621,100 174.8597507879944,-36.93695108784981,100 174.85974803009805,-36.936951445608535,100 174.85973703862268,-36.936953695313925,100 174.85973520076436,-36.93695481109224,100 174.85973200293947,-36.93695554708498,100 174.8597246703228,-36.93695815138229,100 174.85972008743926,-36.9369607549715,100 174.85971551866444,-36.93696518621547,100 174.85970590986818,-36.936969997442446,100 174.8597027014315,-36.93697223700149,100 174.85969766772797,-36.93697481700623,100 174.85969446087842,-36.93697776858258,100 174.8596880667414,-36.93698184355274,100 174.85968623706697,-36.93698260318094,100 174.85968211288287,-36.93698555470401,100 174.8596793698159,-36.93698776984831,100 174.85967342612338,-36.936991853084876,100 174.8596683755819,-36.93699443335211,100 174.8596619814421,-36.93699850832092,100 174.85965878165317,-36.937001103764544,100 174.85964736938286,-36.93701218757548,100 174.8596418800761,-36.9370151478601,100 174.85963774846954,-36.937018487065295,100 174.8596308995423,-36.93702366876534,100 174.85962953054974,-36.937025504563266,100 174.8596245209997,-36.93702958668622,100 174.8596171782241,-36.937034406579386,100 174.85961125292525,-36.93703920066584,100 174.85960941160926,-36.93703957380916,100 174.85960485840633,-36.93704326031515,100 174.85960025867783,-36.93704586416364,100 174.85959478505424,-36.93705141008607,100 174.85959019980754,-36.9370532701188,100 174.85958289179936,-36.93705808856402,100 174.85957830384407,-36.93706177741595,100 174.85957374948936,-36.937068049824404,100 174.85957238284755,-36.937070629173434,100 174.8595696533941,-36.93707395903423,100 174.8595641879253,-36.93708173469195,100 174.85956237431142,-36.93708504930744,100 174.85955916509408,-36.93708984411563,100 174.8595568990474,-36.93709500901533,100 174.8595546290613,-36.93709871834575,100 174.85955187893958,-36.937103877307074,100 174.85954779421556,-36.93711090127026,100 174.85954461665983,-36.937117553201624,100 174.85954280068606,-36.937122711052126,100 174.85953824396654,-36.93713082669459,100 174.85953735314155,-36.93713307231347,100 174.85953644088903,-36.937134528712065,100 174.85953599195273,-36.93713712343139,100 174.8595350742171,-36.93713969394672,100 174.8595346272391,-36.93714301600018,100 174.8595319146113,-36.93714893238351,100 174.85953011309124,-36.93715593230445,100 174.85952739773177,-36.93716367660634,100 174.85952329418657,-36.93716997259734,100 174.85952285587956,-36.937173651437455,100 174.85952193728528,-36.937175493699996,100 174.85951874762225,-36.93718104711185,100 174.8595155434819,-36.937184757552025,100 174.8595137396357,-36.93718842803499,100 174.85951008938656,-36.93719101520716,100 174.85950779675466,-36.93719323861553,100 174.85950415580675,-36.93719805640753,100 174.85950323376585,-36.93719656924978,100 174.85950092863706,-36.937197677921546,100 174.85949864850818,-36.937198429279235,100 174.85949834060838,-36.93719855758214,100 174.85949498725628,-36.937199917013494,100 174.85949024114947,-36.93719903955054,100 174.85948902526567,-36.937198813433994,100 174.85948671270233,-36.93719772210108,100 174.85948486268856,-36.93719773755489,100 174.85947434669993,-36.93720292169642,100 174.85946981775837,-36.93720622115131,100 174.85946847148983,-36.9372102395873,100 174.85946437860213,-36.937214987843845,100 174.85946303583756,-36.93721716392788,100 174.85946167462976,-36.937218627357055,100 174.8594612120284,-36.93722010555528,100 174.85945984267804,-36.93722192693577,100 174.85945897260655,-36.93722558099138,100 174.85945669922586,-36.93723178432409,100 174.85945487854002,-36.93723545506992,100 174.8594535361252,-36.93723764556948,100 174.85945355692007,-36.93723910177609,100 174.8594517260899,-36.937242401337116,100 174.85944992580428,-36.937247512071906,100 174.8594485631011,-36.937248960201906,100 174.85944676979707,-36.937250431299276,100 174.8594444912733,-36.93725189557449,100 174.85944267805345,-36.9372526396189,100 174.85943994712426,-36.93725336829187,100 174.85943722435957,-36.93725373991442,100 174.8594354072933,-36.93725372510794,100 174.8594343892603,-36.937253462543495,100 174.85943129750962,-36.937252650202836,100 174.8594285915806,-36.937253021561524,100 174.8594267600302,-36.93725375057031,100 174.8594226807907,-36.93725448683872,100 174.85941859448698,-36.9372555792388,100 174.85940609592853,-36.93725712695391,100 174.85940359612917,-36.937257432892864,100 174.85939951688923,-36.937258169160486,100 174.85939720218778,-36.93725763667741,100 174.85939633159737,-36.937257434895976,100 174.85938815315825,-36.93725817857569,100 174.85938588867714,-36.937258187900255,100 174.8593804389397,-36.9372607446635,100 174.85937816078655,-36.937262224254106,100 174.8593754878951,-36.937263446841115,100 174.85937498250982,-36.93726367287495,100 174.8593708934978,-36.937264053273424,100 174.85936726233206,-36.937264053355506,100 174.8593617650401,-36.93726354457373,100 174.8593604821954,-36.937263427662835,100 174.85935952893144,-36.937263335334166,100 174.85935499257263,-36.93726443568136,100 174.85935181779664,-36.937264087917036,100 174.85934771083836,-36.93726188180883,100 174.85934544127764,-36.937260434679885,100 174.8593431662653,-36.93725751578153,100 174.8593399601812,-36.93725532530882,100 174.85933816963208,-36.93725496938682,100 174.85933359343468,-36.93725202793915,100 174.85932859174488,-36.937248025992254,100 174.859326761323,-36.93724621416218,100 174.85932039883002,-36.93724110507301,100 174.85931856294997,-36.93724036229321,100 174.85931537803177,-36.937239643343084,100 174.85931039982046,-36.937237808701084,100 174.85930582786426,-36.93723564232068,100 174.8593026449026,-36.9372356507044,100 174.85929946973388,-36.937235286721055,100 174.85929401796338,-36.93723383264044,100 174.85929113125752,-36.93723355697554,100 174.85928675182777,-36.93723312171821,100 174.8592840189197,-36.93723312215244,100 174.8592808507854,-36.93723494195559,100 174.85927721578364,-36.93723677087221,100 174.85927493725688,-36.937238235144264,100 174.859272209777,-36.937239706446654,100 174.85926813918508,-36.93724079859554,100 174.85926178141733,-36.93724299913033,100 174.85925722710002,-36.93724409975502,100 174.85925450472868,-36.937244487590974,100 174.85924725737405,-36.93724704455674,100 174.859245439043,-36.937248872064224,100 174.85924133207286,-36.93724925273944,100 174.85923861091246,-36.93725033727605,100 174.8592336315318,-36.93725362935448,100 174.8592295515078,-36.93725692086933,100 174.859224552563,-36.93725950031001,100 174.85922273857435,-36.937260212816916,100 174.85922137738302,-36.93726167714444,100 174.85921912385572,-36.93726278410144,100 174.8592173024458,-36.937263884291866,100 174.859212765674,-36.937267555203356,100 174.85921049346575,-36.93726863270918,100 174.85920821493673,-36.937270096980015,100 174.8592059645086,-36.9372719321544,100 174.8592018794276,-36.93727376811651,100 174.85920006813805,-36.937275238590516,100 174.85919643276014,-36.937277052188165,100 174.8591936974839,-36.93727889585582,100 174.85918871575012,-36.937281444380645,100 174.85918645442825,-36.937282923704046,100 174.85918419038487,-36.937283644158995,100 174.85917736879892,-36.93728658021831,100 174.85917420577005,-36.937287316552656,100 174.8591696534256,-36.93728914540928,100 174.8591656585159,-36.937291088116545,100 174.85915902114482,-36.93729513622249,100 174.85915725885636,-36.93729649777023,100 174.85915594778209,-36.93729789912121,100 174.85915462775375,-36.9372996250874,100 174.85915288269496,-36.937301002589045,100 174.8591515626665,-36.93730272855521,100 174.85914937846832,-36.937304470756885,100 174.85914673024521,-36.937308279739526,100 174.8591449855583,-36.93730967255766,100 174.8591397135807,-36.93731557132323,100 174.85913796852128,-36.937316948824666,100 174.85913182227435,-36.93732318755719,100 174.85912964624103,-36.93732457270815,100 174.8591278851835,-36.93732663185748,100 174.8591261401236,-36.93732800935875,100 174.8591252431642,-36.93732940242243,100 174.85912261949687,-36.937332188923726,100 174.8591208428353,-36.93733494593858,100 174.85911865515664,-36.93733913257271,100 174.859115981951,-36.9373432997697,100 174.8591129328583,-36.93734572158853,100 174.85911118073216,-36.93734745522143,100 174.85910897780732,-36.937349166169426,100 174.85910681858678,-36.9373505501554,100 174.85910329175212,-36.937355768137074,100 174.85910197174354,-36.93735749500372,100 174.859100642315,-36.93735888041774,100 174.8590993407243,-36.93736131903836,100 174.8590988770044,-36.937362705318165,100 174.85909710898906,-36.9373658182185,100 174.85909663987326,-36.93736896936638,100 174.85909662510716,-36.93737034861643,100 174.85909572315074,-36.937373476798186,100 174.85909570448328,-36.937376636215355,100 174.85909609960365,-36.93737977383099,100 174.85909691031296,-36.93738291755779,100 174.85909690579868,-36.93738536561225,100 174.85909730204153,-36.93738850321029,100 174.85909728650336,-36.93738989689354,100 174.8590985485211,-36.937393731175014,100 174.8590998483904,-36.93739514932751,100 174.85910026646508,-36.93739655154365,100 174.85910155022702,-36.93739795372459,100 174.85910196830176,-36.93739935594073,100 174.8591023704881,-36.93740213742448,100 174.85910234900683,-36.93740388722199,100 174.85910318599423,-36.937407373038674,100 174.85910311160532,-36.93741364558454,100 174.8591004806281,-36.93741747142119,100 174.85909873666617,-36.93741884800355,100 174.859095593637,-36.93742096214023,100 174.8590924424196,-36.93742343242622,100 174.85909017093334,-36.937424493694756,100 174.8590842128893,-36.937428081401286,100 174.85908104202167,-36.93742914233098,100 174.85907782819385,-36.937430560855766,100 174.85907463974007,-36.93743163738308,100 174.85907281795187,-36.93743272225482,100 174.8590687192302,-36.93743339662518,100 174.85906690488568,-36.937434094714234,100 174.85906506428557,-36.937434451614244,100 174.85906096793371,-36.93743587043716,100 174.85905459805298,-36.93743761958963,100 174.8590505008692,-36.937438311060376,100 174.85904866072826,-36.93743937999536,100 174.85904320862417,-36.93744114722451,100 174.85903956776676,-36.93744148814718,100 174.85903365469923,-36.93744286060496,100 174.85903184107656,-36.9374435884257,100 174.85902953674858,-36.93744537757214,100 174.85902769777334,-36.9374464482912,100 174.85901766637588,-36.93745036836596,100 174.85901356098074,-36.93745141508389,100 174.8590094426787,-36.93745391763476,100 174.85900761072523,-36.93745463041973,100 174.859005316188,-36.93745677633492,100 174.8590007708794,-36.93745820218522,100 174.85899711678547,-36.937459985425036,100 174.85899343092944,-36.93746249472427,100 174.85898888832384,-36.93746463257421,100 174.85898614882174,-36.93746570206986,100 174.85898384293276,-36.937466780098774,100 174.85898158630425,-36.93746711286645,100 174.85897930504544,-36.93746781826467,100 174.8589761142632,-36.93746815213854,100 174.85897383497945,-36.9374695857719,100 174.8589679077482,-36.93747171555659,100 174.85895836202803,-36.93747307368267,100 174.85895471607725,-36.93747449896988,100 174.8589524266512,-36.93747556141799,100 174.85894559771205,-36.93747694821108,100 174.85893555109482,-36.93748158236234,100 174.85892962351127,-36.937483697729526,100 174.85892505477747,-36.937486192908665,100 174.8589204777466,-36.93748834661742,100 174.85891683181623,-36.93748977280447,100 174.8589150751669,-36.93749136680082,100 174.85891409736178,-36.937492297850476,100 174.85890915941766,-36.9374952170218,100 174.8589069234649,-36.93749630837539,100 174.85890509894804,-36.93749668034358,100 174.8589033119498,-36.93749776466807,100 174.85889837354694,-36.93749997180372,100 174.85889341334456,-36.93750142036943,100 174.8588902600512,-36.93750251166379,100 174.85888845856329,-36.93750433980351,100 174.85888400631848,-36.93750797873441,100 174.85887632483278,-36.93750981420857,100 174.8588691310218,-36.93751309767816,100 174.85886510731845,-36.937515288689134,100 174.85886285145406,-36.937515652988786,100 174.85885969308887,-36.93751782955046,100 174.85885566073836,-36.93751966467528,100 174.85885162019846,-36.937521855949406,100 174.85884847359824,-36.93752257579424,100 174.85884216740232,-36.937524774598145,100 174.85883991502777,-36.937525883332654,100 174.85883496496368,-36.937527703080875,100 174.85883227273806,-36.93752988676511,100 174.85883001882496,-36.937530978398456,100 174.85882553909778,-36.93753353256874,100 174.85882372748839,-36.93753499042364,100 174.85881159374821,-36.93754046482231,100 174.85880980672573,-36.93754154824448,100 174.85880484689096,-36.9375430121232,100 174.8588017037793,-36.93754447640213,100 174.85879631687243,-36.9375474025976,100 174.85879542106466,-36.93754884341075,100 174.85878914144504,-36.937553938636775,100 174.85878420309808,-36.93755684158553,100 174.85877655529836,-36.93755867742725,100 174.85877157548947,-36.93755871843376,100 174.8587652841509,-36.937560188734864,100 174.85876214771085,-36.937561280663346,100 174.85875225062554,-36.93756564656906,100 174.8587500068947,-36.93756711118778,100 174.85874731578764,-36.93756929485263,100 174.8587455225688,-36.93757146355955,100 174.85874281352514,-36.937573648406406,100 174.85874013448745,-36.93757692968933,100 174.85873745204785,-36.937579470140804,100 174.85873566857512,-36.937581993814895,100 174.85873341812643,-36.937583828980806,100 174.85873208240196,-36.93758564892535,100 174.85872536443873,-36.937591835297724,100 174.85871996426312,-36.937596202907436,100 174.8587065111948,-36.937606021579235,100 174.85870202329113,-36.93760893279548,100 174.85869841681222,-36.93761184463419,100 174.8586926084243,-36.93762164007012,100 174.85868905200832,-36.937627074819524,100 174.85868637105978,-36.937629630568956,100 174.85868458992877,-36.93763289779425,100 174.85868189099975,-36.937635452923736,100 174.8586791967656,-36.93763944918959,100 174.85867608063566,-36.93764452012361,100 174.85867293632288,-36.937648523435094,100 174.85866982335898,-36.937651783568455,100 174.85866218611443,-36.93765724344351,100 174.85865992744985,-36.93765943385657,100 174.858658154135,-36.937662329615485,100 174.85865456285893,-36.93766706909092,100 174.8586523324198,-36.937670328928256,100 174.8586505375959,-36.93767178471516,100 174.8586496448566,-36.93767395284406,100 174.8586465173771,-36.93767795589134,100 174.85864519139525,-36.93768013080231,100 174.85864294216935,-36.93768266356872,100 174.8586344117798,-36.93769032132078,100 174.85863037944662,-36.93769539307623,100 174.85862815877377,-36.93769900878147,100 174.85862548683846,-36.937701935732086,100 174.8586223542607,-36.93770702314595,100 174.85862100130166,-36.93770882713531,100 174.8586178886753,-36.937714643404234,100 174.85861700650827,-36.93771789385215,100 174.858613877851,-36.93772443683545,100 174.85861165914835,-36.937728780775714,100 174.85860762915553,-36.93773459608239,100 174.85860540178473,-36.93773858323569,100 174.85860140428795,-36.9377469379519,100 174.85860005834328,-36.93775092572843,100 174.858598725685,-36.93775347298837,100 174.85859516300724,-36.93776253294017,100 174.85859339005972,-36.937765444014815,100 174.85858805868003,-36.93777560242099,100 174.85858445881018,-36.937780681826325,100 174.8585804261128,-36.937785785132,100 174.8585795486067,-36.93778724007819,100 174.85857775455096,-36.93778868143087,100 174.8585737245307,-36.93779449583552,100 174.85856967934845,-36.93779848440402,100 174.85856745746455,-36.93780140340709,100 174.85856431784262,-36.93780430613117,100 174.8585620787504,-36.93780721008109,100 174.8585585070511,-36.93781012137123,100 174.85855535256385,-36.93781375259396,100 174.85855223211007,-36.937819940327344,100 174.85855090575112,-36.93782209992076,100 174.85854910582492,-36.9378246400734,100 174.85854732113532,-36.93782646704378,100 174.85854553097667,-36.9378293630647,100 174.85854285824584,-36.93783225757845,100 174.85853256308644,-36.93784824860744,100 174.85852626042418,-36.93785188854949,100 174.85852357794613,-36.9378544280955,100 174.85852179130617,-36.937855527731166,100 174.8585213458973,-36.93785697501187,100 174.85852045157532,-36.93785843112215,100 174.8585200152275,-36.93786025140731,100 174.85851776594856,-36.93786278236957,100 174.85851553234423,-36.93786461816909,100 174.85851328511288,-36.93786533834829,100 174.85851057603043,-36.93786752228923,100 174.8585092495871,-36.93786898516351,100 174.8585052024049,-36.93787224459368,100 174.85850118176535,-36.93787516381075,100 174.8584980135856,-36.93787698359407,100 174.85849487715055,-36.93787807641688,100 174.8584894769199,-36.937882443115846,100 174.8584854532081,-36.93788463501564,100 174.8584800682357,-36.937888289432934,100 174.8584773591515,-36.937890473373166,100 174.85847016640963,-36.937893756802275,100 174.85846568517655,-36.937896296561696,100 174.85845984780232,-36.93789921537214,100 174.8584544406004,-36.9379014000841,100 174.8584508422675,-36.93790395486542,100 174.8584490650206,-36.937905395051764,100 174.85844591910924,-36.93790868633995,100 174.85844235289568,-36.93791376521425,100 174.8584405506215,-36.93791556181343,100 174.85843967350525,-36.93791703297624,100 174.85843652375632,-36.937919565413196,100 174.85843382483097,-36.93792212143841,100 174.85843067655418,-36.93792466827329,100 174.85842799444242,-36.93792722313387,100 174.8584262008562,-36.937929377420716,100 174.8584253084579,-36.937931559963715,100 174.85842352573297,-36.93793411516769,100 174.85841590440924,-36.93793884561054,100 174.85840824874276,-36.937941052895745,100 174.85840643473009,-36.93794176539077,100 174.8584046480864,-36.93794286502477,100 174.8584019737923,-36.93794504841876,100 174.8583970205611,-36.937948680752186,100 174.85839430987463,-36.93795015177191,100 174.8583929752583,-36.937951971695355,100 174.8583911800509,-36.937953412161974,100 174.85838715315927,-36.937957414859206,100 174.85838355486524,-36.93795997144054,100 174.85837996432457,-36.937962153852816,100 174.8583759292625,-36.93796651360009,100 174.85837461139997,-36.93797087227822,100 174.85837280839436,-36.9379726851116,100 174.85837012897707,-36.93797595197115,100 174.85836700619834,-36.937978855327806,100 174.85836160597518,-36.93798322292227,100 174.85835711646075,-36.93798542210849,100 174.85835395963724,-36.93798831067525,100 174.85834950771104,-36.93799196490391,100 174.8583467966938,-36.93799342240793,100 174.8583436585501,-36.937996340425585,100 174.85834187003775,-36.937997409443035,100 174.85833871395727,-36.93800032864263,100 174.8583342263885,-36.93800325516242,100 174.85832975688047,-36.93800687902066,100 174.8583274982181,-36.938009070328796,100 174.85832479694474,-36.93801088279972,100 174.85832122522692,-36.93801379408313,100 174.85831896310057,-36.93801524185671,100 174.8583135839615,-36.93801779656544,100 174.85830908357636,-36.938019640800135,100 174.858305054336,-36.93802289994278,100 174.85830234366696,-36.93802437186146,100 174.8582992021007,-36.93802654814556,100 174.85829741815087,-36.93802835977824,100 174.8582942667958,-36.938030179292866,100 174.85828797461772,-36.93803420572446,100 174.85828671212522,-36.93803548192356,100 174.85828341200585,-36.93803820328316,100 174.85828248286117,-36.938039659035404,100 174.85827975580762,-36.93804184325245,100 174.85827745026307,-36.9380429365849,100 174.85827378780814,-36.93804437743226,100 174.8582701183211,-36.93804622218074,100 174.85826828634626,-36.938046934954805,100 174.85826644806792,-36.93804803539491,100 174.85826001432798,-36.9380538612718,100 174.8582572587023,-36.93805496164811,100 174.85825497503055,-36.93805751026885,100 174.85825268826773,-36.93805933067174,100 174.8582494441823,-36.93806153920393,100 174.85824716716377,-36.938063714574106,100 174.85823615552704,-36.938071013650095,100 174.85823295256043,-36.938072834872216,100 174.8582297120165,-36.93807648365707,100 174.8582274401202,-36.93807757556063,100 174.85822052971375,-36.93808305377574,100 174.85821594520078,-36.93808559514228,100 174.85821413192684,-36.93808633826772,100 174.8582095572016,-36.93808923640338,100 174.85820587717865,-36.938090693747384,100 174.85820358137593,-36.93809214204586,100 174.8582012762008,-36.93809325069351,100 174.8581948620498,-36.938097248384324,100 174.85819074287775,-36.93809907042464,100 174.85818570828204,-36.938101618834075,100 174.8581815863758,-36.93810268110451,100 174.85817975477076,-36.938103409193864,100 174.85817518317742,-36.938104494725614,100 174.8581701384646,-36.93810667285041,100 174.85816693510097,-36.938108477853234,100 174.8581661610857,-36.93811183656626,100 174.85814681246208,-36.9381120618631,100 174.8581404194735,-36.93811166078046,100 174.85813815148222,-36.9381109256465,100 174.858136749586,-36.93811348930737,100 174.85813583963485,-36.93811568924806,100 174.8581316954101,-36.93811786679832,100 174.85812755825515,-36.938119688216595,100 174.8581230011567,-36.938120029930886,100 174.8581193308964,-36.93812184314068,100 174.8581161259575,-36.93812293612436,100 174.85811156218256,-36.93812365018767,100 174.8581083615806,-36.938123627269675,100 174.85810562046888,-36.93812398472808,100 174.85809967753846,-36.938123575698604,100 174.8580973950503,-36.93812358437937,100 174.8580932845928,-36.938123176415395,100 174.8580882687478,-36.93812316838506,100 174.85808232471697,-36.938122760273245,100 174.85808051926148,-36.93812313193065,100 174.85807684396573,-36.93812348958686,100 174.85807182508168,-36.93812270917253,100 174.85806952461328,-36.938122717232815,100 174.85806359614799,-36.93812415207496,100 174.85806086283486,-36.93812413716531,100 174.8580585615243,-36.93812669957817,100 174.85805717568243,-36.93812853742467,100 174.8580539577959,-36.938131085339066,100 174.85804936268826,-36.938135826084775,100 174.8580475181783,-36.93813801090647,100 174.8580452149441,-36.93813984688563,100 174.85804155484027,-36.938142032179066,100 174.8580392449073,-36.9381442396066,100 174.8580374000249,-36.93814640911153,100 174.85803557075582,-36.93814788075077,100 174.85803282015678,-36.938150436674356,100 174.8580309896934,-36.9381511656449,100 174.85802639540438,-36.938153351135995,100 174.858024573562,-36.93815443509144,100 174.85801906306855,-36.93815662140025,100 174.8580153947702,-36.93815916284236,100 174.85801035822007,-36.93816098391015,100 174.85800668556078,-36.938164640352525,100 174.8580039471417,-36.938165709808914,100 174.8580021237264,-36.93816608174618,100 174.85799845542704,-36.938168623187785,100 174.85799476869735,-36.938170451973924,100 174.85798744026863,-36.938175177806194,100 174.8579860442432,-36.938176642664935,100 174.85798327996517,-36.93818066975498,100 174.85797962489002,-36.938184310598935,100 174.8579763976272,-36.93818651886053,100 174.85797361140752,-36.93819163058112,100 174.85796946908243,-36.93819712314941,100 174.85796579333123,-36.93820005137273,100 174.85796210819305,-36.93820259307674,100 174.85795571474586,-36.93820476255478,100 174.8579538862242,-36.93820621885865,100 174.8579534087181,-36.93820842555064,100 174.85795155707493,-36.93821355329086,100 174.85795059269765,-36.938217581056584,100 174.85794874812498,-36.93822235266488,100 174.85794826160392,-36.93822418815425,100 174.85794644488584,-36.93822418864223,100 174.85794416359437,-36.93822489402137,100 174.85794233544402,-36.93822636564169,100 174.8579409335392,-36.93822892930045,100 174.85794044118407,-36.93823186539227,100 174.85793999576222,-36.93823331267107,100 174.8579376799897,-36.93823662069921,100 174.8579363062018,-36.938239556162905,100 174.8579358263793,-36.938241020203755,100 174.85793352704854,-36.93824431175078,100 174.85792846029742,-36.938250160383525,100 174.85792753153729,-36.93825163235078,100 174.85792661375717,-36.93825420375606,100 174.85792430541105,-36.93825712410034,100 174.8579242924841,-36.93825857993371,100 174.85792247334717,-36.938260422756336,100 174.85792152971626,-36.93826262322245,100 174.85791922331325,-36.93826627090109,100 174.8579178362994,-36.93826810696168,100 174.857913708465,-36.938272855712675,100 174.85791093516534,-36.93827651159857,100 174.85790864168865,-36.93827870344366,100 174.85790634041217,-36.93828126765574,100 174.857902665405,-36.938284180543064,100 174.85789944558536,-36.93828600202005,100 174.8578975707693,-36.93829479939393,100 174.85789616648688,-36.938299207189175,100 174.85789522953206,-36.93830103530564,100 174.85789427723105,-36.938306161590475,100 174.85789289758392,-36.93831019675522,100 174.85789196770003,-36.938311668739786,100 174.8578868683271,-36.93832338727416,100 174.85788504213846,-36.938325587129135,100 174.85788454433424,-36.93832705054983,100 174.85788317492683,-36.9383288719134,100 174.85787765574722,-36.93833398403496,100 174.85787488480256,-36.93833838437313,100 174.8578716688881,-36.938341661419344,100 174.85786982546875,-36.93834384531994,100 174.85786889902147,-36.93834605993787,100 174.85786797414528,-36.93834898657365,100 174.85786425844356,-36.93835558739488,100 174.8578624048263,-36.93835998689839,100 174.85786010038257,-36.93836436281144,100 174.85785870389674,-36.938368398239255,100 174.85784946661073,-36.93838195441659,100 174.85784351064947,-36.938385587095276,100 174.85784121716767,-36.93838777893918,100 174.85783982504321,-36.93839069936625,100 174.85783798869318,-36.93839252713453,100 174.85783383033225,-36.93839874731396,100 174.85783199203917,-36.938399847747675,100 174.85783152431497,-36.93840241120864,100 174.85782829110445,-36.938408259087694,100 174.85782781165094,-36.93840973844477,100 174.8578232223083,-36.938415966268934,100 174.85781859471163,-36.938421451102876,100 174.85781218357795,-36.938426176091035,100 174.85780850895415,-36.93842910519327,100 174.857807121541,-36.93843092503509,100 174.85780619277645,-36.938432397001485,100 174.85780573992287,-36.93843423196347,100 174.8578029415418,-36.93844083194899,100 174.85780247342265,-36.938443379192265,100 174.8578003694783,-36.93844750410402,100 174.857797442579,-36.93845251076477,100 174.85779338867977,-36.93845614342249,100 174.85779158366293,-36.93845722711116,100 174.85779158086999,-36.938459054129574,100 174.85779067516842,-36.938462678086054,100 174.8577906790751,-36.938464133655984,100 174.8577893295639,-36.93846668207206,100 174.85778798747208,-36.93847212541039,100 174.85778663485218,-36.93847394470755,100 174.8577852775186,-36.93847686458963,100 174.8577839088259,-36.938481952322924,100 174.85778301373236,-36.93848342376227,100 174.85778077113255,-36.938485584164,100 174.85777805297147,-36.93848739598562,100 174.8577667683593,-36.93849358435784,100 174.85776629829653,-36.93849540426652,100 174.85776495779785,-36.93849832388494,100 174.8577644955353,-36.938499771426585,100 174.85776089754168,-36.93850557904428,100 174.85776044433658,-36.938507399590485,100 174.85775907841355,-36.93851065940413,100 174.85775727689702,-36.93851248842878,100 174.85775548507905,-36.93851467061892,100 174.8577554889851,-36.938516126188865,100 174.8577527637841,-36.9385215785497,100 174.85775187332413,-36.93852448932364,100 174.8577509629855,-36.93852667394504,100 174.8577482424979,-36.93853102572087,100 174.8577473571674,-36.93853285302842,100 174.85774691176223,-36.938534301207554,100 174.85774509532894,-36.93853685692897,100 174.85774104214076,-36.93854375595583,100 174.8577365412368,-36.938548123872025,100 174.85773562853984,-36.93854956404029,100 174.85773471977046,-36.93855246067946,100 174.85773066697433,-36.93855937592359,100 174.8577297436605,-36.938563014576275,100 174.85772794565383,-36.938566282952884,100 174.85772796753972,-36.93856773914281,100 174.85772704853628,-36.93856956697709,100 174.85772569237497,-36.938573182658814,100 174.8577247969074,-36.93857463878116,100 174.8577239064458,-36.93857754955491,100 174.85772254565018,-36.93857972590182,100 174.85772164544616,-36.93858228170807,100 174.85771713234706,-36.93859137272875,100 174.85771578632105,-36.93859535959544,100 174.85771442546616,-36.93860007676296,100 174.85771398237367,-36.938602267593076,100 174.85771262658315,-36.938605898591284,100 174.85771218510416,-36.93860880324123,100 174.8577112829359,-36.938610630811965,100 174.8577108195712,-36.93861207927196,100 174.85770993806352,-36.93861790206892,100 174.8577090343201,-36.938622254260295,100 174.85770902529455,-36.938625165663616,100 174.85770813959022,-36.93862697765428,100 174.85770587848555,-36.93863424882592,100 174.85770408827688,-36.93863714483518,100 174.85770363421656,-36.93864151973409,100 174.85770363107162,-36.93864333233689,100 174.8577031845208,-36.938644779632455,100 174.8577031915119,-36.93864696342029,100 174.85770228031726,-36.93865170239428,100 174.8577022953331,-36.938668412623436,100 174.85770184286417,-36.938673500441176,100 174.8577009445411,-36.93867932440245,100 174.85770096864164,-36.93869058240759,100 174.85770053410914,-36.93869566904335,100 174.85769962254201,-36.93870039270068,100 174.8577000866676,-36.93870221241343,100 174.85770008277217,-36.93870404035037,100 174.8577010075437,-36.938706935340385,100 174.85770099649548,-36.93871165932888,100 174.85770192353166,-36.93872112129749,100 174.85770146713548,-36.9387247526443,100 174.85770147571824,-36.93872764935095,100 174.85770193555493,-36.938731280783024,100 174.8577010321819,-36.93873564829093,100 174.85770102698064,-36.9387425551838,100 174.85769969103828,-36.93875273756286,100 174.85769970618443,-36.938761083544605,100 174.85769925606257,-36.938763632308465,100 174.8576992450952,-36.938765816377256,100 174.85769971275454,-36.9387690763433,100 174.8576992617576,-36.938774178559036,100 174.85769926214599,-36.93877743141509,100 174.85769836621083,-36.938784694746175,100 174.8576974839405,-36.9387872493703,100 174.8576965645717,-36.93879234539458,100 174.8576961347752,-36.93879633234634,100 174.8576961417663,-36.93879851613415,100 174.85769522629275,-36.93880178422149,100 174.8576952321614,-36.938803968026846,100 174.85769432562049,-36.93881014723646,100 174.85769434238534,-36.9388159703995,100 174.85769344683357,-36.938819966441294,100 174.8576934565045,-36.938826144835225,100 174.8576939143781,-36.938829048031835,100 174.8576934501805,-36.938833051745576,100 174.85769347429311,-36.93884102714464,100 174.8576943748234,-36.93884431098262,100 174.85769345822692,-36.9388475790875,100 174.85769349022664,-36.93884940556147,100 174.8576925794178,-36.93885739739133,100 174.8576912357218,-36.938862127809784,100 174.85769122784023,-36.938865040096424,100 174.85769033896602,-36.93886866378873,100 174.85768987478994,-36.93887266840343,100 174.85768897882173,-36.93887664732661,100 174.8576867349169,-36.93888393355103,100 174.85768673884385,-36.93888539002191,100 174.8576853807341,-36.938888278368744,100 174.85768402729497,-36.93889265381967,100 174.85768266759348,-36.938894829247666,100 174.85767996701168,-36.93889990897659,100 174.8576781725346,-36.93890138096741,100 174.85767679293275,-36.93890282934186,100 174.85767643215024,-36.93890484943585,100 174.8576446228421,-36.93884013486045,100 174.85756932223526,-36.93868521616525,100 174.85755251227494,-36.93869561900696,100 174.85755749854127,-36.93871198016279,100 174.857550447825,-36.93872837821843,100 174.85755129452266,-36.938732219915345,100 174.8575521788723,-36.93873488389986,100 174.85755310238335,-36.938736432339404,100 174.85755399380577,-36.93873874019202,100 174.857554916945,-36.93874027331493,100 174.8575558016668,-36.93874295261602,100 174.85755855347637,-36.93874756668127,100 174.8575594358643,-36.93874950243021,100 174.85756000498975,-36.93875009741017,100 174.85756006073984,-36.93875022001873,100 174.857560981998,-36.938751675657535,100 174.85756189737342,-36.93875423009689,100 174.85756462633174,-36.938758596656626,100 174.85756554016075,-36.93876043997902,100 174.85756918339064,-36.93876407838947,100 174.8575710609274,-36.938765749804645,100 174.85757136076674,-36.938767231389456,100 174.85757321409736,-36.9387699406021,100 174.85757600272055,-36.938772648701445,100 174.85757649141516,-36.938773491901244,100 174.85757688218646,-36.938775157735186,100 174.85757688001422,-36.93877571568596,100 174.85757713635212,-36.93877623804606,100 174.85757736991226,-36.93877720961964,100 174.85757918505792,-36.93877977972507,100 174.85758191718773,-36.938782334582484,100 174.8575828384467,-36.93878379022109,100 174.85758282551362,-36.93878524605448,100 174.85758420781127,-36.93878779318841,100 174.85758602687733,-36.93878853625769,100 174.85758874922223,-36.9387907343455,100 174.85759056166228,-36.93879254558203,100 174.85759603458692,-36.93879801208322,100 174.85759785867904,-36.93880021070473,100 174.8575987721156,-36.938802037809225,100 174.85760195858535,-36.93880605560988,100 174.85760649535675,-36.93881079406999,100 174.85760878251992,-36.93881222563388,100 174.85760919471613,-36.93881472755701,100 174.85761008254107,-36.93881818194387,100 174.8576114141008,-36.938822015152915,100 174.85761278330492,-36.93882471661696,100 174.8576159922567,-36.93882896660588,100 174.85761690909166,-36.93883088739428,100 174.85761919835934,-36.93883434779528,100 174.85762056756397,-36.938837049259234,100 174.8576214417817,-36.93883934205802,100 174.85762283525165,-36.93884165557489,100 174.85762368468298,-36.938846257040744,100 174.85762504413086,-36.93884855666877,100 174.8576254820211,-36.93885008206079,100 174.8576254541779,-36.93885161744355,100 174.85762586145265,-36.93885391664671,100 174.85762578027604,-36.938857324904546,100 174.8576262086317,-36.938860399813976,100 174.85762611026232,-36.938863839887,100 174.85762739086226,-36.938870337292286,100 174.85762872912426,-36.938873799052594,100 174.85762915559204,-36.93887684244535,100 174.85763049782597,-36.938879172987484,100 174.8576318246657,-36.938884152748514,100 174.8576322319627,-36.93888645285259,100 174.8576331551054,-36.938887985974766,100 174.85763359411843,-36.93888951134917,100 174.85763401159502,-36.93889218444025,100 174.85763490262812,-36.93889447607451,100 174.85763484414787,-36.938896784367415,100 174.85763428866474,-36.93890058941625,100 174.85763468181077,-36.93890364775144,100 174.85763457472606,-36.93890936469387,100 174.85763403807252,-36.93891126315733,100 174.8576337942025,-36.938921566350906,100 174.85763419790007,-36.9389250129897,100 174.8576340634497,-36.93893034279289,100 174.85763495125542,-36.93893379627845,100 174.85763536868865,-36.93893646756755,100 174.8576343075171,-36.938941411684326,100 174.85763424866494,-36.938943704660616,100 174.85763372141835,-36.93894599054427,100 174.85763364694253,-36.9389490273536,100 174.85763264189424,-36.938950918724416,100 174.85763214040696,-36.93895283196007,100 174.85763194598186,-36.938960454757094,100 174.85763239554677,-36.93896236843509,100 174.857632313992,-36.93896580734367,100 174.8576312665336,-36.93896997520975,100 174.85762831666395,-36.938974129577446,100 174.8576273221448,-36.93897640835086,100 174.8576262966819,-36.93897944742075,100 174.85762481018764,-36.938982089011404,100 174.85762426993352,-36.93898513400954,100 174.85762270305008,-36.93899121629315,100 174.85762264942556,-36.93899312342288,100 174.8576206971529,-36.93899577320232,100 174.85762016283329,-36.93899841521777,100 174.85762061942674,-36.93899997096199,100 174.85762056540838,-36.93900186187414,100 174.85762052068526,-36.93900339571833,100 174.85761996517905,-36.93900719986608,100 174.8576189318927,-36.93901061040195,100 174.85761890398382,-36.93901214308174,100 174.85761783617124,-36.939014917826206,100 174.857617011171,-36.939017704094105,100 174.85761566636066,-36.93901915192351,100 174.85761125417415,-36.9390274986739,100 174.857610808742,-36.939028945951584,100 174.857607272108,-36.93903510862579,100 174.85760503844804,-36.93903694440937,100 174.8576027965713,-36.93903913544137,100 174.85759747325528,-36.939046397738046,100 174.85759209328157,-36.93905220528994,100 174.85759168303747,-36.93905366824077,100 174.85759033822606,-36.939055116069916,100 174.85758813467453,-36.93905874681056,100 174.85758678986295,-36.939060194639666,100 174.85758409867083,-36.93906237827999,100 174.85758231392998,-36.939064205236946,100 174.8575724791479,-36.93907221140239,100 174.85757025253673,-36.93907369015254,100 174.85756756134367,-36.93907587379252,100 174.85756623336755,-36.939077321358006,100 174.85756310187304,-36.93907986880908,100 174.8575613151908,-36.93908096843127,100 174.85755640565472,-36.939084971390336,100 174.8575541618129,-36.93908643418602,100 174.85755146865665,-36.93908788959019,100 174.8575461071144,-36.9390911731571,100 174.85754431335897,-36.9390926289109,100 174.857542968546,-36.93909407673955,100 174.85754166476423,-36.93909772314579,100 174.85754079736984,-36.93910278680948,100 174.8575385738939,-36.9391056895948,100 174.8575363480535,-36.939107153911145,100 174.85753095949394,-36.9391100647538,100 174.8575291637976,-36.93911079317291,100 174.85752648672567,-36.93911226364732,100 174.85752287660182,-36.93911373519952,100 174.85751705901922,-36.93911738192111,100 174.8575134903687,-36.93911848057921,100 174.85751080430524,-36.93911958075164,100 174.85749958832264,-36.93912508572669,100 174.85749869249466,-36.939126527431846,100 174.85749378599277,-36.93913125680443,100 174.857491119827,-36.93913308402995,100 174.85748932494712,-36.93913453980051,100 174.85748663178794,-36.93913599520329,100 174.85748172224442,-36.93913999815946,100 174.85747945850122,-36.93914073390026,100 174.85747723263677,-36.93914219731459,100 174.85747410347005,-36.93914548831553,100 174.85747321736082,-36.93914728408703,100 174.85746786863618,-36.93915165083596,100 174.85745803931437,-36.93915858794176,100 174.85745445065265,-36.93916149856339,100 174.85745264715263,-36.93916259934837,100 174.8574481966835,-36.939166965563516,100 174.8574446162384,-36.939169520936424,100 174.85744328045658,-36.939171340867624,100 174.85744150313974,-36.939172780138975,100 174.8574401684802,-36.93917460005259,100 174.85743793441844,-36.93917641961562,100 174.85743300997288,-36.93918115016778,100 174.85743123342127,-36.93918262097316,100 174.85743034927177,-36.93918514497985,100 174.85742857820966,-36.939188784274045,100 174.85742724354958,-36.93919060418752,100 174.8574259303546,-36.93919386317243,100 174.85742283596204,-36.939200390266336,100 174.85742016512492,-36.939204013893146,100 174.85741705239576,-36.93920728841171,100 174.85741481870437,-36.939209123290965,100 174.8574130355452,-36.939211663164386,100 174.85741125191922,-36.93921349010136,100 174.85740815213038,-36.93921854632592,100 174.8574072667844,-36.93922037363117,100 174.8574045970683,-36.93922399724009,100 174.8574019230733,-36.939226195929756,100 174.8574010103624,-36.93922763609569,100 174.85739701854183,-36.939231654435055,100 174.85739297980865,-36.939234572997094,100 174.85739075401258,-36.93923673312872,100 174.85738896064458,-36.9392382050979,100 174.85738495009863,-36.939242192183634,100 174.85738317354466,-36.93924366298837,100 174.8573827112928,-36.93924511142966,100 174.85738095510263,-36.93924802222435,100 174.85737827559967,-36.939251289063264,100 174.8573760635087,-36.93925526243505,100 174.85737474248657,-36.93925889288546,100 174.85737387860365,-36.93926215926195,100 174.8573716746862,-36.93926577558327,100 174.85736898579134,-36.93926870187015,100 174.85736721435265,-36.93927232584688,100 174.85736500214423,-36.9392756006977,100 174.85736368978343,-36.939279587935026,100 174.8573637100558,-36.93928356784477,100 174.85736239381745,-36.93928610041308,100 174.85736151150888,-36.939288654133996,100 174.85736291137712,-36.93929442231127,100 174.85736293174074,-36.939295862301265,100 174.8573620846238,-36.93930166923502,100 174.85735856040588,-36.93931218327822,100 174.85735859398693,-36.93931472267121,100 174.85735906637726,-36.939316882954664,100 174.85735908197785,-36.939319421727625,100 174.85735821811556,-36.93932268900497,100 174.85735735853112,-36.939327381201515,100 174.85735692995075,-36.93932882911594,100 174.857357402713,-36.939331004716,100 174.85735742922057,-36.93933390024085,100 174.85735699940446,-36.93933788719162,100 174.85735703261366,-36.939340411267985,100 174.85735660599374,-36.939342587417904,100 174.85735665637029,-36.939348362285095,100 174.8573575893556,-36.93935090202919,100 174.8573580472205,-36.93935380522712,100 174.85735806163297,-36.93935560133139,100 174.8573567590552,-36.93935994533808,100 174.85735634719762,-36.93936393200789,100 174.85735726733745,-36.939365387665596,100 174.857357290784,-36.93936755587349,100 174.85735822179026,-36.939372604020654,100 174.85735914461947,-36.939374771678665,100 174.85735918013935,-36.939378038406126,100 174.85736011625883,-36.93938200218594,100 174.85736013153144,-36.939384527444204,100 174.85736108792025,-36.93938923359417,100 174.85736387165986,-36.93939826092533,100 174.85736477765332,-36.93940042884666,100 174.85736571220653,-36.93940368060853,100 174.857366196693,-36.93940694031244,100 174.85736576493835,-36.939410199928695,100 174.85736624858666,-36.93941273137959,100 174.8573676555314,-36.93941814342478,100 174.85736814111863,-36.939421402210144,100 174.8573681547809,-36.93942321364857,100 174.8573686107298,-36.93942539041288,100 174.85736909164888,-36.93943044560096,100 174.85736912289798,-36.93943224144182,100 174.8573700691753,-36.93943657730754,100 174.8573701203188,-36.93944238370883,100 174.85737062117937,-36.93944816775238,100 174.85737291931292,-36.93945393539687,100 174.8573747864608,-36.939459710684886,100 174.8573752259239,-36.93946190212818,100 174.85737662544287,-36.93946441834993,100 174.85737709270032,-36.93946766209954,100 174.85737757328812,-36.93946946623342,100 174.85737988195132,-36.939475621280366,100 174.85737988662348,-36.939477062417104,100 174.85738172759622,-36.939483193234345,100 174.85738180840133,-36.93949008255753,100 174.85738139974444,-36.93949549596599,100 174.8573809914332,-36.93949768625063,100 174.85738010727886,-36.93950021025696,100 174.85737879993763,-36.93950565304675,100 174.85737704325754,-36.939511087543494,100 174.85737571882024,-36.939513976261345,100 174.85737437632955,-36.93951616764034,100 174.85737351089904,-36.9395187228999,100 174.85737039264913,-36.939523065567194,100 174.8573690478474,-36.93952451429505,100 174.85736775187482,-36.93952778923356,100 174.85736241323468,-36.93953576380193,100 174.85735658622193,-36.93953906996467,100 174.85735570830164,-36.93954050958597,100 174.85735482453973,-36.93954304980973,100 174.857351735263,-36.939548493435666,100 174.85734995315107,-36.93955103058779,100 174.8573472944378,-36.93955575543568,100 174.857345522992,-36.939559379412145,100 174.85734195577174,-36.93956372910223,100 174.85733928372392,-36.9395666560262,100 174.8573375068118,-36.939568112414776,100 174.85733570176262,-36.93956919609721,100 174.85733437489628,-36.93957064364279,100 174.85732676274927,-36.939575761441084,100 174.85732408054406,-36.93957831627867,100 174.85732231533245,-36.93958085586999,100 174.85732276927712,-36.939582302597024,100 174.85732144987963,-36.93958664776768,100 174.85732016913192,-36.939592446161996,100 174.85731837888753,-36.93959534216603,100 174.85731749351353,-36.93959716856971,100 174.85731707826426,-36.93960041440774,100 174.85731576540823,-36.93960368780717,100 174.857315338786,-36.93960586395693,100 174.85731536723088,-36.93960948681617,100 174.85731404585044,-36.93961310285031,100 174.85731361920622,-36.93961527809907,100 174.85731272799663,-36.93961815913777,100 174.8573101215897,-36.93962614864696,100 174.8573096928926,-36.93963013557992,100 174.85730839689546,-36.93963664715634,100 174.85730752996727,-36.93963918711639,100 174.8573075748763,-36.93964279439564,100 174.85730714155181,-36.93964534199382,100 174.85730714507847,-36.93964678224713,100 174.85730626948808,-36.939648965420176,100 174.85730627607546,-36.939651132990406,100 174.85730541890962,-36.93965402881892,100 174.85730543563142,-36.93965656757424,100 174.85730414124237,-36.93966055543097,100 174.85730326406483,-36.939665263224605,100 174.8573028186455,-36.93966671140222,100 174.85730290614626,-36.939673229277005,100 174.85730476388377,-36.939681900652545,100 174.85730527142175,-36.93968731234682,100 174.8573053272323,-36.93969455988476,100 174.857304486416,-36.93969997915193,100 174.85730450827322,-36.93970143444093,100 174.85730361668368,-36.939704346130334,100 174.8573031911612,-36.939706521361494,100 174.8573032243693,-36.93970904543777,100 174.85730190882353,-36.93971484437618,100 174.8573019271336,-36.939718096050306,100 174.85730062491916,-36.939722455372994,100 174.85730021268571,-36.93972642672592,100 174.85730114453,-36.9397289655868,100 174.85730071242136,-36.939732210787156,100 174.8573007713851,-36.939737645722325,100 174.85730032790363,-36.9397398212344,100 174.85730037122428,-36.939742715594775,100 174.85730172616684,-36.939744875592076,100 174.8573022403568,-36.93974922002005,100 174.8573013510837,-36.93975282839311,100 174.8573013768394,-36.93975573925199,100 174.85729965223447,-36.939763697841514,100 174.85729922867176,-36.9397666013081,100 174.85729929102595,-36.93977217589471,100 174.85729954636435,-36.93977395200628,100 174.85729971813828,-36.93977778984129,100 174.85729965619532,-36.939782592138926,100 174.85729924231612,-36.93978520072255,100 174.85729955982916,-36.93978741029746,100 174.8572994391021,-36.9397919187832,100 174.85729956745587,-36.93979544814487,100 174.8573001538378,-36.9397966611611,100 174.85730042903128,-36.939798561344126,100 174.85730030765313,-36.93980049927703,100 174.85730070487585,-36.93980303208001,100 174.85730091896966,-36.93980717930687,100 174.85730115184347,-36.93980877009804,100 174.85730140230422,-36.93981034529165,100 174.8573019103935,-36.9398138371668,100 174.85730224584364,-36.93981604555979,100 174.85730281428894,-36.9398172597579,100 174.85730363393878,-36.93982007978284,100 174.85730384095748,-36.93982134560215,100 174.8573040738533,-36.939822937294274,100 174.8573043920954,-36.939825130634,100 174.85730468412538,-36.93982703055364,100 174.85730487462246,-36.93982766210251,100 174.85730551833856,-36.93983299415291,100 174.8573050373578,-36.939834411340634,100 174.85730583311295,-36.93983763462913,100 174.85730622613784,-36.93983939326434,100 174.85730662810258,-36.939840826383396,100 174.85730659646245,-36.93984225186437,100 174.85730737036212,-36.939847257403244,100 174.85730727458204,-36.93985080469219,100 174.85730722573373,-36.93985221511993,100 174.85730709943596,-36.93985718787226,100 174.85730705329846,-36.93985931120125,100 174.8573074236232,-36.93986216980127,100 174.8573077395926,-36.93986750697867,100 174.85730716955527,-36.93987210090788,100 174.85730710580904,-36.93987423893342,100 174.85730751720854,-36.93987601440626,100 174.85730788751155,-36.93987887210528,100 174.85730912364656,-36.93988242830212,100 174.85730950877527,-36.93988386168453,100 174.85730942277988,-36.93988776574288,100 174.8573106108106,-36.93989276300064,100 174.8573109905265,-36.93989596215247,100 174.8573117694463,-36.939899185704235,100 174.85731254843853,-36.93990310597478,100 174.85731291019584,-36.93990630540752,100 174.85731371534303,-36.93990986924772,100 174.85731452597543,-36.93991236403728,100 174.85731491976657,-36.93991415420665,100 174.85731661341785,-36.9399173616462,100 174.85731785139825,-36.939920947557596,100 174.85731954350499,-36.93992344388026,100 174.85732038810988,-36.93992525674085,100 174.8573225071929,-36.93992882886868,100 174.85732463482208,-36.93993205926273,100 174.85732590338608,-36.93993422241357,100 174.8573284803349,-36.93993746019971,100 174.85732976375306,-36.93993889395071,100 174.85733102522184,-36.939941412332324,100 174.85733271060593,-36.939944279202216,100 174.8573335537171,-36.93994607676365,100 174.85733395531113,-36.93994749456595,100 174.85733520858426,-36.93995036909688,100 174.8573368928463,-36.93995323598426,100 174.85733774488227,-36.93995466116111,100 174.8573381555106,-36.93995645106698,100 174.8573390067961,-36.939957891578,100 174.85733982562584,-36.939960030217954,100 174.85734066834362,-36.93996181156173,100 174.85734150440354,-36.939963966155865,100 174.85734274756442,-36.93996647040263,100 174.8573436085911,-36.939968265881056,100 174.85734485992614,-36.93997041307745,100 174.85734615347988,-36.939972218013295,100 174.85734741221668,-36.93997402259247,100 174.85734827291546,-36.9399758045562,100 174.85735040766434,-36.93997868061984,100 174.8573525505655,-36.9399811987321,100 174.85735425939464,-36.93998299627007,100 174.8573551036292,-36.93998479381374,100 174.85735682147086,-36.939986962554286,100 174.85735812287103,-36.93998839692497,100 174.85735895734283,-36.93998983860018,100 174.85736066539988,-36.93999165057124,100 174.85736239928352,-36.9399930925973,100 174.8573641581994,-36.93999417821056,100 174.85737155817841,-36.939998587970926,100 174.85737235447988,-36.93999993740726,100 174.85737370829182,-36.94000205055267,100 174.8573744918184,-36.94000287381832,100 174.857375567904,-36.94000367628343,100 174.85737791378946,-36.940004704042735,100 174.8573792323767,-36.94000615256541,100 174.85738028599738,-36.94000676971012,100 174.85738215686038,-36.94000881257566,100 174.85738320491714,-36.940009848019585,100 174.85738402643167,-36.940012744626806,100 174.85738562615836,-36.94001564438209,100 174.85738597868925,-36.94001652125876,100 174.85738703462803,-36.94001783508704,100 174.85738718244932,-36.94001818879568,100 174.85738808981628,-36.94001916424949,100 174.8573882376376,-36.94001951795812,100 174.85738866193213,-36.94001983579541,100 174.85738912929065,-36.940020493657755,100 174.85738913755944,-36.94002083422711,100 174.85738900889243,-36.94002117693872,100 174.85739043893895,-36.94002226769644,100 174.85743838071093,-36.94008162306658,100 174.85750291952942,-36.9400869685756,100 174.85762240355416,-36.94008244660203,100 174.85762919507542,-36.94033633122753,100 174.85749738716763,-36.940337332584946,100 174.8574987914353,-36.94034198575851,100 174.85750029932336,-36.940346605764745,100 174.85750102385282,-36.94034846737101,100 174.85750292607736,-36.94035300369433,100 174.85750491545784,-36.94035752243029,100 174.85750685208438,-36.94036204199155,100 174.85750861774514,-36.94036659577373,100 174.8575101069317,-36.94037118542753,100 174.85751068512664,-36.940372754591735,100 174.85751242839672,-36.940377819772216,100 174.85751398460835,-36.940382950070244,100 174.85751514163564,-36.94038805687003,100 174.85751574191423,-36.94039303267573,100 174.857515590205,-36.94039774444271,100 174.85751449746505,-36.94040212933225,100 174.85751235415367,-36.940406069182636,100 174.8575122539091,-36.94040619513306,100 174.85750883475257,-36.94040966102117,100 174.85750442073868,-36.94041275670918,100 174.85749926930444,-36.94041544842578,100 174.85749364152514,-36.94041780599457,100 174.8574878161724,-36.94041988814644,100 174.85748447683275,-36.94042113824358,100 174.85747900614902,-36.940422890371295,100 174.8574733554572,-36.94042435058355,100 174.8574675944001,-36.94042561242928,100 174.8574662688635,-36.94042586660871,100 174.85746174348105,-36.94042673417347,100 174.85745587312215,-36.940427748964495,100 174.8574499848042,-36.94042876403621,100 174.85744981271554,-36.940428798274645,100 174.85744406656903,-36.940429980569874,100 174.85743828602753,-36.94043113365938,100 174.85743250437017,-36.94043224079878,100 174.85742672082455,-36.94043331642126,100 174.85742090244636,-36.94043434481848,100 174.85741510132019,-36.940435390070576,100 174.85741413719757,-36.94043554575945,100 174.85740826306784,-36.94043645154749,100 174.85740238825986,-36.940437329404965,100 174.85739653169495,-36.940438218693885,100 174.8573906751669,-36.940439155751875,100 174.85738489162685,-36.94044018540495,100 174.85737912789816,-36.94044133732726,100 174.85737345587518,-36.94044265906531,100 174.85737124221527,-36.940443331829854,100 174.85736579285484,-36.94044522242199,100 174.85736043366194,-36.94044726572892,100 174.85735511228285,-36.940449432826135,100 174.85734979164724,-36.940451630556325,100 174.85734447063942,-36.940453812969686,100 174.85733909574634,-36.940455903389875,100 174.8573336635925,-36.940457809033816,100 174.8573281221742,-36.94045951539258,100 174.8573239294228,-36.94046053277551,100 174.8573182031337,-36.94046179316883,100 174.85731244165532,-36.9404630378886,100 174.85730966515948,-36.94047239375404,100 174.85730918491902,-36.94047384157498,100 174.85730915553907,-36.94047531388906,100 174.85730912501484,-36.94047678531974,100 174.85731046196196,-36.94047824977953,100 174.85731089946975,-36.940479712987226,100 174.85731266497825,-36.940483012138216,100 174.85731308457096,-36.9404844774288,100 174.85731350643056,-36.94048668356843,100 174.85731436350937,-36.94048961116572,100 174.85731523352533,-36.94049108292989,100 174.8573160976778,-36.94049365439537,100 174.8573169696545,-36.940495854394875,100 174.85731875786357,-36.94049805358107,100 174.85732097895269,-36.940500276640265,100 174.85732231627233,-36.94050175641652,100 174.85732455492683,-36.94050396297715,100 174.85732497445426,-36.940505425564744,100 174.85732628909616,-36.94050800620661,100 174.8573267004496,-36.940509825844536,100 174.857327604139,-36.940511297081834,100 174.85732802481084,-36.94051276055283,100 174.8573293379368,-36.94051532499462,100 174.85732929328782,-36.940517509589846,100 174.85732972299402,-36.94051934516439,100 174.85733192334516,-36.940523396423416,100 174.85733187671357,-36.940524851882294,100 174.85733184815064,-36.94052705154829,100 174.8573322704116,-36.94052922793801,100 174.8573322168381,-36.9405317849177,100 174.85733172172206,-36.940533961237435,100 174.85733125198837,-36.94053579556007,100 174.85733121406298,-36.940537609607844,100 174.85733116941404,-36.940539794203055,100 174.85733068137145,-36.94054161439099,100 174.85733066882844,-36.940543086441664,100 174.85733063866144,-36.94054452632056,100 174.8573306014579,-36.940546370100584,100 174.85733057056223,-36.94054782621462,100 174.85733495235704,-36.940557739778825,100 174.85733624157407,-36.94056066061568,100 174.85733574682988,-36.94056285225202,100 174.8573347965275,-36.940566120881016,100 174.85733335624343,-36.940570482363576,100 174.85733146392468,-36.940574123552906,100 174.85733142595555,-36.94057593579872,100 174.85733003144244,-36.9405781126685,100 174.85732952927447,-36.94058064602098,100 174.8573285922803,-36.94058247413346,100 174.857328120702,-36.94058427874138,100 174.85732805846598,-36.94058647893412,100 174.85733014834491,-36.940596709563934,100 174.85733100778035,-36.94060038161392,100 174.85733089463855,-36.94060584988554,100 174.85733120648476,-36.94061425431636,100 174.85733117521727,-36.940615695113785,100 174.85733069062937,-36.94061825883608,100 174.85733017951472,-36.94062116367207,100 174.85732914502637,-36.94062771712425,100 174.85732903652803,-36.94063467159877,100 174.8573290087375,-36.94063685683154,100 174.8573293754429,-36.94064086106456,100 174.85732972999918,-36.940646353565825,100 174.85733012843875,-36.94064962993771,100 174.8573300610683,-36.940652913596566,100 174.85733085201161,-36.940659869322914,100 174.8573316652829,-36.940665709767984,100 174.85733206325614,-36.94066827320358,100 174.85733203198868,-36.94066971400097,100 174.8573315411655,-36.940673362107944,100 174.85733194390139,-36.94067482676079,100 174.85733146405397,-36.940676290799374,100 174.85733141120926,-36.94067883154388,100 174.85733095835508,-36.94068066740506,100 174.8573300037577,-36.94068246424672,100 174.8573294930146,-36.9406853843993,100 174.85732754273553,-36.94069265070019,100 174.8573274890874,-36.940696453304284,100 174.85732743538153,-36.940699606058054,100 174.85732636180055,-36.940707971773506,100 174.8573258165431,-36.940713447706216,100 174.85732531325183,-36.94071598107622,100 174.85732526944128,-36.94071889392424,100 174.85732426507482,-36.94072400569552,100 174.8573232983275,-36.94072729080538,100 174.85732233200284,-36.94073128704954,100 174.8573222873538,-36.940733471644684,100 174.85732217617243,-36.94073966815154,100 174.8573220880846,-36.94074478091131,100 174.8573220226747,-36.940748792805444,100 174.85732196006668,-36.940750977681525,100 174.8573205514911,-36.94075461040183,100 174.85731955653696,-36.940760063625824,100 174.85731857180824,-36.94076334811562,100 174.85731754399725,-36.94076952921825,100 174.85731656122908,-36.94077354194334,100 174.85731653574908,-36.94077646982702,100 174.85731597998392,-36.94078155925804,100 174.85731549306206,-36.940783379428346,100 174.85731544729043,-36.940785564041036,100 174.85731543472542,-36.940787035190674,100 174.8573149545052,-36.94078848391259,100 174.857314891897,-36.94079066878866,100 174.85731349112265,-36.94079392914196,100 174.8573129893249,-36.94079647781095,100 174.8573119791153,-36.940802690184356,100 174.85731229530836,-36.940809978713716,100 174.85731262677103,-36.94081655496194,100 174.8573125911342,-36.94081911075962,100 174.85731294298614,-36.940823844392256,100 174.85731287990848,-36.94082859983829,100 174.85731233119452,-36.94083333223651,100 174.85731175032058,-36.94084136486775,100 174.85731165209737,-36.940846106442464,100 174.8573111420814,-36.94084901035979,100 174.85731067199563,-36.940850830266676,100 174.85731015931205,-36.94085302308481,100 174.8573096802138,-36.94085447178913,100 174.85730999873968,-36.940862503870356,100 174.85731039717993,-36.94086578024219,100 174.85731125659612,-36.940869451391144,100 174.85731166834526,-36.94087128724654,100 174.85731165503648,-36.94087272776296,100 174.85731157316152,-36.940876755237014,100 174.85731195672616,-36.940880760107525,100 174.85731145380547,-36.94088330879406,100 174.8573113637564,-36.940887693318416,100 174.85731217072146,-36.940893921429335,100 174.85731257500348,-36.94089609719892,100 174.85731251666684,-36.9408997529612,100 174.85731200118104,-36.94090377279735,100 174.857311520982,-36.94090522242021,100 174.85731101916173,-36.94090777018818,100 174.85730954090116,-36.94091394391617,100 174.85730811548575,-36.94091757689973,100 174.85730714834187,-36.94092084579185,100 174.85730619021038,-36.94092448588651,100 174.85730565790945,-36.940928506887,100 174.85730556942713,-36.94093360342905,100 174.8573050371261,-36.94093762442953,100 174.85730496826056,-36.9409408927892,100 174.8573058581797,-36.940943091606584,100 174.85730622527984,-36.94094711205706,100 174.85730704366605,-36.940951868134924,100 174.85730872927192,-36.94095992299473,100 174.85730999969525,-36.940965399365766,100 174.85731164102447,-36.94097565413718,100 174.85731287188997,-36.940982229835164,100 174.85731143122592,-36.94098657600082,100 174.8573109446529,-36.94098841058671,100 174.85730956467984,-36.940989845442985,100 174.85730722494188,-36.94099420567328,100 174.8573062625381,-36.94099637488171,100 174.8573048680171,-36.94099855175128,100 174.8573029753154,-36.94100217762362,100 174.85730113144672,-36.94100434620009,100 174.8572978590992,-36.9410094204432,100 174.85729645635985,-36.94101195256102,100 174.85729460945137,-36.9410133947216,100 174.85729135859316,-36.94101662543046,100 174.85728813397736,-36.941020243295995,100 174.8572862948709,-36.94102131308954,100 174.85728120060162,-36.941027471278005,100 174.85727888944692,-36.941029632742904,100 174.85727657205646,-36.9410328785924,100 174.85727470242486,-36.94103541981633,100 174.8572719051835,-36.9410401297041,100 174.85727142496106,-36.94104157842583,100 174.85727045473138,-36.94104411909995,100 174.85726995963276,-36.94104629632035,100 174.8572689928796,-36.94104958142978,100 174.85726803239078,-36.94105247707128,100 174.85726709538983,-36.94105430518333,100 174.85726383049047,-36.94105899264303,100 174.85726151384225,-36.941062269125474,100 174.85725963711383,-36.94106516557998,100 174.85725591506318,-36.941070217113165,100 174.85725130066135,-36.94107491216314,100 174.85724852415768,-36.94107779385048,100 174.85724482517838,-36.94108176073535,100 174.85724065146098,-36.941086107291284,100 174.85723786676022,-36.94108934512773,100 174.85723510041197,-36.94109259890077,100 174.85723091179503,-36.94109767305407,100 174.8572281352898,-36.94110055474098,100 174.8572253756428,-36.94110343706543,100 174.85722166650473,-36.94110703186365,100 174.85721796637833,-36.941110997864314,100 174.85721469320532,-36.94111534475343,100 174.8572114681881,-36.941118946399456,100 174.857210088539,-36.94112039476933,100 174.85720869170325,-36.94112182898692,100 174.8572063648945,-36.94112473338239,100 174.85720543571585,-36.94112619002806,100 174.85720309328636,-36.941129792288926,100 174.85720169798765,-36.94113198359058,100 174.85719935120918,-36.94113670175266,100 174.8571979465483,-36.94113850743607,100 174.85719655870204,-36.941140311955124,100 174.8571960717973,-36.94114213302595,100 174.85719375244028,-36.94114465063864,100 174.8571909473655,-36.9411497319906,100 174.8571863012195,-36.9411551548993,100 174.85718354156904,-36.94115803722284,100 174.85717617139022,-36.941163785756046,100 174.8571697088107,-36.94116917759048,100 174.8571687785084,-36.94117063425344,100 174.85716507952057,-36.94117460113601,100 174.85715442403486,-36.941186879740634,100 174.8571470162716,-36.941194456735445,100 174.85714511881474,-36.94119918228919,100 174.85714233445586,-36.94120243453921,100 174.85713771065568,-36.941206743065884,100 174.85713449189052,-36.94120926122629,100 174.85713264493057,-36.94121070158258,100 174.85713078507413,-36.94121359957381,100 174.85712572130734,-36.94121828632555,100 174.85712109591802,-36.94122188193292,100 174.85711834098436,-36.94122366367038,100 174.85711238367765,-36.941227251268984,100 174.85710687530366,-36.941230830042514,100 174.85710501077727,-36.94123228689689,100 174.8571036338337,-36.94123444816676,100 174.85709764999757,-36.94123837687828,100 174.8570907701655,-36.941243047870415,100 174.8570843272389,-36.94124661332004,100 174.85708114018487,-36.94124840271706,100 174.85707836210358,-36.941250572382955,100 174.85707604198885,-36.941253105327675,100 174.85707375511168,-36.94125487974296,100 174.8570718936433,-36.941257063913646,100 174.85706866667678,-36.94125993822169,100 174.85706545458805,-36.941262084030996,100 174.8570594742006,-36.941266756275084,100 174.85705165979104,-36.94127141304094,100 174.857045701355,-36.94127500065391,100 174.85704294445924,-36.94127605415437,100 174.85703699151767,-36.941278526749045,100 174.85703197826498,-36.941279929200654,100 174.8570278745728,-36.941281703190086,100 174.85702376114045,-36.94128312221193,100 174.85701736587967,-36.94128522857783,100 174.8570141765362,-36.94128627622313,100 174.85700686542665,-36.94128839961731,100 174.85699956064795,-36.94129013624605,100 174.85699410437593,-36.94129114363693,100 174.85698817487958,-36.94129254689782,100 174.85698635103483,-36.94129290440586,100 174.8569845354137,-36.941293600681306,100 174.8569799722588,-36.94129499609083,100 174.85697494887052,-36.94129602735504,100 174.85697175317264,-36.94129746086324,100 174.85696718025577,-36.941298500403846,100 174.85696125230035,-36.941300614780204,100 174.85695304028812,-36.941302723419575,100 174.8569457273091,-36.941304816194396,100 174.8569393504188,-36.9413069393939,100 174.85693525149085,-36.94130761459743,100 174.85692977055402,-36.941308993714685,100 174.85692475731904,-36.94131039706284,100 174.85692110213714,-36.94131145109022,100 174.85691789518202,-36.94131251342951,100 174.85691425683655,-36.94131356719334,100 174.85690968389596,-36.941314605830804,100 174.85690511961593,-36.941316001255075,100 174.85690011457788,-36.94131704845288,100 174.8568955513762,-36.94131844205729,100 174.85689235222463,-36.94131913202897,100 174.85688918826244,-36.941319837673966,100 174.8568836986851,-36.94132086090313,100 174.85687823534838,-36.94132227128893,100 174.8568759684849,-36.94132223373569,100 174.85687091568337,-36.94132473640863,100 174.85686498774498,-36.941326851681275,100 174.85686270635128,-36.94132755704213,100 174.85685902498858,-36.941328966596856,100 174.85685128927435,-36.94133140757742,100 174.85684671674727,-36.941332463331065,100 174.85684261975163,-36.94133386586588,100 174.8568398643669,-36.941334935561784,100 174.85683805696337,-36.94133527658669,100 174.85683530863236,-36.94133598924973,100 174.85683165195363,-36.94133702797535,100 174.85682481484633,-36.941338787924096,100 174.85682024153107,-36.94133981124157,100 174.85681707046962,-36.94134087211549,100 174.8568129566363,-36.94134227491262,100 174.85680928507648,-36.94134404213628,100 174.8568065238424,-36.94134621243374,100 174.85680375911406,-36.941347637394756,100 174.85680056341067,-36.941349070898475,100 174.85679781820366,-36.94135120759629,100 174.8567945814838,-36.94135372692976,100 174.85679183623017,-36.941355167809675,100 174.85678953212764,-36.941356973133814,100 174.85678767700284,-36.94135877143626,100 174.85678584761996,-36.94136019618992,100 174.85678351065545,-36.94136272939254,100 174.85677983667335,-36.94136633985114,100 174.85677615214297,-36.941369562005974,100 174.8567724437362,-36.941373188325144,100 174.85676921675335,-36.941376062625466,100 174.85676782889274,-36.94137786713983,100 174.85676642571147,-36.941379688117536,100 174.85676499989046,-36.94138330577862,100 174.8567626750127,-36.94138693840137,100 174.8567612573899,-36.9413901999131,100 174.85675796109962,-36.94139563143852,100 174.85675655358696,-36.9413992632343,100 174.8567546537737,-36.941403245230454,100 174.8567527711687,-36.94140724227989,100 174.8567518337795,-36.94140905507161,100 174.85675087368244,-36.941411967827996,100 174.85674992178392,-36.94141452443503,100 174.8567489612931,-36.941417420973806,100 174.8567479910417,-36.9414199616441,100 174.85674750605844,-36.94142251004779,100 174.8567474535666,-36.94142506610889,100 174.85674693767692,-36.941429070626555,100 174.85674689226119,-36.94143127055587,100 174.85674640495046,-36.94143307540752,100 174.85674544485295,-36.94143598816386,100 174.85674402247983,-36.94144034935919,100 174.85674211483814,-36.941444702821116,100 174.85674068938664,-36.94144833579856,100 174.85673835707982,-36.941452310137024,100 174.85673555000835,-36.94145666324372,100 174.85673224782033,-36.94146319356887,100 174.85673038086654,-36.94146644768609,100 174.8567289616573,-36.94146899627867,100 174.85672754633703,-36.94147300044108,100 174.85672567593315,-36.941475511023754,100 174.8567237638905,-36.94148097858484,100 174.85672279480366,-36.94148352103935,100 174.85672184446517,-36.941486789664,100 174.85672086834055,-36.94149043003545,100 174.8567194440097,-36.94149406299511,100 174.85671850661876,-36.94149587578661,100 174.85671754419235,-36.94149804499072,100 174.85671613669794,-36.94150167768704,100 174.85671426703655,-36.94150421890279,100 174.85671286429107,-36.94150675191529,100 174.85671145998379,-36.94150857290996,100 174.85670963059596,-36.94150999766255,100 174.85670685295565,-36.94151288025655,100 174.85670454214193,-36.94151505702758,100 174.85670252479304,-36.94155476915732,100 174.85669244261183,-36.94155481957018,100 174.8566784937125,-36.941569415553325,100 174.85666514768715,-36.941574199358506,100 174.85665392501397,-36.941595036703575,100 174.85663828830732,-36.94161249642929,100 174.85663645663305,-36.94161317943075,100 174.85660866008965,-36.941615779077665,100 174.85660735830967,-36.9416142834155,100 174.85657182734394,-36.94161743573418,100 174.8565682582987,-36.94161588629511,100 174.8565433415223,-36.941614906821734,100 174.85651410782503,-36.941620010251576,100 174.85647410874364,-36.941636479999694,100 174.85647168852495,-36.94163720284632,100 174.85642697776012,-36.94164048243831,100 174.85642618085055,-36.94164044983298,100 174.85639857723928,-36.941637952157386,100 174.85638437048806,-36.9416299416421,100 174.85639135580237,-36.941613002986394,100 174.8564142358855,-36.94159608439254,100 174.8564363225477,-36.94158825358468,100 174.8564382168658,-36.94157372624343,100 174.85641211884203,-36.94156798100967,100 174.85636852483194,-36.94155934660377,100 174.856367969235,-36.94155926335634,100 174.8563600894785,-36.94155826892554,100 174.85633314962172,-36.941556006916244,100 174.85628449788675,-36.941556799141544,100 174.85627510151048,-36.94155730117319,100 174.85624067522897,-36.94155900933237,100 174.85619207191488,-36.94156165838193,100 174.85618469211065,-36.94156187831214,100 174.8561653792612,-36.94156602077222,100 174.85612872056848,-36.94157225868008,100 174.85612653071792,-36.941571878308565,100 174.85609464555756,-36.94156576831233,100 174.8560689089876,-36.941552242571056,100 174.8560423492815,-36.941538297058806,100 174.85597645522816,-36.94155216194641,100 174.85595875865067,-36.9415643765601,100 174.85593909107857,-36.941584398565624,100 174.85594081408016,-36.94158543789234,100 174.85594220456113,-36.94161933100191,100 174.8559435360789,-36.9416270975869,100 174.85594482856143,-36.94162950643838,100 174.8559460083979,-36.941663279359695,100 174.8559441316607,-36.941674601327534,100 174.8559447330914,-36.941708739311515,100 174.85594425339428,-36.941712154698735,100 174.85593535608626,-36.941740401426806,100 174.85593622465123,-36.941742461785175,100 174.85592772106813,-36.941767961445706,100 174.85590849661295,-36.9417941703861,100 174.855877799754,-36.941817696967036,100 174.85587468079856,-36.941820073829156,100 174.85584730792743,-36.94184560254997,100 174.85582076982266,-36.94186356065338,100 174.8557881680488,-36.94186947997013,100 174.85574571960424,-36.941869422412324,100 174.85574010110747,-36.941868882913774,100 174.85570833950172,-36.941864815076215,100 174.85567442249098,-36.94186488823133,100 174.85563667841478,-36.94187323491576,100 174.85560668464768,-36.9418822382951,100 174.85557153692145,-36.94189712311003,100 174.85554158095624,-36.9419192121386,100 174.8555128714076,-36.94193097959934,100 174.85548114577225,-36.941944458926436,100 174.85544901028283,-36.941960716207504,100 174.85543358357228,-36.941966617581095,100 174.8554331858877,-36.94196665624355,100 174.8555279362686,-36.94216592181717,100 174.8555356343389,-36.942167895270956,100 174.85557595062926,-36.94216647291043,100 174.85561440445977,-36.94216918695771,100 174.85565727993375,-36.94217679635014,100 174.85565891194,-36.94217704664593,100 174.85570255406105,-36.942180987386784,100 174.85570347031413,-36.94218098658537,100 174.85573412140803,-36.94217843085939,100 174.85575860892956,-36.94216786500027,100 174.85579257255858,-36.94215660932322,100 174.85579546297456,-36.94215471643867,100 174.85582822095725,-36.94214944542953,100 174.85586151994312,-36.94214888616397,100 174.8558725520484,-36.94214748882202,100 174.85587553945882,-36.942146631837886,100 174.85590665535688,-36.94212977297628,100 174.85590890717344,-36.942128587692665,100 174.85594237301208,-36.94213166622498,100 174.8559806059208,-36.94212869988756,100 174.85602017415889,-36.94211417307186,100 174.8560255531516,-36.94211030163908,100 174.85605638802355,-36.94209713442916,100 174.85609886783902,-36.942083485922645,100 174.8561142357545,-36.94207798556792,100 174.85615132946444,-36.942060187750386,100 174.8561898891928,-36.94204033542762,100 174.85619647249368,-36.94203621081573,100 174.8562307956924,-36.942011180839444,100 174.85625723382577,-36.94198109966125,100 174.85626029978712,-36.941976076443,100 174.85626907319826,-36.941956147201545,100 174.85627418667974,-36.941946240168384,100 174.85628890668957,-36.94192292633247,100 174.85629348518376,-36.94191693217822,100 174.8563031430211,-36.94190031857961,100 174.85630365612565,-36.94189818795019,100 174.85631344663153,-36.94187621393326,100 174.8563116806292,-36.9418754853383,100 174.85632591142587,-36.94185394573263,100 174.85633138637158,-36.94185236393961,100 174.85634626198242,-36.94184009062777,100 174.8563778153869,-36.941846035392416,100 174.85641677453404,-36.94186374734493,100 174.85641857533307,-36.94186447539423,100 174.85644330768162,-36.941872149170884,100 174.85647683287408,-36.94188975318818,100 174.85649188583122,-36.941900287673164,100 174.8564920261451,-36.94190037831499,100 174.8565071146678,-36.94191094378801,100 174.85654284611914,-36.94193149935772,100 174.85656791346062,-36.94194779259341,100 174.85656833554714,-36.941948065402016,100 174.85657764730402,-36.94195411455679,100 174.85658875587984,-36.94196202297535,100 174.8566212930113,-36.94198665917184,100 174.85662300595135,-36.941987977153346,100 174.85665537514532,-36.942012817861816,100 174.85665769126123,-36.94201469874794,100 174.85668809528968,-36.942041060059395,100 174.85669316871798,-36.94204578925669,100 174.85672014378676,-36.942072023919444,100 174.85674513930508,-36.94210182360643,100 174.85675315632218,-36.94211249513107,100 174.8567755061045,-36.94214362597562,100 174.8567820503747,-36.942152928893925,100 174.85680472567105,-36.94218391493722,100 174.85680791234617,-36.94218858440649,100 174.85682275765194,-36.94221207044656,100 174.85683345025043,-36.942238042375095,100 174.85685008849126,-36.942261931200896,100 174.85686840341572,-36.94229091689888,100 174.8568931066002,-36.94231819743062,100 174.85691551198397,-36.942346895617746,100 174.85693295076874,-36.94237998429296,100 174.85693413967246,-36.94238242629905,100 174.8569501505297,-36.942413217309536,100 174.85696479163283,-36.94244716002303,100 174.8569655869014,-36.942449067394065,100 174.85697957667225,-36.94248323841201,100 174.85698618881324,-36.9424969999833,100 174.85700559821467,-36.94252938994631,100 174.85701278915005,-36.94253956422603,100 174.85702725922556,-36.94255868921574,100 174.85703791252064,-36.942586459869396,100 174.857038703102,-36.942610838099405,100 174.85704160371213,-36.94264104910983,100 174.85704105853048,-36.942643939154415,100 174.85704810396476,-36.94267129214521,100 174.85705726211648,-36.94270523588283,100 174.85707413426528,-36.94273852087127,100 174.85707585714917,-36.94274149621601,100 174.85709434178239,-36.942774226003344,100 174.85709627794552,-36.94277742965064,100 174.8571163204867,-36.94280957624751,100 174.857123770439,-36.9428203809966,100 174.85714396506395,-36.942847228157376,100 174.8571663676289,-36.94287838964081,100 174.8571680318054,-36.9428817678907,100 174.85716933824617,-36.94288470287962,100 174.85718364682407,-36.94291072276082,100 174.85719543730315,-36.942932463810976,100 174.85719274801008,-36.94294962373009,100 174.85718582699076,-36.942972167627424,100 174.85718988555462,-36.94300816681513,100 174.85718997129834,-36.943008784680025,100 174.85719107604092,-36.94303842259677,100 174.85720082588998,-36.9430692601322,100 174.85721785436596,-36.94310060661801,100 174.8572173745031,-36.94310207065605,100 174.85722620212564,-36.94313659368758,100 174.85724110509824,-36.94315763168501,100 174.85725949057374,-36.94318862885591,100 174.85727484172793,-36.94322257483713,100 174.85728154920767,-36.94323794555456,100 174.85729890874157,-36.94327131571709,100 174.85730331047932,-36.94328070259429,100 174.8573153812697,-36.94331551017254,100 174.857318664659,-36.943324436845394,100 174.85733580010057,-36.94335787179705,100 174.85734476958015,-36.943375665921316,100 174.85735812893762,-36.94341017302549,100 174.8573627516396,-36.94342454344092,100 174.8573728447959,-36.94345980286671,100 174.85737322482947,-36.94346236658154,100 174.85737315260337,-36.94349846823826,100 174.85737160440783,-36.943511705794286,100 174.85736673486772,-36.94354761120503,100 174.85736500357015,-36.94355982862845,100 174.85736122766926,-36.94359587015364,100 174.8573600962637,-36.94361239911483,100 174.85735891766498,-36.94364853430304,100 174.85735893297755,-36.94366137335122,100 174.85735996895633,-36.94369751715679,100 174.85735983983517,-36.94370047730542,100 174.85735403566343,-36.94373632162578,100 174.85735243582093,-36.94374313178284,100 174.85734331628407,-36.943778537651674,100 174.85734289593668,-36.943780279266555,100 174.85733722622234,-36.94380760311759,100 174.85733761837716,-36.943811267153116,100 174.85734031974178,-36.9438314153366,100 174.85733470518485,-36.94385689512736,100 174.85732123921264,-36.94388630401589,100 174.85730872792092,-36.94392104008483,100 174.85730854394646,-36.94392192625541,100 174.85730697206225,-36.94393104425202,100 174.8573059008222,-36.943956988349036,100 174.85730299111296,-36.9439839851051,100 174.8573028286962,-36.94399019863422,100 174.8573023848407,-36.944009192761,100 174.85730315389853,-36.94403406704489,100 174.85730829286462,-36.94404768489497,100 174.85731350439292,-36.94406794432953,100 174.85731382462035,-36.944070865902184,100 174.8573141792729,-36.944073771613866,100 174.85731460351948,-36.94407667623681,100 174.85731499219668,-36.9440795958373,100 174.85731539885552,-36.94408251605781,100 174.85731577144605,-36.944085420587534,100 174.8573160729701,-36.94408831180793,100 174.85731627272,-36.9440912199429,100 174.85731636621256,-36.94409409909533,100 174.8573163392274,-36.94409696481009,100 174.857316173039,-36.944099785833984,100 174.85731590059993,-36.94410253190798,100 174.85731553949134,-36.94410523340186,100 174.8573150758428,-36.94410792027613,100 174.85731455983125,-36.94411062419331,100 174.85731397569816,-36.94411334359729,100 174.8573133755305,-36.94411614256817,100 174.8573127263319,-36.944119049563035,100 174.85731206367186,-36.944122049604324,100 174.85731142161197,-36.94412520435017,100 174.85731071374275,-36.94412851605371,100 174.85730997593993,-36.94413198235104,100 174.85730918987863,-36.94413554223917,100 174.85730837052304,-36.94413921080641,100 174.85730751863045,-36.94414292675122,100 174.85730663457278,-36.94414670539023,100 174.85730576622979,-36.94415048378339,100 174.85730489900925,-36.944154262158975,100 174.85730402952848,-36.944157993701324,100 174.85730319522335,-36.94416169404855,100 174.857298241904,-36.94419831370768,100 174.85730130746106,-36.9442327664325,100 174.85729906921125,-36.944242188683205,100</coordinates></LinearRing></outerBoundaryIs>
    </Polygon>
  </Placemark>

  <Placemark>
    <name>Otahuhu</name>
    <Point>
      <altitudeMode>relativeToGround</altitudeMode>
      <coordinates>174.84538642896769,-36.94383672497054,100</coordinates>
    </Point>
  </Placemark>

</Document>
</kml>