<?xml version="1.0" encoding="utf-8"?>
<kml xmlns="http://www.opengis.net/kml/2.2">
<Document>
  <name>Ōtara (polygon: official_shp)</name>
  <open>1</open>

  <Placemark>
    <name>Ōtara (polygon: official_shp)</name>
    <Style>
      <LineStyle><color>ffff0000</color><width>2</width></LineStyle>
      <PolyStyle><color>66ff0000</color><fill>1</fill><outline>1</outline></PolyStyle>
    </Style>
    <Polygon>
      <tessellate>1</tessellate>
      <altitudeMode>relativeToGround</altitudeMode>
      <outerBoundaryIs><LinearRing><coordinates>174.8916455043476,-36.95152367976075,100 174.8916016829196,-36.95167874588921,100 174.891572996978,-36.951780998153104,100 174.89153200457068,-36.95192500332985,100 174.89157999579925,-36.9519339962539,100 174.89151200890316,-36.952175005419946,100 174.89147700098107,-36.952297997550744,100 174.8918399919491,-36.952357006914795,100 174.8919980004397,-36.952388000432876,100 174.89215100469826,-36.95258599931522,100 174.89201600531854,-36.95307199636836,100 174.89200000859373,-36.95306899307776,100 174.89185900052172,-36.953043000431926,100 174.89185000404214,-36.95307600566489,100 174.89179499508685,-36.95306600436482,100 174.89179199252598,-36.95307900407693,100 174.8912829924572,-36.952986994840295,100 174.89127499949376,-36.95301499618034,100 174.89106099152494,-36.95377600121271,100 174.89093699266607,-36.95412099532742,100 174.89086200250287,-36.954388996393575,100 174.89143299492434,-36.95447899298769,100 174.89196500494953,-36.954562995185285,100 174.89242200553068,-36.95463500638242,100 174.89290499667692,-36.95471100428148,100 174.89318600437375,-36.954755000150584,100 174.89347100151392,-36.95479999436293,100 174.89350599773255,-36.95480500265358,100 174.89359000800573,-36.954819000219786,100 174.89362999510092,-36.95482500502808,100 174.89380300434343,-36.95485200009776,100 174.89460299984228,-36.95497799719467,100 174.89517899533084,-36.955069002596694,100 174.89526800505936,-36.955083004774586,100 174.89517799903118,-36.95540699513443,100 174.89510200434592,-36.95567699938825,100 174.8950269975509,-36.955949000447795,100 174.89500300446818,-36.95603800675227,100 174.8948250081505,-36.956683999836535,100 174.89474600147858,-36.95697499479837,100 174.8946779930839,-36.95722199959488,100 174.89467099685962,-36.95724400592539,100 174.89457999299506,-36.95757600454687,100 174.89447299706686,-36.957964996785066,100 174.89433199690595,-36.958495998733675,100 174.89413799189887,-36.95918100435857,100 174.89413100644646,-36.959204001925634,100 174.89407100257995,-36.95942300375315,100 174.89375100420946,-36.96058700475063,100 174.89372600327437,-36.96068100118734,100 174.89355000849662,-36.96132000301902,100 174.8935490021751,-36.961324991606475,100 174.89433100184536,-36.961463000914144,100 174.89514000204912,-36.961607004802346,100 174.8955249996793,-36.961675003774516,100 174.89586700247554,-36.96173599641438,100 174.89591899674707,-36.96174499475454,100 174.89591500093576,-36.961759003658706,100 174.89583000830586,-36.96207099614231,100 174.89575599985815,-36.96228200692234,100 174.89566900783186,-36.96234300443138,100 174.89559999582752,-36.962684002581945,100 174.8949349944023,-36.962566993183984,100 174.8949199999763,-36.962618007004906,100 174.89438100508607,-36.96451800392528,100 174.89409100134927,-36.96555400540383,100 174.8934809915117,-36.96770000004609,100 174.8932869986791,-36.968357993949716,100 174.89382700423687,-36.96845299996232,100 174.89448200317236,-36.968611992601474,100 174.89545900708475,-36.968888002416634,100 174.89600999640734,-36.968915993569,100 174.89567099554668,-36.97014499237205,100 174.89562200683991,-36.97032200157796,100 174.89541799592504,-36.97105200466493,100 174.89537800474497,-36.97119599300012,100 174.89532800501695,-36.971375994343,100 174.89527600717003,-36.971561992436875,100 174.89519399487398,-36.97185499195273,100 174.8951390007143,-36.972052999105394,100 174.8950469921191,-36.97238300185794,100 174.8949719992567,-36.97265300307665,100 174.8949329949064,-36.97279200296726,100 174.89488900204495,-36.97294800186969,100 174.89484499452433,-36.97310599829022,100 174.89480299631683,-36.97325900541268,100 174.894801003701,-36.97326399532766,100 174.89479999771837,-36.973268999234556,100 174.8947599956563,-36.973413994278296,100 174.89471899661842,-36.97356300343177,100 174.89465499264242,-36.973795007354816,100 174.8945909970395,-36.97402600434373,100 174.8945489974698,-36.97417899426438,100 174.8945279983562,-36.974253004297864,100 174.89446600354015,-36.97448000171126,100 174.8943799922398,-36.97478900590295,100 174.89437499154542,-36.97481000240666,100 174.8942710050787,-36.9751839957115,100 174.89424400735646,-36.97528299739639,100 174.89420299732177,-36.975432997068665,100 174.8941810002695,-36.97551100404524,100 174.89408444300165,-36.97586115704331,100 174.89340602325,-36.97575753557494,100 174.8933909694028,-36.97568072009144,100 174.89323033515547,-36.9755868659363,100 174.89299219726797,-36.975849117604206,100 174.8929080031665,-36.97584700032917,100 174.89291100643806,-36.97576599681762,100 174.89291500378786,-36.975662999019804,100 174.89266499608374,-36.975590998567334,100 174.892640008732,-36.97558400359705,100 174.89246100383704,-36.97553299756655,100 174.89242099674522,-36.975520999125386,100 174.89226999254169,-36.97547699835677,100 174.89223300744342,-36.97550800181942,100 174.89204499364794,-36.97550299471451,100 174.89185700702976,-36.97549899364078,100 174.89172800536556,-36.97549600435209,100 174.89166899365657,-36.97549400215586,100 174.89148100703179,-36.97548999958424,100 174.89148200096514,-36.97545400706707,100 174.8915890045171,-36.975349995842095,100 174.8913400045804,-36.97519600058069,100 174.89133000828326,-36.975207002635265,100 174.8912199976994,-36.97532900031465,100 174.89108199925997,-36.97548000004251,100 174.8910709938086,-36.97548000685426,100 174.89088300725274,-36.97547600513517,100 174.8908599993781,-36.97547499809803,100 174.89069499353093,-36.9754709958862,100 174.89067299909237,-36.97547099385225,100 174.89050700696856,-36.97546699266921,100 174.890372995195,-36.97546300554595,100 174.89031899366879,-36.975461999040256,100 174.89014800020973,-36.97545799228829,100 174.89016099558972,-36.975119992406555,100 174.88986700399508,-36.975209000664805,100 174.88985800785738,-36.975451004122576,100 174.88972000775968,-36.97544799910396,100 174.88964500725936,-36.975445997206414,100 174.8895319944813,-36.97544300332414,100 174.88932200476353,-36.97543800557596,100 174.88913400139307,-36.975433999546354,100 174.88910699571605,-36.975433001723864,100 174.88894600503528,-36.97542900436967,100 174.88884599852767,-36.97542700607785,100 174.88875800170294,-36.97542499864403,100 174.88859799729818,-36.975420998640836,100 174.88861099183114,-36.975077006045474,100 174.8884800010719,-36.975074000700104,100 174.88839499751177,-36.97507200214635,100 174.88813999684882,-36.975065001900134,100 174.88813499428045,-36.97519999680623,100 174.8881289922454,-36.97535300587269,100 174.8880929983585,-36.975352999843714,100 174.88794005140784,-36.97534887586124,100 174.8879257683542,-36.97572772183666,100 174.88772727529565,-36.97572298454208,100 174.88771905651222,-36.975722385203724,100 174.88771097204742,-36.97572099327941,100 174.887703142834,-36.97571883839152,100 174.88769570959454,-36.97571593272288,100 174.88768875920778,-36.97571233708213,100 174.88768241410773,-36.97570809639019,100 174.88767674542973,-36.9757032708048,100 174.88767184267672,-36.975697936415244,100 174.88747651626562,-36.97569323576138,100 174.88747122186595,-36.97569833034319,100 174.88746520141697,-36.97570286504062,100 174.8874585417281,-36.97570680692712,100 174.88745134491708,-36.97571006064237,100 174.88744369559205,-36.97571259509748,100 174.88743573219517,-36.97571437564358,100 174.8874275741456,-36.97571537063822,100 174.8874193074862,-36.97571556158819,100 174.88671800108574,-36.97569851657352,100 174.88672878399018,-36.97541296506578,100 174.88684845541044,-36.975415844947605,100 174.88685467321315,-36.97525095411632,100 174.88686087340423,-36.97508603291638,100 174.88695523314925,-36.97493996706688,100 174.88698808106398,-36.97488910663479,100 174.8869920049142,-36.974786993378494,100 174.88699399768151,-36.974738004316144,100 174.88699799496086,-36.97463599894862,100 174.88699800768904,-36.97461800228083,100 174.8870019994237,-36.97451900196866,100 174.88699300070786,-36.9744960056967,100 174.88696500219552,-36.97442399990254,100 174.8869259919444,-36.974324991955356,100 174.88689400295667,-36.974243005379044,100 174.886883995408,-36.97421600078423,100 174.88677299747604,-36.97414499627712,100 174.88666400047967,-36.97407499456007,100 174.88658400261087,-36.974024000095824,100 174.88646199986454,-36.97433299240672,100 174.88644900750356,-36.97432800015421,100 174.8864360070268,-36.97432399856954,100 174.88655700084232,-36.97401799844863,100 174.88639300665307,-36.97398800105913,100 174.88620599207195,-36.973954006947075,100 174.88615200063236,-36.973944992026716,100 174.8861369968363,-36.9739730070555,100 174.8859149993726,-36.97436399920838,100 174.88588100171586,-36.9745599931376,100 174.88585500607303,-36.97471099627022,100 174.8858530064049,-36.974746992138854,100 174.88584900504586,-36.974861000302525,100 174.88584299590536,-36.97501199590193,100 174.88583800820206,-36.97516300410982,100 174.8858319990199,-36.97531399880171,100 174.88571199683477,-36.97531100056854,100 174.88551700337817,-36.97530700341786,100 174.8853839946048,-36.975302992010455,100 174.88537699187728,-36.975330000162884,100 174.88528300164086,-36.97566399298714,100 174.8849470032595,-36.97565599939431,100 174.88493699180393,-36.97565499840874,100 174.88492699710366,-36.975653993550964,100 174.88491800350846,-36.9756509926137,100 174.88490800675962,-36.9756479922852,100 174.88489899667752,-36.97564500602929,100 174.8848910040564,-36.97564000360567,100 174.88488299459246,-36.975635001448985,100 174.884876006206,-36.975629996595295,100 174.88486900801297,-36.97562400225788,100 174.88486400803387,-36.97561699555996,100 174.8848590073551,-36.97561000599781,100 174.88485499368764,-36.975602998957925,100 174.88485100385716,-36.975595000097655,100 174.88484900452463,-36.97558699666521,100 174.88484799147986,-36.97557899199033,100 174.8848479999111,-36.97557100083652,100 174.8848489931064,-36.975562992240924,100 174.8848500057692,-36.97555499865841,100 174.88462600069343,-36.97552900462841,100 174.88462299861203,-36.9755370018591,100 174.88461999653006,-36.975544999089735,100 174.8846149948253,-36.97555199336797,100 174.8846099934975,-36.9755590029623,100 174.88460299219088,-36.97556499518859,100 174.8845969943699,-36.975571000322084,100 174.88458899694777,-36.97557600340352,100 174.88458099950236,-36.97558100558347,100 174.8845720055648,-36.975585003302335,100 174.8845630014005,-36.9755879944189,100 174.88455299450405,-36.975591003259446,100 174.8845430019666,-36.975591998343134,100 174.88453299260712,-36.97559299459441,100 174.88452300706558,-36.97559299812361,100 174.8845130058252,-36.975593002802555,100 174.88450300095653,-36.975590993108916,100 174.88447000133473,-36.97577100228063,100 174.88430700053493,-36.97574200656042,100 174.8842239967883,-36.976040992107855,100 174.8841229930585,-36.97602200154564,100 174.8840230052046,-36.9759919987802,100 174.88381799587947,-36.975955000431156,100 174.88372599426026,-36.976256001388926,100 174.88353799208656,-36.97627699966316,100 174.88347500151858,-36.97628399934363,100 174.8834410002565,-36.97640799325803,100 174.88342700873326,-36.97645999469269,100 174.88341299922536,-36.976511996410935,100 174.8835120042013,-36.9765299999087,100 174.8838340017884,-36.97658699507946,100 174.88382600189306,-36.976612997786034,100 174.88379199277443,-36.97672900089461,100 174.88372600094905,-36.9769559996828,100 174.88367700359373,-36.977122999754656,100 174.88366399313765,-36.97717100365022,100 174.88362599101785,-36.977299992171396,100 174.88362099325906,-36.977317998558135,100 174.8836190033949,-36.977325001776485,100 174.883576995715,-36.97746900569383,100 174.8836030020287,-36.977474004421076,100 174.88359699709068,-36.977496998420314,100 174.88356100404064,-36.97761899781601,100 174.8835600050481,-36.9776229956605,100 174.88351800484833,-36.977765991769964,100 174.8835170051066,-36.97777000494822,100 174.88347600906434,-36.97791300042763,100 174.8834750002065,-36.97791600608503,100 174.88343299157654,-36.978059993737304,100 174.883431999582,-36.97806300002801,100 174.8834169933425,-36.97811399817327,100 174.88339000916886,-36.978207003598314,100 174.88338899994883,-36.97820999483972,100 174.8833470004842,-36.9783550043997,100 174.8833059985549,-36.978494002597074,100 174.88325799239504,-36.97865999440867,100 174.88325899257146,-36.97880100207196,100 174.88320499725998,-36.97898800470418,100 174.88315800649013,-36.97914999836814,100 174.88301000534744,-36.97912300000708,100 174.88297399212217,-36.97911599317596,100 174.88286700478162,-36.979096006849154,100 174.88278099563925,-36.979080006703384,100 174.88260300435124,-36.97904600542469,100 174.88251400112463,-36.979029993992874,100 174.88242500499908,-36.979012992742184,100 174.88224700731237,-36.97897999598758,100 174.88221500066535,-36.978988003404716,100 174.88200299630506,-36.979038007408576,100 174.8816820037417,-36.97911499741968,100 174.8818780022423,-36.97948099259478,100 174.88206800837784,-36.979834005318786,100 174.88151599291692,-36.980075004171574,100 174.88134499950846,-36.97964499844609,100 174.88125799549508,-36.97942799366907,100 174.8812540038162,-36.97941799741518,100 174.88118499810156,-36.97924699858645,100 174.8810350020987,-36.97877999957605,100 174.88086100744826,-36.978244006757905,100 174.8807919987471,-36.978030001645976,100 174.88074899415344,-36.977897005221585,100 174.88072299750192,-36.977815004922114,100 174.88056799178457,-36.977365996291574,100 174.88051700310373,-36.977217992357055,100 174.880455996021,-36.97703999467028,100 174.8804050031275,-36.976894995712904,100 174.8803550037706,-36.97674900306449,100 174.8803520084398,-36.97673999594936,100 174.8803049964424,-36.97660400195798,100 174.88024500683318,-36.976429007406786,100 174.88017200577394,-36.97621700740854,100 174.88009900624442,-36.976005006428096,100 174.88006199319383,-36.97589699465961,100 174.88003099841356,-36.975792006081086,100 174.8799690021536,-36.97557800193881,100 174.87992600318282,-36.975431004974276,100 174.87988600120795,-36.975294997977834,100 174.87986900316778,-36.975235994272595,100 174.879874000176,-36.975057992650754,100 174.8798159938773,-36.97493899372223,100 174.879779006882,-36.97485300406806,100 174.87973499716747,-36.9747389965959,100 174.87955100807136,-36.97429600459987,100 174.8794620026659,-36.97408200601887,100 174.87937999852804,-36.973884998883264,100 174.8792859976053,-36.97365899265809,100 174.87926899951273,-36.97363000342346,100 174.87905699447236,-36.97328599543089,100 174.87897399532866,-36.973149992785764,100 174.87890799361296,-36.973042997407816,100 174.87888999118724,-36.973013993367374,100 174.87880300593085,-36.972872004987806,100 174.87879600417878,-36.97286199859782,100 174.87862400167202,-36.972669994582546,100 174.87834700582732,-36.97236300055155,100 174.87830200424744,-36.97231199634774,100 174.87819599813656,-36.97221399689251,100 174.87810099159987,-36.97212599639364,100 174.87775299797104,-36.971815002165144,100 174.87758399521098,-36.971664002060024,100 174.87755999745153,-36.97164300075629,100 174.87746600851364,-36.97157400041264,100 174.8773020065945,-36.97145500118958,100 174.8770540035498,-36.971270993629915,100 174.87691800209882,-36.971169999093405,100 174.8767819920093,-36.97106799776565,100 174.87664600812047,-36.9709670026276,100 174.87647999741688,-36.97084399610671,100 174.8762490046878,-36.9706720036583,100 174.87599100723003,-36.97048099716178,100 174.8757780015736,-36.970324006625184,100 174.87562800386323,-36.97021399329193,100 174.87547100322004,-36.97009900521043,100 174.8754270014086,-36.97006699995666,100 174.87472800680177,-36.969531992103775,100 174.8745999998535,-36.969433999695944,100 174.87452799531752,-36.96937799455633,100 174.87427899758464,-36.969188006554326,100 174.87397299388888,-36.96895400111777,100 174.8739380055659,-36.96892699587402,100 174.87390299139528,-36.96890099689303,100 174.87353500114259,-36.96862300058257,100 174.8733109968318,-36.96845300275641,100 174.87311800630965,-36.968306997436876,100 174.87294799738902,-36.96817900602995,100 174.8728950000901,-36.968138003329955,100 174.87275699679256,-36.96803099842863,100 174.87261999905533,-36.96792600454962,100 174.8724840054978,-36.96782099466449,100 174.87235099987387,-36.967718998344594,100 174.8722169995027,-36.96761599727325,100 174.87207799396435,-36.96750899383923,100 174.8719550072195,-36.96741399366452,100 174.87182400225134,-36.96731299988548,100 174.87181099843409,-36.96730300388757,100 174.87169399458924,-36.96721299519424,100 174.87155000340306,-36.96710200481021,100 174.8714199964576,-36.96700199979536,100 174.8712810031941,-36.96689600196388,100 174.87115700425932,-36.96679999659898,100 174.87103299771215,-36.96670499798676,100 174.87090299211698,-36.96660499236134,100 174.87083199808026,-36.966550996916595,100 174.8707719999604,-36.96650500393958,100 174.87062999626335,-36.96639699776682,100 174.87044400373313,-36.966255992594085,100 174.8698930063951,-36.9658370059312,100 174.86986000327406,-36.96581100287125,100 174.86959099263092,-36.96564800331114,100 174.8694159980501,-36.96554199341786,100 174.86921199641202,-36.965417002313515,100 174.8690660010216,-36.96532899503165,100 174.86891200016038,-36.96523600135745,100 174.8687110067324,-36.965116005755995,100 174.86839700019704,-36.964927998190795,100 174.86830700709137,-36.96487699426683,100 174.86840900211527,-36.96471100258915,100 174.8682429938736,-36.96457099698026,100 174.867983000021,-36.964393001669244,100 174.86796599786683,-36.96438099963862,100 174.86759600006408,-36.96412900698372,100 174.86745100208756,-36.964019996640886,100 174.86737699913743,-36.96391500583522,100 174.86684299248773,-36.964394001879164,100 174.86686099759197,-36.96430299867043,100 174.86671800325158,-36.96417900670614,100 174.86647099316144,-36.96401399456353,100 174.86618200302306,-36.96382099541159,100 174.86591500026563,-36.96364200244033,100 174.86572699690538,-36.96351700695551,100 174.865727993133,-36.96350899843536,100 174.86575100321454,-36.96317600284639,100 174.86576599422904,-36.96295599866267,100 174.8657820075789,-36.96271999357808,100 174.86553499691772,-36.96253599317279,100 174.86536899632313,-36.96241199601894,100 174.86520399230645,-36.96228900235175,100 174.86503800236827,-36.962165995996244,100 174.86487300631907,-36.96204199585796,100 174.864707000958,-36.96191900368493,100 174.86453299636224,-36.961790002567746,100 174.86455299782583,-36.961772000976076,100 174.86421600095056,-36.96148199600191,100 174.86386700785047,-36.96118199172255,100 174.86362100357186,-36.96096999993953,100 174.8634869954652,-36.96085100660315,100 174.8634800067654,-36.96084200491625,100 174.86332099953668,-36.96065599803581,100 174.86320900662926,-36.96052499395827,100 174.86309899697667,-36.960397005988575,100 174.86309100242357,-36.960385993005055,100 174.862991006401,-36.96024299587816,100 174.8628900078241,-36.96009999997192,100 174.86278999570493,-36.95995700201155,100 174.86273599371955,-36.95988200280008,100 174.862698995659,-36.959812005832134,100 174.8626180017496,-36.95966400260658,100 174.8625380015197,-36.959515005799396,100 174.86245200844527,-36.959356000106105,100 174.86241499297518,-36.959286004212224,100 174.8623640020667,-36.95919100513766,100 174.862276005246,-36.95902500317514,100 174.8621840042952,-36.95885100077886,100 174.86200631651974,-36.958513868423154,100 174.86195678867537,-36.95850499761093,100 174.86185123029722,-36.95848537141491,100 174.86169923179676,-36.95901603841678,100 174.86168836148894,-36.95905392177109,100 174.8595628473075,-36.95866364691759,100 174.8595969115902,-36.95854410344932,100 174.8595247592048,-36.958530867649834,100 174.85951218536297,-36.95857494431331,100 174.85917851309125,-36.95973950898351,100 174.85895812340883,-36.95969972892413,100 174.85860840674235,-36.95963592900358,100 174.85811263291788,-36.95954554522474,100 174.85804936632502,-36.95953398289559,100 174.85780235584892,-36.95921893071601,100 174.85772981113612,-36.959142560930026,100 174.85750321502573,-36.95900519415544,100 174.85739285498195,-36.95903500334315,100 174.85734693822263,-36.959122288768334,100 174.8572630022927,-36.95912581028327,100 174.85720433785767,-36.95908517742548,100 174.8571570661317,-36.959006063036995,100 174.85713541817074,-36.95869737892317,100 174.85717523864753,-36.958391229332314,100 174.85714471829712,-36.95820617523806,100 174.8572468107081,-36.95788222557144,100 174.85725496643647,-36.957820401019546,100 174.8572596255823,-36.95778436016814,100 174.85727826487445,-36.95780013000998,100 174.85731275099715,-36.95780294333795,100 174.85734184883523,-36.95779384623709,100 174.8573679248022,-36.95778106856433,100 174.85736698048103,-36.95775805559234,100 174.85735830188898,-36.957728548869895,100 174.8573463983561,-36.95770262757074,100 174.8573293460008,-36.95766730137031,100 174.85730017355294,-36.95762834321514,100 174.85724920025768,-36.95758997760933,100 174.8571743587898,-36.95755374206712,100 174.85706616157606,-36.95751493768444,100 174.85704033591117,-36.957504727790194,100 174.85700630409517,-36.957468455792544,100 174.8569642416532,-36.957448210445314,100 174.8569126759592,-36.95742326735825,100 174.85687242994035,-36.957386202927616,100 174.8568478632174,-36.957356427334794,100 174.85683159433668,-36.957323844128375,100 174.85679362071116,-36.957274073408286,100 174.85675154662465,-36.95722878596987,100 174.85671030613096,-36.957198536572434,100 174.85667706778676,-36.957164079034264,100 174.8566790853728,-36.95716252695569,100 174.8566165373538,-36.95712214559442,100 174.85656887542478,-36.95708723942629,100 174.85655511166308,-36.95706813225014,100 174.8565876408598,-36.957045642175856,100 174.8566294755449,-36.95702308496712,100 174.85667977553192,-36.95698972735055,100 174.85674395652944,-36.956957275638565,100 174.85677345614616,-36.95694248868866,100 174.85682586291367,-36.95689026233163,100 174.85685693863002,-36.95685547030896,100 174.85689954939534,-36.956811511709105,100 174.85692260916957,-36.956754510419394,100 174.85695272039302,-36.956686902079774,100 174.85696802252295,-36.95666072820733,100 174.8569486258225,-36.95665153805633,100 174.8569181883407,-36.95666747177383,100 174.85688149093306,-36.95669516013915,100 174.85676665041655,-36.95680057459153,100 174.85670883670502,-36.956845987712185,100 174.85667081103776,-36.956857002591576,100 174.8566518051841,-36.956855999252774,100 174.85663407625506,-36.95683607892284,100 174.85662777265145,-36.95680219334755,100 174.85662563043738,-36.956746028822444,100 174.85660268268558,-36.95668106926866,100 174.85658194386886,-36.95661910629186,100 174.8565784061445,-36.95657544773468,100 174.8565601557075,-36.956491405022334,100 174.85647074914036,-36.95622746808116,100 174.85639148088543,-36.95611684792801,100 174.8562919745199,-36.95599793390356,100 174.8562569437308,-36.95593916058058,100 174.8562872577508,-36.955917962566026,100 174.85634981043648,-36.95590094996171,100 174.85642131385393,-36.95587837772885,100 174.8566711474302,-36.955842263703644,100 174.8566903233441,-36.95583672983202,100 174.85674048348628,-36.95582146291829,100 174.85684527157107,-36.95580925142407,100 174.85694383198174,-36.955783439035415,100 174.85694548369625,-36.95578310134224,100 174.85702655708033,-36.95576711459049,100 174.85707838671428,-36.955741195788846,100 174.85709716732168,-36.95571569033833,100 174.85712041684258,-36.955685245154896,100 174.85714526666536,-36.95562793370205,100 174.85714883447795,-36.95561969482581,100 174.85716804712172,-36.955561164648486,100 174.85717635640734,-36.95551740999361,100 174.8571752877861,-36.95548973734268,100 174.8571767386122,-36.95547414799363,100 174.85717451332823,-36.95546853425183,100 174.85718099646445,-36.955430882143055,100 174.85718266406718,-36.95541950125828,100 174.85717963810956,-36.95541176392075,100 174.85718400971587,-36.955394126149635,100 174.85718065722241,-36.95538778735725,100 174.8571879464055,-36.95536926391357,100 174.85718905739597,-36.95535646765529,100 174.85719985235377,-36.95533704663209,100 174.8572041727296,-36.955322663417185,100 174.85720599749934,-36.955317799301376,100 174.8572151082147,-36.95529557358883,100 174.85722603509285,-36.95528431192784,100 174.8572295557026,-36.955282036903036,100 174.85722612981724,-36.95526264367841,100 174.85723190626456,-36.95524897766366,100 174.85723745392977,-36.95523065541731,100 174.85724491745032,-36.95521866289191,100 174.8572552765099,-36.95520621857039,100 174.85726271524396,-36.95519653470539,100 174.8572692087126,-36.95518963988378,100 174.8572775449046,-36.955177880664,100 174.8572887907714,-36.95516500335252,100 174.85730179331455,-36.955150515842355,100 174.85731108319987,-36.955134327046736,100 174.8573215259553,-36.955117931837464,100 174.85733022353654,-36.95510223361091,100 174.85733739894454,-36.95509044838397,100 174.85735304454406,-36.95507390056422,100 174.85736876700113,-36.955055015325385,100 174.85737857137542,-36.95504188385503,100 174.8573930867374,-36.95500830619784,100 174.85740120092933,-36.95499281898921,100 174.85741218019731,-36.954979001256994,100 174.8574186832314,-36.954971160795786,100 174.85742891187158,-36.95495127001342,100 174.8574307675223,-36.954944996651946,100 174.85743605042995,-36.95494134387355,100 174.8574580988768,-36.95492420644081,100 174.8574634226529,-36.95491821410321,100 174.857482523108,-36.95490403855485,100 174.85749083132876,-36.95489321081884,100 174.8575051333629,-36.95488783780471,100 174.8575164691056,-36.95488541254435,100 174.8575290753374,-36.95487745224202,100 174.85754012371532,-36.954875264015854,100 174.85756103438848,-36.9548718534046,100 174.85757848291527,-36.954868361767666,100 174.85759364295293,-36.95486275719817,100 174.8576093138976,-36.95486135558657,100 174.8576291178139,-36.95485602805516,100 174.85764808933683,-36.95484930568855,100 174.85766373347178,-36.95484883464882,100 174.85767879868897,-36.95484811038307,100 174.85770244649402,-36.954837729389155,100 174.85771916711852,-36.95482771457201,100 174.85773967725663,-36.95481447592417,100 174.857733562542,-36.95479415407368,100 174.85771963637484,-36.95478250075653,100 174.8577007138842,-36.954780054167145,100 174.85767925203385,-36.95477709480515,100 174.85765914958148,-36.95477970233407,100 174.85762813751427,-36.95478382984989,100 174.85761663484243,-36.954785808876856,100 174.85760289133734,-36.95478361471693,100 174.85759144065918,-36.95478237161964,100 174.85757450264384,-36.954783623608066,100 174.85755065907153,-36.95478733338485,100 174.85752540208907,-36.954790602897404,100 174.85750440774305,-36.95479801125262,100 174.85747873783194,-36.95481234457796,100 174.85745858653888,-36.954819553161116,100 174.85742782581366,-36.95482598406458,100 174.85740684016324,-36.95483435216965,100 174.8573872154557,-36.95484571658783,100 174.85737275780915,-36.954857582408934,100 174.85735829115433,-36.95487291483585,100 174.85734957728712,-36.95488345688274,100 174.85733080383525,-36.954897594846294,100 174.85730798068218,-36.95491423332957,100 174.85726746804522,-36.95495380408167,100 174.85724625960003,-36.9549803732423,100 174.85722370018914,-36.9550030166663,100 174.85720138362828,-36.95502567160915,100 174.8571787981081,-36.95504922936907,100 174.85715928113333,-36.95508019842165,100 174.85714415944454,-36.95510083991544,100 174.85712853952884,-36.95511706012816,100 174.85710826530172,-36.95513650505805,100 174.85709605362516,-36.95515599690766,100 174.8570892561209,-36.95517737794246,100 174.85707216232754,-36.955194784805805,100 174.85705646964223,-36.955216102196005,100 174.85704230866145,-36.9552254369441,100 174.85703796972834,-36.955231381409384,100 174.85701835742702,-36.95527364273306,100 174.85699782138113,-36.9552916974022,100 174.8569856416102,-36.95530589260067,100 174.8569711173235,-36.9553256098905,100 174.8569567334912,-36.95535961897356,100 174.8569429730749,-36.95539039609339,100 174.85692817854007,-36.95540643211875,100 174.85691259177395,-36.95541874998217,100 174.8568829447563,-36.95542864511506,100 174.8568604351212,-36.95544345163955,100 174.85683825032723,-36.95545549504759,100 174.8568177130897,-36.95547355060611,100 174.8568009601515,-36.95548492769429,100 174.85677560087328,-36.95549925691288,100 174.8567492350168,-36.95551412914076,100 174.8567284032523,-36.95552565383855,100 174.85671115635404,-36.95552700427389,100 174.8566882339733,-36.95552569535794,100 174.85667522836982,-36.95551421138972,100 174.8566545972665,-36.95549639956193,100 174.85664467719272,-36.95548317555886,100 174.8566297746614,-36.955453790445446,100 174.8566136113366,-36.95543357972945,100 174.85659755473066,-36.9554037034168,100 174.85658860148175,-36.95537941864278,100 174.856573070356,-36.95535369909574,100 174.85656383310356,-36.955329188023946,100 174.8565436208093,-36.95531469909205,100 174.85653695257264,-36.955291134782755,100 174.8565236515736,-36.95527442056485,100 174.8565118312745,-36.955250325734355,100 174.85650707895445,-36.95523693437335,100 174.8565005383029,-36.955230418288366,100 174.85648408677505,-36.95521230311674,100 174.8564817179412,-36.95519036784557,100 174.85648152470762,-36.95517861678657,100 174.8564592916384,-36.95516619191258,100 174.85645247491823,-36.955160377761786,100 174.85644937644392,-36.95515251805788,100 174.85644028282806,-36.9551443735552,100 174.85642432593718,-36.95513247513776,100 174.85641090171023,-36.955127982895554,100 174.85639951143122,-36.95511798874905,100 174.85638523769558,-36.95511278332666,100 174.8563724320567,-36.95510162067038,100 174.8563606949228,-36.955098756858774,100 174.8563346218857,-36.95509737816795,100 174.85631081737918,-36.95509673642677,100 174.85628516082608,-36.95510964430518,100 174.85626906616912,-36.955114598151255,100 174.85624982511916,-36.95511836819241,100 174.8562311727,-36.95511890591487,100 174.85621023977902,-36.95511825981085,100 174.8561973116895,-36.955120001410165,100 174.85617001290854,-36.95512392356997,100 174.85615327081737,-36.955124691890816,100 174.856131948895,-36.95512569405591,100 174.85612371473422,-36.95512699812146,100 174.85611122280096,-36.95512759993568,100 174.85609530867907,-36.955127037576304,100 174.85606517629515,-36.95512910584214,100 174.85603848536127,-36.95513049477889,100 174.85601115981478,-36.9551359982317,100 174.85598924528637,-36.95514201285009,100 174.85597247442533,-36.955146916840114,100 174.85594233605866,-36.95514943312323,100 174.8559093924852,-36.955149876961606,100 174.8558886975877,-36.955145850744124,100 174.85587534531433,-36.95514598738429,100 174.85586907792273,-36.955147071407744,100 174.85584521816315,-36.955148271828804,100 174.8558295945102,-36.95514884956607,100 174.85579723087136,-36.95514838569341,100 174.8557750973397,-36.955146164752335,100 174.85574758884928,-36.955140939016374,100 174.85571697227613,-36.95513592229509,100 174.85570031740457,-36.95512186792244,100 174.8556890283187,-36.95511243004026,100 174.8556865024475,-36.95510853978021,100 174.85566983883226,-36.95509676226798,100 174.85564982500136,-36.955077438114486,100 174.855632394632,-36.95505766707963,100 174.85561804273922,-36.9550404464196,100 174.855600888072,-36.95502000319384,100 174.85558506238277,-36.955008460433596,100 174.85556033981388,-36.95497540258273,100 174.85553234199676,-36.95495898827697,100 174.85551254875233,-36.95494856566928,100 174.85550012361273,-36.95494321857979,100 174.85547801183793,-36.954936661904505,100 174.85545564356832,-36.95492828226321,100 174.85542959044668,-36.954919205808544,100 174.85541403497487,-36.95491199323782,100 174.85539278835162,-36.95490545186649,100 174.85537157129312,-36.95489480632994,100 174.85535833115145,-36.9548810031826,100 174.8553409088568,-36.95485827385211,100 174.85532714133944,-36.95483898180703,100 174.8553112354152,-36.954805060545176,100 174.85530797210788,-36.95478586661185,100 174.85530381163858,-36.95477260385048,100 174.85529265601144,-36.95474875988518,100 174.8552825763401,-36.9547301943444,100 174.85527260884143,-36.954698385791346,100 174.85526183259924,-36.954661526273746,100 174.85524718324228,-36.954610517110005,100 174.855234953989,-36.954577554160764,100 174.85522123146677,-36.95455414237648,100 174.85520122019815,-36.95453551482116,100 174.8551965387787,-36.954516980277226,100 174.85517965690875,-36.95449768010037,100 174.85516597355036,-36.95446856776359,100 174.85515988039242,-36.954447068312895,100 174.85513944043103,-36.95441243643724,100 174.85513698149137,-36.954399406657785,100 174.85513123171225,-36.954371970266976,100 174.8551291442211,-36.95434888408818,100 174.85513132044082,-36.95432674706437,100 174.85512808962244,-36.95430615827762,100 174.855130793973,-36.9542856533988,100 174.85513467168758,-36.954263750265895,100 174.85513265342752,-36.95423222306521,100 174.85513828062142,-36.95420327403094,100 174.8551444740443,-36.954175444597546,100 174.85514440457757,-36.9541475859504,100 174.85514971685154,-36.95412046970918,100 174.85515393227678,-36.95409239718534,100 174.85515927571527,-36.95406253864781,100 174.85516484370493,-36.954041102119554,100 174.8551725356763,-36.954003939554156,100 174.85518002833297,-36.95398846400669,100 174.8551941172204,-36.95396801104815,100 174.8552061724743,-36.95395302932222,100 174.85522250179582,-36.953934194364095,100 174.85524233573446,-36.95390603818487,100 174.85526462347067,-36.9538881547294,100 174.85528176862755,-36.953874571610434,100 174.8553030331528,-36.95384298427945,100 174.8553339086304,-36.953816945769155,100 174.85534333594154,-36.95381108407557,100 174.85536650425675,-36.95379117059086,100 174.8554000227326,-36.95375395227042,100 174.8554220202102,-36.953738133734994,100 174.8554500476921,-36.95371298063759,100 174.8554669254566,-36.95369782256289,100 174.8554867224923,-36.953672826039295,100 174.85550534618542,-36.953653116054724,100 174.855524323196,-36.95362265142865,100 174.85552310956456,-36.95359730641388,100 174.85551256431273,-36.953565242819394,100 174.85549919353662,-36.95353295028803,100 174.85549038175358,-36.95349841161729,100 174.85547614304684,-36.95346793077771,100 174.8554688894333,-36.95345349778313,100 174.85547181935652,-36.95344141398749,100 174.85545243709947,-36.95341593112822,100 174.85544454686325,-36.95340812195258,100 174.85544416674568,-36.953384820715534,100 174.85543327180523,-36.95336166940076,100 174.85543482398086,-36.95334593877589,100 174.85542992574378,-36.95331735703098,100 174.85542475226407,-36.95329080755281,100 174.85542155309025,-36.953264303828824,100 174.8554186727947,-36.95323483519282,100 174.85541895864054,-36.953198296706475,100 174.8554328712405,-36.95316345963897,100 174.85544235132394,-36.9531505199652,100 174.8554482164665,-36.95312726532646,100 174.8554586240307,-36.953104970797895,100 174.85546694053363,-36.953093832115506,100 174.85546200303475,-36.953073489931256,100 174.8554811580444,-36.95305490099731,100 174.85550404840467,-36.95303428069126,100 174.8555322816414,-36.95301942281737,100 174.85556987365104,-36.95300712981681,100 174.85560221005593,-36.953009887141015,100 174.8556078970047,-36.953009696399164,100 174.85563398577784,-36.95301490020602,100 174.85567269662735,-36.95300308270505,100 174.85569695429652,-36.95299091067318,100 174.85570240475892,-36.95298319671802,100 174.85570231400118,-36.952961687284514,100 174.85569384525436,-36.9529419320876,100 174.855682430686,-36.95293165973631,100 174.85566319150843,-36.952926415567866,100 174.85565068036993,-36.95291010710357,100 174.8556479776896,-36.95289180122207,100 174.8556253931899,-36.95287402423758,100 174.85560531722146,-36.95286784855838,100 174.8555826865608,-36.95285608227478,100 174.8555512601604,-36.952860231940704,100 174.85550610471702,-36.952856843049965,100 174.8554655910909,-36.95284911565349,100 174.85542939078584,-36.95284165431558,100 174.85540125358,-36.95283422557819,100 174.85538547809273,-36.952826490065306,100 174.85536660814768,-36.95281174559416,100 174.85534195826838,-36.95280275443406,100 174.85533075328294,-36.95280033015297,100 174.85531355219612,-36.95279303782605,100 174.85528742572342,-36.95278377680312,100 174.85525451581995,-36.9527647839008,100 174.85523363313882,-36.952749795961005,100 174.8552153273662,-36.952737380667045,100 174.85521201697108,-36.95272160976394,100 174.85519019294796,-36.952716100365905,100 174.85518904292246,-36.952714478840534,100 174.85516161840164,-36.95269226270081,100 174.85513557021076,-36.9526788660747,100 174.8551117863512,-36.95266663821926,100 174.85509604956988,-36.95265586642306,100 174.8550682406709,-36.95264451444552,100 174.85503178444768,-36.952631960931434,100 174.85500198687362,-36.95261807125707,100 174.85496096314247,-36.95260291938822,100 174.85492134666362,-36.9525912426303,100 174.8549006533018,-36.95258785073376,100 174.85487453533392,-36.9525802316867,100 174.85484951601774,-36.95257748692083,100 174.85481995048323,-36.95256774414405,100 174.85478776821944,-36.952593417174704,100 174.8547526181376,-36.952595447223025,100 174.85471295237923,-36.95262012042097,100 174.8546773840019,-36.952636945809104,100 174.85464361009946,-36.952647098635126,100 174.85461679783413,-36.95265104437453,100 174.85459323627046,-36.952647144725326,100 174.85456497743408,-36.95265201256746,100 174.8545241988765,-36.95264150301133,100 174.85448687962568,-36.95263031298525,100 174.85446302148463,-36.9526282611385,100 174.8544342820955,-36.95262225123778,100 174.85442767524876,-36.952620351715076,100 174.85434727004102,-36.95264377291703,100 174.85424589292063,-36.952676677227714,100 174.85417660810705,-36.95269931893344,100 174.85408732424585,-36.95273164305327,100 174.8540094467494,-36.95275900026441,100 174.85387020816884,-36.95283622841243,100 174.8537886164253,-36.95290202701827,100 174.8537257046804,-36.952964421627115,100 174.85369026833402,-36.95301728386743,100 174.85363925253216,-36.95304969329612,100 174.85356175770363,-36.95308169143907,100 174.85348536342508,-36.95311086474283,100 174.85341489157753,-36.95316939430207,100 174.8533772546418,-36.95321047813202,100 174.85331565663427,-36.95324694002108,100 174.85332648161872,-36.953314168891616,100 174.85335007251763,-36.953385900635084,100 174.85331066761228,-36.953424893047014,100 174.8532266840159,-36.95348472313199,100 174.85313303078658,-36.95355108543723,100 174.8531166287711,-36.95356397345024,100 174.85303431291004,-36.95362794055636,100 174.8529579750882,-36.95368644604534,100 174.85289986435666,-36.95370389226022,100 174.8527783566057,-36.9536762155821,100 174.85267689171351,-36.95362488634697,100 174.85257898842278,-36.953557947393335,100 174.85252549399587,-36.95351951356173,100 174.85247966144487,-36.95352448390072,100 174.8524363866369,-36.95353193439586,100 174.85238734760944,-36.95345433539547,100 174.8523220266568,-36.95338113739305,100 174.85232481092459,-36.953308501773236,100 174.8523548770478,-36.953161308829834,100 174.8523714476794,-36.95308862302977,100 174.85240702135425,-36.95296244309268,100 174.85247312438395,-36.95285557789723,100 174.85247268434065,-36.952766442576596,100 174.85240946090104,-36.95267332158387,100 174.85233688588806,-36.95253703091142,100 174.85234599949638,-36.95234177039527,100 174.85240230049172,-36.95223968825268,100 174.85245569668123,-36.95219599555646,100 174.85255898828714,-36.952161589240475,100 174.8528572694739,-36.95202124423937,100 174.85318997178777,-36.95175181244033,100 174.8534052377739,-36.951540399616015,100 174.853636916804,-36.951409235891035,100 174.853801276665,-36.9513445379495,100 174.85396388068153,-36.95130669404303,100 174.85410195807955,-36.95128581182638,100 174.85415923414175,-36.95126376332816,100 174.85418591522964,-36.95122835111802,100 174.85419882248945,-36.95118182266095,100 174.8542365683769,-36.95115006011006,100 174.85432018951207,-36.95111501493546,100 174.85440178570695,-36.95110191778944,100 174.85441780624043,-36.951100697719475,100 174.85444908975253,-36.95110550158489,100 174.8544682531773,-36.95110597736519,100 174.85448828932977,-36.95110807990852,100 174.85450769199582,-36.95111040956216,100 174.8545376292509,-36.95111077741571,100 174.85457649550267,-36.95111452181519,100 174.85460346277404,-36.951118332216645,100 174.8546371773691,-36.95111826338185,100 174.85466102870222,-36.95111621070264,100 174.85468547572114,-36.951113715178145,100 174.85471573109672,-36.95109233371364,100 174.85473779505756,-36.9510732154428,100 174.85475687586998,-36.951061534585186,100 174.85482363772923,-36.951029349158205,100 174.854873462456,-36.950991292155955,100 174.85491335214462,-36.95096533103169,100 174.85497712870134,-36.950925036135786,100 174.85503784594349,-36.950911353563455,100 174.85508900172144,-36.95089785101637,100 174.85514597740936,-36.95087946158646,100 174.85522282010325,-36.950838060157615,100 174.85524252887882,-36.95082468033923,100 174.85525592575772,-36.9508133135585,100 174.85526928823379,-36.950801917570416,100 174.85528273755236,-36.95079058331596,100 174.855296330155,-36.95077941536726,100 174.85531018881085,-36.95076847489788,100 174.85532440185284,-36.95075788490915,100 174.85532844200102,-36.95075499703702,100 174.8553424909967,-36.95074278363186,100 174.85535677946328,-36.950730488969114,100 174.85537140474122,-36.95071846844938,100 174.85538646367465,-36.950707149586485,100 174.85540207057434,-36.9506968929236,100 174.8554183203755,-36.95068809355679,100 174.85542306071486,-36.950686154642035,100 174.85543439833506,-36.950681237411665,100 174.85545099799023,-36.950676443438546,100 174.8554685460807,-36.95067408171849,100 174.85546965103705,-36.950674032001075,100 174.85547466353455,-36.95067386803273,100 174.85549197471832,-36.95067109180032,100 174.85550787010186,-36.95066518127779,100 174.85552264347436,-36.950656766401835,100 174.85552644522767,-36.95065400482846,100 174.85553716661963,-36.950646092225114,100 174.85555128929354,-36.95063404799321,100 174.8555650699219,-36.95062151428224,100 174.85557882288043,-36.95060922886471,100 174.85558669125578,-36.95060268128205,100 174.85560097871115,-36.950592245124355,100 174.85561147858758,-36.95058446035876,100 174.85564377274397,-36.95056686838302,100 174.8556811779067,-36.95054636997316,100 174.85568646257775,-36.95054344641181,100 174.8557233508818,-36.95052233596112,100 174.8557601138524,-36.950501105780404,100 174.8557816167597,-36.950488826278516,100 174.8558191120312,-36.95046843457542,100 174.85585667839106,-36.950448103940296,100 174.8558804576841,-36.950434948805984,100 174.8559175943928,-36.950414083176334,100 174.85595394745795,-36.95039239426444,100 174.85596241946772,-36.950387029664284,100 174.8559969223936,-36.95036342191526,100 174.8560033582658,-36.95035957902401,100 174.85604271593334,-36.950341570963374,100 174.85605030129787,-36.95033798680276,100 174.8560853235985,-36.95031505140355,100 174.85611900654285,-36.95029055962815,100 174.85612854182764,-36.95028421578426,100 174.8561655328306,-36.95026309007273,100 174.8562041660053,-36.95024517170168,100 174.85624545576184,-36.95023019694568,100 174.85625845916212,-36.950226086409465,100 174.85630065829577,-36.95021276755787,100 174.85633746291265,-36.95020279581612,100 174.85638162361664,-36.9501942764273,100 174.85641516596192,-36.950186527850946,100 174.85645654770923,-36.95017173725523,100 174.85646306297187,-36.9501689458375,100 174.85650333836895,-36.950151603769875,100 174.85651183385556,-36.95014586742086,100 174.85653746706438,-36.95011596912119,100 174.85653990373055,-36.950112628585835,100 174.85656432037916,-36.950081884040216,100 174.85657565629026,-36.95006977961817,100 174.85660702109098,-36.95004334466471,100 174.8566138007759,-36.95003941885058,100 174.8566530401826,-36.95002409205856,100 174.8566874320144,-36.95002867186991,100 174.8567209910405,-36.95004094843328,100 174.8567653719954,-36.950049738877965,100 174.8567691713609,-36.95004947215129,100 174.8568093655132,-36.95003299831975,100 174.85681929493614,-36.95002526923982,100 174.8568446897293,-36.94999938727241,100 174.85686642957313,-36.94997722272037,100 174.8568919113002,-36.949959778424734,100 174.85693537490278,-36.94994975281714,100 174.8569408086348,-36.949949179309364,100 174.85698575986262,-36.94994501331746,100 174.85701034640638,-36.94994324159865,100 174.85705510065455,-36.94993753109864,100 174.85706294851994,-36.94993666745243,100 174.8571081639095,-36.94993265140745,100 174.85714810161576,-36.949932443956136,100 174.8571929303643,-36.94993729298267,100 174.85721962538798,-36.94994192815315,100 174.85726362467352,-36.94995063244797,100 174.85728663030906,-36.949955114413584,100 174.85733110319373,-36.949962788277844,100 174.8573434930194,-36.94996356605777,100 174.85735492064464,-36.9499626878467,100 174.85738860146404,-36.94996009417252,100 174.85738972246537,-36.94995996577166,100 174.8574085822574,-36.94995817000265,100 174.85745821760864,-36.948828038218736,100 174.85765369136877,-36.94880737062016,100 174.85766429543435,-36.94880477203319,100 174.85770804635726,-36.94879453975867,100 174.8577289978621,-36.94878691483359,100 174.85775804466462,-36.94877086569076,100 174.85780273800896,-36.94876609954974,100 174.85782473785974,-36.948764001308994,100 174.8578647439489,-36.948747034345544,100 174.85787339138062,-36.94874372637805,100 174.8579107639342,-36.9487349359102,100 174.8579550909261,-36.948726878423756,100 174.85796917231522,-36.94872301041215,100 174.8579736998906,-36.948720872831686,100 174.85802426670446,-36.94871131341042,100 174.85806587973843,-36.948705903167685,100 174.85811626479403,-36.94869727581112,100 174.8581577527155,-36.948682002567885,100 174.85800467482372,-36.948272642946655,100 174.85825717776436,-36.94821183932929,100 174.85840025147817,-36.94859440941328,100 174.85843925569577,-36.94855161174425,100 174.85847072241944,-36.94850705641562,100 174.85850813315614,-36.94847710942578,100 174.8585706044716,-36.94843211105822,100 174.85859604650125,-36.94838155620388,100 174.8586136099276,-36.94836432564209,100 174.8586151005787,-36.94836120267204,100 174.85864555963516,-36.94833780258791,100 174.858680586438,-36.94832482502882,100 174.85871846488072,-36.94830715201144,100 174.85874995557256,-36.94829002244263,100 174.85878113097823,-36.94826560433624,100 174.85879236926095,-36.94825569954984,100 174.8588229361422,-36.94823050230711,100 174.85884235061644,-36.94821135086282,100 174.85886422111687,-36.94818116127384,100 174.85887824630018,-36.94815840060644,100 174.85889941178434,-36.94812775877266,100 174.85891658018687,-36.948100934413375,100 174.85893452798686,-36.94806898467016,100 174.85894353758383,-36.94805013583655,100 174.85895700455015,-36.94801683938058,100 174.8589640136269,-36.94799630666227,100 174.85897587455128,-36.94796249456155,100 174.8589832128907,-36.94793356361225,100 174.8589869164686,-36.94789873096442,100 174.8589877532485,-36.947872450748356,100 174.85898724104698,-36.947837195599604,100 174.8589894026732,-36.94781584828213,100 174.85900250890256,-36.94778268185115,100 174.85901590011323,-36.94775689725804,100 174.85902910431733,-36.94772351207222,100 174.85904236126404,-36.94769017202623,100 174.85904689059922,-36.9476797025934,100 174.85906345976932,-36.947647312042555,100 174.8590805696369,-36.947615083371474,100 174.85908818325018,-36.947599650751094,100 174.85910171930112,-36.94756638384113,100 174.8591148182758,-36.94753296874738,100 174.85911714180511,-36.94752733787984,100 174.8591318785749,-36.94749436041416,100 174.85914782055414,-36.947461764258264,100 174.85914995793357,-36.947457622578774,100 174.8591675747534,-36.94742560227263,100 174.85918547066407,-36.94739365330397,100 174.8591918914964,-36.947381494016064,100 174.8592083030075,-36.94734899775587,100 174.85922176023993,-36.947317342721966,100 174.859233172361,-36.947283554748296,100 174.85924141930667,-36.94724913855146,100 174.8592417823773,-36.947247213057835,100 174.85924638531336,-36.94721238073656,100 174.85925078060004,-36.94717755256824,100 174.85925136570125,-36.9471742283569,100 174.85925928000484,-36.947139664143855,100 174.85927048027884,-36.94710570913481,100 174.85928340728017,-36.94707686639832,100 174.8593010774659,-36.947044875881296,100 174.8593222757753,-36.94701417126764,100 174.85933004978705,-36.947004093554725,100 174.85935393252072,-36.946974798916926,100 174.85936350768952,-36.94696416482022,100 174.85939053472404,-36.94693667403995,100 174.85940733208636,-36.9469192705909,100 174.85943276985043,-36.94689056808404,100 174.8594542352599,-36.94686013777113,100 174.8594570747737,-36.94685508557341,100 174.85947191718407,-36.94682216860182,100 174.85947310804167,-36.94681881867786,100 174.85948434071557,-36.946784816272675,100 174.85948490709805,-36.94677882895813,100 174.85948038389137,-36.94674751500387,100 174.8594773766672,-36.94672049642162,100 174.85947837400144,-36.94668535372713,100 174.85947998168956,-36.946679518649354,100 174.85949370963817,-36.9466534186746,100 174.859487994457,-36.94663058135959,100 174.85950054103648,-36.946561664740265,100 174.85948728766402,-36.946499527243894,100 174.8594860812167,-36.94645641716241,100 174.85950203451662,-36.946413954951716,100 174.85955915396102,-36.946361661711464,100 174.85962928467063,-36.94634053501793,100 174.85967332790764,-36.94630900291213,100 174.8597983278069,-36.94624008137626,100 174.85988293689758,-36.94619957922001,100 174.8599140155279,-36.946146386854245,100 174.85996081627937,-36.946088618235414,100 174.86000933578723,-36.94601047000433,100 174.86007374319337,-36.946030746441494,100 174.86009304294004,-36.94603572488204,100 174.8601683327017,-36.94604579368512,100 174.8602471806392,-36.94606530928419,100 174.8603535010146,-36.946052679659154,100 174.86041962276445,-36.94603558743268,100 174.86050543856845,-36.94602338804759,100 174.86059441651415,-36.94599295404928,100 174.86068027760106,-36.945976618581355,100 174.86075962696157,-36.945956092134594,100 174.8608030083774,-36.94594118759054,100 174.86082904210207,-36.945910198719815,100 174.86084240390778,-36.945909874819115,100 174.8608837460481,-36.945906001895665,100 174.86092388645088,-36.94591412090425,100 174.8609467142155,-36.94592873397539,100 174.86097498796164,-36.94596267336254,100 174.8609999103832,-36.945989623277924,100 174.86102767299528,-36.94599992368338,100 174.8610328389679,-36.945986143570096,100 174.86104364952308,-36.94596805410098,100 174.8610816766286,-36.945950238308605,100 174.86114500870664,-36.94593748238951,100 174.861191273054,-36.945964312206215,100 174.86120776089732,-36.945995404269794,100 174.86121609741573,-36.946006333649976,100 174.86123256548498,-36.94607606642452,100 174.86124907531863,-36.946120242570125,100 174.8612532367355,-36.946203894449276,100 174.86125020770808,-36.94625675736887,100 174.86126307804568,-36.94630905105589,100 174.86127173483513,-36.946324187268935,100 174.8613070538142,-36.946366646237145,100 174.86133511185938,-36.94641316500351,100 174.86135812485804,-36.946457943100526,100 174.8613732102121,-36.946496090109505,100 174.86140045120464,-36.94652047628717,100 174.8614272350532,-36.94654522654779,100 174.86145362383093,-36.94657464461277,100 174.8614671431422,-36.94659564425394,100 174.861481380836,-36.94662991895674,100 174.861535815872,-36.94670083827088,100 174.86161837940486,-36.94678793588537,100 174.86173050693066,-36.94686349533613,100 174.86186155496458,-36.94696086006694,100 174.8619345280049,-36.9470315362271,100 174.86206616635346,-36.94715284758908,100 174.86213235614545,-36.947227311896235,100 174.86219567191645,-36.94727971011897,100 174.86226657438743,-36.947359637219705,100 174.86234856034918,-36.9474245195686,100 174.86242218362415,-36.94741363038558,100 174.86247053805042,-36.947412562657256,100 174.8625130849639,-36.94742714456523,100 174.86254909320243,-36.94745912262285,100 174.862590851644,-36.9475056045889,100 174.86264049438344,-36.94756545556356,100 174.86266421390724,-36.94761074776901,100 174.86269082159018,-36.94766184420523,100 174.8627103375608,-36.94767549219819,100 174.86273065197975,-36.947693152042966,100 174.86276191566208,-36.94771917195687,100 174.8627699665654,-36.947727163800906,100 174.86279312602414,-36.94775803196753,100 174.8628044034358,-36.94777861956922,100 174.8628199611973,-36.94781242272341,100 174.86282745549377,-36.94783320037459,100 174.8628416185417,-36.9478678789577,100 174.86285054116357,-36.94790322111795,100 174.86285128983178,-36.9479169454496,100 174.86285705890748,-36.94793208358603,100 174.86290354319647,-36.94797671928781,100 174.8629542307932,-36.94805427002138,100 174.86300626161244,-36.948150907583006,100 174.86306261266458,-36.948249297982045,100 174.86311180582632,-36.94834071903318,100 174.86316603032458,-36.948426943418916,100 174.86323033971692,-36.94851438490948,100 174.86330399608775,-36.94859432581091,100 174.86337704276454,-36.94865347743411,100 174.86344146488625,-36.94871031640754,100 174.86349287925736,-36.94878326957945,100 174.8635492584167,-36.948872398248106,100 174.8636086396167,-36.9489366953388,100 174.86366604322768,-36.94895306254808,100 174.8637255687571,-36.94898212572128,100 174.8637987058004,-36.9490181848076,100 174.8639084085431,-36.94907341941976,100 174.86404535757376,-36.94914548274038,100 174.86416293631285,-36.94920477736001,100 174.86427624287094,-36.94925829210446,100 174.86441324206825,-36.949314789356876,100 174.86455460434266,-36.94936433456342,100 174.86467795370075,-36.9494207727878,100 174.86476761108054,-36.94945744335173,100 174.86481489317208,-36.949491099413194,100 174.8648721955491,-36.94953460266973,100 174.86492808248371,-36.9495711762747,100 174.8650084056601,-36.94961129210394,100 174.86507808657856,-36.94961844896874,100 174.86517509556435,-36.949616446283095,100 174.8652319413552,-36.949595267213915,100 174.86529316292538,-36.94956311072569,100 174.86531563321253,-36.94951929616271,100 174.865329515035,-36.949466787240716,100 174.86533978586013,-36.949418306257506,100 174.86535441732246,-36.94935827307645,100 174.86539909597553,-36.94932722280387,100 174.8654502389739,-36.94930369607937,100 174.86552291167126,-36.94927795357277,100 174.86558119494742,-36.94925619293408,100 174.8656214558455,-36.94923458840237,100 174.86564096763294,-36.949205538777434,100 174.8655748849322,-36.94913268458221,100 174.86599189052234,-36.9488843516547,100 174.86602563084313,-36.9489702936686,100 174.86603951808556,-36.94896501989792,100 174.86605100711984,-36.94897541355876,100 174.86607249694188,-36.9489968326591,100 174.8661270604567,-36.949002129173614,100 174.8662010297538,-36.94901440144873,100 174.86630005028096,-36.949059610558834,100 174.86640478414745,-36.94912044332079,100 174.86648792281227,-36.94921125982418,100 174.86657321130173,-36.949289387074764,100 174.86666856862794,-36.94937271156606,100 174.86674524263913,-36.94944502544747,100 174.8668270736813,-36.94948330197484,100 174.86693043723793,-36.949511790422264,100 174.86696165577703,-36.94955275373675,100 174.86697382424552,-36.94955113378495,100 174.86699723289846,-36.9495435415968,100 174.8670183853195,-36.949534379642124,100 174.86704068589918,-36.94952611085797,100 174.86706103897316,-36.949525835831395,100 174.86708220181205,-36.94951963092176,100 174.86711073322434,-36.949513406560385,100 174.86713473794902,-36.94950741562359,100 174.86714406157992,-36.949507393365806,100 174.86716525332218,-36.949501636842605,100 174.867172874078,-36.94950003341627,100 174.86718953092333,-36.94949610578113,100 174.8672090153993,-36.94949378578337,100 174.86723644806264,-36.94949301631703,100 174.8672613182846,-36.949490232146324,100 174.86728674499983,-36.94948627742016,100 174.8673059595163,-36.94948485936412,100 174.86731698144135,-36.94948301135198,100 174.8673396261662,-36.94948819465833,100 174.86735743029894,-36.949487700095126,100 174.86737498617106,-36.949490835431305,100 174.8673979035465,-36.94949260565809,100 174.8674165623018,-36.94949367584835,100 174.8674420163443,-36.94949589918484,100 174.86746497151776,-36.94950358594792,100 174.8674825334037,-36.94950696723292,100 174.86749923756028,-36.9495112317786,100 174.86751710314553,-36.949520059444126,100 174.86754594464122,-36.949524096998466,100 174.86756748497447,-36.949531328300665,100 174.8675887323241,-36.949538564207984,100 174.86761250918403,-36.94954467242874,100 174.86763065385972,-36.94955168403986,100 174.86764848200005,-36.94955594259902,100 174.86766689222503,-36.949562515592255,100 174.86768531466325,-36.9495670135596,100 174.86769833893035,-36.94957017958088,100 174.86770858732893,-36.94958268635307,100 174.86772500271596,-36.94958583957966,100 174.86774397601812,-36.94959215493866,100 174.86776209523853,-36.94959757159942,100 174.8677850738862,-36.94960617096404,100 174.86780347880068,-36.94961385894792,100 174.86782077218479,-36.94962201597674,100 174.86784089006508,-36.94962972026697,100 174.86786129052484,-36.94963763732496,100 174.86788508320095,-36.949646919678486,100 174.86790436827832,-36.94965643518766,100 174.8679143038067,-36.94966118833107,100 174.8679403443474,-36.94966976562653,100 174.8679638502014,-36.9496722241027,100 174.86799103309826,-36.9496808122544,100 174.8680026471697,-36.949685551596936,100 174.86801681658278,-36.94969077259196,100 174.86803325125726,-36.94969595523678,100 174.86804373965018,-36.94970003269542,100 174.86805708859202,-36.94971138563399,100 174.86806872118134,-36.94971683671861,100 174.8680839938881,-36.94971996371116,100 174.86809930239897,-36.949726992838926,100 174.86811544175987,-36.949734704706785,100 174.86813641539982,-36.94974079924822,100 174.86815370092518,-36.949747344797274,100 174.86817128641798,-36.9497548148807,100 174.8681908464714,-36.949766849701476,100 174.8681908651573,-36.949768212197995,100 174.86820557573913,-36.94977227817927,100 174.86822595897385,-36.94977700478406,100 174.8682444068707,-36.94978562127917,100 174.8682619889249,-36.94979423697627,100 174.8682778608163,-36.94980488140812,100 174.86829174806604,-36.949809858948164,100 174.86830934353628,-36.94981962090152,100 174.86832889713153,-36.94982821817948,100 174.86834307049,-36.94983548325852,100 174.86836263619952,-36.94984453009708,100 174.86838335036555,-36.94985700909712,100 174.86840094798023,-36.949872005848874,100 174.86841515855608,-36.94988129919669,100 174.86842878466035,-36.949893329125175,100 174.86843815929024,-36.9499035737596,100 174.86844988111872,-36.94992517679509,100 174.8684575909753,-36.94993654993945,100 174.86846556012432,-36.94994791810095,100 174.86847780794855,-36.94996337939628,100 174.86849060582585,-36.94997611997168,100 174.86851021007368,-36.94999496889612,100 174.86852586726525,-36.950014288238194,100 174.86854009230143,-36.950029962663095,100 174.86854611933984,-36.95004498828413,100 174.8685529984523,-36.950060232131705,100 174.86855508766374,-36.9500793693471,100 174.86856420598173,-36.950092312941166,100 174.8685792841361,-36.95011072925724,100 174.86858954911702,-36.950125744052215,100 174.8685955999007,-36.950145555286696,100 174.86860308759327,-36.9501698946501,100 174.86860798889074,-36.950188116028365,100 174.86861122193486,-36.950208610646854,100 174.86860926082028,-36.95021544375011,100 174.86861443518646,-36.950227743687634,100 174.86861705184936,-36.950242085707636,100 174.86861994523397,-36.950255757299026,100 174.86862205611985,-36.9502776188507,100 174.86862238398177,-36.95028786526262,100 174.86861773629778,-36.95031315905377,100 174.86860935337612,-36.95033210508144,100 174.86861001842294,-36.95035100332979,100 174.86860951180228,-36.950362394929975,100 174.86860504250842,-36.95037311342938,100 174.86860232361312,-36.95038974585455,100 174.86859817751653,-36.95040730296172,100 174.86859201483597,-36.950418715088894,100 174.86858218883071,-36.95042966391579,100 174.86857852794122,-36.950436975332416,100 174.86857467815767,-36.95045590498617,100 174.86856344611633,-36.95046731217964,100 174.868559544726,-36.95047916641036,100 174.8685505747059,-36.95049104543986,100 174.8685449775034,-36.95050289661834,100 174.8685326680217,-36.9505250392218,100 174.86851407377648,-36.95053990256725,100 174.86850872493983,-36.95054560285728,100 174.86849354860598,-36.95055952640959,100 174.8684744276134,-36.95058054681984,100 174.86845837935704,-36.9505942677751,100 174.86843952636238,-36.950609803056985,100 174.86842177774693,-36.95062328938734,100 174.86839868420293,-36.95063748895529,100 174.86837867737094,-36.950649373128414,100 174.8683527457712,-36.95066540286155,100 174.86833614144695,-36.95067773911695,100 174.8683192087049,-36.950686194062435,100 174.8682978022402,-36.95069879967085,100 174.8682755562395,-36.950716159411805,100 174.86825694754458,-36.95072602244184,100 174.8682442435218,-36.95073220440543,100 174.8682089196766,-36.95074573204504,100 174.8681508293307,-36.950827395129735,100 174.868107359464,-36.95086672582736,100 174.86803281594763,-36.9509065643997,100 174.86799299861613,-36.950933737409265,100 174.86795599166007,-36.950981210698465,100 174.86791897853118,-36.951025214906664,100 174.86788629817346,-36.951072722847506,100 174.8678616505037,-36.95110049986026,100 174.8678644740934,-36.95111674312204,100 174.86787962648302,-36.95111796754852,100 174.86791065984505,-36.95111921068759,100 174.86794465880635,-36.9511065584295,100 174.8679859264809,-36.95108055235188,100 174.86802000173324,-36.95104757869454,100 174.8680505161869,-36.95100123955704,100 174.86807663601843,-36.950967072441266,100 174.86811359772506,-36.95093466713317,100 174.86815126677772,-36.95090285456461,100 174.86822209205297,-36.9508862337568,100 174.8683044109361,-36.95088531862594,100 174.86834984623385,-36.95090170694631,100 174.86840677519712,-36.950933800055324,100 174.86845351956805,-36.95098211488909,100 174.86849517095206,-36.95104434777315,100 174.86849639004058,-36.951101225979315,100 174.86847814802275,-36.95115110081502,100 174.86845339081933,-36.95119860858433,100 174.8684170657991,-36.95125596773332,100 174.86838868196796,-36.95131334339558,100 174.8683567387507,-36.95135736889143,100 174.8683160088947,-36.95142979523721,100 174.86827535405337,-36.95148888541437,100 174.86824057517134,-36.951520136084675,100 174.868178247468,-36.9515774032397,100 174.86812828332492,-36.95161266485286,100 174.8680761014535,-36.951661269278276,100 174.86802463066664,-36.951709287452125,100 174.86797824192482,-36.95175268029946,100 174.86793110445078,-36.951809420785764,100 174.86788171780293,-36.95187835720224,100 174.8678686564649,-36.951895712058004,100 174.86782370302572,-36.95194550684511,100 174.8677788407013,-36.9519697469642,100 174.8677476672054,-36.95199868927934,100 174.86773235875629,-36.95203926763858,100 174.86771700205864,-36.95208449213897,100 174.86770021058229,-36.952129138032504,100 174.86768044319774,-36.95219756059728,100 174.86766357324785,-36.9522694797473,100 174.8676611773659,-36.95232578571285,100 174.86763980813078,-36.952433093720664,100 174.86768160942125,-36.952471892097755,100 174.86767910864182,-36.952496637420865,100 174.86768141816805,-36.95252783439656,100 174.86768599977293,-36.952556050124514,100 174.86769239077807,-36.95257627335507,100 174.8677032960826,-36.95259970274768,100 174.867717361478,-36.95261903461016,100 174.86773656998957,-36.95263793674362,100 174.86775271452646,-36.952649008675756,100 174.8677765700231,-36.95265737611261,100 174.8677998238986,-36.952670354229454,100 174.86781655624713,-36.95267822624487,100 174.8678677452803,-36.952725210414926,100 174.86786581675,-36.95267858142385,100 174.86786715824786,-36.95266412393516,100 174.86786706995693,-36.95265246409574,100 174.86786770572797,-36.952639458915705,100 174.86786876520802,-36.95262545562106,100 174.86786996239374,-36.9526114348373,100 174.8678727245842,-36.95260093340432,100 174.8678746550997,-36.95259100387323,100 174.86786187732162,-36.95258222691279,100 174.86786589735692,-36.95255931439373,100 174.86786192209078,-36.952530499672456,100 174.86786073295963,-36.9525043008972,100 174.86786324613712,-36.952480019553775,100 174.86786540903572,-36.95245689199846,100 174.8678660939033,-36.95243536860747,100 174.8678667768999,-36.9524138146011,100 174.86786616520396,-36.952387853700515,100 174.8678681324044,-36.952361955874075,100 174.86787349153653,-36.95233864823815,100 174.86787773448955,-36.95232274715468,100 174.8678794909196,-36.952303760331695,100 174.86788559515176,-36.95228373888745,100 174.8678873906437,-36.952272649683714,100 174.86789817453462,-36.95224136476587,100 174.8679035312098,-36.952217359548285,100 174.86791567626054,-36.95218842187053,100 174.86792234196844,-36.95216931904403,100 174.86793476925465,-36.95214963704637,100 174.86793950867744,-36.95212771817199,100 174.86793232170413,-36.95210879365641,100 174.86792758653215,-36.95209479771557,100 174.8679209817523,-36.952075662143606,100 174.8679184027862,-36.952066585007756,100 174.8679119290962,-36.952052309973645,100 174.86790224731283,-36.952040303556366,100 174.8678918689937,-36.952022953378,100 174.86788637635044,-36.952014267290544,100 174.86788376388643,-36.95200588739831,100 174.86787593543585,-36.95198046997507,100 174.86787360389147,-36.95195421256093,100 174.86787398282613,-36.95194195680927,100 174.86787771529558,-36.95192442155897,100 174.86788765004007,-36.95190145382857,100 174.86790100372508,-36.951880160125285,100 174.8679135413842,-36.95186651521184,100 174.86792364150568,-36.951856754567594,100 174.86793901372027,-36.95184361755747,100 174.8679569434526,-36.951831692231224,100 174.8679805292003,-36.951823602235095,100 174.8680110165638,-36.95181609043758,100 174.86804351690293,-36.95180818643023,100 174.868066426368,-36.95180261632344,100 174.8681036331039,-36.95179153320576,100 174.86814122205593,-36.95178694795983,100 174.8681654731333,-36.95178490159852,100 174.86819813133292,-36.95178994157143,100 174.86823067399428,-36.9517894249363,100 174.86826542375925,-36.95179246259905,100 174.86829593862768,-36.951793064845894,100 174.8683361051424,-36.95178784590699,100 174.86836308068584,-36.951781663750246,100 174.86839986942144,-36.95177498554202,100 174.86843101368876,-36.95176425641533,100 174.86847173684305,-36.95175139362024,100 174.86849264425902,-36.951745332179094,100 174.86851663849967,-36.951742794966115,100 174.86853276984553,-36.95174243831268,100 174.86857443609287,-36.95175438378783,100 174.86860815626503,-36.951762255992506,100 174.86862727905933,-36.95176703480742,100 174.86865417064843,-36.951773135240565,100 174.8686792152465,-36.951781962380494,100 174.86871138023986,-36.95179374821493,100 174.86874026818595,-36.951800108328115,100 174.8687560278493,-36.95180205044336,100 174.86877621261144,-36.95180129736324,100 174.86879691485154,-36.95179336616349,100 174.86881100408445,-36.95178531643839,100 174.86881984055248,-36.951778767172364,100 174.86881940448666,-36.95177411242986,100 174.86880229828427,-36.951768446551704,100 174.8687880137451,-36.95176537981281,100 174.8687643920529,-36.951756094961176,100 174.86874113935988,-36.951745687565364,100 174.8687109109285,-36.95173580457791,100 174.86869022048617,-36.951726112141664,100 174.86866520090038,-36.951715642411976,100 174.868647322004,-36.95169862217556,100 174.86862403328124,-36.951679156194366,100 174.86861075362788,-36.95166266022863,100 174.8686035660278,-36.951634707279325,100 174.8685986875754,-36.95160703885119,100 174.8685953493251,-36.951585183103234,100 174.86859797965798,-36.95155628516099,100 174.86860327156816,-36.951526009573726,100 174.8686118205738,-36.95151068422525,100 174.86862208697337,-36.951486547615566,100 174.86863381253082,-36.9514703304355,100 174.8686475147263,-36.951456232681075,100 174.8686635084669,-36.95144243504516,100 174.86868147584246,-36.951429347222025,100 174.86869803546702,-36.95141600485178,100 174.8687201349355,-36.95140022734606,100 174.86873196947982,-36.95139003373982,100 174.86873615497038,-36.9513854847072,100 174.86875858328244,-36.95134980185712,100 174.86878227575892,-36.95132894828733,100 174.86880468335173,-36.95129439510408,100 174.86881849850215,-36.95127614499095,100 174.8688560997352,-36.9512347162252,100 174.8688716247851,-36.95121764334642,100 174.86889856455844,-36.95118505667338,100 174.86891542786827,-36.95116176617196,100 174.86893660841787,-36.9511202497847,100 174.8689581939622,-36.951093099406314,100 174.86896240116582,-36.95107905555888,100 174.86897950069098,-36.95104787931923,100 174.86898403346657,-36.95103245313419,100 174.86898558744898,-36.95101305217264,100 174.86900173015854,-36.9509514129848,100 174.8690032787611,-36.950927335177575,100 174.8690071357361,-36.95090351125181,100 174.86900877579083,-36.95083842211508,100 174.86900718054437,-36.950806143154146,100 174.86900701039403,-36.95080368433824,100 174.86899112473174,-36.95076106062369,100 174.86894998837707,-36.95071283437286,100 174.86892562717375,-36.95067410527278,100 174.8689191814274,-36.950642871585536,100 174.86893960913721,-36.95060740857128,100 174.86899292720457,-36.95057662563932,100 174.86905790600943,-36.9505510606855,100 174.86925730614627,-36.950503311403146,100 174.86931131194135,-36.950491023326684,100 174.86933957559404,-36.95048063766158,100 174.8694857441904,-36.950442452736866,100 174.86951879161737,-36.95042792585865,100 174.86956631925557,-36.950417267415425,100 174.86961061157982,-36.95039246417475,100 174.86960908698603,-36.950376956703806,100 174.86953643996455,-36.950346405990466,100 174.86950548787516,-36.9503417225705,100 174.86939945713672,-36.95032287110523,100 174.86930424783134,-36.95029796175163,100 174.86928070521887,-36.950287714947656,100 174.86924717586052,-36.95028303058059,100 174.86922418786406,-36.950270250445485,100 174.86917045545763,-36.950244465279475,100 174.86912339475606,-36.950231312447954,100 174.86909416184315,-36.950224323324335,100 174.86906259113695,-36.950213394392115,100 174.86903191872088,-36.95020756087121,100 174.8690097179139,-36.95018737930895,100 174.86891323436106,-36.94998776681575,100 174.8689013120783,-36.94996706559609,100 174.86887731078954,-36.94990886418095,100 174.86885590238268,-36.94988084758803,100 174.86882876968093,-36.949853549320565,100 174.86878051420294,-36.949799855917576,100 174.86877523699854,-36.94978628855177,100 174.86877392034955,-36.94976692106007,100 174.86876428648765,-36.94974574756461,100 174.86871075459052,-36.94964574643131,100 174.86869713054526,-36.94962736672786,100 174.86862233698827,-36.94954913803831,100 174.8686035022347,-36.94952225259747,100 174.86859873842994,-36.949500142575786,100 174.86859773791005,-36.94948608156294,100 174.86858367495023,-36.94944881715995,100 174.86856984186306,-36.94943488602385,100 174.86853494058116,-36.9494235812421,100 174.86851707638735,-36.949408977171466,100 174.8684901159779,-36.949392579335345,100 174.8684388578777,-36.949374495386984,100 174.86842221578448,-36.94936288967515,100 174.86831982944688,-36.949309004275456,100 174.8682805011716,-36.949282334942865,100 174.86826928992414,-36.9492739029026,100 174.86813668176467,-36.94922064887221,100 174.86812032322547,-36.94920993636608,100 174.8680977083489,-36.94920133043939,100 174.86805467519704,-36.949179062773595,100 174.86803636069098,-36.94917341759073,100 174.86799002840243,-36.94915966157149,100 174.86797857485183,-36.94915445642386,100 174.86795676598916,-36.94914307885717,100 174.86792333499915,-36.94913752459222,100 174.86788441327624,-36.949125330182646,100 174.8678509714425,-36.9491168026241,100 174.86781065708487,-36.94910621101067,100 174.86777558932857,-36.949107344988285,100 174.86775710292,-36.94911273007578,100 174.8677117419194,-36.949113221100596,100 174.86768886637088,-36.94910782517935,100 174.8676730776058,-36.9490964366721,100 174.86766265808473,-36.94907563236179,100 174.8676585079525,-36.94906732622247,100 174.86766032520384,-36.94904158667347,100 174.8676587189851,-36.9490211096917,100 174.86765374200374,-36.94900713375833,100 174.86763609953266,-36.94897892789759,100 174.86762766377154,-36.94895920369885,100 174.86762607504002,-36.94894128167404,100 174.86763280893814,-36.94892470237237,100 174.86764701443147,-36.94891775056441,100 174.86766293303532,-36.94891146581791,100 174.8676820707107,-36.9489129772895,100 174.86770457877728,-36.94891243300802,100 174.86779328889853,-36.94890674528207,100 174.86781974548768,-36.9488999531196,100 174.86784507825143,-36.948892482816575,100 174.8678774898539,-36.94887878840128,100 174.86791019941512,-36.94886713257403,100 174.86793783647414,-36.948861729668444,100 174.86798111833582,-36.94885212110679,100 174.86803939762262,-36.94882771126549,100 174.8680775031859,-36.9488121534092,100 174.86809711033357,-36.94880470374694,100 174.86811474452486,-36.94879725898942,100 174.86814407918718,-36.94879069456532,100 174.86816485801762,-36.94878372217843,100 174.86819269014416,-36.94876888386557,100 174.8682082998839,-36.948760761615844,100 174.86823353693885,-36.94873949357892,100 174.8682428095534,-36.94872474542595,100 174.86825494177154,-36.948709512428195,100 174.86827078765114,-36.94869152064219,100 174.8682800644136,-36.94867560972259,100 174.86829591036752,-36.94866083923786,100 174.86831092611658,-36.948649273378635,100 174.8683305064547,-36.94863378796102,100 174.86835010118176,-36.94862335058838,100 174.86841622910808,-36.948583285555685,100 174.86849095060398,-36.948545039287616,100 174.86851478738643,-36.948530904619105,100 174.86854180547166,-36.94851860542855,100 174.86857535398795,-36.9485053553063,100 174.8686040281012,-36.94849028462595,100 174.86863468617474,-36.94846991541652,100 174.86866076968576,-36.94845117297594,100 174.86870246437374,-36.948421798927924,100 174.86872653012122,-36.94839939013207,100 174.86875139998887,-36.948372848755376,100 174.86877153353424,-36.94835735275553,100 174.8687930423733,-36.9483370175658,100 174.86880947411467,-36.948320858778146,100 174.86882757680183,-36.948304469085755,100 174.86885589248104,-36.948279974413424,100 174.8688888408935,-36.9482605091582,100 174.86891181737565,-36.948245227959845,100 174.86894134697093,-36.948228546598884,100 174.8689663310417,-36.948213944022726,100 174.8689824949807,-36.948202636708324,100 174.86900152009375,-36.94818966918835,100 174.8690216816085,-36.948179686961524,100 174.86903529042,-36.9481685947218,100 174.86905001530013,-36.94815588777656,100 174.869066488596,-36.948147084845964,100 174.86908439885107,-36.94813895330358,100 174.86910513662298,-36.948129208951,100 174.86912134110133,-36.948121307956534,100 174.86914206889085,-36.94810927170662,100 174.86916366790845,-36.94810067377865,100 174.86919316118485,-36.948080075805834,100 174.86920990702384,-36.94806919283235,100 174.8692309085054,-36.94805507742708,100 174.86925673252634,-36.94803955934767,100 174.86927914077646,-36.94802244563654,100 174.86930648348098,-36.948017742867385,100 174.86933184846865,-36.94801601943965,100 174.86936235695572,-36.9480112767238,100 174.86939093125227,-36.948018277065856,100 174.86940774702197,-36.94801705597877,100 174.86944392375645,-36.948009537161454,100 174.86947531123963,-36.94801052556702,100 174.8694998413811,-36.94800859893392,100 174.8695300759483,-36.948009143105004,100 174.86955433730955,-36.94800949741894,100 174.86957547268838,-36.94801193342483,100 174.86959571639767,-36.948012760198004,100 174.8696131363911,-36.948014068575155,100 174.8696297024624,-36.94801512811457,100 174.86965533504727,-36.94801112187526,100 174.86969388326574,-36.94801461938029,100 174.8697138440274,-36.94801521804977,100 174.8697398324627,-36.94801671863981,100 174.86976439017798,-36.94801844635631,100 174.8697915022274,-36.94801992743588,100 174.86980633154744,-36.948020087750756,100 174.8698195567893,-36.94802946044745,100 174.8698344580579,-36.94804064723319,100 174.86984111732866,-36.94804960688827,100 174.86984769704765,-36.94805370519333,100 174.8698611306034,-36.94805731338907,100 174.86987314850387,-36.948061627078516,100 174.86988149936903,-36.948069179270796,100 174.8699046727826,-36.94807666023323,100 174.87005963662037,-36.94808263041152,100 174.8700850556139,-36.94808550358727,100 174.87011392200657,-36.948090438743264,100 174.87013217496138,-36.94809058654667,100 174.87016011429333,-36.94809067459409,100 174.87019005522075,-36.9480873376469,100 174.87020661584316,-36.948088862270566,100 174.8702454833517,-36.94809650512785,100 174.87026147243512,-36.948097342931376,100 174.87026864111522,-36.94810146167777,100 174.87031198157402,-36.948099192572464,100 174.87033222774858,-36.94809819040966,100 174.87036303749613,-36.94809759415411,100 174.87040559926126,-36.94810430538117,100 174.87041817760982,-36.94810953944225,100 174.87044704213582,-36.94811444300012,100 174.8704705246295,-36.94812307987694,100 174.8704865243029,-36.94812692157077,100 174.87051076091203,-36.9481256654261,100 174.87053446472427,-36.948127143252115,100 174.87055417888482,-36.94813143204926,100 174.87057074141572,-36.94813298813787,100 174.87059532164565,-36.94813747065107,100 174.8706141593963,-36.94813875473886,100 174.87063413947095,-36.94814004966619,100 174.8706655869489,-36.9481477119597,100 174.87068678784286,-36.94815773581817,100 174.87070595393217,-36.9481647759318,100 174.87073822376445,-36.948168319751424,100 174.87076856317256,-36.94818173185019,100 174.87079717715707,-36.948190806055756,100 174.87083259410514,-36.948196850981375,100 174.87085829516457,-36.94819927069003,100 174.87088945519608,-36.948203948688366,100 174.87091835330207,-36.94821462903918,100 174.87093234483729,-36.94821708094342,100 174.87095834774522,-36.94822040890672,100 174.87098519568167,-36.94822559558071,100 174.87101751701272,-36.948234869081375,100 174.87103637163074,-36.94823867742288,100 174.87108752147387,-36.948246973664574,100 174.8711380055385,-36.94824467278602,100 174.8711756693783,-36.94824680743593,100 174.87119165073818,-36.948246731300536,100 174.87120736392293,-36.94825079462905,100 174.87123426447917,-36.948259186398936,100 174.87126745283376,-36.948269838698494,100 174.87132292528312,-36.9482838360291,100 174.87136642274945,-36.94830087656634,100 174.87140990787108,-36.94831424531951,100 174.87143819192292,-36.948319422771576,100 174.87147965317988,-36.94833025555262,100 174.8715113864443,-36.94833953999027,100 174.87153853594904,-36.948345620396175,100 174.87156365773288,-36.94834643843098,100 174.87159102598682,-36.94834585555066,100 174.8716180463218,-36.948335598914184,100 174.87163455111158,-36.94832795602905,100 174.87165047833795,-36.94832328126839,100 174.87167952616164,-36.94831763533337,100 174.87172506571264,-36.94830454769314,100 174.87175352645545,-36.94829638821209,100 174.87177342150048,-36.94828617718338,100 174.87179765131563,-36.94828468834292,100 174.87181808401948,-36.94827194424297,100 174.87186128259003,-36.94825222281994,100 174.87189539397795,-36.948238048956824,100 174.87192296679908,-36.94822389526223,100 174.8719539541435,-36.94821064221465,100 174.87197325794781,-36.948201603173494,100 174.87200835580362,-36.948200297136964,100 174.87204790178706,-36.94818816644345,100 174.87207836205803,-36.9481790731374,100 174.872115630515,-36.94816716671123,100 174.87214348320066,-36.94815440198751,100 174.87217880999654,-36.948149421229765,100 174.87220099684566,-36.948140812581286,100 174.87222432795278,-36.948133578416815,100 174.87225526439758,-36.94811458020361,100 174.87228477879907,-36.94809607219241,100 174.87230829555068,-36.9480771107633,100 174.8723377769318,-36.948054824041286,100 174.87237735053654,-36.94805015660262,100 174.87240792211165,-36.94804905342772,100 174.87245273554458,-36.94804691173071,100 174.87248815125974,-36.94804648292824,100 174.87252697383911,-36.948042788989724,100 174.87257323376357,-36.9480429453209,100 174.87262531144586,-36.94804973819118,100 174.87267883863396,-36.948057667266205,100 174.8727152004288,-36.94806730379152,100 174.87274356697213,-36.94807424530946,100 174.8727771558976,-36.94808758490014,100 174.87280960877519,-36.948103003712504,100 174.87284033221954,-36.948115897271485,100 174.8728681263825,-36.94812537327647,100 174.87289541884195,-36.948137381776036,100 174.87292503544563,-36.94815350055804,100 174.87293367447032,-36.94816148061713,100 174.8729684262936,-36.94817686041215,100 174.87300450801436,-36.94818445708128,100 174.8730364015666,-36.9481752922467,100 174.8730621509318,-36.94815446397166,100 174.87308868874544,-36.94812694720338,100 174.8731186165684,-36.948096212421476,100 174.87314065291213,-36.94807495329875,100 174.8731658503886,-36.948055482078175,100 174.87319104156632,-36.948035112339646,100 174.8732312488108,-36.948028900579025,100 174.87328065939374,-36.94800538523016,100 174.8732917913447,-36.94800254258162,100 174.87332285425342,-36.94799591806822,100 174.87337557005844,-36.94798594237069,100 174.87342942530435,-36.94797526457009,100 174.873452230161,-36.94797030077358,100 174.8735124707,-36.94794303439737,100 174.87357714164875,-36.94792476711301,100 174.87358437021686,-36.947922752157965,100 174.87363082185507,-36.94791785678104,100 174.87367448293972,-36.94790947857865,100 174.87370058020295,-36.947902861133635,100 174.87374271643404,-36.94789636819022,100 174.87377466933867,-36.94789197198659,100 174.87382001914924,-36.94788404477459,100 174.87386686819227,-36.94788166671778,100 174.87391574723353,-36.947882071409566,100 174.87396777461336,-36.94788057868692,100 174.87401951377515,-36.94787864343842,100 174.87407771857315,-36.947863723592754,100 174.87412020960753,-36.94785883466516,100 174.87417769608592,-36.94785639581614,100 174.8742168053349,-36.947855700886876,100 174.87425769300486,-36.947836250326034,100 174.87427264747626,-36.94783592860689,100 174.8742837840845,-36.947803723624055,100 174.8742886909331,-36.94778170902826,100 174.87429053090474,-36.94776459463485,100 174.87428454697192,-36.947744767321716,100 174.8742746767672,-36.947711067920274,100 174.87426545577765,-36.94768406405876,100 174.87424271862304,-36.947656226251894,100 174.87422502068108,-36.94764270470382,100 174.87420674123052,-36.94762685341839,100 174.87418715406423,-36.94759970495034,100 174.87418640822298,-36.94755923411872,100 174.874194092537,-36.94752729094639,100 174.8742079488953,-36.94750617338374,100 174.87422486113402,-36.947476454087486,100 174.8742277306788,-36.94742441457146,100 174.87420975079002,-36.94738568405797,100 174.8741991201913,-36.94736031489698,100 174.87419649940247,-36.94733305721254,100 174.87420310420492,-36.94730664533217,100 174.87421750043407,-36.9472843727714,100 174.87423907112318,-36.94725742268019,100 174.87426233164416,-36.94723092270323,100 174.8742836595351,-36.94720973764903,100 174.87430564129295,-36.947194797400954,100 174.87433528551554,-36.94717218224471,100 174.87436718008456,-36.947144479676005,100 174.87440377636165,-36.94712690035473,100 174.87444751920324,-36.947103048592375,100 174.87450385599402,-36.94707727554879,100 174.8745299306406,-36.94706787141289,100 174.87456425386517,-36.947052623585236,100 174.87461733221284,-36.94701761387797,100 174.87463930592858,-36.947002442057865,100 174.87467261032813,-36.94697311911331,100 174.87470801749978,-36.9469493195674,100 174.87474565760505,-36.94692109804512,100 174.87477302428272,-36.946901278576554,100 174.87480410331926,-36.946877973673296,100 174.874836690848,-36.94685995278934,100 174.87488013884138,-36.946837964941075,100 174.87493658310086,-36.946820025137434,100 174.8749809322296,-36.94680195456125,100 174.87502329978432,-36.94678481838376,100 174.8750766039845,-36.94676783122606,100 174.87513607658602,-36.94673903041099,100 174.87517670785093,-36.9467216593206,100 174.87521301594438,-36.94670177693635,100 174.87524871372776,-36.946681689668196,100 174.8752763783623,-36.94666070358277,100 174.87530151857663,-36.94664621980212,100 174.87533859431338,-36.94662078035874,100 174.87536318794963,-36.94660653864002,100 174.87538226226224,-36.94659092126805,100 174.87542614298724,-36.94655549858242,100 174.87545556798295,-36.9465388956874,100 174.87548590547013,-36.946525296876985,100 174.8755292237882,-36.94651649078549,100 174.8755631503316,-36.94651604043494,100 174.87559828347753,-36.9465218405655,100 174.87563376660455,-36.94653224989362,100 174.8756617476135,-36.946539693434964,100 174.87568833002746,-36.94655041191549,100 174.8757129025385,-36.94656228157982,100 174.87573063397744,-36.946578359411774,100 174.87574217483635,-36.946583593977664,100 174.87575272085465,-36.9465731271147,100 174.8757582656208,-36.94655553144731,100 174.8757623351609,-36.94653515599579,100 174.87576732850587,-36.946518931829935,100 174.87578129915582,-36.94650845141455,100 174.87579092460783,-36.946493370836315,100 174.8758459871565,-36.94647167592244,100 174.87587801820476,-36.946458682977145,100 174.87592328385816,-36.9464425155711,100 174.87598306913293,-36.94644008279936,100 174.87601890647898,-36.946446986605494,100 174.87606894170506,-36.94646782841506,100 174.8761141033194,-36.94649205504949,100 174.87613297906304,-36.94650950456629,100 174.87615102103734,-36.94652743503907,100 174.8761687041952,-36.94653911514644,100 174.87619351047354,-36.94654751095018,100 174.87621668806108,-36.9465621605803,100 174.87624678289092,-36.946579323714595,100 174.87627173933762,-36.94659837158231,100 174.87629033158444,-36.94661685034952,100 174.87629439034075,-36.946640304235856,100 174.8763013378533,-36.9466644209008,100 174.87629852833703,-36.9466872199218,100 174.876296007944,-36.94670981157717,100 174.8762919141246,-36.94672479756028,100 174.87628009503734,-36.94673870959022,100 174.87628739142832,-36.94676743457717,100 174.87630979418861,-36.94679118980792,100 174.8763386564968,-36.94682548657987,100 174.87636186429967,-36.94686626304275,100 174.87637339037724,-36.9469087446522,100 174.87638617584682,-36.946961364183274,100 174.87638612080173,-36.94701569366078,100 174.87637792848167,-36.947062730315984,100 174.87636928471926,-36.94709685915279,100 174.87636975097874,-36.94712886291201,100 174.87638247425184,-36.9471554651442,100 174.87638494149658,-36.94720586377482,100 174.87637096096105,-36.947249950873704,100 174.87635455319227,-36.94728161294018,100 174.87632768329513,-36.9473230429743,100 174.8763025234269,-36.947363778101156,100 174.87628890007562,-36.94739221721153,100 174.87627476174038,-36.94742342158399,100 174.87627155051797,-36.94743840713613,100 174.87627338823458,-36.94744621142665,100 174.87628420632382,-36.94744198092702,100 174.87630734116223,-36.94741853259627,100 174.87631580548322,-36.94741040955802,100 174.8763378008226,-36.947388347428124,100 174.8763603325548,-36.94736306633006,100 174.8763874266892,-36.94733636024276,100 174.87641361792708,-36.947307593591496,100 174.8764336311017,-36.94728511572081,100 174.87645225656325,-36.94726699691184,100 174.87646431910352,-36.94725055643203,100 174.87648798257604,-36.94720568174685,100 174.87649931232247,-36.94717749968979,100 174.87651640089075,-36.94715180256577,100 174.87654020713518,-36.94713526658371,100 174.8765626165242,-36.94712148095929,100 174.87660520401283,-36.94711697718893,100 174.87663262594495,-36.94711329357915,100 174.87666590752445,-36.947116478196804,100 174.87670373699495,-36.94711961434644,100 174.8767284171964,-36.947123319778285,100 174.87674467659653,-36.9471392981444,100 174.87676550281026,-36.94715270406421,100 174.87678945242308,-36.94716585420212,100 174.87679791666451,-36.94715773113136,100 174.8767947793621,-36.947139573251036,100 174.87681073816879,-36.947113648788005,100 174.87684498827136,-36.94708802641737,100 174.8768734416964,-36.94707512581514,100 174.87691398902246,-36.9470681169846,100 174.8769686213135,-36.94706444024393,100 174.87700169936664,-36.94705562606647,100 174.8770395386112,-36.94703989832018,100 174.87706345026007,-36.94703049988908,100 174.87710570795502,-36.947022765431235,100 174.8771410251374,-36.947029598703125,100 174.87718065739668,-36.94703801584609,100 174.87723219783385,-36.94705692617026,100 174.8772537958201,-36.947066865057494,100 174.87729739493395,-36.94709021912844,100 174.87732635553056,-36.94711276004117,100 174.8773628453736,-36.9471412414273,100 174.87740138784415,-36.947172689919945,100 174.87742671897752,-36.94720172089192,100 174.87743869485553,-36.947217943558435,100 174.8774576209512,-36.94723852232917,100 174.87747975157768,-36.947243852436195,100 174.87750430726368,-36.94723973805862,100 174.87753825921084,-36.94723253408172,100 174.8775820340187,-36.94723033207055,100 174.87759503631656,-36.94723781825998,100 174.87762819156805,-36.94725296055447,100 174.87765699347244,-36.94726514327217,100 174.8776757617702,-36.94727604437443,100 174.87769672097562,-36.9472981979953,100 174.87771577047428,-36.94730861424228,100 174.87779428896434,-36.947332367606755,100 174.87784599151558,-36.94734574642586,100 174.87790054058686,-36.94735495577616,100 174.87795805400413,-36.94737151710796,100 174.87800469123033,-36.94738883992254,100 174.87804251577768,-36.947430181579975,100 174.87807468180733,-36.94747595978432,100 174.87811866280646,-36.9475460316948,100 174.87814985739817,-36.947601954227174,100 174.878191310702,-36.94765661394577,100 174.87823443027986,-36.947707605071294,100 174.8782674493136,-36.94777086785928,100 174.87828691127237,-36.94782916256675,100 174.87831576007648,-36.947882106362826,100 174.87835449759186,-36.94792713426859,100 174.87839581145903,-36.947951642612054,100 174.8784212090355,-36.94796524719926,100 174.8784389571606,-36.947984436589614,100 174.87843100743754,-36.948007743303556,100 174.87839903408064,-36.94803379157705,100 174.87835623733955,-36.94806385429909,100 174.87831244401158,-36.94810313340014,100 174.87827918685517,-36.94813795372528,100 174.87825513181085,-36.9481772774373,100 174.87824127671072,-36.9482086929657,100 174.8782344478547,-36.94822995127,100 174.87822463617326,-36.94824452484126,100 174.87824660847008,-36.94824019340268,100 174.87829237301727,-36.948235447677206,100 174.87834978811628,-36.94820732856024,100 174.8784147336675,-36.94818583390587,100 174.8784558449134,-36.94817790078625,100 174.8784970773495,-36.948158443320644,100 174.87853504149885,-36.94815053473425,100 174.8785809365875,-36.94815636376699,100 174.87864298816743,-36.94816988761653,100 174.87871369885036,-36.948189532234196,100 174.87878703085977,-36.94821078833696,100 174.8788380704066,-36.94823545355931,100 174.87885834909414,-36.948251640212,100 174.87887400681473,-36.9482837352011,100 174.87888429206976,-36.948321855783824,100 174.87889602910877,-36.948379758887945,100 174.87890183503362,-36.94842300583777,100 174.87889087372355,-36.94847442809857,100 174.87886727158082,-36.94850616920844,100 174.8788500413289,-36.94852150738332,100 174.8788248674807,-36.94854243504444,100 174.8788482801729,-36.94853762913924,100 174.87887406536268,-36.94851946244062,100 174.8789033296024,-36.94850518482967,100 174.87893907680993,-36.948501651032096,100 174.87897152146388,-36.94850712586289,100 174.8789701507185,-36.94849356744288,100 174.87897247464525,-36.94845601702383,100 174.87897215908473,-36.94841620642165,100 174.8789718438068,-36.94837636156475,100 174.87897782266091,-36.94833326699198,100 174.87898435332716,-36.94829201859159,100 174.87899096477472,-36.94823646143507,100 174.8790093593116,-36.94818359297613,100 174.87902737546216,-36.94814361660636,100 174.879047600117,-36.94809763857139,100 174.8790740615317,-36.94806609642575,100 174.87910878760917,-36.948033123761824,100 174.87914720851785,-36.94799733007256,100 174.8791709249345,-36.947956402697336,100 174.8791684068706,-36.9479221105587,100 174.87914897600604,-36.94788613297869,100 174.87908983260664,-36.94783621061397,100 174.87905227099603,-36.947793718667796,100 174.8790215959212,-36.94775321236834,100 174.8789929693979,-36.947713629932636,100 174.87898338407638,-36.94768539381758,100 174.87898915804138,-36.9476494562225,100 174.8790055926272,-36.94762007010357,100 174.87902325852386,-36.94759527742515,100 174.87906289412606,-36.94756409279119,100 174.87909316772397,-36.94753922042308,100 174.87913886116243,-36.94751327296187,100 174.87918459677303,-36.94748895168981,100 174.8792262407578,-36.94747639423982,100 174.87927485546697,-36.94747345612907,100 174.8793255079532,-36.947471644831566,100 174.87936351172277,-36.94748698117808,100 174.87940525860944,-36.94750319742615,100 174.8794388402464,-36.94752708062339,100 174.8794908395311,-36.94753862615506,100 174.87953622105763,-36.94756771057533,100 174.87956312402594,-36.94758704958728,100 174.87959874878717,-36.94761483192758,100 174.8796212925441,-36.94764824728168,100 174.87966795521535,-36.94768632181327,100 174.87969196359185,-36.947722716244265,100 174.87971732477536,-36.94775219599216,100 174.87974524156837,-36.94778280697917,100 174.87977112357245,-36.94782771799621,100 174.87979110606156,-36.947862323948286,100 174.8798012527976,-36.94790941292494,100 174.87977310883937,-36.94796121188798,100 174.87976334131193,-36.94799789955116,100 174.8797498568126,-36.94803532025096,100 174.87972626488383,-36.94806613211026,100 174.87970544579065,-36.94814894830371,100 174.87969853094407,-36.948184921116315,100 174.87966120290804,-36.94825407067095,100 174.87964149556524,-36.94829613611801,100 174.87963075335378,-36.9483441155546,100 174.8796099258351,-36.94838826094076,100 174.87960097359914,-36.94842056790882,100 174.87958863966853,-36.94847684571316,100 174.87957842084228,-36.94852112957805,100 174.87955892238486,-36.948558128116,100 174.8795366936,-36.94858501385964,100 174.87952096584104,-36.94862451693465,100 174.8794977618366,-36.94868250176257,100 174.87947883012052,-36.94873790337845,100 174.87945477970285,-36.94879590340051,100 174.87944668975595,-36.94886777975693,100 174.87944924682816,-36.94894441143937,100 174.8794661250106,-36.94900115601215,100 174.87947494374632,-36.94905539363252,100 174.87948660858234,-36.949128521018054,100 174.87947783225968,-36.94919166007649,100 174.87947952775852,-36.94928696802175,100 174.87949269979836,-36.94936466914955,100 174.8794984911842,-36.94942722876408,100 174.87951807496216,-36.949511075390426,100 174.8795113618795,-36.949561570584194,100 174.87949387374414,-36.94959808482173,100 174.87947315330763,-36.94962955960294,100 174.87945340797077,-36.949649077421995,100 174.87943410202882,-36.94967916340945,100 174.87942935818015,-36.94970843931158,100 174.87944631381308,-36.94973154467917,100 174.87948992973614,-36.94975672640971,100 174.87951100854866,-36.94976921209244,100 174.87955583373514,-36.949798770365604,100 174.87960680547613,-36.94983748239962,100 174.87963764588912,-36.949871280120604,100 174.87969193760756,-36.949921472775536,100 174.87970316992866,-36.94994532758578,100 174.879706107768,-36.950007922449764,100 174.87971426066414,-36.950057353956936,100 174.87970930079544,-36.95010803681092,100 174.8797148131461,-36.950151969744816,100 174.87973967452047,-36.95020516826946,100 174.8797605264978,-36.95024250043629,100 174.87979535733106,-36.9502735183633,100 174.87980941989574,-36.950314375813186,100 174.87980829014867,-36.95037239420901,100 174.87980367319466,-36.95044794341479,100 174.879769965464,-36.950511546659335,100 174.87974575168164,-36.95055779527017,100 174.8797466336553,-36.95059806106084,100 174.87976981193577,-36.950637010299886,100 174.879788510421,-36.95068106972009,100 174.8797807053553,-36.95071358926455,100 174.87975982512637,-36.95075451420396,100 174.87973191028343,-36.950783511665826,100 174.87971080123341,-36.95080763700959,100 174.87969777329064,-36.95081718722173,100 174.87970362353258,-36.950845441839256,100 174.87973806433286,-36.95087095261085,100 174.8797744392281,-36.95088998654402,100 174.8798141664056,-36.950904364368995,100 174.87984988267098,-36.95091949159416,100 174.87986280322113,-36.95093988023321,100 174.8798760556819,-36.95096486212226,100 174.87987481947795,-36.95098501706773,100 174.87988192388556,-36.951011066126604,100 174.87988388729931,-36.951026705291966,100 174.8798864187852,-36.95104165226509,100 174.87988696137916,-36.95105084158901,100 174.87989837541838,-36.95106284661649,100 174.87991348156183,-36.95107323840823,100 174.87993037386565,-36.95107419759563,100 174.879947250838,-36.9510669045865,100 174.87995986052607,-36.95105660296505,100 174.87997189806856,-36.95104627975816,100 174.8799839457245,-36.95103504335818,100 174.88000198638832,-36.95100428240966,100 174.8800013781915,-36.95098497957225,100 174.88000077001735,-36.95096567763572,100 174.8800168781524,-36.9509434205482,100 174.88005598302436,-36.95089703790711,100 174.8800902376516,-36.95085047519265,100 174.88010052371834,-36.950810572426,100 174.8801173477482,-36.95076805955863,100 174.88013533533268,-36.95072509563002,100 174.88014723846885,-36.95067779269212,100 174.88015149046802,-36.95063610354032,100 174.88015292612383,-36.95057921055044,100 174.88015588846818,-36.95054672982494,100 174.8801705537461,-36.95053188544731,100 174.8802072981428,-36.95051913394282,100 174.8802436576508,-36.950518361587314,100 174.88027927609238,-36.950527961570344,100 174.88080565801516,-36.950438780712474,100 174.88078284041163,-36.950353101816205,100 174.8807578138725,-36.95029253428512,100 174.88073492122118,-36.95023795462491,100 174.88070676043233,-36.95017857239166,100 174.8806935596784,-36.950159350978325,100 174.88063798667653,-36.95010275542173,100 174.88059526211399,-36.950045345211755,100 174.88055087791665,-36.94997391879198,100 174.88051137873313,-36.949920618826326,100 174.8804687564299,-36.949868272335785,100 174.8804277432192,-36.94979289968996,100 174.8804067287601,-36.94974956114855,100 174.88038557209651,-36.949715007266384,100 174.8803786647554,-36.94969501014449,100 174.88035207299,-36.94966164915864,100 174.8803292130562,-36.94962870405111,100 174.88031356904978,-36.949598436920674,100 174.8802904071749,-36.949564582654084,100 174.88027265346193,-36.94952857510968,100 174.8802623954691,-36.94949598379938,100 174.8802634138922,-36.949451766289116,100 174.88027250577835,-36.94942912006244,100 174.88028830379236,-36.94941331134935,100 174.88029999625724,-36.949081994799684,100 174.880361007179,-36.94931599402607,100 174.8805309960282,-36.949381003687286,100 174.88064399605673,-36.94940099391805,100 174.88095200325694,-36.9493959961362,100 174.8812870077295,-36.94930000563311,100 174.88164700775937,-36.9491120020848,100 174.8818989923545,-36.94910799435325,100 174.88268900440252,-36.94925100282848,100 174.88313500044043,-36.94910800181471,100 174.88378299513099,-36.94920900291008,100 174.88412000200415,-36.949202995052836,100 174.88434499304364,-36.949243994038824,100 174.88447700586724,-36.949324001980926,100 174.88473800652736,-36.94926200235057,100 174.88477900796937,-36.949272993678676,100 174.88483700773412,-36.949278005288114,100 174.8848959962608,-36.94928499758106,100 174.88493600637835,-36.949275997222074,100 174.88497999710864,-36.949276003569764,100 174.88502800322624,-36.9492779984353,100 174.8850709995055,-36.94928599807114,100 174.88512500881322,-36.949294997224904,100 174.88516300374005,-36.94929399280115,100 174.8852179940665,-36.949291993821504,100 174.8852579964228,-36.949284001146765,100 174.88527400798995,-36.94928500691241,100 174.885289005438,-36.94929899238176,100 174.8852990025397,-36.94932000458777,100 174.88530000802103,-36.94935199879061,100 174.8853000006631,-36.94936700578737,100 174.88530499489246,-36.94939999839339,100 174.88533000180968,-36.94943800084577,100 174.88535799396587,-36.94947000360471,100 174.8853660037186,-36.949500001019764,100 174.88536099868708,-36.94953999880557,100 174.88534499719987,-36.94958399820797,100 174.88535599469765,-36.94962399512193,100 174.8853779992585,-36.9496539974098,100 174.88544900597785,-36.94969399755715,100 174.8855050081966,-36.9497210037806,100 174.88555199461823,-36.949753000441824,100 174.88557499610712,-36.94977000613257,100 174.8856129976452,-36.94979599491002,100 174.88564899678752,-36.94983299979421,100 174.88568799734307,-36.94987800482455,100 174.8857310011056,-36.949898997438765,100 174.88575599492725,-36.94991099619264,100 174.88579600610387,-36.949931994858645,100 174.88584700116692,-36.94996000159773,100 174.88589299284004,-36.94999099363382,100 174.88594099566959,-36.95001200680119,100 174.8859750026366,-36.950024002926995,100 174.88598799887998,-36.950028003793776,100 174.88602900693928,-36.95003600672045,100 174.8860919982431,-36.950048998856765,100 174.8861369932955,-36.95004900233327,100 174.88621400650976,-36.95006300372018,100 174.8862390001892,-36.95008200287751,100 174.88625999275754,-36.9500969997762,100 174.88628600158614,-36.95011900129368,100 174.88633200583814,-36.9501529961333,100 174.88638599548588,-36.95019699573499,100 174.88642800644757,-36.950204996105406,100 174.88647399589755,-36.95019700612287,100 174.8865110034359,-36.95018700561691,100 174.88654500570806,-36.95018100601986,100 174.88658500885342,-36.950179997162756,100 174.88662800152014,-36.95018399985679,100 174.8866680076827,-36.95020100187734,100 174.88669999557237,-36.95021699836516,100 174.8867439990078,-36.9502129921023,100 174.8867600056314,-36.95020300171499,100 174.88677799301522,-36.95019200191912,100 174.8868010002562,-36.95017800117928,100 174.88682899386995,-36.9501590054174,100 174.88685799987036,-36.95014799812576,100 174.88687799717437,-36.95014800385766,100 174.8869179989647,-36.95015399541406,100 174.88694800069607,-36.95015799266773,100 174.88695599347687,-36.95014399260234,100 174.88697600186566,-36.950117004695734,100 174.88698900459613,-36.950090000155384,100 174.88703599691323,-36.950060991602385,100 174.8870679921985,-36.95006199632181,100 174.88710300042604,-36.950057993209015,100 174.88713299809217,-36.95008799338246,100 174.88715700201618,-36.95013299655711,100 174.8871740009221,-36.95017099971791,100 174.88717899854802,-36.950206005711294,100 174.88719600535885,-36.950236000570186,100 174.88722799151483,-36.95027999805444,100 174.88726300104383,-36.9503129928987,100 174.88730399551042,-36.9503460061502,100 174.8873630081459,-36.950380005584265,100 174.88741099534886,-36.95040800357671,100 174.887435998356,-36.95042099417063,100 174.88746500194404,-36.9504360049903,100 174.8875040052363,-36.95045299292577,100 174.88755299241376,-36.95047900558985,100 174.88760499812673,-36.95049700623014,100 174.88765300691853,-36.95051499919784,100 174.88770400333448,-36.95052900589847,100 174.88775299406527,-36.95052900020221,100 174.88778699749787,-36.95052300023025,100 174.88781000225686,-36.950521003030254,100 174.88784799896126,-36.950512997208534,100 174.8878679986571,-36.950508001345256,100 174.88791199949245,-36.95047199895855,100 174.88792099284979,-36.95044899772334,100 174.88794200223336,-36.95042699512838,100 174.88796699923338,-36.95043400729171,100 174.88799399448925,-36.950463006760614,100 174.88803699147732,-36.950485005399955,100 174.8880740041246,-36.950492999051335,100 174.88809099372435,-36.950501994344876,100 174.8881250003849,-36.950521005675924,100 174.88815999809023,-36.95054399585592,100 174.88819300641703,-36.950560004546496,100 174.88823299147987,-36.95057999602398,100 174.8882720092237,-36.95057900407173,100 174.88831900332576,-36.950565993301126,100 174.8883589935382,-36.95055499479166,100 174.8884189947168,-36.950547007402825,100 174.88847400269216,-36.95053800612113,100 174.88853699616345,-36.95052299670855,100 174.8885720024288,-36.950502993976414,100 174.88860699876503,-36.95048900135035,100 174.88868700419502,-36.95052899787038,100 174.8887499940368,-36.95044700639217,100 174.8889039983575,-36.950247997639536,100 174.88914499722898,-36.94993499785257,100 174.8895809978703,-36.950054002974014,100 174.8898179946711,-36.95011900337602,100 174.88995299512237,-36.9502449966471,100 174.89030299343844,-36.95057100282563,100 174.89065799226822,-36.950596006860266,100 174.89084900817122,-36.950610006587624,100 174.89101800092297,-36.95062200619479,100 174.89102299713582,-36.95107099773775,100 174.89102432736217,-36.95125539420798,100 174.89139559107832,-36.95124608619738,100 174.8916455043476,-36.95152367976075,100</coordinates></LinearRing></outerBoundaryIs>
    </Polygon>
  </Placemark>

  <Placemark>
    <name>Ōtara</name>
    <Point>
      <altitudeMode>relativeToGround</altitudeMode>
      <coordinates>174.8780081033839,-36.96017120722635,100</coordinates>
    </Point>
  </Placemark>

</Document>
</kml>