<?xml version="1.0" encoding="utf-8"?>
<kml xmlns="http://www.opengis.net/kml/2.2">
<Document>
  <name>Papakura (polygon: official_shp)</name>
  <open>1</open>

  <Placemark>
    <name>Papakura (polygon: official_shp)</name>
    <Style>
      <LineStyle><color>ffff0000</color><width>2</width></LineStyle>
      <PolyStyle><color>66ff0000</color><fill>1</fill><outline>1</outline></PolyStyle>
    </Style>
    <Polygon>
      <tessellate>1</tessellate>
      <altitudeMode>relativeToGround</altitudeMode>
      <outerBoundaryIs><LinearRing><coordinates>174.9594839921618,-37.041803006083555,100 174.96110699234944,-37.045098995719655,100 174.96128099450718,-37.04505700599671,100 174.96318400374815,-37.04459500434052,100 174.96323100731593,-37.04469500670535,100 174.96579900159898,-37.04386799301479,100 174.96742499815298,-37.04334400613811,100 174.96750900307646,-37.043317005157604,100 174.9680560030802,-37.04436999433127,100 174.96860099538728,-37.04541699423999,100 174.9691510036624,-37.04647300741627,100 174.97338900025716,-37.045136992169816,100 174.97417799864314,-37.04674200037582,100 174.97504199783413,-37.046468995017214,100 174.9749440087802,-37.04626899341495,100 174.9749879965525,-37.04615499516021,100 174.97499799228373,-37.04613000182816,100 174.9750910082577,-37.04589099500735,100 174.9751579948229,-37.045716997086465,100 174.9752160020998,-37.04556899580792,100 174.9752249937187,-37.045544006561556,100 174.97523200095466,-37.04552600740509,100 174.97557700373977,-37.04530599690201,100 174.97602500432706,-37.0454670057387,100 174.97629000119838,-37.04536499516947,100 174.97642400872988,-37.04553399859,100 174.97666199223772,-37.04551600385457,100 174.977202006706,-37.044832999575064,100 174.9778299936139,-37.04379199356195,100 174.97927600681098,-37.04532299408592,100 174.98135599570008,-37.04466899969089,100 174.98269000222174,-37.04424799726984,100 174.98255899639523,-37.0494140034292,100 174.98580599198172,-37.05049999564945,100 174.9864710067816,-37.050262002860876,100 174.98673599191042,-37.050168005922394,100 174.98696699188224,-37.05008499306414,100 174.990215006437,-37.0489239984132,100 174.99146299596467,-37.04847599159954,100 174.99251699849793,-37.04815100379415,100 174.99332499570275,-37.04790199941822,100 174.9935490032433,-37.04783299282031,100 174.9967129951549,-37.0468579986892,100 174.99678700225297,-37.04700599905811,100 174.99704099864312,-37.0475139960794,100 174.99822500079748,-37.04988199911593,100 174.9990260051588,-37.05148299171947,100 174.99918699682343,-37.05180500306314,100 174.99920499880392,-37.05184199559444,100 175.0001610042057,-37.05158399338751,100 175.0017040018997,-37.051109999595084,100 175.00239000863306,-37.0508769966337,100 175.0044960040224,-37.05533300739721,100 175.00253900055253,-37.05597400505541,100 174.99855999649193,-37.05727399359263,100 175.00149500511534,-37.06091099435712,100 175.0035189982355,-37.06359400360584,100 175.00468900675776,-37.06514499290682,100 175.00543499482475,-37.06625800582758,100 175.00660700113693,-37.067772001786096,100 175.00673299648696,-37.06793399799139,100 175.00932900417186,-37.07139799577564,100 175.00892300861733,-37.071412998639026,100 175.0044330033373,-37.0715849947034,100 175.0017369964556,-37.07168799803462,100 174.99890200571633,-37.07179600604394,100 174.99810400127976,-37.07182699843146,100 174.9955360073276,-37.07192499420099,100 174.9954229921023,-37.071929006145716,100 174.99530900583215,-37.071933004581744,100 174.99263400680104,-37.07202599662322,100 174.99196699258215,-37.06944400271106,100 174.99181800062004,-37.068667001992765,100 174.99155299987035,-37.06784100543213,100 174.991420996679,-37.06732800257063,100 174.99122099747132,-37.066277004019376,100 174.99091600516593,-37.06466700400461,100 174.98808699391824,-37.0656720070268,100 174.9873149962052,-37.0659160066669,100 174.9872230013326,-37.065949005965756,100 174.98556499214462,-37.064175998599744,100 174.9855380046891,-37.064147005559654,100 174.98519399326096,-37.06377899581464,100 174.98489599896553,-37.064058992284764,100 174.9847359954826,-37.06430599959937,100 174.9848459914756,-37.065312996986755,100 174.98501199905246,-37.06574599503632,100 174.98459999948224,-37.06617900037137,100 174.98431999249328,-37.0663249925455,100 174.98411599935156,-37.06655400199635,100 174.9843739914237,-37.06673443882523,100 174.9844414843431,-37.06700558256444,100 174.98429534046141,-37.06729110169642,100 174.9842380455505,-37.06729730687481,100 174.98250691519905,-37.0662158700342,100 174.98225082043112,-37.066788580558665,100 174.98203140078488,-37.06672634841638,100 174.98180370197235,-37.066733664826955,100 174.9815817945188,-37.06676670941023,100 174.98129915886355,-37.06680710255558,100 174.98072931898844,-37.066556385195355,100 174.9807078153144,-37.06656487759277,100 174.98085993758227,-37.06678557005499,100 174.98097897685696,-37.066973071841765,100 174.9812446952528,-37.06737191721068,100 174.980505004384,-37.0677919937728,100 174.97963499949824,-37.06696599979537,100 174.9788650031523,-37.06695899471962,100 174.97890799373425,-37.06703299913303,100 174.9791649998139,-37.067482992975144,100 174.9789130075738,-37.06758000139778,100 174.97860599932292,-37.06769700032919,100 174.97857200322554,-37.06771100125685,100 174.9784149980929,-37.06777099679893,100 174.97830700669917,-37.067811993672805,100 174.97793800836297,-37.06795299527852,100 174.97766699599103,-37.06805700769513,100 174.9776499963569,-37.068063000868165,100 174.97761499562273,-37.06807700476159,100 174.9774609918284,-37.06813599904286,100 174.97718300130614,-37.06824199600623,100 174.97716600086355,-37.06824800444594,100 174.97698399739448,-37.06831799380664,100 174.9766260048022,-37.06845499634091,100 174.9764670082656,-37.06851699273826,100 174.9759020023613,-37.06873300102032,100 174.97547699529315,-37.068896000418334,100 174.97542699931904,-37.06881499672124,100 174.97493300001108,-37.06800600561983,100 174.9745800018785,-37.06742599888305,100 174.97342799278223,-37.065537002343156,100 174.97338799601678,-37.06547000308703,100 174.97234299324603,-37.063755995648755,100 174.97212899595453,-37.063817994328204,100 174.97129999964477,-37.06405999717148,100 174.97130500565947,-37.06407099525941,100 174.97124500487908,-37.0641749989085,100 174.97101900752952,-37.06424099221316,100 174.97088899843544,-37.064191997996474,100 174.97075700750722,-37.064230993077686,100 174.97054699924004,-37.06429200241662,100 174.97033599628168,-37.0643540058106,100 174.97012499838436,-37.06441500111049,100 174.97010600616008,-37.064420999269025,100 174.96990000505116,-37.064481005359816,100 174.97005300657003,-37.064818004974235,100 174.96986000630824,-37.06487399698674,100 174.96984099596128,-37.06487999540513,100 174.96962799907877,-37.06494200184297,100 174.96956100107568,-37.064960997121986,100 174.96940800598364,-37.065005993367905,100 174.96920200273053,-37.06506599920324,100 174.96898952609516,-37.06512807157256,100 174.96896340078513,-37.06507051573339,100 174.96883646079942,-37.06479110405377,100 174.96866213089802,-37.064841984772436,100 174.9686016738984,-37.06494594873245,100 174.96860171114713,-37.06494604094652,100 174.96839600162056,-37.06496800262364,100 174.9681279959362,-37.065045996246454,100 174.96810799355887,-37.065004001134604,100 174.96789200760978,-37.06506700403943,100 174.96767499975238,-37.06512999376958,100 174.96780700540927,-37.065418994363384,100 174.96778700845806,-37.06542499440784,100 174.9678090050503,-37.0654720027794,100 174.9675960047121,-37.065534005656666,100 174.96751700186636,-37.065558003751114,100 174.96738400829472,-37.06559600591838,100 174.96729999116198,-37.06562099285834,100 174.9671710068376,-37.06565799273562,100 174.9670430031964,-37.06569599736279,100 174.9669589917116,-37.065719992554556,100 174.96673900572392,-37.06578500201346,100 174.96659900341496,-37.06544399881254,100 174.9665950033771,-37.06543299825689,100 174.9661779650084,-37.065557906085864,100 174.96636975317915,-37.065984281612614,100 174.96615690934647,-37.06604578362698,100 174.96596515703192,-37.065619407151964,100 174.96532699191079,-37.065803996621625,100 174.96528400586445,-37.06587400360709,100 174.96538399430182,-37.066115994754924,100 174.96517900332262,-37.06618199837832,100 174.96538899439068,-37.066708992672446,100 174.96508999991482,-37.066786999252024,100 174.9638190013544,-37.06711699299111,100 174.9637259965213,-37.06714099426363,100 174.96333999511523,-37.067242006063594,100 174.9622620042512,-37.0675250000639,100 174.96256999498206,-37.06793399356308,100 174.9628069996053,-37.06824999756603,100 174.96284200590537,-37.0682970042138,100 174.9630149982953,-37.068529002161746,100 174.96318800864736,-37.06876100043967,100 174.9635670017785,-37.06927099979029,100 174.96360199879976,-37.06931699870994,100 174.9637409931947,-37.069502003050125,100 174.96390299341323,-37.06971699320819,100 174.9639350018812,-37.06975900375828,100 174.96447300678034,-37.069502006009614,100 174.96493700477316,-37.06927999988989,100 174.96527499843032,-37.06911799626434,100 174.96567200537845,-37.06965299999513,100 174.96594900631604,-37.069730993282796,100 174.96619059994907,-37.06961583442716,100 174.96693228356736,-37.070214899738794,100 174.9672754994668,-37.06994208354338,100 174.96753590043102,-37.070152379650786,100 174.96754804400058,-37.07015841594022,100 174.96709312267473,-37.07065888529331,100 174.96667558493692,-37.071117556731764,100 174.96652033204404,-37.07128805301646,100 174.96628006718896,-37.071555398773384,100 174.96621288786213,-37.07163021275655,100 174.96743070379515,-37.07239955387844,100 174.96666605794266,-37.07339406287,100 174.96674410974848,-37.07349872240721,100 174.96750359329596,-37.074515976335334,100 174.96801017894938,-37.07424269736923,100 174.96915733466253,-37.07362386903173,100 174.9692038923966,-37.073598692594814,100 174.97087288129987,-37.072697565113856,100 174.97090334663545,-37.07274733057014,100 174.97014596005442,-37.0731564013095,100 174.970395590017,-37.073561772614035,100 174.9707147500009,-37.07408010023693,100 174.9718188998121,-37.07377826705001,100 174.97239908279462,-37.07396268323209,100 174.9732320089043,-37.07396500221271,100 174.97370599350327,-37.0740410054015,100 174.97399999292222,-37.07424899699788,100 174.97428900867288,-37.07450299936169,100 174.9745619915776,-37.07470299267066,100 174.9746900052031,-37.07474199978762,100 174.97553599343823,-37.07540300002163,100 174.97551899799322,-37.075452002099226,100 174.97561699659522,-37.07562099844293,100 174.97569900503487,-37.07594899974943,100 174.97575700041907,-37.07616100395348,100 174.97554900548693,-37.07643100376667,100 174.9753080021401,-37.076750001667996,100 174.97507500722773,-37.07685399604517,100 174.97507700492244,-37.076866999835076,100 174.9750859959557,-37.076925007189494,100 174.9750750018597,-37.0769290018647,100 174.975064995303,-37.07693299360723,100 174.97504599850745,-37.07694199663589,100 174.975042994114,-37.076942996637044,100 174.9750230051951,-37.076950005425246,100 174.97501000758098,-37.076952996993114,100 174.9749879990987,-37.076955999863884,100 174.97498300271,-37.076957004204786,100 174.97496199631343,-37.07696299255419,100 174.9749589930657,-37.07696399343544,100 174.97493699489954,-37.076968001056265,100 174.97491500899721,-37.076973001683406,100 174.97491400344293,-37.076973004012615,100 174.9748940029877,-37.07697900533623,100 174.97488600639883,-37.07698299242473,100 174.97486599406722,-37.07699100740932,100 174.97485099571722,-37.076998002440504,100 174.97483199887893,-37.07700700543599,100 174.97481800490624,-37.07701399635159,100 174.9747990080599,-37.077022999341985,100 174.97478099337627,-37.077033006223544,100 174.974760997488,-37.077041005594914,100 174.97474300618325,-37.077050006248754,100 174.97472500797713,-37.07705999842695,100 174.9747180061606,-37.07706300456211,100 174.9746989909259,-37.07707199342243,100 174.97468599181278,-37.0770780069844,100 174.97466499797116,-37.07708500180655,100 174.9746450020564,-37.07709300115904,100 174.97464099319637,-37.07709400255767,100 174.97462099729995,-37.07710200280713,100 174.97461099759383,-37.0771050029856,100 174.97459000263638,-37.07711199871447,100 174.97458300735775,-37.077113999801504,100 174.97456200240535,-37.07712000337853,100 174.97455200156998,-37.07712300357088,100 174.97453300428967,-37.07713199210589,100 174.9745130029464,-37.07714099735944,100 174.9745099985376,-37.07714199734748,100 174.97448899357124,-37.07714800091195,100 174.97446899497376,-37.07715099815496,100 174.97445199428142,-37.077154002250374,100 174.97444699787175,-37.07715500656925,100 174.97443799109737,-37.077156997884224,100 174.97441599401512,-37.07716100719372,100 174.9744090040831,-37.077162000546316,100 174.97438799912584,-37.07716800499414,100 174.9743699970556,-37.07717299415735,100 174.9743479930627,-37.07717799498153,100 174.97432600703326,-37.07718299460125,100 174.97432300259678,-37.07718399368378,100 174.9743009985739,-37.07718899359853,100 174.9742799935999,-37.07719499802766,100 174.97425899318011,-37.0772029996221,100 174.9742429949511,-37.07720900539433,100 174.9742220010296,-37.07721600014011,100 174.9742010006209,-37.0772240026255,100 174.97418799646405,-37.07722800274952,100 174.97416699682884,-37.077232999434656,100 174.97414499278037,-37.07723799932111,100 174.9741229952598,-37.07724199326211,100 174.97411599883142,-37.07724399434097,100 174.97409500528494,-37.07725100438005,100 174.97407400485233,-37.07725900684356,100 174.9740710004093,-37.07726000591988,100 174.97404999955106,-37.077267992163165,100 174.97403699537807,-37.077271992271044,100 174.97401600069168,-37.07727900231525,100 174.9740030075985,-37.077283993647136,100 174.97398199370718,-37.077293993563515,100 174.9739620045683,-37.07730100127704,100 174.9739399978729,-37.07730099904472,100 174.9739309934011,-37.07730000072477,100 174.97390900814324,-37.077301996275985,100 174.97390099578914,-37.07730299310165,100 174.97387999586402,-37.07729999895885,100 174.9738770037344,-37.07729900058036,100 174.97385599884345,-37.077293993047924,100 174.97384500323295,-37.07728999595178,100 174.97382799157725,-37.07728099774406,100 174.97382500055,-37.0772799984446,100 174.97381000838084,-37.07727500526648,100 174.9738009924587,-37.077273001294444,100 174.97377899945226,-37.07727899234172,100 174.97377200413496,-37.077280993381905,100 174.97375000582875,-37.07728500168762,100 174.9737420049745,-37.07728700594642,100 174.97372000087904,-37.07729200575519,100 174.97371700296597,-37.07729199888113,100 174.9736949923774,-37.077298006428734,100 174.97369299997638,-37.07729799543328,100 174.9736739957588,-37.07729999809649,100 174.9736560050821,-37.07730599369644,100 174.9736340021968,-37.07730800391068,100 174.9736229930715,-37.07730899472363,100 174.97360100126258,-37.07731199615962,100 174.97359900237004,-37.07731299290601,100 174.97357699369326,-37.07731599461835,100 174.9735699926793,-37.07731599759522,100 174.9735480074043,-37.07731799307989,100 174.97353600306693,-37.07731999276436,100 174.97351400585944,-37.07732400100822,100 174.97350800349128,-37.077324993191304,100 174.97348600628067,-37.07732900143005,100 174.97347599504553,-37.077330995872614,100 174.97345300420335,-37.07733299365698,100 174.97344000233903,-37.07733400410276,100 174.97341799367194,-37.077337006686825,100 174.97340799927593,-37.07733899994211,100 174.97338600747145,-37.0773420022396,100 174.97337700174472,-37.07734399255575,100 174.97335399445,-37.07734600681792,100 174.9733399977231,-37.07734799638256,100 174.9733179993712,-37.077352004609274,100 174.97331399701977,-37.077352000022174,100 174.97329199287398,-37.07735699975281,100 174.9732849964111,-37.07735900078353,100 174.9732640023764,-37.07736599626413,100 174.97326099139875,-37.07736800216294,100 174.97324100630289,-37.07737699161178,100 174.97323699743077,-37.07737799386473,100 174.97321599231273,-37.07738399810909,100 174.97320899584523,-37.077385999135444,100 174.9731880086891,-37.07739200217466,100 174.97317700332283,-37.077395004549494,100 174.9731560081665,-37.0774020009311,100 174.9731449970277,-37.07740599571264,100 174.97312500777633,-37.07741300328799,100 174.9731189988511,-37.07741500139346,100 174.97309799824018,-37.07742300278725,100 174.973082995107,-37.07742800043165,100 174.9730620067808,-37.07743400256697,100 174.97305800897448,-37.07743599604208,100 174.9730379947979,-37.077443995430016,100 174.97303599589415,-37.0774449921672,100 174.97301500218484,-37.07745200201928,100 174.9730129918128,-37.077451992212794,100 174.97299399463267,-37.07746099492269,100 174.97299100165725,-37.07746300141645,100 174.97297199300445,-37.07747099757964,100 174.97297100543275,-37.07747099959319,100 174.9729500048132,-37.077479001862486,100 174.97293700051804,-37.077483000951375,100 174.97291700430563,-37.07749100002019,100 174.97290900795144,-37.0774950022948,100 174.97288899484386,-37.07750300073881,100 174.97287500753734,-37.07750900080572,100 174.9728559934604,-37.077518003774955,100 174.97285100697061,-37.077520000175554,100 174.97283000632422,-37.07752800242429,100 174.97282399848265,-37.077529999595654,100 174.97280399569715,-37.0775390045879,100 174.97279899886388,-37.07753999442427,100 174.9727789972204,-37.07754900029463,100 174.97276199651748,-37.07755999583416,100 174.97275899771049,-37.07756299293024,100 174.97273999394565,-37.0775730024437,100 174.97273899944986,-37.07757399598288,100 174.97272099544432,-37.07758499469127,100 174.97271699687,-37.077587002588366,100 174.97269899823664,-37.077596993568626,100 174.97268199210916,-37.077608995921295,100 174.9726750012701,-37.07761299496935,100 174.97265700304519,-37.07762300215966,100 174.97264899971583,-37.07762799504409,100 174.972630002447,-37.07763699769794,100 174.97262099469802,-37.07764199377284,100 174.97260300097378,-37.07765399812545,100 174.9725910002036,-37.07766099978162,100 174.97257199599466,-37.077670993954136,100 174.97255900764432,-37.077677997617506,100 174.9725410024632,-37.07768899631857,100 174.97253100059888,-37.07769500123978,100 174.97251200329887,-37.07770400387551,100 174.97250099661605,-37.077709996670386,100 174.97248199277956,-37.07772000614431,100 174.97246799304534,-37.077728003615896,100 174.9724489957527,-37.07773700714283,100 174.9724299914822,-37.077747000392655,100 174.9724219950746,-37.07775100263578,100 174.97240199290903,-37.077759992229005,100 174.9723900044595,-37.077764996414906,100 174.97236999575574,-37.077774992845775,100 174.97236199931862,-37.07777899418413,100 174.97234400101215,-37.07778900132897,100 174.97233400564969,-37.07779399939145,100 174.97231399242335,-37.07780199864295,100 174.97230499696863,-37.07780499634309,100 174.9722850075303,-37.07781200378164,100 174.9722769996263,-37.07781499857087,100 174.9722590078317,-37.07782399886047,100 174.97224600263903,-37.077838993554046,100 174.9722430026996,-37.077841991557456,100 174.97222499785306,-37.07785300642881,100 174.97222399296692,-37.077852991599805,100 174.9722050070705,-37.077863001632835,100 174.97219800472502,-37.077865994110375,100 174.9721830019111,-37.07787899774265,100 174.97217599753415,-37.07788499423225,100 174.97215699473423,-37.077895003637614,100 174.97214399374866,-37.07790100163344,100 174.9721250074093,-37.077910995438124,100 174.97211799852235,-37.07791499475404,100 174.97209999429762,-37.077925991570694,100 174.9720859938034,-37.07793400613488,100 174.9720669959923,-37.077942993387005,100 174.97205400304694,-37.07794799982697,100 174.97203300217086,-37.07795600103894,100 174.97202200775516,-37.07795999543933,100 174.9720030037912,-37.07797000483972,100 174.97199400247248,-37.07797399312523,100 174.97197399496935,-37.07798100081249,100 174.97196400611563,-37.07798499290301,100 174.97194300521934,-37.07799299409958,100 174.97193900662566,-37.077995002872406,100 174.97191900433648,-37.078003992387316,100 174.9719160067902,-37.078004000783736,100 174.9718979968933,-37.078013000419126,100 174.9718789924791,-37.0780229935843,100 174.97186499510858,-37.07802800409118,100 174.97184699265452,-37.07803299288126,100 174.97182499513937,-37.07803700081981,100 174.97181999750816,-37.078038005049194,100 174.97179799307855,-37.078043005411466,100 174.9717970051022,-37.07804299210022,100 174.97177799409744,-37.078046001309055,100 174.97175600311283,-37.078049002392014,100 174.97175499756636,-37.07804900559574,100 174.97173299512846,-37.078051000130635,100 174.9717220020014,-37.07805200582418,100 174.9717000040764,-37.07805599842466,100 174.97168999962892,-37.07805700119249,100 174.97166700306695,-37.07806000456137,100 174.97165500509507,-37.07806099721692,100 174.97163299611015,-37.07806399857648,100 174.9716259995584,-37.078066000413116,100 174.97160400162355,-37.07806999299601,100 174.97158199847001,-37.078072003738,100 174.97157600295125,-37.078072004297745,100 174.9715540005005,-37.07807399879974,100 174.97155299495364,-37.07807400200176,100 174.97153000494475,-37.078075999402195,100 174.97152799495197,-37.07807600488622,100 174.97150600282237,-37.078079005941994,100 174.97149899591835,-37.078080000307736,100 174.97147599936358,-37.07808300454087,100 174.97146600485883,-37.078084999438296,100 174.9714430082776,-37.07808800276422,100 174.97142500821073,-37.07809000189166,100 174.97140299922978,-37.07809300410989,100 174.97139200025202,-37.078095000381424,100 174.97136899224103,-37.07809699805006,100 174.9713490001895,-37.07809900324915,100 174.97132600359842,-37.078102006552605,100 174.97131500464033,-37.07810400371799,100 174.97129199662393,-37.07810600137181,100 174.97127900451284,-37.078108002832586,100 174.97125699999972,-37.078113002195096,100 174.97124700546115,-37.07811499617342,100 174.97122399743907,-37.0781169938142,100 174.97121300539465,-37.07811799854141,100 174.9711910029181,-37.07811999297667,100 174.97118899290055,-37.07811999755408,100 174.97116700735833,-37.0781219944072,100 174.97115100622162,-37.07812299678667,100 174.97112899269473,-37.078123999981635,100 174.97111199818005,-37.07812599676447,100 174.9710900060395,-37.07812899864484,100 174.97107200595124,-37.07813099771921,100 174.97105000838394,-37.078135006416765,100 174.9710410083386,-37.078136005951286,100 174.97101899890612,-37.07813899188289,100 174.97100899443618,-37.07813999459381,100 174.97098699573806,-37.07814400329854,100 174.9709780067354,-37.07814599405726,100 174.97095700118828,-37.078151997011034,100 174.97094700121085,-37.07815499778899,100 174.97092600015327,-37.078162998809624,100 174.97092499458162,-37.078163001105445,100 174.97090899699498,-37.0781690064216,100 174.97088700443578,-37.078171992949635,100 174.9708819968624,-37.078172005892405,100 174.97085999643943,-37.078170996252254,100 174.9708590088811,-37.078170999149364,100 174.97083599184378,-37.078169000571016,100 174.97083200518708,-37.078168995639665,100 174.97081000516175,-37.078168001305436,100 174.9708009936928,-37.078167995178575,100 174.9707799936011,-37.078164999589426,100 174.97075800798507,-37.078166994565564,100 174.97075499244082,-37.078167003231854,100 174.9707389969009,-37.0781700036098,100 174.97071699888218,-37.07817399603022,100 174.97071000227055,-37.07817599691285,100 174.97068899671527,-37.07818200072083,100 174.97068599218798,-37.07818299971356,100 174.97066599554103,-37.07819099841398,100 174.97065800551925,-37.07819399279763,100 174.9706380034375,-37.07820299831815,100 174.97063699791187,-37.07820300241333,100 174.97062199231482,-37.07821100196791,100 174.97057400111188,-37.07822599755918,100 174.9705180032557,-37.078241000024846,100 174.9704960040788,-37.07824499242385,100 174.97043499830085,-37.07825200077385,100 174.9703729989494,-37.078256998616695,100 174.97035299984535,-37.07825999427701,100 174.97029199739274,-37.07826900064552,100 174.97023099604866,-37.07827800696435,100 174.9701709921589,-37.07828800160875,100 174.9701100006918,-37.07829799911414,100 174.9701140083879,-37.07837599815413,100 174.97006500455151,-37.07837300000525,100 174.9700030051992,-37.07837000596844,100 174.9699410043295,-37.078366996602455,100 174.96987900496077,-37.078364001599596,100 174.96981699309143,-37.07836000183991,100 174.96975500575883,-37.07835499400419,100 174.96969699196964,-37.07835200479246,100 174.96963499808223,-37.07834800373721,100 174.9695720052158,-37.07834299899097,100 174.9695100068816,-37.07833699979663,100 174.96944899827605,-37.078327994568866,100 174.96938900804213,-37.07831700308721,100 174.96933000640132,-37.0783030046926,100 174.96931400288,-37.07829900473601,100 174.96925299896105,-37.07828400488636,100 174.9691939950649,-37.07826500433241,100 174.96913799674974,-37.07824199989531,100 174.96908599310225,-37.07821500399335,100 174.96904000504782,-37.0781819984402,100 174.96903200379901,-37.078175995379056,100 174.96899400840607,-37.078137005928234,100 174.9689580013664,-37.07809599881533,100 174.9689350000895,-37.07806999479487,100 174.96889699451086,-37.078029998745436,100 174.96885500575004,-37.077995000657445,100 174.96885100476692,-37.077992006336636,100 174.96879900242837,-37.077962006301284,100 174.96874200444321,-37.077941001999065,100 174.96868200762745,-37.077931001675786,100 174.96867599524734,-37.07793100236856,100 174.96861399156543,-37.07793400121306,100 174.96855400794553,-37.07794899683049,100 174.968518007914,-37.07796400699953,100 174.96846799594377,-37.0779939993198,100 174.96842100875216,-37.07802799537804,100 174.96841399304404,-37.07803300042403,100 174.96836800364449,-37.078068000149855,100 174.9683219940349,-37.078101002045855,100 174.96827200134067,-37.0781280053053,100 174.96826100668724,-37.078131999363166,100 174.9682019924276,-37.078146993132655,100 174.96813899330763,-37.078154004551564,100 174.96807699818805,-37.078152992258936,100 174.9680699971054,-37.07815299581406,100 174.96800600483192,-37.07815000587038,100 174.96794399312006,-37.07813799721023,100 174.96788500650183,-37.078118995711385,100 174.96783499649058,-37.07809199410224,100 174.96782700118172,-37.078084998545336,100 174.96779300299315,-37.078047005872214,100 174.96776499444678,-37.07800199641894,100 174.96773800323123,-37.07795500166819,100 174.96770799503514,-37.07791100418289,100 174.96767199212778,-37.077883005741796,100 174.96762299924964,-37.07785400343113,100 174.9675700029602,-37.077828001219416,100 174.96751600001363,-37.07780200126827,100 174.9674619982276,-37.07777600127266,100 174.9674110065301,-37.07774799641591,100 174.96739699999887,-37.07773799655425,100 174.96735399628193,-37.077701995410905,100 174.9673119973739,-37.07766600461683,100 174.96726899369142,-37.07763000163806,100 174.9672250068709,-37.077595998683414,100 174.9672030026419,-37.07758199460172,100 174.96715200125118,-37.0775529965748,100 174.9671010032145,-37.07752599842062,100 174.96704999492565,-37.077497992777595,100 174.96704699300113,-37.07749600297474,100 174.96699800720714,-37.07746599354506,100 174.96695099260512,-37.07743399740677,100 174.9669039960324,-37.077402000950045,100 174.96685799952724,-37.07736800325439,100 174.96681300050113,-37.077334994827005,100 174.96676799164894,-37.07730099513151,100 174.96673500528303,-37.07727300313604,100 174.96669300327338,-37.07723499959578,100 174.9666509946994,-37.077198002883996,100 174.96660699704356,-37.07716299403678,100 174.96656100519405,-37.07713099429253,100 174.96651200773175,-37.077102998318935,100 174.96650099676887,-37.07709599680755,100 174.96644400602293,-37.07706599283148,100 174.96638600641498,-37.0770420009071,100 174.96632700625815,-37.077028000969754,100 174.9662700034479,-37.07702700496554,100 174.96625000223068,-37.0770330048507,100 174.96623799182925,-37.0770359953114,100 174.96618700009174,-37.07706199310774,100 174.96613499348427,-37.077094993572196,100 174.9660820063407,-37.07712700714396,100 174.96607800723223,-37.077129000407226,100 174.96602100684598,-37.07714900508582,100 174.96596099980937,-37.07716500741527,100 174.96590099933945,-37.07718000196905,100 174.96583999990088,-37.07719399190033,100 174.9658239977457,-37.077197999361076,100 174.96576499501535,-37.07721399755814,100 174.96570500583508,-37.07722999856169,100 174.96564599760362,-37.0772470053292,100 174.9655860072455,-37.077263006292554,100 174.96552700555756,-37.07727900525616,100 174.96546699828116,-37.07729500644027,100 174.9654330020101,-37.07730799692831,100 174.96537800578753,-37.07732900275244,100 174.96532400692993,-37.077350996951566,100 174.96527100697915,-37.07737399572462,100 174.96523999604204,-37.07738899160335,100 174.96519000377577,-37.077415993565424,100 174.9651389992826,-37.07744400459907,100 174.9650879943792,-37.07747200119735,100 174.9650799975679,-37.077476002054794,100 174.9650290039597,-37.07750500427504,100 174.96497699340802,-37.07753300307319,100 174.96492299311566,-37.07755800200042,100 174.964867996564,-37.07757900759643,100 174.96484500848493,-37.07758600580004,100 174.9647859938936,-37.077600997877155,100 174.9647250032409,-37.077610991697455,100 174.96466299726671,-37.0776169933949,100 174.96463300611092,-37.07761899281088,100 174.9645709996199,-37.077620006756824,100 174.96450899711633,-37.07761999854688,100 174.96444899792317,-37.07762399757309,100 174.96438699891834,-37.07762900669597,100 174.96432499362396,-37.077634992883844,100 174.9642639919392,-37.077643996138114,100 174.96420300046563,-37.07765400592754,100 174.96414200191677,-37.07766500631542,100 174.96408200300593,-37.07767699594648,100 174.96402200763524,-37.077690998058635,100 174.96397200105602,-37.07770399918551,100 174.96391299201207,-37.07772100420997,100 174.96385499831362,-37.07773899732019,100 174.9637979925377,-37.07775700287998,100 174.96373999878247,-37.077774995935414,100 174.9636810064928,-37.07779200056795,100 174.96362300285665,-37.077809002316535,100 174.96358300190064,-37.07781799628881,100 174.96352399389696,-37.077831996219,100 174.96346400608581,-37.07784499209138,100 174.963403007261,-37.07785599210613,100 174.96334299754065,-37.07786700635411,100 174.9632820053055,-37.07787699856084,100 174.9632659981929,-37.07787899319102,100 174.96320499614058,-37.077887995008304,100 174.96314400554698,-37.077894999356324,100 174.96308200030455,-37.077901000218105,100 174.9630209994748,-37.07790699793678,100 174.962959000865,-37.07791199188883,100 174.96289700151618,-37.077917001142616,100 174.96283500176278,-37.07792199504889,100 174.96277300351915,-37.07792700421966,100 174.9627470092406,-37.07793800572568,100 174.9626970077695,-37.07794999859686,100 174.9626479936679,-37.07795399872656,100 174.96258599666479,-37.07795600379509,100 174.96252600257537,-37.07795899412988,100 174.96246499183317,-37.07796400031335,100 174.9624160058766,-37.07796900571598,100 174.96235499899117,-37.0779759946071,100 174.96233400777845,-37.07797699456935,100 174.96229299844697,-37.077992000149294,100 174.9622570020174,-37.07799799371408,100 174.96223099672775,-37.0780080047775,100 174.96219799938626,-37.0780140063708,100 174.96217000055046,-37.078007993112486,100 174.96216600408397,-37.078006996637654,100 174.96213199878852,-37.07799999222031,100 174.96212899994546,-37.07797599465198,100 174.96212600463164,-37.07794899213927,100 174.96210299803695,-37.077947999324174,100 174.9620940049265,-37.077948006651205,100 174.96206999461378,-37.077947000697975,100 174.96204500691795,-37.07794700322965,100 174.96202000125487,-37.07794700695469,100 174.96201799083948,-37.07794699606113,100 174.96199299762299,-37.07794800631039,100 174.96196799619509,-37.07795000720303,100 174.96194399435302,-37.07795299558142,100 174.9619199918489,-37.07795600199163,100 174.96189499577426,-37.077960000029016,100 174.96188700117045,-37.07796099665218,100 174.9618630028711,-37.07796599932873,100 174.96183999327548,-37.07797100006092,100 174.9618160058948,-37.077976993961414,100 174.96179799996568,-37.07797999756015,100 174.96177400167696,-37.07798500111992,100 174.96175100186915,-37.07799099308707,100 174.9617280078296,-37.077998998426224,100 174.9617209940844,-37.078000998162814,100 174.9616999962766,-37.07801099565546,100 174.96167899846319,-37.07802099314453,100 174.96165800233544,-37.07802800103792,100 174.96159400431134,-37.07805000487472,100 174.96150800100034,-37.07807700534789,100 174.96145700458933,-37.07808999205422,100 174.9613680059865,-37.07810600483721,100 174.96135199204153,-37.07810900425629,100 174.96126099805505,-37.0781200036709,100 174.9612250039542,-37.078122993801564,100 174.96113299834266,-37.07812699514657,100 174.9611199950171,-37.07812800516888,100 174.96106000182553,-37.078130994748506,100 174.96103100249996,-37.0781350029406,100 174.9609900050219,-37.07814000360686,100 174.96090500225162,-37.07814900464603,100 174.96087499696233,-37.07815300059674,100 174.96079099443168,-37.07816799388293,100 174.96078200551892,-37.078169999191495,100 174.96071999734812,-37.078186994554926,100 174.96066700271933,-37.07818499404367,100 174.96061100097575,-37.078179006377916,100 174.96052599390416,-37.078194001668294,100 174.96048500055076,-37.07820099934138,100 174.9603990026271,-37.0781949956469,100 174.96035999400755,-37.07819000129947,100 174.9602720048231,-37.07817599457363,100 174.96019799594535,-37.07818100360044,100 174.96017499456298,-37.078189999275025,100 174.96015499368272,-37.07818800643343,100 174.96008499851024,-37.0781779967013,100 174.9600059962482,-37.078165005663855,100 174.95996499437916,-37.078175998697965,100 174.95992899630645,-37.07818499737358,100 174.9598379991622,-37.078190993614534,100 174.9597439926425,-37.078182996594855,100 174.95969000765683,-37.07817599636053,100 174.95959799318098,-37.07816799423805,100 174.95950600270518,-37.078159001134026,100 174.95943100701015,-37.07815600364612,100 174.9593389941276,-37.07816099603497,100 174.95926200515768,-37.07816599514269,100 174.9592499960584,-37.078165995313135,100 174.95924100712318,-37.07816800140691,100 174.95923200685505,-37.07816899914838,100 174.95922300663298,-37.07816999869099,100 174.95921400751186,-37.078170997313435,100 174.95920500056155,-37.0781730028009,100 174.9591960003154,-37.07817400144057,100 174.9591869944886,-37.07817600690812,100 174.95917799424177,-37.07817700554644,100 174.95916999249536,-37.07817899442068,100 174.95916100350988,-37.07818099870667,100 174.95915199658003,-37.07818300509109,100 174.95914399478585,-37.078184992161795,100 174.9591359933855,-37.07818699454733,100 174.95913200115285,-37.0781879969519,100 174.9591239930462,-37.07819100618377,100 174.95911600255815,-37.07819400070341,100 174.959107994056,-37.07819699461889,100 174.9591000039377,-37.078200003551935,100 174.9590929943285,-37.07820400301896,100 174.9590849970853,-37.07820800258193,100 174.95907800546485,-37.07821200175085,100 174.95907000824317,-37.07821600221374,100 174.95906299860772,-37.07822000077818,100 174.9590560058374,-37.07822399906354,100 174.95904900748414,-37.07822900417708,100 174.95904099339324,-37.0782330049168,100 174.95903399351957,-37.078237994732724,100 174.959028000718,-37.07824299674922,100 174.95902100794368,-37.07824699503261,100 174.9590139927201,-37.078252000422886,100 174.95900699321388,-37.07825700465175,100 174.95899999443697,-37.07826199354631,100 174.9589940005069,-37.07826699557976,100 174.95898699619156,-37.078272993104,100 174.95897999668162,-37.07827799733136,100 174.95897400389657,-37.07828300024619,100 174.95896700436165,-37.07828800357194,100 174.95896400499126,-37.078291001236146,100 174.95895699534321,-37.078294999794636,100 174.9589510014309,-37.07830000272695,100 174.95894400264632,-37.07830499161839,100 174.95893700427817,-37.07830999672568,100 174.95893099347427,-37.0783149990348,100 174.95892399397994,-37.078320004159956,100 174.9589180011647,-37.07832500617121,100 174.95891200683008,-37.07832999288543,100 174.95890500845752,-37.07833499799094,100 174.95889899764956,-37.078340000298546,100 174.95889299660394,-37.078345993859045,100 174.95888599822865,-37.07835099896351,100 174.95888000428405,-37.07835600099154,100 174.95887399349598,-37.078361004198854,100 174.9588669947007,-37.07836599308601,100 174.9588610007537,-37.078370995113154,100 174.95885500795345,-37.07837599802232,100 174.95884800244642,-37.07838199375561,100 174.95884200852007,-37.07838699668276,100 174.95883599770386,-37.07839199898736,100 174.9588289993206,-37.07839700408866,100 174.95882300536863,-37.07840200611398,100 174.95881600656625,-37.078406994998296,100 174.95880999576988,-37.07841199820256,100 174.95880299623548,-37.078417002420075,100 174.95880200268945,-37.07841799673012,100 174.9587949930211,-37.07842199527951,100 174.95878899906492,-37.07842699730324,100 174.95878200067528,-37.078432002401904,100 174.95877500226158,-37.07843700659928,100 174.95876899704595,-37.07844100297295,100 174.95874900445298,-37.07844300515788,100 174.95834200035932,-37.07844400541283,100 174.95761199074985,-37.078444995164034,100 174.95731700224607,-37.07748499354783,100 174.9572559932392,-37.077285998081386,100 174.9570469942036,-37.076752003836766,100 174.9569679961329,-37.076564003386174,100 174.95697700825707,-37.07638400202472,100 174.95682199194536,-37.07608499823066,100 174.95677099261368,-37.07598500309335,100 174.9565520039752,-37.07563299280685,100 174.95650100484104,-37.07554899627409,100 174.9564439965729,-37.07546699698391,100 174.95623699779102,-37.07516600292171,100 174.95591700462484,-37.074749001341374,100 174.95563300442373,-37.07441899312663,100 174.95536700888533,-37.07414199838224,100 174.95526300781444,-37.07403400613937,100 174.95491699906282,-37.073716993160076,100 174.95476600432823,-37.073578005804734,100 174.9543949961158,-37.07327700736565,100 174.95430399939772,-37.07320999141028,100 174.95393999262464,-37.07294100156882,100 174.95377700045296,-37.07283500034325,100 174.95328800869885,-37.072516997330276,100 174.95301700143276,-37.07233999454177,100 174.9527360031178,-37.07215699355455,100 174.95255800526974,-37.07204099369221,100 174.95248500427203,-37.071989001829635,100 174.95217000449975,-37.07175999432415,100 174.9521300084145,-37.0717320008901,100 174.9519000062654,-37.07154400600174,100 174.95165499212803,-37.07134400022974,100 174.9513620054786,-37.07162200460087,100 174.95118200596195,-37.07170399715122,100 174.9514860073045,-37.07194500603256,100 174.9514610026634,-37.07196599307332,100 174.95150415453435,-37.072000866598216,100 174.9516065966405,-37.07208197367898,100 174.95147934340642,-37.07218513317038,100 174.95143983373586,-37.072217143749334,100 174.95142386881108,-37.0722045153841,100 174.9512939936457,-37.07210099664797,100 174.95111052740475,-37.07224973965131,100 174.9508289216493,-37.07222733285072,100 174.95059711365212,-37.07241512109662,100 174.95049599868628,-37.07249699373767,100 174.95044699189512,-37.07253699601939,100 174.95045999982867,-37.072555996595746,100 174.95055300480723,-37.07268500555354,100 174.95090500651028,-37.073179005415795,100 174.9510020041097,-37.073315003576035,100 174.94974900023826,-37.07331099979702,100 174.9495790016188,-37.073311005682946,100 174.94931800555938,-37.0733099991259,100 174.9491599973041,-37.07331000556462,100 174.94906400119376,-37.07317499432793,100 174.9487670055219,-37.07331099999021,100 174.94856299646005,-37.07340399771106,100 174.94835100756788,-37.07350099544369,100 174.94834400108113,-37.07348899365981,100 174.94823597866986,-37.073326072689376,100 174.94822005858302,-37.073302043661286,100 174.94806325810964,-37.073373688411486,100 174.94781253292498,-37.073488322618324,100 174.94772700416996,-37.07333599311182,100 174.947542001672,-37.07345000404835,100 174.94744899781196,-37.07328500062479,100 174.94733099169517,-37.07307599767273,100 174.94715000455997,-37.07291299326816,100 174.9468809999736,-37.0727470004077,100 174.94674200372984,-37.072661001428884,100 174.94671299737627,-37.072643000357985,100 174.9466677914875,-37.07270249305047,100 174.9466545091799,-37.07296920589194,100 174.94642601084513,-37.07299513066575,100 174.9463828998892,-37.07275092674568,100 174.94600300005757,-37.072671002882444,100 174.94571799500213,-37.07261000418373,100 174.94548099966318,-37.072560005911626,100 174.94524400461583,-37.072510007156275,100 174.94536500198575,-37.072382993433905,100 174.94518600601396,-37.07227299321076,100 174.94507200169778,-37.07220200057015,100 174.9450580044557,-37.07221699600187,100 174.9448390088235,-37.0724440042723,100 174.94467000728588,-37.072430001435066,100 174.944696994861,-37.0722660010225,100 174.94472800034774,-37.07207400736508,100 174.94477900244505,-37.07202099342305,100 174.94459899198182,-37.071910003988336,100 174.94443199282915,-37.0718070044304,100 174.94441999823147,-37.07180000343704,100 174.94424800130224,-37.07169300543517,100 174.9442409938875,-37.071688995139645,100 174.9441799976628,-37.071650999237455,100 174.9440620073165,-37.0715780015939,100 174.94388899975726,-37.07147199842476,100 174.94386499888725,-37.07145700239317,100 174.94377399348218,-37.071401007403566,100 174.9437389998099,-37.07133299477011,100 174.94391799840892,-37.071089004208716,100 174.94397999837634,-37.071024007015666,100 174.94407499935429,-37.0710140016393,100 174.94399500090267,-37.07096499519467,100 174.94379999821962,-37.070844996747596,100 174.94361000629752,-37.07072699871277,100 174.94351599263166,-37.07069600681112,100 174.94312099904786,-37.07050999401914,100 174.94315799646714,-37.07025199390378,100 174.94317900666948,-37.070090999269624,100 174.94318099792804,-37.069870007441345,100 174.94320600802874,-37.06968100096403,100 174.94317799392593,-37.069678002721155,100 174.942720992842,-37.069639005445076,100 174.94271699346496,-37.06960000277764,100 174.9425279942087,-37.06961299269586,100 174.94250199781044,-37.06961400081653,100 174.94226600688933,-37.06963000075292,100 174.94226299167318,-37.06960699425604,100 174.9419789950912,-37.06958100025535,100 174.9417039908633,-37.06955499981785,100 174.94146499640058,-37.06957199640134,100 174.94123899229078,-37.06958699437438,100 174.9412349998878,-37.0695470001143,100 174.94120799182184,-37.06954900241298,100 174.9410270043778,-37.0695609944351,100 174.9408200087622,-37.06957600670568,100 174.9406130005237,-37.06958999766078,100 174.94059700815586,-37.06943900404513,100 174.94021300613235,-37.06937699289443,100 174.94011400708132,-37.06936100157986,100 174.9399910038577,-37.06934099471298,100 174.93984100479565,-37.06931600540832,100 174.9397880054859,-37.06930800106552,100 174.9397580057778,-37.06902300013552,100 174.9397459943678,-37.06902100018828,100 174.93961199875702,-37.06913499988731,100 174.93959899777332,-37.0691870060867,100 174.93958400234166,-37.0692469933855,100 174.9395780039828,-37.06927299457894,100 174.93940399404272,-37.06924499600948,100 174.9393649984667,-37.069239003033765,100 174.93935099486586,-37.06923699327029,100 174.93918299793708,-37.06920899426682,100 174.93916700179133,-37.06920700354891,100 174.93907499723892,-37.069192001050446,100 174.9389609965568,-37.06917299412717,100 174.9388590003373,-37.06915699308515,100 174.93873899536868,-37.06913699356548,100 174.93859899237424,-37.06911499735545,100 174.93855300338902,-37.069000997879556,100 174.9385189970415,-37.06899499335421,100 174.93826300234,-37.06895399298481,100 174.93820900540078,-37.06894500110165,100 174.9380619985623,-37.06892099259171,100 174.9380069973047,-37.06891200170936,100 174.93783399411032,-37.06888399787917,100 174.9378059937303,-37.06887900087553,100 174.93762599772484,-37.068850006038815,100 174.9376039965581,-37.068846992032086,100 174.93753700095337,-37.068836001385705,100 174.93741899415835,-37.06891200125348,100 174.9371520038204,-37.06862600190905,100 174.93690999639958,-37.06861499575238,100 174.9368960055285,-37.06862899871578,100 174.93688099820892,-37.06864199711902,100 174.93686499755472,-37.06865600496833,100 174.93684800546768,-37.06866800200794,100 174.93683099648837,-37.068679998419775,100 174.93681400324337,-37.06869199457221,100 174.93679600323975,-37.068701996387794,100 174.9367770076284,-37.06871300678373,100 174.93675700372214,-37.068722006643746,100 174.9367380052492,-37.06873100359738,100 174.9367170028791,-37.068738998597205,100 174.93669700520812,-37.068747006024566,100 174.93667599299536,-37.06875399533781,100 174.93665399957837,-37.06875999483317,100 174.9366330010057,-37.068765000175766,100 174.93661099662472,-37.06876999400212,100 174.9365810059533,-37.06877500559822,100 174.9364780027185,-37.068789995391995,100 174.93628200073408,-37.068819005587386,100 174.9361959968282,-37.068830995642514,100 174.93610499726256,-37.06863599660315,100 174.93599399187408,-37.068396998653604,100 174.9359340052728,-37.06826799302311,100 174.93590999979153,-37.0682159974345,100 174.9357520038734,-37.06776699597168,100 174.9357189921498,-37.067673996232045,100 174.93563400258532,-37.067434007160294,100 174.93561900484556,-37.0673899968035,100 174.93565000570598,-37.06715600414463,100 174.93566500487407,-37.06703499803814,100 174.93568699140357,-37.06685499923485,100 174.9357100049617,-37.06668700056944,100 174.9357260025239,-37.06657700364221,100 174.93553000232745,-37.06656100654418,100 174.93544699762091,-37.06634500157707,100 174.93618300145963,-37.06598100392098,100 174.93577900736992,-37.06560999408796,100 174.93572800314448,-37.065563994741126,100 174.93446500558687,-37.066189006438385,100 174.9338239984436,-37.06648600334753,100 174.93369800676348,-37.066304000855474,100 174.93368500185844,-37.06615899418436,100 174.9336845736849,-37.066141114140514,100 174.9336944468513,-37.06613604380018,100 174.9337056411588,-37.06612985143771,100 174.93372070094458,-37.0661218835835,100 174.93373682844543,-37.06611804966272,100 174.93374956317754,-37.066115561718235,100 174.93376061173973,-37.066112886763335,100 174.93377337033624,-37.0661100099706,100 174.933782710007,-37.066108201984775,100 174.93378609760538,-37.066107892574614,100 174.93379634837527,-37.06610458259866,100 174.9338083373266,-37.06610080624714,100 174.93382157890463,-37.066097240196356,100 174.93383434141012,-37.066095137542526,100 174.93384632177688,-37.06609168759462,100 174.93384702485108,-37.06609142737192,100 174.93386616756897,-37.06608201033073,100 174.93387666787334,-37.066072716210876,100 174.93387866659378,-37.066071038757045,100 174.9338937026207,-37.06605726515046,100 174.93390031387446,-37.066048242654176,100 174.93391003906964,-37.06603473411699,100 174.9339106360315,-37.06603379424835,100 174.93392104710256,-37.066017532796124,100 174.93392221743795,-37.066016008552204,100 174.93393505099868,-37.066000850426526,100 174.93393574038606,-37.06600009561763,100 174.93394904903369,-37.06598522176036,100 174.9339492832836,-37.06598492411888,100 174.93396128924985,-37.065969330645174,100 174.93397215927993,-37.06595710309293,100 174.93398300026232,-37.0659488245704,100 174.93399547533667,-37.06594324399816,100 174.93401360037768,-37.06593334872312,100 174.93402567827164,-37.065927806171054,100 174.93404232463737,-37.06592580508441,100 174.93405511260778,-37.065925902043716,100 174.93406410749978,-37.06592411498152,100 174.93407357910817,-37.06592267615308,100 174.9340738215522,-37.06592265687668,100 174.93409424921964,-37.065915832585375,100 174.93410422071153,-37.065908702058465,100 174.93410553802096,-37.06589999032182,100 174.9341028727747,-37.06588888662466,100 174.93409396922175,-37.065880232543584,100 174.93408372766655,-37.065874515962875,100 174.93407702372858,-37.06587081014349,100 174.93406269465817,-37.065862687088085,100 174.9340506005297,-37.06585519092821,100 174.9340474815756,-37.06585265960054,100 174.93403392774871,-37.06583879258589,100 174.934025604292,-37.06583105826914,100 174.93401400642875,-37.06581768299993,100 174.93400665716524,-37.065805749899745,100 174.93400357829412,-37.065795939990174,100 174.9339995237552,-37.065787835013545,100 174.93399226808688,-37.06577551283058,100 174.9339877474089,-37.06576743167946,100 174.93397820667641,-37.065755165691975,100 174.93396827042318,-37.06573866287522,100 174.93396745968246,-37.065737562102235,100 174.93395447575702,-37.065721068433,100 174.93395348875154,-37.065719847057814,100 174.93394026513445,-37.06570348077311,100 174.9339327208203,-37.06569201501405,100 174.93392390396883,-37.06567711896451,100 174.9339164062815,-37.06566106757506,100 174.9339121304987,-37.06564996310084,100 174.93391207333588,-37.06564979368908,100 174.9339058048127,-37.065631213057046,100 174.93390254541384,-37.06562053814509,100 174.9338997639086,-37.06560520928232,100 174.93389817199568,-37.06558721032043,100 174.93390091436729,-37.06557181389977,100 174.933908419497,-37.06555822169825,100 174.9339157040446,-37.06554728108766,100 174.93391833459873,-37.06554280473312,100 174.93392849609288,-37.06552628417326,100 174.93393644023328,-37.06551726877754,100 174.93394462372166,-37.06550062815836,100 174.933955911274,-37.0654885019529,100 174.93395720107202,-37.06548689915049,100 174.9339686088562,-37.065470960323246,100 174.93398023244714,-37.06545656639361,100 174.93398870928687,-37.06544301872514,100 174.93399066024736,-37.065439638607884,100 174.93399940307881,-37.065422570662946,100 174.93400112303334,-37.06541904019241,100 174.93400824075925,-37.0654014435569,100 174.93401280086525,-37.06538348936403,100 174.93401409976562,-37.065376621068694,100 174.934016771961,-37.06536368811771,100 174.934015474895,-37.06535132102393,100 174.9340115527672,-37.06533983764997,100 174.93400581447273,-37.065329114844914,100 174.93399645160133,-37.06531889008524,100 174.9339880996006,-37.06531011794244,100 174.93397640511085,-37.06529953283877,100 174.93396810016324,-37.065291860403775,100 174.9339553023162,-37.06527835057719,100 174.93394878573716,-37.06526953137187,100 174.93394669118769,-37.06525835617266,100 174.9339461680382,-37.065250156644765,100 174.93394602952026,-37.0652408053024,100 174.93394623727679,-37.06522958894839,100 174.93394936998843,-37.06522199044156,100 174.933955470507,-37.065210220123,100 174.93396010223367,-37.06519734444155,100 174.93396715134995,-37.065186656423926,100 174.93397653327602,-37.06517699568467,100 174.93398766989964,-37.06516689984338,100 174.93399935758396,-37.06515790991068,100 174.93401247018951,-37.06515033519725,100 174.93401758158814,-37.06514722439217,100 174.93403568021347,-37.065136384992456,100 174.9340407461886,-37.06513352278236,100 174.93405966615595,-37.06512358208953,100 174.93407938433776,-37.06511491361578,100 174.9340973266799,-37.06510846063694,100 174.93411840864158,-37.06510212138152,100 174.93413943458387,-37.06509561359336,100 174.9341609700338,-37.065090612561484,100 174.93416593693044,-37.065089827636164,100 174.9341881323708,-37.06508738721818,100 174.93418481291496,-37.065083248556384,100 174.93418050850585,-37.06507610933846,100 174.9341747964486,-37.06506823509515,100 174.9341723368061,-37.06506075303799,100 174.93417074552372,-37.06505212389338,100 174.93417008177346,-37.06504197626545,100 174.93417769046366,-37.06503521054096,100 174.93418264126143,-37.065032552092894,100 174.93417091468098,-37.065021455597766,100 174.9341690060776,-37.065018222252526,100 174.93416489565203,-37.06500060956826,100 174.9341628313267,-37.06498557725408,100 174.93416102427952,-37.06496792159063,100 174.93416022183777,-37.06496462333508,100 174.93415540755413,-37.06494723934234,100 174.93415170211236,-37.064929851683424,100 174.93415193101472,-37.064916280811,100 174.93415275488286,-37.06489854798463,100 174.93415252656933,-37.06489593525989,100 174.934149854797,-37.064878373915626,100 174.93414657822328,-37.064860823337554,100 174.9341450579912,-37.06484356677369,100 174.93414311388779,-37.06482596111348,100 174.93414309434445,-37.06482590014444,100 174.93413938733372,-37.0648084503212,100 174.93413471212213,-37.06479109470251,100 174.93413016148523,-37.064773861429835,100 174.9341250217875,-37.06475663866638,100 174.93412173378115,-37.064746785302056,100 174.93411581816798,-37.06472969957219,100 174.93411444696252,-37.064725218184705,100 174.9341093233344,-37.064707963613046,100 174.93410337519094,-37.06469092528013,100 174.93410222606758,-37.06468823564259,100 174.93409411002816,-37.06467174730655,100 174.93408534147875,-37.06465547240327,100 174.9340707573039,-37.064643760957935,100 174.9340668096408,-37.064640083184315,100 174.9340523418661,-37.06462697644154,100 174.9340464468205,-37.064623054634474,100 174.93402713561596,-37.06461209444867,100 174.9340154027378,-37.06460508629695,100 174.9340118303533,-37.06460312116333,100 174.93399231652728,-37.064595430556544,100 174.93398162550076,-37.06459162662453,100 174.93395578975932,-37.06458401929182,100 174.933931878233,-37.06457893212685,100 174.9339036834277,-37.06457497563341,100 174.93388127356837,-37.06457282020326,100 174.9338526756333,-37.06457114693441,100 174.933824013123,-37.06456967660105,100 174.93380672445,-37.064562272336936,100 174.93378943461352,-37.06455482212336,100 174.9337795249873,-37.06455047637162,100 174.933762318174,-37.06454288509989,100 174.9337452096666,-37.064535090333166,100 174.93373646491648,-37.06453091034602,100 174.9337197516379,-37.06452238088678,100 174.93370315313987,-37.0645136323421,100 174.93369077994276,-37.06450727181257,100 174.93367381872145,-37.06449916458919,100 174.93365672631785,-37.06449133890289,100 174.93363958456044,-37.064483606851894,100 174.93363911027632,-37.064483398276,100 174.9336221482878,-37.06447526041367,100 174.93360495800363,-37.0644676544284,100 174.93360082392138,-37.06446602380771,100 174.93358294968752,-37.064459962068845,100 174.9335659289625,-37.064454737228914,100 174.9335455295945,-37.064450703106125,100 174.93353030461054,-37.06444648276096,100 174.93351189394102,-37.06443612519001,100 174.93350883696024,-37.06443394974758,100 174.93349440567476,-37.06442276209054,100 174.93348575630642,-37.064409536068815,100 174.93347948551133,-37.064397103154754,100 174.93348025654277,-37.06438618675785,100 174.9334833118517,-37.06437332417923,100 174.93349156976427,-37.064356868942625,100 174.93349210949313,-37.064355712797926,100 174.93349745576427,-37.06433864258755,100 174.93349942804022,-37.06432919193189,100 174.93350324401274,-37.0643118708785,100 174.9335043640674,-37.06429919758086,100 174.93350274091722,-37.06428191203959,100 174.9335026704633,-37.06428126335719,100 174.93350229089512,-37.06426387732351,100 174.93350215305432,-37.06426327660705,100 174.93349355068403,-37.064249243163104,100 174.93348050364133,-37.06423547596862,100 174.93347547939365,-37.06423112083285,100 174.93346017668796,-37.06421847737311,100 174.9334583503673,-37.06421697675871,100 174.93345556090853,-37.064215725282985,100 174.93344654321191,-37.06420978499518,100 174.93343844598053,-37.06420271209686,100 174.93342861494514,-37.064188701385206,100 174.93341791717683,-37.06417470570596,100 174.933407244051,-37.064162212076916,100 174.9334001108326,-37.06415053858754,100 174.9333915452839,-37.06413782132219,100 174.93338052910954,-37.064122313957085,100 174.93337648876968,-37.06411719830782,100 174.93336455886413,-37.06410189240643,100 174.9333625394531,-37.06409903218584,100 174.93335285499387,-37.06408281992603,100 174.9333480228728,-37.064071058442956,100 174.93334838574208,-37.06406165115407,100 174.93334825321006,-37.06405191215542,100 174.93334444890064,-37.064034696422176,100 174.9333425804726,-37.06402608800559,100 174.93333880534422,-37.06401679955718,100 174.93333579213848,-37.06400500661482,100 174.93333336594657,-37.06399498325119,100 174.93333256511085,-37.06399112616203,100 174.9333298046066,-37.063973427441944,100 174.93332940827634,-37.06397101754098,100 174.9333267324123,-37.063953285895565,100 174.9333264684776,-37.06395126229268,100 174.9333237401244,-37.063933500859,100 174.93332010262225,-37.06391917825485,100 174.9333128300344,-37.063904981612524,100 174.93330759565615,-37.0638943415834,100 174.93330120358516,-37.06387938792008,100 174.93329528034232,-37.063865136830444,100 174.93329037731704,-37.06385266357869,100 174.93328254589954,-37.06383705380709,100 174.9332757609205,-37.063823545910736,100 174.933271829265,-37.06381176794028,100 174.9332659960728,-37.063798228302446,100 174.93326544695506,-37.06379715390246,100 174.9332648951351,-37.06379601735745,100 174.93325237944643,-37.06377832265641,100 174.93324799811506,-37.06376717210492,100 174.93324170905888,-37.06375219963379,100 174.93324100682315,-37.063749966866396,100 174.9332375566298,-37.06373305359692,100 174.93323509913273,-37.06372631504775,100 174.9332285841082,-37.06371006101789,100 174.93322537826612,-37.06369506441672,100 174.93322124182163,-37.063681509731865,100 174.93321812843476,-37.063665458914414,100 174.93321774855318,-37.063664272698816,100 174.93321242031968,-37.06364771901767,100 174.93321224328716,-37.06364694769431,100 174.93320939669067,-37.063629931750086,100 174.933208107043,-37.06362529309737,100 174.93320296800294,-37.063608704786006,100 174.93320292883053,-37.0636085350805,100 174.93319944533926,-37.063591638575474,100 174.9331981628618,-37.06358289622473,100 174.93319087391782,-37.06356938211799,100 174.93318929520342,-37.063564919423044,100 174.9331835721758,-37.06354849655474,100 174.9331794907737,-37.06354189443592,100 174.93317264400852,-37.063528697584154,100 174.93317157327706,-37.06352696743542,100 174.93317024315817,-37.0635252090689,100 174.9331611172943,-37.06351230083225,100 174.933152710781,-37.063502166760195,100 174.9331448322864,-37.06349298485642,100 174.9331365621188,-37.06348153177319,100 174.93312960598533,-37.063471867962505,100 174.9331226129994,-37.06346398660583,100 174.93311876198044,-37.06345507342219,100 174.93311536413353,-37.06344438541765,100 174.9331150275054,-37.06343728241776,100 174.9331157501509,-37.06342024884182,100 174.9331164033959,-37.063408234789485,100 174.93311971082343,-37.06339879031261,100 174.93312445665146,-37.06338442656982,100 174.93312741056224,-37.063370403886196,100 174.93312990582302,-37.06335669962521,100 174.93313096786116,-37.06334687806021,100 174.93313392138083,-37.063332840060795,100 174.9331394892231,-37.06332059897793,100 174.93314648670705,-37.06330557483285,100 174.93314651805434,-37.06330548058747,100 174.93315260377264,-37.063288785890556,100 174.93315826451519,-37.06327302735328,100 174.93316340076373,-37.06326150622712,100 174.9331694719504,-37.06324680902868,100 174.93317510128912,-37.06323176302302,100 174.93318162089795,-37.06321887010982,100 174.93318853096136,-37.06320629529578,100 174.93319548061518,-37.06319266622587,100 174.93320373952903,-37.06318187921458,100 174.9332106362554,-37.063170728657624,100 174.93322059887612,-37.06316139829712,100 174.93323151756158,-37.06315030023778,100 174.93324373267384,-37.0631410070585,100 174.93324833531602,-37.06313332061162,100 174.93325747858123,-37.063122548921434,100 174.93326828160284,-37.063116021392254,100 174.93327821792087,-37.063109509795055,100 174.93328722240977,-37.06310434730101,100 174.93329939983417,-37.06309680413778,100 174.93331868865624,-37.06309077636803,100 174.9333299275865,-37.06308498439069,100 174.93333629266903,-37.063078366077676,100 174.93334002189243,-37.063071051680396,100 174.93334110666783,-37.06306084218731,100 174.93334268013248,-37.06305451019521,100 174.93334291749684,-37.06305305073905,100 174.93334528914875,-37.06304737088647,100 174.9333484175867,-37.06303902889742,100 174.9333508242115,-37.06302772711801,100 174.93335551115666,-37.06301560944373,100 174.93336004287536,-37.06300721212848,100 174.9333658745875,-37.06299761472802,100 174.9333710366061,-37.06298511707389,100 174.93337790305273,-37.062976585253566,100 174.93338556542892,-37.06296618018953,100 174.9333953706176,-37.062953042621324,100 174.93340470781894,-37.06293994422789,100 174.93341230592165,-37.062928425312236,100 174.93341357969882,-37.06292566101169,100 174.93342108513133,-37.06290832126184,100 174.93343237391636,-37.062896210407146,100 174.93343998182286,-37.06288507798404,100 174.93345041010195,-37.06287380313616,100 174.9334576149801,-37.06286376243858,100 174.93346347449156,-37.06285455213558,100 174.93347081635858,-37.06284565474538,100 174.9334771051342,-37.06283567765356,100 174.93348297477723,-37.06282682229336,100 174.9334832430689,-37.062826492552475,100 174.93349638566053,-37.06281129698731,100 174.93350627384297,-37.062799303598666,100 174.93351448642193,-37.06278997290782,100 174.9335236056947,-37.06278020833159,100 174.93353416397662,-37.062771131409846,100 174.9335418890486,-37.06275548970991,100 174.93355073186714,-37.0627420127123,100 174.93355938403434,-37.062726696582466,100 174.93356544448258,-37.06271410585793,100 174.93357286868846,-37.06270070066022,100 174.9335842404524,-37.06268973398009,100 174.93358462468444,-37.06268923110303,100 174.93359515287798,-37.06267281274409,100 174.93359798860465,-37.06266951013716,100 174.9336120824368,-37.06265483982337,100 174.93361530202895,-37.062650399835476,100 174.9336259888048,-37.06263407081972,100 174.93363070216932,-37.06262848887157,100 174.93364412591598,-37.06261342840592,100 174.93364668586818,-37.06261016093871,100 174.93365812427206,-37.06259411258343,100 174.93366078453738,-37.062590100815754,100 174.93367149094874,-37.06257388143336,100 174.93367456121106,-37.062569628643786,100 174.9336857595063,-37.06255364729172,100 174.9336889962998,-37.06254855628873,100 174.933697759305,-37.06253162773317,100 174.9336994568395,-37.062527260331706,100 174.93370422761754,-37.062509411765085,100 174.93370650491443,-37.06249908728506,100 174.9337091137089,-37.06248073500135,100 174.93370951448884,-37.06247521436288,100 174.9337098301198,-37.06245663990192,100 174.93370990319437,-37.06244494535108,100 174.93370897609486,-37.062426547980124,100 174.93370859116442,-37.06242077787835,100 174.93370695477645,-37.06240243894089,100 174.93370602323142,-37.06239073193103,100 174.93370423132004,-37.06237238020761,100 174.93370308045385,-37.06236089398545,100 174.93369975208188,-37.06234275568693,100 174.93369776371787,-37.062336643103876,100 174.93369076157634,-37.062319097376474,100 174.93369059470234,-37.0623186818983,100 174.93368428148696,-37.062300984334634,100 174.93368276282226,-37.06229122377446,100 174.93368207582893,-37.06227275939696,100 174.9336844816796,-37.062258329239256,100 174.93368914355213,-37.062240931291896,100 174.93368987913396,-37.062238099154854,100 174.93369327086586,-37.06222050741191,100 174.93369350856398,-37.06221968155768,100 174.93370171221494,-37.062203181223516,100 174.93370342225714,-37.0622005026387,100 174.9337130115216,-37.06218710538849,100 174.93372112661373,-37.06217052808475,100 174.93372115949583,-37.062170450037435,100 174.93372929185887,-37.06215388867476,100 174.93372975439073,-37.06215305915404,100 174.93373973652405,-37.0621382152308,100 174.93374897021775,-37.062122020758636,100 174.93375272203374,-37.062116130922284,100 174.93376485194523,-37.06210123214384,100 174.9337662388915,-37.06209942677102,100 174.9337761038818,-37.06208346895584,100 174.93377876723872,-37.06207767528123,100 174.93378396805463,-37.0620603766962,100 174.93378507177428,-37.06205707258722,100 174.9337923389589,-37.06204116344388,100 174.93379839579865,-37.062024049182604,100 174.9337995352553,-37.06202020371561,100 174.93380368550416,-37.06200431656052,100 174.93380925392762,-37.061992726169464,100 174.9338147918234,-37.061980066442636,100 174.9338197841999,-37.06196270906605,100 174.9338210548159,-37.061957296817326,100 174.9338247738966,-37.06194214583799,100 174.93382806099686,-37.06192450983141,100 174.9338304534247,-37.0619139815816,100 174.93383552370568,-37.06189880676385,100 174.93383968535693,-37.0618839892548,100 174.93384209075683,-37.06186954287767,100 174.9338484739061,-37.061853631924514,100 174.9338540505051,-37.06184169980839,100 174.93386277407092,-37.061830796117974,100 174.9338656066214,-37.06182674999082,100 174.93387308826289,-37.06181795935296,100 174.93388620741106,-37.06180313455862,100 174.93390115412362,-37.06178990588828,100 174.93390856707586,-37.061786072572126,100 174.9339288077052,-37.06177754973006,100 174.93394702505032,-37.061767296955544,100 174.93394815498513,-37.061766177148854,100 174.93396094399728,-37.061751328889265,100 174.93396226197106,-37.06175012940589,100 174.9339784759783,-37.06173760379483,100 174.93399279436542,-37.061727312756474,100 174.93401125915344,-37.061715954558025,100 174.93401982639048,-37.06171067656554,100 174.93403587976053,-37.061701081863795,100 174.93403853833678,-37.06169948557731,100 174.9340456089864,-37.06169519367032,100 174.93406492176962,-37.06168445704372,100 174.93406801744916,-37.0616830230703,100 174.93408952463923,-37.061674555252104,100 174.93410935433644,-37.061666194104234,100 174.9341122381088,-37.06166460856377,100 174.93413015696092,-37.061654826597945,100 174.93413581094472,-37.06165192234798,100 174.93415596769685,-37.061643508990784,100 174.93416372291148,-37.06164141858245,100 174.93418577442557,-37.06163693729514,100 174.9341977149516,-37.06163336358985,100 174.93421928587532,-37.06162780498001,100 174.93423803179695,-37.0616259688153,100 174.93425540767348,-37.0616209346797,100 174.9342568678058,-37.06162050618263,100 174.93425953106868,-37.06161971466838,100 174.934280746399,-37.06161321819523,100 174.9342859464573,-37.06161143804304,100 174.93430654059415,-37.06160439469981,100 174.93431297322846,-37.06160274675897,100 174.9343344054775,-37.061597795157184,100 174.93433925540265,-37.06159653174658,100 174.93436012646774,-37.061590119287494,100 174.9343629542001,-37.06158898439975,100 174.93438269105593,-37.06158042373306,100 174.9343870572659,-37.061579199756395,100 174.93440866617078,-37.0615743849598,100 174.93442883221957,-37.06156753514625,100 174.93443187695877,-37.0615667527271,100 174.93445344865097,-37.0615618456964,100 174.93445986009084,-37.06156002774926,100 174.93447189023811,-37.06155590997695,100 174.93448045268337,-37.061552969079344,100 174.93448091520904,-37.0615527596446,100 174.9345006375361,-37.06154429202855,100 174.93450670234233,-37.061542464411815,100 174.93452797834183,-37.06153689703819,100 174.93453409839933,-37.06153458813018,100 174.93455409291732,-37.06152656490814,100 174.9345741504687,-37.061520801995435,100 174.93458259650745,-37.061517351957185,100 174.93460170393325,-37.06150796602574,100 174.934620170991,-37.061500466126716,100 174.93463935591237,-37.06149134210215,100 174.93465464740234,-37.06148115678349,100 174.93466970665222,-37.061471967574114,100 174.9346712748005,-37.061471010054035,100 174.93468010830372,-37.06146598994625,100 174.93469796783123,-37.06145529405249,100 174.93470807380498,-37.06144741681685,100 174.93472351605868,-37.06143453416738,100 174.93473108052822,-37.06142931935205,100 174.93474803065163,-37.06141771085911,100 174.9347582121949,-37.061410064018254,100 174.93477268354252,-37.06139654827355,100 174.93477506170862,-37.061393610016076,100 174.93477837745115,-37.06138946224955,100 174.93479195700579,-37.06137568255384,100 174.93480320579494,-37.061364006646414,100 174.9348079205461,-37.061359725193746,100 174.93482362912897,-37.061347101363204,100 174.93483801783975,-37.06133622143476,100 174.93483805147565,-37.061336173117475,100 174.93484316378624,-37.061331869854726,100 174.93485972694208,-37.06132008199397,100 174.93486174827294,-37.06131925587593,100 174.93488244021233,-37.06131261461678,100 174.93488319140295,-37.06131221390299,100 174.93490539007416,-37.06130560663877,100 174.93492547686668,-37.06130086525512,100 174.93493060993646,-37.06129919432308,100 174.93495104727842,-37.061292138105735,100 174.93495195944146,-37.06129192043098,100 174.93497338611635,-37.06128741855048,100 174.93498102611258,-37.06128553185868,100 174.93500201920847,-37.06127976712798,100 174.93501878011784,-37.0612757199169,100 174.93503917086076,-37.06126886633425,100 174.93504055572416,-37.061268175878695,100 174.935050049848,-37.061262600583476,100 174.93505859028545,-37.06125760055219,100 174.93506077923908,-37.06125655538546,100 174.9350802159039,-37.06124778319277,100 174.93509782864405,-37.061237603200595,100 174.93510421650822,-37.06123366396305,100 174.93512226864965,-37.06122307301816,100 174.93512514144976,-37.061221721067014,100 174.93514472575706,-37.06121327182083,100 174.93515280871026,-37.06120925534748,100 174.9351709302137,-37.06119869480858,100 174.93517388681414,-37.061196613245016,100 174.93519044281473,-37.06118454695639,100 174.93520803511421,-37.06117546685756,100 174.93522478185372,-37.061165286558875,100 174.9352251394621,-37.061165064412805,100 174.9352404182366,-37.06115442858149,100 174.93524203265434,-37.06115330085601,100 174.93524358558355,-37.06115183344574,100 174.9352584750679,-37.06113840275068,100 174.93527555042573,-37.061132569419534,100 174.93529225836116,-37.06112347399866,100 174.93531162678005,-37.06111471820432,100 174.93531277433772,-37.06111424882987,100 174.93533275529967,-37.06110636359715,100 174.93534931643742,-37.061101980714575,100 174.93536719464544,-37.06109760337274,100 174.935381593348,-37.061091414439574,100 174.93538309926794,-37.061090752648234,100 174.93540317114864,-37.0610830380666,100 174.93540484191325,-37.061082667405614,100 174.9354267831464,-37.061080494095165,100 174.93542925759866,-37.061080372592436,100 174.93545123173647,-37.0610793614067,100 174.9354524736825,-37.06107919873208,100 174.93545271569857,-37.06107916323678,100 174.93547437923837,-37.0610757101093,100 174.93548724152413,-37.06107535596664,100 174.93550502062138,-37.061074248305445,100 174.93552329241814,-37.061070932546684,100 174.935537991985,-37.061068750333185,100 174.93555407132962,-37.06106510262857,100 174.93555625364263,-37.061064460438566,100 174.93557567251213,-37.061055656009586,100 174.93557655454688,-37.06105500530055,100 174.93559031284445,-37.06104074401172,100 174.93560276304976,-37.061026211153326,100 174.93561108091464,-37.06101568619274,100 174.9356114827887,-37.06101521456649,100 174.93562356950352,-37.061000053129845,100 174.9356294183592,-37.06098858065399,100 174.93563040534482,-37.06098670517864,100 174.93563385967033,-37.06098009189649,100 174.9356372960317,-37.06097347980876,100 174.93564069864502,-37.060966867370496,100 174.93564401353026,-37.060960210398285,100 174.93564693758577,-37.06095384010728,100 174.93564990235922,-37.060947080694845,100 174.93565277979394,-37.06094029206407,100 174.935655640778,-37.060933519925,100 174.93565855344974,-37.06092674604086,100 174.93566153549563,-37.060920002569446,100 174.93566467606712,-37.06091330157486,100 174.93566627716933,-37.06090983611047,100 174.93566952077276,-37.06090311811197,100 174.93567288736392,-37.06089646029493,100 174.93567644590527,-37.06088987685559,100 174.9356803024999,-37.0608834273498,100 174.9356844417988,-37.06087712735004,100 174.93568470734732,-37.060876734558626,100 174.9356890722772,-37.06087046242082,100 174.93569373567232,-37.060864340433,100 174.93569869666254,-37.06085833436025,100 174.9357039569193,-37.06085250996954,100 174.9357094826951,-37.06084686691043,100 174.9357152724766,-37.06084138988563,100 174.93572130937855,-37.060836078269446,100 174.93572691585535,-37.06083148660087,100 174.9357333965009,-37.060826554394595,100 174.93574005452595,-37.06082174276939,100 174.93574678387105,-37.06081703813459,100 174.93575353042317,-37.06081230257461,100 174.93578945589928,-37.060860693209015,100 174.9357924331948,-37.060857480171386,100 174.93579778119448,-37.06085170121142,100 174.93580314754612,-37.06084593637229,100 174.9358085307822,-37.06084017215859,100 174.93581393239307,-37.06083442296664,100 174.93581936850626,-37.06082870385514,100 174.93581965284176,-37.06082834230197,100 174.93582482339036,-37.0608223958935,100 174.93583008207773,-37.06081651023509,100 174.9358356246808,-37.060810865994235,100 174.93584164587736,-37.060805600594286,100 174.9358468959696,-37.06080189890516,100 174.93585403493796,-37.06079755890948,100 174.9358615119373,-37.060793554083254,100 174.9358691651692,-37.06078966895524,100 174.93587681803396,-37.060785769412064,100 174.93588002446816,-37.060783961350424,100 174.9358873937587,-37.060779833902714,100 174.93589472703192,-37.06077566107667,100 174.9359020070134,-37.060771426931055,100 174.93590916361651,-37.06076711728814,100 174.9359104572295,-37.060766288612065,100 174.93591743448184,-37.06076178090857,100 174.93592432244876,-37.0607571674086,100 174.93593112145084,-37.06075246072502,100 174.93593783084484,-37.06074767979546,100 174.93594452369837,-37.060742867590356,100 174.93595119700544,-37.06073803857945,100 174.9359578898802,-37.060733227274554,100 174.93596585134733,-37.060729832818595,100 174.93596881342083,-37.06072858754484,100 174.93597695620625,-37.0607254686271,100 174.93598519106948,-37.060722565416825,100 174.93599356887404,-37.0607198437358,100 174.9360019681931,-37.060717216338574,100 174.9360104192433,-37.06071463316077,100 174.93601887143996,-37.060712050864936,100 174.9360272688315,-37.060709391952194,100 174.93602950045926,-37.060708655214164,100 174.93603798479882,-37.060706010203084,100 174.93604647026194,-37.060703365173055,100 174.9360548817427,-37.06070059697206,100 174.93606316750933,-37.06069766138014,100 174.9360712742708,-37.06069449707827,100 174.93607914678736,-37.06069101033274,100 174.93608671423962,-37.06068715813658,100 174.936087584856,-37.06068667795435,100 174.93609459696177,-37.06068217057284,100 174.93610149936805,-37.060677462191364,100 174.93610798587991,-37.060673381589766,100 174.9361156618138,-37.06066968264276,100 174.93612369571233,-37.06066639514876,100 174.93613189179834,-37.06066333844066,100 174.9361401579015,-37.06066029320689,100 174.93614826272986,-37.060657097386176,100 174.93615151497272,-37.060655676124775,100 174.93615915291642,-37.06065185431832,100 174.93616668196213,-37.06064786304401,100 174.93617279324278,-37.06064459432025,100 174.93619146236563,-37.06063501520594,100 174.93619549715274,-37.06063248068908,100 174.93621327678824,-37.06062144518682,100 174.93622949339593,-37.060615239087554,100 174.93623778971343,-37.06061143626874,100 174.93625664483824,-37.06060169818381,100 174.93626301698012,-37.0605984720632,100 174.9362819636984,-37.0605888865996,100 174.93628691537157,-37.06058632088503,100 174.93630593333825,-37.06057679554208,100 174.93631226828825,-37.06057409728177,100 174.93633209941328,-37.06056581325476,100 174.93633478264184,-37.060564526559325,100 174.93635338668093,-37.0605544680942,100 174.93635660484819,-37.06055245884024,100 174.93635837705023,-37.06055138981118,100 174.93637550181396,-37.06053985574868,100 174.93638810577482,-37.06053146800894,100 174.93640302633878,-37.06051980319682,100 174.9364049203136,-37.060518746599236,100 174.93642452502706,-37.06051040496636,100 174.9364430437705,-37.060505396915865,100 174.9364608732023,-37.06049928612252,100 174.93647510595136,-37.06048715304636,100 174.9364960043529,-37.060482365699514,100 174.9365103042052,-37.060477649153334,100 174.9365368012893,-37.06047606098604,100 174.9365521673095,-37.06047665365699,100 174.93656121604022,-37.060478736580606,100 174.93656397248537,-37.06047940088196,100 174.93657748213073,-37.06048239606533,100 174.93659375607933,-37.060486983749804,100 174.9366128617157,-37.06049125840465,100 174.93663498792822,-37.060490706880536,100 174.93664044828483,-37.06048895211788,100 174.9366555458588,-37.06047929696772,100 174.93666702455462,-37.060470310191434,100 174.9366817362941,-37.06045737883539,100 174.93668959214676,-37.06044580863774,100 174.9366912351203,-37.060443859349846,100 174.93670481924505,-37.06042961610076,100 174.93671451860735,-37.060417703045005,100 174.93671696184813,-37.060404634971746,100 174.93672306817797,-37.06039122226404,100 174.93672502461948,-37.06037997373719,100 174.93672572652432,-37.06036286387075,100 174.93673048204082,-37.06034763188569,100 174.93673522772752,-37.060332013406864,100 174.9367353272083,-37.06033185675995,100 174.9367441018259,-37.060315376638535,100 174.9367497479248,-37.060301600113945,100 174.93675134035053,-37.06029845924202,100 174.9367622713085,-37.06028283798225,100 174.93676401728553,-37.06028087078782,100 174.93678416390773,-37.06027084654713,100 174.93678472431887,-37.0602704182935,100 174.93680200605573,-37.06025895911772,100 174.93680386125243,-37.06025774902637,100 174.93682121575176,-37.06024636526921,100 174.93683723199547,-37.060234850147886,100 174.9368384171264,-37.06023386911284,100 174.93684469552434,-37.06022850662893,100 174.9368537487267,-37.06022077168819,100 174.9368563324293,-37.06021902154026,100 174.936873847887,-37.060207820812614,100 174.93688762150717,-37.060194796599276,100 174.93688784005778,-37.06019454607568,100 174.93689871619122,-37.0601788490893,100 174.93689889790016,-37.06017852075506,100 174.93690574906157,-37.06016140868838,100 174.93691234246978,-37.06014433237658,100 174.93691712292792,-37.06012685485939,100 174.9369207615605,-37.06011940213169,100 174.9369296739945,-37.06010290442378,100 174.9369311914861,-37.06009827674102,100 174.93693583524927,-37.060080863644934,100 174.93693649517857,-37.06007908633414,100 174.93694328359487,-37.06006216095619,100 174.9369444557444,-37.06005823741508,100 174.93694939636364,-37.06004091140131,100 174.93694996542845,-37.060039585319146,100 174.93695771455384,-37.06002293716783,100 174.936958728866,-37.06001895401558,100 174.9369615984634,-37.06000129410262,100 174.9369616932236,-37.060000951866556,100 174.93696678974572,-37.05998365394939,100 174.93696693670643,-37.059972097891766,100 174.93697476189078,-37.05995698159399,100 174.93697717516062,-37.05995281966717,100 174.93698937425384,-37.059937981624856,100 174.93700247659575,-37.059929430658165,100 174.9370168988843,-37.059924138830716,100 174.93703623988367,-37.05991817180316,100 174.93703644592284,-37.05991813689236,100 174.93705863545105,-37.0599180033575,100 174.93706068966787,-37.05991776520875,100 174.93708243696906,-37.05991421668901,100 174.93709545568484,-37.059913255953504,100 174.9371128864257,-37.05991522174153,100 174.93713397345135,-37.059912861986355,100 174.93715141198115,-37.05991447072999,100 174.93717200794399,-37.059915000419124,100 174.93719086804256,-37.05991227866183,100 174.9372058050553,-37.05990993644197,100 174.93722603625966,-37.059905454590265,100 174.9372410366286,-37.059901005012556,100 174.93724285774485,-37.059900445302446,100 174.93726311005145,-37.05989360982741,100 174.9372682511492,-37.059891597074866,100 174.93728706641969,-37.05988229390233,100 174.93728872032557,-37.05988135026912,100 174.93730538734945,-37.05986956127685,100 174.93731759784737,-37.059858269597534,100 174.93731927990925,-37.0598570623268,100 174.93733731610584,-37.059846532598336,100 174.93733966364107,-37.05984500441096,100 174.93735661183945,-37.05983334961687,100 174.93736634021377,-37.05982687262567,100 174.93738311091022,-37.0598150485811,100 174.93738409551167,-37.05981431957337,100 174.9373997978894,-37.05980152516478,100 174.93740160994443,-37.05979999040282,100 174.9374165160568,-37.05978657539334,100 174.9374180712536,-37.05978519984982,100 174.93743368662717,-37.05977234557048,100 174.93743749966234,-37.05976993901332,100 174.93745617836373,-37.05975447321135,100 174.93746314951167,-37.05974911379761,100 174.937478300387,-37.05973577229257,100 174.93748243526682,-37.05973244566459,100 174.93749815520775,-37.05971963563431,100 174.93749935638203,-37.059718622785454,100 174.93751399648426,-37.05970496425501,100 174.93751443589326,-37.05970455419828,100 174.93752764646257,-37.05968996095007,100 174.93753513353292,-37.05967574962975,100 174.93753769257813,-37.05966374767854,100 174.93753627332762,-37.05965322575626,100 174.93753099194976,-37.05963840558699,100 174.93752440055542,-37.0596250497894,100 174.93751858662503,-37.0596134766614,100 174.93750435935044,-37.05960211580339,100 174.93749231550862,-37.05959077785344,100 174.93747274199836,-37.05958339972343,100 174.9374697364874,-37.059582492558256,100 174.93744830788717,-37.059579422263184,100 174.9374342553444,-37.05958244585943,100 174.9374143548601,-37.05957578598344,100 174.93740054803098,-37.05957020994327,100 174.93738498977532,-37.059565810761164,100 174.9373738583149,-37.05956173582234,100 174.93735251385485,-37.0595560927502,100 174.9373403625562,-37.059552112882045,100 174.9373219102946,-37.05954208193323,100 174.9373112311054,-37.05953496314817,100 174.93729425726892,-37.05952327940787,100 174.93728440918846,-37.05951678065058,100 174.9372657180044,-37.05950686175097,100 174.93726011308223,-37.05950341574678,100 174.93724517107228,-37.0594900386269,100 174.93724091499493,-37.059486521916654,100 174.93722269576557,-37.059476145555486,100 174.93721617438254,-37.05947274696718,100 174.93719797163217,-37.05946235501094,100 174.9371932119308,-37.059459420648935,100 174.93717677424476,-37.059447061176854,100 174.93716642175065,-37.05944049403969,100 174.9371461406101,-37.05943319140607,100 174.93712981829216,-37.05942934724885,100 174.93710812736103,-37.05942498061289,100 174.93709201384735,-37.059423642235515,100 174.93709150822264,-37.05942352701802,100 174.93707121227482,-37.05941758736631,100 174.93705109255924,-37.05941114822065,100 174.93704644642165,-37.05940976041665,100 174.93702569109377,-37.0594047719133,100 174.93700497176349,-37.05939978371955,100 174.93700294770778,-37.05939926158565,100 174.93698250065094,-37.05939352627615,100 174.93697173070638,-37.05938995642617,100 174.9369508468726,-37.0593822138586,100 174.93693571747536,-37.05937517403728,100 174.93691705537256,-37.059364449752955,100 174.9369153841709,-37.05936351897674,100 174.93689593372983,-37.05935372327781,100 174.93687576425447,-37.059344883873564,100 174.936874256799,-37.059344245144594,100 174.93685367374056,-37.059336079447554,100 174.9368326720567,-37.059328433419246,100 174.93682791237904,-37.059326737416654,100 174.93680642381923,-37.059319624788785,100 174.9368043579301,-37.059318872603995,100 174.9368026761688,-37.05931818985385,100 174.9367820684493,-37.05930976136973,100 174.93676137461168,-37.05930135141303,100 174.9367406994976,-37.05929296998818,100 174.9367366142105,-37.05929121519913,100 174.93671613460015,-37.05928242860081,100 174.9366954399522,-37.059273986199095,100 174.93667431845233,-37.05926640338687,100 174.93666493495218,-37.05926348863704,100 174.93664267425123,-37.05925732142621,100 174.93661938455338,-37.059251463935645,100 174.93659585018935,-37.059246200782205,100 174.93658094690554,-37.059242921016455,100 174.9365573549925,-37.05923809231645,100 174.93653361578825,-37.059233530095526,100 174.93652318977544,-37.05923114519401,100 174.93649955674528,-37.059226070199905,100 174.9364756561822,-37.05922254798912,100 174.93646751661475,-37.059222026569536,100 174.93645762341612,-37.05922759407177,100 174.93643547392452,-37.05922230556768,100 174.9364209242848,-37.05921864777326,100 174.9363989549496,-37.05921296966623,100 174.93637748531066,-37.05920655425042,100 174.93637432039125,-37.05920548021719,100 174.93635403469023,-37.059197417731475,100 174.93633429929537,-37.05918861801264,100 174.93631438054857,-37.05918003759435,100 174.9362951518945,-37.05917382982141,100 174.93627389379154,-37.05916693144525,100 174.93625638803533,-37.05916289198224,100 174.93625004066962,-37.059161425571915,100 174.93624756424921,-37.05916080355742,100 174.9362429898496,-37.059159538027146,100 174.9362258922386,-37.05915461043199,100 174.93621781881083,-37.05915270893871,100 174.93619971310255,-37.059150151973945,100 174.93619792290878,-37.05914993695339,100 174.9361798328727,-37.059147332862494,100 174.93617431657938,-37.059146441422385,100 174.93615006198962,-37.05913956400841,100 174.93614632175863,-37.05913837588522,100 174.93611742621138,-37.05913155170563,100 174.93611515117462,-37.059131375243716,100 174.93609247342914,-37.059131361547784,100 174.93608677890518,-37.0591315104004,100 174.93605937403302,-37.05912846982693,100 174.9360592009177,-37.05912847265328,100 174.93603662385593,-37.05913206607544,100 174.93603526451997,-37.059132431660444,100 174.93601409268797,-37.0591398100944,100 174.9360102138682,-37.05914113342604,100 174.93598794274018,-37.05914826842782,100 174.9359871872486,-37.05914849887446,100 174.93596518005674,-37.0591551338525,100 174.93594401372974,-37.059162729395545,100 174.93594252081942,-37.05916328192497,100 174.93592266376183,-37.059170621753985,100 174.93592017953617,-37.059171595146644,100 174.93590180249853,-37.05917920282909,100 174.93588145898346,-37.05918275705522,100 174.9358598609999,-37.059186068579514,100 174.9358535716034,-37.05918666155478,100 174.93583444647936,-37.05918731355161,100 174.9358123405055,-37.05918541668254,100 174.93581208044304,-37.05918540560592,100 174.93579000038372,-37.059186962060146,100 174.93578749304848,-37.05918711475039,100 174.9357648736585,-37.059187318151984,100 174.9357647177942,-37.05918733601826,100 174.93574216343353,-37.059188637930106,100 174.93573696591403,-37.05918860740753,100 174.93571435666374,-37.059186068002724,100 174.93571357143705,-37.05918588073356,100 174.93569232039548,-37.05917859458165,100 174.93568747458215,-37.05917691526075,100 174.93566620949426,-37.0591716428195,100 174.93564765960934,-37.059166785713224,100 174.93562588339705,-37.05916056173181,100 174.93562085117148,-37.059159645239994,100 174.93559817067532,-37.05915890415184,100 174.935595265489,-37.059159111100406,100 174.9355730776656,-37.05916173730409,100 174.9355685792622,-37.05916257682641,100 174.9355614646662,-37.0591640205555,100 174.93554140354317,-37.05917151867406,100 174.9355218574029,-37.05917945632587,100 174.93550461410624,-37.059189195924965,100 174.93549815944124,-37.059194437738775,100 174.93548688444574,-37.05920887209174,100 174.93547967036702,-37.05921981074758,100 174.93546685896007,-37.059235077732794,100 174.93545745954577,-37.05924782129112,100 174.93544776717192,-37.05926558802365,100 174.93543943375485,-37.05928111539746,100 174.93542850028612,-37.059297262934535,100 174.93541986530724,-37.059308800703,100 174.9354085444891,-37.05932408841868,100 174.93539900794073,-37.059335020811254,100 174.93538502623235,-37.059348667438115,100 174.93537857075657,-37.0593544978024,100 174.9353635813562,-37.059367434431714,100 174.93535358269983,-37.0593823103044,100 174.93534946691844,-37.059385683414654,100 174.935334162552,-37.05939848457917,100 174.93532373070835,-37.05940711165189,100 174.9353083379186,-37.05941988541486,100 174.9352943691155,-37.05943027905806,100 174.9352768245692,-37.059441045606135,100 174.93525819435285,-37.05945073299718,100 174.93524706305877,-37.059456043006996,100 174.93522816338387,-37.05946539410249,100 174.93520870054442,-37.059473826054756,100 174.9352026316239,-37.05947614858218,100 174.93518316528076,-37.059481964137,100 174.93516341968441,-37.05948710196775,100 174.935160840683,-37.05948779839212,100 174.93514037562133,-37.05949445221618,100 174.93512567364627,-37.05949843159267,100 174.93510275448696,-37.059501535611815,100 174.93507642963627,-37.05950245458944,100 174.9350561800025,-37.05950253807053,100 174.9350298535849,-37.059502775686674,100 174.9350034108583,-37.05950255193077,100 174.934994658362,-37.05950242886857,100 174.9349680953445,-37.059501586978755,100 174.93494170233674,-37.0595012839854,100 174.93493309868515,-37.05950153072353,100 174.93490722931566,-37.05950386717413,100 174.93490108633952,-37.05950411612046,100 174.93487448615838,-37.05950136858349,100 174.934858168672,-37.059500190054884,100 174.93483250054345,-37.059502878314724,100 174.93482937719742,-37.05950335198146,100 174.93480508298543,-37.05950748782567,100 174.9347977063093,-37.05950884295239,100 174.93477449191172,-37.059511348760935,100 174.9347620966892,-37.059512902032665,100 174.93473964594227,-37.059517933413325,100 174.9347200405236,-37.0595237655823,100 174.9347177729011,-37.0595244569169,100 174.93471693162155,-37.05952471939907,100 174.93469589472,-37.05953201788741,100 174.93468613643353,-37.059534934145255,100 174.93466383214852,-37.059539002344884,100 174.9346470195905,-37.05954122342603,100 174.9346245304657,-37.05954487733569,100 174.93460416952757,-37.05954779621759,100 174.93458138000662,-37.05954998411124,100 174.93456181729724,-37.05955174261886,100 174.93453913387904,-37.059554610150236,100 174.93452131789738,-37.059556864707666,100 174.9344985315283,-37.059559176912316,100 174.9344826859014,-37.05956063682791,100 174.93446074076945,-37.05956330483182,100 174.93443878074157,-37.05956605058579,100 174.93443658715435,-37.05956629186389,100 174.93441452607973,-37.05956851290718,100 174.93439501660666,-37.059570286742186,100 174.9343729304732,-37.059572229687284,100 174.93435619973877,-37.05957364363753,100 174.93433411868233,-37.059575786579444,100 174.93431510425353,-37.059577303569604,100 174.93429276749427,-37.0595777030695,100 174.9342731855703,-37.05957874982231,100 174.93426175098222,-37.05958119857891,100 174.9342422536675,-37.05958154724779,100 174.9342199255541,-37.05958228728133,100 174.93419802229988,-37.059584567899385,100 174.934192348488,-37.059585489632155,100 174.93417093635392,-37.05959050306389,100 174.93415083696766,-37.05959787719535,100 174.93414197631367,-37.059601954052845,100 174.93412408182488,-37.0596125882424,100 174.93410794067523,-37.05962521903562,100 174.93409887498578,-37.05964185964044,100 174.93409104152468,-37.059649851176786,100 174.93408450940672,-37.0596666631632,100 174.93407373262446,-37.05968221857802,100 174.93406430583596,-37.05969770420546,100 174.93405526284923,-37.05971391091523,100 174.93405343224404,-37.059717242204464,100 174.93405208724113,-37.05971994458349,100 174.93404449533318,-37.059736652177975,100 174.93404138317365,-37.0597437230996,100 174.93403506602894,-37.05976076411054,100 174.93403364462904,-37.05976696835374,100 174.93402992135483,-37.05978447358602,100 174.93402842636536,-37.059788665542875,100 174.93402126758497,-37.059805335427875,100 174.93402038948406,-37.05980742542471,100 174.93401310885886,-37.059824080171865,100 174.93401078198764,-37.05982886072019,100 174.93400266132673,-37.059845251569065,100 174.93400154274875,-37.05984801334516,100 174.9339945057074,-37.05986469476247,100 174.93398844052206,-37.05987336767134,100 174.9339763090235,-37.059888188987486,100 174.933961414049,-37.05990016312525,100 174.93395799721515,-37.05990435938544,100 174.93394415887724,-37.05991821891615,100 174.93392967277464,-37.05993057303614,100 174.93391520744387,-37.0599417965954,100 174.93391444140877,-37.05994232102212,100 174.93389716404616,-37.059953347090136,100 174.93389449298743,-37.05995511392091,100 174.93387904536465,-37.059967779339345,100 174.93387569393897,-37.059972470241156,100 174.93386838597223,-37.059983797888115,100 174.9338619395643,-37.059997433212686,100 174.9338544909871,-37.060009955561256,100 174.93385435857707,-37.06001014428805,100 174.93384490074527,-37.06002702380211,100 174.93383570805722,-37.0600422099702,100 174.93383531562387,-37.060043053670235,100 174.9338285135592,-37.060060753311106,100 174.93382614752136,-37.06006474496274,100 174.93381486697444,-37.06008088269271,100 174.9338141235698,-37.06008216563766,100 174.93380485725598,-37.06009910331321,100 174.93379515897317,-37.06011355595984,100 174.93378461587378,-37.06012875242897,100 174.93378243550796,-37.060132615772325,100 174.93377016880032,-37.060145038230665,100 174.93376794024954,-37.06014837690625,100 174.93375643054978,-37.060164348924694,100 174.93374715992204,-37.060177972615286,100 174.9337470267533,-37.060178175775,100 174.9337375489476,-37.06019497899652,100 174.93373669232517,-37.06019654228646,100 174.93372656748622,-37.06021310910423,100 174.93372416700427,-37.060215877360925,100 174.93370857242527,-37.06022949060939,100 174.93369272134728,-37.060241373051284,100 174.93368527908038,-37.06024661555059,100 174.93366587386015,-37.06025653434658,100 174.93365020033423,-37.0602598182653,100 174.93363637971606,-37.06026308458632,100 174.93363381401306,-37.06026364196204,100 174.93361249209002,-37.06027066731061,100 174.93360081086846,-37.06028108113909,100 174.93360027354822,-37.060281710890756,100 174.93358753711888,-37.06029716212077,100 174.93357025143956,-37.060307289689526,100 174.93356673320744,-37.0603097526048,100 174.93354945527147,-37.060322001685826,100 174.9335332705431,-37.06032933712085,100 174.9335157637144,-37.06033274735273,100 174.93350411243384,-37.0603361459275,100 174.93350336872666,-37.06033622114411,100 174.93348295954544,-37.06033056032217,100 174.9334764653239,-37.060325038541585,100 174.93346911814956,-37.06031812375086,100 174.93346129438382,-37.06030776297906,100 174.93344830206772,-37.06029532608057,100 174.93344051664783,-37.0602863427577,100 174.93343589415616,-37.06028021543281,100 174.9334310288537,-37.060273471977645,100 174.93342912198727,-37.060270300777155,100 174.9334199346451,-37.06025451302271,100 174.93341679489006,-37.060249379982075,100 174.93340707574694,-37.06023381900983,100 174.93340056400245,-37.06022326469544,100 174.93339119256945,-37.06020771157201,100 174.93339029813433,-37.060206102026555,100 174.93338303210828,-37.060193965623206,100 174.9333736434968,-37.06017844432355,100 174.9333649942483,-37.06016582214213,100 174.93335481837653,-37.060150609299974,100 174.93335405706267,-37.06014941488209,100 174.93334504673777,-37.0601337323902,100 174.93334115082322,-37.06012508221554,100 174.93333370364573,-37.06010895423556,100 174.9333277363435,-37.06009933469323,100 174.93332131119126,-37.06009006420481,100 174.93331189853626,-37.060080506240425,100 174.9333048465933,-37.06007609402021,100 174.9333035526055,-37.06007566807559,100 174.93329440378764,-37.06007251669929,100 174.93328539811654,-37.06007509340393,100 174.9332782617628,-37.06007949539279,100 174.93326533556575,-37.060089421156846,100 174.93325287453197,-37.06010043801113,100 174.93324044956904,-37.06011216719817,100 174.93323075123172,-37.060125381425394,100 174.9332192242807,-37.06013638034428,100 174.93320774544247,-37.06015033832109,100 174.93320072373325,-37.06015952339633,100 174.9331901167981,-37.060170570404395,100 174.9331892194814,-37.06017194868777,100 174.93317756791103,-37.060187210042194,100 174.9331667927725,-37.06020279599362,100 174.93315832183657,-37.06021656072366,100 174.93315124547092,-37.06023121392513,100 174.9331506352889,-37.060232340573286,100 174.9331414945016,-37.06024878044162,100 174.93314144553494,-37.06024888939493,100 174.93313583192224,-37.06026631996569,100 174.93313411638454,-37.06027130684152,100 174.9331265895464,-37.0602884612604,100 174.9331222706491,-37.060295136334986,100 174.9331105309042,-37.06031095702017,100 174.93310530839625,-37.0603187626242,100 174.93309549515655,-37.06033533873072,100 174.93309008461887,-37.06034637041991,100 174.9330828788512,-37.06036385758664,100 174.93307642126643,-37.060381490282595,100 174.933067042877,-37.06039313373663,100 174.93306669427835,-37.06039366667516,100 174.9330582987993,-37.06041076044248,100 174.9330499678232,-37.06042764856443,100 174.93304928519063,-37.060429288327015,100 174.93304218287372,-37.060446775607474,100 174.9330372778309,-37.06044604259969,100 174.9330280774768,-37.06046284034206,100 174.93302804379437,-37.06046288685702,100 174.93301875806594,-37.06047973285753,100 174.93301853085163,-37.06048026291594,100 174.93301132438916,-37.06049776811549,100 174.93301114616457,-37.06049819012155,100 174.93300297899032,-37.0605154180611,100 174.93300066573545,-37.060520694078825,100 174.9329937925088,-37.06053830200034,100 174.93299298522805,-37.06054105689024,100 174.93298753726944,-37.06055823689828,100 174.93298731398744,-37.060558921914776,100 174.93298711619857,-37.06055928205055,100 174.9329786353238,-37.060573898650944,100 174.93297279689503,-37.06059075965675,100 174.93297262219124,-37.06059132040435,100 174.93296680447565,-37.0606095294052,100 174.93296659766688,-37.060610198831164,100 174.9329483833182,-37.06062929398294,100 174.93294738575574,-37.06063017908918,100 174.93293563879195,-37.060647579840065,100 174.93293551033028,-37.06064796858835,100 174.93293284103058,-37.06066660124838,100 174.9329305336834,-37.060685227107115,100 174.93292948904335,-37.06068877720004,100 174.9329221869212,-37.060706547130685,100 174.93291603246251,-37.06072137005578,100 174.93291121236913,-37.0607343100621,100 174.93290024348684,-37.06074231116948,100 174.93289444365618,-37.06075183141936,100 174.93287507342058,-37.06075985860683,100 174.9328644689065,-37.06076480199678,100 174.93285534081573,-37.0607723521923,100 174.93284949081817,-37.06078064930305,100 174.9328408412982,-37.060790483682794,100 174.93282716593959,-37.06080333458723,100 174.9328176757575,-37.06081655890781,100 174.93280686640352,-37.060832797018925,100 174.9327959201942,-37.060842268655996,100 174.93278274648532,-37.060856984263935,100 174.93277050217867,-37.06087211734239,100 174.93275768922297,-37.06088420881416,100 174.93274482583638,-37.060894490410675,100 174.93273668794237,-37.06091026136686,100 174.93272712408378,-37.06092457203685,100 174.93271753640082,-37.06093741218569,100 174.9327134144649,-37.06094245630191,100 174.93269814855418,-37.06095542865225,100 174.93269477598733,-37.0609568977467,100 174.93267351058805,-37.06096283775336,100 174.93265789240564,-37.060968753315,100 174.93263866085658,-37.060974315874205,100 174.93262883648026,-37.06097800635096,100 174.93261282348493,-37.06098467280857,100 174.93261213653767,-37.06098490211686,100 174.9325904269825,-37.060989161227305,100 174.93258837394993,-37.06098949211282,100 174.93256617727914,-37.06099183940535,100 174.93256431025497,-37.06099196627089,100 174.93254190846775,-37.06099194740473,100 174.93254025884113,-37.06099182197033,100 174.9325183835376,-37.0609876431681,100 174.93250064380743,-37.06098077420572,100 174.93249730187605,-37.06097959479907,100 174.93247659069334,-37.0609724515951,100 174.93247260997538,-37.06097069585652,100 174.93245339383785,-37.06096122007535,100 174.93243612420957,-37.060953242964544,100 174.93242818712633,-37.06094816464187,100 174.9322846446884,-37.06103640137797,100 174.93083701370617,-37.060724331166135,100 174.9300249494768,-37.060067992352636,100 174.92973254089296,-37.05928629842767,100 174.9294489142372,-37.05852806288644,100 174.9283861703934,-37.05801206339977,100 174.92768683246615,-37.05706134986799,100 174.9279823992402,-37.056900427416444,100 174.92798431702246,-37.05689648913074,100 174.92799056762,-37.056886992427245,100 174.9279952220392,-37.05688054461195,100 174.9280008719993,-37.05687375344146,100 174.9280129435011,-37.05686364205397,100 174.92802543854503,-37.05685569138973,100 174.92804394512044,-37.05684839286256,100 174.9280596231954,-37.056842151570955,100 174.92807620031826,-37.05683708626846,100 174.92809044141802,-37.05683151997118,100 174.92810610816798,-37.05682487597949,100 174.92812132127415,-37.056819369583394,100 174.9281369821101,-37.05681311414127,100 174.92815222176873,-37.05680416977678,100 174.92816935960994,-37.0567918462423,100 174.92818178819644,-37.056782781742534,100 174.92819608375123,-37.056772259236595,100 174.92820467834522,-37.05676611237109,100 174.92821282269563,-37.056758038650365,100 174.92821954635053,-37.05674875055366,100 174.9282234604532,-37.05673935762364,100 174.92822501574412,-37.056729851630266,100 174.92822277131035,-37.05672137360644,100 174.9282176958155,-37.05671198534294,100 174.9282146048821,-37.05669734361835,100 174.92821097114046,-37.05668689181935,100 174.92820498646694,-37.05667597171889,100 174.92819942500387,-37.05666657693549,100 174.92819391219666,-37.056656438694965,100 174.92818456688792,-37.05664550023122,100 174.92818041386556,-37.056630660365435,100 174.92818330703514,-37.05662069639319,100 174.92818811451352,-37.05661038944754,100 174.92819323688755,-37.05660394843656,100 174.92820959619704,-37.056594767746944,100 174.92822886407546,-37.05658680517793,100 174.92824166754883,-37.0565799796982,100 174.92826073832347,-37.05657302707364,100 174.92827828503275,-37.05656792885333,100 174.92829078709426,-37.056568388015734,100 174.92831221422202,-37.05657455685165,100 174.9283294375035,-37.05657782788508,100 174.92834342168948,-37.056579840204755,100 174.92836463884012,-37.05658282276842,100 174.92837930700205,-37.05658328996042,100 174.92837963633846,-37.05658328370372,100 174.92839604651923,-37.05658282127304,100 174.9283998410794,-37.056582211582096,100 174.92840793232045,-37.0565810146786,100 174.92840813986714,-37.05658099508032,100 174.9284307982019,-37.056580359838634,100 174.9284338208356,-37.05658004210029,100 174.9284559895073,-37.056576100761,100 174.92847291931136,-37.05657253212454,100 174.9284875590672,-37.056570056141155,100 174.92849899086497,-37.05656937272179,100 174.92851680607134,-37.05657088288899,100 174.92853184300046,-37.05657276810854,100 174.92854443365832,-37.056575749424596,100 174.9285543502257,-37.05657980080019,100 174.92857016994896,-37.05658679803821,100 174.92858245001557,-37.056594834347564,100 174.92859169614985,-37.05659776730266,100 174.92860661582506,-37.05660541458492,100 174.92861748314238,-37.056611262092495,100 174.92862832415662,-37.05661673689141,100 174.92863825006935,-37.05662111257344,100 174.92865341877598,-37.05662589239081,100 174.9286700191455,-37.05662730061768,100 174.9286847935179,-37.056626588054044,100 174.9287011386268,-37.05662688642954,100 174.92871981624086,-37.0566232388592,100 174.9287348737861,-37.056617765559224,100 174.92875172063464,-37.056613052688455,100 174.92876813011094,-37.05660758804002,100 174.92878362866375,-37.05660176687232,100 174.9288000520907,-37.056593033903226,100 174.9288109947938,-37.05658720210999,100 174.92882473336977,-37.05657662730062,100 174.92884147639833,-37.05656754843874,100 174.92884202158152,-37.05656722862512,100 174.92885819419195,-37.056555696705615,100 174.92886755293208,-37.05654708855,100 174.92888161155707,-37.05653556397314,100 174.92888174747065,-37.05653546892925,100 174.9288987921929,-37.05652480428385,100 174.92889962304386,-37.056517913000754,100 174.92891727677272,-37.056506695868386,100 174.92892996672214,-37.056498276872595,100 174.9289343371836,-37.056495318941124,100 174.92906239113609,-37.05641160583699,100 174.92913086105963,-37.056373743593525,100 174.92914485860067,-37.056366292923855,100 174.92916429274237,-37.05635806342073,100 174.9291715546175,-37.0563550692593,100 174.92919120607058,-37.056347161583474,100 174.92919789101984,-37.05634461032792,100 174.92921786945269,-37.0563372696496,100 174.92922906255222,-37.05633360135511,100 174.92925301676536,-37.05633223014984,100 174.9292583097281,-37.05633066411761,100 174.92927816014927,-37.05632310920142,100 174.92928946920767,-37.05631860261466,100 174.92930957646445,-37.056311553646836,100 174.92932370059177,-37.056306748896375,100 174.9293440228492,-37.05629997492451,100 174.92936096525244,-37.056293711090554,100 174.92938009235223,-37.05628503770381,100 174.92938464484573,-37.05628305199368,100 174.92940465847792,-37.056275726033526,100 174.92941021622408,-37.056273736585275,100 174.9294297772357,-37.05626572308792,100 174.9294417187851,-37.05626092589397,100 174.9294620422057,-37.05625419875041,100 174.92947164641924,-37.05625071310984,100 174.92949057498376,-37.05624175001543,100 174.9295004561421,-37.05623698904309,100 174.92952017963515,-37.056229219841676,100 174.9295307155599,-37.05622495834526,100 174.92954950002297,-37.05621581191982,100 174.92955519608284,-37.05621320102592,100 174.92957497278388,-37.05620544627173,100 174.92958246016147,-37.056203098248616,100 174.92960348829894,-37.056197999968056,100 174.92961436282013,-37.05619596275421,100 174.92963584478352,-37.05619226580477,100 174.92963762471484,-37.05619207911589,100 174.92965788418235,-37.05619113026909,100 174.92965958271085,-37.056191192760096,100 174.92966517825133,-37.056191805619775,100 174.92968718914366,-37.056195315807585,100 174.92968896360188,-37.05619557895232,100 174.9297078783546,-37.056197347746284,100 174.9297293676554,-37.05619451770457,100 174.9297514327268,-37.05619124386633,100 174.92975860904326,-37.05619015639537,100 174.9297806905225,-37.05618682009547,100 174.92978376052787,-37.05618633120765,100 174.92980584161668,-37.05618297958747,100 174.9298066526934,-37.05618285733222,100 174.92982731692388,-37.056179020435444,100 174.92983792445088,-37.056176121403325,100 174.9298578589457,-37.05616780523275,100 174.9298686952751,-37.05616315126185,100 174.929890670054,-37.05615724618991,100 174.929904574409,-37.05615264683711,100 174.92992294844638,-37.056142439,100 174.9299350494192,-37.05613088667403,100 174.9299426977088,-37.05611811255426,100 174.92995108437424,-37.056107539993405,100 174.92995982381476,-37.05609912930079,100 174.92997975829837,-37.05609081401148,100 174.92998312637974,-37.05608983987822,100 174.93000394705615,-37.05608290266035,100 174.9300128340693,-37.05608040565046,100 174.93003448721203,-37.05607538905408,100 174.9300442146511,-37.05607321815139,100 174.93006564263996,-37.05606757070339,100 174.9300710272111,-37.05606620413264,100 174.93009279306298,-37.0560614641909,100 174.93009365195962,-37.05606123209893,100 174.9301144385068,-37.05605428009531,100 174.93012384329637,-37.05605109237108,100 174.93014529048503,-37.05604553742951,100 174.93015205124988,-37.0560438059648,100 174.93017325639977,-37.056037619545975,100 174.93017846207678,-37.056036072018316,100 174.9301995540762,-37.056029547649,100 174.93020489047254,-37.056028321556774,100 174.93022720799578,-37.05602600430012,100 174.93023418957927,-37.056025398556855,100 174.9302562067318,-37.05602223356052,100 174.93026314645957,-37.05602135179984,100 174.93027176009144,-37.056019649654594,100 174.93029389717321,-37.05601518213322,100 174.93029641577994,-37.05601481216523,100 174.93031909938588,-37.0560131847308,100 174.93033177212376,-37.05601292707649,100 174.93035459272002,-37.056012489816204,100 174.93036077341466,-37.05601236397201,100 174.93038355096226,-37.05601164800602,100 174.9303851080969,-37.056011589311126,100 174.93040791539923,-37.056010671867774,100 174.93041270391183,-37.05601032443264,100 174.93043528965862,-37.05600767560132,100 174.93043742720005,-37.05600731183349,100 174.93045945070918,-37.056002490119354,100 174.93046204492737,-37.05600173136097,100 174.93048312359764,-37.05599472676931,100 174.93048425817716,-37.05599441267553,100 174.93050662116667,-37.05599060659142,100 174.9305126002226,-37.05598944663346,100 174.93053371727,-37.05598258110856,100 174.93054704791504,-37.05597731144569,100 174.93056776039194,-37.055969569233724,100 174.9305737497418,-37.05596690755084,100 174.93059228343307,-37.05595621572168,100 174.93060023103445,-37.055951706953316,100 174.93062027316446,-37.05594294005967,100 174.93062779065235,-37.05593978572491,100 174.93064734293057,-37.05593023817009,100 174.9306602705185,-37.05592477316686,100 174.93068204454647,-37.05591907220615,100 174.93068846155782,-37.05591686772094,100 174.93070701516936,-37.05590625306098,100 174.93071001282365,-37.055904418795414,100 174.9307342177732,-37.055897684121746,100 174.93074290710396,-37.05589306863214,100 174.9307610840267,-37.05588201215408,100 174.93076570654344,-37.055879419582475,100 174.9307853711424,-37.05587013425536,100 174.9307886570139,-37.055868712593956,100 174.93080888157542,-37.05586026806537,100 174.93081076651293,-37.05585952174893,100 174.93083102746877,-37.05585113791199,100 174.93083421577413,-37.055849904405555,100 174.9308550374925,-37.05584239289897,100 174.93085843767975,-37.05584131096444,100 174.9310148893357,-37.05580158427918,100 174.93117274224326,-37.05577109355353,100 174.93130123949342,-37.055740895033665,100 174.93142641488006,-37.05572458442416,100 174.93146480283949,-37.055711478998646,100 174.9314729946066,-37.05570888594986,100 174.93149355889068,-37.05570271243863,100 174.93150762791745,-37.055698450004975,100 174.93152784634788,-37.055691631387376,100 174.9315426551903,-37.05568656556455,100 174.93156314970562,-37.0556803463105,100 174.9315833877465,-37.055673680583915,100 174.93158428027417,-37.055673356001584,100 174.9316038412551,-37.05566535657043,100 174.9316122551264,-37.05566141156014,100 174.9316306080381,-37.05565171483891,100 174.9316456563155,-37.05564340856024,100 174.93166418973277,-37.0556339567493,100 174.93167988684465,-37.05562653668416,100 174.9316994310058,-37.05561858437864,100 174.93171669579493,-37.055611477658886,100 174.93173557180492,-37.05560249884294,100 174.93175357924753,-37.05559283837436,100 174.93177143162748,-37.055582562142035,100 174.9317826241523,-37.05556952377645,100 174.93178423770902,-37.05556836456677,100 174.9318002561871,-37.05555632372969,100 174.93181535199548,-37.055543463323495,100 174.9318192719624,-37.0555399087595,100 174.93183334330243,-37.05552633859755,100 174.9318441264536,-37.05551604862823,100 174.93185954337568,-37.05550352367424,100 174.93187538289007,-37.055491300076234,100 174.93187821403984,-37.05548906561602,100 174.93189387688105,-37.05547666012863,100 174.9319039358357,-37.055467745607864,100 174.93191668427136,-37.05545331642409,100 174.9319225903048,-37.05544706257615,100 174.93193754277883,-37.05543405036865,100 174.9319433663942,-37.05543039989514,100 174.93194619201674,-37.05542923355554,100 174.93231430500043,-37.05526373781871,100 174.9324087476867,-37.05522121262022,100 174.9327953706174,-37.055089797210556,100 174.93280365114424,-37.05507732175043,100 174.93280499174102,-37.05507506739855,100 174.93281437093964,-37.05505851460808,100 174.93281723584656,-37.055053135866075,100 174.93282654567182,-37.05503655266006,100 174.93282904717938,-37.05503121138589,100 174.93283467970423,-37.055013827378886,100 174.93283643200374,-37.05500829822851,100 174.93284305259874,-37.054990943181636,100 174.9328459077367,-37.05498522390944,100 174.93285629923747,-37.054968946635455,100 174.93285729907552,-37.05496748917206,100 174.9328675856031,-37.05495115232011,100 174.9328711871681,-37.05494613200155,100 174.93288440412002,-37.05493112095601,100 174.93288625304407,-37.05492908995029,100 174.93289881916516,-37.05491373530295,100 174.93290427822558,-37.05490697765924,100 174.93290202519447,-37.05490819507527,100 174.9328844058163,-37.05491687238908,100 174.93287222035494,-37.05492032736963,100 174.9328712565537,-37.054920545869365,100 174.93284915720378,-37.05492386680775,100 174.93284623958561,-37.05492419826816,100 174.9328238085631,-37.05492552734259,100 174.9328208623952,-37.05492548703372,100 174.93279842051925,-37.05492457115963,100 174.93277847167437,-37.05492547041188,100 174.93276418760783,-37.05492510475476,100 174.93274173980106,-37.05492457562124,100 174.93273916215043,-37.054924699648716,100 174.9327167992474,-37.054926630557674,100 174.93271193100713,-37.054927245265795,100 174.9326896291431,-37.054929454575664,100 174.9326824628617,-37.05492902518287,100 174.93266010209922,-37.05492665237257,100 174.93263832473036,-37.05492719564739,100 174.93263083421778,-37.05492697342505,100 174.93260835780794,-37.054926646622,100 174.9326055753131,-37.05492689656067,100 174.9325834238748,-37.054930203877824,100 174.93256167613418,-37.054933023321695,100 174.9325576663208,-37.05493400888647,100 174.93253685087308,-37.05494108616282,100 174.93253588864746,-37.05494136682335,100 174.93251473765935,-37.05494762938726,100 174.93249669846202,-37.0549549200864,100 174.9324764042999,-37.054961446279194,100 174.93246612373767,-37.05496365883927,100 174.93244426356037,-37.05496807538246,100 174.9324381146288,-37.05496998177158,100 174.93241764498816,-37.05497770322443,100 174.9324157585121,-37.05497838740193,100 174.9323910909313,-37.05498836739742,100 174.932381382004,-37.05499369812208,100 174.9323621772451,-37.055003317807305,100 174.93236056216932,-37.05500379567198,100 174.93233852454813,-37.05500804474284,100 174.93233170755207,-37.0550089723925,100 174.9323095164994,-37.05501209373668,100 174.93230672888947,-37.055012762852954,100 174.93228554610437,-37.055019103405634,100 174.93227462166774,-37.05502248820709,100 174.93225343928836,-37.05502884497074,100 174.93223577846868,-37.05503354275465,100 174.93222606999362,-37.055035744170205,100 174.93220408021838,-37.05503988518281,100 174.9321963224706,-37.05504123103054,100 174.93217415763607,-37.055044677289125,100 174.93216370320803,-37.055046242823735,100 174.9321414948868,-37.05504934909602,100 174.93213968323295,-37.05504961385017,100 174.93211739891078,-37.05505247259935,100 174.93210350880233,-37.05505385165656,100 174.93208105773746,-37.05505567843121,100 174.93207259041364,-37.05505644818839,100 174.93205017850715,-37.05505848882697,100 174.93203441363272,-37.05505968391188,100 174.9320120189779,-37.05506169542083,100 174.93199413890017,-37.05506408943096,100 174.93197207072774,-37.055067889186596,100 174.93196306647292,-37.05506992408569,100 174.93194120700886,-37.05507437116907,100 174.93192562696075,-37.0550759814285,100 174.93190302442127,-37.05507613693609,100 174.93189263234427,-37.05507559420806,100 174.93187024884207,-37.05507303505174,100 174.93186821360194,-37.055072731123,100 174.93184607922416,-37.05506913141678,100 174.93183984381147,-37.055068559726784,100 174.9318215384304,-37.05507059020777,100 174.9318097166364,-37.05506847817774,100 174.93178789519803,-37.05506302841601,100 174.93177828021746,-37.05506053614053,100 174.93175699774366,-37.05505394556947,100 174.9317415731886,-37.05504807344087,100 174.93172142693845,-37.05503937155258,100 174.93171902476143,-37.055038300288906,100 174.93169911233224,-37.0550292845432,100 174.93167893712138,-37.05502077058823,100 174.93166037838103,-37.055014937784044,100 174.9316392608757,-37.055008066906126,100 174.93162552460663,-37.055001853612616,100 174.93160598036772,-37.05499236768782,100 174.93159851228103,-37.05498917166913,100 174.93157828652653,-37.05498070358461,100 174.93156985467945,-37.05497710686432,100 174.9315500927215,-37.05496790387714,100 174.9315498467935,-37.054967784405584,100 174.93153112384468,-37.05495729276756,100 174.9315294728179,-37.05495648596257,100 174.93150986199853,-37.05494707861719,100 174.93150382609164,-37.05494368621774,100 174.93148579244905,-37.054932438877344,100 174.93147742844573,-37.05492757022209,100 174.93145939519908,-37.054916338193095,100 174.9314545196759,-37.05491294041139,100 174.93143853041903,-37.05489982924064,100 174.93143315961325,-37.05489419440342,100 174.9314198749683,-37.05487926904118,100 174.93141694929537,-37.054876843542004,100 174.9314014586221,-37.05486361518933,100 174.93140034058428,-37.05486200836666,100 174.93139121630162,-37.05484533703583,100 174.93138754119374,-37.0548408958319,100 174.93137323833298,-37.05482674773843,100 174.9313652137054,-37.0548178772141,100 174.93135150884405,-37.05480340843264,100 174.93134736258963,-37.054799456191,100 174.93133170039158,-37.05478629191009,100 174.93132669564923,-37.05478258708377,100 174.93130919078072,-37.054771036381084,100 174.93130532290004,-37.054768394591115,100 174.93128714634014,-37.054757583970094,100 174.93127147513053,-37.05475155987198,100 174.93124962531658,-37.05474640519421,100 174.9312317902351,-37.05474356364535,100 174.9312316339495,-37.054743520224505,100 174.93121031360982,-37.05473742678241,100 174.9311888553015,-37.054733875427324,100 174.93118399807472,-37.05473301718028,100 174.9311555911724,-37.054729992667234,100 174.9311519733832,-37.05472945312171,100 174.93112965660575,-37.054726815225976,100 174.931127050764,-37.054726536799336,100 174.9311046187815,-37.054724721852956,100 174.9310966990236,-37.054724600257565,100 174.93107414118415,-37.05472447457566,100 174.93107009460482,-37.054724098834896,100 174.93104776720972,-37.054721662986246,100 174.93104208363872,-37.05472161042576,100 174.93101958174952,-37.054722893444946,100 174.93099823045418,-37.05472445064507,100 174.930990557399,-37.05472447914664,100 174.93096819479427,-37.054722029435595,100 174.9309632239893,-37.05472081611671,100 174.93094219781779,-37.05471408242445,100 174.93093787282237,-37.05471305957748,100 174.93091621682996,-37.05470796387111,100 174.93091157894287,-37.0547062647401,100 174.93089156169887,-37.054697809364356,100 174.9308910886714,-37.05469764762309,100 174.93087011499546,-37.05469094370707,100 174.93086712383163,-37.054689882015616,100 174.93084682499878,-37.054681896284265,100 174.93084368510728,-37.054680512548174,100 174.93082416839653,-37.05467135141036,100 174.93080435251835,-37.054662676430695,100 174.93080375761807,-37.054662453582814,100 174.93078289637887,-37.05465543777562,100 174.931169262116,-37.054526649205584,100 174.93203547352164,-37.05423751072829,100 174.9322006737828,-37.054182325214114,100 174.93254247248652,-37.054068217565636,100 174.93287405038836,-37.054351354577534,100 174.9333729079258,-37.053974475898904,100 174.9337040738096,-37.05387427758289,100 174.93385696038638,-37.05419012030443,100 174.93414197983338,-37.05410928315892,100 174.93421205353707,-37.054253999194245,100 174.93421896299597,-37.054268232377815,100 174.93429536375479,-37.054426153650425,100 174.93436099599214,-37.05456182725396,100 174.93437174878272,-37.05458410666794,100 174.93458299508256,-37.05452400729514,100 174.9347969983844,-37.05446399686139,100 174.93491499252832,-37.05443000103204,100 174.93501000353262,-37.05440299829133,100 174.9351280068925,-37.05436999262207,100 174.93522300126799,-37.054343005305476,100 174.935341999142,-37.05430900619483,100 174.93543700238752,-37.054282993762094,100 174.93555499706446,-37.05424899729266,100 174.93565199937032,-37.05422200390193,100 174.93577099763976,-37.05419299211103,100 174.9358100075082,-37.05418300262691,100 174.93600700321932,-37.05413500157765,100 174.93622400490702,-37.05408199856382,100 174.93623399585542,-37.05407999229821,100 174.9362570076153,-37.0540740051344,100 174.93644299916937,-37.054029004980165,100 174.9364820084445,-37.05401899906306,100 174.9366250050522,-37.05398399842169,100 174.9366580076485,-37.05397600398203,100 174.93683400036505,-37.05393400016935,100 174.9370119975614,-37.053889993131754,100 174.9373109927835,-37.053769994220964,100 174.93717799521667,-37.05361900297573,100 174.93715500185067,-37.05359700398423,100 174.93700209803757,-37.05344965084273,100 174.9365435410026,-37.05300803829548,100 174.9363938727371,-37.05285985277487,100 174.936264008539,-37.05272675311457,100 174.93583628374142,-37.052302180640375,100 174.93562599541815,-37.052101879433835,100 174.9355194568389,-37.051937883122164,100 174.93544279311303,-37.05196361431901,100 174.93523237124447,-37.051758419636485,100 174.93500949090335,-37.05155245714437,100 174.93486691410058,-37.05141614558751,100 174.9348460938427,-37.05139872258627,100 174.93482532607683,-37.05138132936877,100 174.93443142384308,-37.051015154223755,100 174.9341025951159,-37.05073088862523,100 174.93376267608573,-37.0504594732884,100 174.93374184612767,-37.050443552698425,100 174.93371745702578,-37.05042487629949,100 174.93351109426206,-37.05026695175347,100 174.9331600219056,-37.049976142161164,100 174.93356079961086,-37.049832127118314,100 174.93427774286917,-37.04960241136154,100 174.93433574073427,-37.049583844224536,100 174.9344838391564,-37.049536379252146,100 174.93427457658564,-37.04910707788064,100 174.93429399888967,-37.049101000939984,100 174.9344819966998,-37.04904199759182,100 174.934496993349,-37.04907299811336,100 174.93459000257928,-37.04926399812251,100 174.93469099904962,-37.04947000226759,100 174.93477500451385,-37.04944299364074,100 174.9349750067157,-37.04937900509571,100 174.93509199245636,-37.04934200718429,100 174.93512299695274,-37.049332005263906,100 174.93504899187275,-37.04918099514699,100 174.93497700303843,-37.049034006999385,100 174.9349049972212,-37.04888700285514,100 174.93481976060218,-37.04871268360256,100 174.93470804505137,-37.0484849565731,100 174.93486503721292,-37.04843596888293,100 174.93502211257572,-37.04838685615214,100 174.93518208707266,-37.048336746847355,100 174.93525527901352,-37.048362572408294,100 174.9354829932697,-37.04833099829692,100 174.9355380031493,-37.048224996204276,100 174.93711000110486,-37.04773199723658,100 174.9375860090293,-37.04871000536205,100 174.9384280070184,-37.048445998550065,100 174.9379509960382,-37.04746900259712,100 174.93859000652247,-37.047268995566846,100 174.94250599847675,-37.04604100313143,100 174.94288100835857,-37.04592399326075,100 174.9439369940149,-37.045592997416435,100 174.94659200734236,-37.04476399564865,100 174.94686600234002,-37.0446790038536,100 174.94791800195492,-37.044351000873334,100 174.94869299437352,-37.04594700279821,100 174.94980799583098,-37.045599002636685,100 174.95037799973926,-37.04542100221477,100 174.95092399221454,-37.04525100456559,100 174.9520390088477,-37.0449029986975,100 174.95316899547842,-37.0445500032325,100 174.9524060052779,-37.04301000036503,100 174.9525910049341,-37.04289199866528,100 174.95286200122644,-37.0434349957627,100 174.95569799584965,-37.04273599281676,100 174.95710399945702,-37.042389004217355,100 174.9594839921618,-37.041803006083555,100</coordinates></LinearRing></outerBoundaryIs>
    </Polygon>
  </Placemark>

  <Placemark>
    <name>Papakura</name>
    <Point>
      <altitudeMode>relativeToGround</altitudeMode>
      <coordinates>174.96676916987872,-37.05905666583898,100</coordinates>
    </Point>
  </Placemark>

</Document>
</kml>