<?xml version="1.0" encoding="utf-8"?>
<kml xmlns="http://www.opengis.net/kml/2.2">
<Document>
  <name>Remuera (polygon: official_shp)</name>
  <open>1</open>

  <Placemark>
    <name>Remuera (polygon: official_shp)</name>
    <Style>
      <LineStyle><color>ffff0000</color><width>2</width></LineStyle>
      <PolyStyle><color>66ff0000</color><fill>1</fill><outline>1</outline></PolyStyle>
    </Style>
    <Polygon>
      <tessellate>1</tessellate>
      <altitudeMode>relativeToGround</altitudeMode>
      <outerBoundaryIs><LinearRing><coordinates>174.80844922063358,-36.861768522710605,100 174.80916025951814,-36.86206307357446,100 174.80931416345103,-36.86202216739019,100 174.80945513808038,-36.86205130699539,100 174.8095261316091,-36.861965754390624,100 174.80952124495886,-36.86194932713336,100 174.80952967484004,-36.86192807682984,100 174.80954016146148,-36.86190685379087,100 174.8095527051777,-36.86188562556238,100 174.809565239767,-36.861862774163946,100 174.8095776781662,-36.86184811467689,100 174.80959423846255,-36.86183186915587,100 174.80960251914075,-36.86182208071596,100 174.80961300608982,-36.86180087298836,100 174.8096210521798,-36.86178213784504,100 174.80962140849002,-36.86178121756173,100 174.80963175133755,-36.86176108191389,100 174.80964001288964,-36.86174263642236,100 174.80966048099268,-36.86172253044021,100 174.80966827213533,-36.861711248725506,100 174.80967781716106,-36.86170222969431,100 174.80968026895394,-36.86169822376746,100 174.80969353636178,-36.86168818181003,100 174.80969868950996,-36.86168570937635,100 174.80971104046478,-36.86167566695333,100 174.80972048891974,-36.86166959225434,100 174.8097275883057,-36.86166422212376,100 174.80973971361416,-36.86166006886403,100 174.80975234519278,-36.86165483800546,100 174.80979751725098,-36.861641842245625,100 174.80980688632508,-36.86163801397894,100 174.80981517510685,-36.86163784356637,100 174.80983374824484,-36.86163384356232,100 174.8098369837464,-36.86163400699699,100 174.80984847252856,-36.86163458732768,100 174.80985054995475,-36.861634397951626,100 174.80985495333343,-36.8616339982886,100 174.8098668372154,-36.86163649154567,100 174.80987038166728,-36.86163624737607,100 174.8098847749781,-36.861635276427485,100 174.80989065505412,-36.86163485156651,100 174.80989831790524,-36.861632493223,100 174.80991039892626,-36.861631313229374,100 174.80991896571072,-36.86162790187457,100 174.80992793530095,-36.86162663497321,100 174.80993333394372,-36.861624964585175,100 174.80994463937847,-36.86162053085864,100 174.8099706467257,-36.8616160354269,100 174.80997290061134,-36.86161500511759,100 174.80997643865703,-36.861616153607784,100 174.80998977825146,-36.86161749440208,100 174.81001130914726,-36.86161362958346,100 174.81002301409532,-36.86160991714262,100 174.81006774881328,-36.86159146223632,100 174.81007368738727,-36.86158728871681,100 174.810084036175,-36.86158390879133,100 174.81009683892157,-36.86158060955778,100 174.81010477209128,-36.86157872659434,100 174.810132376277,-36.861571169296916,100 174.81016264445773,-36.86156441776505,100 174.81016694747066,-36.86156708596725,100 174.81018171410514,-36.86156620213332,100 174.81019821436396,-36.8615582118865,100 174.81025987115117,-36.86151684491241,100 174.8102689638498,-36.86150572630159,100 174.81027938783456,-36.861495360754915,100 174.8102917357045,-36.86148186439691,100 174.81029547340623,-36.861478781665,100 174.81030508826402,-36.861474485426456,100 174.81031760021787,-36.861473885596645,100 174.81033397461607,-36.861468406570374,100 174.81034914953386,-36.86146790316894,100 174.8103494189713,-36.86146796035481,100 174.81035709003888,-36.86146961190413,100 174.81041330549542,-36.86150036619362,100 174.81042012113258,-36.86150598133126,100 174.8104406634007,-36.86151317738023,100 174.8104566184477,-36.86152272640484,100 174.81046454288517,-36.86152446692433,100 174.81047240805913,-36.861527261107575,100 174.81048021547403,-36.86153112515575,100 174.81048938016693,-36.861534704431186,100 174.8105242949553,-36.86155568734541,100 174.8105366807811,-36.861557585215614,100 174.81055102211099,-36.861564204233886,100 174.8105598201606,-36.86156631630622,100 174.81056383321686,-36.86156615601069,100 174.8105691925358,-36.86156595717467,100 174.8105827099786,-36.861571459368065,100 174.810592949044,-36.86157184415125,100 174.8106025962272,-36.86157471662848,100 174.8106256851603,-36.86158416143211,100 174.81063447481498,-36.86158663055611,100 174.81066418345185,-36.86158953713406,100 174.81066491474706,-36.86158910686883,100 174.8106710753529,-36.861585502285244,100 174.8106791841335,-36.861584359309035,100 174.81068894761577,-36.861585077614905,100 174.81071218009345,-36.861584159348645,100 174.8107129858559,-36.8615842227822,100 174.81072017987807,-36.861584814394654,100 174.8107226534981,-36.86158458741912,100 174.81074796625535,-36.861582270117204,100 174.81076437264966,-36.86158394535494,100 174.81076718261863,-36.86158371145012,100 174.8107672173791,-36.86158371092041,100 174.81077644158992,-36.86158296735694,100 174.81077824261558,-36.86158309133531,100 174.81077827737604,-36.86158309080559,100 174.8107875729495,-36.861583754943005,100 174.81079038402422,-36.861583567890314,100 174.81079041878468,-36.86158356736059,100 174.81079471407955,-36.86158329369437,100 174.81079738450956,-36.861583326007,100 174.81082413180224,-36.86158366469878,100 174.81082500945396,-36.861583542261975,100 174.81082506101276,-36.8615835405749,100 174.81083041614417,-36.86158283163435,100 174.81084639925655,-36.86158415728339,100 174.81084818032286,-36.86158386334464,100 174.81086079963077,-36.86158182328801,100 174.81088267523168,-36.861581206884125,100 174.81090420981775,-36.86157878398666,100 174.81092985783621,-36.86157508339281,100 174.81093290234705,-36.861575186614814,100 174.8109329359862,-36.86157518610214,100 174.81093340317236,-36.861575209627425,100 174.81095463903006,-36.861578521972206,100 174.8109565622074,-36.86157807083607,100 174.81097450823924,-36.861573881016525,100 174.81098474107637,-36.861573336582694,100 174.81098486583548,-36.86157348971116,100 174.81098907589418,-36.86157326420652,100 174.8110386291689,-36.86156925332735,100 174.8110564025127,-36.861565066127504,100 174.8110809219824,-36.861563119577724,100 174.8110986719548,-36.86156003325988,100 174.81110960381446,-36.86155650374991,100 174.8111168766077,-36.86155511029572,100 174.81114820760976,-36.86155399369487,100 174.811154123899,-36.861552965225286,100 174.81116687796091,-36.86154907894749,100 174.81117505953065,-36.86154878659118,100 174.81118554324584,-36.86154528012919,100 174.8111923594851,-36.861544978838815,100 174.81123921674475,-36.86153562438564,100 174.81124691237815,-36.861531948603115,100 174.8112535388114,-36.86153225499936,100 174.81125444864836,-36.861532023007065,100 174.81125787360497,-36.86153218171243,100 174.81129201143546,-36.86152342942875,100 174.81129377106907,-36.86152332058406,100 174.81132025859787,-36.86152928656326,100 174.81132455936904,-36.86152919756846,100 174.8113245945124,-36.861529213256816,100 174.81134574975485,-36.86152882587229,100 174.81138959839447,-36.861533289646985,100 174.81139457271877,-36.86153588357559,100 174.81140772570743,-36.861536019264065,100 174.81141405434764,-36.861537537982116,100 174.81141762976793,-36.861540126195315,100 174.81142260264568,-36.86154199366747,100 174.8114311885499,-36.86154390881231,100 174.81143522965291,-36.86154650434716,100 174.81143927732043,-36.861548000151124,100 174.81144607390794,-36.86154952705642,100 174.81144966353736,-36.861551386772035,100 174.81146009541428,-36.861551861378686,100 174.81146124669291,-36.86155164102676,100 174.81146443020842,-36.8615517880842,100 174.81148042049904,-36.86154876188524,100 174.81148781188847,-36.86154996875918,100 174.8114945748461,-36.86155220913164,100 174.8115097150296,-36.86155237219903,100 174.81156607184735,-36.861563438589705,100 174.81156795562362,-36.86156473934141,100 174.81157063832333,-36.86156557634315,100 174.8115745795696,-36.86156831310275,100 174.8115767135927,-36.8615706159307,100 174.81158513858986,-36.861574979745,100 174.81160489010114,-36.86159490370332,100 174.8116056811008,-36.86159676462102,100 174.81160996558722,-36.86160135380099,100 174.8116111985169,-36.86160359375294,100 174.81161424859118,-36.86160592768068,100 174.8116389866485,-36.86164145525779,100 174.81166176265117,-36.86166405332696,100 174.811670538218,-36.86166991431799,100 174.81167306258592,-36.86167330902055,100 174.8116781885532,-36.86167904628953,100 174.81168388917007,-36.861682945083466,100 174.8117079413298,-36.86170742730874,100 174.81175328376037,-36.86174198723355,100 174.8117783084056,-36.86175805866609,100 174.81178364206073,-36.861760477647756,100 174.81178758332462,-36.861763214399716,100 174.8117920502559,-36.861764888572544,100 174.81179730859145,-36.86176839300989,100 174.81180836737403,-36.86177437060081,100 174.81182347526595,-36.861781239162454,100 174.81182839875393,-36.861782534120316,100 174.81183328206563,-36.86178493022247,100 174.81183590814155,-36.86178688393608,100 174.81183860803313,-36.8617877359922,100 174.81184315761624,-36.86178792259885,100 174.811845348309,-36.86178910960434,100 174.81185256451818,-36.861790877053664,100 174.8118650226315,-36.86179616541142,100 174.81186673115286,-36.861798071824694,100 174.8118698309236,-36.861799659582516,100 174.81188121467972,-36.861807475444344,100 174.8118863655226,-36.86181284007262,100 174.8118900994996,-36.861818863550845,100 174.8118916111317,-36.86183836615338,100 174.81189047975522,-36.86184199415938,100 174.81189150576577,-36.861847536155054,100 174.8118904566398,-36.86184970724836,100 174.8118898059096,-36.86185259874392,100 174.81189196653705,-36.86186186939275,100 174.81189436626178,-36.86186711012544,100 174.8118965419736,-36.861869040059645,100 174.8118986255468,-36.86187205570663,100 174.81190471844133,-36.86187707968512,100 174.81191861678644,-36.86188132035431,100 174.81194121441013,-36.86188519762426,100 174.81194762282084,-36.861885105309916,100 174.81195256464142,-36.86188641620699,100 174.81200348293262,-36.86189037355471,100 174.81200752513848,-36.86189163687734,100 174.81201280870468,-36.861894783990834,100 174.8120235250325,-36.8618988938063,100 174.81203364911258,-36.86190480901605,100 174.81204419925734,-36.86191646284619,100 174.81205022979472,-36.861917801301786,100 174.81205358459576,-36.8619192157142,100 174.81207221072722,-36.86192316073489,100 174.81208132760293,-36.861927559929846,100 174.8120823548111,-36.86192588580556,100 174.81218638428393,-36.86175780170836,100 174.81252449020252,-36.861225155598994,100 174.81272222853994,-36.86130600491412,100 174.81235407312613,-36.86187555183607,100 174.81226017234818,-36.86201397814928,100 174.8122615058802,-36.86201544231166,100 174.8122778234453,-36.86201634354408,100 174.81229050461243,-36.86201829801611,100 174.8122945457531,-36.862020180563185,100 174.81229908253883,-36.86202058456944,100 174.81231668951676,-36.86202587817204,100 174.81232930900055,-36.86203072957464,100 174.81233294036818,-36.86203150521989,100 174.81236631247035,-36.86204498855793,100 174.81237261052996,-36.86204796425011,100 174.81238886715954,-36.86205250599302,100 174.81239204665923,-36.86205252960346,100 174.81239225554924,-36.86205258770817,100 174.81240285485407,-36.86205682275679,100 174.81241906780625,-36.86205771114393,100 174.81242281659527,-36.862058329064176,100 174.81242958689276,-36.862060212341156,100 174.8124472467997,-36.86206223777235,100 174.8124508697368,-36.8620633686691,100 174.81246398522106,-36.862066043876126,100 174.81246939861438,-36.86206756297768,100 174.81250320541935,-36.862082494402856,100 174.812518450849,-36.86209394497314,100 174.8125229752845,-36.862095820140155,100 174.81254092722884,-36.862108402060926,100 174.81254499363249,-36.86210992908743,100 174.81254887018096,-36.86211282092913,100 174.81255514912817,-36.86211375267208,100 174.81255986051306,-36.86211551682551,100 174.81256485025574,-36.86211667103454,100 174.81257747705922,-36.86212116627079,100 174.81258293869473,-36.86212121365021,100 174.81259741068402,-36.86212357070848,100 174.81260330324423,-36.86212362593475,100 174.81261144728109,-36.86212516106018,100 174.81262544815866,-36.8621293225664,100 174.8126276985357,-36.862130803383636,100 174.81263266192832,-36.862132314019625,100 174.8126421038097,-36.862137885358045,100 174.81265151763702,-36.862146352216044,100 174.8126550792907,-36.86215039625913,100 174.81265595085458,-36.86215333934658,100 174.81267684606888,-36.86218196159489,100 174.81268043840214,-36.86218455041225,100 174.81268983616317,-36.86219376111462,100 174.81270232953773,-36.862206993223346,100 174.81271537503605,-36.86224468458398,100 174.81271758783498,-36.86224870503716,100 174.81274175158592,-36.86227081482785,100 174.812750292354,-36.86227565720337,100 174.8127583780879,-36.86228156018241,100 174.81275925732265,-36.862284115577346,100 174.81277006194966,-36.86228896757941,100 174.81280021024094,-36.862306051240495,100 174.81280470368085,-36.86230936720477,100 174.81280965028992,-36.86231087899054,100 174.81281462511583,-36.8623134899759,100 174.81282265572105,-36.862321949079934,100 174.81282397001414,-36.86232525676203,100 174.81282435908014,-36.86232890484363,100 174.8128257021807,-36.86233072578261,100 174.81282697629032,-36.8623358457637,100 174.81283408728498,-36.86234611706295,100 174.81283767960997,-36.86234870497414,100 174.81284481022394,-36.86235643600765,100 174.81284887162153,-36.86235974414035,100 174.81285109059837,-36.86236269641309,100 174.81286181428004,-36.86237299912079,100 174.81286535985973,-36.8623777861035,100 174.8128828419388,-36.86239217240385,100 174.81288598875062,-36.86239622367017,100 174.81289582479116,-36.86240432713685,100 174.81290208983762,-36.8624113151517,100 174.8129213616381,-36.86242610497866,100 174.8129258412383,-36.86243087590608,100 174.81294065100388,-36.86244087831031,100 174.81295183501766,-36.86245228984024,100 174.8129536338737,-36.86245303303643,100 174.81295718975392,-36.8624581605642,100 174.81295986565283,-36.862460748934026,100 174.81296298872573,-36.862465171910934,100 174.81296912464393,-36.86247979621046,100 174.81296851524914,-36.86248889728744,100 174.812967525949,-36.86249397879313,100 174.8129573682821,-36.8625066326063,100 174.81295546364586,-36.862512425712104,100 174.81295581010684,-36.8625197293617,100 174.81296165821726,-36.862522696564156,100 174.8129784120968,-36.86252506292374,100 174.81298927110134,-36.862527372307156,100 174.81299305024118,-36.86252718485265,100 174.81299360596807,-36.862527299856424,100 174.81299830043693,-36.862527065086205,100 174.813001878749,-36.862527825296056,100 174.81302718226866,-36.862536024437944,100 174.8130281397573,-36.86253761871352,100 174.81302937747722,-36.86254599216984,100 174.81302564406198,-36.862552528841746,100 174.81302468463292,-36.86255616865541,100 174.81302329821165,-36.862557973554246,100 174.8130227508583,-36.86256414614453,100 174.81301996041486,-36.86256777063209,100 174.81300948045396,-36.862580646589265,100 174.81299486953444,-36.86258883823787,100 174.81299430072303,-36.86259021063856,100 174.81299054849106,-36.86259405260109,100 174.8129863577939,-36.862601649911056,100 174.81297707097372,-36.86261650412032,100 174.8129701630874,-36.86262261422198,100 174.8129591054028,-36.86263453996782,100 174.8129540518476,-36.86263885155126,100 174.81294438938986,-36.86264858559011,100 174.81292739670738,-36.86266151043378,100 174.81291825021768,-36.86266725629728,100 174.81290629177138,-36.862678422435074,100 174.812885640371,-36.862693498701766,100 174.81288011498066,-36.8626989198152,100 174.8128783019047,-36.86269961626895,100 174.81287690556286,-36.86270104906559,100 174.81284200421803,-36.86273019627445,100 174.81282707860782,-36.86273826922087,100 174.8128049344255,-36.86274381498562,100 174.81280229819168,-36.86274409225663,100 174.81279971279346,-36.86274433720522,100 174.81279126170807,-36.86274229572047,100 174.8127568066192,-36.86274157662877,100 174.812749995324,-36.8627407620804,100 174.8127470126373,-36.86274099866751,100 174.8127456604659,-36.86274083542359,100 174.81273595213548,-36.86274160365244,100 174.81272641275774,-36.862740882098144,100 174.8127169193996,-36.86273859512124,100 174.81270740381802,-36.86273812106987,100 174.8127056463097,-36.862738320938334,100 174.81270306783864,-36.8627381944286,100 174.81269338659646,-36.8627393020445,100 174.81265686431956,-36.86273483876209,100 174.8126374425608,-36.86273682414772,100 174.8126125949034,-36.8627367633452,100 174.8126115602926,-36.86273684222156,100 174.8126082589026,-36.86273683579946,100 174.8125755666133,-36.86273941659618,100 174.812567387568,-36.86274115024864,100 174.81256191711518,-36.86274144370866,100 174.81255599272868,-36.86274284462451,100 174.81255147422067,-36.86274316862956,100 174.8125282650051,-36.86274764898575,100 174.81252597818604,-36.86274870958988,100 174.81252280013777,-36.86274941333961,100 174.81251278895002,-36.86275113167183,100 174.81250366278312,-36.862754321004076,100 174.81248356710802,-36.862763581415074,100 174.81247438073837,-36.86277039503533,100 174.81247029032997,-36.86277255393726,100 174.81246385574804,-36.862777571581454,100 174.81245562995815,-36.862781505199884,100 174.8124551990262,-36.86278220940741,100 174.81245059977593,-36.862784718578105,100 174.81244784538453,-36.862785787214186,100 174.81244511586283,-36.86278648412029,100 174.81244506464387,-36.862786500224274,100 174.8123558698301,-36.86277583238492,100 174.81227385750657,-36.86277884267301,100 174.81226147494286,-36.86278103430044,100 174.81225783407223,-36.862781234945686,100 174.81225528271693,-36.86278211390402,100 174.8122514644466,-36.8627827823443,100 174.81224873819176,-36.86278295281566,100 174.8122412205401,-36.862784194143416,100 174.81223672726043,-36.862784161723894,100 174.81223645286914,-36.8627842749705,100 174.81223239127726,-36.862784235065526,100 174.8122255373356,-36.862787076056314,100 174.81222232782062,-36.8627879199851,100 174.8122058690638,-36.8627908308492,100 174.81213285394986,-36.8628128310781,100 174.81211795761106,-36.86282333439406,100 174.8121056394793,-36.862827352031495,100 174.81209374470012,-36.86283305141432,100 174.8120896385717,-36.86283592259875,100 174.81207404747872,-36.862845601867136,100 174.81207221101718,-36.862847398295656,100 174.81206487940008,-36.862853144358326,100 174.8120607706723,-36.86285528820297,100 174.81205937469514,-36.86285673720869,100 174.81205477690267,-36.862859973720425,100 174.81205020659246,-36.8628642787978,100 174.81204363557728,-36.8628706928675,100 174.81806024819002,-36.86511557074322,100 174.81814900769135,-36.86530986902367,100 174.81815524490267,-36.86548513644627,100 174.8180750061164,-36.865608003910964,100 174.8179649984526,-36.86569999909604,100 174.8177970005961,-36.865702996639584,100 174.81564399639527,-36.864928997937035,100 174.8155880042087,-36.86493000675097,100 174.81431499712576,-36.864478998664936,100 174.81247199567702,-36.863745996294504,100 174.81221699261468,-36.86365999643002,100 174.811736998809,-36.86355600112515,100 174.81120500278374,-36.863565997186676,100 174.81067500317212,-36.86366500617366,100 174.81025700308916,-36.863762000978475,100 174.8101189928603,-36.86387699409829,100 174.81009199432478,-36.8639229958918,100 174.8098910001567,-36.86475999213388,100 174.80918500729422,-36.865650997148364,100 174.8090809957605,-36.86590100354984,100 174.8090300063301,-36.86610500238497,100 174.8090659955809,-36.866420002360975,100 174.80902499165705,-36.8669609966696,100 174.80900099298196,-36.867120000830795,100 174.8087900053041,-36.867595995329175,100 174.80873899109972,-36.86782299287945,100 174.80874899440286,-36.868160003397136,100 174.8087799930971,-36.868250001301796,100 174.8088679927304,-36.86840600514459,100 174.809043003791,-36.8686510007084,100 174.80962000657598,-36.86924899604751,100 174.8098490018517,-36.869425000990084,100 174.81036199673292,-36.86973200686676,100 174.8106180075513,-36.86984000117166,100 174.8109860081693,-36.869968996237944,100 174.8115259989244,-36.87025200203776,100 174.81192599211238,-36.870515995075706,100 174.81260200786835,-36.8706160008632,100 174.81282699452916,-36.870635000692566,100 174.81330299991342,-36.870626996920265,100 174.81366400711525,-36.87048500476963,100 174.81385900516707,-36.87043700179431,100 174.8141950040585,-36.870431001997325,100 174.81430700036603,-36.87040600404164,100 174.81494300065205,-36.8700790034104,100 174.81516399993137,-36.869918000955145,100 174.8159550045476,-36.869138002618286,100 174.81661899318846,-36.86876599526994,100 174.81694600101267,-36.86839999328806,100 174.8170220056165,-36.868150995432984,100 174.81709199336856,-36.867585997679136,100 174.81725800634612,-36.867515001382806,100 174.81751400742326,-36.86766800084913,100 174.81838800008538,-36.8688699970212,100 174.81842799776203,-36.86919400233404,100 174.81843400317393,-36.86919699659182,100 174.8184440052472,-36.86927000393725,100 174.81845999668303,-36.869351998756144,100 174.81846900756187,-36.86943600222633,100 174.8184709967344,-36.86944400627777,100 174.81847400645162,-36.86951000640301,100 174.81847900574923,-36.86952999269276,100 174.8184979999079,-36.86973900717682,100 174.8185000061707,-36.86974300002719,100 174.8185020070042,-36.869761999278644,100 174.81850399731144,-36.86977000331163,100 174.81850499808723,-36.869822006711644,100 174.818511993379,-36.869842996279566,100 174.81851299222845,-36.86985999998923,100 174.81851699670764,-36.86987100528284,100 174.81852600499045,-36.87000499859226,100 174.8185329947595,-36.87006199655399,100 174.8185650033975,-36.87021900310613,100 174.8187450058332,-36.87062200512998,100 174.81877700682122,-36.87075500558245,100 174.81875399818,-36.87098199920944,100 174.81845399126507,-36.87130299387994,100 174.81829699347415,-36.871665998899545,100 174.81780200721252,-36.8720569926824,100 174.81772000220752,-36.872148993664666,100 174.81734699202934,-36.87283200121271,100 174.81729399810112,-36.872945007191966,100 174.81712900741815,-36.87340100461358,100 174.81700699404604,-36.87373899262536,100 174.81700900125426,-36.87380699282754,100 174.8170950004741,-36.87389500518224,100 174.81718000288944,-36.87391599238756,100 174.81745900303963,-36.873866996943335,100 174.81770100276734,-36.8740519971302,100 174.81775800605985,-36.873522993719945,100 174.81778400129113,-36.87339000163757,100 174.8179309960968,-36.872662994254554,100 174.81795800427793,-36.87259499895825,100 174.81811800297896,-36.87234499741545,100 174.81844800139402,-36.87206899703121,100 174.81861299592651,-36.87197599387922,100 174.81900200284633,-36.87183299995129,100 174.8191964035002,-36.87174837165053,100 174.81929007110992,-36.87170909128751,100 174.81933107521954,-36.87169709127425,100 174.81935008199156,-36.87169308402528,100 174.8193730790748,-36.871681079422274,100 174.8193950822657,-36.871668085047155,100 174.81940506988246,-36.87166608797343,100 174.81942308387863,-36.87166109092815,100 174.81944407848258,-36.87165708026348,100 174.81957120455996,-36.87165153619463,100 174.81995599796457,-36.871839998087054,100 174.82037899589534,-36.87194399702013,100 174.8212039926841,-36.87231299207792,100 174.8216839946335,-36.87246200119126,100 174.82182400421644,-36.872459998592156,100 174.82182200166102,-36.87246599522664,100 174.8218200054573,-36.87249199956816,100 174.82182699379206,-36.872510002005356,100 174.82182899951283,-36.872515992158505,100 174.82183300496953,-36.87252899557013,100 174.82183300529954,-36.87253099292043,100 174.82183900469985,-36.87253900661894,100 174.82184700161673,-36.872552003806035,100 174.82186500052265,-36.872579993630104,100 174.82187099492666,-36.87259700541712,100 174.8218780065184,-36.87260800503318,100 174.82188800237068,-36.872631994874965,100 174.8218889984913,-36.87263699642292,100 174.82190200121423,-36.87266099693847,100 174.82191900726562,-36.872715004551736,100 174.8219199940804,-36.87271900035373,100 174.82193200004195,-36.87275700214404,100 174.82196800375766,-36.87282899476175,100 174.82197399600997,-36.87284199473964,100 174.82197899830865,-36.87286399439152,100 174.82206999552085,-36.87285199740327,100 174.82210099666682,-36.87284800315795,100 174.82218099466317,-36.87308099408642,100 174.82224999946888,-36.873282995359794,100 174.82239499926283,-36.87328999917013,100 174.82245400702317,-36.87326999659088,100 174.8226240054922,-36.87321100408796,100 174.82266499152874,-36.873197005844716,100 174.82279399696893,-36.87315300291824,100 174.82280400031453,-36.87317200638515,100 174.82287900814035,-36.87331299674931,100 174.82296299839274,-36.87347099259726,100 174.82301799539437,-36.87361399522094,100 174.8230839945279,-36.87373900061661,100 174.82308800660905,-36.87374500322273,100 174.82309500094777,-36.87375800218362,100 174.82309799328777,-36.873764006917106,100 174.82315900197264,-36.873877993430156,100 174.82316700111068,-36.87389300316442,100 174.82323399358668,-36.874018998208854,100 174.82305499922353,-36.874080993167986,100 174.8231219946746,-36.87418800164198,100 174.82263500801207,-36.874309006352966,100 174.82253000540595,-36.87411300433133,100 174.8224030040625,-36.874157003284765,100 174.82224600527243,-36.87421100461682,100 174.822089006254,-36.874265005746906,100 174.82229499739947,-36.874653005231224,100 174.8223260027833,-36.87471100455786,100 174.82244600707244,-36.87493600685754,100 174.82297799439334,-36.87475300461924,100 174.8232049927991,-36.87467500272148,100 174.8233410016192,-36.874948005040366,100 174.82347099443328,-36.875210995572075,100 174.82370400682615,-36.87513100220374,100 174.8240059965743,-36.87502699426593,100 174.82401399140716,-36.87503200010823,100 174.82426299935483,-36.87516599430239,100 174.82429900757217,-36.87521700034312,100 174.8243050070827,-36.87522499858374,100 174.82438600558504,-36.87533799424453,100 174.8244730041995,-36.8754590015874,100 174.8245600031983,-36.87558199359001,100 174.82459399881512,-36.875703005415794,100 174.82461300105916,-36.875772992304945,100 174.82466000423315,-36.875946993786606,100 174.82467300144427,-36.87599300189639,100 174.82467399724064,-36.876091992598795,100 174.82467500651737,-36.87617500066037,100 174.8247039986903,-36.876315996118386,100 174.82477199603346,-36.876636999717206,100 174.82487200103841,-36.8765790068854,100 174.82494300561103,-36.87653799980003,100 174.8250130060294,-36.87649699457807,100 174.8250469922405,-36.876476997402875,100 174.8250839928907,-36.87645600390573,100 174.825112993864,-36.87643900271146,100 174.8251140080099,-36.876425000251835,100 174.82556400223265,-36.876450995936395,100 174.82579499228183,-36.87638599255624,100 174.82579800637808,-36.87640599637842,100 174.82580999844345,-36.876422998692945,100 174.82582800290186,-36.876435995921724,100 174.8258520017348,-36.876443006308705,100 174.82587599691945,-36.876441994887216,100 174.82589899560838,-36.876434000830066,100 174.8259749977363,-36.87661900116877,100 174.82591599833086,-36.876643991551305,100 174.82580099780424,-36.8767119969673,100 174.82595900625768,-36.87686500156129,100 174.8257920065514,-36.8769619998365,100 174.82578600268192,-36.87696499799992,100 174.82562599922028,-36.877058003783816,100 174.82571399907872,-36.877143994210414,100 174.82586800676654,-36.87729400126605,100 174.82589200317332,-36.87731800089283,100 174.8259670017192,-36.87736899570946,100 174.82604000445065,-36.87741900174624,100 174.82609603673276,-36.87747376172686,100 174.82609651575413,-36.877473759771966,100 174.82617249094181,-36.877547754062626,100 174.82618533259915,-36.87756028167868,100 174.8262289478607,-36.877602764329644,100 174.82623519327507,-36.877620081165446,100 174.82654528895694,-36.877591970406314,100 174.82661383416303,-36.87756226318683,100 174.82673070052505,-36.877511615897156,100 174.8267721715412,-36.877493659131055,100 174.82682397753783,-36.87747121613593,100 174.82687505393716,-36.877449089889296,100 174.82697062127585,-36.877407679553905,100 174.82699221981736,-36.877398314257135,100 174.82715509278327,-36.87732774444603,100 174.82717286389845,-36.87732005497095,100 174.8273555235694,-36.87724089462549,100 174.8273807732233,-36.87722778124343,100 174.82751208330257,-36.87713268986692,100 174.82746808814653,-36.877028575928726,100 174.82744265418128,-36.87696842376721,100 174.82770197413927,-36.87692526724976,100 174.82794909417484,-36.87688414470956,100 174.82798202669602,-36.876878659941354,100 174.82819013746465,-36.876845276562676,100 174.82833946232955,-36.876821350259995,100 174.8285395711088,-36.876930892871805,100 174.82855340799495,-36.876993610911725,100 174.82858068614993,-36.8769604231345,100 174.8288254301116,-36.87692558067539,100 174.82907019399192,-36.87689078337539,100 174.82928374136273,-36.87686041857194,100 174.82939153840653,-36.87684508101304,100 174.8295706685141,-36.87681962342885,100 174.82971302108314,-36.87679935943162,100 174.8297533242211,-36.876982255303915,100 174.82977183560038,-36.87706620417494,100 174.83005759306582,-36.877025550248625,100 174.83009040789605,-36.877066047253145,100 174.8300476945965,-36.87721571159149,100 174.8300563554831,-36.877420269736724,100 174.8302437958307,-36.877329810659184,100 174.83033940249808,-36.87745886320422,100 174.8304489802171,-36.87760677529325,100 174.830495521369,-36.877669596686495,100 174.83060316148828,-36.87761832614355,100 174.83069299750142,-36.8775750010905,100 174.83075378889882,-36.87754658181075,100 174.83078499621024,-36.87753199235959,100 174.83081924812413,-36.877500285660666,100 174.83086600584843,-36.8774570033096,100 174.8309370900966,-36.87739138689219,100 174.8309375522539,-36.877390960650445,100 174.83100900525122,-36.877325005015116,100 174.83115500077577,-36.877189996793135,100 174.831379993599,-36.87698299179595,100 174.8314859980314,-36.877068006297925,100 174.8316530027709,-36.87704999903373,100 174.83196099577552,-36.87701699974297,100 174.8321319948244,-36.87689500758454,100 174.83230800206448,-36.87676899642039,100 174.83248399222393,-36.87664299878323,100 174.83251199643095,-36.87662299261549,100 174.83262600375573,-36.87649599312274,100 174.83277299296591,-36.876332006032676,100 174.83291600760623,-36.876172003579825,100 174.8330499972881,-36.8760229967435,100 174.83315200726955,-36.87590899338903,100 174.8331799921775,-36.87588500708432,100 174.83333900532645,-36.87575299599051,100 174.83353300546833,-36.87559000226389,100 174.83370500729978,-36.87544599901398,100 174.83420299582588,-36.875634994940725,100 174.83451199228665,-36.875751992116065,100 174.83475999861702,-36.87584599462847,100 174.8352470009121,-36.876031006937254,100 174.83566199292616,-36.876187993438585,100 174.83569500361892,-36.87619199725082,100 174.83552299414433,-36.876464993867735,100 174.83538100274197,-36.8766890042391,100 174.83510799476468,-36.87678099409197,100 174.83487500608643,-36.876858997608124,100 174.83483300074982,-36.87687300227893,100 174.83465499166408,-36.87701599488173,100 174.83450800025037,-36.87713400377597,100 174.83436099776554,-36.8772510058755,100 174.8342140050821,-36.87736899910933,100 174.834047007151,-36.87750300669689,100 174.8339220038412,-36.87760300032663,100 174.83389599981476,-36.87763200187947,100 174.833766991915,-36.877775999767444,100 174.83363600679112,-36.87792300513197,100 174.83350499373992,-36.87806900399875,100 174.83337399699673,-36.878215001570716,100 174.8332700073167,-36.87833199833422,100 174.83312299570665,-36.87824399938883,100 174.83303400642004,-36.878433000785634,100 174.83295500607784,-36.87860100201143,100 174.83287100434322,-36.87877799361034,100 174.83308300165444,-36.87890400427765,100 174.83326299901162,-36.8790119923144,100 174.83342100756485,-36.87910599906868,100 174.83354700920972,-36.879181007409954,100 174.83383599772606,-36.87935199368585,100 174.8341009938127,-36.87951100141152,100 174.83429899963372,-36.87962800343188,100 174.83435800625378,-36.87965299930323,100 174.83462699864253,-36.87976699294427,100 174.83476999143144,-36.879826997194435,100 174.8348929968261,-36.87981800665396,100 174.83512599935602,-36.87979899311156,100 174.83534300037766,-36.8797820019417,100 174.83555300375764,-36.87957100159977,100 174.83556900667824,-36.87955400220997,100 174.83563000641357,-36.87940800403734,100 174.83570100847965,-36.87923699257634,100 174.83577100766786,-36.87906600017446,100 174.8358420083983,-36.87889500487248,100 174.8359110061484,-36.87872799281616,100 174.83598500065548,-36.87854799644136,100 174.8360450053706,-36.878403004893514,100 174.8362240006204,-36.8782940030994,100 174.8364019934826,-36.8781850021129,100 174.83658100455045,-36.878076000445894,100 174.83677299791904,-36.8779579926983,100 174.8369650002657,-36.877840993095475,100 174.83714799261605,-36.877728994294365,100 174.83721900780068,-36.877685997748024,100 174.8373049978451,-36.87770599341851,100 174.83792399591334,-36.87785099893424,100 174.83818299582813,-36.87791200480656,100 174.83845700773963,-36.8779760045638,100 174.83849999355175,-36.87798600299792,100 174.83847099534606,-36.87804999555124,100 174.83834999464295,-36.87831199557218,100 174.83824299194862,-36.87854400702919,100 174.83815300717885,-36.87873800105205,100 174.83806499128767,-36.878929994236195,100 174.83797499837272,-36.879124995035845,100 174.83788900028233,-36.87931100718929,100 174.83779899694275,-36.879505000328926,100 174.8377049978805,-36.87970999555783,100 174.83761599517877,-36.87990200637664,100 174.83753599338064,-36.880074999542934,100 174.83745799460155,-36.88024399311719,100 174.83742200288984,-36.88032199660129,100 174.8373689972463,-36.880385995154704,100 174.83723699889248,-36.880542996000976,100 174.83709000131594,-36.8807190069657,100 174.83694899541726,-36.880887002411065,100 174.83681599416153,-36.881046000331,100 174.83668299350487,-36.881204998996814,100 174.83653299536013,-36.881384003025126,100 174.83639599429634,-36.88154799439681,100 174.83625800028122,-36.8817129942274,100 174.83624100430734,-36.881732999671655,100 174.83607299233014,-36.881841999428715,100 174.8359309914577,-36.881933999876416,100 174.83561099871912,-36.88214000264746,100 174.8355660005329,-36.88216900330974,100 174.83533299913208,-36.88213999218872,100 174.83511100002116,-36.882112001310105,100 174.83503300498487,-36.88210300303825,100 174.83492200233468,-36.88190000472031,100 174.834894997074,-36.88184999419243,100 174.83478000783305,-36.88163800433538,100 174.83472100842124,-36.88153100643469,100 174.8347630013105,-36.881455006653724,100 174.83485400677355,-36.881290005094236,100 174.83494499391173,-36.88112500374864,100 174.83504000343694,-36.880952004887135,100 174.83513100774354,-36.88078700313497,100 174.83473800646348,-36.88067500167107,100 174.8345990060793,-36.88063599174237,100 174.8345149996732,-36.88062900036787,100 174.83420700822057,-36.88060699728697,100 174.83397199613123,-36.88059000487151,100 174.83370399866396,-36.88056999782865,100 174.83341300622945,-36.88054900297565,100 174.83338999397995,-36.88054800161337,100 174.83331000554296,-36.88054199382085,100 174.83265099957472,-36.88051399935828,100 174.83234899328056,-36.88087500356524,100 174.83233900236067,-36.8809260017461,100 174.83231800824564,-36.88104399792151,100 174.8322760079033,-36.88127099335823,100 174.8322380069771,-36.88147600582218,100 174.83220199624705,-36.88167200220772,100 174.83216599592504,-36.881869004303525,100 174.83213100469638,-36.882064997555666,100 174.83211900545396,-36.88212699588203,100 174.83207299783138,-36.88227100259656,100 174.83206500000588,-36.882297992807295,100 174.83201499770513,-36.88245499970717,100 174.83196599710237,-36.88261200375624,100 174.83190900343382,-36.88279099732649,100 174.8318669987042,-36.88292299508979,100 174.83184300676322,-36.88297000440873,100 174.8317459956344,-36.88315200078111,100 174.83165300793982,-36.88332799887538,100 174.83155300029478,-36.883516999566055,100 174.83145499486025,-36.88370200254872,100 174.83135400241264,-36.88389500213718,100 174.83123199356666,-36.88412599222038,100 174.8311429924798,-36.884294006668256,100 174.83121300607263,-36.884399999219895,100 174.83140800074827,-36.88469399611783,100 174.83154699266495,-36.88490400034688,100 174.83160700181523,-36.884995000929706,100 174.8318280024482,-36.88498099994193,100 174.83217700620392,-36.88483799540052,100 174.83220499290962,-36.88480999656398,100 174.83236199928982,-36.884650997579044,100 174.83251199281477,-36.884500000422065,100 174.8326989960087,-36.884309994884596,100 174.83283800033362,-36.88416900217572,100 174.8329829978039,-36.88402199238956,100 174.8331260001907,-36.88387800383018,100 174.8332440045226,-36.8837579977032,100 174.83354700537234,-36.883625994102374,100 174.8337640046659,-36.883532005962,100 174.8338169929977,-36.88350900266406,100 174.83387600325705,-36.88348299959091,100 174.8340239949813,-36.88345199583907,100 174.83415499848869,-36.88342499832089,100 174.83452599239328,-36.88334800340036,100 174.8347170052137,-36.88330799441562,100 174.83476399579897,-36.88330200490549,100 174.83499600171194,-36.88327100658052,100 174.83526199132965,-36.883234997782985,100 174.83553699486694,-36.883197999163244,100 174.83579099914706,-36.883162999990056,100 174.8360299949865,-36.883130996615314,100 174.8362599947912,-36.88309999889462,100 174.83627099484912,-36.883099005950044,100 174.83668200074345,-36.88298300631171,100 174.83676100879183,-36.88296099829128,100 174.83691499915653,-36.88282699155122,100 174.83733997406878,-36.88310424387813,100 174.8373500088375,-36.883180995560885,100 174.83735022598714,-36.883181395096884,100 174.83734996875356,-36.88318147658973,100 174.8368758672841,-36.8836509760512,100 174.8357024162532,-36.88447278384512,100 174.8354019016962,-36.88473016287562,100 174.83414451658672,-36.88621681420876,100 174.83317684786928,-36.88682845938445,100 174.83162200692053,-36.887813003399515,100 174.83143974886954,-36.88785449855565,100 174.83130199621655,-36.888168998957205,100 174.83108500498707,-36.8883150028719,100 174.8311370033323,-36.8883649921951,100 174.8317029921125,-36.888906004555174,100 174.83148999135273,-36.88905000531192,100 174.83134699394836,-36.88902899258465,100 174.83112700130232,-36.88917599376057,100 174.83058400742624,-36.889075993968184,100 174.83051899325164,-36.889063998655516,100 174.8303610063724,-36.88962000301879,100 174.83023099423022,-36.88970799763659,100 174.8301230064947,-36.89008700324437,100 174.82979199381228,-36.89063399571161,100 174.8299370010038,-36.89077300127077,100 174.8297640033517,-36.89089000530958,100 174.8299269945545,-36.89104499744738,100 174.83009300211774,-36.89093300500129,100 174.82999199238293,-36.891289001951016,100 174.82991000786282,-36.89157399278926,100 174.82982599546818,-36.89186999840982,100 174.82954199543738,-36.89180899583242,100 174.829281999259,-36.89175300476054,100 174.82923400325444,-36.89192100187429,100 174.82792699846766,-36.89164199274465,100 174.82781900645358,-36.89161799634081,100 174.82732100785478,-36.89151199773465,100 174.82683000279386,-36.89140699269533,100 174.8265180023529,-36.89134000137786,100 174.8259300044714,-36.89121500523573,100 174.82602899345306,-36.891011994764376,100 174.82721899864245,-36.89024199615473,100 174.8266549922128,-36.89037400398465,100 174.8270449937419,-36.89012200331052,100 174.8269050066609,-36.88996200244571,100 174.82688499865392,-36.889939994112325,100 174.8266989959078,-36.88972799626232,100 174.82658600354242,-36.889599996233464,100 174.8265360015231,-36.88954300241132,100 174.82651999710583,-36.889523993371114,100 174.8264009970466,-36.88938900287298,100 174.8261270043555,-36.88907800362689,100 174.82607399344315,-36.88901700256763,100 174.8259080027215,-36.8888289929387,100 174.82592399622726,-36.88882000239214,100 174.8257050058713,-36.88857399616672,100 174.82557000525998,-36.88842199290985,100 174.82554099758678,-36.88838900292119,100 174.82553799746728,-36.888386003428735,100 174.8252610037322,-36.88807500670845,100 174.82519400582655,-36.88799999443519,100 174.82516900214995,-36.88797200109933,100 174.8250900025005,-36.887882991620536,100 174.82504399783224,-36.88783200077055,100 174.82499000350916,-36.88777100078342,100 174.82493399590933,-36.88770899697089,100 174.82492699219935,-36.88770100069669,100 174.8248249963445,-36.887585992086294,100 174.8246689988082,-36.887411006363884,100 174.82457800083472,-36.88730799927281,100 174.82432299110334,-36.887338995393094,100 174.82425999264214,-36.887347002257435,100 174.82410299853987,-36.88736600477635,100 174.82407500771737,-36.88736900427917,100 174.82394399781055,-36.88738499643714,100 174.82386700808976,-36.88739399756737,100 174.82386600613398,-36.887394000332186,100 174.82368000101127,-36.88741600298302,100 174.82363999757797,-36.88742100298159,100 174.82349400366627,-36.88743899758998,100 174.82341799902215,-36.88744799863156,100 174.82330799718173,-36.8874609996811,100 174.82320200662187,-36.88747399494726,100 174.82312200071343,-36.88748399369409,100 174.82309399185297,-36.887486993243286,100 174.8229920016459,-36.88749900576875,100 174.8229359939887,-36.88750599520828,100 174.8227909938486,-36.887522996662206,100 174.82275000511333,-36.887527997059614,100 174.82259299223622,-36.8875469978775,100 174.82256400862158,-36.88755100462346,100 174.82239999483335,-36.88757000083308,100 174.82237800155917,-36.88757300617328,100 174.82229000305173,-36.887584006674665,100 174.82221000436473,-36.8875929979112,100 174.82219199549954,-36.88759500741737,100 174.8220230055158,-36.88761600558513,100 174.82200599715563,-36.88761799881617,100 174.82183699776252,-36.88763799187982,100 174.82182000880275,-36.887639999208105,100 174.82165100067047,-36.88766099802808,100 174.82163399375273,-36.88766300560522,100 174.82146400786291,-36.88768299974756,100 174.82144800403796,-36.88768500543747,100 174.8212780011932,-36.88770499867313,100 174.82126199623605,-36.88770700435543,100 174.8212040010956,-36.887713996412266,100 174.82109200375587,-36.887728004855646,100 174.82107599840268,-36.88772999429507,100 174.82090599572425,-36.88775000322148,100 174.82089000832892,-36.88775199326198,100 174.82071899453015,-36.887772993562734,100 174.82070399266757,-36.887774998217004,100 174.8205330053481,-36.88779499195882,100 174.82051800235368,-36.887796996607044,100 174.82034600429319,-36.8878179979367,100 174.82033199507433,-36.88781899406543,100 174.82023600128255,-36.887830996168645,100 174.82008999666422,-36.8878479953064,100 174.81974600198507,-36.88784400239734,100 174.81975300491658,-36.88796399939089,100 174.81975499999496,-36.88801499502591,100 174.8191820004864,-36.88811499876314,100 174.81873099473796,-36.88819399497336,100 174.8182800063224,-36.888273005438506,100 174.81782899857612,-36.888351998271844,100 174.8175569974915,-36.888399002431086,100 174.817532999247,-36.8883109930994,100 174.81731299501305,-36.88834900170719,100 174.81687200277165,-36.88842700126237,100 174.81698099550283,-36.88887599486055,100 174.81704400803432,-36.88912900657413,100 174.8171469982618,-36.88955200721646,100 174.81692200704325,-36.88956999712796,100 174.8166030028404,-36.888265994763145,100 174.81643499708028,-36.888294991813716,100 174.81626799356013,-36.88832400304801,100 174.81616200133652,-36.88834300036007,100 174.81628500419365,-36.88884599288425,100 174.81603099317954,-36.88889100056974,100 174.81576999884385,-36.8889360026931,100 174.81576399486084,-36.88891200636193,100 174.81570600377583,-36.888676997881696,100 174.81515499662265,-36.88877300204834,100 174.81523300357355,-36.88921799930166,100 174.81501100735545,-36.88918399243089,100 174.8147890024322,-36.889148993809705,100 174.81488700797453,-36.88874099561294,100 174.8146430031753,-36.88878400423386,100 174.81458099766203,-36.888794994056255,100 174.814422997034,-36.888822006642584,100 174.81430599476624,-36.88884300018215,100 174.81424000510137,-36.88885699983766,100 174.81405800769454,-36.888896992578985,100 174.81387699566764,-36.88893700064229,100 174.81383100383312,-36.88894700736188,100 174.81368999479793,-36.888978006609506,100 174.81367800063327,-36.88894500537469,100 174.81364800386967,-36.88895200072157,100 174.8134310074444,-36.889003998112415,100 174.81321500496915,-36.88905500199211,100 174.8129989931061,-36.889106997090856,100 174.81283399469314,-36.88914600475592,100 174.81278199573455,-36.889158992417386,100 174.81291200135928,-36.88926900079947,100 174.8130750022788,-36.88940800154459,100 174.81340100460213,-36.889684003170366,100 174.81356300413916,-36.88982300408077,100 174.81312200731128,-36.89015700167419,100 174.81283199429572,-36.89031600460628,100 174.81279000828061,-36.890237993268094,100 174.81271699696467,-36.890159994780085,100 174.81258900368107,-36.890051005560395,100 174.81245200367462,-36.8899340055718,100 174.8120809928489,-36.89021199528792,100 174.81183100580057,-36.89039799573571,100 174.8116000033399,-36.89057100636503,100 174.8115780027849,-36.89058700434116,100 174.8112399951963,-36.89083900478002,100 174.81093799330918,-36.89106600581933,100 174.81087800235312,-36.89109800643279,100 174.81055800379684,-36.89127200399952,100 174.80976099734377,-36.89133599659012,100 174.80946900739104,-36.891235001436826,100 174.8094959939594,-36.89202099688594,100 174.809105007777,-36.89206300006775,100 174.808806996897,-36.89209499744086,100 174.80824800884884,-36.892153996156274,100 174.80820399236114,-36.89215899529464,100 174.80806600225537,-36.89241599807545,100 174.80794900593773,-36.8926310044407,100 174.80786800399187,-36.89278200003607,100 174.8078469913097,-36.89282200011316,100 174.8078360011188,-36.8928419921915,100 174.80771400261426,-36.892798994021305,100 174.80673600266434,-36.892461993869546,100 174.80655900827387,-36.89240000343863,100 174.80508899730054,-36.89188599443135,100 174.80484699390897,-36.89180200255855,100 174.8024079915366,-36.89095399233766,100 174.8018849993737,-36.89149300429666,100 174.80154699141505,-36.89141600688131,100 174.80129299612324,-36.89142500622622,100 174.8012569952289,-36.891245004126176,100 174.8006970073857,-36.890938992616015,100 174.80048999171655,-36.89131299977843,100 174.80088699572087,-36.89156699941677,100 174.8008880021073,-36.89162100110457,100 174.8009960035955,-36.89168900256235,100 174.80162600171323,-36.89175300527637,100 174.80146799280794,-36.89191699639113,100 174.80142900132591,-36.89195700303684,100 174.80142800701122,-36.89195599690448,100 174.800424993581,-36.89136200531958,100 174.799334995167,-36.89063599816825,100 174.7990780051849,-36.89048300612948,100 174.79889600714242,-36.890374999182185,100 174.7972139972152,-36.88937500312046,100 174.79712399474292,-36.88931299821192,100 174.7969889924263,-36.88924200624991,100 174.79686399730124,-36.88917699363968,100 174.79693699854286,-36.889134004352485,100 174.79677500543355,-36.88900399541162,100 174.79681800137269,-36.88897900722565,100 174.7970979989443,-36.88881400240521,100 174.79735800603117,-36.88866000094721,100 174.79729800283465,-36.88863700089176,100 174.79740999544643,-36.88857200205909,100 174.79752199791434,-36.88850599618217,100 174.79752100265569,-36.88847499360525,100 174.79727799864656,-36.88834900437039,100 174.79722199850664,-36.88841899662409,100 174.79696399389812,-36.88839500611724,100 174.79691799932945,-36.88839100591104,100 174.796793991955,-36.88835399265311,100 174.7966499951642,-36.88828000688201,100 174.79650399283594,-36.88820800535633,100 174.79639700233668,-36.88815599479606,100 174.79635699740527,-36.88813699571174,100 174.796315999183,-36.88812100226348,100 174.79620200822978,-36.888076991273486,100 174.79607899551618,-36.888028996573645,100 174.7960470017234,-36.88801700311547,100 174.7957220050735,-36.88791499276113,100 174.79542800842074,-36.88777399441511,100 174.7952700042678,-36.88771699789767,100 174.79511899267945,-36.8876629960935,100 174.7949819976711,-36.88760699495456,100 174.7948319977502,-36.887543994784615,100 174.79454500367007,-36.887424991854886,100 174.7942589960017,-36.88730600306377,100 174.79398599531473,-36.887191999823465,100 174.7937200045369,-36.88706099816787,100 174.79344000666705,-36.88691700370344,100 174.79316600751764,-36.886776996558105,100 174.7930350062168,-36.88671000730887,100 174.7928790027608,-36.886627993228224,100 174.79274400114173,-36.886558003087735,100 174.79259900842135,-36.88648199931945,100 174.7925560065059,-36.88645999943932,100 174.7923180038035,-36.88633699792631,100 174.79215900373487,-36.88625599341872,100 174.79200400658547,-36.88616400411808,100 174.79190300218795,-36.88610400702335,100 174.79181400132344,-36.886050995311436,100 174.79169899854568,-36.885982992599075,100 174.79169300083925,-36.88599699968594,100 174.79151899408726,-36.88587099339248,100 174.79135199464548,-36.88576599316522,100 174.79121300374894,-36.88568400332033,100 174.79105100010668,-36.88558700330165,100 174.7909490035677,-36.88552400175533,100 174.790848001371,-36.885459992757916,100 174.7907179997309,-36.88537000084202,100 174.7905669995181,-36.885266002149095,100 174.7904249951555,-36.885166995380246,100 174.79029499338262,-36.88507700298729,100 174.79016599465697,-36.884986994430676,100 174.7901420053905,-36.88498700620826,100 174.79003600642812,-36.88485599163528,100 174.78989600106144,-36.88473599711572,100 174.78975700778923,-36.88461699306728,100 174.78976199396755,-36.884617993241456,100 174.78962400339591,-36.88449299355599,100 174.78968200167714,-36.88444400287635,100 174.7894339991964,-36.884257993012376,100 174.7892682299304,-36.88412418072822,100 174.78926800349072,-36.884123997562064,100 174.7889639920503,-36.883982995743345,100 174.78882700097256,-36.8838310003273,100 174.78881799982568,-36.883793006616536,100 174.7880780070975,-36.88308000470224,100 174.7873459958894,-36.88237499619631,100 174.78734499820703,-36.882330999816105,100 174.78725000167358,-36.88225900517725,100 174.78723200338766,-36.882239992738725,100 174.78668899582047,-36.88167900209901,100 174.78646099388192,-36.88159300740975,100 174.7862590010405,-36.881389002991156,100 174.78606099957005,-36.881186992351594,100 174.78585299467912,-36.880977001673095,100 174.7856539949334,-36.88077500712575,100 174.78550200531132,-36.8806220036634,100 174.7854400048142,-36.88055800670972,100 174.78522699920885,-36.880346999409355,100 174.78505400869003,-36.88017500156052,100 174.7848930006292,-36.880021993073925,100 174.78472800204472,-36.879862995427764,100 174.78456000531094,-36.87970299432011,100 174.78440299965655,-36.8795529985761,100 174.78426100699429,-36.87938599873464,100 174.7841229980406,-36.8792259936594,100 174.78410400835645,-36.879203993251586,100 174.78398000250718,-36.87906700068403,100 174.7838360059679,-36.878905995446296,100 174.783691992937,-36.878747003859765,100 174.78355699953119,-36.878600003284106,100 174.78355000267038,-36.87859000612646,100 174.78340099628895,-36.87842900613504,100 174.78325799410266,-36.87827499943988,100 174.78309999466464,-36.878104995364545,100 174.7829689946227,-36.877967993981386,100 174.78281500504167,-36.877805992698974,100 174.7826979928795,-36.87768199922113,100 174.7826949954915,-36.877677000307685,100 174.78269099511672,-36.877672002924015,100 174.782686995885,-36.87766700642438,100 174.78268299511328,-36.87766199192094,100 174.78267899517706,-36.87765899189618,100 174.7826739929389,-36.87765399602478,100 174.78266799763364,-36.87765000742764,100 174.78266199134782,-36.87764699424312,100 174.78265599602278,-36.87764300474433,100 174.78265000770386,-36.877639992190936,100 174.78264399489206,-36.87763800122117,100 174.7826369955401,-36.877635995309625,100 174.7826289947004,-36.877634007128584,100 174.78262300717475,-36.87763300725061,100 174.78261700168338,-36.877632006740555,100 174.78260899980202,-36.87763200061697,100 174.78260300279342,-36.87763199235254,100 174.78259399938202,-36.877632002156616,100 174.782587993225,-36.877632999922355,100 174.78258100314758,-36.87763399893065,100 174.78257300095558,-36.87763600639937,100 174.78256699479792,-36.87763700416407,100 174.7825600040321,-36.87764000054743,100 174.7825539983286,-36.87764299657197,100 174.78254799150304,-36.877645992613054,100 174.7825420040996,-36.87764900368517,100 174.78253600604805,-36.877653004586364,100 174.78253099422236,-36.877657006914255,100 174.78252600653764,-36.87766199945067,100 174.7825219965555,-36.87766599936553,100 174.78251799538955,-36.87767100594302,100 174.782513993867,-36.877675997202985,100 174.782433001133,-36.877777000439245,100 174.78232700578917,-36.87790900439201,100 174.78214799999867,-36.87770899491977,100 174.78243399357058,-36.877437005191965,100 174.78246100081842,-36.87741199436256,100 174.78093199161563,-36.875663006827914,100 174.7806860039891,-36.87541699689003,100 174.7802749975101,-36.875006996325524,100 174.78027499713866,-36.875004998963625,100 174.77999999594593,-36.87452100543879,100 174.77999299583422,-36.87452499328338,100 174.7797339915704,-36.874621995243835,100 174.77964199995546,-36.8743549985512,100 174.77940800489188,-36.873827006934576,100 174.77939800371294,-36.87380299812087,100 174.77937999754516,-36.873638998686985,100 174.7793339983385,-36.87350600362954,100 174.77934899819292,-36.873341999299605,100 174.77924999898354,-36.87296499231797,100 174.77920479271205,-36.87297707844807,100 174.77897900773326,-36.8723459947045,100 174.77892800012185,-36.87220300106486,100 174.77886000098462,-36.87130000243923,100 174.7789479973565,-36.8711610052792,100 174.77876999919022,-36.870739003960715,100 174.77878200152435,-36.87072999294433,100 174.77880599262792,-36.87050900288233,100 174.77885400229277,-36.870289997599095,100 174.77898800739817,-36.86978500117642,100 174.77907000787994,-36.86947599821054,100 174.77911199938842,-36.869313991725036,100 174.77917599612118,-36.86907299486452,100 174.77921299662108,-36.86893199399433,100 174.77928199862558,-36.868672004792415,100 174.77939300704207,-36.86825400526729,100 174.77946099699125,-36.86799700642913,100 174.7795130057239,-36.867803999590826,100 174.7796340012387,-36.867662998838384,100 174.77979900625596,-36.86732099334836,100 174.77990399824685,-36.86710400119311,100 174.77995799756556,-36.867015993008174,100 174.78014300024157,-36.866715994573845,100 174.78030900495799,-36.86644600130353,100 174.78034599528416,-36.866385995555156,100 174.77989500068082,-36.866487997782265,100 174.78018999443586,-36.86614600216276,100 174.7803350004288,-36.86597799554818,100 174.7805559994971,-36.865725997896725,100 174.78079799892086,-36.86543799923685,100 174.7807830034453,-36.865424000827126,100 174.7811510073194,-36.86495499227653,100 174.7812030008992,-36.86499199255103,100 174.78125300527734,-36.865136999589204,100 174.78134499755322,-36.865055003707795,100 174.7814300082793,-36.8649710005876,100 174.7817909935779,-36.86486999269148,100 174.78158899955102,-36.86507399428995,100 174.7815509960812,-36.86511199496485,100 174.78141799448136,-36.86522800140227,100 174.78143000241113,-36.86528299601705,100 174.7814329970675,-36.865297998995295,100 174.7814769981972,-36.86529900316788,100 174.78202100587845,-36.865677998250504,100 174.7823060086324,-36.86587799604368,100 174.7825050070817,-36.8660160048021,100 174.78263600257344,-36.866108001555936,100 174.78265300378592,-36.866120000204525,100 174.7826629962298,-36.86613499640434,100 174.78267199999937,-36.86613100538674,100 174.7826919931126,-36.866125003547445,100 174.782697003992,-36.86612499867175,100 174.78270499588177,-36.866123999058,100 174.78272199862164,-36.86612399543029,100 174.78272700032855,-36.866124995685055,100 174.78273199470118,-36.86612500457564,100 174.7827430010145,-36.8661270062609,100 174.7827489971932,-36.866128996587946,100 174.7827589929805,-36.866129993116644,100 174.78277000831235,-36.86612900401801,100 174.78277800865777,-36.866128995746465,100 174.7827829935448,-36.86612999625121,100 174.78279199526705,-36.866131999166186,100 174.7827970061258,-36.86613199338524,100 174.78281299845065,-36.86613499555104,100 174.78282700257617,-36.86613600133441,100 174.78283200499897,-36.866135005105924,100 174.78284299546158,-36.86613299425415,100 174.78284800669726,-36.866133004689516,100 174.7828550048571,-36.86613099875809,100 174.78287700211786,-36.866122998289555,100 174.7828839929396,-36.86612000099258,100 174.78289200231714,-36.866117002833164,100 174.78290099727894,-36.86611200603512,100 174.78290800344215,-36.86610899318376,100 174.78291299852523,-36.86610700558807,100 174.78292800629404,-36.8660980058475,100 174.78293899700753,-36.86609200024443,100 174.78295499962059,-36.86608400679057,100 174.78297199446095,-36.86607700343956,100 174.78297499193044,-36.866075993125236,100 174.78299099451533,-36.86606799876566,100 174.78299999792398,-36.866063993307435,100 174.78301699309068,-36.866057004366596,100 174.78302200463222,-36.866055001196614,100 174.78303300369316,-36.86604800398575,100 174.78302600677853,-36.866042003306006,100 174.78304899701607,-36.866037005591394,100 174.78306700017353,-36.865993993887244,100 174.7830939941921,-36.86592100569364,100 174.78315300674254,-36.86584400013098,100 174.7832600072757,-36.86574299813721,100 174.7832879927607,-36.86573399917115,100 174.7832999995339,-36.865744005913136,100 174.78331500808812,-36.86573900175276,100 174.78333200145764,-36.86573599311192,100 174.78333600209575,-36.86573499657521,100 174.78335300540448,-36.86573299457894,100 174.78335499204442,-36.865732993604546,100 174.7833680035136,-36.86573299390678,100 174.7833709933404,-36.86573300671817,100 174.78337700588145,-36.86573299939886,100 174.78338100586063,-36.86573400114122,100 174.78338500586088,-36.86573500378447,100 174.78339099358075,-36.86573600363374,100 174.78339400897326,-36.86573499303998,100 174.78339900319912,-36.86573099184356,100 174.7834029954137,-36.8657290057598,100 174.7834050086326,-36.86572599841692,100 174.7834060018776,-36.86572500555514,100 174.78340900122075,-36.86571399213111,100 174.78340899409227,-36.86570900512415,100 174.78341299922272,-36.865677996601036,100 174.78341399366082,-36.86566899711845,100 174.78341800662892,-36.86564300623693,100 174.78341899203156,-36.86563699573319,100 174.7834199950751,-36.865632998558134,100 174.78342399626337,-36.865625994579446,100 174.78343199831602,-36.86561399931866,100 174.78343499777358,-36.86560699595368,100 174.78344200490292,-36.86560200101028,100 174.78345200191973,-36.86559900002022,100 174.78345900817888,-36.865599998999656,100 174.78346399371603,-36.86559900209708,100 174.78347199419454,-36.86559499723602,100 174.7834879961607,-36.86558500454928,100 174.78349599733366,-36.86557900320821,100 174.7835029974323,-36.86557100420072,100 174.78350899387848,-36.86556099314427,100 174.78351699656602,-36.865546999597655,100 174.78351999687712,-36.86553400230702,100 174.7835249917591,-36.865528003726226,100 174.78352700496814,-36.865524996381446,100 174.78353299340898,-36.865515992240695,100 174.78354399388311,-36.86550100368205,100 174.783552004163,-36.86549399540384,100 174.78355999660656,-36.865490996552985,100 174.78357100350004,-36.865490999883086,100 174.78359899479884,-36.86549499357308,100 174.78360899866072,-36.865498994076,100 174.78363499557778,-36.86550000181161,100 174.78365600582504,-36.86550200556796,100 174.7836800063209,-36.86550399237372,100 174.78369999804312,-36.86550599789183,100 174.7837069958493,-36.86550600641099,100 174.78372199451977,-36.86550400561289,100 174.7837379960589,-36.86550200508053,100 174.7837400006137,-36.86550200292949,100 174.78377399849325,-36.86549299741599,100 174.7837829926544,-36.86548999793349,100 174.78378900651293,-36.865485995835186,100 174.78379600478226,-36.86547999420752,100 174.78380000561603,-36.865475002913875,100 174.78380099165543,-36.86546699502834,100 174.7838000080863,-36.86546300063427,100 174.78380000012396,-36.86545600094789,100 174.78380099367266,-36.865452995386235,100 174.78381999545556,-36.86543799754661,100 174.78382399565967,-36.865435005433596,100 174.78383600736944,-36.865412999157094,100 174.783837996608,-36.8654050059545,100 174.78383800507765,-36.86540599730129,100 174.7838400086721,-36.86541000612571,100 174.78384299875518,-36.865408004426754,100 174.78384900330312,-36.86540099739793,100 174.78384999768053,-36.86540000541684,100 174.7838670024081,-36.86538200454275,100 174.78387999837364,-36.86537000458246,100 174.78388699841312,-36.86536200555365,100 174.78389400577916,-36.86535499698706,100 174.78390500532527,-36.86534600232019,100 174.78391900229636,-36.86533599731517,100 174.78392500812103,-36.86533300122609,100 174.78393400161318,-36.86533200001304,100 174.78393600616343,-36.86533199785882,100 174.78393999798678,-36.86532999644037,100 174.78394699637826,-36.865328004863485,100 174.783952007847,-36.865326001655966,100 174.78395599852732,-36.86532399935282,100 174.78396500262645,-36.86531399990166,100 174.7839730050197,-36.8653040019694,100 174.78397499293433,-36.865300004424384,100 174.78397799561827,-36.865266998241914,100 174.78398399231457,-36.86525700157969,100 174.78398800321045,-36.865246993270674,100 174.78399799304802,-36.865231000429226,100 174.78400299669278,-36.865218000989856,100 174.78400600602453,-36.86520399675525,100 174.78401299693402,-36.86518899805027,100 174.78401900292735,-36.86518200631407,100 174.78402399708472,-36.86517800509287,100 174.7840290003763,-36.86517299783895,100 174.78403999923927,-36.86516600144072,100 174.78405100653055,-36.865159994586186,100 174.78405899912164,-36.865153000961406,100 174.7840719956178,-36.865139000899184,100 174.78408200252932,-36.865120994200986,100 174.78408499409818,-36.86511100209518,100 174.78409300396586,-36.86509799897535,100 174.78409700506586,-36.86509099497579,100 174.78410099815267,-36.86508499699178,100 174.78411300112091,-36.86506599678762,100 174.78411700283624,-36.86505699360615,100 174.78412999167185,-36.865028002566774,100 174.78414000720784,-36.86501499817091,100 174.7841589920151,-36.86499199483156,100 174.78416799539056,-36.864983992745465,100 174.78417900368208,-36.86497600471911,100 174.78418500799086,-36.86497299331716,100 174.78418999301434,-36.864969999022975,100 174.78419700049886,-36.86496700139979,100 174.78420500069794,-36.86496699213435,100 174.78421199909107,-36.86496500234485,100 174.78422299688143,-36.864967993694,100 174.7842309961632,-36.864971996304654,100 174.7842399989029,-36.86497399909606,100 174.78425200610437,-36.864977995601734,100 174.78426400709586,-36.86498100162682,100 174.78427999876314,-36.86498200623827,100 174.78430000701124,-36.86498800704866,100 174.78431399247182,-36.86499299325641,100 174.78431799290985,-36.864995993231354,100 174.78433900305228,-36.86499799777129,100 174.7843470040981,-36.865000002076904,100 174.784360006606,-36.86499899560976,100 174.78437100429548,-36.86500000490009,100 174.7843839979912,-36.8649979926673,100 174.78440199623753,-36.86498099801601,100 174.7844040014105,-36.86497899757404,100 174.7844409917648,-36.86494799840437,100 174.78449500024536,-36.864924999913534,100 174.78452800129125,-36.86494100601774,100 174.78456499562117,-36.86494099391475,100 174.7845899986392,-36.864940996053974,100 174.7846119966442,-36.86492899961771,100 174.7846379937626,-36.864915992198924,100 174.78472899239276,-36.86487000006527,100 174.78474400839355,-36.86486600241148,100 174.7847760058549,-36.86488800300962,100 174.78485199111537,-36.86493999741811,100 174.78494100693507,-36.86491900292302,100 174.78495599711596,-36.864917993571915,100 174.784968008067,-36.864901998230756,100 174.78498000382274,-36.86487599734302,100 174.78498200913288,-36.8648700021512,100 174.78498099295084,-36.86484599941373,100 174.78498899481332,-36.86483000841369,100 174.78499199509014,-36.86481499659364,100 174.7849930062656,-36.86481400435079,100 174.7850160070494,-36.864790004956234,100 174.7850190055616,-36.86478899457533,100 174.78502100224966,-36.8647860036781,100 174.78505999562776,-36.8647550003665,100 174.78506800602523,-36.864748006407424,100 174.78508899272447,-36.864737002129374,100 174.78509899755923,-36.86473299498959,100 174.78511500786453,-36.864728005299064,100 174.78512700813062,-36.86472500291655,100 174.7851540081368,-36.86471600480155,100 174.78515900156975,-36.86471400091336,100 174.78518800485574,-36.864708996274594,100 174.7851920054351,-36.86470800057835,100 174.78520399657518,-36.86470600422049,100 174.7852130085268,-36.86470300436373,100 174.7852289916759,-36.8646969929466,100 174.7852420030819,-36.86469299740695,100 174.78525299303394,-36.864693000836986,100 174.78527300190595,-36.86469700410519,100 174.78528200351565,-36.864699006834684,100 174.78528800736478,-36.86470200371579,100 174.78529399380545,-36.864707000029895,100 174.78529500485723,-36.864710003425856,100 174.78530100049332,-36.86470999626404,100 174.78532899171606,-36.86470999481192,100 174.78534400726306,-36.864712005420934,100 174.7853570017295,-36.86471200576268,100 174.78537999106575,-36.864706993194204,100 174.78539399669995,-36.86470600128593,100 174.78539899834382,-36.86470700142994,100 174.78540500271276,-36.86471199656763,100 174.7854059958271,-36.86471500023211,100 174.78541099686532,-36.864717998655074,100 174.78542199503948,-36.86472100611146,100 174.78543800357798,-36.86472399055746,100 174.78545599948498,-36.86472700642932,100 174.78546300566424,-36.864728004391104,100 174.7854660035628,-36.86472899227856,100 174.78546799900104,-36.86472999703212,100 174.78548700543163,-36.86472799257467,100 174.78549700066432,-36.86473499631284,100 174.7854989965995,-36.86473799842741,100 174.78550099203844,-36.86473900318041,100 174.78550499199002,-36.86474000485206,100 174.78551700096082,-36.86474200383401,100 174.78552799826755,-36.86474299770042,100 174.78553499587315,-36.86474700085361,100 174.7855359980872,-36.86474899758363,100 174.7855409909087,-36.86474899195898,100 174.7855519988934,-36.86474499854964,100 174.7855539949567,-36.86474400592339,100 174.78556300627457,-36.86474300341868,100 174.78556600427905,-36.86473999566273,100 174.78557000373323,-36.86473899997067,100 174.78558099524312,-36.86472899757391,100 174.78558699985243,-36.864726002321405,100 174.7855919937937,-36.864725996677784,100 174.78560999862574,-36.864719998092944,100 174.78563399171952,-36.86471300096383,100 174.78564500696504,-36.864713994549845,100 174.78565400159903,-36.86470899845245,100 174.78567600697298,-36.864702003245036,100 174.78568099154094,-36.86469899267174,100 174.785692992377,-36.86469399195347,100 174.78570700599482,-36.86469199399318,100 174.785717995903,-36.864691995578156,100 174.78572400102703,-36.864690998581345,100 174.78573800553082,-36.86469000664956,100 174.78574499548682,-36.86468900656825,100 174.78575299514944,-36.86468699983796,100 174.7857659981977,-36.86468399584055,100 174.78577399821575,-36.8646820044263,100 174.78578199899817,-36.86467999767725,100 174.78580199981965,-36.8646730046319,100 174.78581000060032,-36.86467099788101,100 174.78582900821712,-36.86466499771207,100 174.78586300581608,-36.864656006933394,100 174.7858750066329,-36.86465100619722,100 174.78588399228303,-36.86464899815892,100 174.78589099856802,-36.86464600135609,100 174.78589899940934,-36.86463999805787,100 174.78592100618334,-36.864626993552285,100 174.78593999588006,-36.86462099543779,100 174.78595800116656,-36.86461699416274,100 174.7859539927197,-36.86461500116028,100 174.78596200232218,-36.86461400016181,100 174.78597199800402,-36.86461099988316,100 174.7859810010587,-36.86460699330578,100 174.78599200840742,-36.86460499813584,100 174.78600600405798,-36.86460300041057,100 174.78601599115825,-36.86460300442261,100 174.78602499359815,-36.86460099522003,100 174.78603099868948,-36.86459999730695,100 174.78605600252715,-36.86459199342683,100 174.78606999840983,-36.864594004849714,100 174.78607599283592,-36.8645979933061,100 174.7860870084465,-36.86459900306989,100 174.78610999795515,-36.86459800041879,100 174.78611999406544,-36.864600993129194,100 174.78612700000897,-36.86460400464833,100 174.78613399786232,-36.8646059941694,100 174.786142999502,-36.864607997734396,100 174.78616699977215,-36.86461600679554,100 174.7861829998559,-36.86461800159714,100 174.78620800214787,-36.86462000077652,100 174.78622099488808,-36.864621999319965,100 174.786227993102,-36.8646240041528,100 174.7862379977894,-36.864623992558954,100 174.78624399379436,-36.864624001568174,100 174.78626700102814,-36.86461499201954,100 174.78628899835186,-36.86460900361683,100 174.78629199573857,-36.86460799412228,100 174.78629699799046,-36.8646069968505,100 174.78630100702858,-36.864606991562255,100 174.78632000606365,-36.8646039974122,100 174.78634899184,-36.86459699358288,100 174.78636099290765,-36.86459600375588,100 174.78636700537393,-36.86459599718864,100 174.78637299303688,-36.8645969968891,100 174.7863799986947,-36.86459599743585,100 174.78640199594247,-36.86459400465235,100 174.7864239923119,-36.86458999918647,100 174.78643600193902,-36.86458600505805,100 174.7864449955848,-36.86457899442205,100 174.7864560038547,-36.86456499695617,100 174.78646300360697,-36.86455300214401,100 174.786471005293,-36.86453899309598,100 174.78647700338436,-36.86452300328265,100 174.78647800627624,-36.86451900698674,100 174.78644499185316,-36.8644730032395,100 174.7864099979836,-36.86443400200617,100 174.78640499663143,-36.864426992668406,100 174.78640000359852,-36.86441899173165,100 174.78639600489794,-36.864409998793306,100 174.7863919967376,-36.8644019965694,100 174.7863900025628,-36.86439300143573,100 174.78638899213743,-36.864384005032186,100 174.78638800041878,-36.86437499302461,100 174.78638799280574,-36.86436599506461,100 174.78639500870855,-36.864359993021196,100 174.78640299191602,-36.8643540061788,100 174.78641199551885,-36.86434800219212,100 174.78642100685792,-36.86434300488492,100 174.7864299919361,-36.864338999445586,100 174.78643999702274,-36.8643350084143,100 174.78645100392032,-36.86433299608364,100 174.78646100840467,-36.86433100242847,100 174.78647199852264,-36.86432899215085,100 174.7864830052173,-36.86432899431456,100 174.78671100191613,-36.86431099510132,100 174.78683199828853,-36.86429999728182,100 174.78685699200082,-36.86430100588238,100 174.78688099249038,-36.86430300556497,100 174.7869059941446,-36.864307003779416,100 174.78692999409068,-36.8643110026316,100 174.78695399401815,-36.864315000577854,100 174.78697699169234,-36.8643209983422,100 174.78702300618053,-36.864321005752295,100 174.78716400554902,-36.864278995411446,100 174.78717599824506,-36.86427500056232,100 174.78721799169213,-36.864297995752906,100 174.78721700758365,-36.8643729993069,100 174.787250004969,-36.86409700221646,100 174.78725300322054,-36.86409800537637,100 174.7872560011153,-36.86409899321879,100 174.78726100276128,-36.86409999418593,100 174.7872650026997,-36.864100995798694,100 174.78726900265926,-36.86410199831234,100 174.78727099808222,-36.864103002134506,100 174.7872900042833,-36.86410499303264,100 174.78730899400077,-36.8641069985971,100 174.78731300305327,-36.86410699507745,100 174.78733200132012,-36.86410599724597,100 174.78733500750153,-36.86410599258681,100 174.78735399727444,-36.86410400430732,100 174.78735599291895,-36.864102995433335,100 174.78737499970973,-36.8640989933018,100 174.787384002429,-36.86409700021703,100 174.78738999858902,-36.864094995573794,100 174.7873930051478,-36.864095007131596,100 174.78741100135517,-36.864089998978415,100 174.78741200418395,-36.86408999831448,100 174.78743100187765,-36.864087002205906,100 174.7874499912649,-36.864084997692835,100 174.78746499843527,-36.864084003995636,100 174.78747299855368,-36.8640839954136,100 174.78749200566364,-36.86408400331858,100 174.78749499504463,-36.86408399980944,100 174.7875089990494,-36.86408299235495,100 174.78751199673442,-36.86408199724689,100 174.78753100403847,-36.864079991550035,100 174.78753700057092,-36.86407800311793,100 174.78755600734493,-36.86407400095785,100 174.78756000785745,-36.864073005183464,100 174.78757800404776,-36.864067997005385,100 174.78759300235924,-36.864062001891895,100 174.78759700287063,-36.86406100611629,100 174.7876130030578,-36.86405299585514,100 174.78761799750112,-36.86405099184939,100 174.787635000869,-36.864042996237124,100 174.7876429924621,-36.86403800065997,100 174.78765699812246,-36.86403099925492,100 174.78766900723303,-36.8640229940498,100 174.78767899593797,-36.86401700489172,100 174.78768199324014,-36.86401599356106,100 174.78780099950444,-36.86419899928549,100 174.78804700173964,-36.86390199906472,100 174.78807600207912,-36.863843997707946,100 174.78808899832111,-36.86381799588198,100 174.78861467197572,-36.86364479378891,100 174.78861506875876,-36.863645453906074,100 174.78861802561522,-36.86365488157378,100 174.78861681092206,-36.86366070989293,100 174.7886175176192,-36.863688759756705,100 174.78861945354882,-36.86369346625309,100 174.78863374493915,-36.86369150973707,100 174.78863546930478,-36.863691712720346,100 174.7886391523903,-36.86369216293004,100 174.78864321439607,-36.863693565559586,100 174.78865849700946,-36.86369520037894,100 174.78867551743608,-36.8636939103285,100 174.78870066500787,-36.863696185312925,100 174.78872181337067,-36.863698836865474,100 174.78873571941548,-36.86369868340907,100 174.78874068866637,-36.86370041218265,100 174.78874426411906,-36.86370038359543,100 174.78874959841394,-36.86369818784918,100 174.7887576375677,-36.8636970167668,100 174.78875942465052,-36.86369731164208,100 174.78876575909442,-36.86369836819439,100 174.78876852297572,-36.86369802734175,100 174.7887787120593,-36.863696788740256,100 174.78878852503797,-36.86369341962534,100 174.7887969482559,-36.86368971720526,100 174.78880679076963,-36.86368814401381,100 174.78882718058333,-36.8636774590308,100 174.78883424440235,-36.863671983407826,100 174.78885334214502,-36.863663471172174,100 174.78886309898016,-36.86365793517497,100 174.78887590907007,-36.86364878570835,100 174.78893544719395,-36.863623215174314,100 174.78894298813788,-36.86361881487029,100 174.78896349869657,-36.86361350183224,100 174.78896800056555,-36.86361452557497,100 174.78896977806173,-36.86361378405104,100 174.7889712998347,-36.8636017877459,100 174.78898604191505,-36.86357581812677,100 174.7889886786351,-36.86357286259511,100 174.78899408152287,-36.863571348119265,100 174.78900857581615,-36.86357256211981,100 174.78901320350388,-36.86357647997023,100 174.78901427083792,-36.86358299771,100 174.7890161680121,-36.86358623379724,100 174.7890193324971,-36.8636050439762,100 174.7890242047102,-36.863604343286426,100 174.78903124287228,-36.8636058975847,100 174.7890344080216,-36.863608044690544,100 174.78904685698487,-36.86361438835896,100 174.78905025710694,-36.863618915068045,100 174.7890628374215,-36.863632334074424,100 174.7890693520631,-36.86364376321583,100 174.7890731636436,-36.86364746260874,100 174.78907984105038,-36.86366048376828,100 174.78908590582193,-36.86366719666357,100 174.7890882436432,-36.863671386041304,100 174.78909149966373,-36.86367435109488,100 174.78909562569413,-36.86368157720032,100 174.78916108702882,-36.8637662196823,100 174.78916524609323,-36.863768705143656,100 174.78918534604222,-36.86378825538831,100 174.78919477144427,-36.863793952339726,100 174.78919705384163,-36.86379735207502,100 174.78920519041685,-36.86379997323294,100 174.78921087188334,-36.86380785371971,100 174.78921925178085,-36.86381321218585,100 174.7892265882294,-36.86382298580135,100 174.78923030929414,-36.86382588165583,100 174.78923592420665,-36.863827878298515,100 174.789261167409,-36.86384988204284,100 174.7892975112218,-36.863884910624996,100 174.7893031653612,-36.863892436390856,100 174.7893119738853,-36.86389698169688,100 174.78931920039685,-36.86390045389552,100 174.78933016441596,-36.863906853244195,100 174.78935332022166,-36.863906931774856,100 174.78935348323213,-36.86390685090353,100 174.78936696856198,-36.86390015277377,100 174.78944622501416,-36.86386867780715,100 174.78946301053017,-36.86385895103945,100 174.7894725476443,-36.86385558602271,100 174.78948380015333,-36.863849730909166,100 174.78949593757176,-36.86384266729155,100 174.78950917522073,-36.86383670115822,100 174.78951416173882,-36.863832436633615,100 174.78952629915162,-36.86382537301302,100 174.789539990904,-36.86381896559167,100 174.78954355634085,-36.86381518936209,100 174.78956263661001,-36.86380333330717,100 174.7895729854472,-36.86379321854548,100 174.7895813392249,-36.86378755039346,100 174.78958517237052,-36.86378140141084,100 174.78960034699818,-36.86377018283292,100 174.78960112877206,-36.863763014423945,100 174.78960477460114,-36.863759655203225,100 174.78961546607562,-36.86374278244286,100 174.789622514895,-36.86373406938857,100 174.78962635804228,-36.86373301372274,100 174.7896292006272,-36.863733353978596,100 174.78963284072958,-36.863733788580646,100 174.78963893968987,-36.86373576168968,100 174.78964389353774,-36.86373625221689,100 174.78964856994358,-36.86373869832232,100 174.78965556253505,-36.863739836850826,100 174.7896813806601,-36.86373661777869,100 174.78969361688192,-36.863730713578086,100 174.78970407159167,-36.863721387685146,100 174.7897093310935,-36.86370959195584,100 174.7897156745889,-36.86370367916509,100 174.78971844151215,-36.86369640063555,100 174.78971710774323,-36.86369293794974,100 174.78971785649637,-36.86369050927974,100 174.78972175096905,-36.863684729819575,100 174.789720083346,-36.863677727194684,100 174.7897349542817,-36.86363733681911,100 174.78973439179836,-36.863626304785576,100 174.78973846410912,-36.863617377873176,100 174.7897402472824,-36.86361014841155,100 174.78974496307586,-36.863602743182135,100 174.78974677390116,-36.8635959297227,100 174.7897496400368,-36.86358982684723,100 174.78974893453264,-36.86357723224281,100 174.78975077233738,-36.863570805952854,100 174.78975380990823,-36.8635666663162,100 174.789757604032,-36.863559711217135,100 174.7897630647804,-36.86355505196323,100 174.78977584072751,-36.86355463779491,100 174.7897843711371,-36.863556446282395,100 174.78984314240168,-36.86356336390786,100 174.78989098882832,-36.86357411903,100 174.78990928494673,-36.86358005455232,100 174.78991508926043,-36.86358401503232,100 174.7899290859487,-36.8635914015772,100 174.78994392567174,-36.86360266019341,100 174.78995169608382,-36.863606510834906,100 174.78997559620507,-36.86362469585463,100 174.78997957781175,-36.86363034405627,100 174.7899827893684,-36.86363289243474,100 174.78998903171058,-36.86363644341369,100 174.7899913039972,-36.86363945661117,100 174.78999660893393,-36.863643456156765,100 174.7900101051337,-36.8636508817783,100 174.79001497130864,-36.86365530705561,100 174.7900212578416,-36.863659213396126,100 174.79003246668796,-36.863668364385916,100 174.79005495068134,-36.86368191169987,100 174.79006413727367,-36.8636904000219,100 174.79007300161703,-36.863695750227755,100 174.79009883529184,-36.86371853356839,100 174.790111026823,-36.86372763729773,100 174.79014786808432,-36.86375248290279,100 174.79015796588365,-36.86376012014498,100 174.79016458704342,-36.86376759795046,100 174.79019143753845,-36.8637855942606,100 174.79019979125232,-36.863790597022245,100 174.79020742880817,-36.86379327159772,100 174.79022044213062,-36.86380072069391,100 174.79023166786266,-36.86380987231111,100 174.79025647057463,-36.86382087171678,100 174.7902932398626,-36.86383960097017,100 174.79029810642328,-36.86384404155239,100 174.79030731032856,-36.86384783812318,100 174.79031465511994,-36.86385253159598,100 174.79031578192013,-36.863854045993605,100 174.79031767236646,-36.8638582889565,100 174.79033130405452,-36.86386695093915,100 174.79034763523967,-36.863873089957245,100 174.79040017571634,-36.86390231919751,100 174.79042375100934,-36.86391196071712,100 174.79043458369853,-36.863917246984954,100 174.79044835502418,-36.86392194185847,100 174.79047409749248,-36.86393384011374,100 174.79049335235408,-36.86393941858835,100 174.79050235596057,-36.863940832317084,100 174.79051258858271,-36.8639449675964,100 174.7905777831192,-36.86396240133069,100 174.79060113123603,-36.8639645669253,100 174.7906057365308,-36.86396627136053,100 174.79063047838056,-36.863967546153894,100 174.79065300440473,-36.863971351945686,100 174.79067012583084,-36.863969918576664,100 174.79067129708548,-36.863970117246986,100 174.79067711919234,-36.86397108857981,100 174.79067945178687,-36.86396976361052,100 174.79068627364484,-36.86396896857427,100 174.79070396080763,-36.863968704724854,100 174.79070399444822,-36.86396870421787,100 174.79071409833463,-36.863966506808005,100 174.79071737648516,-36.863966668317616,100 174.7907215370707,-36.8639668615952,100 174.79072982492792,-36.86396596514501,100 174.79074294533208,-36.8639695404159,100 174.79075045114337,-36.8639757961593,100 174.79074760408122,-36.86396190526481,100 174.7907904260019,-36.86385917962572,100 174.7908697706123,-36.86381243189888,100 174.7909153911104,-36.863771839313536,100 174.79098811330658,-36.86371089157755,100 174.79102846465452,-36.86364227822046,100 174.7910667524377,-36.86359473140883,100 174.79113686157658,-36.863561687872064,100 174.79117987965913,-36.863548782093794,100 174.7912402847369,-36.86352934357629,100 174.79134300565553,-36.863503919444156,100 174.79134673946552,-36.86350399565065,100 174.79143456329174,-36.86350584341055,100 174.7915227441677,-36.86345938205663,100 174.79165872692786,-36.86343463960691,100 174.79175932104087,-36.863429831968816,100 174.79181963806545,-36.863410380065375,100 174.7919477838974,-36.86337856638523,100 174.791990680267,-36.86336564682838,100 174.7920668401234,-36.863353425266396,100 174.7921256829278,-36.863347749877086,100 174.79219345680656,-36.863335343752674,100 174.79225286448585,-36.86332278256362,100 174.79227307550622,-36.863281854358526,100 174.7923009330107,-36.86324796834518,100 174.7923198755581,-36.863220783054146,100 174.79237021266894,-36.863214939304086,100 174.7923705850142,-36.863215320361924,100 174.792431443378,-36.86327820181301,100 174.79245840203967,-36.863354488274474,100 174.7925426791232,-36.863445597845995,100 174.79260549611308,-36.86348134458827,100 174.7927195654765,-36.863511186718334,100 174.79284467500915,-36.86351366515742,100 174.7928477922692,-36.863513566746356,100 174.79297770034918,-36.863509506436685,100 174.79306640380457,-36.86353199840341,100 174.79306888675148,-36.863531445369,100 174.7932079875069,-36.8635007025568,100 174.79331939290694,-36.863435622851256,100 174.79339724612564,-36.86338341672518,100 174.7934805651038,-36.863365406868795,100 174.79361355713868,-36.86334131663538,100 174.79374822946954,-36.86329669362658,100 174.7938803924696,-36.86324190699743,100 174.7940875149804,-36.86320869406671,100 174.79425828446497,-36.863216168144,100 174.79440531255406,-36.86327237265759,100 174.79451667553474,-36.86327775824479,100 174.79456886162689,-36.86329461830401,100 174.79466454120728,-36.86332093986049,100 174.7947438022614,-36.86335374659672,100 174.79479357459687,-36.86333479497161,100 174.79488419262856,-36.86330241470495,100 174.79499314827243,-36.863292260174894,100 174.7951421616135,-36.86326769816966,100 174.79514531870083,-36.86326781631931,100 174.79528538917174,-36.86327320101771,100 174.79544127474713,-36.863247083650556,100 174.79555844029355,-36.86325102316544,100 174.7957488588341,-36.863313965791406,100 174.795890340494,-36.86337613080229,100 174.79596744616293,-36.86349571501136,100 174.7959792993595,-36.86359704729863,100 174.79597806514312,-36.863713373770935,100 174.79600289011125,-36.863846515611435,100 174.79600024797628,-36.863913865700745,100 174.79601572985865,-36.86393454544526,100 174.7960648874629,-36.86394251834834,100 174.79611418230033,-36.863943799422664,100 174.79611966545068,-36.86397801066326,100 174.79611240956316,-36.864039367191076,100 174.79611103291637,-36.864135562611686,100 174.79606740726132,-36.864216978368404,100 174.79604567182008,-36.8642397195941,100 174.79603470724135,-36.86427265889473,100 174.7960302915174,-36.864306943149806,100 174.7960349712468,-36.86430415487835,100 174.79603789759258,-36.86430241703039,100 174.7960409932039,-36.864301824027606,100 174.7960627452624,-36.86429109919499,100 174.79606804507233,-36.86428624018839,100 174.79609496720815,-36.86426765504464,100 174.79610652475446,-36.86426157657416,100 174.79611287227527,-36.86425714879216,100 174.7961202475934,-36.86425234944482,100 174.796138906758,-36.86423898085608,100 174.79616823115896,-36.864211032332925,100 174.79616946752475,-36.86421008256074,100 174.7961794248048,-36.86419961712375,100 174.7961952749447,-36.864186482073116,100 174.79620789376332,-36.86417403671961,100 174.7962288514483,-36.86414596408823,100 174.796257101969,-36.86409596521103,100 174.79626458245278,-36.86407860321327,100 174.79626861817803,-36.86406963067098,100 174.79627234783266,-36.864064210423486,100 174.79633491219255,-36.863958146906214,100 174.79633612263564,-36.86395685681833,100 174.79635018176288,-36.86393531139512,100 174.7963536346005,-36.86393119596134,100 174.7963586836752,-36.86392468497402,100 174.79636324632168,-36.86391938913385,100 174.79636700781285,-36.863913844017404,100 174.79639541588693,-36.8638746047062,100 174.7963993537972,-36.86386854586268,100 174.79641954596417,-36.86384496171945,100 174.79646782829377,-36.86378183479331,100 174.79647312245075,-36.86377544357914,100 174.79649899777394,-36.86373314914298,100 174.79650284299373,-36.86372552787538,100 174.79650855820717,-36.863714699313974,100 174.7965147364575,-36.86370242341268,100 174.79652659105884,-36.863684461671994,100 174.7965292021139,-36.863679895672604,100 174.79656670123094,-36.863628084905024,100 174.79661860507687,-36.8635747151317,100 174.7966225755652,-36.863570575639116,100 174.79663132030473,-36.863537319229046,100 174.79663674187285,-36.86349584779273,100 174.79665700644156,-36.86344844374595,100 174.7966900618302,-36.86340318075482,100 174.79669431697852,-36.86339869534833,100 174.79669604086533,-36.863396530405545,100 174.79670386056495,-36.863377566079315,100 174.7967032060931,-36.8633750062597,100 174.79670322461354,-36.86336904362596,100 174.7967101465585,-36.86335011180229,100 174.79670899593617,-36.86330443044102,100 174.79670408570897,-36.86328233356556,100 174.79670425747037,-36.86327228104475,100 174.79671199725223,-36.86323362007589,100 174.79671513488418,-36.86322601040215,100 174.7967200663872,-36.863217595748004,100 174.79672119122182,-36.86321370478666,100 174.79672732721917,-36.86319512555206,100 174.7967328879487,-36.86317099826431,100 174.79673368345354,-36.86316770175803,100 174.79674091375708,-36.86315336389832,100 174.79674889475453,-36.863134630576475,100 174.7967540938671,-36.86312724931486,100 174.7967698800232,-36.86308433493414,100 174.7967744084633,-36.86307039756253,100 174.79677331318035,-36.863051506748,100 174.79677896916363,-36.86303772177769,100 174.79678869882352,-36.863012470570986,100 174.796791147814,-36.86300764382566,100 174.79679424169024,-36.86298968924852,100 174.79679747073348,-36.86298229541282,100 174.79680693321535,-36.8629320829718,100 174.79681530379688,-36.86291106697314,100 174.79681350764918,-36.86290310557126,100 174.79681280754252,-36.86289074258354,100 174.79681334605152,-36.86288418441358,100 174.79681125276147,-36.8628627696201,100 174.79681202378302,-36.86285454857,100 174.79681215600746,-36.8628536326133,100 174.7968120208504,-36.86284776604225,100 174.7968185796643,-36.86283416661326,100 174.79681982875763,-36.862829020010025,100 174.79682685366305,-36.862815397308324,100 174.79682984417414,-36.86280548242962,100 174.7968407666146,-36.86278159042639,100 174.7968469831904,-36.862773446564994,100 174.79685729281888,-36.86274259557934,100 174.7968638499049,-36.8627282525697,100 174.79688058903673,-36.862698780745994,100 174.79689250344535,-36.86268515440396,100 174.79689354480456,-36.862684021897664,100 174.79690744586608,-36.86266503499523,100 174.79691182404125,-36.862638649701815,100 174.79692088720617,-36.862598356210036,100 174.79692369578277,-36.86259140227319,100 174.79693720393985,-36.86256727917289,100 174.79695755370108,-36.86254579898433,100 174.79697090490484,-36.86253561655248,100 174.79698445617532,-36.86251912983603,100 174.79698616279026,-36.86251699489446,100 174.79698985968312,-36.862509654367734,100 174.79699172088,-36.86250411002876,100 174.7970000113213,-36.86249198422919,100 174.79700555898032,-36.86247539772334,100 174.79701433135438,-36.86246253635282,100 174.797018480861,-36.862449999974345,100 174.79702357047674,-36.8624430232553,100 174.79702448634848,-36.862439694281065,100 174.7970226545677,-36.86243969404253,100 174.79702820257725,-36.862423122853045,100 174.797035107662,-36.862410230232676,100 174.7970360488362,-36.862406544846976,100 174.79704480742413,-36.862395154667176,100 174.7970567823924,-36.86238450000746,100 174.79707564870017,-36.8623764568555,100 174.79709543724033,-36.862363967871204,100 174.7970987970823,-36.86235962217855,100 174.79710996082446,-36.86234503191998,100 174.797120795935,-36.862321775754225,100 174.79712397572803,-36.8623177888127,100 174.7971384096487,-36.86228473023966,100 174.79715014248998,-36.862268768546215,100 174.79716010371513,-36.86224914987616,100 174.79718719805498,-36.862205921995,100 174.79719633915897,-36.86219530026851,100 174.79720008973106,-36.86219068366976,100 174.79720609856327,-36.86218449703386,100 174.7972103188189,-36.862177999448036,100 174.79725108073023,-36.8621361376649,100 174.79731946467376,-36.86208267785885,100 174.7973233336795,-36.86207866426299,100 174.7973250679349,-36.862077566339174,100 174.79732501437917,-36.86207614213306,100 174.79732679275236,-36.86207611343071,100 174.79733994743296,-36.86205836178593,100 174.79735677760328,-36.86204375429509,100 174.79736459104166,-36.86203789367908,100 174.7973705546302,-36.862030638731916,100 174.7973976673586,-36.86200477030531,100 174.7974055076879,-36.86199996204328,100 174.7974121277242,-36.861998750553674,100 174.79742748078564,-36.86199310577354,100 174.79743488092208,-36.861988660197035,100 174.79747337861605,-36.86197005106966,100 174.79748685609212,-36.86196339811504,100 174.79749273031982,-36.86196137858638,100 174.79749646353977,-36.86196277326746,100 174.79751854972918,-36.86195294085317,100 174.79753067279378,-36.86194669776088,100 174.79757199288287,-36.86191569756803,100 174.7975749753246,-36.86191008758555,100 174.79759714562303,-36.86189288273817,100 174.7976045749617,-36.861884178786376,100 174.79761341293536,-36.861876565775475,100 174.79763260054168,-36.861864242627306,100 174.79764367080966,-36.86185471835468,100 174.79765987535413,-36.86184726069013,100 174.797692465318,-36.861826086427484,100 174.79770958446636,-36.861818598695066,100 174.79772405926866,-36.861813772059726,100 174.79773032488362,-36.861809547332115,100 174.79776734414045,-36.86179525265254,100 174.79778758930667,-36.8617856986151,100 174.79779959296147,-36.861780201808,100 174.79787943625652,-36.8617535742087,100 174.79789365375242,-36.861746815371056,100 174.79794025266318,-36.86173880313529,100 174.79794339634728,-36.861738734837,100 174.79794567688057,-36.86173940878193,100 174.79794874983386,-36.86173895487952,100 174.79795104714887,-36.861738621775345,100 174.79797563691756,-36.861732045787065,100 174.7980005641289,-36.86172187195252,100 174.79801305157739,-36.861717682856316,100 174.79802286487546,-36.86171497816781,100 174.79803086162218,-36.86171086423285,100 174.79804115858576,-36.86170816844816,100 174.79804832437443,-36.86170731911525,100 174.79807421559556,-36.8616996544257,100 174.7981104790246,-36.861692169873635,100 174.79811372308632,-36.86169231637313,100 174.79812177459337,-36.86169269297298,100 174.79812993069157,-36.861694708425524,100 174.79813940653966,-36.86169564934003,100 174.79814801964295,-36.86169730184687,100 174.7981530510068,-36.86170009827346,100 174.79816712615502,-36.86170382682775,100 174.79817446718184,-36.86170839638613,100 174.79819592530419,-36.861714990330405,100 174.7981987702643,-36.86171610369405,100 174.79820741284422,-36.86171623789651,100 174.79822406070613,-36.86171922717015,100 174.79824959811853,-36.861719248101714,100 174.7982587749891,-36.86171800958824,100 174.79826726803705,-36.86171501840496,100 174.7982778627259,-36.8617124866444,100 174.79829656824995,-36.86170621055501,100 174.7983025172231,-36.86170575457899,100 174.7983103124319,-36.861701178584866,100 174.79832110939554,-36.861701773206235,100 174.79832230371161,-36.86170152078307,100 174.7983321591557,-36.86169946619765,100 174.798336518223,-36.86169099975147,100 174.7983475679811,-36.861688692741495,100 174.79835191020533,-36.86168022564834,100 174.7983629603415,-36.86167793485534,100 174.79837328619485,-36.86167766861317,100 174.79837556110292,-36.861676762588715,100 174.79838292544275,-36.86167691882834,100 174.79840443524856,-36.86167485459709,100 174.79841085741305,-36.861675970598846,100 174.79841356025955,-36.861675615123914,100 174.79841790031756,-36.86167504739113,100 174.79845476360072,-36.86167607130356,100 174.79848589144117,-36.861686420733356,100 174.79849118136997,-36.86168986309692,100 174.79849945059547,-36.861694215784865,100 174.79851797440702,-36.861700286240655,100 174.79853383764566,-36.861702342744145,100 174.79853914625795,-36.86170581636957,100 174.7985413457479,-36.861708009383555,100 174.79854623009888,-36.86171046731259,100 174.7985572940746,-36.86171135080588,100 174.7985601915372,-36.861711162734785,100 174.79856162890982,-36.86171127798166,100 174.79856609545496,-36.861710985941116,100 174.79857501435185,-36.86171309797751,100 174.7985821342323,-36.86171646306431,100 174.7986252917149,-36.86172630138098,100 174.7986433694057,-36.86172846135322,100 174.7986521788453,-36.86173102390714,100 174.79868560345398,-36.861738670555845,100 174.79872133844708,-36.86175146942346,100 174.7987292377839,-36.8617529145688,100 174.79875940155068,-36.861762042784974,100 174.79876646218074,-36.861762497434576,100 174.79877047908087,-36.86176278634562,100 174.79879393153485,-36.86176037987121,100 174.7987951217705,-36.86176062324116,100 174.79880310437585,-36.861762270823476,100 174.79881909957567,-36.86177076805743,100 174.79883740645602,-36.861777104937616,100 174.79884129664546,-36.861776869382886,100 174.7988714104319,-36.86177511015976,100 174.79889200954386,-36.86178257145049,100 174.79891165063475,-36.86179438267876,100 174.79892806525538,-36.86180765875324,100 174.7989560038952,-36.86182297133877,100 174.7989577948971,-36.86182405557369,100 174.7990142079125,-36.861840022259564,100 174.79902265212664,-36.8618437990099,100 174.79904221386414,-36.86184724970197,100 174.7990602250091,-36.861852166910296,100 174.79911282460998,-36.861867623442826,100 174.7991566272126,-36.861871721087674,100 174.7991612283708,-36.86187190739975,100 174.79918128507498,-36.86187575257111,100 174.7991869611302,-36.86187810384517,100 174.79920614535666,-36.86188162331984,100 174.79921576875796,-36.86188493243342,100 174.79922280195942,-36.861888282569566,100 174.79923368542416,-36.86189022059443,100 174.7992423920305,-36.86189078819686,100 174.79944085806088,-36.86193563939046,100 174.79947499203533,-36.861947936793534,100 174.79948465174917,-36.861953319314395,100 174.7995012648789,-36.861959653799765,100 174.79952310236547,-36.861964862709,100 174.79955017606954,-36.86197346877481,100 174.7995584866363,-36.86197541959661,100 174.79958146003187,-36.86197783787421,100 174.79960804124923,-36.8619840979913,100 174.799637206699,-36.86198805390012,100 174.79964859049724,-36.86198860616273,100 174.79969677175143,-36.86199430296287,100 174.7997327246461,-36.86200413732585,100 174.79974441128863,-36.86200837056412,100 174.79975716045686,-36.86201161065715,100 174.79980046085004,-36.86201896859914,100 174.79981259786584,-36.86202322565439,100 174.7998229008457,-36.86202475599913,100 174.79983431618265,-36.8620278477371,100 174.79987393477447,-36.8620351433454,100 174.79988398328373,-36.862035532839904,100 174.79989589217996,-36.86203833768087,100 174.79990646539966,-36.86204096355737,100 174.79991556824186,-36.862044171436914,100 174.79992525584612,-36.862049258761274,100 174.7999448718411,-36.86205544854949,100 174.79996244223537,-36.86205740058414,100 174.7999810513225,-36.86205873028111,100 174.79999817173186,-36.86206062693464,100 174.8000123998972,-36.86206159575672,100 174.80001501683037,-36.86206121180258,100 174.80002363669425,-36.86206181040559,100 174.8000435899634,-36.86206234277662,100 174.80005279842226,-36.8620636454194,100 174.80006261287411,-36.862062999201584,100 174.80008473391925,-36.86206518332689,100 174.80010462613663,-36.86206536058397,100 174.80012300751503,-36.862061909405504,100 174.8001253477447,-36.862062210151166,100 174.80014232068805,-36.86206441907822,100 174.80015751548626,-36.86206470624845,100 174.80021307490802,-36.86206904000232,100 174.80022208991525,-36.86206620932217,100 174.80024902243457,-36.86206602120749,100 174.80026094291276,-36.8620666418939,100 174.80027368994305,-36.86206644335855,100 174.80031424535147,-36.86206858159037,100 174.8003175255288,-36.86206844987005,100 174.80031756028976,-36.86206844934338,100 174.80032600025106,-36.86206812137055,100 174.80032679706358,-36.86206818591155,100 174.80034613778244,-36.862069765854095,100 174.8004190249933,-36.86207001439446,100 174.8004474409941,-36.86207305308075,100 174.80048394132555,-36.86207939434658,100 174.80049469878165,-36.86208045355715,100 174.80052159603966,-36.8620848807658,100 174.80055347307473,-36.862086173367544,100 174.80056260766614,-36.862087243643415,100 174.8005725673544,-36.862086859274704,100 174.80059080625347,-36.86208794842017,100 174.8006252608436,-36.862087322653764,100 174.8006252956045,-36.862087322127,100 174.80064586069375,-36.86209012100386,100 174.8006488258665,-36.86208985434055,100 174.80064885950608,-36.86208985383078,100 174.8006684438711,-36.86208814555258,100 174.8006698132114,-36.86208832489843,100 174.80066984797233,-36.862088324371655,100 174.80068125621517,-36.86208982166814,100 174.80069355644537,-36.86209042033207,100 174.80077999911202,-36.862108328646634,100 174.80078396177154,-36.86210816944491,100 174.80078995880118,-36.86210794425964,100 174.80080419741756,-36.86211064790391,100 174.8008277660771,-36.86211730041733,100 174.8008424265061,-36.86211962360891,100 174.8008539549808,-36.86212241969728,100 174.8008699526413,-36.86212431881928,100 174.80087234600515,-36.86212401574974,100 174.80088257619445,-36.86212273042397,100 174.80088439658087,-36.862122962419605,100 174.80088443019935,-36.86212296100875,100 174.80095726199713,-36.862132363145285,100 174.8009766816709,-36.86213496390533,100 174.80102401543826,-36.862137283077345,100 174.80107522233382,-36.86214700119373,100 174.80109038344463,-36.86215129970895,100 174.80114923575817,-36.86217863843446,100 174.8011724583377,-36.86218526367655,100 174.80117439363076,-36.862185277604794,100 174.80118889773908,-36.86218557601378,100 174.8012002393717,-36.862183852887924,100 174.80122436265492,-36.86218326187472,100 174.80122457866767,-36.86218328924571,100 174.80123854394463,-36.86218509924841,100 174.80129088070757,-36.86218312240891,100 174.80129366348265,-36.86218449892958,100 174.80131150613886,-36.86218624383538,100 174.80136344277457,-36.86218681299998,100 174.8013996032554,-36.86219066603403,100 174.8014288334307,-36.862192498769794,100 174.8014518677009,-36.86218723365784,100 174.80145568706584,-36.86218727760448,100 174.80148242492635,-36.862187587896535,100 174.80152120845557,-36.86219198609367,100 174.8015270771717,-36.86219307967122,100 174.80155405098424,-36.86220114508649,100 174.8015885751121,-36.86220452984072,100 174.80159148980448,-36.8622043107888,100 174.80159154138525,-36.86220431000673,100 174.8016008023487,-36.86220364321084,100 174.80161454067755,-36.86220104275845,100 174.80162421269543,-36.86219824797886,100 174.8016447304607,-36.862195255402035,100 174.8016577994071,-36.862195485380376,100 174.80165991343412,-36.86219537220601,100 174.80167229299903,-36.86219471490296,100 174.80167381564638,-36.86219478285076,100 174.8016738851682,-36.862194781796624,100 174.80168893470588,-36.86219547387102,100 174.80170181898134,-36.862198587320535,100 174.80172950401305,-36.86220273731584,100 174.80177777462384,-36.862221827596336,100 174.80177941871847,-36.862217944038626,100 174.80178202486275,-36.86221915467589,100 174.8017926346852,-36.862222523431974,100 174.80180600967967,-36.86222456044224,100 174.8018437327821,-36.86222736392281,100 174.80185766194725,-36.86223011900207,100 174.80187280211558,-36.86223228156344,100 174.80190064770957,-36.86224465198901,100 174.80191595988572,-36.86225007838478,100 174.8019434083529,-36.862269085063616,100 174.80196516931198,-36.86227336540159,100 174.80201560483508,-36.86227530634736,100 174.80201719787175,-36.86227512355264,100 174.80203962002707,-36.86227259595957,100 174.8020534734165,-36.86227179007774,100 174.80207286348,-36.862267253412355,100 174.80208160304613,-36.86226315678396,100 174.8020931564496,-36.86226161513543,100 174.80211850353857,-36.86225228493643,100 174.80212772507866,-36.862250751610354,100 174.8021697414317,-36.8622405836173,100 174.80218128751258,-36.86223939900109,100 174.80219094703176,-36.862236789139345,100 174.8022099145441,-36.8622359444309,100 174.80221038353213,-36.86223604457688,100 174.80222150343874,-36.86223844473173,100 174.8022275079663,-36.86223877728817,100 174.80222795368752,-36.86223731396587,100 174.80223120340892,-36.8622380344188,100 174.80223861257127,-36.862240573777164,100 174.80226131489198,-36.86224448195164,100 174.80227750692663,-36.8622458668765,100 174.80228675690904,-36.8622454489629,100 174.80229784952917,-36.86224611444917,100 174.80233166806897,-36.86225293387119,100 174.80235343926537,-36.86225760155777,100 174.80236918131567,-36.86225897887419,100 174.80238026269078,-36.86225854489118,100 174.80238238858848,-36.86225855500717,100 174.80238244016923,-36.862258554224766,100 174.80241354620654,-36.862258728644484,100 174.80242186152762,-36.862257583097126,100 174.80243154812524,-36.862255314412145,100 174.80244079100416,-36.86225196814785,100 174.80251367550707,-36.86223352259706,100 174.802524753747,-36.862231618566284,100 174.80253444731468,-36.862228978416084,100 174.80253535773286,-36.86222676443965,100 174.80254226026486,-36.86222378175728,100 174.8025699465891,-36.86221738588446,100 174.80258379783376,-36.86221582104707,100 174.8026285622341,-36.862206365623486,100 174.80266601570645,-36.86220542697328,100 174.80266637076332,-36.862205452232196,100 174.8027257071144,-36.86220987622801,100 174.8027734540842,-36.86222471612556,100 174.80279481545307,-36.86223490343175,100 174.80284067686745,-36.8622456870471,100 174.8028601269788,-36.86224814732872,100 174.80288329411056,-36.862254649592096,100 174.80288839637134,-36.86225682642188,100 174.80289951427199,-36.862257135439876,100 174.80292033110115,-36.862260331196744,100 174.80295734204472,-36.862262326713775,100 174.80295794023232,-36.86226205354526,100 174.80296058606052,-36.862260847067866,100 174.80296649275633,-36.86225873484078,100 174.80298992446694,-36.86225019515038,100 174.80301455654055,-36.862236649238355,100 174.80305895678458,-36.8622191466277,100 174.803067821128,-36.8622237982203,100 174.80307187863508,-36.86221970406525,100 174.8030763702081,-36.86221303090556,100 174.80308362924916,-36.86220779754994,100 174.8030918773604,-36.86220474754781,100 174.80311137212937,-36.86218829884854,100 174.80312005721657,-36.86218341430063,100 174.80312639286382,-36.86217855368717,100 174.80314038890654,-36.86216329616955,100 174.80315220841842,-36.86215470372209,100 174.80317393136056,-36.86213493402145,100 174.8031821411544,-36.862130397387425,100 174.80319852075104,-36.862118429627934,100 174.8032049136669,-36.86211576740524,100 174.80321357205253,-36.86211051100335,100 174.8032227249843,-36.862106346727764,100 174.8032336319487,-36.86209920935981,100 174.80323959492736,-36.862097297263496,100 174.80326444235357,-36.862094015169845,100 174.80327416046043,-36.862094997964775,100 174.80329041952967,-36.86210028542784,100 174.8032987488621,-36.862101646226826,100 174.80334684184504,-36.86212781676616,100 174.80335615330736,-36.86213173327058,100 174.80336867470618,-36.86213486826991,100 174.8033868195454,-36.86214159357578,100 174.80339793146456,-36.86214365303579,100 174.80340583196735,-36.862146478699906,100 174.80341799485979,-36.862154404336714,100 174.80345601018726,-36.86218438360759,100 174.8034639402391,-36.8621883228726,100 174.80346960193148,-36.862194112761046,100 174.8034738752509,-36.86220029777677,100 174.8034804910382,-36.86220683030722,100 174.80349409407398,-36.862217659819635,100 174.80350553853717,-36.86223515323435,100 174.80350807047284,-36.862246137262325,100 174.80350312235097,-36.862273756341864,100 174.80350378669849,-36.86228402781667,100 174.80351222576743,-36.862312196321,100 174.80350640058163,-36.862320733875166,100 174.80350246086033,-36.86233069666896,100 174.8034543779536,-36.86237067070432,100 174.80344271454263,-36.8623859036706,100 174.80344144242542,-36.86239215122119,100 174.80344293003708,-36.86239616843808,100 174.80344467635703,-36.86241414975744,100 174.8034471548076,-36.86242109300038,100 174.80344825612215,-36.86242952993053,100 174.80344797454953,-36.862437975230876,100 174.80344259823664,-36.862446521291865,100 174.80343628511395,-36.86245358084393,100 174.80342333830515,-36.86247396189812,100 174.80339903181527,-36.86250331511878,100 174.80338175894,-36.86253807867262,100 174.8033805146043,-36.862544697151954,100 174.80338063270204,-36.86255058019281,100 174.80337629399597,-36.86256313587675,100 174.80337343656004,-36.862580822927704,100 174.80337310971774,-36.862588153960225,100 174.8033653385312,-36.86261287841984,100 174.8033654941757,-36.86262021564969,100 174.80336079836292,-36.862638290234884,100 174.80336012906272,-36.8626504269888,100 174.80336543478967,-36.86272749375114,100 174.8033652323222,-36.86273963874257,100 174.80336348216693,-36.86274406563468,100 174.80336590230797,-36.86279324193608,100 174.80336597157483,-36.86279657042583,100 174.80337128468173,-36.86280752396338,100 174.80337509471198,-36.8628357537167,100 174.80337280034902,-36.86285782984722,100 174.80336627563466,-36.86287664785146,100 174.8033673590077,-36.86288508505412,100 174.80336612199903,-36.862891347393486,100 174.80336628901642,-36.86289907292691,100 174.80337697669208,-36.86292535956892,100 174.8033855581646,-36.86293772907602,100 174.80340737657477,-36.8629661064347,100 174.8034092947668,-36.862970116215145,100 174.80341690397836,-36.862980302113876,100 174.8034291735095,-36.86299299690805,100 174.80345309992154,-36.86301141132645,100 174.80345876455223,-36.863017943871505,100 174.80348038324777,-36.863036010241736,100 174.80349597361285,-36.86305344974068,100 174.80350725083755,-36.863063203200596,100 174.80351058811343,-36.86306793233955,100 174.80352283943816,-36.86307989911914,100 174.80353895383928,-36.863100256399655,100 174.80354374286838,-36.863109003296884,100 174.80356555961058,-36.86313663704635,100 174.8035725762196,-36.86314132025054,100 174.80358049652963,-36.863144888302756,100 174.80359350391527,-36.86314874327845,100 174.80361461863077,-36.8631653616129,100 174.80363730259714,-36.863191138048236,100 174.8036452801877,-36.86319690358864,100 174.8036498818137,-36.86319648582242,100 174.8036521371114,-36.86319350601738,100 174.8036558047924,-36.86319234440286,100 174.80365758590386,-36.86318975937074,100 174.80366501865376,-36.86319186473668,100 174.80367015781152,-36.86319546418335,100 174.803673951708,-36.86319981413372,100 174.80368444056637,-36.863215109248586,100 174.8036897667732,-36.863227904905244,100 174.8037102214778,-36.86325628758266,100 174.80372761095077,-36.86327185560262,100 174.80373237014678,-36.8632787597094,100 174.80374875784636,-36.86331159543332,100 174.80375399438913,-36.863319622570046,100 174.80375819887237,-36.86332249440063,100 174.80377917442203,-36.86333175900209,100 174.80378799960283,-36.86333421277056,100 174.80380613527478,-36.86334058211817,100 174.80381492279548,-36.86334229285295,100 174.80382561623364,-36.86334620185828,100 174.80383262048733,-36.86334978560243,100 174.8038381951494,-36.86335153519508,100 174.80386847286562,-36.863364360356414,100 174.80387455622324,-36.8633690432887,100 174.80388355683098,-36.86337957758076,100 174.80388790615413,-36.86338870429212,100 174.80389396547756,-36.86341435720323,100 174.80390068783748,-36.86342637002362,100 174.803903936882,-36.8634270588933,100 174.80391825830355,-36.86342759228436,100 174.80392989771934,-36.863433328350794,100 174.80394176810674,-36.863448600664576,100 174.80394557506136,-36.863454792741166,100 174.8039540403212,-36.8634620227402,100 174.8039605303232,-36.863463771950286,100 174.80397257281697,-36.863465087142266,100 174.80399779519652,-36.86348016575035,100 174.8040331090164,-36.86351385968639,100 174.80405045884646,-36.86352721187024,100 174.80405651830452,-36.86352896941454,100 174.80408540658922,-36.86354218876818,100 174.80408630043522,-36.86354070241153,100 174.804095165015,-36.86354535482167,100 174.80409612780122,-36.863547181635695,100 174.8041046025551,-36.86355476660637,100 174.804108300121,-36.863555447758976,100 174.8041152369894,-36.86355573541701,100 174.8041253468549,-36.86355447957883,100 174.80414669551638,-36.863560811806195,100 174.80415689965884,-36.86356251542709,100 174.804164391147,-36.86356754561023,100 174.80417595845267,-36.86356849664549,100 174.80418896772116,-36.86357309512921,100 174.80424676452412,-36.86360024731569,100 174.80427002967775,-36.863609845708844,100 174.8042970763717,-36.863622693681606,100 174.8043086958377,-36.86362695903046,100 174.80432309461844,-36.863631161443074,100 174.8043688953227,-36.86365882562041,100 174.80437832556285,-36.86366864039126,100 174.80438954248578,-36.86367472443423,100 174.80439751211497,-36.8636808622956,100 174.8044073209195,-36.86368659817195,100 174.80441157220653,-36.863690599544924,100 174.80443453515312,-36.86370718695716,100 174.80445270160897,-36.86371538364849,100 174.8044648645216,-36.86372329475018,100 174.80447426341607,-36.8637312514316,100 174.80448362586353,-36.86373775390738,100 174.80448926141605,-36.86374318721096,100 174.80450329158964,-36.86375179462644,100 174.80451081310204,-36.86375795641075,100 174.80451741918498,-36.86376482973208,100 174.80453407053423,-36.86378849203182,100 174.80453793268717,-36.863796169555194,100 174.80454055279827,-36.86381117939198,100 174.80454299811757,-36.86381813843472,100 174.80454467578062,-36.86383280655613,100 174.80454351731012,-36.863842737958485,100 174.80453687385838,-36.86385568831682,100 174.80453872212794,-36.86385567286587,100 174.80453736287464,-36.86385787925172,100 174.80452874380478,-36.86386462055677,100 174.80452515422004,-36.863869436836275,100 174.80452061897233,-36.86387243956534,100 174.80451564122976,-36.86387837655778,100 174.8045121388834,-36.86388652015055,100 174.80451570240447,-36.864012120557526,100 174.80451920720918,-36.864025302566674,100 174.80451982069908,-36.864032260586576,100 174.80452183575366,-36.86403995534568,100 174.8045246236148,-36.86406343159929,100 174.80452270849617,-36.86408144506595,100 174.8045183825869,-36.86409582760376,100 174.80451754217896,-36.86414183740857,100 174.80452079858603,-36.86414217012084,100 174.80453568555757,-36.864145853132406,100 174.80453975677915,-36.86414558399498,100 174.80455735920017,-36.864140765812884,100 174.80456865555018,-36.8641346292025,100 174.80458409965465,-36.86412589774113,100 174.80459849056456,-36.86411583657676,100 174.80461154136782,-36.86410607788231,100 174.80462589863203,-36.86409606499654,100 174.8046401848853,-36.86408599009397,100 174.80464469747227,-36.8640827867063,100 174.8046637549695,-36.86408274512834,100 174.80468275281643,-36.86408302893471,100 174.80469468972552,-36.86408361827652,100 174.80471349103186,-36.8640856563613,100 174.80473220553907,-36.86408839159376,100 174.80475050927865,-36.86409121328136,100 174.80476927535722,-36.864094614714176,100 174.80478807699407,-36.86409733419297,100 174.80480637346665,-36.864097939594124,100 174.80482314194882,-36.86409624906119,100 174.80483909452437,-36.864102361176506,100 174.80485330170197,-36.864113814987135,100 174.8048620210211,-36.864120822936115,100 174.80487889697562,-36.864127276146895,100 174.80489685559422,-36.86413211574001,100 174.80491545995864,-36.86413593782639,100 174.8049343318214,-36.86413935294871,100 174.80494474931373,-36.864141300226116,100 174.80496092459566,-36.86414934411268,100 174.80497758944423,-36.86415693169419,100 174.80499496338302,-36.8641625706267,100 174.8049966433393,-36.86416274340082,100 174.80501618778771,-36.86416346861744,100 174.80503440661172,-36.86416639880997,100 174.80503725724526,-36.86416769759631,100 174.80505172247737,-36.86417776931789,100 174.80506136912481,-36.86418724003894,100 174.8050734595551,-36.86419897745201,100 174.80507594504036,-36.864200871259065,100 174.8050915005743,-36.86420965372415,100 174.8051021137133,-36.86421314561122,100 174.80512094134463,-36.86421620534729,100 174.80513727364334,-36.864216333083924,100 174.8051553187766,-36.86421788775192,100 174.80515998833857,-36.864220736241585,100 174.8051683090318,-36.86423301673634,100 174.80517337857933,-36.86424919262879,100 174.80517883810396,-36.86426578081666,100 174.8051793586782,-36.86426649938558,100 174.8051898989291,-36.86427914454906,100 174.80520129572886,-36.864291435992854,100 174.80521224798122,-36.864303951411635,100 174.8052144725578,-36.864307103840844,100 174.80522306867942,-36.86432069609905,100 174.8052311193127,-36.8643345607359,100 174.80523930529068,-36.86434836112358,100 174.80524511718562,-36.86435718434328,100 174.80525415855087,-36.8643706292258,100 174.80525420681658,-36.86437115487335,100 174.8052554159788,-36.86438640515277,100 174.80525638254827,-36.86440164289382,100 174.8052569759837,-36.86441646898481,100 174.8052570813592,-36.86443176758087,100 174.80525645870003,-36.8644470177498,100 174.80525474257155,-36.86446137237879,100 174.8052525459962,-36.864476570748046,100 174.80525098966956,-36.864491757587174,100 174.80525186775475,-36.86450690563731,100 174.8052531471433,-36.86452218459357,100 174.8052532839969,-36.86453739077478,100 174.8052507340395,-36.86455163458885,100 174.80524666616387,-36.86456658557955,100 174.80524228621144,-36.86458152689011,100 174.80523940883694,-36.864595776579684,100 174.80523627640628,-36.86461086658504,100 174.8052323804927,-36.8646257843171,100 174.80522630884695,-36.86464015013702,100 174.80521982450077,-36.864654568194936,100 174.80521472784946,-36.86466918058904,100 174.80521261621342,-36.86468360341823,100 174.8052121329139,-36.86469891276012,100 174.8052126026647,-36.864714298657496,100 174.80521335963797,-36.86472940077664,100 174.8052144132928,-36.864744668741,100 174.80521489696025,-36.86475993094365,100 174.80521458421512,-36.86477443189883,100 174.80521325397197,-36.86478969281708,100 174.80521053715248,-36.86480480715262,100 174.80520608878987,-36.864819130282335,100 174.80520049087988,-36.86483375029113,100 174.8051951202052,-36.864848445263675,100 174.80519134062087,-36.86486253920737,100 174.8051880176025,-36.864877587039764,100 174.80518521443108,-36.86489270268652,100 174.80518330690984,-36.86490702867475,100 174.80518138798638,-36.86492225256783,100 174.80517863569517,-36.86493733769725,100 174.80517384234201,-36.86495163542146,100 174.80516819171334,-36.864966256229565,100 174.80516321868492,-36.86498097490343,100 174.80516008044765,-36.86499515194007,100 174.80515786702227,-36.86501035056274,100 174.8051566578725,-36.86502560964028,100 174.80515685548212,-36.8650404904163,100 174.80515739142473,-36.865055781568536,100 174.8051567160608,-36.86507098566699,100 174.80515347719844,-36.8650852723925,100 174.80514869695435,-36.86510008007313,100 174.8051435000052,-36.86511486524149,100 174.80513920453646,-36.865129060759735,100 174.80513473600675,-36.86514391057366,100 174.80513028429587,-36.86515876013188,100 174.8051288707675,-36.86516352263911,100 174.80512445417716,-36.86517838698627,100 174.805120090268,-36.865193249631574,100 174.8051157072941,-36.865208112566336,100 174.8051108743932,-36.86522287597847,100 174.80510597120514,-36.86523765578092,100 174.8051008419406,-36.86525236240407,100 174.80509874493077,-36.865258064572785,100 174.80509304126429,-36.865272625793246,100 174.80508704345698,-36.86528712928971,100 174.80508130102677,-36.8653008537564,100 174.80507521578897,-36.86531531261231,100 174.80506923515614,-36.865329831169674,100 174.8050638743252,-36.86534361203062,100 174.80505912769055,-36.86535841919689,100 174.8050545376871,-36.86537325643161,100 174.8050495496265,-36.865387385854355,100 174.8050433948518,-36.86540184576496,100 174.8050363861532,-36.86541605635852,100 174.8050289868037,-36.86542915883369,100 174.8050196414085,-36.8654425567658,100 174.8050100860534,-36.86545580375811,100 174.80500218656883,-36.86546896160014,100 174.80499750761686,-36.86548369022075,100 174.8049940129292,-36.86549878662311,100 174.80498995226432,-36.86551338056507,100 174.80498308149572,-36.86552758996151,100 174.8049751146455,-36.86554146088131,100 174.8049672985662,-36.86555449306953,100 174.80495933094952,-36.865568379322646,100 174.8049515202814,-36.86558230915926,100 174.80494464554414,-36.86559563530355,100 174.8049388382782,-36.865610181866174,100 174.80493327540933,-36.86562481755367,100 174.80492721756286,-36.86563839267559,100 174.80491851641273,-36.865651950264734,100 174.80490904808147,-36.86566522657254,100 174.80490041720563,-36.86567819542118,100 174.80489309493336,-36.86569228728643,100 174.80488660900153,-36.86570664405881,100 174.8048809001881,-36.865720322036914,100 174.8048754247276,-36.86573500236212,100 174.8048698102554,-36.86574963883049,100 174.804863473288,-36.86576308028447,100 174.8048541245604,-36.86577633944842,100 174.80484388644,-36.86578927231741,100 174.8048345655363,-36.86580223632003,100 174.80482752128177,-36.865816416795916,100 174.80482042620258,-36.86583058272067,100 174.80482012946587,-36.86583112983284,100 174.8048113587298,-36.86584468756988,100 174.80480994276178,-36.865846725368655,100 174.8048051418526,-36.86585612983396,100 174.80638812171284,-36.866177139553415,100 174.806293135801,-36.86610746721356,100 174.80650041190148,-36.86594079458919,100 174.80731581967984,-36.86562715603536,100 174.80774614183645,-36.865553535903004,100 174.8080045944824,-36.865031785582076,100 174.80801601961502,-36.86501136771189,100 174.80801950417066,-36.86499658144078,100 174.8080275230858,-36.86498142332314,100 174.808044717688,-36.86492979540621,100 174.80805538071567,-36.86490669503376,100 174.8080598409289,-36.86489946514267,100 174.8080717282544,-36.86486301086337,100 174.80807248537414,-36.86484501767649,100 174.8080650500078,-36.86482163387488,100 174.80806589993693,-36.8648151457392,100 174.80806900356924,-36.86480756694264,100 174.80807294759722,-36.86479385708464,100 174.80807921915272,-36.864785187235235,100 174.80810745995853,-36.864757656102185,100 174.80813487935166,-36.86473768074868,100 174.80815102421587,-36.86472066659732,100 174.8081559135699,-36.86471270279352,100 174.808180518171,-36.86468086540969,100 174.8081974329145,-36.86464835277004,100 174.80820227181468,-36.86463249041781,100 174.80820708474724,-36.864613004185884,100 174.80821017482506,-36.86460361390527,100 174.80821467005887,-36.864601059610024,100 174.80821671721105,-36.86457621555964,100 174.80821617073272,-36.86456649935486,100 174.8082182960792,-36.86455063593414,100 174.80821906453545,-36.86453369623594,100 174.80821442782158,-36.864522205352586,100 174.80820624339168,-36.864516489241986,100 174.80818878451464,-36.86448308369611,100 174.8081842117922,-36.86447735318156,100 174.8081809652875,-36.864470160346066,100 174.80817911922563,-36.86446298856169,100 174.8081754421664,-36.864455804080755,100 174.8081717591734,-36.86445041425132,100 174.80816759992416,-36.86444000040794,100 174.80816211657353,-36.86443318502067,100 174.8081542593873,-36.864414129551534,100 174.8081549825185,-36.86439217280166,100 174.8081567715556,-36.86438854924352,100 174.80816125362963,-36.86438419968791,100 174.8081774375512,-36.864373319436105,100 174.80818191960196,-36.86436896897877,100 174.808192733475,-36.864364218414146,100 174.80820706581332,-36.86434864513396,100 174.80823671127982,-36.864323273829456,100 174.80824346857233,-36.86431998477008,100 174.80825605136505,-36.86431018683452,100 174.80827039175054,-36.86429424207365,100 174.80827441135605,-36.86429135521068,100 174.8082874726512,-36.86428334545242,100 174.8083005043107,-36.86427355510247,100 174.80830680356803,-36.86426991788362,100 174.808322153938,-36.86426622133271,100 174.8083247981286,-36.864266564158996,100 174.8083275806059,-36.86426692020336,100 174.80833054654985,-36.864266683981285,100 174.80833058129036,-36.864266682551225,100 174.8083420302528,-36.86426574758064,100 174.80835062079507,-36.86426389979357,100 174.80835646159753,-36.86426061025467,100 174.80836049771943,-36.86425699666011,100 174.8083631914897,-36.86425230476564,100 174.8083645031028,-36.86424760596515,100 174.80836530838886,-36.86423608454123,100 174.80835657348393,-36.864219197539526,100 174.80835517232694,-36.864213816251976,100 174.80835287223033,-36.8642091309574,100 174.8083487447669,-36.864205205359156,100 174.80834737248432,-36.86420161999606,100 174.80834588831073,-36.864186483002186,100 174.80834715281196,-36.86417531242007,100 174.8083538413262,-36.86416410976383,100 174.8083807687595,-36.86414055001556,100 174.80838567887932,-36.8641340406437,100 174.80839826967187,-36.86412387031955,100 174.80840636081686,-36.86411877810648,100 174.80841850637498,-36.86411008734069,100 174.80842570156528,-36.864105722621126,100 174.80842975773865,-36.86410424488703,100 174.80843199968157,-36.86410208541314,100 174.80845500583263,-36.86409510142297,100 174.808468512631,-36.86408962302869,100 174.80848200194123,-36.864079453441654,100 174.80852818115417,-36.86403345389835,100 174.80853717521774,-36.86402655066815,100 174.80854166641814,-36.8640218287075,100 174.8085519994797,-36.86401457700907,100 174.80856997261995,-36.86400080141801,100 174.80858120092077,-36.863992078629245,100 174.80859511750478,-36.8639797645554,100 174.80859827481115,-36.86397755869738,100 174.8086130694357,-36.86396380534198,100 174.80862430319914,-36.863957931591315,100 174.80862866052044,-36.863944153231635,100 174.80863451481557,-36.86393939159116,100 174.8086380976225,-36.86393501244195,100 174.808642045896,-36.86392339179878,100 174.80865273678526,-36.86390667241257,100 174.8086670499235,-36.863887722962936,100 174.8086732562178,-36.86387391195025,100 174.80868571012252,-36.86385389477394,100 174.80869014314789,-36.86384366111816,100 174.8086921586041,-36.86383879476759,100 174.80871427970325,-36.863804505586785,100 174.808720608171,-36.86379739955819,100 174.80872235218894,-36.86379667357307,100 174.8087349798181,-36.86378069534089,100 174.80874200998218,-36.86376800115827,100 174.80877025204904,-36.863733222203095,100 174.80877188738594,-36.86372969471457,100 174.80879006274714,-36.86370908568309,100 174.80880236111142,-36.86369698459862,100 174.8088186570735,-36.86368582314112,100 174.80882886823443,-36.8636765443659,100 174.80883401062232,-36.8636729427575,100 174.8088416860929,-36.86366649492344,100 174.80884545359595,-36.863661196296995,100 174.8088531305469,-36.863654763762405,100 174.80887801146366,-36.863638191574786,100 174.80888654230452,-36.86363138910952,100 174.80889243830387,-36.86362359292239,100 174.80889710321205,-36.86361896114176,100 174.80889882091222,-36.86361788042811,100 174.80889917135548,-36.86361542616128,100 174.80894602611704,-36.863569554980025,100 174.8085899093009,-36.86325496089048,100 174.8085657645842,-36.8631811862342,100 174.80833808365472,-36.86280568713276,100 174.80839046578635,-36.86251067914324,100 174.8080711075027,-36.862261686561695,100 174.80807394957725,-36.86202416444925,100 174.8080773928717,-36.86202305388465,100 174.80824374802907,-36.86196933098412,100 174.80799917848623,-36.8618814740262,100 174.80746538262903,-36.86152645976942,100 174.80607435928485,-36.860754807127684,100 174.80568632428307,-36.860502705561814,100 174.8054420229211,-36.86027691286209,100 174.80531961385606,-36.86015444217532,100 174.80324277392492,-36.85871132174829,100 174.80172500809945,-36.85735399525454,100 174.8012565699949,-36.85678048432469,100 174.80151159698377,-36.856604269704704,100 174.8024875550771,-36.85731320762684,100 174.8035449918012,-36.858269005653185,100 174.8054362856868,-36.860056694185396,100 174.80732532774445,-36.86118397283276,100 174.80844922063358,-36.861768522710605,100</coordinates></LinearRing></outerBoundaryIs>
    </Polygon>
  </Placemark>

  <Placemark>
    <name>Remuera</name>
    <Point>
      <altitudeMode>relativeToGround</altitudeMode>
      <coordinates>174.80560628547704,-36.877406200450245,100</coordinates>
    </Point>
  </Placemark>

</Document>
</kml>