<?xml version="1.0" encoding="utf-8"?>
<kml xmlns="http://www.opengis.net/kml/2.2">
<Document>
  <name>Takanini (polygon: official_shp)</name>
  <open>1</open>

  <Placemark>
    <name>Takanini (polygon: official_shp)</name>
    <Style>
      <LineStyle><color>ffff0000</color><width>2</width></LineStyle>
      <PolyStyle><color>66ff0000</color><fill>1</fill><outline>1</outline></PolyStyle>
    </Style>
    <Polygon>
      <tessellate>1</tessellate>
      <altitudeMode>relativeToGround</altitudeMode>
      <outerBoundaryIs><LinearRing><coordinates>174.9066205475467,-37.033910433782054,100 174.90662346600757,-37.03389514859912,100 174.90689995497124,-37.033715023591206,100 174.90688597201958,-37.033701229571335,100 174.90664413319607,-37.03346263332731,100 174.90661563262864,-37.03343451664167,100 174.90665935046894,-37.033405132762894,100 174.90671963308236,-37.03338071734346,100 174.9067751327571,-37.03336028321039,100 174.9068282496522,-37.033341850386876,100 174.9068766001026,-37.03332738327325,100 174.90692499972644,-37.03331488288655,100 174.90699030028534,-37.033296249614,100 174.9070457998665,-37.03327581715963,100 174.90709658261727,-37.033261333384374,100 174.9071595996851,-37.03324858256213,100 174.90720308245415,-37.033234217014844,100 174.9072513828629,-37.03321780014211,100 174.90730916677796,-37.03319148320396,100 174.90735498343892,-37.03317316663069,100 174.90741541645872,-37.033154599679506,100 174.90749088258576,-37.033153383414096,100 174.90753729966195,-37.03315848279168,100 174.9075887668781,-37.03317131700407,100 174.90764759970563,-37.03318598314862,100 174.90769698258094,-37.033212517239214,100 174.9077415995294,-37.03324303329143,100 174.90777906670763,-37.03327953268173,100 174.9078067329574,-37.03331423297582,100 174.90782948313023,-37.033347050204725,100 174.90785476666085,-37.03338375003812,100 174.90788501697824,-37.03342426719589,100 174.90793188283925,-37.03344693273417,100 174.90797828328306,-37.033452033105064,100 174.90801236704257,-37.0334514830482,100 174.90803994976923,-37.03345238319655,100 174.90805914960586,-37.03344916675692,100 174.90808955001802,-37.03343755028839,100 174.9081406503923,-37.03341316739419,100 174.90819783295427,-37.033379450116804,100 174.90826366721728,-37.033341367433344,100 174.9082826492943,-37.03332680259529,100 174.90840079998304,-37.03338640460639,100 174.90843819473628,-37.033409935250184,100 174.90852138669317,-37.0334419511116,100 174.9085654208476,-37.03345374902636,100 174.90861323332797,-37.03345871376549,100 174.90864798889837,-37.03345675299805,100 174.90869420196478,-37.03344570031272,100 174.9087254222371,-37.03343481856799,100 174.90876654179098,-37.03346661717378,100 174.90919553080965,-37.03380860603207,100 174.90924896487152,-37.03376222314273,100 174.90949235116926,-37.03395572858624,100 174.90976323755365,-37.03417249040539,100 174.90969299622725,-37.03378599419402,100 174.90968644771792,-37.033715937992866,100 174.909690871775,-37.03360715566848,100 174.90974100417918,-37.031716003093536,100 174.9097433601612,-37.0316252385613,100 174.9103679962227,-37.032125996181875,100 174.9105440068486,-37.03212700719008,100 174.91075400624436,-37.03211899281112,100 174.9109620087105,-37.03209499865191,100 174.91263099211437,-37.031832002899385,100 174.91295099442414,-37.03176800494268,100 174.9132610086525,-37.03167900026336,100 174.91355900041202,-37.031566000571786,100 174.9136650079331,-37.031513994314984,100 174.91384200015187,-37.03142800656324,100 174.91410400612853,-37.0312709925641,100 174.91434699784222,-37.03109199844669,100 174.91456599918453,-37.03089400682645,100 174.9147559980117,-37.03068299233396,100 174.91505300335365,-37.03031799991859,100 174.9158280063536,-37.029362999893245,100 174.9168389927464,-37.02811799779599,100 174.91769300012047,-37.02706500608309,100 174.9178610071793,-37.026875995943215,100 174.91805400634087,-37.02670099233593,100 174.91826800310716,-37.02654399931375,100 174.91851499635118,-37.02639800528072,100 174.91852800129166,-37.02639300454609,100 174.9187330036415,-37.026313001807395,100 174.91883199835013,-37.026284004652595,100 174.9190130031337,-37.02625999524156,100 174.9191960027237,-37.02626000173536,100 174.91937600789183,-37.02628699261149,100 174.91954699406924,-37.02633799464489,100 174.91970500593857,-37.02641199212613,100 174.91989899421577,-37.026545998728714,100 174.92009500060368,-37.0266740084438,100 174.9202959949375,-37.02679700156748,100 174.92050100761634,-37.02691499918043,100 174.92071100143843,-37.027029005942794,100 174.92211300539694,-37.02777800628191,100 174.92237799806946,-37.02790500241302,100 174.92265600573685,-37.02801099945009,100 174.92294600411464,-37.02809599678451,100 174.92324500368898,-37.02815699911839,100 174.92354899602813,-37.028195006934986,100 174.9238569934993,-37.028210005573385,100 174.92416499284548,-37.02819999326733,100 174.9244699997689,-37.02816700235525,100 174.9247700075432,-37.02811099332096,100 174.92506300570375,-37.02803200063479,100 174.9251740069881,-37.02799699267455,100 174.92538500186853,-37.02793900267272,100 174.9253550044876,-37.02786999861693,100 174.9253639961411,-37.02786700457189,100 174.92538400025884,-37.02785899812068,100 174.9254030005925,-37.027850994439575,100 174.92541899806955,-37.02784400298386,100 174.9254239991896,-37.02784199393191,100 174.92544399400208,-37.02783299619434,100 174.92544800745935,-37.027831004975546,100 174.92546699695342,-37.02782199380949,100 174.925470007731,-37.0278200044447,100 174.92548700215193,-37.02780900044378,100 174.9254930085574,-37.02780700391251,100 174.92551299579014,-37.0277989977139,100 174.92553199497095,-37.02779099403109,100 174.92555100281024,-37.02778199787606,100 174.92555300111994,-37.027781002852194,100 174.92557099437133,-37.0277710028946,100 174.92557299265772,-37.02777000696949,100 174.9255929967042,-37.02776199958333,100 174.92561200708622,-37.02776000465731,100 174.925614004985,-37.02775899341575,100 174.92563500396943,-37.02775499596799,100 174.9256529932749,-37.027748000988424,100 174.92565499155958,-37.027747005061975,100 174.92567499561366,-37.02773899856331,100 174.92569000250813,-37.02772999703531,100 174.92570699800007,-37.02771899298594,100 174.9257109945664,-37.027717001131265,100 174.92573099973012,-37.027708994605256,100 174.92573199308848,-37.02770800057096,100 174.925751000928,-37.027699006186864,100 174.92575499710526,-37.02769699901498,100 174.9257739941097,-37.02768699715242,100 174.92578100104961,-37.027683000607425,100 174.92579799539396,-37.02767199656386,100 174.92580999666203,-37.027671999109565,100 174.9258309984317,-37.0276649975573,100 174.92583400766014,-37.027662991985196,100 174.9258530050322,-37.02765300542625,100 174.92585399914785,-37.027651996957886,100 174.92587500086222,-37.02764499359622,100 174.9258769919933,-37.027645005432944,100 174.92589900512914,-37.02764199642052,100 174.92590399905237,-37.02764099421481,100 174.92592599502868,-37.027643002999696,100 174.92594099518863,-37.02764499738034,100 174.92595700670532,-37.027645998331984,100 174.92596099893473,-37.0276469952422,100 174.9259820080436,-37.027653993399625,100 174.92598399271975,-37.02765499586539,100 174.92599899476906,-37.027668992787824,100 174.92601200027622,-37.02767399563008,100 174.92602399332853,-37.02767999281766,100 174.92604499202844,-37.02768599970538,100 174.92606599677592,-37.02769099974176,100 174.9260839955366,-37.02770000257559,100 174.9260950020992,-37.02771100355436,100 174.92610799685377,-37.02771500161369,100 174.92612299635599,-37.02772199818314,100 174.92614199567353,-37.02772900100548,100 174.9261629971803,-37.027732002900365,100 174.9261860009188,-37.027731005668684,100 174.92619999963122,-37.02772499472966,100 174.92621200802785,-37.02771900439143,100 174.92621899763722,-37.02771000590088,100 174.92622699818847,-37.02769999776396,100 174.92622900310715,-37.02768800589019,100 174.92622999417216,-37.02767499488888,100 174.92623100571603,-37.02766399615243,100 174.92623099548138,-37.02765299958726,100 174.92623200773926,-37.027637000440365,100 174.92623300801492,-37.02761999293604,100 174.9262310038456,-37.02760700443486,100 174.9262279982511,-37.02759099662498,100 174.9262279951386,-37.02757400721657,100 174.9262269971431,-37.0275579956479,100 174.92622600437258,-37.02754899969457,100 174.92622299444423,-37.027530995580655,100 174.92622299185442,-37.027523995244515,100 174.92622299590977,-37.02750599897015,100 174.92622300195222,-37.027504992122644,100 174.92622099733478,-37.02748700142677,100 174.926218995999,-37.02747599393111,100 174.92621499952077,-37.027458006737916,100 174.92621399529332,-37.02745300732381,100 174.9262120082489,-37.02743500011888,100 174.92621200173056,-37.027431003871264,100 174.92621100050528,-37.02741299507906,100 174.92620799103986,-37.02739999315836,100 174.92620499946594,-37.02738200316617,100 174.92620300094256,-37.027367991599476,100 174.9262010067374,-37.027350991259766,100 174.92619800482996,-37.02733699778857,100 174.9261980076369,-37.027333993718095,100 174.92619699711568,-37.02731499364906,100 174.92619700466912,-37.02731400209903,100 174.92619600342735,-37.0272959924053,100 174.92619600450914,-37.027291006409406,100 174.9261960081637,-37.027272993917485,100 174.9261959945028,-37.02727000543645,100 174.92619499326233,-37.02725199574256,100 174.9261940037596,-37.02724499791217,100 174.9261930029298,-37.02722700443487,100 174.92619200194318,-37.02722400224323,100 174.92618999693372,-37.02720599532889,100 174.9261829984862,-37.02719399282568,100 174.9261810029448,-37.027186996910345,100 174.92617699363345,-37.02717099277793,100 174.92617500634373,-37.027158004000576,100 174.92617499249852,-37.0271449948955,100 174.92617699415683,-37.027131004897804,100 174.92618000470276,-37.02711899489208,100 174.92617999432343,-37.02711800543582,100 174.92618399776313,-37.0270999991977,100 174.926185992989,-37.02708700073164,100 174.9261889959149,-37.02707099539697,100 174.92619000400234,-37.02706800384418,100 174.92619300366863,-37.02705000038547,100 174.92619500282322,-37.02703399783038,100 174.92619400199817,-37.027016004352404,100 174.92619199699595,-37.02699799743737,100 174.9261920045496,-37.02699700588731,100 174.92619299514405,-37.02697899178942,100 174.926195008281,-37.02696100615231,100 174.9261950078306,-37.02695600395769,100 174.9261949946568,-37.02693799263941,100 174.92620000273564,-37.02692500293316,100 174.92620400014223,-37.02690800444277,100 174.92620600531234,-37.02689099413877,100 174.92620999925916,-37.02688200283267,100 174.92621999867853,-37.02686599745029,100 174.9262280023167,-37.026852999658686,100 174.9262279915046,-37.026851993084776,100 174.92623700436934,-37.026836004622204,100 174.9262460053837,-37.026823997383154,100 174.9262469998478,-37.02682300332667,100 174.9262580030178,-37.02680699516126,100 174.92625899638062,-37.026806002023854,100 174.92626899575754,-37.02678999573679,100 174.92627699662052,-37.02678000381469,100 174.92628799263542,-37.02676500341352,100 174.92629200344518,-37.02676099690821,100 174.92630500094253,-37.02674699779224,100 174.92630700635792,-37.026744994989784,100 174.92631700612677,-37.026729004915744,100 174.92631699531356,-37.026727998341855,100 174.9263269935449,-37.0267119920686,100 174.92633399666948,-37.02670099607612,100 174.92634299112984,-37.02668499258245,100 174.92634899801482,-37.026673006919054,100 174.92635499976134,-37.026658993419055,100 174.92636200602027,-37.026645006868414,100 174.92636800169868,-37.026631999314496,100 174.9263720022947,-37.026616998042165,100 174.92637799358317,-37.02660199238211,100 174.92638599507467,-37.026586998240525,100 174.92639499920202,-37.02657200133543,100 174.92640300670502,-37.02655599944429,100 174.9264120011349,-37.02653999594591,100 174.92641300660426,-37.02653000405469,100 174.92641299581265,-37.026528998381735,100 174.92641000384705,-37.026510993076855,100 174.92640600422044,-37.026495995542966,100 174.92640499300703,-37.02648199768717,100 174.92639699724134,-37.026469005542815,100 174.92639200576326,-37.02646200240271,100 174.9263819977299,-37.02644700329896,100 174.9263760031112,-37.026434998924366,100 174.92637199592153,-37.026420992038005,100 174.9263700010496,-37.026408993911936,100 174.92636800404006,-37.02639499764351,100 174.92636499459596,-37.0263819957243,100 174.92636399746794,-37.0263710025656,100 174.92636399392762,-37.02635399693805,100 174.92636400754327,-37.02635199944124,100 174.9263680048887,-37.026335000945664,100 174.92637199187902,-37.02632199807083,100 174.92637200547173,-37.02631999967308,100 174.92638000216454,-37.026302992110466,100 174.92638499982178,-37.02629399801806,100 174.92639400177842,-37.02627700297105,100 174.92640099794366,-37.02626199541143,100 174.9264020060134,-37.026259003857,100 174.92640899891268,-37.02624199817291,100 174.92641599545894,-37.02622700592826,100 174.92641999173983,-37.02621499432839,100 174.92642399549425,-37.02619700429926,100 174.92642299517436,-37.0261889998959,100 174.92642399912913,-37.026178992706676,100 174.92642600464774,-37.026161998615635,100 174.92642700253867,-37.026152997373075,100 174.92642799346237,-37.02613499858848,100 174.92642699699053,-37.02611900321695,100 174.92642699718778,-37.02610899880898,100 174.92642799770377,-37.02610699880447,100 174.92643099728588,-37.02608899533967,100 174.92643200488905,-37.02608100159013,100 174.92643199519844,-37.026079994997936,100 174.92643800043837,-37.02606300715402,100 174.92644299118294,-37.026050002396474,100 174.92644799661778,-37.02603499832177,100 174.92644800268076,-37.026033992375034,100 174.92645499593814,-37.026017002004295,100 174.92645899327167,-37.026000004406754,100 174.92646200689913,-37.02598500473829,100 174.92646400159143,-37.02596700407253,100 174.9264659930973,-37.025951992161765,100 174.92646599711176,-37.02593399588452,100 174.92646600746116,-37.02593000026354,100 174.92646400243484,-37.02591199335101,100 174.92646000281158,-37.025896994915975,100 174.92645900183433,-37.02589399272575,100 174.92645500654578,-37.02587600641804,100 174.9264549924677,-37.02587300171995,100 174.92645300432346,-37.025854995434166,100 174.92645299779633,-37.02585099918589,100 174.92645300181493,-37.025833002908286,100 174.92645300480996,-37.02581999442906,100 174.92645299501936,-37.02581400005665,100 174.92645400393704,-37.02579600188013,100 174.9264540067138,-37.02579299690828,100 174.92645499765294,-37.02577499902367,100 174.9264550015533,-37.02577199403357,100 174.92645099757613,-37.025754998392664,100 174.92644900315472,-37.025748001560665,100 174.9264439961884,-37.02573099426769,100 174.9264410079052,-37.025715002400574,100 174.92643900286993,-37.02569699458575,100 174.92643900301502,-37.02568200419868,100 174.92643899220096,-37.02568099762467,100 174.9264379924513,-37.025663003226846,100 174.9264379919887,-37.025658001031644,100 174.92643999749563,-37.025641006939445,100 174.92644300471116,-37.02562699970378,100 174.9264489926532,-37.025609995916184,100 174.92645299963854,-37.02559400400965,100 174.92645399800804,-37.02559000586251,100 174.92645800136395,-37.02557200141677,100 174.92645899215933,-37.02556899391885,100 174.92646599141642,-37.025550996699764,100 174.9264680039067,-37.02554300105073,100 174.9264739994108,-37.025525006612725,100 174.92647500381855,-37.02552000161768,100 174.92648199664092,-37.0255029959297,100 174.92648399765542,-37.02549899591989,100 174.9264919957555,-37.02548200364821,100 174.9264929962395,-37.025480002742306,100 174.92650499692922,-37.02546500042549,100 174.92650899723395,-37.02546000265606,100 174.92652299935057,-37.025446000720706,100 174.92653100331137,-37.025438006908516,100 174.92654500541997,-37.02542400497075,100 174.92654999869748,-37.0254179996458,100 174.9265630042145,-37.02540299362224,100 174.9265710042475,-37.02539800389677,100 174.9265900065955,-37.02538699417065,100 174.92660500688763,-37.02537899938753,100 174.92660900292225,-37.02537699219026,100 174.92662799965365,-37.025367006423664,100 174.92663800202146,-37.02535299733265,100 174.9266460059833,-37.025345004414135,100 174.92665600772008,-37.02533599843597,100 174.92666100461577,-37.02533200564566,100 174.92667899349482,-37.02531999209684,100 174.92669499640922,-37.025311995438884,100 174.9267009993171,-37.02530800072806,100 174.9267200016463,-37.02529699188306,100 174.9267219998534,-37.02529599594048,100 174.926741997119,-37.02528899612799,100 174.9267580082811,-37.02527999167676,100 174.92677400463594,-37.025267998760434,100 174.92677800820704,-37.025265000007565,100 174.9267930079703,-37.02525200300691,100 174.9268079941461,-37.02524100440231,100 174.92682200545318,-37.02522799280933,100 174.92682499484377,-37.02522400558123,100 174.9268369953831,-37.02520900143137,100 174.92684500268433,-37.02519300041458,100 174.92684499186527,-37.0251919938407,100 174.92685799765042,-37.02517700220186,100 174.92686100680092,-37.02517499840833,100 174.92687900569393,-37.025164006738756,100 174.9268820012401,-37.02516400044158,100 174.9269029950184,-37.02515800378332,100 174.92690800674336,-37.025157001247955,100 174.9269290005175,-37.0251510045852,100 174.92693899516723,-37.02514799323027,100 174.9269609938489,-37.02514199556026,100 174.92696500180568,-37.02514099490712,100 174.92698699330313,-37.025136003197325,100 174.92699100013562,-37.02513500256158,100 174.92701100336618,-37.02512699585785,100 174.92701400645456,-37.0251259980073,100 174.9270350073904,-37.02511899536128,100 174.9270359943019,-37.02511899374986,100 174.92705700605543,-37.02511299767388,100 174.92706600660446,-37.02511099388504,100 174.9270870014988,-37.025104998077666,100 174.92708899327667,-37.025104993660975,100 174.92711100163189,-37.02510000255581,100 174.92712800287813,-37.02509299366761,100 174.9271320064259,-37.025089994903375,100 174.9271479929818,-37.025076995347035,100 174.92716100086759,-37.02506400271997,100 174.9271620057336,-37.02506399991452,100 174.9271780019787,-37.02505200694641,100 174.92719399895535,-37.02503999864223,100 174.92719699875565,-37.025037002663375,100 174.92721399985504,-37.02502500688494,100 174.92722600295804,-37.025017003034606,100 174.92724100257274,-37.02500400507943,100 174.92724800554385,-37.024997995916685,100 174.9272629947137,-37.02498400670096,100 174.92727100896303,-37.02497700319888,100 174.9272849928501,-37.024963000570175,100 174.92729999248968,-37.02495000440988,100 174.92730299187252,-37.024946992211824,100 174.9273190060489,-37.02493499893371,100 174.9273330079203,-37.02492099690857,100 174.92734500115975,-37.02490699957661,100 174.92734799656225,-37.02490200638963,100 174.9273570086117,-37.02488600343546,100 174.92735699776333,-37.02488499596083,100 174.92736299298798,-37.02486700058255,100 174.92736300016313,-37.02486599461768,100 174.9273640005643,-37.024849002420346,100 174.92736399730083,-37.02484700519753,100 174.92736500597772,-37.024829006116086,100 174.92736499789456,-37.02482499457108,100 174.92736500173135,-37.024806999197594,100 174.92736399476547,-37.02479499855518,100 174.92736200681097,-37.02477700670172,100 174.9273610025519,-37.02477200729633,100 174.92735700671264,-37.024754004803505,100 174.92735599437177,-37.02474499385295,100 174.92735499440536,-37.02472699856509,100 174.92735199572073,-37.02471500414508,100 174.92734700431794,-37.02469799483381,100 174.92734600431527,-37.02469000575431,100 174.92734299426667,-37.02467200166496,100 174.92734000597906,-37.02466099670055,100 174.92733500529133,-37.02464299701314,100 174.9273320027004,-37.024634005780094,100 174.92732400007608,-37.02461700393179,100 174.92731500188702,-37.0246009952647,100 174.9273060052353,-37.02458500279523,100 174.92730399938492,-37.02458200341845,100 174.9272939974459,-37.024565996636724,100 174.92728299182113,-37.02454999444386,100 174.92727700085015,-37.024540001748804,100 174.92726600603424,-37.02452500522697,100 174.92726300245937,-37.02452100088869,100 174.92725100276766,-37.02450600627043,100 174.92724699656026,-37.02450200380023,100 174.92723399162935,-37.0244869966702,100 174.9272269965711,-37.02447699234492,100 174.92721499689364,-37.02446199772252,100 174.92720499439832,-37.02445099404588,100 174.92719099650532,-37.02443699356892,100 174.9271829966226,-37.02442699294706,100 174.92716999210447,-37.02441200112487,100 174.92716099888366,-37.02440299274459,100 174.92714800517376,-37.02438900659265,100 174.92714700749482,-37.0243880034327,100 174.92713199834824,-37.02437499728498,100 174.92713000330997,-37.02437300357778,100 174.9271160054908,-37.02435900489284,100 174.9271000019335,-37.024346992803615,100 174.92709800086428,-37.02434600594353,100 174.9270790051001,-37.02433599917803,100 174.92707500860863,-37.024333003293584,100 174.9270580002069,-37.02432099400272,100 174.92704800254097,-37.02431200373311,100 174.92703099414817,-37.024299994438074,100 174.92701499854775,-37.02428700610208,100 174.92700500052715,-37.02427800141368,100 174.92699100272574,-37.024264001811666,100 174.92698700255613,-37.02425899158308,100 174.9269770011604,-37.02424300188831,100 174.92697600018755,-37.024239999701614,100 174.9269700051724,-37.02422299315519,100 174.92696599563655,-37.02421200657158,100 174.92696299222823,-37.02419799781569,100 174.92696199238026,-37.02419499561057,100 174.9269549929047,-37.02417800718228,100 174.92694799416907,-37.02416100341941,100 174.92694199914433,-37.02414399597008,100 174.92693600892989,-37.024129002843075,100 174.92693199136858,-37.02411400561264,100 174.92693299243484,-37.02410700158875,100 174.92693299636474,-37.02410399840023,100 174.92693300341966,-37.02409800465444,100 174.9269339930787,-37.02409499807213,100 174.9269020086276,-37.02402799688163,100 174.9268810019067,-37.02398599782901,100 174.92695600794417,-37.02394199484504,100 174.9275409980957,-37.023594003026915,100 174.9280809932112,-37.02382900513461,100 174.92822299616756,-37.02316699838859,100 174.92863599855787,-37.02329899424792,100 174.92943500605776,-37.02355399943146,100 174.93009599249245,-37.023216998694394,100 174.93150100845475,-37.022601005409825,100 174.93204300359,-37.022881006413975,100 174.93198800197442,-37.023158993440724,100 174.93244300746386,-37.02349699537133,100 174.93267200187353,-37.02341500696313,100 174.9324320037831,-37.02288299913825,100 174.93259700211624,-37.022643995566625,100 174.9320770013392,-37.02158499988938,100 174.93204400874174,-37.02151800210331,100 174.93156126387325,-37.02053747779029,100 174.9331979147839,-37.020019467680385,100 174.93492774021968,-37.01947181486884,100 174.93676467232834,-37.01888760474616,100 174.9399436122956,-37.017877945177304,100 174.93943747573837,-37.016800238949656,100 174.93962728551304,-37.01668994541356,100 174.93985156892612,-37.01716764383874,100 174.94046995440988,-37.016945827686385,100 174.94059998494566,-37.0172228882461,100 174.9414238466117,-37.01692372555667,100 174.94143193991152,-37.01694075740604,100 174.94162433188714,-37.01735038372818,100 174.9421529299146,-37.017186015970886,100 174.94225300521177,-37.01715490338839,100 174.94574805370536,-37.016067955408495,100 174.94477295549066,-37.014712720752904,100 174.9448753335927,-37.01467555569982,100 174.94588617143313,-37.01608044875604,100 174.945863906337,-37.01627320193782,100 174.94701616351355,-37.018329883840416,100 174.94800165377487,-37.01804584325844,100 174.94977706273517,-37.01753413224737,100 174.95033814406625,-37.01870114560852,100 174.9509011914572,-37.019872210032766,100 174.9519217821442,-37.0219949348262,100 174.95655824806195,-37.020618667944106,100 174.9550741204896,-37.01750034809033,100 174.95435318469254,-37.015985373115626,100 174.95839279477065,-37.01483412087378,100 174.95842508737007,-37.014901929351204,100 174.95941607391015,-37.01698201064887,100 174.95975517744066,-37.01769368699671,100 174.9604139442947,-37.01907648661113,100 174.96054261140563,-37.01903708185765,100 174.95954460190197,-37.0169426868139,100 174.96190090256857,-37.01622080622775,100 174.96261284128562,-37.01840187402765,100 174.96290634964853,-37.01825326882047,100 174.96531767387637,-37.01703232644306,100 174.966226366665,-37.01657226920369,100 174.96872142081546,-37.01974763531017,100 174.9685298416278,-37.01980697766005,100 174.96179160254192,-37.02190856041291,100 174.9627245836549,-37.023834669068016,100 174.96164999600154,-37.02416300425318,100 174.9612100075005,-37.02429399804887,100 174.96045900657057,-37.0245229998573,100 174.95965799307595,-37.0247649969359,100 174.95955700577142,-37.024794003219455,100 174.95800200264094,-37.025265992590334,100 174.957653003751,-37.02536999273939,100 174.95595400403917,-37.02588499456424,100 174.95386200005242,-37.026517993938675,100 174.9524520051157,-37.02694600456052,100 174.94974900562502,-37.02776400132378,100 174.94924599450445,-37.027916001157955,100 174.95021000022783,-37.03015500036207,100 174.9488249942734,-37.03053599159391,100 174.94936099762228,-37.03201500542029,100 174.94971299470842,-37.032985998643596,100 174.94799200256233,-37.03352199779656,100 174.9480329942226,-37.03370399515285,100 174.94844399491035,-37.033576005143175,100 174.94862500289284,-37.033950996233436,100 174.94816000430592,-37.03410199693359,100 174.94841900280903,-37.034613994568396,100 174.95056399162073,-37.0339470029409,100 174.95093799715679,-37.03470800639879,100 174.95096499133177,-37.034760998251414,100 174.95136700205651,-37.03557799469623,100 174.95139200812,-37.03562800161687,100 174.95177100407963,-37.03639899639527,100 174.94965000223158,-37.03705699881784,100 174.9513200027493,-37.04037500203112,100 174.9517379962786,-37.0405299982575,100 174.95161299270868,-37.04075599564533,100 174.95163500262038,-37.041000004387705,100 174.95226000605575,-37.04226400440479,100 174.9525910049341,-37.04289199866528,100 174.9524060052779,-37.04301000036503,100 174.95316899547842,-37.0445500032325,100 174.9520390088477,-37.0449029986975,100 174.95092399221454,-37.04525100456559,100 174.95037799973926,-37.04542100221477,100 174.94980799583098,-37.045599002636685,100 174.94869299437352,-37.04594700279821,100 174.94791800195492,-37.044351000873334,100 174.94686600234002,-37.0446790038536,100 174.94659200734236,-37.04476399564865,100 174.9439369940149,-37.045592997416435,100 174.94288100835857,-37.04592399326075,100 174.94250599847675,-37.04604100313143,100 174.93859000652247,-37.047268995566846,100 174.9379509960382,-37.04746900259712,100 174.9384280070184,-37.048445998550065,100 174.9375860090293,-37.04871000536205,100 174.93711000110486,-37.04773199723658,100 174.9355380031493,-37.048224996204276,100 174.9354829932697,-37.04833099829692,100 174.93525527901352,-37.048362572408294,100 174.93518208707266,-37.048336746847355,100 174.93502211257572,-37.04838685615214,100 174.93486503721292,-37.04843596888293,100 174.93470804505137,-37.0484849565731,100 174.93481976060218,-37.04871268360256,100 174.9349049972212,-37.04888700285514,100 174.93497700303843,-37.049034006999385,100 174.93504899187275,-37.04918099514699,100 174.93512299695274,-37.049332005263906,100 174.93509199245636,-37.04934200718429,100 174.9349750067157,-37.04937900509571,100 174.93477500451385,-37.04944299364074,100 174.93469099904962,-37.04947000226759,100 174.93459000257928,-37.04926399812251,100 174.934496993349,-37.04907299811336,100 174.9344819966998,-37.04904199759182,100 174.93429399888967,-37.049101000939984,100 174.93427457658564,-37.04910707788064,100 174.9344838391564,-37.049536379252146,100 174.93433574073427,-37.049583844224536,100 174.93427774286917,-37.04960241136154,100 174.93356079961086,-37.049832127118314,100 174.9331600219056,-37.049976142161164,100 174.93351109426206,-37.05026695175347,100 174.93371745702578,-37.05042487629949,100 174.93374184612767,-37.050443552698425,100 174.93376267608573,-37.0504594732884,100 174.9341025951159,-37.05073088862523,100 174.93443142384308,-37.051015154223755,100 174.93482532607683,-37.05138132936877,100 174.9348460938427,-37.05139872258627,100 174.93486691410058,-37.05141614558751,100 174.93500949090335,-37.05155245714437,100 174.93523237124447,-37.051758419636485,100 174.93544279311303,-37.05196361431901,100 174.9355194568389,-37.051937883122164,100 174.93562599541815,-37.052101879433835,100 174.93583628374142,-37.052302180640375,100 174.936264008539,-37.05272675311457,100 174.9363938727371,-37.05285985277487,100 174.9365435410026,-37.05300803829548,100 174.93700209803757,-37.05344965084273,100 174.93715500185067,-37.05359700398423,100 174.93717799521667,-37.05361900297573,100 174.9373109927835,-37.053769994220964,100 174.9370119975614,-37.053889993131754,100 174.93683400036505,-37.05393400016935,100 174.9366580076485,-37.05397600398203,100 174.9366250050522,-37.05398399842169,100 174.9364820084445,-37.05401899906306,100 174.93644299916937,-37.054029004980165,100 174.9362570076153,-37.0540740051344,100 174.93623399585542,-37.05407999229821,100 174.93622400490702,-37.05408199856382,100 174.93600700321932,-37.05413500157765,100 174.9358100075082,-37.05418300262691,100 174.93577099763976,-37.05419299211103,100 174.93565199937032,-37.05422200390193,100 174.93555499706446,-37.05424899729266,100 174.93543700238752,-37.054282993762094,100 174.935341999142,-37.05430900619483,100 174.93522300126799,-37.054343005305476,100 174.9351280068925,-37.05436999262207,100 174.93501000353262,-37.05440299829133,100 174.93491499252832,-37.05443000103204,100 174.9347969983844,-37.05446399686139,100 174.93458299508256,-37.05452400729514,100 174.93437174878272,-37.05458410666794,100 174.93436099599214,-37.05456182725396,100 174.93429536375479,-37.054426153650425,100 174.93421896299597,-37.054268232377815,100 174.93421205353707,-37.054253999194245,100 174.93414197983338,-37.05410928315892,100 174.93385696038638,-37.05419012030443,100 174.9337040738096,-37.05387427758289,100 174.9333729079258,-37.053974475898904,100 174.93287405038836,-37.054351354577534,100 174.93254247248652,-37.054068217565636,100 174.9322006737828,-37.054182325214114,100 174.93203547352164,-37.05423751072829,100 174.931169262116,-37.054526649205584,100 174.93078289637887,-37.05465543777562,100 174.9307312421394,-37.054670514681646,100 174.93070261565407,-37.05466645624587,100 174.93066822246587,-37.054663723754146,100 174.9306358234462,-37.05465417295061,100 174.9306055230838,-37.054645343256475,100 174.93057438272515,-37.05463620366483,100 174.93054439199236,-37.05461793688015,100 174.930516534018,-37.05460599669671,100 174.9304947961455,-37.054590478788576,100 174.93047912051847,-37.05457553455654,100 174.9304664109888,-37.05456137303124,100 174.93045434578235,-37.05455169216047,100 174.93043632885585,-37.054540429062506,100 174.9304218699281,-37.05452690257964,100 174.93041118651644,-37.05451521456344,100 174.93039526194016,-37.05450504491763,100 174.9303798061189,-37.054494912704016,100 174.93036190270286,-37.05449087972421,100 174.93034395694696,-37.05448717279776,100 174.93032870406304,-37.05448185378553,100 174.93030862669173,-37.05447807700056,100 174.93029033992926,-37.05447333822788,100 174.9302702363448,-37.05446990255189,100 174.93025318346,-37.054465884552954,100 174.93023143005468,-37.054461022839014,100 174.93021367449728,-37.05445354899587,100 174.93019780053407,-37.05444271244336,100 174.93018531908976,-37.05443302299714,100 174.9301697715878,-37.05442459659341,100 174.93015196624577,-37.054417820250855,100 174.9301342722757,-37.05440944770497,100 174.9301216620125,-37.0544001325826,100 174.93010640055357,-37.054388881367885,100 174.9300874849907,-37.054376410687325,100 174.93007022553672,-37.05435997710215,100 174.9300505482858,-37.054347535035284,100 174.93002710788875,-37.05433684864085,100 174.9300024160532,-37.05432350486555,100 174.92997977632652,-37.054315437207734,100 174.92996060516134,-37.05430188641007,100 174.92994044944223,-37.054289066357505,100 174.92991862370565,-37.054272868392424,100 174.92989672465723,-37.05425777119416,100 174.92987704746054,-37.05424532909674,100 174.92985856135016,-37.054225881687714,100 174.92984090652982,-37.05420830895767,100 174.9298213286593,-37.05419255117831,100 174.92980013460573,-37.05417229970877,100 174.92978397946658,-37.05415257821713,100 174.92977226157987,-37.054139777653745,100 174.92976372947416,-37.05411823227328,100 174.9297562695206,-37.05410221059777,100 174.92973283708247,-37.05408615140342,100 174.92971612534112,-37.05407322209363,100 174.92969898240548,-37.05406098297818,100 174.9296852551213,-37.05404947330806,100 174.9296749455187,-37.05403686432699,100 174.92965691915023,-37.05400901475632,100 174.9296501817503,-37.05396846523215,100 174.92964911817006,-37.053957596715364,100 174.92964475677317,-37.0539464772216,100 174.92963639264272,-37.05393098398716,100 174.92963440999347,-37.053928803572,100 174.929624104502,-37.053920129566514,100 174.92961089211218,-37.05390967864061,100 174.9295943080295,-37.053898235270985,100 174.9295800718252,-37.05389460125956,100 174.92955961217106,-37.05388890990852,100 174.92954490840984,-37.05388528530288,100 174.92952784007923,-37.05388136118293,100 174.929516303084,-37.05387574366274,100 174.92949354501008,-37.053870899057806,100 174.92946794219804,-37.05386588802689,100 174.92945611527642,-37.05386667169803,100 174.92939116082823,-37.05388628971729,100 174.92937445357472,-37.05389160516984,100 174.92935790883666,-37.053897165831835,100 174.9293416154932,-37.0539030621893,100 174.92932561076273,-37.05390938737138,100 174.92930998460884,-37.053916185880574,100 174.92929891158525,-37.053921695371464,100 174.92928416688468,-37.05392968636943,100 174.9292769189137,-37.05393384207713,100 174.92926264291555,-37.05394249060209,100 174.92924861602344,-37.0539514288946,100 174.92922790178423,-37.05396530240184,100 174.92918692364006,-37.05399369281379,100 174.9291731520108,-37.05400307578919,100 174.92915032773894,-37.054016444634435,100 174.92909196238267,-37.054049992050935,100 174.92907021047236,-37.05406272334716,100 174.9290487075392,-37.05407565067664,100 174.92902752568654,-37.05408891256718,100 174.92900678870762,-37.054102601641155,100 174.92899480789637,-37.054111565206476,100 174.92896236131958,-37.054136536058955,100 174.9289492239876,-37.05414627912314,100 174.9289425131885,-37.054151044360694,100 174.92892885858703,-37.05416025506019,100 174.92892064670443,-37.05416524840463,100 174.92890611851212,-37.054173577425,100 174.92889121551482,-37.05418149343835,100 174.92888361225516,-37.05418529798895,100 174.92887595537198,-37.05418902770259,100 174.92886040788295,-37.05419622775215,100 174.92883661411386,-37.05420648571927,100 174.92881242330276,-37.0542162075606,100 174.92878792787735,-37.05422553507833,100 174.92876974949777,-37.05423217764405,100 174.92875302806056,-37.054237648263346,100 174.9287023757571,-37.05425326318853,100 174.92868575962297,-37.054258762729816,100 174.92867757758987,-37.05426164924908,100 174.92866149952206,-37.0542678367362,100 174.9286536581948,-37.054271166557086,100 174.9286459261028,-37.05427468026742,100 174.92863837220136,-37.054278392067836,100 174.92862630382197,-37.05428549855324,100 174.92861241813523,-37.054294511986484,100 174.9286056188103,-37.05429920203498,100 174.92857873036476,-37.05431843578934,100 174.92856517006385,-37.05432795405775,100 174.92854542460978,-37.05434052644824,100 174.92852399587412,-37.05435363724259,100 174.92850220887195,-37.054366322139565,100 174.9284874863338,-37.05437452899,100 174.92847256645325,-37.05438249209329,100 174.92845746758022,-37.054390225571666,100 174.92843017521426,-37.05440678811793,100 174.92841505626976,-37.05441568368483,100 174.9284073980843,-37.05441998571126,100 174.92839194711743,-37.05442815933034,100 174.92838410183109,-37.05443200023151,100 174.92837621696117,-37.054435610143365,100 174.92836822054494,-37.05443898933476,100 174.9283601634294,-37.05444205856635,100 174.92835203003074,-37.05444486856395,100 174.92834378345069,-37.05444733881111,100 174.92833545814756,-37.054449453425484,100 174.9283270349963,-37.054451167653404,100 174.92831849598915,-37.05445248088631,100 174.9283098426219,-37.0544533633572,100 174.92830372002356,-37.05445373600399,100 174.928294856465,-37.05445395583555,100 174.92828587933812,-37.054453820600806,100 174.9282768760396,-37.0544533622265,100 174.9282678484395,-37.05445265458833,100 174.9282588502353,-37.054451731062315,100 174.92824873323295,-37.05445045619659,100 174.92822200361977,-37.054445448799015,100 174.9282133074258,-37.05444419499198,100 174.9282047505836,-37.054443604073235,100 174.92819857625568,-37.05444397665439,100 174.9281904002797,-37.05444523800947,100 174.9281824016247,-37.05444728511284,100 174.92817457870083,-37.054450010736446,100 174.92816689322825,-37.054453368635436,100 174.9281593436173,-37.05445725158174,100 174.9281519285976,-37.0544615649602,100 174.92814459192707,-37.05446626371932,100 174.9281373519234,-37.05447127185261,100 174.92813016868777,-37.05447647914969,100 174.92810885590208,-37.05449253160988,100 174.92809770099467,-37.05450072186745,100 174.92809079617223,-37.054505955279595,100 174.92807029833148,-37.05452203954793,100 174.9280565162139,-37.05453230583396,100 174.9280495119661,-37.05453707669399,100 174.9280423765756,-37.05454150899673,100 174.92803510769397,-37.05454550994708,100 174.92802765245153,-37.0545490344386,100 174.92801999051483,-37.0545519899686,100 174.92801206851945,-37.05455426744678,100 174.92800262519367,-37.054556062229416,100 174.92799364872968,-37.05455719778594,100 174.92798449962004,-37.054557732281836,100 174.9279753145515,-37.054557601305596,100 174.92796621453556,-37.05455678756791,100 174.92795737229065,-37.05455527293888,100 174.92794674236612,-37.05455234890716,100 174.92793912250835,-37.05454932456573,100 174.92793184732392,-37.05454556727641,100 174.92792488165693,-37.054541154220786,100 174.92791819832013,-37.05453625528409,100 174.92791169402284,-37.0545309658801,100 174.92789272908027,-37.05451422081221,100 174.92787718639488,-37.05450282065863,100 174.927837755856,-37.05447330707596,100 174.92782447698332,-37.05446360059791,100 174.9278042680219,-37.05444946425371,100 174.92779048703795,-37.054440401346056,100 174.92777375836837,-37.054430570682776,100 174.92776645584135,-37.05442648755915,100 174.92775163421425,-37.054418606034666,100 174.92773654350313,-37.0544110227041,100 174.92772890723043,-37.05440734878286,100 174.92770564177556,-37.05439672036959,100 174.92768194116294,-37.054386626281946,100 174.92766587827302,-37.05438017454652,100 174.92764969721725,-37.05437389687672,100 174.92762515766375,-37.05436477809462,100 174.92758376682792,-37.05435013608977,100 174.9274920554314,-37.05431876557071,100 174.9273566983488,-37.054261983028695,100 174.92731677960316,-37.0542455180219,100 174.92728477076946,-37.0542325206155,100 174.9272445903191,-37.054216555548635,100 174.92721226625238,-37.05420407608138,100 174.92717979566802,-37.05419193877395,100 174.92714710924602,-37.05418011500998,100 174.92712248124195,-37.05417154013821,100 174.9270977035928,-37.05416318400351,100 174.9270775528917,-37.05415929970407,100 174.92703170925532,-37.05415088479594,100 174.92701366228928,-37.054147257418975,100 174.92700477237918,-37.054145278424805,100 174.92698731443457,-37.05414101957991,100 174.9269787946583,-37.0541386470131,100 174.9269704267968,-37.054136100731384,100 174.92696224459465,-37.05413338108779,100 174.92695424647945,-37.054130425918615,100 174.9269464665832,-37.054127250892584,100 174.92693890518683,-37.054123822657324,100 174.92693157915878,-37.054120096775364,100 174.92692452187143,-37.05411610334849,100 174.92691773324123,-37.054111794609554,100 174.9269112297644,-37.05410715586983,100 174.92690098766076,-37.05410075455863,100 174.9268938478694,-37.05409563314921,100 174.9268874087152,-37.054090202928265,100 174.9268819834683,-37.05408444528647,100 174.92687779618038,-37.05407837100424,100 174.92687515817695,-37.05407192905728,100 174.92687518522183,-37.05406855237096,100 174.926876491297,-37.05406128114173,100 174.92687843340536,-37.0540538589763,100 174.9268797234167,-37.05404661955332,100 174.92687906747457,-37.05403984797463,100 174.92687716808354,-37.054036288081285,100 174.926872205018,-37.05403035258483,100 174.92686576746613,-37.05402498542711,100 174.92685846659592,-37.05402029745107,100 174.92685656892104,-37.054019339564945,100 174.92684819183143,-37.05401584976956,100 174.9268399435083,-37.05401260483594,100 174.92683313488803,-37.054008838995635,100 174.92683029804476,-37.05400525016953,100 174.9268281584766,-37.05399926338802,100 174.9268278831844,-37.05399246940098,100 174.9268290287127,-37.05398503043611,100 174.92683116669,-37.05397717156656,100 174.92683653295296,-37.053960768253496,100 174.92683646801711,-37.053953443591695,100 174.92683576233387,-37.05393919208137,100 174.9268343298813,-37.053925016371224,100 174.92683225712844,-37.053910867287726,100 174.9268295796352,-37.05389672802977,100 174.92682640089853,-37.053882644684315,100 174.92682277182766,-37.05386858487887,100 174.9268187620914,-37.05385454658017,100 174.92681445904705,-37.053840515750686,100 174.92680993043427,-37.05382650300661,100 174.92679079499658,-37.05377045419574,100 174.92678387124204,-37.05374937456363,100 174.92677739674778,-37.05372827321105,100 174.92677348962835,-37.0537141566331,100 174.9267710467668,-37.05369662199195,100 174.92676844146246,-37.05367510987582,100 174.92676101413437,-37.05360335055246,100 174.92675856587766,-37.05358186742947,100 174.92675671514309,-37.05356755881264,100 174.92675355885973,-37.05354618092727,100 174.92675110351044,-37.05353197586799,100 174.92674679152623,-37.053510742940055,100 174.92674342794098,-37.05349686358295,100 174.92673974761075,-37.05348282082983,100 174.92673579002945,-37.05346879790301,100 174.9267315747162,-37.05345481070859,100 174.92672488163774,-37.05343391299029,100 174.9267201482643,-37.05342002794669,100 174.92671273148835,-37.05339928258706,100 174.92670109305692,-37.05336870059294,100 174.9266927305813,-37.0533482220571,100 174.92668395412716,-37.05332782595489,100 174.92667485184896,-37.053307529781186,100 174.9266500912582,-37.053253501998476,100 174.92663802954075,-37.05322641217767,100 174.92662940938158,-37.05320601443282,100 174.926621288508,-37.05318548329606,100 174.92661465152133,-37.05316475590463,100 174.92661048834273,-37.05315078317983,100 174.92660259125358,-37.05312273702132,100 174.92658929310082,-37.05307352158489,100 174.92658344373106,-37.053052456028745,100 174.92657725048377,-37.05303148799062,100 174.92657059235773,-37.05301059059477,100 174.92656414895228,-37.05299560490326,100 174.92654893409596,-37.052961618218966,100 174.92654309948537,-37.05294798359019,100 174.92653767963276,-37.0529342971586,100 174.92653281115463,-37.05292049181176,100 174.9265287177346,-37.05290656391598,100 174.92652606978572,-37.05289536779448,100 174.92652337134797,-37.052881152256546,100 174.92652139928407,-37.05286684560477,100 174.9265200406757,-37.052851584431174,100 174.92651940090354,-37.05283722368976,100 174.9265193233051,-37.05280124799354,100 174.926511289618,-37.0527995479712,100 174.92650282079205,-37.05279771621772,100 174.92649435318899,-37.05279597727706,100 174.9264858765247,-37.052794502562165,100 174.92647741034796,-37.052793398108186,100 174.9264689923437,-37.0527928201281,100 174.92646582187987,-37.05279280042827,100 174.92645736140938,-37.05279316679214,100 174.92644891538976,-37.05279406017773,100 174.926440499474,-37.05279543256217,100 174.92643207766272,-37.05279719440086,100 174.92642371685918,-37.052799278812515,100 174.92641536231983,-37.052801610977724,100 174.92640706530256,-37.05280412787455,100 174.926398823871,-37.05280675292447,100 174.92639061615998,-37.05280937742605,100 174.92638293994023,-37.05281118573416,100 174.9263745618858,-37.052813255100595,100 174.9263662907734,-37.052815462429926,100 174.9263581304378,-37.05281791491386,100 174.92635016706552,-37.05282059673176,100 174.926342455073,-37.05282361425377,100 174.92633503124964,-37.052826999328914,100 174.92633376589004,-37.05282761023021,100 174.92632670110265,-37.0528314527381,100 174.9263199045555,-37.052835630676384,100 174.92631336055751,-37.05284014610256,100 174.92630704950673,-37.0528449353432,100 174.92630093388482,-37.05284993771974,100 174.92629497915846,-37.05285507718314,100 174.9262891313509,-37.05286035370887,100 174.9262834057361,-37.05286565979483,100 174.9262827277776,-37.05286619806391,100 174.92627656002162,-37.05287113999802,100 174.92627047924086,-37.05287614180711,100 174.92626450536403,-37.05288123561406,100 174.92625865520614,-37.05288641934319,100 174.9262529463874,-37.05289167828761,100 174.92624743065133,-37.05289705757289,100 174.92624212518535,-37.052902525374606,100 174.92623706565473,-37.05290811356006,100 174.92623227040866,-37.05291383625198,100 174.9262277716571,-37.052919677605196,100 174.92622682064956,-37.0529209800999,100 174.92622274358578,-37.05292699936899,100 174.92621894695324,-37.05293316910569,100 174.92621543181562,-37.05293944242541,100 174.92621212698606,-37.052945850227154,100 174.9262090320852,-37.052952333031676,100 174.9262060785011,-37.052958890150805,100 174.92620324786188,-37.05296550656097,100 174.92620050418338,-37.05297213778192,100 174.9261977597676,-37.052978784336794,100 174.92619505129792,-37.05298542940646,100 174.92619232409143,-37.05299204503768,100 174.92619042893597,-37.052996166793115,100 174.92618749104764,-37.05300267769085,100 174.9261845887786,-37.05300921865398,100 174.92618168571184,-37.05301572808471,100 174.92617881826436,-37.05302226758082,100 174.92617591560668,-37.05302879322806,100 174.92617358773884,-37.05303292381393,100 174.92616988735995,-37.0530394317736,100 174.92616617052983,-37.05304595622365,100 174.9261624701725,-37.053052465084015,100 174.9261588050471,-37.05305898869406,100 174.92615517474363,-37.053065510837115,100 174.92615161531464,-37.05307207869623,100 174.9261481248389,-37.05307866075731,100 174.9261447396958,-37.053085272652794,100 174.9261414418551,-37.05309191287294,100 174.9261388675662,-37.053097193906574,100 174.9261356758322,-37.0531038945925,100 174.9261326047575,-37.05311060864065,100 174.9261296045574,-37.05311736840488,100 174.926126691637,-37.05312415559288,100 174.92612390056834,-37.053130958827644,100 174.9261211971895,-37.05313780570281,100 174.92611858036153,-37.0531446511722,100 174.92611608570428,-37.05315152530128,100 174.92611367837245,-37.05315842865602,100 174.92611139284696,-37.05316534625569,100 174.92610921260885,-37.05317229188799,100 174.92610715344028,-37.0531792670992,100 174.92610518118727,-37.05318625531944,100 174.92610334795097,-37.05319322686111,100 174.92610205288554,-37.05319964618174,100 174.92610079373836,-37.053206730074045,100 174.9260996924048,-37.05321387359251,100 174.9260987124907,-37.05322101604023,100 174.92609780150764,-37.053228171789115,100 174.92609694335457,-37.05323532667996,100 174.92609608558857,-37.05324249688649,100 174.9260951925898,-37.05324965234324,100 174.92609424598635,-37.053256778026594,100 174.92609321393252,-37.05326390419648,100 174.92609204135798,-37.05327098758387,100 174.9260906944958,-37.05327802693463,100 174.9260891741659,-37.05328505468202,100 174.926087390711,-37.05329199386957,100 174.926085348338,-37.05329892194027,100 174.92608431638243,-37.05330231584956,100 174.9260820519557,-37.05330935658321,100 174.92607959489186,-37.05331633915749,100 174.92607692869464,-37.05332327826102,100 174.92607406983737,-37.053330158304206,100 174.92607096739636,-37.05333696659471,100 174.92606761904023,-37.05334365540179,100 174.92606400714865,-37.053350239432305,100 174.9260601148233,-37.053356672994674,100 174.9260559743198,-37.053362942045595,100 174.92605152002545,-37.05336907559077,100 174.92604676394825,-37.053375014851035,100 174.92604421259372,-37.05337795665193,100 174.92603897875324,-37.05338350169406,100 174.92603341046419,-37.05338885027782,100 174.92602752501998,-37.05339401924691,100 174.9260213587772,-37.05339902333278,100 174.92601494431054,-37.053403861105096,100 174.92600828392838,-37.05340857939362,100 174.9260014304382,-37.053413176439385,100 174.92599441838135,-37.05341768412796,100 174.9259872312615,-37.05342211714794,100 174.92597995491633,-37.05342649032856,100 174.92597259157108,-37.05343080273234,100 174.9259651746204,-37.05343508536227,100 174.9259577228233,-37.05343936855763,100 174.92595027214946,-37.0534436517343,100 174.9259428375986,-37.053447949970675,100 174.9259354750463,-37.05345229390461,100 174.92592819946955,-37.05345669771362,100 174.92592384931902,-37.05346036812862,100 174.9259176239033,-37.05346574540463,100 174.92591145169612,-37.05347118130165,100 174.92590528030797,-37.05347664963162,100 174.92589914376444,-37.053482117395426,100 174.92589302446797,-37.053487600200825,100 174.9258868519156,-37.053493022582764,100 174.92588064294543,-37.05349838336652,100 174.92587437877546,-37.05350365131177,100 174.92586806018815,-37.05350881288643,100 174.92586163427018,-37.05351382118116,100 174.92585509877347,-37.05351867623245,100 174.92584843833384,-37.05352334854707,100 174.9258416314886,-37.05352778980369,100 174.92583464570862,-37.05353200323438,100 174.92582749662495,-37.053535939915406,100 174.92582014902757,-37.053539585997804,100 174.9258125845219,-37.053542925556975,100 174.92580857457793,-37.05354448502015,100 174.92580056291072,-37.05354730638555,100 174.92579236959085,-37.05354983687836,100 174.92578401568576,-37.053552153667724,100 174.92577549737607,-37.05355419462635,100 174.92576687024777,-37.053556067908154,100 174.9257581162104,-37.053557725136976,100 174.92574927174925,-37.05355923061348,100 174.9257403525328,-37.05356058137938,100 174.92573137810263,-37.05356179424188,100 174.92572238446576,-37.05356291458231,100 174.92571335208066,-37.053563925593366,100 174.9257043361771,-37.05356487685069,100 174.9257012834335,-37.053565333806425,100 174.9256924993537,-37.053566558897074,100 174.9256837140292,-37.0535676902727,100 174.92567490688563,-37.05356871474797,100 174.92566604717834,-37.053569661663516,100 174.92565718402395,-37.053570516702365,100 174.92564831850103,-37.05357127804444,100 174.92563943456864,-37.053571978396754,100 174.9256305134595,-37.0535726315835,100 174.9256216080123,-37.053573192583244,100 174.9256126830316,-37.05357369261151,100 174.9256037748287,-37.053574144598066,100 174.92559483025434,-37.05357453678784,100 174.9255858837361,-37.053574896561905,100 174.9255769536768,-37.05357519568134,100 174.925567988362,-37.05357547914926,100 174.92555905711842,-37.05357573141927,100 174.92555012393095,-37.053575951273615,100 174.9255431621251,-37.05357599761523,100 174.92553420512334,-37.05357598712373,100 174.92552523079087,-37.05357591382235,100 174.9255162718308,-37.053575825849975,100 174.92550729560006,-37.05357572193406,100 174.92549833696702,-37.05357560240974,100 174.92548937913097,-37.053575514417076,100 174.92548045656477,-37.053575487139106,100 174.92547151870895,-37.05357552229799,100 174.92546260116043,-37.05357564905851,100 174.92545370437463,-37.05357588543913,100 174.9254448275462,-37.053576244071074,100 174.92543598988945,-37.05357677331225,100 174.92542715725025,-37.053577456592606,100 174.92542579169424,-37.053577574300654,100 174.92541689362992,-37.053578383021076,100 174.92540801593262,-37.05357933020946,100 174.92539914176433,-37.05358041704047,100 174.9253902891098,-37.05358164322214,100 174.9253814575819,-37.05358299343875,100 174.9253726636687,-37.05358449716531,100 174.92536392721595,-37.053586138757645,100 174.9253552280135,-37.05358791944517,100 174.92534658517016,-37.05358983891765,100 174.92533798029123,-37.05359188125046,100 174.92532944901916,-37.05359407741027,100 174.9253210089289,-37.05359641088842,100 174.9253126229495,-37.053598883188094,100 174.92530431170087,-37.05360150929655,100 174.92529612535543,-37.053604272175946,100 174.9252909068118,-37.05360597562159,100 174.9252828085883,-37.05360879925876,100 174.92527480158356,-37.0536118061798,100 174.92526686702425,-37.05361492098079,100 174.92525902444336,-37.05361820463265,100 174.92525125467213,-37.053621610579285,100 174.9252435573378,-37.05362516856947,100 174.92523591565634,-37.053628837416156,100 174.92522834635187,-37.053632611440094,100 174.92522083148506,-37.053636492735116,100 174.92521340702558,-37.0536404807173,100 174.92520600177113,-37.05364456122055,100 174.9251986685748,-37.05364873428816,100 174.9251913890193,-37.05365298309454,100 174.92518414585666,-37.053657292597684,100 174.92517695754995,-37.05366168142506,100 174.92516980405674,-37.053666112948996,100 174.9251626701412,-37.053670607245266,100 174.92515560630304,-37.05367511572552,100 174.92514852717414,-37.05367968664287,100 174.92514151697586,-37.05368427086155,100 174.92513452404734,-37.05368887102277,100 174.9251275498996,-37.053693502424,100 174.92512059332603,-37.05369811731625,100 174.9251183609526,-37.05369948837153,100 174.92511132922286,-37.053703888172656,100 174.9251043492357,-37.05370833309944,100 174.92509740560442,-37.053712792757665,100 174.92509049767455,-37.05371733024853,100 174.92508362456672,-37.053721866272454,100 174.92507677060397,-37.053726447951206,100 174.92506995228285,-37.0537310605963,100 174.92506313361085,-37.053735703890716,100 174.92505635052072,-37.05374033128514,100 174.92504958547434,-37.05374500525359,100 174.92504282040437,-37.053749678320756,100 174.9250360557433,-37.053754367604206,100 174.9250293079195,-37.05375905571265,100 174.92502254286975,-37.05376372967964,100 174.92501577859323,-37.05376843427771,100 174.9250090303799,-37.05377310706935,100 174.92500224807986,-37.05377776599321,100 174.92499546501918,-37.05378243934974,100 174.92498866393584,-37.053787067032445,100 174.92498184560387,-37.05379167967273,100 174.92497499203841,-37.05379627756256,100 174.9249681193035,-37.05380082889583,100 174.92496798300257,-37.05380090861957,100 174.92496058008655,-37.053805082804374,100 174.92495314226431,-37.05380921068802,100 174.92494568606938,-37.05381332354742,100 174.92493819461825,-37.05381742075535,100 174.92493072004984,-37.05382151859005,100 174.92492329869816,-37.05382563088251,100 174.92491589500324,-37.053829774433204,100 174.92490858012195,-37.053833961606585,100 174.92490136909956,-37.05383820928304,100 174.9248942492213,-37.05384254831299,100 174.92488726882158,-37.0538469779119,100 174.92488043053547,-37.05385151335903,100 174.9248737864565,-37.053856169130874,100 174.92486731862252,-37.0538609464203,100 174.92486106338166,-37.0538659041228,100 174.92485505448698,-37.053870998428415,100 174.92484995889885,-37.05387525502829,100 174.92484380191678,-37.05388063023686,100 174.9248378399158,-37.0538861564017,100 174.92483203768592,-37.05389181967366,100 174.92482641167825,-37.053897603562405,100 174.92482103158432,-37.053903506936855,100 174.9248158625584,-37.05390953036259,100 174.92481092260817,-37.05391567444865,100 174.92480624500013,-37.05392192062925,100 174.9248018309266,-37.053928271588966,100 174.92479771255285,-37.05393470968118,100 174.92479389253674,-37.053941251086044,100 174.92479038471717,-37.053947864935,100 174.9247871924436,-37.0539545502724,100 174.92478436556158,-37.05396132161127,100 174.9247819048538,-37.05396816541951,100 174.92477980869552,-37.053975061895045,100 174.92477810235772,-37.05398100838859,100 174.92477647501298,-37.05398794502363,100 174.92477521418422,-37.053994967641984,100 174.9247743026238,-37.05400206120157,100 174.9247737024867,-37.05400919657394,100 174.92477336545264,-37.05401641960806,100 174.9247732880758,-37.05402363842784,100 174.92477343664868,-37.0540308986451,100 174.92477377669843,-37.054038171076606,100 174.9247742894662,-37.05404542538283,100 174.92477495771834,-37.05405269158618,100 174.9247757129415,-37.05405992843783,100 174.92477571681113,-37.05406008159504,100 174.92477610547232,-37.05406723066151,100 174.92477661589612,-37.054074392172424,100 174.92477733312407,-37.05408154942553,100 174.9247782230702,-37.05408868855333,100 174.92477926850955,-37.05409579541469,100 174.92478053981668,-37.05410289590622,100 174.9247819823539,-37.05410996387589,100 174.92478364847403,-37.054116979546784,100 174.92478552332807,-37.0541239783104,100 174.92478625333965,-37.054126567596974,100 174.92478838511167,-37.05413349819874,100 174.92479075739598,-37.0541403789308,100 174.9247932682902,-37.05414722676911,100 174.92479595226726,-37.054154070896814,100 174.92479872200076,-37.05416088208728,100 174.9248015265806,-37.05416769271209,100 174.92480436490555,-37.054174503690405,100 174.92480716948646,-37.05418131431504,100 174.9248112050021,-37.05419068987236,100 174.92481642753242,-37.05420538723264,100 174.92482162467434,-37.05422228416246,100 174.92482408290968,-37.05423915344314,100 174.92482699704019,-37.0542549283634,100 174.92483265804066,-37.054271090419356,100 174.92483607713305,-37.054283217717504,100 174.9248444953434,-37.05429759462171,100 174.92484699767598,-37.05431224780487,100 174.92484857828066,-37.05432620392615,100 174.92485282753225,-37.05434452766597,100 174.92485613306027,-37.05436506678221,100 174.92486078865932,-37.054387455973036,100 174.92486319413467,-37.054406153031856,100 174.92486791809213,-37.05442412657403,100 174.92487350767365,-37.054443958954955,100 174.92487454035128,-37.05446373371099,100 174.9248710512533,-37.05448163686831,100 174.92487070998044,-37.054502488439276,100 174.92486772920887,-37.05451745594238,100 174.92486285943343,-37.054536792936034,100 174.92485995044296,-37.054548103624874,100 174.92486025949935,-37.05455615167144,100 174.92485037314052,-37.05457762233607,100 174.9248368499752,-37.05459722055552,100 174.92482605569916,-37.05461720620111,100 174.92481119148533,-37.05463531200998,100 174.92479594157768,-37.054650125340636,100 174.92478342268788,-37.05466349643636,100 174.92477133296944,-37.05467983393445,100 174.9247569927055,-37.05469246308137,100 174.9247427347282,-37.05470180657532,100 174.924730317192,-37.05471006568297,100 174.92469769024333,-37.054729788274784,100 174.92466477023072,-37.05473960318137,100 174.92464132848477,-37.054753230848675,100 174.9246157058141,-37.05476132120439,100 174.9245951002192,-37.0547691219339,100 174.92457130412038,-37.054776869887704,100 174.92455125941348,-37.054786797574245,100 174.924525121481,-37.05479376695102,100 174.92450717638988,-37.05480009413597,100 174.9244723887701,-37.054806225965756,100 174.9244318504813,-37.05481868625784,100 174.92440803506497,-37.054826961749725,100 174.92437754687876,-37.05483448838623,100 174.92435035027282,-37.054842018384385,100 174.9243226695739,-37.05484957155356,100 174.92429780874969,-37.05485639487754,100 174.9242780923157,-37.05486253716404,100 174.924251848814,-37.054868222948585,100 174.92422888868117,-37.0548735868662,100 174.92420073213054,-37.054881490220055,100 174.92417719899595,-37.05489243973208,100 174.9241509174022,-37.05490111480398,100 174.92412459387972,-37.05491017810692,100 174.9240945733169,-37.05491956997335,100 174.9240739205065,-37.054925683255284,100 174.9240523111761,-37.05493292785481,100 174.92402555411164,-37.054941968427215,100 174.92400386146494,-37.05495370641995,100 174.92398495765082,-37.05496731441338,100 174.92396648036515,-37.05498320657381,100 174.92394938790645,-37.05499907536334,100 174.92393187045343,-37.055012721243486,100 174.92391663011452,-37.055029748787724,100 174.92390696481513,-37.0550479630191,100 174.9238996077299,-37.0550688310677,100 174.92389317226994,-37.05508856655944,100 174.92388384306432,-37.05511390006696,100 174.92388086858645,-37.05512471698474,100 174.92388021859625,-37.05513442365229,100 174.9238745475959,-37.05518242574712,100 174.92387465614823,-37.055186946680244,100 174.92387722521624,-37.05519966192005,100 174.92387973222463,-37.05521891435187,100 174.92388456819296,-37.0552334485802,100 174.92389294056704,-37.05525491857825,100 174.92390894510018,-37.05528114977176,100 174.9239250648629,-37.05529903040574,100 174.9239456880214,-37.05531876584455,100 174.92396134764846,-37.05533628170386,100 174.92397751155985,-37.05534945325347,100 174.92399234153407,-37.05536078977663,100 174.92400351761205,-37.05537465332224,100 174.92400976045732,-37.05538304493235,100 174.9240276784181,-37.05540203921831,100 174.9240374726795,-37.05541733660603,100 174.9240445624155,-37.05543187662174,100 174.92404663143085,-37.05544968056493,100 174.92405057459146,-37.05546385974012,100 174.92405080913454,-37.055482362206675,100 174.92405150274473,-37.05550305638267,100 174.9240444807829,-37.05552477072461,100 174.92403288955765,-37.055549725445616,100 174.92402322099926,-37.05556344858993,100 174.92401403048152,-37.05557499456275,100 174.92400887359582,-37.0555927255673,100 174.92398132122233,-37.05562812386143,100 174.92396384727274,-37.05565084417118,100 174.9239483039788,-37.055666344434464,100 174.92393227993645,-37.055680753817654,100 174.9239171914663,-37.05569516154002,100 174.92389795268394,-37.05571608535124,100 174.9238846829124,-37.05572796788103,100 174.92387003695725,-37.0557427550737,100 174.9238522027817,-37.05575931816223,100 174.92383887649183,-37.05577484102945,100 174.92382054851242,-37.05579611958323,100 174.9238036117312,-37.05581197140621,100 174.9237869363311,-37.05584667856557,100 174.9237781269479,-37.05586512585552,100 174.9237641868156,-37.055899136102575,100 174.92375535385148,-37.055920479631254,100 174.9237397019524,-37.055943973404226,100 174.92372218036837,-37.05597251681156,100 174.92370233470803,-37.056007220407366,100 174.92368630868006,-37.056023426069345,100 174.9236638433547,-37.05604795418261,100 174.92364504510326,-37.0560710546432,100 174.92362444225262,-37.05609087211747,100 174.9236029734517,-37.05610886229082,100 174.92358601295842,-37.056127609424586,100 174.9235713006208,-37.056147477351345,100 174.92355611768122,-37.05616915009005,100 174.92354329367205,-37.05618212402946,100 174.92352543238766,-37.05620087134514,100 174.92351161406413,-37.05622363504215,100 174.9235055940473,-37.05623520255544,100 174.9234908371294,-37.056259764233765,100 174.9234897276351,-37.05626223104563,100 174.9234866945231,-37.056269037243986,100 174.92348369433716,-37.056275811362916,100 174.92348067698418,-37.05628261820681,100 174.92347767759344,-37.05628942385797,100 174.9234746605446,-37.05629619825018,100 174.92347160905786,-37.05630298942418,100 174.92346855679713,-37.05630974996667,100 174.9234654164472,-37.056316495714555,100 174.92346224201,-37.05632322759451,100 174.92345901506778,-37.05632992878073,100 174.92345571843128,-37.05633663109727,100 174.92345233369218,-37.0563432735547,100 174.9234488436157,-37.05634988617527,100 174.92344526621,-37.056356469568165,100 174.92344158384026,-37.05636299337543,100 174.9234392808517,-37.0563667828159,100 174.92343528286656,-37.056373188264786,100 174.92343116229574,-37.056379548834514,100 174.92342693714752,-37.05638586513429,100 174.9234226235459,-37.05639215222456,100 174.92341820649088,-37.05639839502662,100 174.92341371859453,-37.05640463807622,100 174.92340914298208,-37.056410836582344,100 174.92340454973402,-37.056417004730314,100 174.9233998871421,-37.05642314335883,100 174.92339517171703,-37.056429282844064,100 174.9233904383057,-37.05643542262082,100 174.9233856876,-37.056441545553334,100 174.92338091971362,-37.056447656146176,100 174.92337615216775,-37.05645378025272,100 174.92337138464387,-37.05645990526,100 174.92336663398066,-37.05646602999365,100 174.92336191852758,-37.05647216857674,100 174.92335723871687,-37.05647833812687,100 174.92335259224154,-37.05648449181417,100 174.9233491309613,-37.05648961773088,100 174.92334488861107,-37.05649596585206,100 174.92334066422296,-37.05650231278048,100 174.9233364750905,-37.05650867536024,100 174.92333225108771,-37.056515037604115,100 174.92332804394567,-37.056521399574386,100 174.92332383682566,-37.056527762445434,100 174.92331961245685,-37.0565341102741,100 174.92331536969235,-37.05654044217767,100 174.92331107483207,-37.056546759604004,100 174.92330672787597,-37.056553062553085,100 174.92330234529882,-37.05655933543574,100 174.92329791026188,-37.05656557942633,100 174.92329342193673,-37.056571806255114,100 174.92328882828332,-37.05657795908328,100 174.92328416493515,-37.05658411304158,100 174.9232805501778,-37.05658868354442,100 174.92327569341177,-37.05659474870727,100 174.92327078485508,-37.0566007669413,100 174.92326585682403,-37.056606771070264,100 174.9232608777984,-37.05661275980275,100 174.9232558987948,-37.05661874943598,100 174.92325093662907,-37.05662473789462,100 174.92317408404935,-37.05682565514223,100 174.92297531432615,-37.05705559269458,100 174.92284246776254,-37.057165556905034,100 174.92274706193587,-37.057207348411275,100 174.9225071549229,-37.05721135963461,100 174.92232073496945,-37.057275859849696,100 174.92212475151007,-37.05717484700699,100 174.92188634013985,-37.05696277087779,100 174.92176666362175,-37.05684908240803,100 174.9216899496087,-37.05673354576806,100 174.92157439093359,-37.05666101105876,100 174.92173790771258,-37.05686981941512,100 174.9215910516611,-37.056942364911365,100 174.92318287454083,-37.059136604078645,100 174.923270623636,-37.05925762711417,100 174.92327058994798,-37.05925767362652,100 174.92327099718304,-37.059257990586225,100 174.92318317823398,-37.05938691816248,100 174.92316207444347,-37.05941811260192,100 174.92319374985203,-37.05946412007395,100 174.9232151418908,-37.05949471455088,100 174.92285000130326,-37.059630006661145,100 174.9227642223294,-37.05953324754935,100 174.9227641412517,-37.059533466075756,100 174.92256282561385,-37.0595782058258,100 174.92243202507768,-37.0593825401456,100 174.92034888560312,-37.05626658520365,100 174.9202913379599,-37.056235857305666,100 174.9202270116824,-37.05621057660743,100 174.9201855336043,-37.0561852323587,100 174.92010984348914,-37.056161857070656,100 174.92003696571925,-37.05616943712882,100 174.9199982954171,-37.056178703032245,100 174.9199413707178,-37.05618620229947,100 174.91991156865964,-37.05617722119482,100 174.91988382249772,-37.05615544266441,100 174.91981704748076,-37.05611928760765,100 174.9198143202269,-37.05611713710627,100 174.91975675302646,-37.0560612117659,100 174.91972903986954,-37.05604127490978,100 174.9196877759809,-37.05602870376887,100 174.91962577283516,-37.05600161589103,100 174.9195753467895,-37.055987239914224,100 174.91950862377044,-37.0559510838374,100 174.9194374757846,-37.055924034822446,100 174.91936876378955,-37.05590426755459,100 174.91931590508864,-37.05587898641628,100 174.91926072785787,-37.05585188520875,100 174.91920084685535,-37.05581568491825,100 174.91914777550454,-37.05577762858721,100 174.91912830956295,-37.05575963740742,100 174.9190690842587,-37.055705088693,100 174.91899550350934,-37.0556671172274,100 174.9189541674966,-37.05565443793668,100 174.91887176538063,-37.05562573023891,100 174.91882325209764,-37.05558584338088,100 174.91878121806675,-37.05552589429569,100 174.9187665471387,-37.055469455545065,100 174.918756058196,-37.05544091270343,100 174.9187329479379,-37.05537118119974,100 174.91872944279726,-37.05530376607387,100 174.9187150217622,-37.05525827220145,100 174.91870258911004,-37.05519818573667,100 174.91867418987667,-37.055134509966834,100 174.91866848196793,-37.055068930360655,100 174.91866839931794,-37.05501568679744,100 174.91864819102628,-37.05494691055935,100 174.9186066206495,-37.054910664266046,100 174.91859872747074,-37.0548487305953,100 174.91859838380216,-37.05484254155486,100 174.91859966674528,-37.05477038024657,100 174.9185997848159,-37.054767745653706,100 174.9186029584462,-37.054695642984605,100 174.91860530610194,-37.0546733925879,100 174.91859682666927,-37.054602735751715,100 174.91856920930843,-37.054576834993235,100 174.91848211204308,-37.05454676990288,100 174.9184114456658,-37.05454342282328,100 174.9183837236878,-37.05451622224259,100 174.9183735813123,-37.05445248719387,100 174.91837952160503,-37.05439780506628,100 174.91838092216446,-37.05434495299901,100 174.91835789256274,-37.05427687757933,100 174.9183321495503,-37.05421148233437,100 174.9183066276871,-37.054166076935054,100 174.91827872568172,-37.05411162317216,100 174.91827115013788,-37.054046122411556,100 174.9182612394379,-37.053976977631024,100 174.9182562849831,-37.05393236975467,100 174.9182485178633,-37.053860554010065,100 174.91824664041678,-37.053850257338155,100 174.91823617850193,-37.05377869067583,100 174.91823678558166,-37.05376305329904,100 174.9182444673736,-37.05368794398895,100 174.91824774187742,-37.05362519332406,100 174.9182479181056,-37.05362339419219,100 174.91825831876443,-37.053550823112474,100 174.91827668495444,-37.05347934894718,100 174.91828822018766,-37.05343911060236,100 174.91831773154834,-37.0533704133005,100 174.91835753709785,-37.053311336636924,100 174.91839321768933,-37.05328168097146,100 174.9184663653203,-37.053238120586364,100 174.91776454976193,-37.0522057933381,100 174.91782910098829,-37.05210183144135,100 174.91810843243377,-37.0520022696151,100 174.91824143318024,-37.051968349555366,100 174.91890021296604,-37.05294752603952,100 174.9190959385558,-37.05309497886007,100 174.91919192971687,-37.05306948886901,100 174.91955725335447,-37.052911004106576,100 174.9196572056514,-37.05281249880147,100 174.9197361867732,-37.05278391827887,100 174.91985530717093,-37.05278118598639,100 174.9201235728696,-37.05258889396568,100 174.92012749933326,-37.052582413171855,100 174.9201314610048,-37.05257594622857,100 174.92013542228966,-37.05256946396941,100 174.92013938398256,-37.05256299792682,100 174.9201433272815,-37.05255651595859,100 174.92014730695772,-37.05255004962458,100 174.92015126862594,-37.05254358268069,100 174.92015521194563,-37.052537101613055,100 174.92015919047313,-37.05253063439594,100 174.92016313491553,-37.052524153309854,100 174.92016709658117,-37.0525176863655,100 174.92017105826886,-37.052511220321946,100 174.92017500156254,-37.05250473835278,100 174.920178927995,-37.05249825665648,100 174.92018288929472,-37.0524917752968,100 174.92018681572588,-37.05248529360027,100 174.9201907421791,-37.05247881280455,100 174.92019466860896,-37.05247233110779,100 174.9201985777916,-37.05246583436813,100 174.92020250424287,-37.052459353572054,100 174.920206377455,-37.052452857414565,100 174.9202102862497,-37.0524463453588,100 174.9202141425773,-37.05243984857315,100 174.92021803340876,-37.05243333770929,100 174.92022190737907,-37.052426827118296,100 174.92022572959758,-37.052420315562536,100 174.920229585582,-37.052413805262525,100 174.92023340743594,-37.05240727929172,100 174.92023721130465,-37.052400753612,100 174.9202410147867,-37.05239421261639,100 174.92024456950395,-37.05238806320553,100 174.92024859972219,-37.05238159514849,100 174.92025263067777,-37.05237511175736,100 174.92025664405685,-37.052368644874,100 174.92026069148562,-37.05236214589385,100 174.92026470445464,-37.052355662793545,100 174.92026868219182,-37.05234916494159,100 174.92027264306785,-37.05234266736249,100 174.92027656871204,-37.052336155031746,100 174.92028044113988,-37.05232962824054,100 174.92028427946,-37.05232308667947,100 174.9202880656878,-37.05231653063976,100 174.92029178183876,-37.05230996041259,100 174.9202954275041,-37.05230335978132,100 174.92029900460273,-37.052296760260184,100 174.92030249327664,-37.052290132428006,100 174.92030589611457,-37.05228348976231,100 174.9203092105051,-37.05227681788465,100 174.92031242032584,-37.05227010173409,100 174.9203155083642,-37.052263372233384,100 174.92031849219612,-37.052256612874615,100 174.92032015339237,-37.05225278881955,100 174.92032304912868,-37.05224596959909,100 174.92032585641772,-37.05223912116673,100 174.92032855952309,-37.05223224377725,100 174.92033117566862,-37.052225351572496,100 174.92033370336694,-37.052218430155854,100 174.92033611004385,-37.05221148095606,100 174.92033842935226,-37.05220450072433,100 174.92034066215507,-37.05219752369588,100 174.9203428056933,-37.05219048502216,100 174.92034482898234,-37.05218344919685,100 174.92034678217217,-37.0521763982833,100 174.92034864806175,-37.0521693190406,100 174.92035040974517,-37.05216220993991,100 174.92035211900745,-37.05215511791135,100 174.92035374053813,-37.05214798043603,100 174.920355242183,-37.052140860223986,100 174.9203567067005,-37.05213369464707,100 174.92035805135498,-37.05212654723435,100 174.9203593259105,-37.052119384733395,100 174.92036054798822,-37.05211219243815,100 174.9203616659168,-37.05210501715137,100 174.92036271491588,-37.052097828560015,100 174.9203636942021,-37.05209064019621,100 174.92036460343485,-37.05208343854602,100 174.92036542721834,-37.0520762373782,100 174.92036606046253,-37.05207031012182,100 174.92036599266137,-37.052062846693666,100 174.9203657689718,-37.05205535514573,100 174.92036544033866,-37.05204784907382,100 174.92036509486783,-37.05204034417584,100 174.9203648022607,-37.052032884387884,100 174.92036461424533,-37.05202546977363,100 174.92036456751742,-37.052018128580315,100 174.9203647655785,-37.05201086273714,100 174.92036524283083,-37.05200369872589,100 174.9203660713144,-37.05199668404996,100 174.9203673187775,-37.051989785165695,100 174.92036902165455,-37.051983064573754,100 174.92037126537176,-37.05197652089084,100 174.92037192947905,-37.05197485175402,100 174.92037532715514,-37.051968674238125,100 174.92037930198066,-37.05196268656261,100 174.92038378356168,-37.05195686192717,100 174.92038875537827,-37.05195121411867,100 174.92039412936995,-37.051945729241005,100 174.92039992348703,-37.051940361037396,100 174.9204060320479,-37.051935110317814,100 174.92041248994295,-37.05192997831982,100 174.92041917495936,-37.05192493457574,100 174.92042610622832,-37.05191997967703,100 174.92043321101713,-37.05191508325612,100 174.92044045597945,-37.051910216110244,100 174.9204477897506,-37.051905392590555,100 174.92045517491968,-37.051900600684725,100 174.9204625776635,-37.05189579227054,100 174.92046994594756,-37.05189099973594,100 174.92047724338266,-37.051886162382154,100 174.92047989612092,-37.05188438082609,100 174.92048663629728,-37.05187942901841,100 174.92049339484333,-37.05187449223491,100 174.92050023999556,-37.05186960091587,100 174.92050710274532,-37.051864693989465,100 174.92051396665244,-37.05185983300997,100 174.92052083017253,-37.05185495671433,100 174.92052765807475,-37.05185005035107,100 174.9205344687069,-37.051845128043794,100 174.92054121005717,-37.05184022308141,100 174.92054788050166,-37.051835226433525,100 174.92055446286233,-37.05183021498842,100 174.9205609226688,-37.05182515956161,100 174.9205672602958,-37.0518200304043,100 174.92057347417648,-37.05181485458073,100 174.92057951189008,-37.05180955993496,100 174.92058535848392,-37.05180422241795,100 174.92059104608907,-37.05179877841873,100 174.92059650503856,-37.05179322996685,100 174.9206017349463,-37.051787561746565,100 174.92060672084818,-37.051781804644286,100 174.92061010516437,-37.05177764083146,100 174.92061382437433,-37.05177119402222,100 174.92061721225627,-37.05176462910128,100 174.9206203523402,-37.051757914071835,100 174.9206232128015,-37.05175108009336,100 174.9206258794297,-37.051744140197236,100 174.92062835227028,-37.0517370961853,100 174.92063066771243,-37.051730008756344,100 174.92063284294576,-37.05172284608665,100 174.92063496570128,-37.051715653622765,100 174.92063700111152,-37.05170843102807,100 174.9206390185597,-37.05170120962552,100 174.92064103790375,-37.05169401883626,100 174.9206431078059,-37.05168682632688,100 174.9206452148802,-37.051679680984094,100 174.92064744415538,-37.0516726102723,100 174.92064981473982,-37.051665613882015,100 174.9206523435393,-37.05165869334203,100 174.92065508414407,-37.05165192259192,100 174.92065803505503,-37.051645242170494,100 174.92066124988511,-37.05163872691824,100 174.92066476421698,-37.05163236093684,100 174.9206682471132,-37.05162675525625,100 174.92067418643742,-37.05162166228673,100 174.92068049580456,-37.05161679585805,100 174.9206871748058,-37.05161213975349,100 174.92069415259328,-37.051607649154334,100 174.9207013946286,-37.05160329217327,100 174.92070891858978,-37.05159910097058,100 174.9207166348269,-37.05159499858547,100 174.9207245104596,-37.05159101889835,100 174.9207325258909,-37.051587098234634,100 174.9207406474001,-37.05158323714042,100 174.9207488397563,-37.05157942086427,100 174.92075704899474,-37.05157560521541,100 174.92076525859574,-37.05157180398086,100 174.92077341574128,-37.05156797385259,100 174.92078150201542,-37.05156409800427,100 174.92078946532692,-37.05156016195758,100 174.92079730531236,-37.05155615129771,100 174.9208049350131,-37.051552051209825,100 174.92081235327075,-37.05154781574664,100 174.92081950835748,-37.05154344484472,100 174.9208263466947,-37.05153890962917,100 174.92083290314983,-37.05153421043661,100 174.92083907342686,-37.051529313805815,100 174.9208448388828,-37.051524193901265,100 174.92085018110177,-37.05151883389668,100 174.9208550326196,-37.05151323398352,100 174.92085764139688,-37.05150984341814,100 174.92086110359267,-37.0515034620522,100 174.9208642127299,-37.05149690344172,100 174.92086704101857,-37.051490177232694,100 174.92086958932194,-37.05148331766038,100 174.9208719254448,-37.05147633804725,100 174.92087412097297,-37.051469267877906,100 174.9208761755774,-37.05146213870299,100 174.9208781589021,-37.0514549475919,100 174.92088010893735,-37.051447774144584,100 174.92088209340812,-37.05144058391615,100 174.9208837514113,-37.05143476173374,100 174.9208856007613,-37.05142769807253,100 174.92088746733472,-37.051420648553055,100 174.9208893335444,-37.05141358461871,100 174.92089120013992,-37.05140653600011,100 174.92089306634895,-37.051399472065704,100 174.9208949149595,-37.05139242373833,100 174.92089676389872,-37.05138534386028,100 174.92089857840182,-37.05137828076328,100 174.92090035844612,-37.05137123354639,100 174.92090213769512,-37.05136415479704,100 174.92090384727723,-37.051357078077366,100 174.92090553999876,-37.051350001630745,100 174.92090714576153,-37.05134291036929,100 174.92090871670214,-37.05133582057313,100 174.9209102359375,-37.051328731614426,100 174.92091168468835,-37.051321612252025,100 174.92091191240127,-37.051320430570954,100 174.9209127158493,-37.05131313869782,100 174.92091336185453,-37.05130580160617,100 174.9209139036776,-37.051298435557946,100 174.920914357827,-37.0512910709298,100 174.9209147253924,-37.051283661738026,100 174.92091505776142,-37.05127628376036,100 174.9209153916406,-37.05126892108024,100 174.92091572474743,-37.05126152776861,100 174.9209160590354,-37.051254181305154,100 174.92091648025894,-37.051246848755596,100 174.92091697120605,-37.051239561042756,100 174.92091756745916,-37.05123230226825,100 174.9209183046578,-37.05122510340015,100 174.92091916330753,-37.05121794943221,100 174.92092021492556,-37.05121086714616,100 174.9209214592166,-37.05120384482997,100 174.9209229302646,-37.05119689635227,100 174.92092464680334,-37.051190051152346,100 174.92092664180376,-37.05118327895343,100 174.92092893514635,-37.05117661007751,100 174.9209305184585,-37.05117250877525,100 174.92093361259072,-37.05116598014865,100 174.92093700394088,-37.0511595548632,100 174.92094065535917,-37.05115318665326,100 174.92094458825906,-37.051146922039315,100 174.92094874789257,-37.051140730362775,100 174.9209531859872,-37.05113461168706,100 174.92095785234827,-37.05112858214721,100 174.9209627465896,-37.051122626427414,100 174.92096784955737,-37.0511167430353,100 174.92097316431736,-37.051110964367844,100 174.92097867019393,-37.0511052285705,100 174.92098436841363,-37.05109958429336,100 174.9209902255168,-37.05109399782913,100 174.92099627491757,-37.05108850108321,100 174.92100246373008,-37.05108304804481,100 174.92100879425942,-37.051077685543945,100 174.92101528257083,-37.05107238177506,100 174.9210218758355,-37.05106713759383,100 174.92102859249204,-37.05106197072749,100 174.92103541481694,-37.051056847213864,100 174.92104232564375,-37.05105179977766,100 174.92104934103762,-37.05104679661329,100 174.92105641121287,-37.051041870072524,100 174.92106356950387,-37.05103700429335,100 174.9210707634108,-37.05103216858085,100 174.92107799411485,-37.05102740978326,100 174.92108527768127,-37.05102269609496,100 174.92109257928826,-37.05101802898136,100 174.92109341425672,-37.05101751794094,100 174.92109994757854,-37.05101261721862,100 174.92110658775002,-37.05100780669718,100 174.9211132635375,-37.05100302624247,100 174.92112002862208,-37.05099835339759,100 174.92112686375822,-37.050993693838265,100 174.9211337694348,-37.050989111548546,100 174.921140729484,-37.0509845896657,100 174.92114774200945,-37.05098009757642,100 174.92115482656286,-37.050975697153326,100 174.92116198159945,-37.05097132713336,100 174.92116918990737,-37.05096701843936,100 174.92117645103235,-37.050962753052794,100 174.92118374820495,-37.05095853485046,100 174.92119111663317,-37.05095437768275,100 174.92119853792383,-37.05095026562428,100 174.92120597837922,-37.05094620012223,100 174.9212134881711,-37.05094216414053,100 174.92122103547544,-37.05093818883872,100 174.92122863415474,-37.050934244249504,100 174.9212362519988,-37.05093034621668,100 174.9212439238294,-37.05092649327485,100 174.921251613678,-37.05092268600668,100 174.92125937288586,-37.05091890915971,100 174.92126713437557,-37.050915178241326,100 174.92127493109516,-37.050911462073735,100 174.9212827458328,-37.05090779157978,100 174.92129061347842,-37.05090416799682,100 174.92129848148676,-37.050900558828204,100 174.92130640350436,-37.05089699565143,100 174.92131430833214,-37.05089346429795,100 174.92132224949114,-37.050889946776074,100 174.92133022516492,-37.05088646023984,100 174.92133818513645,-37.05088301992352,100 174.92134616196745,-37.05087957933353,100 174.92135417482353,-37.05087618502673,100 174.92136217120492,-37.0508728063083,100 174.92136980733568,-37.05086958934986,100 174.92137762632362,-37.05086604315961,100 174.9213854970728,-37.05086254299757,100 174.92139338694145,-37.050859087590034,100 174.92140129522525,-37.05085564900824,100 174.9214092383874,-37.05085225582689,100 174.9214171999193,-37.05084887766942,100 174.92142518100238,-37.050845561384016,100 174.92143319694114,-37.05084228959811,100 174.9214412312951,-37.050839034637924,100 174.921449283281,-37.05083581003557,100 174.9214573896398,-37.050832645839805,100 174.92146547878622,-37.050829512566395,100 174.92147362196476,-37.05082642618565,100 174.92148176476834,-37.05082336955316,100 174.92148992749748,-37.050820345043924,100 174.9214981250823,-37.050817365034135,100 174.92150634032197,-37.05081441628307,100 174.92151457470388,-37.05081151318734,100 174.92151831589783,-37.05081022320471,100 174.92152678479397,-37.050807656998,100 174.9215353245718,-37.05080518157434,100 174.92154390190802,-37.05080276863219,100 174.9215525164283,-37.05080044792033,100 174.92156114896704,-37.050798172881954,100 174.92156983551538,-37.050795943835205,100 174.92157853969587,-37.05079374514615,100 174.92158722627795,-37.05079156206363,100 174.92159593274025,-37.0507894093024,100 174.92160463807798,-37.05078725655874,100 174.92161332506748,-37.05078508969104,100 174.92162199591127,-37.050782906861,100 174.92163061235814,-37.05078066272239,100 174.9216392277259,-37.05077842040322,100 174.921647790104,-37.05077608340477,100 174.9216562989259,-37.050773718432055,100 174.92166477013066,-37.05077124411028,100 174.9216731528545,-37.050768694611534,100 174.92168146508158,-37.05076606964443,100 174.9216896864994,-37.05076332176947,100 174.92169783550105,-37.050760466911974,100 174.92170587606063,-37.05075745878834,100 174.92171382695753,-37.05075432863964,100 174.9217216521658,-37.05075103018232,100 174.92172936895457,-37.05074757935986,100 174.92173467017992,-37.050745101420844,100 174.92174166692337,-37.05074065461743,100 174.9217485537247,-37.050735995086924,100 174.92175529798917,-37.05073121258572,100 174.9217619522499,-37.05072629454573,100 174.9217685351955,-37.05072126860431,100 174.92177504535053,-37.050716165429385,100 174.92178152026187,-37.050711002438454,100 174.92178797716542,-37.050705838837686,100 174.92179443368178,-37.050700659920835,100 174.92180090783006,-37.05069551136194,100 174.9218074199001,-37.050690439699565,100 174.92181398485542,-37.05068541404719,100 174.9218206214878,-37.050680510710365,100 174.921827349678,-37.05067576001094,100 174.9218342043159,-37.0506711631861,100 174.92184118465326,-37.05066677973344,100 174.92184830909383,-37.05066258141454,100 174.92185563269317,-37.05065865566411,100 174.92185971554613,-37.05065660124373,100 174.92186759604314,-37.05065282058937,100 174.92187565471505,-37.05064919387246,100 174.92188383943798,-37.05064574987779,100 174.9218921502573,-37.05064249040719,100 174.9219006050664,-37.05063941156547,100 174.92190915306986,-37.05063655022758,100 174.9219177586176,-37.05063391958939,100 174.92192649142106,-37.05063151942242,100 174.921935249559,-37.05062936579909,100 174.92194408251063,-37.050627458818845,100 174.92195294200144,-37.05062584613133,100 174.92196182535167,-37.05062451065538,100 174.92197071766617,-37.05062348598028,100 174.92197960165308,-37.050622755261664,100 174.92198847698398,-37.050622350050205,100 174.92199730920098,-37.050622286226314,100 174.92200039382533,-37.050622338983345,100 174.92200904156186,-37.05062249536045,100 174.92201771856554,-37.05062305414151,100 174.92202636854313,-37.050623923405425,100 174.9220350105574,-37.05062510104068,100 174.92204366079918,-37.05062660481076,100 174.9220523012039,-37.05062838723982,100 174.92206091564913,-37.050630433267095,100 174.92206950111424,-37.050632712297556,100 174.92207807596975,-37.050635239355486,100 174.92208662066346,-37.05063795256839,100 174.92209513705706,-37.050640836584115,100 174.92210360455474,-37.050643877315714,100 174.9221120261319,-37.05064710355643,100 174.9221204141052,-37.050650424075855,100 174.9221287718239,-37.05065383791841,100 174.92213704421164,-37.05065734597677,100 174.9221453028186,-37.05066093176927,100 174.9221534745263,-37.05066454961365,100 174.92215456153497,-37.05066502590542,100 174.922162450181,-37.05066843292743,100 174.92217025690314,-37.050671980076146,100 174.9221779637628,-37.05067566944493,100 174.92218563695053,-37.050679450389744,100 174.92219322861115,-37.05068334261344,100 174.9222007862362,-37.050687311998374,100 174.9222083117328,-37.05069134499419,100 174.9222158039314,-37.050695439817304,100 174.92222326169568,-37.05069955142134,100 174.92223072133478,-37.05070369273726,100 174.92223816301328,-37.05070783524509,100 174.9222456207572,-37.05071194594673,100 174.92225307967132,-37.050716058431505,100 174.92226058753022,-37.050720105229225,100 174.92226811223756,-37.050724106688634,100 174.9222757027827,-37.050727998924984,100 174.92228330823403,-37.05073181340786,100 174.92229099787096,-37.050735532791,100 174.92229875367408,-37.05073911140044,100 174.92230659140225,-37.050742549881996,100 174.92231451177034,-37.05074583200077,100 174.92232253125198,-37.05074894216769,100 174.92232687147614,-37.050750537409485,100 174.92233517259655,-37.050753177942205,100 174.92234355600547,-37.05075569276179,100 174.9223520059895,-37.050758083024185,100 174.9223605225258,-37.05076034782851,100 174.92236910413922,-37.05076251784267,100 174.92237770103225,-37.05076458035442,100 174.9223863656368,-37.05076656335529,100 174.92239507889008,-37.05076846895685,100 174.92240382501046,-37.05077029561234,100 174.92241258644566,-37.05077206073087,100 174.92242136468337,-37.05077377870905,100 174.92243015900874,-37.05077546578175,100 174.922438969399,-37.05077712104806,100 174.92244377497082,-37.050777995817846,100 174.92245247134377,-37.0507799007875,100 174.92246116694426,-37.050781775124996,100 174.9224698621587,-37.05078363414611,100 174.92247860750948,-37.05078543016448,100 174.92248733449,-37.050787211157974,100 174.92249607829575,-37.05078894591202,100 174.92250485502655,-37.05079064858637,100 174.92251361483946,-37.05079230466698,100 174.9225224057032,-37.050793898955504,100 174.92253118003543,-37.05079546196605,100 174.92253998613333,-37.05079694694962,100 174.92254880831877,-37.05079840102771,100 174.92255762854944,-37.05079977762546,100 174.92256648285178,-37.050801123026176,100 174.9225753340526,-37.050802390063836,100 174.92258418446806,-37.05080358140479,100 174.9225930673765,-37.05080472354841,100 174.92260194755707,-37.05080575758017,100 174.92261084307486,-37.05080673097588,100 174.9226116940225,-37.05080680911276,100 174.9226206196789,-37.05080759545106,100 174.92262954146057,-37.05080827279483,100 174.92263847852115,-37.05080884263612,100 174.9226474477108,-37.05080934886522,100 174.9226564149908,-37.05080977941583,100 174.92266539861816,-37.050810144807485,100 174.92267439837823,-37.05081048109549,100 174.92268337935846,-37.050810786141945,100 174.9226923756302,-37.05081102875046,100 174.92270139029537,-37.05081128728339,100 174.9227104037783,-37.05081149896746,100 174.92271940078763,-37.05081172623996,100 174.92272839744595,-37.05081198416148,100 174.92273741211122,-37.05081224269166,100 174.92274641107588,-37.05081254744175,100 174.9227553928294,-37.050812883114226,100 174.92276439374945,-37.05081326534261,100 174.92277336139395,-37.05081371029916,100 174.92278234897805,-37.05081423244311,100 174.92279128679027,-37.050814832003404,100 174.92279321346555,-37.05081498372888,100 174.92280211091884,-37.050816033688854,100 174.92281097699384,-37.05081717699028,100 174.92281984461513,-37.05081838155403,100 174.92282869699085,-37.050819650356225,100 174.92283754937964,-37.050820964222304,100 174.92284640446152,-37.05082234023338,100 174.92285524270633,-37.05082371741808,100 174.92286406408132,-37.0508251390391,100 174.92287291955066,-37.05082653036393,100 174.92288175893316,-37.05082795259295,100 174.922890579968,-37.05082936069805,100 174.92289941745406,-37.050830752312464,100 174.92290827176495,-37.050832097687376,100 174.92291710801086,-37.05083339558589,100 174.9229259424054,-37.05083466467233,100 174.92293482691312,-37.05083586985491,100 174.92294369219616,-37.05083698161387,100 174.92295257242958,-37.050838017420986,100 174.922961467909,-37.05083898898828,100 174.92296386410683,-37.05083920970793,100 174.9229728062431,-37.050839980430396,100 174.9229817468106,-37.050840688988266,100 174.92299070379343,-37.05084133508994,100 174.92299967453428,-37.05084190255519,100 174.9230086433879,-37.05084239524289,100 174.9230176289979,-37.05084283898828,100 174.92302662953537,-37.050843205880874,100 174.9230356105197,-37.050843510900485,100 174.92304462518868,-37.05084376940717,100 174.92305361989526,-37.05084394982423,100 174.92306263142626,-37.05084408400174,100 174.92307164026425,-37.05084415603288,100 174.92308064827063,-37.050844150565474,100 174.92308967200015,-37.05084409977766,100 174.92309865894262,-37.0508440171391,100 174.92310766306034,-37.05084385761126,100 174.9231166633382,-37.05084363505437,100 174.92312566360292,-37.050843367432265,100 174.92313466307164,-37.050843068277075,100 174.92313677381637,-37.0508429835767,100 174.92314573884997,-37.05084270120238,100 174.9231546854314,-37.05084235603594,100 174.92316362895582,-37.05084193430835,100 174.92317258928173,-37.0508414654403,100 174.92318153005422,-37.05084093469931,100 174.92319048650415,-37.050840356836076,100 174.92319944102098,-37.05083970239346,100 174.92320834305985,-37.050839018157156,100 174.92321729559782,-37.05083828533263,100 174.92322622975172,-37.05083749241881,100 174.92323516237204,-37.05083668330587,100 174.923244094547,-37.05083581201013,100 174.92325302482448,-37.05083491010049,100 174.92326195469238,-37.0508339919735,100 174.92327086694937,-37.0508330443887,100 174.92327977841012,-37.05083206527083,100 174.92328870632147,-37.05083106966221,100 174.92329763309542,-37.05083002900662,100 174.92330654186216,-37.0508289877411,100 174.9233154678396,-37.050827915551764,100 174.92332437695654,-37.0508268436352,100 174.92333330178667,-37.05082577056184,100 174.9233422101298,-37.05082466801246,100 174.92335111773528,-37.05082358079639,100 174.9233600429153,-37.050822477071335,100 174.92336895164422,-37.05082138983572,100 174.92337785924886,-37.050820302617666,100 174.92338678481465,-37.05081921420635,100 174.92339569241872,-37.05081812698696,100 174.92340461916658,-37.05081708542247,100 174.9234098514401,-37.05081646609606,100 174.92341885129025,-37.050816182235145,100 174.92342785081232,-37.050815929924205,100 174.92343686903308,-37.05081566108599,100 174.92344586698562,-37.05081534660979,100 174.92345484722316,-37.05081495400756,100 174.92346382211934,-37.05081443891519,100 174.9234727597697,-37.05081378472553,100 174.92347911906523,-37.050813221924535,100 174.92348803170304,-37.0508122896393,100 174.92349693930453,-37.05081120241238,100 174.9235057912664,-37.05080996016321,100 174.92351465738145,-37.05080861042975,100 174.92352345176997,-37.050807136578996,100 174.9235322423502,-37.050805556436586,100 174.92353872047732,-37.050804311227445,100 174.92354763788614,-37.050802944436256,100 174.92355657211877,-37.05080153140551,100 174.92356546765325,-37.05080001084637,100 174.92357430873062,-37.05079838211318,100 174.92358309421365,-37.05079660015966,100 174.92359178692834,-37.050794617820124,100 174.92360035319982,-37.05079243744342,100 174.92360877304228,-37.05078998003979,100 174.9236169947738,-37.05078724734884,100 174.92362248107642,-37.05078519894564,100 174.9236304467957,-37.050781990917486,100 174.92363824806546,-37.05077846018879,100 174.92364586961767,-37.05077467009786,100 174.92365334402587,-37.050770619215115,100 174.92366067508476,-37.05076636876704,100 174.92366782760885,-37.050761905805,100 174.92367488893356,-37.05075730462115,100 174.9236817901076,-37.050752551011904,100 174.92368856754476,-37.050747706576004,100 174.92368982435354,-37.05074680201954,100 174.9236964099346,-37.0507419300512,100 174.92370288860286,-37.050736921017325,100 174.92370920830325,-37.050731806406304,100 174.92371545558456,-37.05072658481429,100 174.92372165077387,-37.05072134874492,100 174.923727863537,-37.05071609616686,100 174.92373412844933,-37.05071090493191,100 174.92374046612963,-37.050705790027614,100 174.92374694517864,-37.05070079630721,100 174.92374837043351,-37.05069974931704,100 174.9237552410166,-37.05069512057851,100 174.9237622177374,-37.05069059827327,100 174.92376933731484,-37.0506862115484,100 174.92377652745782,-37.0506819029924,100 174.92378382557712,-37.05067768461649,100 174.92379117504942,-37.050673496051125,100 174.9237985793284,-37.05066938500893,100 174.92380603606165,-37.05066530285811,100 174.9238134767529,-37.050661253413665,100 174.92382096910225,-37.05065720132819,100 174.92382842619702,-37.05065313359083,100 174.92383371605095,-37.05065025286447,100 174.92384101306268,-37.050646035404355,100 174.92384832842174,-37.05064183206689,100 174.92385564265595,-37.05063762874722,100 174.92386295762662,-37.050633410093155,100 174.92387027298324,-37.050629206754394,100 174.92387756996814,-37.050624988391206,100 174.92388484858137,-37.05062075500359,100 174.92389212870452,-37.05061653691307,100 174.92389942452678,-37.050612272601384,100 174.9239066686211,-37.050608008227115,100 174.92391391235063,-37.05060372943761,100 174.92392113807242,-37.05059945003852,100 174.92392834577308,-37.0505951249653,100 174.9239355534729,-37.050590799891665,100 174.92394270869406,-37.05058644502493,100 174.92394986199417,-37.05058205864363,100 174.92395389899656,-37.05057957137283,100 174.92396117603136,-37.05057527581687,100 174.92396847256023,-37.05057099526624,100 174.92397573234652,-37.0505666846672,100 174.92398297376113,-37.05056235904379,100 174.92399018068116,-37.05055800333551,100 174.9239973519599,-37.05055361665971,100 174.92400448723333,-37.05054918460157,100 174.92401156964135,-37.050544707434625,100 174.92401858076755,-37.05054016833307,100 174.92402552104423,-37.0505355844145,100 174.92403239120864,-37.05053094034495,100 174.92403915449623,-37.050526205175565,100 174.92404582776717,-37.050521378632844,100 174.92405239756962,-37.05051650690106,100 174.924058858575,-37.05051151255535,100 174.92406187585038,-37.050509121138674,100 174.92406812427217,-37.05050394637724,100 174.9240742156009,-37.05049869575148,100 174.9240802169357,-37.05049335465341,100 174.92408612937783,-37.05048792216388,100 174.92409195370084,-37.050482428914364,100 174.92409768880344,-37.05047687582404,100 174.92410338900197,-37.050471276432404,100 174.924109018351,-37.050465632223926,100 174.92411463081638,-37.05045998738783,100 174.92412022415925,-37.05045429779699,100 174.92412578224761,-37.05044859255456,100 174.924131358706,-37.05044290233584,100 174.9241369524104,-37.05043722715907,100 174.92414035669464,-37.050433774946555,100 174.92414473848459,-37.0504274867231,100 174.92414910151612,-37.05042116815981,100 174.924153465671,-37.05041484957813,100 174.9241578286784,-37.05040853011363,100 174.92416217484777,-37.05040221182344,100 174.92416657384464,-37.050395892676,100 174.92417092037664,-37.05038958880033,100 174.92417528340397,-37.05038327023617,100 174.92417962957052,-37.05037695194541,100 174.92418399367492,-37.05037063156085,100 174.9241883750937,-37.05036432892111,100 174.92419273811822,-37.050358010356355,100 174.92419711951285,-37.05035170681541,100 174.924201500884,-37.05034540237338,100 174.9242058991373,-37.050339098558574,100 174.92421029851386,-37.050332794725385,100 174.92421469756204,-37.05032652244269,100 174.92421913063453,-37.05032021716117,100 174.92422354764258,-37.05031394368544,100 174.92422799949404,-37.05030766964422,100 174.92423245022079,-37.05030139562108,100 174.92423691931765,-37.050295136621735,100 174.92424140639784,-37.05028887733044,100 174.92424589276285,-37.050282634273884,100 174.9242504150725,-37.050276389732645,100 174.9242549531174,-37.05027014493594,100 174.924259493082,-37.05026393165323,100 174.9242640847272,-37.05025771663051,100 174.92426865992118,-37.05025151809785,100 174.92427326883453,-37.05024531901791,100 174.924277912978,-37.05023913468816,100 174.92428068757843,-37.05023546105591,100 174.92428538458526,-37.05022932183419,100 174.92429011717255,-37.050223166712954,100 174.92429484943148,-37.05021704314218,100 174.92429961689777,-37.05021093342066,100 174.9243044192301,-37.05020482403453,100 174.92430922153898,-37.050198713747285,100 174.92431404262743,-37.05019263470046,100 174.9243188974352,-37.050186555106315,100 174.92432375375301,-37.05018049080948,100 174.9243286085365,-37.05017441031404,100 174.9243335169209,-37.0501683595927,100 174.92433842383926,-37.05016229537554,100 174.92434333224486,-37.050156245554746,100 174.92434825789658,-37.05015021077594,100 174.92435320043026,-37.050144176624286,100 174.92435814445125,-37.05013815686902,100 174.9243631049674,-37.05013212242518,100 174.92436806472284,-37.0501261024142,100 174.9243730087415,-37.05012008265836,100 174.9243780044634,-37.05011406206337,100 174.92438298258736,-37.05010805707575,100 174.92438796032374,-37.05010203677218,100 174.92439295606607,-37.050096017077536,100 174.9243979341877,-37.05009001208931,100 174.92440291304572,-37.05008399176693,100 174.92440790804858,-37.05007798740567,100 174.92441290415186,-37.05007198212506,100 174.92441788188358,-37.05006596182034,100 174.92442286076127,-37.05005994239811,100 174.92442785573826,-37.050053937135154,100 174.92443281660763,-37.05004791710344,100 174.9244338894143,-37.05004662886954,100 174.92443405574326,-37.050044488299314,100 174.92443467911843,-37.050036981213886,100 174.92443542462257,-37.05002945682467,100 174.92443618547574,-37.05002191686435,100 174.92443691260883,-37.05001437745121,100 174.92443758766478,-37.05000686862582,100 174.92443809156805,-37.049999395024315,100 174.92443840557476,-37.04999197137154,100 174.92443842740118,-37.04998459932727,100 174.92443815557303,-37.04997730955943,100 174.924437507711,-37.04997013495011,100 174.92443637626164,-37.04996304660051,100 174.92443476350965,-37.04995609043959,100 174.92443259938042,-37.04994925228242,100 174.92442981610665,-37.04994256477391,100 174.92442906368484,-37.04994104478213,100 174.92442550348383,-37.04993444919447,100 174.92442139227015,-37.0499279860252,100 174.92441685260508,-37.0499216550881,100 174.9244119002019,-37.04991545522684,100 174.92440662163128,-37.04990938593791,100 174.9244011060303,-37.04990345929432,100 174.92439538566734,-37.04989770631775,100 174.92439205597333,-37.04989440482637,100 174.92438618484624,-37.049888826443,100 174.9243801448431,-37.04988337337568,100 174.92437408724368,-37.049877935915546,100 174.9243679785634,-37.04987875697387,100 174.92435907502218,-37.04988000012305,100 174.92435013581758,-37.04988121140366,100 174.92434121272174,-37.04988239267946,100 174.92433227158247,-37.04988352738004,100 174.9243233105021,-37.04988458489216,100 174.9243143631415,-37.04988551780231,100 174.924305394643,-37.049886281611315,100 174.92430112614875,-37.04988663567983,100 174.92429210052177,-37.04988723007009,100 174.92428308941098,-37.04988773139074,100 174.92427403992946,-37.0498880936326,100 174.9242649700839,-37.049888317404786,100 174.92425591319835,-37.049888431008014,100 174.92424685431968,-37.049888421165505,100 174.92423777323864,-37.049888289106434,100 174.92422872496292,-37.04988803123443,100 174.92421967283295,-37.049887665268876,100 174.92421063405916,-37.04988716028654,100 174.92421030434124,-37.04988715031417,100 174.92420129729442,-37.049886521338955,100 174.92419230282113,-37.04988576687906,100 174.92418332362442,-37.049884904916524,100 174.92417432677166,-37.04988401169446,100 174.92416532838556,-37.04988310227328,100 174.92415634996294,-37.049882270940174,100 174.92414735584092,-37.049881485827115,100 174.92414181988363,-37.049881119589365,100 174.92413279788903,-37.049880566560205,100 174.9241237587523,-37.04988004715637,100 174.9241147555972,-37.04987957223283,100 174.92410571721146,-37.04987908255817,100 174.92408333437112,-37.04987834972168,100 174.92406582570877,-37.04987787038164,100 174.92404351715328,-37.04987544820716,100 174.92402449021148,-37.0498726429158,100 174.92400243413533,-37.04986873040226,100 174.92398358181617,-37.049865982658105,100 174.9239610771787,-37.04986523555107,100 174.92394041654575,-37.049864751445966,100 174.92392415407426,-37.04986361555423,100 174.92390319779284,-37.04986059638979,100 174.92388082779678,-37.04985783359051,100 174.92386353400877,-37.04985571037805,100 174.92384118124858,-37.049852917548904,100 174.92382021279877,-37.04985008423385,100 174.92379793684395,-37.04984694855983,100 174.92377578630362,-37.04984334668032,100 174.92376415502477,-37.04984116855324,100 174.9237423524204,-37.04983638303108,100 174.92373222719445,-37.04983413180126,100 174.92371029840726,-37.049829781842796,100 174.9236883363935,-37.04982549641112,100 174.92368711810624,-37.049825253895534,100 174.92366523595538,-37.049820702183425,100 174.92364343336234,-37.04981591664269,100 174.9236374366541,-37.049814536687556,100 174.92361546796118,-37.04980998636988,100 174.92359380954517,-37.04980476495855,100 174.92358228105013,-37.049801268354436,100 174.92356226555023,-37.0497928432251,100 174.92354233301828,-37.04978423017859,100 174.92353893805364,-37.04978297385826,100 174.92351763769412,-37.0497769246444,100 174.92350384587016,-37.0497730348239,100 174.92348352603094,-37.049764847151195,100 174.9234641622147,-37.04975800492498,100 174.92344212729594,-37.04975421544055,100 174.9234268176802,-37.04975242771206,100 174.92340464137465,-37.049748516134954,100 174.92338239320372,-37.049745766587115,100 174.9233817165226,-37.04974573159542,100 174.9233592196423,-37.04974586931941,100 174.9233375645034,-37.04974701275276,100 174.92331499237716,-37.04974759963226,100 174.92329706462507,-37.04974757762217,100 174.92327454798388,-37.049746397957264,100 174.92325205137308,-37.04974467538365,100 174.9232497249555,-37.04974450040509,100 174.92322721892182,-37.04974307270302,100 174.92322605625233,-37.04974298430348,100 174.9232036051162,-37.04974101402834,100 174.923185080172,-37.04973884939313,100 174.92316294497815,-37.04973518496002,100 174.92314912074417,-37.04973326224918,100 174.9231264634234,-37.04973261209487,100 174.92311727551828,-37.049731721890204,100 174.92309622625098,-37.04972532783879,100 174.9230863076912,-37.04972181859946,100 174.92306487807593,-37.049716081444906,100 174.9230562555029,-37.04971371025369,100 174.9230352008238,-37.0497071459343,100 174.92303120281105,-37.049706009335644,100 174.9230091491795,-37.04970152156998,100 174.92300660868662,-37.04970048301199,100 174.922991074645,-37.04968744078954,100 174.92298876740176,-37.04968481757759,100 174.92297592704287,-37.04967024003277,100 174.92296584043086,-37.049660026971566,100 174.9229482518264,-37.04964849167413,100 174.92294075288387,-37.04964541907386,100 174.92291920542016,-37.0496397784393,100 174.9229140022929,-37.049639544645494,100 174.92290636048335,-37.04964070233459,100 174.92289225399094,-37.049642966179064,100 174.92288982757768,-37.049643551705145,100 174.92286855130627,-37.049648389627194,100 174.9228613248702,-37.04965014444641,100 174.92284043816494,-37.049655269869426,100 174.92282281882262,-37.04964514467696,100 174.9228182231072,-37.04963992858595,100 174.92280756059853,-37.04962453879612,100 174.92280102967865,-37.049607602994676,100 174.92279917565932,-37.049601952190955,100 174.922792197124,-37.049585102058785,100 174.92278812623664,-37.04957506183782,100 174.92278202492568,-37.04955799469118,100 174.92277642178095,-37.049540795088774,100 174.92277534117724,-37.049537408416775,100 174.92277013431496,-37.0495201383972,100 174.92276475191156,-37.04950335341618,100 174.92275897372534,-37.04948607913922,100 174.92275238711971,-37.04947214915516,100 174.92274055917434,-37.049457227999426,100 174.92272977291532,-37.049444240356856,100 174.92272100942847,-37.04942799508555,100 174.92271371999163,-37.049411166211634,100 174.92271207128644,-37.04940732368084,100 174.922704199872,-37.04939073677551,100 174.92269834466342,-37.049377583563746,100 174.92269210516207,-37.04936051955318,100 174.9226854709085,-37.04934358632065,100 174.92268511939395,-37.04934280158356,100 174.92267652668198,-37.04932646070646,100 174.9226691711177,-37.04931414027835,100 174.92265920620656,-37.04929831916061,100 174.922650562803,-37.049285138142686,100 174.92265052600428,-37.04928506122788,100 174.92264390824053,-37.04926811240328,100 174.92263730731696,-37.04925116240394,100 174.92263067306328,-37.049234228266485,100 174.92262822046274,-37.04922758131801,100 174.922621928527,-37.04921053257378,100 174.92261537969108,-37.04919355198579,100 174.9226081788041,-37.049176799180074,100 174.92260281820288,-37.0491658668475,100 174.92259405361798,-37.04914957561715,100 174.9225892701463,-37.04913696112407,100 174.92257974815234,-37.04912082187172,100 174.92257964012077,-37.04912068482357,100 174.92257540320614,-37.0491152925608,100 174.92256437431067,-37.049099815852465,100 174.922562854535,-37.049097472786954,100 174.92255405278206,-37.04908108932239,100 174.92255207612666,-37.04907601372575,100 174.9225464033285,-37.04905876837193,100 174.92253960856155,-37.04904416127079,100 174.92253068579353,-37.04902779418669,100 174.9225268779506,-37.04902100156412,100 174.92251766384103,-37.04900476358047,100 174.92251436112682,-37.04899807002317,100 174.92250552532596,-37.048981717750465,100 174.92250123064764,-37.04897550624251,100 174.92248847622125,-37.0489608497363,100 174.92248435780382,-37.048956632640646,100 174.92246918703015,-37.04894358355539,100 174.92246494348453,-37.04894046806754,100 174.92244808038646,-37.04892884341972,100 174.9224394914608,-37.04892267628237,100 174.92242473148397,-37.04890941864211,100 174.92242160224907,-37.048905277441925,100 174.92241261057418,-37.04888889614301,100 174.92240961131387,-37.04888255277397,100 174.92240185758502,-37.04886585668399,100 174.92240060560687,-37.048863787775566,100 174.92239062081714,-37.04884784257623,100 174.92238526532992,-37.04883269839702,100 174.92237847575697,-37.0488157992075,100 174.9223758413729,-37.04881197354977,100 174.92236275968475,-37.04879744671246,100 174.92236027669284,-37.04879471908191,100 174.92234571884015,-37.04878127068541,100 174.92233652495437,-37.04877514669389,100 174.92232962449341,-37.048771768727576,100 174.92231756099827,-37.04876586609893,100 174.92231344599128,-37.04876423475781,100 174.92229355838387,-37.04875662841475,100 174.92228604173346,-37.04875226990988,100 174.9222686949778,-37.04874134977597,100 174.92225639285104,-37.0487361945774,100 174.92223627175972,-37.048728915573896,100 174.9222224880251,-37.048722795664816,100 174.92220339906078,-37.04871399656642,100 174.92219707065325,-37.0487112753777,100 174.92217763270455,-37.04870299476833,100 174.92216519015668,-37.04869717577875,100 174.9221460855272,-37.048688423792164,100 174.92213268932724,-37.04868317905834,100 174.92211276848278,-37.0486756354124,100 174.9221003722532,-37.04867080528745,100 174.92208123515755,-37.048662147551084,100 174.92206982293166,-37.048655984682895,100 174.922053236819,-37.04864436990859,100 174.92205027681632,-37.04864194382425,100 174.9220367956845,-37.04862798222612,100 174.92202940703535,-37.04861759737215,100 174.92202078009362,-37.048601272319736,100 174.92201507005785,-37.04858958763174,100 174.9220083353488,-37.048572764140076,100 174.92200558832775,-37.04856424905682,100 174.9220003166972,-37.048547120649616,100 174.92199912833132,-37.04854422962569,100 174.92199138014794,-37.04852770376142,100 174.92198385404902,-37.04851111120682,100 174.92198068411665,-37.04850232357495,100 174.92197582529002,-37.048485110965125,100 174.9219741905861,-37.048477318719684,100 174.92197136730326,-37.04845980633845,100 174.9219704765869,-37.04845449501895,100 174.92196777469553,-37.04843698067031,100 174.92196619117593,-37.04842354999269,100 174.9219642164194,-37.048405976091445,100 174.92196160746755,-37.048391789621434,100 174.9219593041836,-37.04837425258935,100 174.9219592713959,-37.04837371054088,100 174.92195973705498,-37.04835606284153,100 174.9219604054809,-37.04835207098756,100 174.92196415142848,-37.04833465854324,100 174.92196439225728,-37.04833020855035,100 174.92196458031617,-37.048312566250885,100 174.92196539747695,-37.04830894332021,100 174.9219681213876,-37.04829153391912,100 174.92196766050145,-37.04828926561729,100 174.92195788463476,-37.04827334943895,100 174.92194410752214,-37.0482637431779,100 174.92192724060462,-37.0482569954232,100 174.9219253540303,-37.048256424831855,100 174.92190222805766,-37.048246939423294,100 174.92190050162466,-37.04824652125923,100 174.9218789751258,-37.048242272590116,100 174.92186677404803,-37.04824205571198,100 174.9218445611712,-37.048243672974216,100 174.9218399059211,-37.048243847553564,100 174.92181774927866,-37.04824435079968,100 174.92181081506712,-37.0482441792567,100 174.92178867756877,-37.04824290032613,100 174.92177718173005,-37.04824246921943,100 174.9217551527505,-37.04824072255442,100 174.92175061317573,-37.04824004443298,100 174.92172919412553,-37.04823532982829,100 174.9217217534211,-37.04823371179633,100 174.92170144962637,-37.04822671596253,100 174.92169591823253,-37.048223359937865,100 174.9216816625869,-37.0482095352253,100 174.92167625851303,-37.048202042894516,100 174.9216676622231,-37.04818554607107,100 174.92166286656814,-37.04817622957354,100 174.92165454798584,-37.048159776017926,100 174.92165169744888,-37.048154421643076,100 174.92164234966933,-37.04813831103158,100 174.9216338020994,-37.04812548439229,100 174.9216220912977,-37.04811037555168,100 174.92161479583322,-37.048100872429416,100 174.92160094004316,-37.04808711783778,100 174.92158542144355,-37.04807841040184,100 174.92156506183298,-37.04807062591336,100 174.9215555485332,-37.04806672241827,100 174.9215350587314,-37.04805988369028,100 174.9215276764547,-37.0480578618201,100 174.9215059898173,-37.048054126711286,100 174.92149951069993,-37.048053452063975,100 174.92147739132554,-37.048054093441515,100 174.92147391033583,-37.04805472756937,100 174.92145328686138,-37.04806122656087,100 174.92144589436046,-37.04806388257479,100 174.92142563068316,-37.04807087144485,100 174.9214131560134,-37.04807389460296,100 174.92139124921158,-37.04807654511342,100 174.92138027447587,-37.04807680132568,100 174.92135816656187,-37.04807473139851,100 174.9213438262701,-37.048072306699424,100 174.92132279317417,-37.04806648528581,100 174.9213107774033,-37.04806166513574,100 174.92129099782346,-37.0480535602562,100 174.92128419439493,-37.048051172080385,100 174.92126280081237,-37.0480467508,100 174.9212559064929,-37.04804673360087,100 174.9212342175207,-37.04805102181265,100 174.9212310223501,-37.04805197667095,100 174.9212114883072,-37.0480602993191,100 174.92119276745382,-37.04806921085649,100 174.9211876511703,-37.048072104876695,100 174.9211687051532,-37.04808100563706,100 174.9211604132634,-37.048083088557796,100 174.92113830973486,-37.04808239659938,100 174.9211374178091,-37.04808211902768,100 174.92112036746659,-37.0480705891498,100 174.92111379073484,-37.04806452631529,100 174.92110057697036,-37.04805018713875,100 174.9210996287717,-37.048049104720064,100 174.92108601648562,-37.048034122163116,100 174.92106956486685,-37.04802296923513,100 174.92105986971367,-37.04802001320323,100 174.92103736537194,-37.04801863101665,100 174.9210302813804,-37.04801925229002,100 174.9210087947876,-37.04802398602769,100 174.92100122969993,-37.048026040941494,100 174.92098023043474,-37.04803146167941,100 174.9209622810089,-37.04803444458147,100 174.92094047444704,-37.048033221419296,100 174.92093661632165,-37.04803214286926,100 174.9209180475995,-37.04802211207442,100 174.92091677665488,-37.048021251192644,100 174.92090278118675,-37.0480074365904,100 174.9209007264903,-37.048003943100134,100 174.9208937121219,-37.04798703123608,100 174.92088866023644,-37.04797909873923,100 174.92087660655423,-37.04796411975479,100 174.92086802583103,-37.0479531836119,100 174.92085364267348,-37.04793977906306,100 174.9208431844526,-37.04793429642234,100 174.92082317785372,-37.04792614827298,100 174.9208168378403,-37.04792296212824,100 174.92079851001907,-37.04791289586701,100 174.9207902843557,-37.047908550550254,100 174.92077305743794,-37.04789755073866,100 174.92076832740563,-37.04789373194468,100 174.92075614214374,-37.04787901825664,100 174.92075372875513,-37.04787316016536,100 174.92075074560816,-37.047855449349875,100 174.9207484876179,-37.047838314434784,100 174.92074625726957,-37.047829680993544,100 174.92074041622809,-37.047812610416074,100 174.92073634279586,-37.047799331803496,100 174.92073057219463,-37.047782289827346,100 174.92072774346343,-37.04777583459387,100 174.92072073308495,-37.0477590785778,100 174.9207184204548,-37.04775057084723,100 174.92071532022558,-37.0477330322714,100 174.92071421691193,-37.04772633098066,100 174.92071213716753,-37.047708728109164,100 174.92071076312692,-37.047698468381114,100 174.9207111429758,-37.04768088426046,100 174.92071137302244,-37.04767979537489,100 174.92071816685117,-37.04766297983346,100 174.92071863029776,-37.04766222875899,100 174.92073097482088,-37.04764757566045,100 174.92073161479837,-37.04764691365912,100 174.92074556192526,-37.04763325396994,100 174.92074610163155,-37.04763271797126,100 174.92075925548136,-37.04761854567253,100 174.92076147986762,-37.04761565704685,100 174.92077157692816,-37.04759994436732,100 174.92077222210312,-37.047598864080435,100 174.92078128736904,-37.04758276703401,100 174.92078649698678,-37.04757510096188,100 174.92079076917824,-37.04756923283459,100 174.9207977456368,-37.04755966345178,100 174.92079969158308,-37.0475567468883,100 174.9208099194498,-37.047540737363384,100 174.92081525019762,-37.04753243481605,100 174.9208252325564,-37.04751632111058,100 174.92083047257427,-37.04750722959575,100 174.9208396502921,-37.047490821579245,100 174.92084576348273,-37.04748010440514,100 174.92085543025541,-37.04746387233091,100 174.92086152881097,-37.047453868317895,100 174.9208721059436,-37.04743797660838,100 174.92088032218052,-37.047426293431066,100 174.92089283233364,-37.04741138887578,100 174.9208973453407,-37.047407313126584,100 174.9209122164864,-37.04739386918394,100 174.92091288472844,-37.04739299041291,100 174.92092348021174,-37.04737711372371,100 174.9209347542597,-37.04736763695895,100 174.92093519485078,-37.047367272909675,100 174.92095100253013,-37.047354494271545,100 174.92095173177376,-37.04735393897869,100 174.9209686932287,-37.04734214659516,100 174.9209693750851,-37.04734176331591,100 174.92098824514773,-37.04733199677226,100 174.92099315444958,-37.04732972530355,100 174.92101232990854,-37.04732038733269,100 174.9210173933986,-37.04731682811791,100 174.92103367869407,-37.047304396843224,100 174.9210379979243,-37.047302090767,100 174.92105731387744,-37.04729279557807,100 174.92105843789017,-37.047292110412634,100 174.92107593258663,-37.04728082041125,100 174.92107983474494,-37.04727847332062,100 174.921099116639,-37.04726921022201,100 174.92111867103745,-37.04726415536204,100 174.92112068539794,-37.047263685604165,100 174.92114277773186,-37.04726019663975,100 174.9211488934848,-37.04726024268141,100 174.92117146889024,-37.04726173185401,100 174.92119148852035,-37.04726032329837,100 174.9212087605675,-37.047254162552605,100 174.92122376834797,-37.04724252886374,100 174.92123142601196,-37.04722688991167,100 174.92123546908306,-37.04721086607592,100 174.92123571600317,-37.047209777817315,100 174.9212386006842,-37.04719191607766,100 174.9212383979487,-37.04718333992869,100 174.9212362030361,-37.047165320730734,100 174.92123574664075,-37.0471581898626,100 174.92123474571434,-37.047140164842105,100 174.92123392596673,-37.04712865685929,100 174.92123282204622,-37.04711064973046,100 174.92123212106873,-37.04709841157668,100 174.92123224707697,-37.04708039714185,100 174.92123262935203,-37.04707607013788,100 174.9212353566416,-37.04705816498156,100 174.9212357882739,-37.047055617236936,100 174.92123891649769,-37.04703778219573,100 174.92124046448976,-37.04702550490602,100 174.9212424278257,-37.0470075364162,100 174.92124304797895,-37.04700176258431,100 174.92124553212625,-37.04698384694566,100 174.9212477442926,-37.04697485583605,100 174.9212527141665,-37.0469572829804,100 174.92125466428493,-37.04694886933972,100 174.92125808736347,-37.04693104484337,100 174.92125942734825,-37.04692313860171,100 174.92126161583252,-37.04690518088482,100 174.92125832994378,-37.046893437956996,100 174.9212589545056,-37.046875307289824,100 174.92126120716333,-37.04686154496592,100 174.92126579129365,-37.04684374672543,100 174.92126937409842,-37.046832346780555,100 174.92127488077767,-37.0468147481031,100 174.92127665844828,-37.04680511419733,100 174.921280356828,-37.04678723837293,100 174.9212814840321,-37.04678418274608,100 174.9212890307418,-37.04676704402873,100 174.9212949584893,-37.046750894121615,100 174.9213008880997,-37.046737315580614,100 174.92130155057842,-37.04673558427507,100 174.9213081896683,-37.04671821420609,100 174.9213083893765,-37.04671788470179,100 174.92131869856553,-37.04670171969465,100 174.92132016410736,-37.046698347639364,100 174.9213260012428,-37.046680789572115,100 174.9213268807194,-37.04667874560663,100 174.92133463806624,-37.0466617116295,100 174.92133590749205,-37.04665814266346,100 174.92134092974484,-37.046640552731894,100 174.92134166216618,-37.04663758191277,100 174.92134720717993,-37.046620122311616,100 174.92135533188647,-37.04660700031419,100 174.92136303134703,-37.046593512970254,100 174.9213651354104,-37.04658879755375,100 174.9213720219497,-37.046571610040594,100 174.92137330445186,-37.04656913954175,100 174.92138239383533,-37.04655267072539,100 174.92138780249832,-37.04654153231544,100 174.92139547522825,-37.0465245772166,100 174.92139985957184,-37.0465133950139,100 174.92140785776226,-37.04649819937857,100 174.92140837530866,-37.04649687420091,100 174.92140847439583,-37.046496701349426,100 174.9214199469967,-37.046481862218634,100 174.92142114312534,-37.04648064862353,100 174.9214365478793,-37.04646831087445,100 174.92144242513868,-37.0464641183667,100 174.92145914264856,-37.04645291841301,100 174.92146096023941,-37.04645164698043,100 174.92147714488422,-37.04643996084595,100 174.92147960014117,-37.04643793641439,100 174.92149498687112,-37.04642559804859,100 174.9215000387673,-37.04642287540396,100 174.92151889972655,-37.04641405258217,100 174.92153292005042,-37.046404915219505,100 174.921534404252,-37.046404067388515,100 174.92155282165825,-37.04639486689448,100 174.9215681508325,-37.046388585257645,100 174.92157241547403,-37.04638683704765,100 174.9215912532613,-37.04637843369244,100 174.92159226010597,-37.04637787389797,100 174.92160991091023,-37.04636788095883,100 174.9216278672349,-37.04636139812009,100 174.92163298171653,-37.04635906201299,100 174.92165120681253,-37.04634977178635,100 174.92165178757094,-37.04634948207351,100 174.92167057091197,-37.04634097143254,100 174.92168738844805,-37.046332759424274,100 174.9217042497743,-37.04632490181461,100 174.92170780877802,-37.04632335160161,100 174.9217270090209,-37.046315500254174,100 174.92172932379188,-37.04631463806143,100 174.92174859641855,-37.046306892791875,100 174.921749177199,-37.04630660397949,100 174.92176636209817,-37.04629606156599,100 174.92176719780673,-37.04629558205453,100 174.92178491385528,-37.046286037779055,100 174.92178766690006,-37.04628476470298,100 174.92180532284524,-37.046276181278316,100 174.92180714897967,-37.04627520442576,100 174.9218248180778,-37.0462652255794,100 174.92182811280972,-37.04626349578083,100 174.92184653515457,-37.04625444928334,100 174.92184677443973,-37.04625435167112,100 174.92186592577812,-37.04624598915801,100 174.9218709631299,-37.04624335956695,100 174.921888635882,-37.046232902064,100 174.92169675915608,-37.04608828254814,100 174.92168809450627,-37.04608498269636,100 174.9216338063843,-37.04605600959926,100 174.92160715861937,-37.046033112219824,100 174.92161623493055,-37.04602749970457,100 174.92176503983453,-37.045900852205826,100 174.9216003134809,-37.04577654941724,100 174.92155325012357,-37.04581661384384,100 174.92147100833228,-37.04575445270042,100 174.92138854112704,-37.04569230957022,100 174.92130633446854,-37.04563014864015,100 174.92122383422242,-37.04556802214941,100 174.9211416431581,-37.04550584462466,100 174.9210591267074,-37.04544373359928,100 174.9209768352345,-37.04538166573761,100 174.92055921312567,-37.04573668634781,100 174.92050557437923,-37.045696690174395,100 174.92081530024336,-37.045433039404024,100 174.92078657153473,-37.04541134000857,100 174.92094139896767,-37.04527947573137,100 174.92077665613218,-37.04515512515244,100 174.92061188019497,-37.045030822640214,100 174.92096096847658,-37.044733747624214,100 174.92085674446554,-37.04465512567943,100 174.92073912875327,-37.0446579867762,100 174.9205743237425,-37.04453382255762,100 174.92057075092688,-37.04443952372494,100 174.9204666851585,-37.044360991694646,100 174.92011790277027,-37.04465785843095,100 174.9200991016402,-37.04467386519292,100 174.91993443391064,-37.04454962123941,100 174.9198348615265,-37.04447443182293,100 174.91968612449023,-37.044601028963775,100 174.9195373873692,-37.044727642146285,100 174.91938863325893,-37.04485426984143,100 174.91882978149783,-37.044432396582785,100 174.91880519310087,-37.04441379956658,100 174.9190857104459,-37.04417499955987,100 174.91878105222577,-37.04394496620634,100 174.91908546513986,-37.043685888904974,100 174.91931431482283,-37.04349112171501,100 174.9190964869995,-37.04332643757612,100 174.91898327951955,-37.04330629839734,100 174.9186541494606,-37.043202360812444,100 174.91866455910977,-37.04319920281465,100 174.91867458444776,-37.04319533900874,100 174.9186841584258,-37.04319078580151,100 174.91869319458152,-37.04318559236053,100 174.9187016607175,-37.04317981959364,100 174.9187094703612,-37.043173471603765,100 174.9187165729246,-37.043166593372966,100 174.91872290069918,-37.0431592644095,100 174.91872843647388,-37.04315151563603,100 174.91873309790682,-37.04314342589625,100 174.91873688505387,-37.04313504205676,100 174.91873976463938,-37.04312642684545,100 174.918741704489,-37.04311764207107,100 174.9187427077003,-37.043108766096296,100 174.91874273831894,-37.04309984456768,100 174.91874181742497,-37.043090955556984,100 174.9187399297479,-37.043082162401966,100 174.9187371277235,-37.043073538160606,100 174.9187334148474,-37.04306513234763,100 174.91872879192383,-37.0430570215601,100 174.91872332983704,-37.04304925241991,100 174.91871706375574,-37.043041882041,100 174.91871001444213,-37.04303497588201,100 174.91870226957064,-37.04302857758926,100 174.91860524403688,-37.042955231393904,100 174.91830682422236,-37.04314079182118,100 174.91816120971302,-37.04303076603103,100 174.91801564847904,-37.04292078515951,100 174.91787008497622,-37.042810741949374,100 174.9181309100898,-37.04259656156874,100 174.91705558871627,-37.04178352205199,100 174.91679655610233,-37.04200367556617,100 174.91666632842927,-37.042003736878655,100 174.91633719837432,-37.042003820435326,100 174.9161492611809,-37.042003911393564,100 174.91597029455613,-37.04200393555503,100 174.91576708188404,-37.042004065369994,100 174.91590245121245,-37.041729157052316,100 174.9160001755966,-37.041530677437734,100 174.9160618791214,-37.04147826073899,100 174.91593756581963,-37.04138428619165,100 174.91589833319395,-37.04135462643966,100 174.91573475328732,-37.04123096090921,100 174.9155630184043,-37.04110113669807,100 174.91539130170233,-37.04097129661261,100 174.91526042821906,-37.04087238901579,100 174.91521956913385,-37.04084147274811,100 174.91549721702484,-37.04060548904311,100 174.9153336907732,-37.04048185359612,100 174.91523842542694,-37.040484112991024,100 174.91498911776884,-37.04029572589243,100 174.91498633711336,-37.04021928397932,100 174.914824457815,-37.040096873113264,100 174.91458536067822,-37.040300066567475,100 174.91441122390418,-37.04016836413318,100 174.9142411722863,-37.040039747339485,100 174.91407110476808,-37.03991114587083,100 174.91390087886242,-37.039782392582424,100 174.91413997517577,-37.03957919960322,100 174.9140091746363,-37.03948025873293,100 174.91380069149997,-37.03932260243034,100 174.9136945470567,-37.039325330829605,100 174.9135586044264,-37.0392175901205,100 174.91355518314592,-37.03913984258386,100 174.91332912416013,-37.03897088098827,100 174.9131992245526,-37.03887379665157,100 174.91304789664204,-37.038760737081816,100 174.91285632130857,-37.03861755428509,100 174.91266589486375,-37.03847523320826,100 174.91255661647776,-37.03839356488874,100 174.91244895568417,-37.03834490295866,100 174.9121845834836,-37.03822541532193,100 174.91199441217393,-37.03813947783809,100 174.91189126551632,-37.03814538923534,100 174.91159982824527,-37.038162076558244,100 174.91136072330593,-37.038346152592545,100 174.91115806492908,-37.03850217383104,100 174.91101279969047,-37.038614017634366,100 174.91098660365705,-37.03864330197109,100 174.9108403258008,-37.03880653318027,100 174.91068751122336,-37.03897709792556,100 174.9105642381103,-37.03911469392107,100 174.9098350677374,-37.03904184764845,100 174.90967929925753,-37.038734173857385,100 174.90964375330236,-37.03866393204167,100 174.90956722572557,-37.03855948958421,100 174.90945010330614,-37.038399562318176,100 174.90933460040543,-37.038241835965,100 174.90933296493674,-37.03823965140663,100 174.90921582549356,-37.03807972236071,100 174.90915140707406,-37.03799173077987,100 174.90915063625468,-37.037995833280185,100 174.90907121478318,-37.03787988871552,100 174.90904873306098,-37.037847050325105,100 174.90873227449262,-37.03809606089586,100 174.90852391923303,-37.03825985924988,100 174.90830963255937,-37.03842842230332,100 174.90813055528378,-37.038569262422186,100 174.90795147770658,-37.03871011670116,100 174.9077696206187,-37.038853188452755,100 174.90752088016356,-37.03904881056606,100 174.9072963984366,-37.039225372574535,100 174.90711187635378,-37.03937050329676,100 174.90693537101444,-37.039509297603495,100 174.90669464526655,-37.03969859723583,100 174.90659878613695,-37.03977391219019,100 174.90658390216794,-37.03979008009797,100 174.9065058786919,-37.03987536505642,100 174.90629996790548,-37.04010024275901,100 174.90613792975387,-37.04027722033865,100 174.90591114857412,-37.040524905767036,100 174.9057577317433,-37.04069237620132,100 174.90554793262086,-37.04092150343568,100 174.90540156210886,-37.04108130642662,100 174.9052685266847,-37.041226580603045,100 174.9051421340843,-37.04136459792869,100 174.90500319428264,-37.04151627934974,100 174.90498712984063,-37.04155069568993,100 174.90482988597,-37.04188834294823,100 174.90470411563174,-37.04215850004437,100 174.9046119735428,-37.04235639074489,100 174.90449354271007,-37.042610667844976,100 174.90436287590188,-37.042891224875746,100 174.90428090818952,-37.04306727031419,100 174.9042080330621,-37.04322374943206,100 174.9040440583841,-37.043575823543335,100 174.90396185844187,-37.04375230601375,100 174.90381072497507,-37.044076865213434,100 174.90376984695547,-37.04416471570438,100 174.90372266706683,-37.04426594886949,100 174.9036755065936,-37.04436724389375,100 174.90366038584003,-37.04435837266149,100 174.90365561737406,-37.04435630320647,100 174.9036355779198,-37.04434871054742,100 174.90362898945165,-37.044346565752484,100 174.90360853661969,-37.04433970887419,100 174.90359646870837,-37.0443360648367,100 174.90357529631925,-37.044330785057205,100 174.90355524553613,-37.0443259343165,100 174.90353446623504,-37.04431982623634,100 174.90352168069384,-37.04431590078675,100 174.9035011613009,-37.04430916933715,100 174.903482125969,-37.04430409859316,100 174.90346027242117,-37.04430112262854,100 174.90345436118602,-37.04430029727163,100 174.90343300053095,-37.04429571719172,100 174.90341682856504,-37.04429211466542,100 174.90339513190762,-37.044288532300754,100 174.90338264465328,-37.04428664529295,100 174.90336094799875,-37.044283062921934,100 174.90334204255097,-37.044280220784934,100 174.90332017406806,-37.04427732164438,100 174.9033083846848,-37.04427627515662,100 174.90328615666357,-37.044275412405334,100 174.90327535387252,-37.04427560198577,100 174.9032531002347,-37.044277000096336,100 174.90324658463086,-37.04427750212606,100 174.90323409712667,-37.04427817118947,100 174.9032239870346,-37.04427836407024,100 174.90321773867043,-37.044278536441176,100 174.90319476832127,-37.04428473283894,100 174.90318945652615,-37.04428490369901,100 174.90316650419382,-37.044284842986976,100 174.90316258088046,-37.044285143885084,100 174.90314029797645,-37.044289872742674,100 174.90313669714914,-37.044290570444446,100 174.90311383775085,-37.04429198005171,100 174.9031047569555,-37.044292417782806,100 174.90308194727243,-37.04429563819651,100 174.90307283282695,-37.04429612423394,100 174.9030503489445,-37.04429289512842,100 174.90304544905234,-37.04429231580146,100 174.90302254314363,-37.044292673420564,100 174.90301676687508,-37.04429297520344,100 174.90299381051526,-37.044294014106974,100 174.9029875758572,-37.04429401499913,100 174.90296480590297,-37.0442923875686,100 174.90295745219657,-37.04429138614394,100 174.9029352714242,-37.04428719227009,100 174.90292449313193,-37.04428512096838,100 174.90290193313004,-37.044282265292225,100 174.9028906158138,-37.04428076144084,100 174.90286832405548,-37.0442769406701,100 174.90286322038855,-37.044275900436105,100 174.90284129485445,-37.044270895787186,100 174.90283020668926,-37.044268257123676,100 174.90280826396378,-37.04426328428985,100 174.90280323112927,-37.044262288883075,100 174.90278089001876,-37.04425856262261,100 174.90277536021011,-37.04425779240069,100 174.90275283198082,-37.04425481270832,100 174.90275123444934,-37.04425468601797,100 174.9027283160309,-37.044253911749585,100 174.90272299012202,-37.04425423783854,100 174.90270033663444,-37.04425745477175,100 174.90269250710992,-37.04425932709382,100 174.9026709842105,-37.04426590034646,100 174.90266759751415,-37.0442668433573,100 174.9026451406085,-37.044270908853704,100 174.9026389601912,-37.04427227162104,100 174.90261783680546,-37.04427953515903,100 174.90261319003824,-37.04428125817701,100 174.90259207125757,-37.04428866133787,100 174.90258597943654,-37.04429073560855,100 174.90256422592964,-37.04429708000621,100 174.90255133893356,-37.04430151922972,100 174.90253170546933,-37.044311265364044,100 174.90252274881288,-37.0443162706439,100 174.9025031892986,-37.04432623189904,100 174.90249188832414,-37.044332904329615,100 174.90247484232563,-37.044345454349795,100 174.90245969926332,-37.04435919510328,100 174.90244526969877,-37.04437368240236,100 174.90243179212843,-37.044388786239864,100 174.90242987758663,-37.044391004401696,100 174.90241657462485,-37.04440616672505,100 174.90240604854665,-37.044418973575574,100 174.90239462437302,-37.04443508006453,100 174.90238290185644,-37.04445103631442,100 174.9023804371566,-37.044454006871405,100 174.90236593515442,-37.04446838626575,100 174.90235041409358,-37.04448221058025,100 174.90234509008573,-37.04448702779357,100 174.90233129966302,-37.04450212221711,100 174.9023161079242,-37.044515987211305,100 174.90231524225635,-37.044516622090875,100 174.90229679451795,-37.0445279733091,100 174.9022949753723,-37.04452856309448,100 174.90227211788854,-37.04453068363436,100 174.9022713880281,-37.04453058808601,100 174.9022499968472,-37.044524244440844,100 174.90224908155568,-37.04452370211837,100 174.9022360067456,-37.04451179025451,100 174.9022215457008,-37.04450173025881,100 174.9022035464286,-37.04450920138915,100 174.90218999372797,-37.04452409099428,100 174.90218658077032,-37.04452848728829,100 174.90217466720236,-37.04454062056894,100 174.90216203131104,-37.04455611375798,100 174.90216002412637,-37.04455872005852,100 174.90214768843347,-37.0445743931977,100 174.90214443661668,-37.04457835338146,100 174.90213116843003,-37.04459351601702,100 174.90212701225443,-37.04459800264189,100 174.90211348369021,-37.044613139708524,100 174.90210591149324,-37.044619963206,100 174.90208795809704,-37.04463166157587,100 174.90208427518536,-37.04463380173907,100 174.9020658422857,-37.044645029206,100 174.90205849098007,-37.04464921556304,100 174.9020389673294,-37.04465922303521,100 174.90203311307133,-37.04466239305257,100 174.90201516232918,-37.04467415355865,100 174.9020128592842,-37.04467544780393,100 174.90199223329765,-37.044683771294366,100 174.90198377860906,-37.04468686223739,100 174.901963408472,-37.044695661110886,100 174.90196070953115,-37.04469704101818,100 174.9019426481054,-37.04470860229879,100 174.9019354045097,-37.044713545814616,100 174.90191689995063,-37.04472469689619,100 174.90191007089976,-37.04472895057838,100 174.9018924564059,-37.044740985076736,100 174.90188659193538,-37.044745052944315,100 174.90186865686312,-37.04475676721106,100 174.90185988174318,-37.04476269786833,100 174.9018427463476,-37.044775187944396,100 174.90183872889926,-37.04477838618149,100 174.9018228522886,-37.04479189166198,100 174.90182081284894,-37.04479397211564,100 174.90180837020682,-37.04480955410143,100 174.901802496823,-37.044817725721174,100 174.9017901610153,-37.04483339882578,100 174.90178557387296,-37.04483922537035,100 174.90177330738302,-37.04485492800588,100 174.90176999511363,-37.04485921541908,100 174.90175806325936,-37.04487508123012,100 174.90175396308945,-37.044880326739026,100 174.90174125773285,-37.04489583541875,100 174.9017356727066,-37.04490186543217,100 174.90172084003714,-37.04491620408496,100 174.90171313588812,-37.044922022922854,100 174.90169428922943,-37.04493271528679,100 174.90168779545968,-37.04493594240895,100 174.90166837967436,-37.044946086891606,100 174.9016624249417,-37.044948746564266,100 174.9016421222862,-37.04495624372734,100 174.90162027274502,-37.044962265026555,100 174.9016139541661,-37.0449643122396,100 174.90159424879042,-37.04497398186245,100 174.9015844453748,-37.04497907906192,100 174.9015636959386,-37.044987326946554,100 174.9015558256026,-37.04499085733737,100 174.9015371048981,-37.045001732423486,100 174.90153417550903,-37.045003565764056,100 174.9015156524322,-37.04501470085756,100 174.90151022358128,-37.04501820381876,100 174.9014928391175,-37.0450304499812,100 174.90149134589652,-37.045031575308315,100 174.90147589118882,-37.04504532093493,100 174.9014615336671,-37.045059914216104,100 174.90145324368697,-37.04506839224801,100 174.90143826695484,-37.04508254840949,100 174.90142708929537,-37.04509308984158,100 174.90141209488522,-37.04510721383647,100 174.90140505676325,-37.04511395121612,100 174.90139057400813,-37.045128438340726,100 174.9013788802884,-37.04513974783653,100 174.9013636063134,-37.04515375373062,100 174.90135083600737,-37.045163734843776,100 174.90133257941855,-37.04517509817214,100 174.9013236631769,-37.04518028838255,100 174.90130533572668,-37.04519160597521,100 174.90129927085886,-37.045195305691706,100 174.9012807481053,-37.04520645696735,100 174.90127436536184,-37.045209944565336,100 174.9012544270429,-37.04521934026682,100 174.90124855919967,-37.04522201384822,100 174.9012289077711,-37.04523182224783,100 174.90121674410332,-37.04523795228671,100 174.90119705627325,-37.045247699075034,100 174.90118306843834,-37.04525426393636,100 174.9011628229235,-37.04526324544302,100 174.9011517185009,-37.045267575726854,100 174.9011305733332,-37.0452753350672,100 174.90111985501042,-37.04527797012516,100 174.90109716081545,-37.045280336582316,100 174.90107422806057,-37.0452803517652,100 174.90107214496558,-37.045280187770615,100 174.901052217673,-37.04527731658479,100 174.9010302513561,-37.04527212658967,100 174.90102620554757,-37.045270494292566,100 174.90100836890548,-37.04525925527886,100 174.90100523687204,-37.045256166256515,100 174.90099353353074,-37.04524054415874,100 174.90099161817685,-37.045235745699394,100 174.9009886877642,-37.04521914838314,100 174.90099064777309,-37.04520090081675,100 174.9009916966952,-37.04519426937216,100 174.90099252788292,-37.04517593444675,100 174.90099235685778,-37.04516461597319,100 174.90099119949892,-37.04514634626871,100 174.90099024723443,-37.04513688437443,100 174.9009885354138,-37.04511860913609,100 174.90098672650598,-37.045108837405905,100 174.9009805813413,-37.04509124340515,100 174.9009795858671,-37.04508712600419,100 174.90097939730563,-37.0450688389687,100 174.9009794152246,-37.04506825013335,100 174.90097801552707,-37.045050001437325,100 174.9009773095397,-37.0450412620423,100 174.90097715505743,-37.045022943816285,100 174.90097710436,-37.04500463924882,100 174.90097694386876,-37.044999422399435,100 174.9009755093092,-37.044981173360654,100 174.90097387239595,-37.04496689237889,100 174.900971331971,-37.04494875479992,100 174.90096892111745,-37.044934053599285,100 174.900965724764,-37.044915989624236,100 174.9009630419673,-37.04490084393525,100 174.90096072557142,-37.04488267212092,100 174.90095794391112,-37.04486455463124,100 174.90095761968794,-37.0448628257288,100 174.90095290586598,-37.044845005090636,100 174.90094995838376,-37.044834123182056,100 174.90094608853119,-37.044816149315146,100 174.90094363089642,-37.04480353897555,100 174.90094122333656,-37.04478518295406,100 174.90093666806595,-37.044767452607495,100 174.9009363527842,-37.0447666681229,100 174.90092591960982,-37.04475062097511,100 174.90091897114294,-37.04474039804907,100 174.9009114149331,-37.04472501321,100 174.90089763762097,-37.04471080513079,100 174.9008857246462,-37.0447007933603,100 174.9008720614246,-37.044686335592196,100 174.9008592684975,-37.04467138258052,100 174.9008581027176,-37.04466994837066,100 174.90084609549726,-37.04465457988427,100 174.90083446349777,-37.0446390179128,100 174.90083419389103,-37.04463866712195,100 174.90082227093117,-37.044623250414986,100 174.90081021200226,-37.0446078818521,100 174.9008037356223,-37.04459972524165,100 174.90079114606692,-37.04458463016271,100 174.90077886625127,-37.04456942106114,100 174.90077514470184,-37.0445644685805,100 174.90077244983715,-37.044560287381046,100 174.9007647479382,-37.04454843615581,100 174.90075440137406,-37.04453238760355,100 174.90075220292104,-37.04452926558601,100 174.90074058862854,-37.04451373576753,100 174.90073213205986,-37.044504715897546,100 174.90071609626372,-37.0444921437959,100 174.90070334953543,-37.04448332336539,100 174.90068673444782,-37.044471102135496,100 174.90067827820806,-37.04446403356851,100 174.90066523150406,-37.04444927117026,100 174.9006559060246,-37.04443953877218,100 174.90063877025298,-37.044427899105564,100 174.90062853820052,-37.04442176029154,100 174.90061119839672,-37.04441027981515,100 174.9005965365711,-37.044400455370734,100 174.9005793985474,-37.044388769765085,100 174.9005659216128,-37.04437983844388,100 174.90054805766573,-37.04436884584819,100 174.90053532184484,-37.044361047297244,100 174.90051745752507,-37.044349994315745,100 174.90050655742587,-37.04434222493018,100 174.90049140116352,-37.044328894230276,100 174.90048237322452,-37.04431923366059,100 174.90047042129746,-37.04430400304776,100 174.90045894761067,-37.044288516913255,100 174.9004584634746,-37.04428790457712,100 174.90044557545096,-37.04427328021344,100 174.90043309843855,-37.04425976236678,100 174.90041993699347,-37.04424526495792,100 174.9004124183794,-37.044236972705214,100 174.90039963179788,-37.04422226739646,100 174.90039081529252,-37.04421274313285,100 174.90037630880167,-37.04419909015661,100 174.90037065967257,-37.0441939396179,100 174.90035656057236,-37.04417998538675,100 174.9003538962902,-37.04417757023327,100 174.90034499468615,-37.044169998642076,100 174.90032899915488,-37.044157006736555,100 174.90031799890437,-37.04414999873266,100 174.90030099149482,-37.04413800094545,100 174.90029799221185,-37.04413599403881,100 174.90028200679583,-37.044123993393626,100 174.9002770025408,-37.044119001962244,100 174.90025900797684,-37.04410700556424,100 174.900250003016,-37.04410200702791,100 174.90023599942873,-37.04408899581291,100 174.90022999208728,-37.04407200342965,100 174.9002290035489,-37.04406500535803,100 174.90022499600715,-37.04404700212347,100 174.9002240019149,-37.04403599335972,100 174.90022599673117,-37.044018999851566,100 174.90022699556124,-37.04401500190921,100 174.90022499605112,-37.043996994442814,100 174.90022500368826,-37.04398900340248,100 174.90022499572996,-37.0439710072905,100 174.9002249924592,-37.04396199254911,100 174.90022900322913,-37.04394400505576,100 174.9002290029601,-37.04393700466979,100 174.900228008623,-37.04391899642078,100 174.90022599546046,-37.04391000126283,100 174.900220005738,-37.04389299327404,100 174.90021499335154,-37.043881993008576,100 174.90020900401586,-37.04386500033498,100 174.90020399394112,-37.04384899692042,100 174.90019699948624,-37.04383200683,100 174.90019400633116,-37.04382199268069,100 174.90019100321751,-37.043804003094685,100 174.9001890027806,-37.04379799824255,100 174.9001849941411,-37.043779995023215,100 174.90018100375036,-37.04376899190184,100 174.9001710062395,-37.04375299899005,100 174.90016700714048,-37.04374800496912,100 174.90015799786573,-37.04373399260114,100 174.9001519945534,-37.04372599871876,100 174.90013999688415,-37.04371100133732,100 174.90012800034364,-37.043696003936496,100 174.90012100577476,-37.04368599800994,100 174.90010899876265,-37.04366999402363,100 174.90009899637104,-37.043657006114834,100 174.9000879933664,-37.043640999561006,100 174.90008700363347,-37.04363900371713,100 174.90007599951014,-37.04362299718,100 174.90006500701676,-37.04360799810793,100 174.9000620051683,-37.04360399305561,100 174.90004799201506,-37.04359000676343,100 174.90003399532145,-37.04357600398243,100 174.90002800853443,-37.043567995407756,100 174.90001599403405,-37.04355299738113,100 174.90000299240043,-37.04353800164726,100 174.8999900023349,-37.04352599533604,100 174.8999759992827,-37.04351299940087,100 174.8999630017204,-37.04350199995786,100 174.89994899867727,-37.04348900401919,100 174.8999400051084,-37.04347999359235,100 174.8999270035249,-37.043464998750146,100 174.8999199921457,-37.04345499308007,100 174.8999109987283,-37.043438997579386,100 174.89990799432863,-37.04343299528464,100 174.89990199464637,-37.043414996908915,100 174.89989900708468,-37.043408993442874,100 174.89989199588297,-37.04339200360026,100 174.89988800296882,-37.0433790023276,100 174.8998839944489,-37.043360999995194,100 174.89988300472515,-37.04335900414927,100 174.8998799937969,-37.04334200520608,100 174.89987700725788,-37.04332400002209,100 174.89987499655396,-37.043310004409,100 174.89987099811316,-37.04329299244232,100 174.89986999570903,-37.04328800718972,100 174.89986600515923,-37.04327000366721,100 174.8998620067229,-37.0432529917,100 174.89985800487455,-37.04323900004112,100 174.89985300170707,-37.043222005970264,100 174.89985100243777,-37.04321600109269,100 174.89984400772073,-37.04319899475895,100 174.89983600827264,-37.0431820063213,100 174.89983099711617,-37.043171006017474,100 174.8998240024306,-37.043154000583144,100 174.8998180079199,-37.0431399966775,100 174.8998100081025,-37.04312299292163,100 174.8998049920095,-37.043114996726146,100 174.89979499466804,-37.043099003776334,100 174.89978700003059,-37.04308599629682,100 174.8997759975598,-37.04307000502437,100 174.8997740008857,-37.04306599828422,100 174.8997640024336,-37.0430500053493,100 174.8997579962527,-37.04303999798826,100 174.8997470027634,-37.043024997998245,100 174.89973900283672,-37.04301299554862,100 174.89972700538783,-37.04299799901917,100 174.89971900694903,-37.042987995626135,100 174.89970499359347,-37.042973993971096,100 174.89968999749013,-37.04296400441615,100 174.89967399558412,-37.042952004848075,100 174.8996710031323,-37.04294900638574,100 174.89966199259038,-37.04293299581576,100 174.89965799739602,-37.04292499768285,100 174.89964999876247,-37.04290799389596,100 174.8996460046722,-37.042899994843594,100 174.8996390025451,-37.042883996267406,100 174.89963699579255,-37.04287899825683,100 174.89963100554928,-37.04286200556345,100 174.89962699843298,-37.04285100268822,100 174.8996220028561,-37.04283300173272,100 174.89962199217493,-37.04282499476027,100 174.8996230074875,-37.04280699667508,100 174.89961899904338,-37.04278899342853,100 174.89961799628196,-37.042783992856776,100 174.89961399833513,-37.04276699709452,100 174.89961299559687,-37.042761997423625,100 174.8996070064707,-37.04274500380938,100 174.89959800531605,-37.042729999834634,100 174.89959500773946,-37.04272300599208,100 174.89958900778956,-37.04270499137789,100 174.8995870010455,-37.042699993366085,100 174.89958000684334,-37.0426830032293,100 174.8995790040862,-37.04267800265702,100 174.89957400064105,-37.042660993254096,100 174.89957300322075,-37.04265300388748,100 174.89956999992953,-37.04263499896098,100 174.89956999860243,-37.04262799858982,100 174.89956800080355,-37.04261000640092,100 174.8995669980708,-37.042605006729374,100 174.89956600275235,-37.0425869966822,100 174.8995660077071,-37.04258399257194,100 174.89956600104307,-37.04256599643348,100 174.89956600487398,-37.0425629923412,100 174.89956800732438,-37.04254499196534,100 174.8995679920997,-37.04254000531956,100 174.8995709985553,-37.042522003284404,100 174.89957199186452,-37.04251399375123,100 174.89957499944234,-37.04249599169796,100 174.89957500621114,-37.04249500016021,100 174.89957700868078,-37.04247700068505,100 174.89957800599805,-37.04245900198615,100 174.89957799534574,-37.04245099591402,100 174.8995780055613,-37.04243300040619,100 174.89957699376743,-37.04241500594461,100 174.89957500072796,-37.04240099381725,100 174.89957399942946,-37.04238400684022,100 174.89957400561403,-37.04237599959705,100 174.89957499506144,-37.04235899335462,100 174.8995760018007,-37.04235400386057,100 174.89957700026423,-37.0423360060443,100 174.89957699104497,-37.04232999722863,100 174.8995759972587,-37.04231200337963,100 174.89957600088718,-37.04230199889774,100 174.8995750070793,-37.04228400414771,100 174.89957300673566,-37.04227799928124,100 174.89956800482767,-37.04226100517416,100 174.89956699914043,-37.04225399204665,100 174.89956300121545,-37.0422369953792,100 174.8995600034628,-37.04222300114493,100 174.89955899131886,-37.042204992267365,100 174.89955800693488,-37.04220000672228,100 174.89955900389663,-37.0421819936077,100 174.89956100521871,-37.0421639932491,100 174.89955999991554,-37.04215699543734,100 174.89956000372845,-37.0421400058814,100 174.89955999944456,-37.04213099205407,100 174.89955799931073,-37.04211800301422,100 174.89955800296516,-37.0421079994329,100 174.89955900026348,-37.04208999983217,100 174.89955900627348,-37.04207499309972,100 174.8995580020264,-37.042055992665816,100 174.899558006018,-37.0420460025985,100 174.8995579990022,-37.042027992043394,100 174.89955999395707,-37.042010999439235,100 174.89956199525375,-37.04199299817932,100 174.8995619986861,-37.041975993306984,100 174.89956400115054,-37.04195799383084,100 174.89956600244543,-37.04193999257077,100 174.89956800490836,-37.04192199309452,100 174.8995680063439,-37.041910005788274,100 174.89956900330253,-37.041891992672944,100 174.89957000064254,-37.041873994873534,100 174.89957200696074,-37.04186499210693,100 174.8995760008938,-37.04184700309654,100 174.8995760073036,-37.04184599714364,100 174.8995789968338,-37.04182799357525,100 174.89958500871725,-37.04181599472866,100 174.8995939992087,-37.04180400495848,100 174.899594992734,-37.04180299671549,100 174.89960599724873,-37.04178799769566,100 174.8996069986663,-37.041785997896696,100 174.89961699549963,-37.04176900331444,100 174.899618006984,-37.041767993882324,100 174.8996290013994,-37.041752003592684,100 174.8996350004237,-37.04174400041027,100 174.89964699091323,-37.04172899911455,100 174.89964999996556,-37.04172499691948,100 174.89966299556846,-37.04170999394466,100 174.89966600351778,-37.041705992668156,100 174.89967800188714,-37.04168999981369,100 174.8996779914373,-37.04168899413081,100 174.89969100539278,-37.04167400618113,100 174.89969500794052,-37.041668994840336,100 174.89970599445715,-37.04165399700096,100 174.8997080077339,-37.0416510030844,100 174.89971699264237,-37.04163500171037,100 174.89972200195348,-37.04162500267529,100 174.89973200878745,-37.04160899755016,100 174.8997349987471,-37.04160499656009,100 174.89974700720052,-37.041589995868,100 174.89974899684873,-37.04158799375868,100 174.89975900297523,-37.041572005767335,100 174.89976499938948,-37.041562004439236,100 174.89977300465011,-37.041544997580026,100 174.8997790048848,-37.04153199215876,100 174.89978500145676,-37.04151500575589,100 174.89978599987887,-37.041510991599,100 174.89979200285495,-37.041492999242934,100 174.89979300024365,-37.04148700404619,100 174.89979699372654,-37.04146899971333,100 174.89972499531416,-37.04136699559561,100 174.89972499402288,-37.04135999702532,100 174.89972499144145,-37.04135799888558,100 174.89972500158854,-37.0413400015737,100 174.8997259978796,-37.04133400729622,100 174.89972800027255,-37.041316006916105,100 174.8997300012504,-37.041309993842624,100 174.89973700180795,-37.041293005781654,100 174.89974299818235,-37.04128300355382,100 174.8997530038911,-37.04126700024732,100 174.8997560024251,-37.04126199056515,100 174.89976599167446,-37.04124600374458,100 174.89976800826324,-37.04124499263294,100 174.8997830053352,-37.04123099227888,100 174.8997969934874,-37.04121999859531,100 174.89979700099602,-37.04121899172345,100 174.89980899434005,-37.041206003869014,100 174.8998099994526,-37.04120600219026,100 174.89981699721574,-37.041194000158534,100 174.8998240054731,-37.0411830056112,100 174.89983099646597,-37.0411719951166,100 174.89983800471938,-37.04116100056852,100 174.8998450036206,-37.04114899941822,100 174.89984799351225,-37.04114499662379,100 174.8998540052811,-37.041132996864036,100 174.89986099554565,-37.041122002602755,100 174.89986700731075,-37.041110002842395,100 174.8998730010919,-37.04109800336982,100 174.89987800776493,-37.04108600618915,100 174.89988200770813,-37.04107899760401,100 174.89988699637402,-37.041066999810106,100 174.89989200304296,-37.04105500262891,100 174.8998969917283,-37.04104300573558,100 174.89990100079143,-37.0410300033616,100 174.89990300213077,-37.041024005601514,100 174.89990600722842,-37.04101100578979,100 174.89990900441364,-37.040998996632965,100 174.89990695774438,-37.04099961255827,100 174.8999092828484,-37.04099880019606,100 174.89991036605676,-37.04098808441883,100 174.89991169993948,-37.04098228301793,100 174.8999182168098,-37.040967949811034,100 174.8999204664523,-37.0409642004208,100 174.89993103354985,-37.04095141656189,100 174.89994449992403,-37.04094046727149,100 174.8999547001021,-37.04093443371279,100 174.89997060027022,-37.04092595014439,100 174.89997768369994,-37.04092094982864,100 174.89999176716952,-37.04091071619384,100 174.900006182557,-37.040902882808865,100 174.9000217328761,-37.04089416689496,100 174.90003073284512,-37.04088729992704,100 174.90004371592968,-37.04087613304274,100 174.90006005005105,-37.040864266242615,100 174.90007025002814,-37.040858315596914,100 174.9000888833317,-37.040848566066366,100 174.90009379985872,-37.04084603396629,100 174.90011186695696,-37.040835716671076,100 174.90011418301282,-37.04083400044641,100 174.90027295939174,-37.04077216833015,100 174.90027739932788,-37.04076634960842,100 174.90029664996442,-37.04074393320552,100 174.90031685012704,-37.04072176656844,100 174.9003317495096,-37.04070651670771,100 174.90033769985953,-37.0406953498075,100 174.90034939932013,-37.04067531664304,100 174.90036233286855,-37.0406560334144,100 174.9003771166754,-37.040637817420446,100 174.90039435000782,-37.040620984427854,100 174.90041443370265,-37.040605783080906,100 174.9004369671008,-37.040592017005444,100 174.90046133272827,-37.04057931664682,100 174.90048695044544,-37.04056736683179,100 174.90051318371758,-37.04055580011456,100 174.9005394497081,-37.04054428334011,100 174.90056513256116,-37.04053246675832,100 174.9005896835139,-37.04052016628493,100 174.90060921750538,-37.04050975060158,100 174.90062576691133,-37.04050093297657,100 174.9006426507814,-37.040491866638774,100 174.90066030012625,-37.04048211656394,100 174.90067916737686,-37.04047125008821,100 174.90069966627996,-37.04045881624001,100 174.9007222664381,-37.04044434963289,100 174.90074763320956,-37.04042729972458,100 174.90077563358912,-37.04040783358263,100 174.90080550020718,-37.04038664939199,100 174.90083646679776,-37.04036439935424,100 174.9008677664666,-37.04034180057537,100 174.90089863281676,-37.04031949985279,100 174.90092828286433,-37.04029820013113,100 174.90095598328017,-37.04027856660664,100 174.90098161738928,-37.04026038393745,100 174.9010058497222,-37.040242933052646,100 174.9010291166128,-37.04022608258028,100 174.9010518327034,-37.04020973304117,100 174.90107441708633,-37.04019378308191,100 174.9010973001371,-37.0401781329705,100 174.9011208837295,-37.040162667208065,100 174.901145616175,-37.04014728397187,100 174.9011715502715,-37.040132116708534,100 174.90119834953143,-37.040117333044805,100 174.90122573346008,-37.04010286627362,100 174.9012534829936,-37.04008863338136,100 174.90128131718814,-37.040074549642604,100 174.9013090005713,-37.04006055033317,100 174.90133626678724,-37.04004654959302,100 174.90136288335339,-37.0400324673284,100 174.90138839997996,-37.040018866860045,100 174.90141284964142,-37.04000603337196,100 174.90143673308992,-37.03999353342379,100 174.90146055035743,-37.0399809498097,100 174.901484767377,-37.039967850548045,100 174.90150989946343,-37.039953800161165,100 174.9015364166387,-37.03993835037767,100 174.90156481666074,-37.03992108312517,100 174.9015964829366,-37.03990111728447,100 174.90163151739486,-37.039878482764266,100 174.9016685335182,-37.03985411661078,100 174.90170614955792,-37.03982896661098,100 174.90173001727558,-37.039812866165484,100 174.90177766731088,-37.03978008258758,100 174.90180878349403,-37.03975821655905,100 174.90183498326456,-37.03973933334177,100 174.90185570072157,-37.039724048587516,100 174.90187201679962,-37.03971175010887,100 174.9018849993931,-37.039701483432594,100 174.9018957169564,-37.039692316608104,100 174.90190521613968,-37.03968330000795,100 174.90191458292702,-37.03967348337351,100 174.9019248827801,-37.039661950123026,100 174.90193716681864,-37.03964774965492,100 174.90195123407025,-37.03963053278321,100 174.9019659666991,-37.03961109976034,100 174.90198113314608,-37.03959008340635,100 174.90199640050355,-37.03956820018478,100 174.90201150023918,-37.039546133080265,100 174.90202616681097,-37.039524549707544,100 174.9020401001977,-37.03950413265515,100 174.9020530330382,-37.039485566691944,100 174.90206595035033,-37.039468766622015,100 174.90207949999032,-37.039453066811305,100 174.902093,-37.039438216819065,100 174.9021057332904,-37.03942400011635,100 174.90211696631923,-37.039410216661715,100 174.90212598271728,-37.03939663369178,100 174.90213208333313,-37.03938303258796,100 174.90213453273773,-37.03936918269519,100 174.9021323164711,-37.03935480014981,100 174.9021256838074,-37.0393399170059,100 174.90211581626147,-37.03932493341923,100 174.9021038835911,-37.03931018393927,100 174.90209108299786,-37.03929606666801,100 174.90207853348267,-37.03928268443445,100 174.90199424940946,-37.039203316543706,100 174.90192193309878,-37.039141316704345,100 174.90185146706267,-37.03906150000394,100 174.90179020046162,-37.038999132728065,100 174.90169498320407,-37.03892233376756,100 174.90164421742335,-37.038848549830675,100 174.90161631621484,-37.03878953301745,100 174.90159029942924,-37.03871271686271,100 174.90159654977936,-37.0386170996231,100 174.90162546593515,-37.03853184986701,100 174.90167473318195,-37.0384659014197,100 174.90173430004023,-37.038439566674576,100 174.90181343334356,-37.03841703440615,100 174.90188935002766,-37.03838571642022,100 174.90196284924227,-37.038361150030966,100 174.90206916615696,-37.03832886675924,100 174.9021267505306,-37.038318116437004,100 174.90218376642397,-37.03829630003426,100 174.90222144976119,-37.038275100094644,100 174.90226533299392,-37.0382670335907,100 174.90229826742646,-37.03826151669322,100 174.90235331715445,-37.03825529989132,100 174.9024081337024,-37.038244650607425,100 174.90245178327282,-37.03823213356008,100 174.90250891615273,-37.03821253322436,100 174.90258495065203,-37.03818343280884,100 174.9026583334236,-37.038156650663446,100 174.90271856744042,-37.03814359979702,100 174.90277836694852,-37.03812170060269,100 174.9028408001003,-37.03809748334634,100 174.90288278271058,-37.03805174935236,100 174.90293801715995,-37.03799448331714,100 174.90296128373055,-37.037907183301044,100 174.90299020035812,-37.03782193321716,100 174.9030180340232,-37.03776999991468,100 174.903045066542,-37.037702550068204,100 174.9030642670417,-37.037644232563586,100 174.90307641647618,-37.037610566068615,100 174.90329996647958,-37.03745329939038,100 174.90333576690145,-37.03739778259319,100 174.90340341667397,-37.03734383308804,100 174.90345048316533,-37.03727633294784,100 174.90348260082405,-37.037202783420994,100 174.90346783403345,-37.03713513361268,100 174.9034568660185,-37.03705248379895,100 174.90349841721223,-37.03695641712957,100 174.90353446675954,-37.03682426688114,100 174.9035571502362,-37.03676421608143,100 174.90361181692333,-37.03667269955064,100 174.90366638315004,-37.03660669859703,100 174.90372651627166,-37.03655724986658,100 174.90379039985302,-37.03651081704508,100 174.90384340029053,-37.03658700042643,100 174.90388921546378,-37.0366344566275,100 174.9039415169229,-37.03668863333372,100 174.90400253315144,-37.036694666909064,100 174.90413583298985,-37.036719649868886,100 174.90429296669367,-37.03671836741433,100 174.90444973314263,-37.03666579859515,100 174.90457434991518,-37.03662281558361,100 174.90458958263173,-37.036623717441756,100 174.90473006609628,-37.03664296658331,100 174.90481703358768,-37.03663769980806,100 174.90487991731746,-37.036633883283315,100 174.90507410051464,-37.036545082567706,100 174.9051861665322,-37.03646485060779,100 174.90517636672058,-37.03641911655187,100 174.90520228377576,-37.0363236825747,100 174.90526606740283,-37.03621989999036,100 174.90530949977722,-37.036124133266966,100 174.90528108291142,-37.03595791692785,100 174.90527144935584,-37.035804666893426,100 174.90528993256922,-37.035710582574744,100 174.90534350010026,-37.03560628266532,100 174.9053498499174,-37.03559778325752,100 174.90543621686817,-37.03511015017811,100 174.90598164950376,-37.034780566736124,100 174.9061545340037,-37.034720149572436,100 174.9065017494474,-37.03453261671714,100 174.90660809541603,-37.03397565278522,100 174.9066205475467,-37.033910433782054,100</coordinates></LinearRing></outerBoundaryIs>
    </Polygon>
  </Placemark>

  <Placemark>
    <name>Takanini</name>
    <Point>
      <altitudeMode>relativeToGround</altitudeMode>
      <coordinates>174.93413455649537,-37.03464480275001,100</coordinates>
    </Point>
  </Placemark>

</Document>
</kml>