<?xml version="1.0" encoding="utf-8"?>
<kml xmlns="http://www.opengis.net/kml/2.2">
<Document>
  <name>Wattle Downs (polygon: official_shp)</name>
  <open>1</open>

  <Placemark>
    <name>Wattle Downs (polygon: official_shp)</name>
    <Style>
      <LineStyle><color>ffff0000</color><width>2</width></LineStyle>
      <PolyStyle><color>66ff0000</color><fill>1</fill><outline>1</outline></PolyStyle>
    </Style>
    <Polygon>
      <tessellate>1</tessellate>
      <altitudeMode>relativeToGround</altitudeMode>
      <outerBoundaryIs><LinearRing><coordinates>174.89990695774438,-37.04099961255827,100 174.89990900441364,-37.040998996632965,100 174.89990600722842,-37.04101100578979,100 174.89990300213077,-37.041024005601514,100 174.89990100079143,-37.0410300033616,100 174.8998969917283,-37.04104300573558,100 174.89989200304296,-37.04105500262891,100 174.89988699637402,-37.041066999810106,100 174.89988200770813,-37.04107899760401,100 174.89987800776493,-37.04108600618915,100 174.8998730010919,-37.04109800336982,100 174.89986700731075,-37.041110002842395,100 174.89986099554565,-37.041122002602755,100 174.8998540052811,-37.041132996864036,100 174.89984799351225,-37.04114499662379,100 174.8998450036206,-37.04114899941822,100 174.89983800471938,-37.04116100056852,100 174.89983099646597,-37.0411719951166,100 174.8998240054731,-37.0411830056112,100 174.89981699721574,-37.041194000158534,100 174.8998099994526,-37.04120600219026,100 174.89980899434005,-37.041206003869014,100 174.89979700099602,-37.04121899172345,100 174.8997969934874,-37.04121999859531,100 174.8997830053352,-37.04123099227888,100 174.89976800826324,-37.04124499263294,100 174.89976599167446,-37.04124600374458,100 174.8997560024251,-37.04126199056515,100 174.8997530038911,-37.04126700024732,100 174.89974299818235,-37.04128300355382,100 174.89973700180795,-37.041293005781654,100 174.8997300012504,-37.041309993842624,100 174.89972800027255,-37.041316006916105,100 174.8997259978796,-37.04133400729622,100 174.89972500158854,-37.0413400015737,100 174.89972499144145,-37.04135799888558,100 174.89972499402288,-37.04135999702532,100 174.89972499531416,-37.04136699559561,100 174.89979699372654,-37.04146899971333,100 174.89979300024365,-37.04148700404619,100 174.89979200285495,-37.041492999242934,100 174.89978599987887,-37.041510991599,100 174.89978500145676,-37.04151500575589,100 174.8997790048848,-37.04153199215876,100 174.89977300465011,-37.041544997580026,100 174.89976499938948,-37.041562004439236,100 174.89975900297523,-37.041572005767335,100 174.89974899684873,-37.04158799375868,100 174.89974700720052,-37.041589995868,100 174.8997349987471,-37.04160499656009,100 174.89973200878745,-37.04160899755016,100 174.89972200195348,-37.04162500267529,100 174.89971699264237,-37.04163500171037,100 174.8997080077339,-37.0416510030844,100 174.89970599445715,-37.04165399700096,100 174.89969500794052,-37.041668994840336,100 174.89969100539278,-37.04167400618113,100 174.8996779914373,-37.04168899413081,100 174.89967800188714,-37.04168999981369,100 174.89966600351778,-37.041705992668156,100 174.89966299556846,-37.04170999394466,100 174.89964999996556,-37.04172499691948,100 174.89964699091323,-37.04172899911455,100 174.8996350004237,-37.04174400041027,100 174.8996290013994,-37.041752003592684,100 174.899618006984,-37.041767993882324,100 174.89961699549963,-37.04176900331444,100 174.8996069986663,-37.041785997896696,100 174.89960599724873,-37.04178799769566,100 174.899594992734,-37.04180299671549,100 174.8995939992087,-37.04180400495848,100 174.89958500871725,-37.04181599472866,100 174.8995789968338,-37.04182799357525,100 174.8995760073036,-37.04184599714364,100 174.8995760008938,-37.04184700309654,100 174.89957200696074,-37.04186499210693,100 174.89957000064254,-37.041873994873534,100 174.89956900330253,-37.041891992672944,100 174.8995680063439,-37.041910005788274,100 174.89956800490836,-37.04192199309452,100 174.89956600244543,-37.04193999257077,100 174.89956400115054,-37.04195799383084,100 174.8995619986861,-37.041975993306984,100 174.89956199525375,-37.04199299817932,100 174.89955999395707,-37.042010999439235,100 174.8995579990022,-37.042027992043394,100 174.899558006018,-37.0420460025985,100 174.8995580020264,-37.042055992665816,100 174.89955900627348,-37.04207499309972,100 174.89955900026348,-37.04208999983217,100 174.89955800296516,-37.0421079994329,100 174.89955799931073,-37.04211800301422,100 174.89955999944456,-37.04213099205407,100 174.89956000372845,-37.0421400058814,100 174.89955999991554,-37.04215699543734,100 174.89956100521871,-37.0421639932491,100 174.89955900389663,-37.0421819936077,100 174.89955800693488,-37.04220000672228,100 174.89955899131886,-37.042204992267365,100 174.8995600034628,-37.04222300114493,100 174.89956300121545,-37.0422369953792,100 174.89956699914043,-37.04225399204665,100 174.89956800482767,-37.04226100517416,100 174.89957300673566,-37.04227799928124,100 174.8995750070793,-37.04228400414771,100 174.89957600088718,-37.04230199889774,100 174.8995759972587,-37.04231200337963,100 174.89957699104497,-37.04232999722863,100 174.89957700026423,-37.0423360060443,100 174.8995760018007,-37.04235400386057,100 174.89957499506144,-37.04235899335462,100 174.89957400561403,-37.04237599959705,100 174.89957399942946,-37.04238400684022,100 174.89957500072796,-37.04240099381725,100 174.89957699376743,-37.04241500594461,100 174.8995780055613,-37.04243300040619,100 174.89957799534574,-37.04245099591402,100 174.89957800599805,-37.04245900198615,100 174.89957700868078,-37.04247700068505,100 174.89957500621114,-37.04249500016021,100 174.89957499944234,-37.04249599169796,100 174.89957199186452,-37.04251399375123,100 174.8995709985553,-37.042522003284404,100 174.8995679920997,-37.04254000531956,100 174.89956800732438,-37.04254499196534,100 174.89956600487398,-37.0425629923412,100 174.89956600104307,-37.04256599643348,100 174.8995660077071,-37.04258399257194,100 174.89956600275235,-37.0425869966822,100 174.8995669980708,-37.042605006729374,100 174.89956800080355,-37.04261000640092,100 174.89956999860243,-37.04262799858982,100 174.89956999992953,-37.04263499896098,100 174.89957300322075,-37.04265300388748,100 174.89957400064105,-37.042660993254096,100 174.8995790040862,-37.04267800265702,100 174.89958000684334,-37.0426830032293,100 174.8995870010455,-37.042699993366085,100 174.89958900778956,-37.04270499137789,100 174.89959500773946,-37.04272300599208,100 174.89959800531605,-37.042729999834634,100 174.8996070064707,-37.04274500380938,100 174.89961299559687,-37.042761997423625,100 174.89961399833513,-37.04276699709452,100 174.89961799628196,-37.042783992856776,100 174.89961899904338,-37.04278899342853,100 174.8996230074875,-37.04280699667508,100 174.89962199217493,-37.04282499476027,100 174.8996220028561,-37.04283300173272,100 174.89962699843298,-37.04285100268822,100 174.89963100554928,-37.04286200556345,100 174.89963699579255,-37.04287899825683,100 174.8996390025451,-37.042883996267406,100 174.8996460046722,-37.042899994843594,100 174.89964999876247,-37.04290799389596,100 174.89965799739602,-37.04292499768285,100 174.89966199259038,-37.04293299581576,100 174.8996710031323,-37.04294900638574,100 174.89967399558412,-37.042952004848075,100 174.89968999749013,-37.04296400441615,100 174.89970499359347,-37.042973993971096,100 174.89971900694903,-37.042987995626135,100 174.89972700538783,-37.04299799901917,100 174.89973900283672,-37.04301299554862,100 174.8997470027634,-37.043024997998245,100 174.8997579962527,-37.04303999798826,100 174.8997640024336,-37.0430500053493,100 174.8997740008857,-37.04306599828422,100 174.8997759975598,-37.04307000502437,100 174.89978700003059,-37.04308599629682,100 174.89979499466804,-37.043099003776334,100 174.8998049920095,-37.043114996726146,100 174.8998100081025,-37.04312299292163,100 174.8998180079199,-37.0431399966775,100 174.8998240024306,-37.043154000583144,100 174.89983099711617,-37.043171006017474,100 174.89983600827264,-37.0431820063213,100 174.89984400772073,-37.04319899475895,100 174.89985100243777,-37.04321600109269,100 174.89985300170707,-37.043222005970264,100 174.89985800487455,-37.04323900004112,100 174.8998620067229,-37.0432529917,100 174.89986600515923,-37.04327000366721,100 174.89986999570903,-37.04328800718972,100 174.89987099811316,-37.04329299244232,100 174.89987499655396,-37.043310004409,100 174.89987700725788,-37.04332400002209,100 174.8998799937969,-37.04334200520608,100 174.89988300472515,-37.04335900414927,100 174.8998839944489,-37.043360999995194,100 174.89988800296882,-37.0433790023276,100 174.89989199588297,-37.04339200360026,100 174.89989900708468,-37.043408993442874,100 174.89990199464637,-37.043414996908915,100 174.89990799432863,-37.04343299528464,100 174.8999109987283,-37.043438997579386,100 174.8999199921457,-37.04345499308007,100 174.8999270035249,-37.043464998750146,100 174.8999400051084,-37.04347999359235,100 174.89994899867727,-37.04348900401919,100 174.8999630017204,-37.04350199995786,100 174.8999759992827,-37.04351299940087,100 174.8999900023349,-37.04352599533604,100 174.90000299240043,-37.04353800164726,100 174.90001599403405,-37.04355299738113,100 174.90002800853443,-37.043567995407756,100 174.90003399532145,-37.04357600398243,100 174.90004799201506,-37.04359000676343,100 174.9000620051683,-37.04360399305561,100 174.90006500701676,-37.04360799810793,100 174.90007599951014,-37.04362299718,100 174.90008700363347,-37.04363900371713,100 174.9000879933664,-37.043640999561006,100 174.90009899637104,-37.043657006114834,100 174.90010899876265,-37.04366999402363,100 174.90012100577476,-37.04368599800994,100 174.90012800034364,-37.043696003936496,100 174.90013999688415,-37.04371100133732,100 174.9001519945534,-37.04372599871876,100 174.90015799786573,-37.04373399260114,100 174.90016700714048,-37.04374800496912,100 174.9001710062395,-37.04375299899005,100 174.90018100375036,-37.04376899190184,100 174.9001849941411,-37.043779995023215,100 174.9001890027806,-37.04379799824255,100 174.90019100321751,-37.043804003094685,100 174.90019400633116,-37.04382199268069,100 174.90019699948624,-37.04383200683,100 174.90020399394112,-37.04384899692042,100 174.90020900401586,-37.04386500033498,100 174.90021499335154,-37.043881993008576,100 174.900220005738,-37.04389299327404,100 174.90022599546046,-37.04391000126283,100 174.900228008623,-37.04391899642078,100 174.9002290029601,-37.04393700466979,100 174.90022900322913,-37.04394400505576,100 174.9002249924592,-37.04396199254911,100 174.90022499572996,-37.0439710072905,100 174.90022500368826,-37.04398900340248,100 174.90022499605112,-37.043996994442814,100 174.90022699556124,-37.04401500190921,100 174.90022599673117,-37.044018999851566,100 174.9002240019149,-37.04403599335972,100 174.90022499600715,-37.04404700212347,100 174.9002290035489,-37.04406500535803,100 174.90022999208728,-37.04407200342965,100 174.90023599942873,-37.04408899581291,100 174.900250003016,-37.04410200702791,100 174.90025900797684,-37.04410700556424,100 174.9002770025408,-37.044119001962244,100 174.90028200679583,-37.044123993393626,100 174.90029799221185,-37.04413599403881,100 174.90030099149482,-37.04413800094545,100 174.90031799890437,-37.04414999873266,100 174.90032899915488,-37.044157006736555,100 174.90034499468615,-37.044169998642076,100 174.9003538962902,-37.04417757023327,100 174.90026943615655,-37.04423753316095,100 174.90027605002953,-37.04424633743584,100 174.90028144378093,-37.044254187856275,100 174.9002900686778,-37.044270638076206,100 174.900291889148,-37.04427384367062,100 174.90030267513094,-37.04428952831057,100 174.90030497305122,-37.04429249191717,100 174.90031657088437,-37.04430614914462,100 174.90033299445005,-37.04431835907576,100 174.9003341287743,-37.04431929898187,100 174.900346813891,-37.044334083434904,100 174.90034944689978,-37.0443372733054,100 174.90036328988327,-37.04435137134179,100 174.90036704913078,-37.044355176779575,100 174.90037909375786,-37.0443680832699,100 174.90039500925707,-37.04438070421347,100 174.90039990073902,-37.04438410304834,100 174.90041673093287,-37.04439598018166,100 174.90042390166906,-37.04440037628435,100 174.90044273573304,-37.04441014290958,100 174.90044971714994,-37.0444133496256,100 174.90046943711835,-37.04442193937539,100 174.90047043660272,-37.044422386627616,100 174.90048979054959,-37.04443149327552,100 174.90049669920853,-37.04443457767662,100 174.90051688585223,-37.04444249297909,100 174.90051695670434,-37.044442538711294,100 174.90053450973951,-37.04445359758188,100 174.90054420359095,-37.04446096899242,100 174.90056030750893,-37.044473478737864,100 174.90056312449155,-37.04447516318984,100 174.9005764845882,-37.04448107703168,100 174.90059266108952,-37.04449243915712,100 174.90060881237088,-37.04450414237543,100 174.90062476239612,-37.0445167474117,100 174.90062497533438,-37.04451694498902,100 174.9006374923863,-37.044528774039385,100 174.90065057003204,-37.04454333405358,100 174.90065093044967,-37.044543854636395,100 174.90066025277335,-37.044557923234514,100 174.90067203324418,-37.04457321876395,100 174.90067279431474,-37.04457447559639,100 174.90067858586767,-37.044589256920794,100 174.90067951711333,-37.04459165657703,100 174.90068081238286,-37.04459593862091,100 174.90068676094987,-37.04461331857741,100 174.90068839143652,-37.04461846320003,100 174.90069377293554,-37.044636008168396,100 174.90069803328782,-37.044653727929635,100 174.90069839661538,-37.044655627453054,100 174.90070077646635,-37.0446735963661,100 174.90070188618807,-37.044683783088765,100 174.9007042833046,-37.04470176794835,100 174.9007048658742,-37.044705334966444,100 174.90070871233206,-37.04472313977302,100 174.90070922020715,-37.04472650699847,100 174.90070866159732,-37.04474468343351,100 174.90070897908214,-37.04474997437815,100 174.900715168889,-37.0447672882769,100 174.90071700809574,-37.04477250616444,100 174.90072039005904,-37.04479039592601,100 174.90072044050683,-37.044792238273864,100 174.90071785049693,-37.04481024897798,100 174.9007168052023,-37.04482838724611,100 174.90071628163153,-37.04483521035802,100 174.90071350133658,-37.04485325565691,100 174.90071283981993,-37.04485693724882,100 174.9007098167529,-37.04487498643822,100 174.90070848573708,-37.04488013615974,100 174.90070179074436,-37.04489752225403,100 174.90069782909575,-37.044915447684524,100 174.90069697427816,-37.04491962898982,100 174.90069221233895,-37.044937430247906,100 174.9006912103387,-37.04494066935059,100 174.90068477880976,-37.044958205343804,100 174.9006827740437,-37.044964697982074,100 174.9006801492232,-37.04498275611049,100 174.9006788975259,-37.04499081575602,100 174.90067311043433,-37.04500844867564,100 174.90066955049855,-37.045018903109764,100 174.90066518907466,-37.04503675923651,100 174.9006638414062,-37.04504322512075,100 174.9006606107529,-37.04506124699111,100 174.90065865143805,-37.04507195157167,100 174.9006539614586,-37.045089798542385,100 174.9006507026318,-37.04510367038244,100 174.90064849552434,-37.04512175155878,100 174.90064752027857,-37.045139904025234,100 174.90064743594064,-37.04514188733305,100 174.90064661541666,-37.0451600219979,100 174.900646375456,-37.045173438072226,100 174.90064642032314,-37.04519155706618,100 174.900646713146,-37.045206047963674,100 174.90064701802652,-37.04522417811282,100 174.90064742508554,-37.04523206877042,100 174.90064908013852,-37.045250144835705,100 174.9006509311749,-37.04526020971963,100 174.9006567082567,-37.04527765461307,100 174.90065897935887,-37.04528531170485,100 174.90066129035114,-37.04530331416712,100 174.90066198874783,-37.045307963591455,100 174.90066668028317,-37.045325613350805,100 174.90066909188633,-37.04533272741138,100 174.90067557389628,-37.04534998885865,100 174.90067851471886,-37.045357448648375,100 174.9006850656539,-37.04537467834627,100 174.90068700207664,-37.04537960085227,100 174.9006944984363,-37.0453965972841,100 174.90069780514003,-37.045405382428115,100 174.90070187525964,-37.045423136780734,100 174.90070358092848,-37.045431655561636,100 174.90070861710745,-37.04544923760596,100 174.90071353190262,-37.045466821595284,100 174.90071358821115,-37.0454669603942,100 174.90071721030984,-37.04548478411561,100 174.9007188884877,-37.045493598061476,100 174.900722460416,-37.045511438810045,100 174.90072323602,-37.04551512621191,100 174.90072679073143,-37.04553299788033,100 174.90072851700074,-37.04553846543399,100 174.9007369396354,-37.04555513606976,100 174.90073834304317,-37.04555766695808,100 174.90074656042623,-37.04557440307208,100 174.90075191305172,-37.04558519686755,100 174.90076073197997,-37.045601752093106,100 174.9007664081511,-37.045612354133695,100 174.90077490084764,-37.04562899299937,100 174.90077858145438,-37.04563626878181,100 174.90078808852286,-37.04565268859732,100 174.90079260865087,-37.0456634191224,100 174.90079509199185,-37.04568138727287,100 174.90079557841258,-37.04568461513987,100 174.90080056333468,-37.045702214224,100 174.9008022205001,-37.045706443597986,100 174.90081086832092,-37.04572307997449,100 174.90081299043956,-37.04572782825508,100 174.90081780497707,-37.04574553822487,100 174.90081777234536,-37.04574752070391,100 174.9008151535361,-37.045760049268694,100 174.90080560881984,-37.04577015978923,100 174.90078416265183,-37.04577640700747,100 174.90078321529427,-37.04577656279301,100 174.90076113626083,-37.045781194206775,100 174.90075577122823,-37.04578198500453,100 174.90073699526133,-37.04578389473189,100 174.90071682498882,-37.04578291740896,100 174.90069524816496,-37.04578122175616,100 174.90067270164548,-37.04578392555684,100 174.90067096439398,-37.04578437430399,100 174.90064987599877,-37.04579166758027,100 174.90064265962675,-37.045795681343186,100 174.90062672609446,-37.045807777947346,100 174.90061367987101,-37.04582284402565,100 174.90061178165112,-37.04582499880623,100 174.90059678234087,-37.04583893801225,100 174.90058347186636,-37.04585386862062,100 174.9005818543621,-37.04585614328152,100 174.90057242046757,-37.04587281796957,100 174.90057238679344,-37.04587286537674,100 174.90056106153637,-37.045888814182945,100 174.90056018679152,-37.04589039375654,100 174.90055403509248,-37.04590801809107,100 174.90055346384278,-37.04591117187671,100 174.90055236916226,-37.04592945063376,100 174.90055220012198,-37.045933402833946,100 174.90054973720692,-37.04595164312939,100 174.9005491036802,-37.045955681185795,100 174.90054632792248,-37.04597391117224,100 174.9005459697248,-37.0459753734111,100 174.90053926276062,-37.045992960676436,100 174.9005378384674,-37.04599662564856,100 174.9005332046977,-37.04601465557728,100 174.90053019420552,-37.04602491643562,100 174.9005227902703,-37.04604237516729,100 174.9005215801303,-37.046044347673586,100 174.90050908111925,-37.04605980695108,100 174.9005070458125,-37.04606201079429,100 174.90049417991563,-37.04607732182722,100 174.9004824885264,-37.046090629378426,100 174.9004689172072,-37.04610551818773,100 174.9004638078425,-37.046110610380055,100 174.9004484545869,-37.046124292060064,100 174.90044199199158,-37.04612990255102,100 174.900426640301,-37.0461436472941,100 174.90042421483773,-37.046146167434415,100 174.90041205162655,-37.04616183763286,100 174.90040966680166,-37.046164589656804,100 174.90039420821168,-37.04617819640736,100 174.90039236195673,-37.04617973025827,100 174.90037679804612,-37.04619330714872,100 174.90037096448734,-37.04619790080593,100 174.90035332484456,-37.04620967140234,100 174.90034724685447,-37.04621352630472,100 174.90032996374154,-37.04622566161883,100 174.90032171019388,-37.046231056547526,100 174.90030298020008,-37.04624162334712,100 174.90029664246677,-37.04624484699308,100 174.90027710588242,-37.046254406442046,100 174.9002711023736,-37.04625719030555,100 174.90026366142442,-37.04626058755055,100 174.90025464922593,-37.04626545475199,100 174.90023574111444,-37.046275823405324,100 174.90022439170917,-37.04628201600732,100 174.90020594928245,-37.04629293329615,100 174.9001944040299,-37.046300831586585,100 174.900177547184,-37.04631337915327,100 174.90016422656097,-37.04632285882287,100 174.90014777560793,-37.04633567658114,100 174.90014274118195,-37.04634030339038,100 174.9001281319416,-37.04635460672266,100 174.90012122258338,-37.04636101569447,100 174.9001057654295,-37.04637468367339,100 174.90009020742428,-37.04638723835945,100 174.90007423670582,-37.046400512582814,100 174.90006040052847,-37.04641457008548,100 174.90004639059364,-37.046429235141765,100 174.90004327249034,-37.046432387365755,100 174.90002840011923,-37.04644655610142,100 174.90001211035678,-37.04645957224852,100 174.90001144680673,-37.046460017304746,100 174.8999933808247,-37.04647142424473,100 174.89998402517733,-37.04647703959823,100 174.89996547620817,-37.046487881045415,100 174.8999611820403,-37.04649045003999,100 174.89994263344644,-37.04650130679973,100 174.89993458266457,-37.0465058620484,100 174.89991565722934,-37.04651626157321,100 174.89990122085422,-37.04652419713659,100 174.89988177603843,-37.04653396956052,100 174.89986853978047,-37.046539529900045,100 174.89984794020756,-37.046547589421486,100 174.8998318678183,-37.04655462374707,100 174.89981180902822,-37.04656344791407,100 174.89979412644075,-37.046570526053564,100 174.89977381637547,-37.04657901354826,100 174.89976213787017,-37.046584592186,100 174.8997427125761,-37.046594427365626,100 174.89973523031125,-37.04659824434371,100 174.89971573146119,-37.04660792567378,100 174.89970309145716,-37.04661377026787,100 174.8996827806276,-37.04662227308151,100 174.89966683323956,-37.04662814360859,100 174.8996457207324,-37.046635204560346,100 174.89963176979478,-37.04663997236232,100 174.8996104902245,-37.04664660155766,100 174.8995917781442,-37.04665527883732,100 174.89957008597662,-37.046660151693374,100 174.89955827462316,-37.046663379147745,100 174.8995369539906,-37.046669128418706,100 174.89952605309043,-37.04667144089031,100 174.8995042650932,-37.0466759430328,100 174.89949217728244,-37.046679221775904,100 174.8994711362428,-37.046685677682,100 174.89945899639653,-37.04668957554615,100 174.89943802703445,-37.04669615557901,100 174.89942691983927,-37.04669916895078,100 174.89940534255234,-37.046704411272216,100 174.89939800854302,-37.04670605732988,100 174.89937629715226,-37.04671083672352,100 174.89936504400194,-37.046713543281484,100 174.89934361265648,-37.04671909240005,100 174.89934134274623,-37.04671969026092,100 174.8993200408045,-37.04672546893674,100 174.89931696527083,-37.04672640596891,100 174.8992959778133,-37.04673293759653,100 174.89928729717585,-37.0467353677114,100 174.8992655666403,-37.04674010142527,100 174.89926014633915,-37.04674075333994,100 174.8992378342099,-37.04674322058264,100 174.89921649244639,-37.04674884575557,100 174.899206441646,-37.046751205873214,100 174.8991847310148,-37.04675601676532,100 174.89917908450693,-37.04675729239224,100 174.89915748722657,-37.046762410609816,100 174.89914583855438,-37.04676526408324,100 174.89912435237574,-37.04677068966129,100 174.8991204133149,-37.046771672962606,100 174.8990989263691,-37.04677706790418,100 174.89908772838078,-37.04677991325406,100 174.89906624219347,-37.046785338821785,100 174.8990565023405,-37.046787678625755,100 174.89903493990647,-37.046792842229436,100 174.89902826643336,-37.04679455429829,100 174.8990067986249,-37.046799995784426,100 174.8990015836706,-37.046801217625465,100 174.8989800216328,-37.046806397436285,100 174.89897790871177,-37.04680702342077,100 174.89895688370697,-37.04681349430172,100 174.8989516040504,-37.04681487219998,100 174.89893010024218,-37.04682026828249,100 174.89892783185203,-37.0468209273995,100 174.89890698954025,-37.04682773603754,100 174.89890148248608,-37.04682964483431,100 174.89888115111668,-37.04683741959137,100 174.8988801750723,-37.046837823678366,100 174.89886031515672,-37.0468463335539,100 174.89885424372412,-37.04684851636637,100 174.89883356573384,-37.04685564772969,100 174.89882839221917,-37.04685772062722,100 174.89880865830563,-37.04686641414445,100 174.89880105798738,-37.04686973814121,100 174.89878150407463,-37.0468786613073,100 174.89877737864418,-37.046880468664405,100 174.89875841721144,-37.046890155655696,100 174.89875332819685,-37.04689408567556,100 174.89873861702108,-37.04690783256768,100 174.89872462927372,-37.046918889215924,100 174.89871609998232,-37.04692558992466,100 174.89870074923002,-37.04693875940446,100 174.89869620177777,-37.04694348561189,100 174.8986832514249,-37.046958270544586,100 174.89868040854995,-37.046961370558414,100 174.89866707108155,-37.04697591743472,100 174.89866619772155,-37.04697692284511,100 174.89865270013075,-37.046991361423444,100 174.8986511735349,-37.04699254943934,100 174.8986332702523,-37.047003549788485,100 174.89863103833582,-37.047004905921376,100 174.89861339856657,-37.04701610303875,100 174.89861243134183,-37.04701681612792,100 174.8985967098768,-37.04702973015235,100 174.89859515380263,-37.047031088984944,100 174.89858006917945,-37.04704447140218,100 174.89857066517257,-37.04705343304152,100 174.89855529676916,-37.047066573042535,100 174.8985437595551,-37.047073496741874,100 174.89852501713642,-37.04708358307116,100 174.89851793001952,-37.04708792000656,100 174.89850061114083,-37.047099451760424,100 174.89849339199063,-37.047104627213336,100 174.8984771752792,-37.0471171615913,100 174.89846478344862,-37.04712769424472,100 174.89844923920413,-37.047140727989806,100 174.89843270460523,-37.047152418426656,100 174.8984153879675,-37.04716399609866,100 174.89840660199278,-37.04717018985771,100 174.8983896576172,-37.047182086936225,100 174.89838001892855,-37.04718876121525,100 174.8983625586821,-37.047200171734154,100 174.89835128482017,-37.04720656484117,100 174.89833271965432,-37.04721681774757,100 174.89832172996105,-37.04722351454762,100 174.89830426933864,-37.04723491064329,100 174.8982954917225,-37.047240763569455,100 174.8982785296909,-37.04725263027078,100 174.89826793840797,-37.0472606059414,100 174.89825147307937,-37.04727291263448,100 174.8982373056922,-37.04728181889828,100 174.89821984502115,-37.0472932140812,100 174.89821638558487,-37.047295939097644,100 174.89820093012113,-37.04730906422358,100 174.8981950686254,-37.0473125901834,100 174.89817705492382,-37.04732340656447,100 174.89815936364877,-37.04733457289429,100 174.89814790809174,-37.04734261105697,100 174.89813133739,-37.04735484190838,100 174.8981146947279,-37.04736702794297,100 174.89811450825425,-37.047367170628696,100 174.8980975113228,-37.04737903786312,100 174.8980799253813,-37.047390280908516,100 174.89806732965042,-37.047397145793674,100 174.89804872724434,-37.04740730641851,100 174.89804299598762,-37.047411186299705,100 174.8980265482125,-37.047423523325314,100 174.89800994148572,-37.04743570877036,100 174.89799456207498,-37.04744466684894,100 174.89797601444712,-37.04745495096516,100 174.89797275820098,-37.04745685073828,100 174.8979547635837,-37.047467713648246,100 174.89793716112212,-37.04747897225926,100 174.8979342599645,-37.04748181091023,100 174.89791887765566,-37.047498914965644,100 174.8979027747083,-37.047513089612615,100 174.89788346348323,-37.04751695967242,100 174.8978816525443,-37.04751661911919,100 174.8978710110689,-37.04752524629604,100 174.89785504199318,-37.04753797941992,100 174.89785383776422,-37.047538928830726,100 174.89783747914933,-37.04755132659344,100 174.89782076592678,-37.04756343710617,100 174.89781163638628,-37.04756974537675,100 174.8977945842237,-37.04758152061848,100 174.89777918549274,-37.04759291068338,100 174.8977630218104,-37.04760550630645,100 174.89775528340812,-37.04761137230729,100 174.89773957963575,-37.04762428503569,100 174.89773297668066,-37.04763050330043,100 174.89771933900005,-37.04764488182656,100 174.8977112762332,-37.04765406799239,100 174.89769825397568,-37.04766877735977,100 174.89769308385715,-37.04767419577598,100 174.89767845814598,-37.047687911428646,100 174.89766285188054,-37.04769995463599,100 174.89764551663495,-37.04771151717309,100 174.89764521072146,-37.047711740182194,100 174.897628020994,-37.04772350227942,100 174.89761255531428,-37.047732477011685,100 174.8976098091037,-37.04773404324542,100 174.89760068920742,-37.047738166597,100 174.89758026629082,-37.04774571186654,100 174.89755948335858,-37.047752797822476,100 174.89755427573135,-37.04775494962404,100 174.89753434378673,-37.04776333695533,100 174.89751413534208,-37.047771187026406,100 174.89751106317726,-37.04777221679225,100 174.89748999943257,-37.04777850236893,100 174.89746877022776,-37.04778446522014,100 174.89745240919933,-37.047789816613665,100 174.8974316568458,-37.04779673171268,100 174.89741070228172,-37.04780324806379,100 174.89739894273683,-37.04780648979884,100 174.89737748906612,-37.047811837933814,100 174.8973557588126,-37.04781655507391,100 174.89735496653145,-37.04781670835146,100 174.89733313826028,-37.047821056621636,100 174.8973111387004,-37.047824802856375,100 174.89728902265117,-37.04782807055822,100 174.89728125842947,-37.04782919881271,100 174.8972590623469,-37.04783209735541,100 174.89723676394374,-37.04783440898254,100 174.8972311471476,-37.04783489540583,100 174.89720875980694,-37.04783648020081,100 174.8971863314955,-37.04783786465728,100 174.8971811117617,-37.047838266313555,100 174.8971587282767,-37.047840006060866,100 174.89713632487772,-37.04784166861079,100 174.89711805025175,-37.047842919013895,100 174.89709562000704,-37.04784422597245,100 174.8970731786337,-37.047845131125385,100 174.89706450708675,-37.0478453599617,100 174.89704201395458,-37.047845631422135,100 174.8970195318727,-37.04784566926508,100 174.89701878743594,-37.047845666751684,100 174.8969961624715,-37.04784493356103,100 174.8969736363053,-37.04784460076519,100 174.89695134390283,-37.04784588926832,100 174.89693021390283,-37.047849109586494,100 174.8969086709653,-37.04785439687524,100 174.89690521701726,-37.047855402988944,100 174.8968846089678,-37.04786251667457,100 174.89686422387794,-37.04787023066102,100 174.89684529155318,-37.047877222000864,100 174.89682429662187,-37.04788347481405,100 174.89681157772245,-37.04788585126546,100 174.89678931074843,-37.04788870398679,100 174.89677200463748,-37.04789114478521,100 174.89674980582225,-37.04789393512075,100 174.89673216687257,-37.04789565298677,100 174.89670980905498,-37.047897702285965,100 174.8967088938561,-37.047897796236654,100 174.8966866566942,-37.047900446571006,100 174.8966643797508,-37.047902944316554,100 174.89664499154094,-37.04790463155966,100 174.89662258079713,-37.047906000306725,100 174.896618427888,-37.04790616586215,100 174.89659596002667,-37.04790673065751,100 174.89657349099878,-37.047907248599714,100 174.89655177176996,-37.047907939313774,100 174.89652940241393,-37.04790957056076,100 174.89650808391588,-37.047912266558356,100 174.89648627394982,-37.04791663060403,100 174.8964673987788,-37.04792126677675,100 174.8964467918335,-37.047928427236755,100 174.89643032305463,-37.04793745030328,100 174.89641144761913,-37.04794713645043,100 174.89640115421417,-37.047950150048585,100 174.89637922319855,-37.04795453043109,100 174.8963720582339,-37.04795601857695,100 174.89635021104868,-37.0479602885565,100 174.8963283635021,-37.04796454411706,100 174.89631992454727,-37.0479663031912,100 174.89629821141708,-37.04797103518686,100 174.89627660862172,-37.047975998850895,100 174.89626599278404,-37.04797861741593,100 174.89624454009785,-37.047984010396405,100 174.89622304989695,-37.04798929671821,100 174.8962025088826,-37.04799382158459,100 174.896180813765,-37.0479985550735,100 174.89617661190593,-37.04799946496792,100 174.8961549730843,-37.04800438231839,100 174.89613363069714,-37.048010006050674,100 174.89611331963428,-37.04801658759519,100 174.89609280533975,-37.04802399437026,100 174.8960859066187,-37.048026376837676,100 174.89606535630935,-37.04803373731626,100 174.8960451851463,-37.0480416487328,100 174.8960276891379,-37.04804920372664,100 174.89600847467247,-37.04805855363801,100 174.89599183459927,-37.04806702237992,100 174.8959740333141,-37.04807799005843,100 174.89596038723184,-37.04808888409782,100 174.89594555087604,-37.048102510074074,100 174.8959320251654,-37.04811467211651,100 174.89591708000938,-37.04812812858171,100 174.89590343776558,-37.04813917757676,100 174.8958885979154,-37.04815266390051,100 174.89588117215777,-37.048162381442225,100 174.8958696601979,-37.048177883948156,100 174.8958637313698,-37.048184043565534,100 174.89584841663554,-37.04819728961832,100 174.89583726245056,-37.048205569699505,100 174.89581990842032,-37.048217070985324,100 174.89580897510533,-37.048224557093896,100 174.8957913878369,-37.04823576828039,100 174.89577948065707,-37.04824248221789,100 174.89576059048682,-37.04825226043087,100 174.89574773784813,-37.04825925355868,100 174.89572841565095,-37.048268434801884,100 174.89571686665047,-37.0482724165779,100 174.89569575054176,-37.048278733319755,100 174.89568686321383,-37.04828181631428,100 174.8956662748806,-37.04828905385445,100 174.89565594240585,-37.048292533984785,100 174.89563496798877,-37.04829898725123,100 174.8956243015438,-37.04830165343591,100 174.89560273687925,-37.04830675426781,100 174.89558890669232,-37.048310884253404,100 174.89556778708754,-37.04831706132718,100 174.89554781498273,-37.048320865863424,100 174.895526022396,-37.0483252123317,100 174.8955114286515,-37.04832934009119,100 174.89549107696777,-37.048337006442594,100 174.89547562337964,-37.0483444935627,100 174.89545755811693,-37.048355341905804,100 174.89544447804928,-37.048363500410616,100 174.89542815181431,-37.04837586668439,100 174.89541924505434,-37.04838463356245,100 174.89540603072317,-37.04839928356319,100 174.89540081556993,-37.04840434658791,100 174.89538659443517,-37.04841830155178,100 174.8953773006585,-37.0484287330024,100 174.895364488038,-37.04844353070087,100 174.8953577642488,-37.04845041682691,100 174.8953441596464,-37.04846474768888,100 174.89534343674256,-37.04846556590449,100 174.89533153785658,-37.04848084381024,100 174.89532738188416,-37.04849101379102,100 174.89532354060808,-37.0485089533495,100 174.8953196150397,-37.048521876722184,100 174.89531601039994,-37.04853961060769,100 174.8953160869209,-37.04855258719208,100 174.8953180341181,-37.04857061089974,100 174.895319182036,-37.04858728641875,100 174.89532053799383,-37.04860527360856,100 174.8953207826741,-37.04860977619432,100 174.89532188015488,-37.04862781438231,100 174.8953239629187,-37.04864572776725,100 174.89532683024763,-37.048662589415976,100 174.89533238047116,-37.04867999223098,100 174.89533282631953,-37.04868110001295,100 174.89534166288192,-37.04869771755197,100 174.89535351574273,-37.04871313592703,100 174.89536006188592,-37.04872003710985,100 174.89537457261426,-37.048733860067976,100 174.89538392444211,-37.048743933147286,100 174.89539700305238,-37.04875858655396,100 174.89540492987777,-37.04876724483315,100 174.89541806056218,-37.048781866760955,100 174.89542673692281,-37.048791952434435,100 174.89543915040568,-37.04880698870269,100 174.89544002897398,-37.04880808866719,100 174.89545194696265,-37.04882336628944,100 174.89546390056563,-37.04883862892045,100 174.89546930821876,-37.04884510034673,100 174.895481772661,-37.04886010515157,100 174.89548936797252,-37.048869945819796,100 174.895500568012,-37.04888556208292,100 174.89550876854946,-37.048897899589655,100 174.89551894196902,-37.048913967586415,100 174.89552495604184,-37.048922983599475,100 174.89553500926397,-37.04893910128465,100 174.8955366585077,-37.04894243316561,100 174.89554515162448,-37.04895911836675,100 174.89554671802702,-37.04896128979705,100 174.89555935369543,-37.048976215245915,100 174.8955653259434,-37.04898431800792,100 174.89557587620692,-37.049000255596894,100 174.89557835454667,-37.04900409968302,100 174.89558830437974,-37.04902026408063,100 174.8955941278163,-37.04902988790853,100 174.89560392409035,-37.04904611694872,100 174.89560995239765,-37.0490556590882,100 174.89561952582778,-37.049071970101785,100 174.8956209180384,-37.04907473286351,100 174.89562875756613,-37.049091631296896,100 174.8956329070233,-37.04909959554832,100 174.89564212050394,-37.049116036692425,100 174.89564539015896,-37.04912158600486,100 174.89565496279857,-37.0491378645811,100 174.89565867487894,-37.04914442889461,100 174.89566694366812,-37.04916117986118,100 174.89567013896917,-37.04917033916279,100 174.89567575904238,-37.04918778771006,100 174.89568085818246,-37.049199438415044,100 174.8956819782577,-37.049203691767936,100 174.89568416644138,-37.049221680069145,100 174.8956847864209,-37.049225990085716,100 174.89568704315136,-37.04924393132488,100 174.895687559427,-37.049248909059045,100 174.89568900318517,-37.049266895739535,100 174.89568931936523,-37.04927404519755,100 174.89569008838095,-37.0492920742086,100 174.8956906545024,-37.04929819669706,100 174.89569296181745,-37.04931613712732,100 174.89569479265796,-37.04932925330937,100 174.8956977222305,-37.0493471207022,100 174.89569937617054,-37.04935629021933,100 174.89570287557603,-37.04937410163601,100 174.8957043264865,-37.04938220635894,100 174.8957080678959,-37.04939998236164,100 174.89570981428648,-37.049406223882805,100 174.895715504077,-37.04942367131286,100 174.89571821106802,-37.04943209484625,100 174.89572384877718,-37.049449527786194,100 174.89572488455582,-37.04945319483891,100 174.8957303488089,-37.04947066119524,100 174.89573258451986,-37.0494757799875,100 174.89574095789715,-37.04949252927564,100 174.8957432307402,-37.049497739406625,100 174.89575064143477,-37.049514753741946,100 174.8957513753035,-37.049516274219584,100 174.89575985017092,-37.049532944372174,100 174.89576723672442,-37.04954971123495,100 174.8957704832198,-37.04955699501271,100 174.89577877008858,-37.0495737465819,100 174.89578030094927,-37.049576522447126,100 174.89579025090455,-37.049592686823004,100 174.89579202648028,-37.049595536287995,100 174.89580220043922,-37.049611619570335,100 174.89580931855008,-37.04962365259241,100 174.89581873812853,-37.049640012012716,100 174.89582240883675,-37.04964631290087,100 174.89583206853686,-37.049662606291946,100 174.89583400766142,-37.049665746965296,100 174.89584400968442,-37.04968187895838,100 174.8958441717057,-37.049682108903525,100 174.8958541396733,-37.04969827298552,100 174.89585586697868,-37.04970062840794,100 174.89586742678054,-37.049716098278374,100 174.8958752582509,-37.049731402423305,100 174.89588399173832,-37.04974486160991,100 174.8958954549111,-37.04975870707873,100 174.89589771189685,-37.04976205898137,100 174.89590740647301,-37.04977835180811,100 174.8959174865298,-37.04979291879322,100 174.8959180300834,-37.0498071262922,100 174.89591406359918,-37.049824278329105,100 174.8959109703369,-37.04983851873031,100 174.8959102431288,-37.049842960239864,100 174.89590702305247,-37.049860780825014,100 174.89590623189298,-37.04986482137755,100 174.89589851403173,-37.04988160526663,100 174.89589724581722,-37.04988274224973,100 174.89587766246743,-37.049891882629666,100 174.89587538095356,-37.04989269692256,100 174.89585405990218,-37.04989852215946,100 174.895845037548,-37.04990111161138,100 174.89582411979936,-37.049907735255864,100 174.89582255859276,-37.04990830459693,100 174.89580236967345,-37.049916200938,100 174.8957970867566,-37.049918136654505,100 174.89577649835792,-37.049925388639124,100 174.89577251967015,-37.049926821311495,100 174.89575202129032,-37.04993421155431,100 174.89574788945671,-37.04993577105312,100 174.8957275201351,-37.049943422408056,100 174.89572229389861,-37.04994551223867,100 174.89570166680738,-37.0499526107068,100 174.89569625666428,-37.04995368140288,100 174.89567394957623,-37.04995634889518,100 174.89566180580235,-37.04995821941843,100 174.8956399012766,-37.049962288298744,100 174.8956351176509,-37.049963457133785,100 174.89561356976287,-37.04996857302603,100 174.89560596610895,-37.0499698374069,100 174.89558358195066,-37.04997157687487,100 174.89557642626656,-37.04997154794014,100 174.89555401841997,-37.049969849325564,100 174.89553705230477,-37.04996830437855,100 174.89551488370716,-37.049965239168564,100 174.8955098180384,-37.04996433681483,100 174.8954880265224,-37.04995984061929,100 174.89546985507332,-37.049956039146984,100 174.89544797017052,-37.049951947317204,100 174.89543202756897,-37.0499497794228,100 174.8954097537487,-37.049947320646325,100 174.8954014529534,-37.04994655200961,100 174.8953792744538,-37.04994376633504,100 174.89536601125627,-37.04994077688804,100 174.89534509232132,-37.04993401978237,100 174.89534316680525,-37.04993327904276,100 174.89532321008332,-37.049924971643485,100 174.89531552871694,-37.04992211740985,100 174.89529495859202,-37.049914826559586,100 174.8952835529924,-37.04991070602966,100 174.89526351433088,-37.049902539630956,100 174.89525995126928,-37.04990083633401,100 174.8952411635749,-37.04989092936032,100 174.89523611958697,-37.04988827632559,100 174.89521743329482,-37.04987824154575,100 174.8952157961746,-37.049877296107006,100 174.89519736189024,-37.049866995018746,100 174.89519076538397,-37.04986390442501,100 174.8951709250701,-37.049855393248365,100 174.89516424091505,-37.049852304955046,100 174.89514491829408,-37.049843087895866,100 174.895135558774,-37.049838451559445,100 174.8951162039856,-37.049829297199125,100 174.89510472102938,-37.049824913807136,100 174.89508428306377,-37.049817373851866,100 174.89507549452532,-37.04981331513251,100 174.89505602259163,-37.04980433297955,100 174.8950459083466,-37.049800591968676,100 174.89502502470197,-37.04979384956372,100 174.89500579002427,-37.04978721780452,100 174.89498494082775,-37.049780458618585,100 174.89497483277026,-37.04977755390823,100 174.8949535084652,-37.04977181086176,100 174.89495291526922,-37.049771650895636,100 174.8949338890019,-37.04976630014583,100 174.8949153385131,-37.04976253709048,100 174.8948967704003,-37.04975878873457,100 174.8948782524516,-37.04975493231965,100 174.89485983249193,-37.04975085622183,100 174.89484157527744,-37.04974640618568,100 174.8948321718814,-37.04974393815025,100 174.89481397288014,-37.0497391158445,100 174.89479597102473,-37.04973385596002,100 174.89477824981375,-37.049728079651125,100 174.89476090810493,-37.0497216474398,100 174.89475442769944,-37.04971901913552,100 174.89473808534288,-37.04971112797489,100 174.89472214197858,-37.049702595923044,100 174.89470629971947,-37.04969396941992,100 174.89469019205,-37.04968574823289,100 174.89468231539666,-37.0496821381835,100 174.8946650609757,-37.04967568834001,100 174.89464735857436,-37.04966998922243,100 174.89462930851366,-37.049664869783705,100 174.89461100958368,-37.04966018784278,100 174.8945925980743,-37.049655771778134,100 174.89458968649524,-37.04965507922517,100 174.89457142893704,-37.04965061383028,100 174.8945530733481,-37.04964636631035,100 174.8945346350875,-37.04964227603292,100 174.89451619754558,-37.04963821458271,100 174.89451213677614,-37.04963729613328,100 174.89449376471393,-37.049633064189294,100 174.89447540877464,-37.049628802242026,100 174.89445705131004,-37.049624524092856,100 174.89443871257484,-37.04962023031956,100 174.89442037271755,-37.04961593656131,100 174.89441664276436,-37.049615072310026,100 174.8943984169409,-37.04960989255232,100 174.89438020762566,-37.04960465304235,100 174.89436193664696,-37.04959969211463,100 174.89434357993832,-37.04959539861355,100 174.8943251118648,-37.04959209831751,100 174.89431221766498,-37.04959060442172,100 174.8942932959926,-37.049589728650325,100 174.894274251446,-37.04959006167814,100 174.8942550962929,-37.0495914185428,100 174.89423596076347,-37.04959351956413,100 174.89421692600837,-37.04959614623286,100 174.8942115265674,-37.04959696883294,100 174.8941927770607,-37.04959985231868,100 174.89417410725267,-37.049603137409306,100 174.89415543858513,-37.04960646844506,100 174.89414950762477,-37.049607486100314,100 174.89413074053166,-37.04961038608055,100 174.8941119542476,-37.0496131926292,100 174.89410926220356,-37.049613596143246,100 174.89410782044803,-37.04961345242899,100 174.89408873128215,-37.049611493234394,100 174.89406968358645,-37.049609845223955,100 174.894050748096,-37.049609092211234,100 174.89403514665526,-37.049609923610625,100 174.8940166406738,-37.04961224527519,100 174.89399827377005,-37.04961581932438,100 174.89398003677516,-37.049620367403215,100 174.8939618698951,-37.049625610162586,100 174.8939437512572,-37.04963130099581,100 174.8939256192679,-37.04963717860847,100 174.8939074516294,-37.049642979275916,100 174.8938892219513,-37.04964845556231,100 174.89387633363913,-37.04964905344067,100 174.89385498722353,-37.04964947363239,100 174.89383345924495,-37.049649556028434,100 174.89381212507595,-37.04964979034923,100 174.89379136117225,-37.04965061943058,100 174.89377157914709,-37.04965249816537,100 174.89375312074085,-37.04965592041703,100 174.89373641397847,-37.04966132279084,100 174.89372180132116,-37.04966918291567,100 174.89370969139458,-37.04967992598992,100 174.89370478550447,-37.04968612955467,100 174.89369995154956,-37.049691200839995,100 174.89368673177054,-37.04970121986413,100 174.8936712858295,-37.04970903290111,100 174.8936540092861,-37.04971512754613,100 174.89363543294465,-37.04971995859095,100 174.89361598729874,-37.049724016678546,100 174.89359611808533,-37.04972777238024,100 174.89357628603832,-37.049731666285304,100 174.89355695793225,-37.04973620107653,100 174.89353857734451,-37.049741850965766,100 174.89353320405192,-37.04974490293212,100 174.89351823033985,-37.04975416310682,100 174.8935037770466,-37.04976404858418,100 174.8934896462739,-37.04977437865889,100 174.89347574984737,-37.04978499881407,100 174.89346192542976,-37.04979575661807,100 174.89344799529277,-37.04980642327451,100 174.8934338507116,-37.049816877041145,100 174.89343105953307,-37.049818676432636,100 174.8934160559196,-37.04982813716048,100 174.8934008577764,-37.04983741712706,100 174.89338553476554,-37.049846559383816,100 174.89337012329875,-37.049855626440355,100 174.893354693441,-37.04986467756513,100 174.89333930030926,-37.049873758745804,100 174.89332399530795,-37.04988294757479,100 174.89330881514437,-37.04989227320898,100 174.8932974665991,-37.049899766619916,100 174.8932828195199,-37.04990959387604,100 174.89326819308985,-37.049919482990404,100 174.8932535643679,-37.04992932527202,100 174.89323882882505,-37.049939077324574,100 174.89322391554566,-37.049948645643646,100 174.89321036817614,-37.049956843812616,100 174.8931949386414,-37.04996586426759,100 174.89317934750952,-37.04997471695462,100 174.8931636315102,-37.04998343193148,100 174.8931478079291,-37.0499920260469,100 174.8931319138541,-37.05000054377376,100 174.89311598452798,-37.05000904583784,100 174.8931000536937,-37.05001753260179,100 174.89308414236706,-37.05002603527563,100 174.89307790519706,-37.050031068547554,100 174.89307353962099,-37.05003743380767,100 174.89307013059292,-37.050043919895245,100 174.89306789326992,-37.05004823407568,100 174.89306565567279,-37.050054483350095,100 174.89306384629623,-37.050061856018516,100 174.89306065387623,-37.050073077680125,100 174.89306012528314,-37.050077826050725,100 174.8930607343012,-37.0500868599669,100 174.89305908803914,-37.0500944616655,100 174.89305742288036,-37.050099447193766,100 174.89305663234788,-37.050111122625516,100 174.89305544077848,-37.05012141104986,100 174.89305517570594,-37.05012694475227,100 174.89305551081208,-37.05013418675109,100 174.89305300948797,-37.050142810652055,100 174.8930513428676,-37.0501490499109,100 174.89304937481452,-37.050154380965,100 174.89304844208712,-37.050163999197395,100 174.89304663604761,-37.0501695602006,100 174.8930466638346,-37.050173756206654,100 174.89304456021205,-37.05017919758053,100 174.89303920215877,-37.05018852232484,100 174.89303511335413,-37.050194215302945,100 174.89303087133692,-37.05019935372349,100 174.89302648465647,-37.05020618258659,100 174.89302068870032,-37.05021155040544,100 174.8930162885613,-37.05021724925366,100 174.8930114929117,-37.05022431808061,100 174.89300637432672,-37.050229115379885,100 174.89300112741256,-37.05023359025955,100 174.89299616576065,-37.05023714576694,100 174.8929919240532,-37.05024102957255,100 174.89298694488946,-37.050245826448226,100 174.89298041696344,-37.05024974854751,100 174.89297373781713,-37.050253196272784,100 174.89296761465377,-37.05025666396503,100 174.89296150147374,-37.05025989986369,100 174.89295440728466,-37.050265289302146,100 174.89294572844003,-37.05027035072382,100 174.89293792734043,-37.050275846080844,100 174.89292983142983,-37.0502826007515,100 174.8929218755931,-37.05028811389934,100 174.892912941834,-37.05029590491646,100 174.8929045637178,-37.050303113838034,100 174.89289820124833,-37.05030735956238,100 174.89289122506216,-37.05031387824435,100 174.89288684938603,-37.050318570847374,100 174.8928809009597,-37.050324048347676,100 174.89287264951915,-37.05032956711159,100 174.89286754621688,-37.05033425600515,100 174.89285959995468,-37.05034010968721,100 174.89285135889912,-37.05034663503527,100 174.89284512090637,-37.05035100314944,100 174.89283788084933,-37.05035740166048,100 174.89283365852523,-37.05036582319321,100 174.89283127957916,-37.05037195124121,100 174.8928303137133,-37.05037783772038,100 174.8928286905676,-37.05038881531408,100 174.8928267509891,-37.050397103974426,100 174.89282397432498,-37.05040582600026,100 174.89282344317638,-37.05041364063081,100 174.89281982459667,-37.05042644906521,100 174.89281661067602,-37.05043689774859,100 174.8928152378051,-37.050444370701136,100 174.89281287588423,-37.050453673754475,100 174.89281149184146,-37.05046010858847,100 174.89280826516247,-37.050468187959346,100 174.89280506689266,-37.05047795410903,100 174.89280168359215,-37.050486020657324,100 174.8927974534329,-37.0504915924054,100 174.89279164529225,-37.05049968503553,100 174.8927867382795,-37.05050901699085,100 174.89278263797297,-37.05051492735709,100 174.89277543607835,-37.05052652935752,100 174.892768513639,-37.0505356654491,100 174.89276214954614,-37.05054622930034,100 174.8927556581409,-37.05055275465834,100 174.89275113941991,-37.050561738822765,100 174.8927433276527,-37.050569386640255,100 174.89273897152134,-37.05057541014508,100 174.89273344479105,-37.050582383374014,100 174.8927290491783,-37.05058763239117,100 174.89271970176532,-37.050594843249854,100 174.89271001153514,-37.050600928448276,100 174.8927030873924,-37.050607461610916,100 174.89269554775225,-37.050612393974085,100 174.8926890190657,-37.05061687577666,100 174.89268163606653,-37.05062182186251,100 174.8926731026732,-37.05062653935096,100 174.8926641554199,-37.050633201237034,100 174.89265464904716,-37.05064030557027,100 174.89264526747638,-37.05064627768176,100 174.89263803768173,-37.050651778322965,100 174.8926324808641,-37.0506556849059,100 174.8926253992871,-37.05066153919423,100 174.89261743801663,-37.0506662475485,100 174.89261019903506,-37.05067264602875,100 174.8926053848323,-37.05067779356554,100 174.89259998016425,-37.05068225742579,100 174.89259348682756,-37.05068933980887,100 174.89258895559317,-37.05069401866017,100 174.89258283782834,-37.0506983848422,100 174.89257673682047,-37.05070206757164,100 174.89256806562278,-37.0507080283409,100 174.8925638115766,-37.050711462580026,100 174.89255611293675,-37.05071438577175,100 174.89254799217088,-37.050716385558324,100 174.89253887268447,-37.05071738191223,100 174.89253030646321,-37.0507170210928,100 174.89252188727895,-37.05071574400888,100 174.89251342823727,-37.05071426566934,100 174.8925052935641,-37.05071321567805,100 174.89249371569983,-37.05070980965505,100 174.89248002133922,-37.05070815978748,100 174.89246915287208,-37.05070850536664,100 174.89245874744356,-37.05070997288409,100 174.89244680427333,-37.05071540091258,100 174.89243554530694,-37.050718586404955,100 174.89242344113617,-37.05072061099003,100 174.8924138650643,-37.05071947763928,100 174.8923984181818,-37.0507145443531,100 174.8923852429503,-37.050709710012185,100 174.8923750789066,-37.05070541256529,100 174.8923646364449,-37.05070167656304,100 174.89235520697787,-37.05069951879478,100 174.8923424826375,-37.0506972639836,100 174.8923304881847,-37.05069569242672,100 174.89232021142823,-37.05069681718776,100 174.89231037928639,-37.05069895602587,100 174.89230025844338,-37.050701332906144,100 174.89229044782456,-37.05070492699763,100 174.89228162024807,-37.05070898399321,100 174.89226979949163,-37.050712504703995,100 174.8922569954418,-37.050717499404826,100 174.89224703547532,-37.050721328410894,100 174.89223849401017,-37.050725722430755,100 174.89223038018554,-37.05072863600246,100 174.89221913120713,-37.05073281274433,100 174.89220989071202,-37.050735049389004,100 174.8921951797854,-37.05073679377784,100 174.89218164953678,-37.05073930706302,100 174.89216853397562,-37.05074171999534,100 174.89215671172641,-37.05074522629797,100 174.89213775704076,-37.050749507046014,100 174.89212520249987,-37.05075155410826,100 174.89211538871214,-37.05075311941109,100 174.89209443423752,-37.050756475778705,100 174.89207596064523,-37.0507638285815,100 174.89205389330692,-37.05076701883146,100 174.8920409113138,-37.05076738457054,100 174.89201842491642,-37.05076791815977,100 174.89200093025516,-37.05076796111778,100 174.8919784415661,-37.0507690364169,100 174.8919568566124,-37.050769599777304,100 174.89193596591448,-37.050768958738125,100 174.89192007124893,-37.05076985672938,100 174.89191007810481,-37.050768637157454,100 174.89190426552574,-37.05076383041902,100 174.89189675925215,-37.050752810101756,100 174.8918769263447,-37.05074454701346,100 174.8918557168102,-37.050738582564094,100 174.8918430472167,-37.050735769822836,100 174.89182147240027,-37.05073035557907,100 174.8918068662053,-37.05072766836251,100 174.89178450720945,-37.05072586010168,100 174.89176187067534,-37.050726007576934,100 174.89175512235903,-37.05072626573783,100 174.89173260535216,-37.05072697010654,100 174.8917101293131,-37.050728509322056,100 174.8916987247241,-37.05072954476457,100 174.89167620198842,-37.05073128660958,100 174.89165395003033,-37.050734106591975,100 174.8916450227861,-37.050735781193275,100 174.89162368232158,-37.050741481605236,100 174.89160266169793,-37.050748153019235,100 174.89160206047526,-37.050748349177674,100 174.89158050675124,-37.05075388444039,100 174.89155940678998,-37.05076016865214,100 174.8915536614762,-37.05076228280313,100 174.89153433507425,-37.05077138592802,100 174.8915161468264,-37.05078217255053,100 174.8914994896883,-37.05079325921837,100 174.8914821708135,-37.050804822409695,100 174.8914653493692,-37.050816855353844,100 174.89145667270384,-37.05082327939798,100 174.89143994201243,-37.05083543527053,100 174.89142370570974,-37.050847938368015,100 174.8914179267609,-37.05085263887706,100 174.89140296456895,-37.05086614192274,100 174.89138803647296,-37.05087965974491,100 174.89138605668018,-37.05088135241375,100 174.89136960706168,-37.05089368856035,100 174.89135276831684,-37.05090570554132,100 174.89134366814363,-37.050912464404384,100 174.89132817437823,-37.05092557303734,100 174.8913129651603,-37.05093891056706,100 174.89130580686032,-37.05094512201463,100 174.89128969575452,-37.05095777812103,100 174.89127535194768,-37.050969830111505,100 174.8912614834339,-37.05098404214593,100 174.89124938603692,-37.050997169611875,100 174.89123470719335,-37.05101090065343,100 174.8912206801203,-37.05102502237786,100 174.89122020874353,-37.051025557154965,100 174.89120952057584,-37.051038876653585,100 174.8912020548856,-37.05104969322928,100 174.8912036417879,-37.051060259093525,100 174.89121801157117,-37.051069547665776,100 174.89123516949576,-37.05107559666761,100 174.89125039293512,-37.05108634164208,100 174.89125418120412,-37.051102056674694,100 174.8912537704636,-37.05112002882654,100 174.8912512855826,-37.05113439821277,100 174.8912486920118,-37.05115236191175,100 174.89124670704646,-37.05116091354953,100 174.89124072051123,-37.051178317570844,100 174.89123760813146,-37.051185528027695,100 174.89122921358256,-37.05120232331576,100 174.8912248409348,-37.05121158359586,100 174.8912186272964,-37.05122894437004,100 174.89121566743464,-37.0512398531296,100 174.8912122562635,-37.051257722611055,100 174.89121013843769,-37.05126708302984,100 174.89120388918636,-37.05128441372692,100 174.89120295486418,-37.05128700093476,100 174.89119728195016,-37.05130449188513,100 174.8911956729946,-37.05131093209045,100 174.89119312960804,-37.05132887966561,100 174.89119202424513,-37.05133599232136,100 174.89118701231055,-37.051353610629675,100 174.891185665995,-37.05135885332622,100 174.89118336539775,-37.05137679702945,100 174.89118185397294,-37.05139192330432,100 174.89117863425574,-37.05140980505365,100 174.89117532749685,-37.05142386307618,100 174.8911705242839,-37.051441509600785,100 174.89116707953676,-37.05145177535296,100 174.89116008196459,-37.05146894943754,100 174.89115896114205,-37.051471679320414,100 174.89115279955598,-37.05148905458294,100 174.89115129009375,-37.051493432830576,100 174.89114214105652,-37.05150923519475,100 174.89113710725314,-37.05152665285971,100 174.89113557877138,-37.05153479523673,100 174.89113193777567,-37.05155246739052,100 174.891128523468,-37.051568308995506,100 174.89112341996747,-37.051585727771204,100 174.89111872930067,-37.05160179342236,100 174.89111439245985,-37.051619383837576,100 174.89111214185198,-37.05163277337738,100 174.89111117235865,-37.05165061563746,100 174.89111129697378,-37.05166854770557,100 174.8911112970736,-37.05167172298172,100 174.8911112658269,-37.05168967285721,100 174.89111008181948,-37.05170598542751,100 174.89110626468346,-37.051723583778504,100 174.8911007096885,-37.05174098000959,100 174.89109934303795,-37.051744860264606,100 174.8910935789122,-37.05176216699629,100 174.89108733989417,-37.05177796441332,100 174.89107897474707,-37.05179458887602,100 174.89107062682086,-37.05181118241936,100 174.8910694374237,-37.051813913394795,100 174.89106332367498,-37.05183113376737,100 174.89105860426017,-37.051848669893566,100 174.89105687430097,-37.0518563972791,100 174.89105286794273,-37.05187402928962,100 174.89104997371834,-37.05189179768872,100 174.89104924779474,-37.05189820578546,100 174.89104819213676,-37.05191606564186,100 174.89104800349435,-37.05193397206033,100 174.89104793523052,-37.05194291043327,100 174.89104740033636,-37.0519608205702,100 174.89104665832633,-37.05197872229275,100 174.89104615652076,-37.05198763603314,100 174.89104466769993,-37.05200548657286,100 174.89104283123405,-37.05202333003766,100 174.89104087519323,-37.05204115828438,100 174.8910406512452,-37.05204314471388,100 174.8910395120799,-37.05206108341314,100 174.89103765832638,-37.052078910028726,100 174.89103617655115,-37.05208748518428,100 174.89103166506624,-37.05210501799346,100 174.89102555204872,-37.05212226899624,100 174.89102548656751,-37.05212239441966,100 174.89101827406503,-37.05213933938716,100 174.89101025847938,-37.05215605020347,100 174.8910070958276,-37.05216268732787,100 174.89099937704222,-37.05217948624476,100 174.89099197191948,-37.052196372993635,100 174.89099190605802,-37.05219648310101,100 174.8909847643734,-37.05221347290354,100 174.89097828408075,-37.052230606281995,100 174.89097436598487,-37.05224255328843,100 174.89096910616684,-37.052259974549145,100 174.8909649079663,-37.05227758077343,100 174.89096197956357,-37.052295332590006,100 174.89096168823633,-37.052298002377256,100 174.8909598528262,-37.05231584402087,100 174.8909593367248,-37.05233378720512,100 174.8909599622384,-37.052351695061866,100 174.89096021702522,-37.052355345768085,100 174.89096170876135,-37.052373222688374,100 174.89096418583162,-37.05239101990542,100 174.8909656432439,-37.052399403987245,100 174.8909685350929,-37.052417194590525,100 174.8909723425694,-37.05243486063563,100 174.89097729661728,-37.05245142233292,100 174.8909843235981,-37.05246836557479,100 174.89099248535064,-37.05248504286488,100 174.89099935714404,-37.052498814204064,100 174.8910071749746,-37.05251558890939,100 174.8910146152252,-37.052532464271145,100 174.89101522683507,-37.05253390921592,100 174.8910218582805,-37.05255099936475,100 174.8910281289616,-37.052568188099464,100 174.89102883902717,-37.052570065900504,100 174.89103528205627,-37.05258722124243,100 174.89104067721365,-37.052601528963656,100 174.89104372148773,-37.0526191621103,100 174.89104605884646,-37.052636947131624,100 174.89104698016104,-37.052647245106954,100 174.89104822915166,-37.052665126797066,100 174.89104831813555,-37.05268302788534,100 174.8910482040811,-37.0526858174226,100 174.89104629785368,-37.052703614229344,100 174.89104352538337,-37.05272139600712,100 174.8910419199453,-37.05273241926011,100 174.89104029099508,-37.05275024228951,100 174.89103916754684,-37.05276813477012,100 174.89103877414604,-37.05277788228533,100 174.89103842964968,-37.05279576144381,100 174.89103829382037,-37.05281366611653,100 174.89103822158526,-37.052818638834964,100 174.8910370969898,-37.05283653043238,100 174.89103664905727,-37.05285441033874,100 174.89103673301312,-37.052856886671634,100 174.8910382757287,-37.05287473213221,100 174.8910414609368,-37.052892470285414,100 174.89104148008465,-37.052892516847656,100 174.8910466325914,-37.05291000461533,100 174.89104927037934,-37.05292163528057,100 174.8910502807902,-37.05293964515345,100 174.89104728197523,-37.05295741431659,100 174.89104685195178,-37.05295880016136,100 174.89103937397698,-37.05297551772813,100 174.8910291942112,-37.05299166278828,100 174.89102861290638,-37.05299257155405,100 174.89101939244802,-37.05300894737149,100 174.891008839247,-37.05302468108294,100 174.8910063432109,-37.053027822253455,100 174.8909936733568,-37.053042818201966,100 174.8909783844028,-37.05305581627061,100 174.89097545861225,-37.05305777187406,100 174.89095691016968,-37.05306748169751,100 174.89093620094278,-37.05307476632552,100 174.89092946282295,-37.05307671241272,100 174.89090832461065,-37.0530822535528,100 174.8908866743783,-37.053086828548466,100 174.89087212424877,-37.05309004203612,100 174.8908506498121,-37.05309531182794,100 174.89082970350563,-37.05310156282207,100 174.89081843920042,-37.05310586405829,100 174.8907993575882,-37.053115025355154,100 174.89078132042496,-37.053125718429044,100 174.8907743754851,-37.05313020586357,100 174.8907572076128,-37.053141625942466,100 174.8907404862643,-37.05315350306909,100 174.89072863687116,-37.0531617784403,100 174.89071127441147,-37.053173015947294,100 174.89069371512514,-37.05318407092208,100 174.89068996751257,-37.0531863974364,100 174.89067298154006,-37.053198759164935,100 174.89065507753008,-37.053209200437266,100 174.89065039817515,-37.05321104789247,100 174.89062936519278,-37.05321471440594,100 174.89060665439186,-37.05321470873119,100 174.89058474777732,-37.053213667257346,100 174.89056243410033,-37.053214212246225,100 174.890540100135,-37.053214664720514,100 174.8905177849368,-37.053215148436884,100 174.89051321429062,-37.053215259152694,100 174.89049084163287,-37.053215557211026,100 174.89046851339558,-37.053216195248154,100 174.89044935609846,-37.05321750557657,100 174.89042723243475,-37.05321995285776,100 174.89040529373182,-37.053223464324866,100 174.8903883416177,-37.05322690531453,100 174.89036689197508,-37.053231817709694,100 174.89034574071962,-37.05323756175053,100 174.89032481461678,-37.05324390516803,100 174.89031402816124,-37.05324729924341,100 174.89029326330575,-37.05325384197624,100 174.89027262901746,-37.0532607070921,100 174.8902612650858,-37.05326453037263,100 174.8902407575558,-37.05327160977442,100 174.89022019567062,-37.05327862875069,100 174.89020090900695,-37.05328474232243,100 174.89017981323676,-37.053290593605496,100 174.89015855124825,-37.05329604555457,100 174.8901494160946,-37.053298373197045,100 174.89012828505193,-37.053304162843546,100 174.89010704259888,-37.053309722628015,100 174.8900925498035,-37.05331311987332,100 174.89007079682,-37.053317093389474,100 174.89004891207938,-37.05332069676488,100 174.89003067430593,-37.053323989650615,100 174.89000855748105,-37.053327938309785,100 174.88998747351494,-37.05333358657843,100 174.8899827413104,-37.05333538978479,100 174.88996465104867,-37.05334535443109,100 174.88994832475822,-37.053357796575504,100 174.889933482065,-37.05337061615296,100 174.88991783937664,-37.05338337186696,100 174.8899023578971,-37.05339628003341,100 174.88989052447442,-37.053405748387846,100 174.88987394425186,-37.053417746623076,100 174.8898571679257,-37.05342954609,100 174.88985145954584,-37.05343365775264,100 174.88983510870693,-37.053445837093534,100 174.88981902441347,-37.05345824471995,100 174.88980325951255,-37.053470925756166,100 174.88980093912545,-37.05347285455915,100 174.88978558092973,-37.05348583825782,100 174.8897704705121,-37.05349901899597,100 174.88976067402638,-37.05350759954626,100 174.88974545637964,-37.05352067383403,100 174.88974440744104,-37.05352159004526,100 174.88972901321753,-37.053534527443254,100 174.8897135477543,-37.053547403784805,100 174.88971187077064,-37.05354879597501,100 174.88969631763058,-37.05356162864646,100 174.88968247857332,-37.05357315956622,100 174.88966784796602,-37.05358678059192,100 174.88965254067236,-37.05359973281842,100 174.88964858122668,-37.05360254306814,100 174.8896302530626,-37.05361271334603,100 174.88961881855548,-37.05361899913877,100 174.88960248260116,-37.05363110160054,100 174.88958700177764,-37.05364404036027,100 174.88957951217628,-37.053650148828616,100 174.88956268180422,-37.053661904050756,100 174.88954556759737,-37.05367336906802,100 174.88952985466673,-37.05368415921576,100 174.88951373542673,-37.05369656735831,100 174.88949868347453,-37.05370743890333,100 174.8894808381557,-37.053718126923,100 174.8894619217134,-37.05372770357873,100 174.88944232278303,-37.05373633212248,100 174.889441397926,-37.053736719995385,100 174.88942170518368,-37.05374514813934,100 174.88940141688772,-37.0537526421079,100 174.88938419000496,-37.053758069290424,100 174.8893631369485,-37.053764245118565,100 174.88934230520292,-37.053768326402725,100 174.88931939278729,-37.05377171528468,100 174.88931306883944,-37.05377036944661,100 174.88930188658503,-37.05376238812819,100 174.88929700487358,-37.05375299504478,100 174.8892970633794,-37.05374111588841,100 174.88929218051388,-37.053733535336164,100 174.88927063643618,-37.05373564599845,100 174.88926607573268,-37.05373738335351,100 174.8892456936002,-37.05374463093312,100 174.88924220480266,-37.05374628721901,100 174.88922346521247,-37.053755968274366,100 174.8892101510953,-37.05376450206872,100 174.88919349639067,-37.05377631572915,100 174.88917780140636,-37.05378905685816,100 174.8891625682602,-37.05380219260766,100 174.88916226343662,-37.05380246154416,100 174.88914704672882,-37.05381553484018,100 174.88913191736708,-37.053828684254654,100 174.88911843971758,-37.053840102097986,100 174.88910261986666,-37.05385270640617,100 174.88909132468638,-37.05386157575728,100 174.88907867424626,-37.053871615852124,100 174.8890799197094,-37.05388746789504,100 174.88906306964194,-37.05389911430385,100 174.88906184686675,-37.053900004436606,100 174.88905295136794,-37.05391621900415,100 174.88905045523262,-37.05392443985924,100 174.88904489730194,-37.05394174230744,100 174.88904265660784,-37.05395105867869,100 174.8890392563301,-37.053968711612555,100 174.88903706157922,-37.05398164957404,100 174.88903282798265,-37.05399925539437,100 174.88902964367063,-37.05401654797328,100 174.88902961043735,-37.05403443659113,100 174.88902944695948,-37.05404752606187,100 174.88902597698225,-37.054065180105404,100 174.88902341879117,-37.054078109434855,100 174.88902253573573,-37.05409596562282,100 174.88902271083657,-37.05411386624407,100 174.88902273994947,-37.05411558455822,100 174.88902560149964,-37.05412141995577,100 174.88903381009564,-37.05413854457932,100 174.88904014021395,-37.054156010973735,100 174.88904128227085,-37.054161071603914,100 174.88904383826986,-37.05417925516252,100 174.88904441424708,-37.054183844417096,100 174.88904568999885,-37.05420209703862,100 174.88904564213226,-37.05420669713161,100 174.88904431907682,-37.05422494878806,100 174.88904394835882,-37.05422850130606,100 174.8890420347635,-37.05424670108072,100 174.88904232316509,-37.05425538411108,100 174.8890420563237,-37.05427360181842,100 174.88904099474559,-37.05427786384798,100 174.88903424655712,-37.05429537362609,100 174.88902783115768,-37.054312336422015,100 174.8890277472839,-37.05431244591393,100 174.8890154337545,-37.05432782263689,100 174.88901171900375,-37.054333927723626,100 174.88900256189703,-37.054350705259715,100 174.88899920786602,-37.054356074547876,100 174.88898742170124,-37.05437172227063,100 174.88898208238464,-37.054377343999086,100 174.88896675716393,-37.05439089939356,100 174.88896475962213,-37.05439260762761,100 174.8889488308615,-37.05440567781981,100 174.8889463591876,-37.054407765842186,100 174.8889313859143,-37.054421547260254,100 174.88892537562378,-37.054428590206896,100 174.8889125512043,-37.05444368213449,100 174.88890639001838,-37.054448993383694,100 174.8888895777213,-37.05446139806111,100 174.88888747405687,-37.054462998926944,100 174.88887074906785,-37.05447543285532,100 174.88886376679207,-37.05448051022421,100 174.88884684762488,-37.05449277779773,100 174.8888375235003,-37.05449964639277,100 174.88882067403324,-37.05451195881876,100 174.8888081011619,-37.05452037080474,100 174.88879128577275,-37.0545326520397,100 174.88878571167268,-37.054537876420625,100 174.8887715157631,-37.054552216861794,100 174.8887678453892,-37.054555486647885,100 174.88875175875603,-37.054568451172536,100 174.88874242695206,-37.05457501073685,100 174.88872511482498,-37.05458689699303,100 174.8887106294014,-37.054597589071705,100 174.88869618338157,-37.054611639663726,100 174.88868974795545,-37.05462085879684,100 174.88867460495896,-37.05463414807275,100 174.88866696969262,-37.05464132774541,100 174.88865208592316,-37.05465518521518,100 174.88864986777068,-37.054657067302955,100 174.8886336915184,-37.05466995662867,100 174.88862882281632,-37.054673743011726,100 174.88861211572416,-37.05468617661924,100 174.88860304736903,-37.05469225068343,100 174.88858593125468,-37.05470428882159,100 174.8885716786299,-37.05471720608953,100 174.8885643654145,-37.054723451387424,100 174.8885482603461,-37.054736400856456,100 174.88854183488968,-37.054741532430434,100 174.8885253046754,-37.0547541164301,100 174.88851894967556,-37.0547586880753,100 174.8885014237747,-37.054770346069695,100 174.88849914125842,-37.054771764109205,100 174.88848072683356,-37.054782554779,100 174.88847412251744,-37.054786232697865,100 174.88845499194844,-37.05479621458531,100 174.88844318073603,-37.05480205831966,100 174.88842329420225,-37.054810986002835,100 174.8884141473237,-37.054814800844454,100 174.88839342894673,-37.0548224258716,100 174.8883789070604,-37.054826705746194,100 174.88835758514315,-37.05483316508318,100 174.8883507490901,-37.05483593276769,100 174.8883309356691,-37.05484499807148,100 174.8883176488617,-37.05485074361386,100 174.88829785151253,-37.054859777110806,100 174.88829156311124,-37.054862953373465,100 174.8882725757492,-37.05487308887643,100 174.88827033993155,-37.05487430427697,100 174.88825145828056,-37.05488453092726,100 174.8882453705452,-37.054887455233825,100 174.88822571832668,-37.05489671894331,100 174.88821551440196,-37.05490239555992,100 174.8881972408846,-37.05491333896628,100 174.88819457995504,-37.05491482521469,100 174.88817609195362,-37.05492550885341,100 174.88816542808485,-37.05493213825188,100 174.88814808092357,-37.054943979016706,100 174.88814109855616,-37.0549490563452,100 174.88812509944887,-37.054962066260316,100 174.88811544504296,-37.05497140330916,100 174.888101212561,-37.05498568296549,100 174.8881009923641,-37.05498587304022,100 174.88808559524955,-37.054999351955715,100 174.88807822566065,-37.05500672835108,100 174.88806538375061,-37.055021851111505,100 174.888058003031,-37.0550320000797,100 174.88804702387083,-37.05504805126316,100 174.8880468737248,-37.05504825464332,100 174.8880350861129,-37.0550639013951,100 174.88802887231643,-37.05507108723849,100 174.88801578448502,-37.055086043563236,100 174.888014145347,-37.05508819402143,100 174.88800293676525,-37.055104109151934,100 174.8879988668919,-37.0551099107156,100 174.88798778122484,-37.05512588517622,100 174.88798295802346,-37.055131963714416,100 174.8879721687616,-37.05514801006526,100 174.88796758865203,-37.05516240012074,100 174.88796535858947,-37.05516511879136,100 174.88794872979426,-37.055177907073784,100 174.8879363581093,-37.05519117827611,100 174.8879355075241,-37.055192386038804,100 174.88792669785948,-37.05520926611844,100 174.88792488366983,-37.05521261178123,100 174.88791521688802,-37.05522916571509,100 174.88791196156492,-37.0552336672531,100 174.88790054192398,-37.05524946225602,100 174.88789317756178,-37.055265309869576,100 174.8878849120924,-37.055281188952314,100 174.88788268812988,-37.05528474393011,100 174.88787251387834,-37.0553011049493,100 174.88786609699602,-37.055318066806194,100 174.88785646391656,-37.05533393971779,100 174.88784957746427,-37.05535015015483,100 174.88784731367042,-37.05535482067332,100 174.887838101817,-37.055371536803264,100 174.88783649447396,-37.055374244657195,100 174.88782663538075,-37.055390708811466,100 174.88782141456502,-37.05540130016948,100 174.88781332062135,-37.05541838425792,100 174.88781190205196,-37.05542099537137,100 174.88780228845542,-37.05543756467287,100 174.88779494402758,-37.05544972564868,100 174.88779385827715,-37.0554518357493,100 174.8877857654464,-37.05546891981814,100 174.88778315809822,-37.05547306854416,100 174.88777245724663,-37.05548919188278,100 174.8877696913398,-37.05549511058051,100 174.88776234875112,-37.055512428759904,100 174.88775692650185,-37.055521336089186,100 174.8877462799893,-37.05553751984885,100 174.88774048238704,-37.05554857013304,100 174.88773205751548,-37.05556555222907,100 174.88772425422516,-37.0555799358985,100 174.88772163731298,-37.055585650332375,100 174.88771506333097,-37.055603172586046,100 174.8877134536204,-37.055608326602425,100 174.88770773329065,-37.05562603535583,100 174.88770761953037,-37.05562630034604,100 174.8876994730712,-37.055643354618475,100 174.88769441835916,-37.05565810913244,100 174.88769030537364,-37.055675061345944,100 174.8876885209734,-37.055683966646555,100 174.8876848009442,-37.0557019824472,100 174.8876827699111,-37.055708195887206,100 174.88767744864015,-37.055725944253254,100 174.88767609041815,-37.05574033979449,100 174.88767522752255,-37.05574427328044,100 174.8876701325873,-37.05576207933174,100 174.88766858366492,-37.055772636570616,100 174.88766646328324,-37.05579085583818,100 174.88766485354853,-37.055797915201,100 174.8876609600171,-37.055815918440345,100 174.88766067456342,-37.055824548418485,100 174.88766052994458,-37.05584281014328,100 174.8876603698345,-37.05584392759908,100 174.88765685922604,-37.0558619995509,100 174.88765669570174,-37.05586361457824,100 174.88765641319634,-37.05588189381983,100 174.88765641971688,-37.055882792311436,100 174.8876568813498,-37.055901058806896,100 174.88765721557633,-37.055908238644946,100 174.88765783346113,-37.055926502653186,100 174.88765658627264,-37.05594438084959,100 174.88765555849037,-37.05596262688886,100 174.88765605856716,-37.0559727783746,100 174.88765787131587,-37.05599102065961,100 174.8876589955546,-37.056005620937825,100 174.88766110168373,-37.05602381258653,100 174.88766276368025,-37.05603270358688,100 174.88766663073764,-37.056050708577146,100 174.88766740012946,-37.05605480084728,100 174.88767059468663,-37.0560728958562,100 174.88767363299385,-37.0560909933521,100 174.88767962982482,-37.05610831190015,100 174.8876854022156,-37.05612564934246,100 174.88768951138846,-37.05613981004149,100 174.88769362856564,-37.056157470357974,100 174.8876985993198,-37.056180350931996,100 174.88770095759463,-37.056188749554465,100 174.88770764189368,-37.05620585526662,100 174.8877182129414,-37.056229597565206,100 174.8877218614736,-37.05623696799628,100 174.88773837746086,-37.056265269068994,100 174.887747278074,-37.05628173112186,100 174.8877504310483,-37.05628811801119,100 174.8877588950527,-37.05630697365349,100 174.88776736747567,-37.056323582222106,100 174.88777183022958,-37.05633163459199,100 174.88778033181865,-37.05634615258236,100 174.88778839179636,-37.056362862351186,100 174.88779682247045,-37.056382414323934,100 174.88781299302258,-37.05641587811788,100 174.8878233661369,-37.056438029158144,100 174.88783377331345,-37.05646400476895,100 174.8878435777858,-37.05648503643274,100 174.88784996990384,-37.05650223871918,100 174.88785113489763,-37.056504959221726,100 174.88786052040638,-37.056522017416185,100 174.88787801416854,-37.05655759531312,100 174.88788101241343,-37.05656336456779,100 174.88789059979152,-37.05657958314028,100 174.88789264104457,-37.0565833108647,100 174.88790108059553,-37.056602538219735,100 174.8879113699567,-37.056618449087615,100 174.88791988273974,-37.05663082990809,100 174.8879289902389,-37.056647241784276,100 174.8879305998698,-37.0566497073501,100 174.8879409053698,-37.05666241203709,100 174.88794798496068,-37.056679400580485,100 174.88795067805071,-37.056686696084206,100 174.88796016355928,-37.05670297756049,100 174.8879622925199,-37.05670738526941,100 174.88796672042176,-37.05672115332376,100 174.88796905837103,-37.056738984358816,100 174.88796928733154,-37.05674613522636,100 174.88796948136525,-37.05676408241109,100 174.88796909327442,-37.05677401459704,100 174.88796810046264,-37.0567910370163,100 174.88796663963592,-37.05680805156431,100 174.8879606530995,-37.05682613680169,100 174.8879500645564,-37.05685977421435,100 174.88794181497457,-37.0568774799796,100 174.88793413183998,-37.05689435564298,100 174.887933584957,-37.05689592990591,100 174.8879297867363,-37.0569136035608,100 174.8879289280677,-37.05691834274205,100 174.88792568410662,-37.05693283409881,100 174.88792423051558,-37.05695073090273,100 174.88792370959138,-37.056959614288246,100 174.88792081563085,-37.05697742857053,100 174.8879199381477,-37.05698531088123,100 174.8879200800611,-37.05700324267188,100 174.8879214635707,-37.05702802890485,100 174.88792051436027,-37.057045994289275,100 174.88791989951613,-37.057063520825736,100 174.8879226185475,-37.05708134579404,100 174.88792422547237,-37.057093956425504,100 174.88792341334664,-37.05711187185855,100 174.88792270436915,-37.05712147116523,100 174.88792239550963,-37.05713941013176,100 174.88792252337115,-37.057151148418285,100 174.88792326995488,-37.05717541843174,100 174.8879247270348,-37.05719332658069,100 174.88792620401367,-37.057214533167425,100 174.88792565236602,-37.057232476900154,100 174.88792555538063,-37.05724421786475,100 174.88792948239578,-37.05729689756664,100 174.88793053891393,-37.05731411628916,100 174.88793086045226,-37.05733294291314,100 174.8879298587965,-37.05735087938889,100 174.88792984001077,-37.05735465883496,100 174.887931079582,-37.05737095982457,100 174.8879341367837,-37.05738908855355,100 174.8879339991214,-37.05741080394086,100 174.88793877120588,-37.05744231399471,100 174.88793958681956,-37.05746024857819,100 174.88793953699468,-37.05746477209006,100 174.8879382334444,-37.05749648161599,100 174.88793828768593,-37.05751441480091,100 174.8879408638097,-37.05753972192321,100 174.88794140403542,-37.05755766179189,100 174.88794115425455,-37.05756759357735,100 174.88793997795779,-37.05758551660949,100 174.88793770200888,-37.05761392844027,100 174.88793669922978,-37.057631864933235,100 174.88793458513598,-37.05768091844126,100 174.88793446777163,-37.05770082099214,100 174.88793376099662,-37.05771876719325,100 174.88793388509364,-37.05772146010169,100 174.88793689787838,-37.05773924794424,100 174.8879363830103,-37.057754047359126,100 174.8879312496451,-37.05778192063763,100 174.8879292628922,-37.057810158419294,100 174.88792366598406,-37.05784578213669,100 174.8879231588638,-37.057850685164915,100 174.88792255438287,-37.05786862973709,100 174.88792293108386,-37.057884373038746,100 174.88792409406202,-37.05790230209109,100 174.8879241495605,-37.057907535952125,100 174.88792194878036,-37.05792536893975,100 174.88791942975706,-37.057939754117285,100 174.88791753578397,-37.05795422127648,100 174.8879156149284,-37.0579734116703,100 174.88791209438264,-37.057991128670736,100 174.88790729997754,-37.05801167079315,100 174.88790669125376,-37.05802876370488,100 174.88790524879423,-37.05804325341857,100 174.88790605522613,-37.0580595468814,100 174.88790729252818,-37.05807512055732,100 174.88790764892056,-37.05809394662435,100 174.88791640096522,-37.05813743557038,100 174.88792081439206,-37.058154472864345,100 174.8879256697714,-37.058171872654725,100 174.88792735976443,-37.05818815114941,100 174.8879308631647,-37.05820808258063,100 174.88793389937751,-37.058227994410395,100 174.88793511405535,-37.058245921737246,100 174.8879351353393,-37.058263886088994,100 174.8879334091488,-37.05832019608391,100 174.88793282963996,-37.05832757793509,100 174.88792976138626,-37.058345349023035,100 174.88792120127036,-37.05838220241667,100 174.8879175593034,-37.058399921349434,100 174.88790998114655,-37.058439777559386,100 174.88790816688325,-37.05844697988051,100 174.8878952123526,-37.05848344537088,100 174.88788862784344,-37.058500595560204,100 174.88788565924284,-37.0585073692135,100 174.88787696294213,-37.0585239374342,100 174.88787515022278,-37.05852798067751,100 174.88786942017646,-37.05854534889681,100 174.88786869629496,-37.05854931081389,100 174.88786769310855,-37.058565961157015,100 174.8878656163312,-37.05858385255516,100 174.88786342632332,-37.058596358692235,100 174.88785903749053,-37.058613982258144,100 174.8878555728302,-37.05862928198366,100 174.8878541548378,-37.05864720976149,100 174.88785312641403,-37.05865717016432,100 174.88784920636135,-37.05867483223325,100 174.88784710752262,-37.05868176058226,100 174.8878392954731,-37.058703470153006,100 174.88783184790165,-37.05873856992649,100 174.88782678232315,-37.05875615919941,100 174.88782083396472,-37.05876930289837,100 174.88780920813406,-37.05878455859115,100 174.8877994371862,-37.05879602002934,100 174.8877888316427,-37.058811831802934,100 174.8877848591911,-37.05881735240509,100 174.8877723743319,-37.05883225223663,100 174.88776849571386,-37.058836113855854,100 174.88775326212652,-37.05884928098178,100 174.88774852104592,-37.058852693062015,100 174.88773074825014,-37.05886359688591,100 174.88772404582994,-37.05886746109333,100 174.88770637412716,-37.0588782695693,100 174.8876866465527,-37.05888671421456,100 174.88767649378886,-37.05889048462805,100 174.88765633380774,-37.058898316959066,100 174.88765296118646,-37.05889981632744,100 174.88763347865776,-37.05891025344043,100 174.8876121375375,-37.05891539616183,100 174.8875941530081,-37.05891916414717,100 174.8875740845123,-37.05892714913026,100 174.88756970654669,-37.058929240428576,100 174.88755023051604,-37.05893930518818,100 174.8875306308132,-37.058948010050436,100 174.8875262252362,-37.058949713326825,100 174.88750451601422,-37.058957247626246,100 174.88750270099698,-37.05895870327133,100 174.8874814291489,-37.05896768620282,100 174.88746601782384,-37.05897558983186,100 174.88745061222073,-37.05898494986689,100 174.88743384737967,-37.058994689349305,100 174.8874162059175,-37.059001501843206,100 174.8873947606109,-37.05900666240744,100 174.8873886101269,-37.059007931083826,100 174.88736510924753,-37.059013281184505,100 174.88734793816798,-37.05901574913156,100 174.8873230915251,-37.059017483901,100 174.88730087717687,-37.05901983832598,100 174.88729869681995,-37.059019938820946,100 174.8872763289236,-37.05901918259851,100 174.88725490822443,-37.059017620858484,100 174.88723689354114,-37.059010687246264,100 174.88721886386924,-37.05900700665771,100 174.88719811618876,-37.05900024541872,100 174.88717391427213,-37.058991916808125,100 174.88716525219363,-37.05898872255242,100 174.88714533105772,-37.05898050697359,100 174.88714181406357,-37.058979220907375,100 174.887120675305,-37.058973332927685,100 174.8871143302899,-37.05897187915742,100 174.8870877094058,-37.05896636592487,100 174.88706562546142,-37.05896013876558,100 174.88704671646843,-37.058955372558344,100 174.8870252678921,-37.0589501879982,100 174.88702192323734,-37.05894950305633,100 174.8869755591936,-37.05894232110279,100 174.88697319725927,-37.058942082888734,100 174.88694022932944,-37.05894270481437,100 174.88691946852683,-37.0589411775781,100 174.88689873074028,-37.058938581932644,100 174.88688294276685,-37.05893455197166,100 174.88686943782963,-37.05892907334706,100 174.8868572913633,-37.058923229711134,100 174.8868415567927,-37.058911594635084,100 174.88682737147965,-37.05889767174496,100 174.88682584301026,-37.05889562307652,100 174.88681744055603,-37.05887902865682,100 174.88681470884833,-37.058870945107174,100 174.88680959247225,-37.05885348813485,100 174.88680807974592,-37.05884885158616,100 174.88680050113214,-37.05883196465444,100 174.88679650632164,-37.05882455464285,100 174.88678707246254,-37.058808271355716,100 174.88678577492755,-37.05880642000208,100 174.8867727735066,-37.05879080365489,100 174.88676099344286,-37.05877550676242,100 174.88675933474937,-37.05877373956765,100 174.8867427193871,-37.058760277137345,100 174.88671123784218,-37.05873014555844,100 174.88670230825645,-37.05872286903423,100 174.8866846499513,-37.058711839571224,100 174.88666042730668,-37.05869762840433,100 174.88665418811044,-37.05869372589847,100 174.88663770867757,-37.05868143658428,100 174.88662990423066,-37.05867663334492,100 174.88660648651694,-37.05866785861512,100 174.88658037496998,-37.058653663061136,100 174.88656102005882,-37.058644601067016,100 174.88655245762808,-37.058641250156846,100 174.88652497906298,-37.05863284014532,100 174.88650416602601,-37.05862620330015,100 174.88649300617197,-37.05862223215217,100 174.88647316711968,-37.05861382768182,100 174.8864673212258,-37.05861163768668,100 174.88644616575522,-37.05860574985029,100 174.8864411819179,-37.05860467456706,100 174.88641863659362,-37.058600608729236,100 174.88639748000537,-37.05859472090185,100 174.88638798538173,-37.05859146412251,100 174.88636765112744,-37.05858395168591,100 174.8863474781484,-37.058575367739614,100 174.88634294318797,-37.05857357238439,100 174.88632224470962,-37.05856670114937,100 174.88629645248798,-37.05855849409144,100 174.88629383479324,-37.058557827308285,100 174.8862712909707,-37.05855377583904,100 174.8862514599501,-37.058547555952345,100 174.88622950860474,-37.058544314332075,100 174.88621129327086,-37.05854271223303,100 174.88618922702096,-37.05853968964598,100 174.88615767495773,-37.058535036961636,100 174.88614498386363,-37.05853271788138,100 174.88612337229276,-37.05852793772729,100 174.88610983718388,-37.058523915092266,100 174.8860896864627,-37.05851613741022,100 174.88605176834912,-37.05849841436056,100 174.88604410525005,-37.05849436682639,100 174.88602621079687,-37.05848355913321,100 174.88600856033602,-37.05847215900845,100 174.88599064868743,-37.0584613831287,100 174.88596948697156,-37.05844951698783,100 174.88596493948444,-37.05844667000097,100 174.88594848089934,-37.058434489314095,100 174.88593244985654,-37.05842022703476,100 174.885923610363,-37.05841177011804,100 174.8859034175519,-37.05839288816529,100 174.88586799875026,-37.058358736984744,100 174.88586258462254,-37.058353271981986,100 174.8858489955498,-37.058338982573815,100 174.88584418119706,-37.05833330523987,100 174.88582896159448,-37.058311889048014,100 174.88581725036744,-37.058296590962755,100 174.88580399722693,-37.05828060717221,100 174.8858025365764,-37.058278479899684,100 174.88579540885107,-37.05826543968434,100 174.8857851698581,-37.058249465643385,100 174.88577839670916,-37.05823930034084,100 174.88576721564945,-37.05822115923335,100 174.8857560015444,-37.05820563512193,100 174.88574009221898,-37.05818433894263,100 174.88573767609432,-37.05818086590091,100 174.8857275573732,-37.05816484307441,100 174.88572562493962,-37.058161283927966,100 174.8857136059104,-37.058133368930974,100 174.88570466717698,-37.05811740304798,100 174.88569257918766,-37.0581003299729,100 174.88568187548248,-37.058080028061966,100 174.8856724599433,-37.05806374438894,100 174.88565865564902,-37.05804084826728,100 174.88563408865613,-37.057998036922186,100 174.885627811872,-37.057988250375004,100 174.8856045189558,-37.05795919963103,100 174.8855951038504,-37.05794293216767,100 174.88558043153185,-37.0579154973749,100 174.8855763855572,-37.057908784837025,100 174.88555983644213,-37.05788626131999,100 174.88555011150785,-37.057870060968604,100 174.885545067109,-37.05786231158681,100 174.8855327424571,-37.05784735039594,100 174.88551490523554,-37.057828441734536,100 174.88549751965587,-37.05781655692568,100 174.88547681275537,-37.057806789797816,100 174.88545022980261,-37.057795018766726,100 174.8854313731085,-37.05778512577509,100 174.88541736526645,-37.05777898981699,100 174.88539598910748,-37.05777394170306,100 174.8853785928532,-37.057771256608746,100 174.8853567126231,-37.05776737917783,100 174.8853483620475,-37.05776608427931,100 174.88532087188196,-37.057762367232314,100 174.88529892653156,-37.057758675592304,100 174.8852728158953,-37.0577540362045,100 174.88526627761814,-37.05775312888927,100 174.88523830056187,-37.05775123117515,100 174.8852175547121,-37.0577489760497,100 174.88519518951213,-37.05774831312168,100 174.8851818803758,-37.05774814254451,100 174.88515952398896,-37.057747154100554,100 174.8851362986362,-37.05774545211723,100 174.88510653249585,-37.057739560312655,100 174.8850781181437,-37.057736214814675,100 174.8850562992313,-37.0577320875946,100 174.88505242540754,-37.05773105679702,100 174.88503258436265,-37.05772446462441,100 174.885011399303,-37.05772004791771,100 174.88499381779008,-37.05771564693329,100 174.88497401676145,-37.0577054453117,100 174.88495690563133,-37.05769923875256,100 174.8849416841046,-37.0576860459269,100 174.8849331314721,-37.05767344921151,100 174.88492416556053,-37.05766292033619,100 174.88491293292145,-37.057655635213564,100 174.88490035203534,-37.05764399210538,100 174.88488552497532,-37.05763128781573,100 174.88487380850756,-37.05762726407046,100 174.8848607368101,-37.057626871568566,100 174.88484085628434,-37.05762968054424,100 174.88481852357648,-37.05763151092386,100 174.88481283818493,-37.057631393986995,100 174.8847943454504,-37.05762916065966,100 174.88477860126605,-37.05762224916369,100 174.88477250920226,-37.05760524202681,100 174.88477194757635,-37.05760049659813,100 174.88476621271127,-37.05757874565233,100 174.8847613522872,-37.05756242916387,100 174.88475756316288,-37.05754473198264,100 174.884756975139,-37.05754032856588,100 174.8847561314914,-37.057530911677475,100 174.88474993577412,-37.057511351002354,100 174.88473419233898,-37.05749042428077,100 174.8847155499276,-37.05748014020833,100 174.88471468824486,-37.05747967531288,100 174.8846955440954,-37.05747002020661,100 174.8846933661183,-37.05746894261688,100 174.88467883257698,-37.057461917230185,100 174.88465973839456,-37.057456690309756,100 174.88463730536486,-37.05745864572709,100 174.88463233070513,-37.05745980093684,100 174.88461222490426,-37.05746518486145,100 174.8845971247175,-37.05746984660777,100 174.88458018004587,-37.057474864835946,100 174.884565093343,-37.057478799015215,100 174.8845432103608,-37.05747866907957,100 174.884522235846,-37.057478167788624,100 174.88450401389383,-37.05747696840938,100 174.88448281106147,-37.05747064744328,100 174.88448036534152,-37.05746988415131,100 174.88445849640814,-37.05746518528932,100 174.88444941669104,-37.05746382620416,100 174.88442694477206,-37.057461755193316,100 174.88442161863264,-37.057461476604026,100 174.88439899959275,-37.05746105009345,100 174.8843924317902,-37.05746094805921,100 174.88436986330458,-37.05745983755468,100 174.88436006052808,-37.05745929841774,100 174.88433748013864,-37.05745834311971,100 174.88432360159828,-37.05745761006917,100 174.8843010392785,-37.05745606682975,100 174.8842980823005,-37.05745563882929,100 174.8842764902883,-37.05745026857173,100 174.8842712278268,-37.05744851804294,100 174.88425056890387,-37.057441134773484,100 174.8842462550865,-37.057439227666606,100 174.8842270746177,-37.05742951087114,100 174.884219949061,-37.05742481835748,100 174.88420470133937,-37.05741133202692,100 174.88420141583978,-37.0574089885743,100 174.88418140119822,-37.05740046392487,100 174.8841791699822,-37.05739932498175,100 174.88416384255356,-37.057386025579866,100 174.88416018411843,-37.05738274439064,100 174.88414271995396,-37.05737117067402,100 174.88414071665616,-37.057369471105844,100 174.88412908632196,-37.057353922801774,100 174.88412767054552,-37.05735219767549,100 174.8841112086768,-37.057339862654906,100 174.88410184431373,-37.05733376903182,100 174.88408522547567,-37.05732145272475,100 174.88408013815854,-37.057317189285214,100 174.88406628801374,-37.05730282630007,100 174.8840602736032,-37.05729695344675,100 174.8840440086493,-37.05728425837336,100 174.88403763217718,-37.057280342584676,100 174.8840180216861,-37.05727142392722,100 174.88400494885087,-37.057265890334996,100 174.8839867765741,-37.05725505699563,100 174.88397095530635,-37.05724593212148,100 174.8839509441295,-37.05723749930959,100 174.8839382427707,-37.05723293501466,100 174.88391758317937,-37.05722552105223,100 174.88390006544816,-37.05722028158239,100 174.8838845977486,-37.0572165399504,100 174.88386277948217,-37.05721174823949,100 174.88386230804562,-37.05721164757258,100 174.88384049316105,-37.057207629118935,100 174.88382312314127,-37.057204633329924,100 174.88380111864316,-37.057201314585676,100 174.88380103175083,-37.05720130244649,100 174.88377942441298,-37.05719726355991,100 174.8837573348896,-37.057194644665366,100 174.88373503847453,-37.05719266356803,100 174.8837298260563,-37.05719275357512,100 174.8837108717034,-37.05719522227952,100 174.88368887479882,-37.05719853155169,100 174.88368605644945,-37.05719875207216,100 174.88366757135967,-37.05719868697277,100 174.88364814130227,-37.05720151923663,100 174.8836270278014,-37.05720740029441,100 174.88362147633688,-37.05720901437204,100 174.88359999220637,-37.05721400542006,100 174.88359710100923,-37.05721473632983,100 174.88357721380285,-37.057220456397054,100 174.88355706912924,-37.0572282255994,100 174.8835550652962,-37.05722905057007,100 174.88353508453568,-37.05723712721239,100 174.88353155064382,-37.05723838116792,100 174.8835107879447,-37.057244442301204,100 174.8834896770713,-37.05725043054769,100 174.88348818228383,-37.05725087609685,100 174.8834696550552,-37.057256975624796,100 174.88344979478921,-37.05726051139376,100 174.88343484896248,-37.05727023494402,100 174.8834134769639,-37.057275532422146,100 174.88341316599207,-37.057275599550636,100 174.8833978206887,-37.05727953678738,100 174.8833756660305,-37.057282152703806,100 174.88337207706104,-37.05728268018048,100 174.88335098307175,-37.057288669936916,100 174.88334769701046,-37.05728948642598,100 174.88332563921878,-37.05729251809652,100 174.8833237721468,-37.05729264328542,100 174.88330211783386,-37.05729329992821,100 174.88328090771464,-37.05729431994714,100 174.88326016690874,-37.05729353531763,100 174.88323852025738,-37.05729381959034,100 174.88321648777668,-37.05729073371727,100 174.8832150780207,-37.057290479405395,100 174.88319323406301,-37.0572866947308,100 174.8831916672954,-37.057286412267786,100 174.88316968000248,-37.05728306158754,100 174.88315968736757,-37.05728125543442,100 174.88313829038785,-37.057276035992906,100 174.8831331248212,-37.05727465520992,100 174.88311177536787,-37.05726926556452,100 174.8831011424307,-37.057266214063375,100 174.88308051314107,-37.05725929518783,100 174.8830755080542,-37.05725744588207,100 174.88305520855482,-37.057249901671085,100 174.88305030609806,-37.05724797322281,100 174.88303035400872,-37.05723983404098,100 174.88302779729594,-37.057238856169185,100 174.88300934371034,-37.057232286687686,100 174.88299811356904,-37.05722572959063,100 174.88297969202688,-37.05721590680466,100 174.8829594921149,-37.05720820507085,100 174.88295853009868,-37.05720786613491,100 174.88293962574934,-37.057201303799566,100 174.8829184827309,-37.057196530034076,100 174.8828976290279,-37.05718963001145,100 174.8828928257262,-37.05718884643558,100 174.88287612757748,-37.05718950903117,100 174.8828612238476,-37.05719379520103,100 174.88283972049916,-37.057198738647976,100 174.88283953205746,-37.057198803829536,100 174.8828192421594,-37.05720629671136,100 174.88281829923892,-37.05720668482004,100 174.88279837312768,-37.05721483708182,100 174.88279705140826,-37.05721527807197,100 174.88278620813605,-37.05721850292848,100 174.88276474113758,-37.05722350707322,100 174.8827555038232,-37.05722527877125,100 174.88273364357585,-37.05722915982503,100 174.88273157466324,-37.05722953606647,100 174.8827098097672,-37.05723377161552,100 174.8827071863007,-37.05723414223978,100 174.88269229232264,-37.057235547679475,100 174.882669927953,-37.05723618573638,100 174.882669737229,-37.057236204086315,100 174.8826474501306,-37.05723778457318,100 174.88264492436124,-37.057237922011026,100 174.88262508077182,-37.05723822080965,100 174.88260345978324,-37.05723371865658,100 174.88259760140627,-37.05723233442764,100 174.88257686194893,-37.05722900979383,100 174.88255747756028,-37.05722008640168,100 174.88255709189266,-37.05721990685622,100 174.88254315363966,-37.057214434608305,100 174.88253056753757,-37.05720643077407,100 174.88251934363254,-37.05719880459041,100 174.88251128634997,-37.0571904431502,100 174.8825058831968,-37.057185363571286,100 174.88249647439906,-37.057177010965965,100 174.88248795039794,-37.05717119679584,100 174.882478075067,-37.057162850693445,100 174.88247269536706,-37.0571574003064,100 174.88246373543507,-37.05714832584233,100 174.88245935870998,-37.057143415635636,100 174.88245562495902,-37.057139267636394,100 174.88244922465685,-37.057123644253785,100 174.88243743691217,-37.0571131329383,100 174.882428777371,-37.05709787439108,100 174.8824187907797,-37.05708734619991,100 174.8824010871233,-37.057076488951786,100 174.8823870007977,-37.057064886590794,100 174.88237203932331,-37.05705873566163,100 174.88235113933712,-37.057052052588226,100 174.8823507016046,-37.05705185944771,100 174.88233407234074,-37.05703979001197,100 174.88233210393904,-37.05703808985862,100 174.88231845959317,-37.05702685180938,100 174.88230259157936,-37.05701596180456,100 174.88228849536205,-37.057004003574974,100 174.88227804775272,-37.05699311225454,100 174.88226668817947,-37.05697858243932,100 174.88225761437172,-37.05696207584445,100 174.88225622098943,-37.0569586153373,100 174.88225081051883,-37.05694113217258,100 174.88224936693277,-37.056933910436214,100 174.88224707482505,-37.05691901858552,100 174.88224485618082,-37.05690104672812,100 174.88224384821805,-37.05689648141879,100 174.88223928413217,-37.056883395781504,100 174.8822387785722,-37.05686539312882,100 174.88223925273263,-37.056860506866386,100 174.88224056039476,-37.056844842248104,100 174.8822375125726,-37.056826991706906,100 174.8822368768092,-37.05682269809035,100 174.88223685130203,-37.056807056434444,100 174.88223636713485,-37.056794334158454,100 174.88223500804585,-37.05678379609933,100 174.88223586308482,-37.0567674266379,100 174.88223015964948,-37.05675001031109,100 174.88222946892094,-37.05674817991834,100 174.88222500483093,-37.056730493359225,100 174.8822239875033,-37.056727460408155,100 174.88221606427288,-37.0567105939547,100 174.8822158061795,-37.05671002482427,100 174.88220895631594,-37.05669440856193,100 174.8821992296302,-37.05667814756282,100 174.88219439364593,-37.056669713341265,100 174.8821872946451,-37.05665261568926,100 174.88218527494266,-37.056646472037215,100 174.88218044971447,-37.05662886962081,100 174.88218024335362,-37.05662830057053,100 174.88217355794856,-37.056611101716705,100 174.88217296865042,-37.05660978075081,100 174.8821649412795,-37.0565929312683,100 174.88216021766016,-37.056582899960766,100 174.88215337910512,-37.05656582881696,100 174.8821465730526,-37.056548616554004,100 174.8821415266817,-37.056538220835,100 174.88213106348664,-37.05652223469822,100 174.88213061893475,-37.05652117371313,100 174.88212831398837,-37.056505168957024,100 174.88212376528423,-37.05648751528139,100 174.88212328786588,-37.05648589781448,100 174.88211870945906,-37.05647100168674,100 174.88210941327233,-37.056454639210266,100 174.8821059818749,-37.05644884423174,100 174.88209857459563,-37.05643182987905,100 174.88209641805335,-37.05642706558329,100 174.88208737884446,-37.05641054400288,100 174.88208504800903,-37.05640637192323,100 174.88207619612157,-37.05638978517926,100 174.8820750079161,-37.05638748228766,100 174.88206723797114,-37.05637053587807,100 174.88206410796744,-37.05636496865034,100 174.88205236178072,-37.05634957789658,100 174.88205182529776,-37.05634898344095,100 174.88204045943243,-37.05633737932076,100 174.88203037354668,-37.05632127812878,100 174.88202955792704,-37.05631994543168,100 174.88201808597293,-37.056304456586986,100 174.88201592509682,-37.056301428262266,100 174.88200577100613,-37.05628534257118,100 174.88200363201307,-37.056281834407294,100 174.88199406196784,-37.05626621983937,100 174.88198496648332,-37.05625024082466,100 174.88197530839886,-37.05623393004593,100 174.88197404364817,-37.05623135076752,100 174.8819682192913,-37.05621395166655,100 174.88196722113594,-37.0562110112425,100 174.88195959022434,-37.05619404639508,100 174.88195901055016,-37.056192477417724,100 174.881955375347,-37.05617469927878,100 174.88195442591118,-37.05617031690259,100 174.88194805046817,-37.056153051826456,100 174.8819453219619,-37.05614634709211,100 174.8819393894658,-37.05613071535232,100 174.8819363069244,-37.05611286625252,100 174.881936167569,-37.056112187081105,100 174.88193072236996,-37.05609470354775,100 174.88192886268172,-37.05609002827286,100 174.88192340824722,-37.056077314565755,100 174.88191747580612,-37.05606168462632,100 174.8819065787596,-37.05605080130282,100 174.8818925003952,-37.05603882741605,100 174.88187480462247,-37.056033420120414,100 174.88185544972688,-37.05602426360369,100 174.88185257254227,-37.05602292035674,100 174.881832019917,-37.05601562690227,100 174.881821270442,-37.05601208231843,100 174.88180083198242,-37.056004539189345,100 174.88179857633236,-37.05600377372621,100 174.88177746447067,-37.05599755897935,100 174.8817740771057,-37.05599654919526,100 174.88175774937596,-37.05599111927276,100 174.8817373502314,-37.055984985142125,100 174.88171920187898,-37.05597882791209,100 174.8817069534001,-37.05597560272936,100 174.88169107456125,-37.05596945184516,100 174.8816696402396,-37.055963475632076,100 174.8816549488129,-37.0559595961061,100 174.88163322146553,-37.05595432214204,100 174.88163024347915,-37.055953769126624,100 174.88160783994647,-37.055951031329684,100 174.88160236953203,-37.05595050704375,100 174.88158315113543,-37.05594833158974,100 174.88156088518662,-37.05594492644141,100 174.8815593896602,-37.05594470411445,100 174.8815369953497,-37.05594170207678,100 174.88153468449607,-37.055941433199514,100 174.88151212919692,-37.05593947110783,100 174.88150954222263,-37.05593926880058,100 174.88148694364887,-37.05593764898343,100 174.8814843754171,-37.05593747702249,100 174.88146176759258,-37.05593616559195,100 174.88146060302265,-37.055936047971684,100 174.88144186840893,-37.05593315279222,100 174.8814204498199,-37.05592712941647,100 174.88141990753132,-37.05592693702982,100 174.88140525954472,-37.05592144615999,100 174.88138926971487,-37.05591120959929,100 174.88138101832874,-37.0559046312247,100 174.8813727892352,-37.055889256707154,100 174.88137092187975,-37.0558727492754,100 174.8813698401854,-37.05585458630928,100 174.88136996650584,-37.055847088191435,100 174.88137132819367,-37.055832784585945,100 174.8813725688826,-37.05581462894028,100 174.88137311110216,-37.05580712332309,100 174.88137492961957,-37.05578987062627,100 174.88137637860183,-37.055771725195505,100 174.8813767342039,-37.055765679040015,100 174.88137748889676,-37.055747515782066,100 174.881377609916,-37.055743673421915,100 174.8813792986453,-37.05572544577445,100 174.88137896616414,-37.0557176295657,100 174.88137365372648,-37.05569996003237,100 174.88137298066513,-37.05569747771364,100 174.88137186603,-37.05567934681511,100 174.88137158015516,-37.05567328109325,100 174.88136968120554,-37.05565499319283,100 174.88136653413994,-37.05564431494213,100 174.88135692379424,-37.055627833907195,100 174.88135002828577,-37.055620147953015,100 174.8813342762451,-37.0556071514351,100 174.8813262304703,-37.05560111057426,100 174.88131112447527,-37.055588318313745,100 174.88129626901699,-37.05557451442309,100 174.881289630646,-37.05556927141626,100 174.88127125805704,-37.055558673361205,100 174.88126630261576,-37.055556095839776,100 174.88124760979255,-37.05554578136275,100 174.88123840582713,-37.05554110991755,100 174.88121862220913,-37.055532161985845,100 174.88121414308117,-37.05553052056781,100 174.88119276100545,-37.05552455875944,100 174.88117664229824,-37.05552102988655,100 174.88115483542495,-37.05551603559579,100 174.8811441621663,-37.05551338743512,100 174.88112289156993,-37.05550706693075,100 174.88111672967915,-37.05550536207131,100 174.88109487607775,-37.05550052443556,100 174.88108837747407,-37.05549916470576,100 174.881066392485,-37.05549460765057,100 174.88105545765,-37.055491886119064,100 174.88103438395805,-37.05548515959416,100 174.88102436995328,-37.05548129232213,100 174.88100455494285,-37.055472437685964,100 174.8809973664249,-37.05546923311665,100 174.88097817210996,-37.05546156015005,100 174.88095895809732,-37.05545185956698,100 174.88095620462227,-37.05545060626819,100 174.88093552589092,-37.055443114566145,100 174.88093377805822,-37.05544255644264,100 174.8809125082763,-37.05543626743259,100 174.88089856841992,-37.05543198743012,100 174.880878370774,-37.0554237120682,100 174.88086427403692,-37.05541808800708,100 174.8808425848666,-37.05541230225229,100 174.88083362550574,-37.05540897343838,100 174.88081621395565,-37.05539739657933,100 174.88081120814329,-37.05539359767409,100 174.88079386289147,-37.05538188186122,100 174.88079105853507,-37.05538007055925,100 174.88077643255562,-37.05537091006661,100 174.88075804168733,-37.05536025003037,100 174.88075080393924,-37.055355915995875,100 174.88073662944743,-37.05534677717962,100 174.88071878920206,-37.05533728460181,100 174.88069875821745,-37.05532874338584,100 174.8806917964129,-37.055326294097156,100 174.88067047726403,-37.055320098659735,100 174.88066710489164,-37.05531901109376,100 174.88064725358126,-37.055310094782534,100 174.8806373625237,-37.05530624084955,100 174.88061547530378,-37.055301495589944,100 174.88061174865453,-37.05530077055542,100 174.88059010504793,-37.055295370689,100 174.880580194693,-37.05529273922053,100 174.88055871163505,-37.055286918599016,100 174.88053719676975,-37.055281175989776,100 174.88053674408079,-37.05528105969002,100 174.8805150682839,-37.05527576757494,100 174.88050976770128,-37.055274513195364,100 174.88048799425042,-37.055269456060586,100 174.8804795939249,-37.0552675892772,100 174.88045759406359,-37.05526310895399,100 174.8804498734852,-37.055261399933194,100 174.88042834215102,-37.05525567288721,100 174.88042196662002,-37.05525373974447,100 174.88040112516583,-37.0552466218636,100 174.8803917901529,-37.0552435170868,100 174.88037004050045,-37.055238056671485,100 174.88036524509312,-37.05523622014701,100 174.88034878789514,-37.0552259899506,100 174.88034059065035,-37.05520920611881,100 174.88033870405434,-37.055202889074124,100 174.8803345610828,-37.05519190301709,100 174.88033202283808,-37.05517367300085,100 174.8803327102698,-37.055170269606364,100 174.88034297801386,-37.05515407717715,100 174.88034365905645,-37.05515301185729,100 174.8803496640739,-37.05513551523617,100 174.88035187227143,-37.0551288015874,100 174.88035998781356,-37.05511184202517,100 174.88036235622974,-37.05510715466313,100 174.88037052347613,-37.05509019428037,100 174.8803714711659,-37.05508808643432,100 174.88037867794236,-37.055070848357374,100 174.88038013783594,-37.055067167732204,100 174.8803867866237,-37.05504978437979,100 174.88038788143277,-37.05504734973272,100 174.8803976233532,-37.05503094932412,100 174.8804006604981,-37.05502606478875,100 174.88040841790925,-37.05501250159407,100 174.88041726605798,-37.05499574672373,100 174.8804198157252,-37.05499011102242,100 174.88042571616234,-37.05497257008931,100 174.88042985551047,-37.054960402693325,100 174.88043795337884,-37.05494341186047,100 174.88043894288745,-37.05494094823839,100 174.88044341600528,-37.05492316855932,100 174.88044578823903,-37.05491162043591,100 174.8804503437386,-37.05489371597209,100 174.88045352202312,-37.05488630375348,100 174.88045944765253,-37.05487675425045,100 174.8804627959943,-37.054859056397945,100 174.8804621597829,-37.054841938171805,100 174.88046412794043,-37.05482381515911,100 174.8804662025185,-37.05480572110308,100 174.8804671284155,-37.05479644375646,100 174.88046878558623,-37.05477829593186,100 174.88046893553306,-37.05477298128915,100 174.8804679934463,-37.054754815193995,100 174.88046706512753,-37.054748049430366,100 174.8804638573717,-37.05473003102208,100 174.8804615446843,-37.054722032599386,100 174.8804550104277,-37.05470460140863,100 174.88044918203082,-37.05469344289212,100 174.8804384758939,-37.05467742980204,100 174.88043270345122,-37.054669631346975,100 174.88042120913363,-37.05465394170147,100 174.88041940601144,-37.05465132497507,100 174.88040962404767,-37.05463489344567,100 174.88040749924335,-37.054631909582575,100 174.88039559753565,-37.0546190772075,100 174.88038304425638,-37.054603947833044,100 174.88037911551882,-37.054598952027874,100 174.88036712601465,-37.05458351898723,100 174.88036034184643,-37.054574777586204,100 174.880347959424,-37.05455955356605,100 174.88034523266654,-37.05455610065546,100 174.8803336361022,-37.05454045858827,100 174.88033057085693,-37.054536686575986,100 174.8803171976296,-37.05452195955645,100 174.88030951025675,-37.05451507743507,100 174.88029260423644,-37.05450296702059,100 174.88029030429703,-37.05450117925394,100 174.8802763362613,-37.054486864541616,100 174.88027107831402,-37.05448141211784,100 174.88025578168546,-37.05446798732137,100 174.8802527748406,-37.05446566998141,100 174.8802413306914,-37.05445761443881,100 174.8802271918752,-37.0544433961633,100 174.88022715587206,-37.05444334986649,100 174.88021089479395,-37.05443139865914,100 174.88020452150684,-37.054426956247184,100 174.880192989964,-37.05441945999034,100 174.8801743133331,-37.054415525387164,100 174.88015418103507,-37.05440837999251,100 174.88015079225912,-37.054407354860906,100 174.880132576679,-37.05440378427748,100 174.8801113319608,-37.054399043155364,100 174.8801068437099,-37.05439771188612,100 174.8800870584832,-37.05438995710622,100 174.88008465394927,-37.05438880641053,100 174.8800686590303,-37.054380256978604,100 174.88005980257785,-37.05436919872103,100 174.88005138474225,-37.05435709430976,100 174.88004493402545,-37.05434021787203,100 174.88004429855815,-37.05433784400595,100 174.88004003541567,-37.054320526401796,100 174.8800398841778,-37.05432004840613,100 174.88003368299348,-37.054304716446275,100 174.88002614723345,-37.05429190044287,100 174.88001906586842,-37.054280500389204,100 174.88001510115384,-37.05426588826397,100 174.88000667235025,-37.05425270065963,100 174.88000667739075,-37.05423882415532,100 174.8800151305947,-37.054232403577835,100 174.8800253596585,-37.054226356827584,100 174.88003693468372,-37.054218164373545,100 174.88004360623827,-37.05420926732386,100 174.88004762168939,-37.05419572381507,100 174.88003917935654,-37.054187182632084,100 174.88002541145505,-37.054188583398506,100 174.88001119764513,-37.054194653660346,100 174.8799969757026,-37.054197842591286,100 174.87997964965837,-37.054206027967126,100 174.8799623187711,-37.0542095969554,100 174.87994322199407,-37.054213150671735,100 174.8799212155596,-37.05421226383401,100 174.87991523214896,-37.054211360942375,100 174.8798937806103,-37.054207304442066,100 174.8798917027214,-37.05420672179169,100 174.8798717370358,-37.054199945042605,100 174.87985751728473,-37.05419424529512,100 174.87983856482361,-37.05418523618109,100 174.8798282290793,-37.0541803518294,100 174.87980821065076,-37.05417289542348,100 174.87979580879545,-37.054167859953324,100 174.8797775277886,-37.054158034423416,100 174.8797718414884,-37.05415467978374,100 174.87975381018055,-37.05414449157453,100 174.8797403579297,-37.05413580625655,100 174.87972496027209,-37.05412311124117,100 174.87972080885697,-37.05412011712609,100 174.87970927963184,-37.05411334903492,100 174.87969351122285,-37.05410103212891,100 174.87969243059138,-37.054100167784775,100 174.87968000210645,-37.05409090742665,100 174.87966487827205,-37.05407805213807,100 174.87966270747413,-37.05407593694238,100 174.87965207493687,-37.05406453726975,100 174.87963280463433,-37.05405595226442,100 174.8796320854529,-37.05405560855056,100 174.87961606466328,-37.05404354439292,100 174.8796103425529,-37.054038874413784,100 174.87959350862056,-37.05402748920189,100 174.87958772014431,-37.05402354762312,100 174.87957530156643,-37.05401464220906,100 174.87956199703575,-37.05400054762591,100 174.87955843130825,-37.053996815971495,100 174.8795429842905,-37.05398421454777,100 174.87954246620734,-37.053983635110605,100 174.87953433162886,-37.053967235979684,100 174.87953405217928,-37.05396652928228,100 174.87952829307017,-37.05395406904185,100 174.87952349619218,-37.05393685361064,100 174.87952211586799,-37.0539312711987,100 174.87951647302017,-37.05391417913311,100 174.87951547618366,-37.05391060324794,100 174.8795125597255,-37.05389312277494,100 174.8795119619715,-37.05388958743255,100 174.8795079999254,-37.05387248044532,100 174.8795057788959,-37.05385825526451,100 174.8794977627275,-37.05384177764333,100 174.87949472058375,-37.05383757171641,100 174.87948209973405,-37.05382310937312,100 174.87947830958007,-37.053819396594896,100 174.87946413800117,-37.05380589077065,100 174.8794465427242,-37.053795184564905,100 174.87943926235184,-37.053790526653806,100 174.879425328996,-37.053776876446484,100 174.87941975672092,-37.053771304584856,100 174.87940466018162,-37.05375882196711,100 174.8793902657219,-37.053745397177565,100 174.87938472512647,-37.0537410181344,100 174.87936639257634,-37.05373123932171,100 174.87935987376187,-37.053727822145134,100 174.87934298856928,-37.053717135314976,100 174.8793259686234,-37.05370590893595,100 174.87931991672207,-37.05370181739546,100 174.87930345406923,-37.05369007024296,100 174.8792932917636,-37.053683277744724,100 174.87927536217964,-37.053673012138624,100 174.87926533481254,-37.05366795160238,100 174.8792460987219,-37.05365933444423,100 174.87923869412356,-37.053655839364346,100 174.8792205799393,-37.05364579388842,100 174.879220068728,-37.05364549284284,100 174.87921785134972,-37.0536455000388,100 174.87919968385967,-37.053636028631594,100 174.87919343135226,-37.05363159957148,100 174.87917267760167,-37.05362578065341,100 174.87916680461004,-37.05362447399341,100 174.87914585092125,-37.05361893764196,100 174.87913971980106,-37.053617697260485,100 174.87911792553047,-37.05361505568197,100 174.8791139526823,-37.05361483111676,100 174.8790919658367,-37.053614685582936,100 174.87907087277202,-37.05361553443906,100 174.87906865833654,-37.05361625361326,100 174.8790468611536,-37.053618645833026,100 174.87904244629468,-37.05361873741501,100 174.87902068373432,-37.05361979786004,100 174.87899872350636,-37.05362127873522,100 174.87899535413337,-37.05362158538508,100 174.87897491917604,-37.05362372167035,100 174.87895395031558,-37.05362915075139,100 174.8789513774311,-37.05363010903948,100 174.87893210393554,-37.05363866761158,100 174.87892826403862,-37.05364077890819,100 174.87891270862943,-37.053650403393426,100 174.87889493326546,-37.053659292435476,100 174.87887936942036,-37.053671766963376,100 174.87886557127914,-37.0536855267108,100 174.87886513461305,-37.0536860140222,100 174.8788526928298,-37.05370060220623,100 174.87884954316715,-37.053704528600626,100 174.87883976365535,-37.05371699530447,100 174.87882990174552,-37.05373277829749,100 174.87882908814126,-37.05373407734342,100 174.87882061573478,-37.053746196165555,100 174.87881089359055,-37.053762038231234,100 174.87880905267332,-37.05376509035892,100 174.8787996956292,-37.05377968644964,100 174.87879289159878,-37.05379648543189,100 174.87879256362635,-37.05379713956434,100 174.8787850066227,-37.05380853095291,100 174.87877655365716,-37.05381815556448,100 174.87875850116654,-37.053828303587586,100 174.87875786540604,-37.05382846958435,100 174.87873593806896,-37.05382987327994,100 174.8787352108083,-37.05382988570237,100 174.87871336414509,-37.05383232641436,100 174.8787107837127,-37.05383238621991,100 174.8786899115683,-37.0538298840778,100 174.87867615728743,-37.0538298748367,100 174.8786548307202,-37.05382914643675,100 174.87863351259438,-37.05382807630621,100 174.87861353611456,-37.053823452720955,100 174.87859152840477,-37.05382447010362,100 174.87858822070285,-37.053824496361834,100 174.87857132598947,-37.05382235841053,100 174.8785492785757,-37.05382254090834,100 174.87853979859477,-37.05382234857884,100 174.87852026731727,-37.05381949889625,100 174.87849824374067,-37.05381859584071,100 174.87849628182167,-37.05381842863093,100 174.8784748783682,-37.053814216987114,100 174.87847451225423,-37.05381414527434,100 174.87845298501563,-37.05381047726908,100 174.8784421127939,-37.053808776575096,100 174.87842045762528,-37.05380552969514,100 174.87841591840774,-37.05380486522958,100 174.8784136768004,-37.05380521258476,100 174.87839947815493,-37.0538009544069,100 174.878378199232,-37.05379622883414,100 174.87837062519384,-37.05379416134021,100 174.87835138841032,-37.05378551340287,100 174.87834709863665,-37.05378383732939,100 174.87832711150818,-37.05377882630472,100 174.8783058061364,-37.05377439586311,100 174.87830359188737,-37.05377384598846,100 174.87828760601056,-37.053768842787285,100 174.87826753842023,-37.053761525696416,100 174.87826274924058,-37.05375993594254,100 174.8782416856023,-37.05375481937593,100 174.87822233675845,-37.05375102128984,100 174.87808533268012,-37.05372346610345,100 174.87796120969054,-37.053715556134264,100 174.87782447282774,-37.053697923342064,100 174.877713251083,-37.05370965908559,100 174.87760303302304,-37.05376111719714,100 174.8775413480803,-37.05377205407036,100 174.87740636975286,-37.053823911206884,100 174.87729640257672,-37.05388529199499,100 174.87719833093394,-37.05392661160319,100 174.87710000829665,-37.053958022594756,100 174.8769647428974,-37.05399994242702,100 174.876866168496,-37.05402141585997,100 174.87671828898286,-37.054053610818045,100 174.8766328478447,-37.054104667833315,100 174.8765590341169,-37.05412572666211,100 174.8765233823307,-37.05418590915869,100 174.87650088036608,-37.054275659860565,100 174.87656507646622,-37.05436399725516,100 174.876567101213,-37.054443410401156,100 174.8765569630873,-37.05453296186382,100 174.87646039566062,-37.05463384839344,100 174.87637572440502,-37.05471468915941,100 174.87624147898433,-37.054796313284136,100 174.87611938018333,-37.05486783078944,100 174.8760463185129,-37.05491868794331,100 174.87597277066797,-37.054949669139965,100 174.87584939983455,-37.054971557420096,100 174.87573817545433,-37.05498327515145,100 174.87565095873515,-37.054964842198665,100 174.8755508599214,-37.054926747334726,100 174.87546366089333,-37.05490829773938,100 174.87536305984185,-37.05485034237331,100 174.87522607189854,-37.05482279896328,100 174.87511407780443,-37.054804748384186,100 174.8749277838363,-37.054787910245274,100 174.8748031589172,-37.05476016727955,100 174.87465353887174,-37.05472286892839,100 174.87452916468317,-37.054705033319124,100 174.8744050582831,-37.05469711937793,100 174.87431909583125,-37.05472831469916,100 174.87419624300585,-37.054770030716334,100 174.87404811142991,-37.05479231474089,100 174.87392400493752,-37.054784401199726,100 174.87376222192728,-37.05475723977063,100 174.8736381154868,-37.05474932502677,100 174.87350211227127,-37.05476147179368,100 174.87337875810704,-37.05478332479631,100 174.87324275515337,-37.054795486584645,100 174.8730943720943,-37.05480783113571,100 174.8729833977799,-37.05482950081445,100 174.8728494162939,-37.05492105922914,100 174.8727894840542,-37.05500148425656,100 174.87274221692473,-37.05509163258455,100 174.87268153358306,-37.055142290416306,100 174.87259508613383,-37.05515362206353,100 174.87252076884388,-37.05515483157781,100 174.8724578306182,-37.055116137415745,100 174.87240753924186,-37.05508714974946,100 174.87235647991318,-37.05502837895744,100 174.87228114417468,-37.0549898831358,100 174.87219267589123,-37.05492181828414,100 174.87212950498565,-37.05487318355404,100 174.87206581503352,-37.05480470491173,100 174.87205216442504,-37.054755243350364,100 174.87200137381743,-37.05470642663696,100 174.87196269620176,-37.05464747193446,100 174.87191115436184,-37.05456885468078,100 174.87182318799742,-37.054520634590276,100 174.87172309155207,-37.05448253642226,100 174.87162424711724,-37.054494068420624,100 174.87152567036227,-37.05451553657004,100 174.87141444618055,-37.054527265561994,100 174.87135225976752,-37.0545183550691,100 174.87126454390804,-37.054480042221904,100 174.87116471548592,-37.05445188160955,100 174.8710646205619,-37.05441378285578,100 174.87093924616147,-37.05435622084076,100 174.8708388999171,-37.05430819891839,100 174.8707754616114,-37.0542496263033,100 174.870699143786,-37.05417143808686,100 174.87063570682716,-37.05411286537183,100 174.8705482417978,-37.054084505609964,100 174.87042388704296,-37.05406665003652,100 174.8702992643755,-37.05403888693853,100 174.87014938164916,-37.05399166005329,100 174.87006168421175,-37.05395336132958,100 174.86988702361487,-37.053906532029146,100 174.86975077193293,-37.05390875055501,100 174.86961401897565,-37.05389109320012,100 174.86946463667454,-37.0538637267563,100 174.8693635255572,-37.05378593569308,100 174.8693486445328,-37.05368684495177,100 174.8694583679329,-37.05361554926704,100 174.8695448130655,-37.053604219056524,100 174.86966816733312,-37.05358235382654,100 174.86979078715396,-37.05353070389994,100 174.86988911287764,-37.05349931331497,100 174.87003749408936,-37.05348697282939,100 174.87013456877136,-37.053405952639686,100 174.8701568273712,-37.053306264621924,100 174.8701543256092,-37.05320700581159,100 174.87011541601635,-37.053138097439344,100 174.87006334278223,-37.053039633823424,100 174.87002368393112,-37.0529409717262,100 174.8699964221565,-37.05284209521018,100 174.8699691256116,-37.052743219233804,100 174.87000276315143,-37.05260362601621,100 174.8700247886884,-37.05249403096696,100 174.87010921457374,-37.05240328690953,100 174.87021743384915,-37.05227242285407,100 174.8703152747049,-37.05222117036856,100 174.87046138438038,-37.052119477650315,100 174.87050816831103,-37.05200946859396,100 174.87058046315988,-37.0519288469885,100 174.87063989551166,-37.05182856261958,100 174.8706356237348,-37.05165979715157,100 174.87059419547725,-37.051491628560484,100 174.87057779553254,-37.051333002048246,100 174.87063670872243,-37.05121287197739,100 174.87074492509163,-37.051081992171426,100 174.87086677325868,-37.05100057340934,100 174.87101287877337,-37.050898880094756,100 174.871145871174,-37.05076760094408,100 174.87124143899956,-37.050627012235935,100 174.87133750777534,-37.05050628475819,100 174.87135924632403,-37.050386750816955,100 174.8713923960228,-37.05022729658586,100 174.87140127147302,-37.05008811622055,100 174.8714606833881,-37.04998783086337,100 174.87153272489766,-37.04989728574014,100 174.87156787788643,-37.04981725956602,100 174.8716032816681,-37.04974717169075,100 174.8715997599071,-37.04960819055047,100 174.87153557332041,-37.04951983481242,100 174.8714582578176,-37.049401908976215,100 174.8714178306854,-37.049273464155,100 174.87140518617198,-37.04921051211247,100 174.8713927329827,-37.04915658539637,100 174.87140841597224,-37.04910224806188,100 174.871429692635,-37.04904784589416,100 174.87145623050446,-37.04897531031639,100 174.8714995124097,-37.04889805357174,100 174.87155977987615,-37.0488250415941,100 174.87160377362704,-37.04877933719443,100 174.8716537773251,-37.04875157029465,100 174.87169264664809,-37.048728471184745,100 174.87173724797248,-37.04870979532335,100 174.8717822316078,-37.04870915568602,100 174.8718382609666,-37.048699325970134,100 174.8718605625646,-37.048690004223054,100 174.87188868170412,-37.048689593763314,100 174.87195025133298,-37.048675192571146,100 174.87200055012744,-37.04866095572917,100 174.87204525530598,-37.048646786428954,100 174.87209565799455,-37.048637054419615,100 174.87212940444877,-37.04863657670704,100 174.8721743020564,-37.04863143086556,100 174.8722189891764,-37.0486172608841,100 174.87229791136116,-37.04862515419779,100 174.8723484348058,-37.048619926687486,100 174.87238739203374,-37.04860133157585,100 174.8724265744482,-37.04859176394716,100 174.87246553056215,-37.04857317063035,100 174.87251582918432,-37.04855893357407,100 174.87256645729562,-37.04855819641036,100 174.87260591778437,-37.04856214206649,100 174.8726564411606,-37.04855691442664,100 174.87269569373962,-37.04855185121258,100 174.87273496317303,-37.04854678771943,100 174.87277944366463,-37.04852362218753,100 174.87280707507978,-37.048500671329286,100 174.87282946248496,-37.04849585455883,100 174.87288570061202,-37.048495034078314,100 174.8729370235503,-37.04852586111168,100 174.87299305412532,-37.048516047057056,100 174.87302680093003,-37.0485155862088,100 174.87309438049377,-37.04851912186888,100 174.8731612647182,-37.04849112379054,100 174.8732059526813,-37.048476953426395,100 174.873261790495,-37.04845811214156,100 174.8733011473537,-37.048457568914806,100 174.87335688076766,-37.04843420830193,100 174.87342960129934,-37.048415153441844,100 174.87352519505532,-37.048413789395795,100 174.87359298297764,-37.0484263507276,100 174.87364922142828,-37.0484255461037,100 174.87371650572646,-37.04841556744083,100 174.8737896085018,-37.04841453056555,100 174.87387406925527,-37.04841783602378,100 174.87394154473228,-37.04841686723572,100 174.87403133790033,-37.04840655977964,100 174.87409329082698,-37.04841019279156,100 174.87415505098946,-37.048404799571195,100 174.87421662105717,-37.04839039810294,100 174.87428991547085,-37.04839838803796,100 174.87432897467082,-37.048384282773156,100 174.8744077223556,-37.04838316441758,100 174.8744754063023,-37.04839122037541,100 174.8745313313503,-37.048376900753546,100 174.8745874656347,-37.04837158991897,100 174.87465535777264,-37.04838865640637,100 174.87471127170994,-37.048339288839095,100 174.87475596243635,-37.04826299920327,100 174.87480065291447,-37.04817326663253,100 174.8748285590361,-37.048110462595474,100 174.87486770495582,-37.04806109233621,100 174.87489562870817,-37.04801623743804,100 174.87492914514655,-37.04795341318556,100 174.87498502519782,-37.04788162162873,100 174.87504092227022,-37.0477874035754,100 174.8750799836281,-37.04767972844263,100 174.87509110513957,-37.04759449581881,100 174.87512460556238,-37.04752719589754,100 174.87520849192677,-37.04745538325299,100 174.8752923773435,-37.047423929076224,100 174.87538187433765,-37.047379027006286,100 174.87547140621032,-37.04736551667402,100 174.87553850822786,-37.04732063243725,100 174.87561123877123,-37.04730264413904,100 174.87569515819519,-37.04729812095316,100 174.8757566988798,-37.04729358301213,100 174.87579584485601,-37.04726216188431,100 174.87579021546762,-37.04722628355388,100 174.87584055072048,-37.04719934517445,100 174.87590768602706,-37.047176884603324,100 174.87598038226992,-37.04712750426902,100 174.8760138982073,-37.0470781388699,100 174.87605299188527,-37.04699737669872,100 174.87612011007374,-37.04696144271412,100 174.87619282283345,-37.04691206199072,100 174.87624873476977,-37.04688064407741,100 174.8763270593029,-37.04685815858119,100 174.87637739339374,-37.046831236219205,100 174.87645014051296,-37.04681773833902,100 174.87653965357575,-37.04681317923895,100 174.87662918423905,-37.04680865043714,100 174.87668514758508,-37.04682206587916,100 174.8767355170103,-37.04683100922337,100 174.87680824649246,-37.046822002591476,100 174.87688097625346,-37.04680401443548,100 174.8769201210585,-37.046768100871475,100 174.87696482503944,-37.04671424993027,100 174.87699835787768,-37.04667386636855,100 174.8770430968807,-37.0466424401412,100 174.87705988137577,-37.046633459811765,100 174.8771102491734,-37.04663791273674,100 174.87714935908488,-37.046584066443366,100 174.87718846956037,-37.04652125307403,100 174.87722759628517,-37.04647188235527,100 174.87722754394701,-37.046431507554445,100 174.87722752632675,-37.04640459224919,100 174.87726667116584,-37.046368694795845,100 174.87730022046782,-37.04634624499863,100 174.8773617436462,-37.046332771002,100 174.87742331766833,-37.046337198731784,100 174.87746247949386,-37.046337183583795,100 174.87751842581883,-37.04633266569807,100 174.87757998327746,-37.04633263306473,100 174.8776471178344,-37.04631913858626,100 174.87773663068288,-37.046301136574414,100 174.87779257493213,-37.046274177073556,100 174.87784289182298,-37.04625622142361,100 174.87789810789775,-37.04624333641816,100 174.87794799690292,-37.04621276476436,100 174.8779923763068,-37.04618214964223,100 174.87803671981237,-37.046155964971554,100 174.87808119002713,-37.04611653634908,100 174.87810904216104,-37.046085806149556,100 174.87815327711422,-37.046068451408075,100 174.87819751277098,-37.04605108041572,100 174.87825267552216,-37.04604260976742,100 174.87830220350972,-37.046047354893226,100 174.87833574492194,-37.04599901142742,100 174.8783361224853,-37.04596369333738,100 174.87836966529812,-37.0459153633594,100 174.8784360088492,-37.04588932312623,100 174.87848586078886,-37.045863150190435,100 174.87852464016066,-37.04584133555308,100 174.8785910920198,-37.04580646616721,100 174.8786246876911,-37.04575372160565,100 174.87866942715053,-37.04568779022367,100 174.87871411345097,-37.045626273342926,100 174.8787754870881,-37.04555162782174,100 174.87882577350982,-37.04548133994678,100 174.87887056533924,-37.04541097866258,100 174.87892081427012,-37.04534510591901,100 174.8789433012473,-37.04530110322678,100 174.87899367627665,-37.04522197210543,100 174.8790496133531,-37.04513845363243,100 174.87907238708732,-37.04506796341609,100 174.87910583868847,-37.04502846293179,100 174.87916668969802,-37.04500237772957,100 174.87922212304724,-37.044967434717265,100 174.87931041073014,-37.044950350447934,100 174.87938780648912,-37.04492437972031,100 174.879430799306,-37.04491359665864,100 174.8794682357839,-37.04490679705788,100 174.8795158964656,-37.044904697946826,100 174.87959810876396,-37.04491974742034,100 174.87965972771144,-37.04492968565173,100 174.87973513549298,-37.04494483655969,100 174.87985197749785,-37.04498119628426,100 174.8799483894962,-37.04501787972329,100 174.8800248781387,-37.04507674718317,100 174.88008038030586,-37.04511411232851,100 174.88015619879633,-37.045145671864795,100 174.88018513821928,-37.04521078641383,100 174.88021435521543,-37.045286830246496,100 174.8802226829233,-37.04534682136697,100 174.88023812757825,-37.04541763785861,100 174.88026024575476,-37.0454828560164,100 174.8803234053601,-37.04555288900219,100 174.88038600735797,-37.04560104808771,100 174.88046905654923,-37.045648882045576,100 174.88053818463126,-37.04568600929228,100 174.8806277599342,-37.04572281227762,100 174.88067714714495,-37.04578760155926,100 174.8807537843497,-37.04585193256444,100 174.88079662827747,-37.04592777005924,100 174.88084588502252,-37.04598707961765,100 174.88090848810774,-37.04603525462185,100 174.88099207876692,-37.0461049469924,100 174.8810549424322,-37.04616403524932,100 174.88109710001714,-37.04621254973936,100 174.88110574103044,-37.04628346859836,100 174.88108735832503,-37.046365746152276,100 174.8810958521045,-37.04643120095169,100 174.88113217084984,-37.04651807098574,100 174.88115496124357,-37.04661061115989,100 174.8811641431034,-37.04670338880739,100 174.88113869452027,-37.04677487088722,100 174.88112062536743,-37.04686807625477,100 174.88110835816556,-37.04692292754595,100 174.88107597472958,-37.04698906312438,100 174.88105119782028,-37.047087852978336,100 174.88110058481686,-37.04715262673639,100 174.88114926744583,-37.04719009409964,100 174.88121897175097,-37.04724907915474,100 174.88129492477626,-37.04728611840319,100 174.8813920116077,-37.04735012367322,100 174.8814821634204,-37.04740876707795,100 174.8815927449981,-37.04746708629674,100 174.88164741384423,-37.04747164840552,100 174.88170306546704,-37.04751446054436,100 174.8817317118385,-37.04756866185265,100 174.88178110015363,-37.047633452415404,100 174.88180279301565,-37.04768227600902,100 174.88182519291828,-37.047758453687884,100 174.8818270128338,-37.047829460868684,100 174.88182173445082,-37.04788968755046,100 174.88180922361227,-37.047933610884876,100 174.88181143639167,-37.04802102722965,100 174.88180643578949,-37.04809218408801,100 174.8817742973144,-37.048169234320305,100 174.88176141996152,-37.04818429478675,100 174.88176215838877,-37.048191111328386,100 174.88171456360038,-37.04827691776794,100 174.88164709745712,-37.048340225724154,100 174.88156237654786,-37.048401527095756,100 174.88146598374044,-37.04851852200855,100 174.88142783967774,-37.04853188503942,100 174.8814335340499,-37.048573926029725,100 174.88150854035416,-37.04864246709171,100 174.88159853452322,-37.04878026694699,100 174.8816556003546,-37.04886113842681,100 174.88175442374387,-37.04892647586843,100 174.88186609711573,-37.04895341489313,100 174.8819613353552,-37.0489848975926,100 174.88205554684842,-37.04904814844226,100 174.88211085530284,-37.04909034841726,100 174.88214230546222,-37.04914316757711,100 174.88214783774748,-37.04905011869223,100 174.88226035046318,-37.048959078138914,100 174.88229180637526,-37.048925232569125,100 174.88230740710773,-37.048880901433655,100 174.882369068374,-37.04883223494326,100 174.88240312195705,-37.04877723603985,100 174.8824139001237,-37.04871156922544,100 174.88246085644099,-37.04863416827005,100 174.88261258430236,-37.04849715958628,100 174.88272432491874,-37.04846075510737,100 174.88283266785984,-37.048425508557905,100 174.88298885554116,-37.04829265029289,100 174.88308187746188,-37.04823860588247,100 174.88321506855348,-37.048125816696235,100 174.88353591747628,-37.047860353765365,100 174.88376642490715,-37.047643049281625,100 174.88387141434862,-37.04759666270688,100 174.88394328210967,-37.04755012619987,100 174.88401117276752,-37.04744892763532,100 174.88407968893878,-37.0473126864278,100 174.88415760399909,-37.047199867590244,100 174.88433636404804,-37.04707559710032,100 174.8846251531905,-37.046943892579186,100 174.8848030500969,-37.046815965916366,100 174.88495643809028,-37.046723156545234,100 174.88520732627606,-37.04666676001818,100 174.8853957996152,-37.04664902325037,100 174.88556816724352,-37.046638396632105,100 174.8856637289234,-37.046681827897736,100 174.8857598517817,-37.046705765840706,100 174.88595367111557,-37.04670690655347,100 174.8860957736155,-37.046683999811066,100 174.8861747143283,-37.046641565776014,100 174.88623067450928,-37.04654068279002,100 174.88620385213252,-37.046451031564324,100 174.88624893761508,-37.046373165886216,100 174.8863360825741,-37.04633054268106,100 174.88633574074277,-37.04631668791417,100 174.88633734888768,-37.04631020181286,100 174.88633677704263,-37.04627129273937,100 174.88633630116075,-37.04626910203551,100 174.8863344581988,-37.046266919555215,100 174.886333478007,-37.04626397887828,100 174.88633334778018,-37.046254084666664,100 174.8863363252101,-37.046239366838144,100 174.88633627482452,-37.046234969291575,100 174.88633436916444,-37.04622984506131,100 174.88633385123072,-37.04622545585227,100 174.88633103839112,-37.04622070386682,100 174.88632904145476,-37.04620971181729,100 174.88632468437112,-37.04619213274409,100 174.88632411141114,-37.04618443032704,100 174.88632223294726,-37.04617967790121,100 174.88632213246046,-37.04617343799125,100 174.88631218837537,-37.04614782615483,100 174.88631213677007,-37.046145287109866,100 174.8863111760811,-37.046143088794366,100 174.88631011539186,-37.046132080952454,100 174.8863104278067,-37.04612253481308,100 174.88631481320581,-37.04610927903418,100 174.88632418127287,-37.04609449561722,100 174.88632590886334,-37.04608861058641,100 174.88633300122586,-37.04607424010678,100 174.88633738962523,-37.046061696306964,100 174.88633872458266,-37.04605984543411,100 174.88634088536,-37.046051383003366,100 174.88634444104667,-37.04604585375226,100 174.88634807399376,-37.04604249180203,100 174.8863565493841,-37.04602993887916,100 174.88636242208304,-37.046025484079564,100 174.88636236328955,-37.046021428259614,100 174.88636406680635,-37.04601334443709,100 174.886359836548,-37.04600493137958,100 174.88635966002647,-37.04599393921824,100 174.88636414389893,-37.045988750316326,100 174.88636502057824,-37.04598469313722,100 174.88637850695218,-37.04597171170971,100 174.88638250304456,-37.045963215580834,100 174.8863833326843,-37.04595807578614,100 174.88638727949723,-37.0459477706288,100 174.88639136843005,-37.045945886768536,100 174.88639087531047,-37.04594368101684,100 174.88639528852192,-37.04593336663848,100 174.8863952105829,-37.045928582871944,100 174.88640049194493,-37.04591641062374,100 174.88640681960425,-37.0459108489987,100 174.88640764229356,-37.045906064426916,100 174.88640898491758,-37.045903842095385,100 174.88640982484526,-37.04589907257151,100 174.88641382097524,-37.04589057824357,100 174.88641733155248,-37.045882091638404,100 174.8864204476191,-37.045876927193795,100 174.88643943651192,-37.04583377371856,100 174.88644256477133,-37.04582969244306,100 174.88646745648305,-37.04578575558019,100 174.88647321106444,-37.04577503140268,100 174.88647951691289,-37.04576872564627,100 174.88648396637927,-37.045760966777145,100 174.88648845023005,-37.045755777870966,100 174.88649107807137,-37.04574987761702,100 174.88649105251804,-37.04574766442858,100 174.8864896300262,-37.0457443891949,100 174.88649001736414,-37.0457388697766,100 174.88649704653787,-37.04572154042024,100 174.88650109456134,-37.04571818628401,100 174.88650291772453,-37.04571707121709,100 174.8865033122526,-37.045713749957145,100 174.8865055532117,-37.04571079860395,100 174.88650855312363,-37.045697536013826,100 174.88651386231476,-37.04568830606521,100 174.88651879458152,-37.04568238177421,100 174.886524509827,-37.04566834323536,100 174.88652492540365,-37.04566578143715,100 174.8865284780159,-37.045659493334156,100 174.88653283389542,-37.045645138429535,100 174.88653233808685,-37.04564218824661,100 174.88653090871446,-37.04563927093926,100 174.88653225133046,-37.04563704860647,100 174.88653213785122,-37.045629693993874,100 174.88653569124196,-37.04562343742381,100 174.88653743217276,-37.045618637343864,100 174.88653738404105,-37.04561496711105,100 174.8865349749508,-37.04560726596038,100 174.88652574743168,-37.04560037988547,100 174.88652885702643,-37.04559372839453,100 174.88652923243015,-37.04558968008886,100 174.88652824694688,-37.045585299218594,100 174.88652684058016,-37.04558199398586,100 174.88652631838065,-37.04557870443224,100 174.8865315320664,-37.04556211958419,100 174.8865473338385,-37.04555019729029,100 174.88655186578296,-37.045548677713896,100 174.8865546006619,-37.045548645928484,100 174.8865573894145,-37.04555119911826,100 174.886567022892,-37.04555513508474,100 174.8865724700566,-37.04555288711922,100 174.88658520657708,-37.04555054303226,100 174.88660120206032,-37.04555148732501,100 174.8866089046811,-37.04554810028825,100 174.88661338851125,-37.04554291137775,100 174.88661514517088,-37.04553811104649,100 174.886615226717,-37.04551497155356,100 174.88661918303288,-37.04550500692902,100 174.8866191180382,-37.04550133696446,100 174.88662490091355,-37.04549171191663,100 174.88662473276696,-37.04548105941249,100 174.8866260126693,-37.04547589532891,100 174.88662508067884,-37.0454740841186,100 174.88662502601963,-37.04547078622688,100 174.88662944070265,-37.04546116942324,100 174.88663024813076,-37.045454542833596,100 174.88663056317216,-37.04544574022438,100 174.88663320821763,-37.04543980904936,100 174.8866363536897,-37.04543574281714,100 174.8866366045022,-37.04542325581031,100 174.8866432051099,-37.04540737534388,100 174.8866494313687,-37.04539812899862,100 174.88665115740068,-37.045391501315805,100 174.8866511039034,-37.0453889316567,100 174.88665378219505,-37.04538484311266,100 174.88665507933254,-37.045379694076686,100 174.8866573030602,-37.04537672857394,100 174.88666451063023,-37.04537042288473,100 174.88667746128448,-37.04535302185461,100 174.886680104014,-37.045346361562984,100 174.88668677720136,-37.04533636543432,100 174.88668764343228,-37.04533379466408,100 174.88669877482602,-37.045316394631385,100 174.88670456949492,-37.04530715605015,100 174.8867049769707,-37.04530494859139,100 174.8867072241215,-37.04530161228047,100 174.8867202534565,-37.04528897967838,100 174.88672516655285,-37.04528305478263,100 174.88673281145418,-37.04527561190099,100 174.88673949529948,-37.04526600135665,100 174.8867462196849,-37.045257846669244,100 174.8867470821222,-37.04525453238568,100 174.88675338441556,-37.04524931183782,100 174.88675609746954,-37.045247808570736,100 174.88675607493315,-37.04524635332833,100 174.886768656235,-37.045234472322946,100 174.88677535991962,-37.04522557258739,100 174.88678209154082,-37.04521961785834,100 174.88678649509168,-37.04520891696104,100 174.88678649013647,-37.04520744521553,100 174.88678779789532,-37.0452052234344,100 174.88678818558984,-37.045199719331414,100 174.88679294235146,-37.04518421068372,100 174.88679286743678,-37.045180185764444,100 174.88679954169712,-37.04517018871116,100 174.88680572552153,-37.04515614180305,100 174.8868155375823,-37.04514245087147,100 174.88682451777038,-37.04513317242276,100 174.8868312317988,-37.045124645658106,100 174.88684022117326,-37.04511573839805,100 174.8868509341853,-37.04510201510449,100 174.8868518157867,-37.045099429667715,100 174.8868531518395,-37.04509757877172,100 174.88685996714565,-37.045095322547134,100 174.88686353230835,-37.045090133821624,100 174.88687155704136,-37.045083319404306,100 174.88688065586828,-37.04507588132299,100 174.88688964239543,-37.04507194568024,100 174.88689371140708,-37.04506871467522,100 174.8869090234855,-37.045062996568376,100 174.8869112693628,-37.04506083557028,100 174.8869166616984,-37.04505978088268,100 174.8869238783913,-37.04505511720306,100 174.88693062554037,-37.04505224286512,100 174.88693423696608,-37.045049376955184,100 174.8869364939432,-37.045048300044975,100 174.88694008463884,-37.04504723075733,100 174.88694551576344,-37.04504183929277,100 174.88695273472004,-37.04503790292523,100 174.8869599503425,-37.04502997204479,100 174.88696852683339,-37.04502241878891,100 174.88697171519124,-37.04501736133597,100 174.88697848466327,-37.04501089315357,100 174.88698389507624,-37.04500729921078,100 174.88699200356623,-37.04500227884421,100 174.8869992325507,-37.044996159363606,100 174.88700463868514,-37.04499366417373,100 174.8870073387174,-37.04499295245036,100 174.88701047641572,-37.0449911621168,100 174.88701951052417,-37.04498324556265,100 174.88703534292145,-37.04496416729005,100 174.88703626428878,-37.04496237075881,100 174.88705250814294,-37.044950146639806,100 174.88705610685707,-37.04494872030598,100 174.8870601678302,-37.04494584633839,100 174.88706737805563,-37.04493901512447,100 174.8870741447692,-37.044934343273255,100 174.88708270046072,-37.044931127400034,100 174.88708540622395,-37.044929330417474,100 174.88708811661934,-37.04492644909619,100 174.88709352353345,-37.04492466681891,100 174.88709532060983,-37.044923225887224,100 174.8870971403015,-37.04492070033072,100 174.88711155718008,-37.04491138943553,100 174.88712152307053,-37.04489696687914,100 174.88712739453678,-37.0448911961628,100 174.88713999699928,-37.04488585011472,100 174.88714179369464,-37.04488439386629,100 174.88714361380772,-37.0448818854271,100 174.8871494783472,-37.044877197282254,100 174.887160760963,-37.044867863246324,100 174.8871616742796,-37.04486642285609,100 174.8871639086113,-37.0448664296656,100 174.88716886329198,-37.04486391190875,100 174.8871738310293,-37.044859968987254,100 174.8871774293798,-37.044858528234776,100 174.88717969248196,-37.04485638227972,100 174.8871824243614,-37.04485241634952,100 174.8871851178912,-37.044849535294425,100 174.88718873963595,-37.04484704144994,100 174.8871918976462,-37.044843438272416,100 174.8872027080893,-37.04483587829537,100 174.8872058841039,-37.0448322757323,100 174.88721039614705,-37.04482940990438,100 174.88721534582783,-37.044828007134356,100 174.88722301048927,-37.04482259183427,100 174.88722392191377,-37.04482043944598,100 174.8872311420272,-37.04481396317751,100 174.88723341969364,-37.044811088738584,100 174.8872379148753,-37.044808223177945,100 174.88723836789356,-37.0448064025521,100 174.88724650594872,-37.04479740155334,100 174.88724877098244,-37.04479596939654,100 174.88725281964318,-37.04479455121928,100 174.8872577696639,-37.044793116896585,100 174.88726090730282,-37.044793867324614,100 174.88726544164265,-37.04478736168693,100 174.8872676886479,-37.04478592801405,100 174.88726813516703,-37.04478448063008,100 174.8872694941655,-37.04478414715503,100 174.88727040518665,-37.044781978549395,100 174.88727312246976,-37.04477874019922,100 174.88728078790302,-37.044773356428706,100 174.88728482736957,-37.04477156706073,100 174.88728665586453,-37.04476939737514,100 174.88730105498476,-37.044762595060206,100 174.887304231014,-37.04475899339561,100 174.88731592786186,-37.04475217639607,100 174.88732316059273,-37.04474680040966,100 174.88732675124606,-37.04474573020986,100 174.88733802768857,-37.04473746519844,100 174.88735290465357,-37.04473102570802,100 174.8873609889327,-37.04472961541188,100 174.8873672857356,-37.04472676443933,100 174.88737450536243,-37.044722811812434,100 174.88737988964365,-37.0447221141474,100 174.8873861860659,-37.04471924785779,100 174.8873911288144,-37.04471820120468,100 174.8873951827777,-37.04471822321704,100 174.88739970518674,-37.04471318868721,100 174.8874128539806,-37.04469226754931,100 174.88741870505194,-37.044690850426534,100 174.8874196160455,-37.044688680918924,100 174.88741960884337,-37.04468652872708,100 174.88742783710464,-37.044664872917764,100 174.88743599781728,-37.044652248316204,100 174.88744140588904,-37.04464792613905,100 174.88744907394826,-37.04464328498796,100 174.8874508687395,-37.044641116737566,100 174.88745405976235,-37.04463426203559,100 174.8874581137823,-37.04463174417911,100 174.88746082107556,-37.044630690736994,100 174.88746261773642,-37.04462923358304,100 174.8874626564982,-37.04462489680772,100 174.88746723545947,-37.04460793626364,100 174.88746998117233,-37.044599989962165,100 174.8874700245608,-37.044594568848254,100 174.88746777577185,-37.0445902098926,100 174.88747278071165,-37.04458191398488,100 174.88747650773243,-37.04456097243278,100 174.88747562174532,-37.044557704896,100 174.88747568635165,-37.044545422742154,100 174.88747660730218,-37.04454360999079,100 174.88747616243526,-37.04453999384094,100 174.88747663041295,-37.04453746094843,100 174.88747574365743,-37.044533481396186,100 174.8874776240754,-37.044520470034456,100 174.88747766560925,-37.04451179615513,100 174.88747678804728,-37.04450818779253,100 174.8874759073494,-37.04450635954907,100 174.8874759450698,-37.04449948382567,100 174.88747820865387,-37.0444922734477,100 174.88747425187987,-37.044479241415736,100 174.8874742867606,-37.04447670009344,100 174.8874774793999,-37.044464780955394,100 174.88747661602412,-37.04446042879376,100 174.8874775251432,-37.04445754818912,100 174.88748068268413,-37.04445646955529,100 174.88747977790808,-37.044455031057,100 174.88747937602827,-37.04444597757607,100 174.88747984211273,-37.04444273268594,100 174.8874825594582,-37.044436955365455,100 174.88748265204572,-37.04442248891404,100 174.88748493665094,-37.04441671757888,100 174.88748677534656,-37.04440406469726,100 174.88748332110495,-37.044382721884155,100 174.8874837909966,-37.04438090189011,100 174.88748063122534,-37.04437871244245,100 174.88747444007396,-37.044365670903304,100 174.88747533042817,-37.04436275905174,100 174.88747495618873,-37.044351552824224,100 174.8874732326082,-37.04433525859538,100 174.88747324347145,-37.044330567151306,100 174.88747101338123,-37.04432945979152,100 174.8874697189392,-37.044320050981256,100 174.88746574189977,-37.04430629101991,100 174.88746262777138,-37.0442994068702,100 174.8874577411754,-37.044291052063905,100 174.8874573572829,-37.04428199829637,100 174.88745558151095,-37.044274038325874,100 174.8874555918897,-37.04427186963069,100 174.88745739129988,-37.04426861704168,100 174.88745568416599,-37.044254847995745,100 174.8874556972799,-37.04425088296431,100 174.8874584737002,-37.0442389560293,100 174.88746974826321,-37.0442248983747,100 174.88747649227943,-37.044221311127274,100 174.88748236015041,-37.04421989283305,100 174.8874859587997,-37.044218465586255,100 174.88749493136015,-37.04421851116711,100 174.88749718597225,-37.04421924680026,100 174.88751112457922,-37.0442171448633,100 174.88751649653108,-37.04421790298964,100 174.88751874884883,-37.044217910407745,100 174.88752502710025,-37.04422012323093,100 174.8875295079208,-37.04422376167546,100 174.88753666381533,-37.04422704389444,100 174.88754203108294,-37.044231426225096,100 174.8875447375211,-37.044232881115214,100 174.88755414419919,-37.0442354731682,100 174.88756178532998,-37.04423623844149,100 174.88758060903942,-37.044242475999965,100 174.88759718609072,-37.04425270241693,100 174.8876016627275,-37.044254900646386,100 174.88761333708467,-37.044257484544495,100 174.88761825446056,-37.04425931884371,100 174.88762320366095,-37.044260440608504,100 174.8876325984678,-37.04426518605193,100 174.88764427857618,-37.04426668559045,100 174.88765099986915,-37.04426926269159,100 174.88765815571796,-37.04427508476971,100 174.88767161713704,-37.044278411733366,100 174.88768913367497,-37.04427922081377,100 174.88769854728352,-37.044281456731,100 174.88770215479084,-37.04428038715312,100 174.8877071151632,-37.044276785018674,100 174.88772105845032,-37.044271058851656,100 174.88772378793198,-37.044268904562145,100 174.88772513777758,-37.044265660025836,100 174.88773189636947,-37.044261345182214,100 174.88773595303653,-37.044259570847515,100 174.88773956171852,-37.04425596138395,100 174.8877431665356,-37.044253466890986,100 174.8877584684229,-37.044247391923484,100 174.8877647590446,-37.04424560997149,100 174.88777869455492,-37.04424533498924,100 174.88778364153254,-37.044243189567034,100 174.8877886041227,-37.044242854609585,100 174.88778867644638,-37.044225121265086,100 174.88780311758757,-37.04421543676264,100 174.88780942666804,-37.044208590104894,100 174.8878306413467,-37.04419061036826,100 174.88784326177284,-37.044177644363316,100 174.88784552948056,-37.044174414958846,100 174.88785095205688,-37.0441693642814,100 174.88785323777338,-37.04416359382297,100 174.88786089973073,-37.04415494195404,100 174.8878721717382,-37.044150316416314,100 174.88787892264745,-37.04414637302269,100 174.88788568277093,-37.044139533602326,100 174.8878879435816,-37.044134119553526,100 174.88789656365526,-37.044121842721495,100 174.88789836109942,-37.04412041799543,100 174.88789973581513,-37.04411681614616,100 174.88791010572854,-37.044109635355305,100 174.8879110017615,-37.04410817901112,100 174.8879249557229,-37.04410284020999,100 174.88793169742988,-37.04409852562393,100 174.88793441466106,-37.04409528725972,100 174.88793715336575,-37.04409023784018,100 174.8879412039184,-37.0440869917716,100 174.887948898501,-37.04407185091279,100 174.88795206638383,-37.044068603572086,100 174.88795521287622,-37.04406644444195,100 174.8879620066816,-37.04405960357986,100 174.88796381915304,-37.044052385952924,100 174.8879642760197,-37.04404876987175,100 174.88796746887027,-37.04404262715481,100 174.88796926631122,-37.044041202427735,100 174.887973335312,-37.044032891654815,100 174.8879747303942,-37.04402493799988,100 174.88797428970375,-37.04402276206417,100 174.88797565177347,-37.04402060159544,100 174.8879810521068,-37.0440166508533,100 174.8879896225953,-37.04401272175132,100 174.88799909998883,-37.04400010499393,100 174.88799956337073,-37.04399611657165,100 174.88799913456904,-37.0439917881403,100 174.88799734331948,-37.043989604861856,100 174.88799914917306,-37.04398851979085,100 174.8880063837688,-37.04397877602987,100 174.88802797968071,-37.04396529669431,100 174.88803744197276,-37.0439616472167,100 174.8880441867827,-37.04395364625441,100 174.88804869104248,-37.04395110498743,100 174.88805274078183,-37.04395036814967,100 174.88805535268315,-37.04394896019895,100 174.88806241061766,-37.043945429209884,100 174.88808113086483,-37.04393197040598,100 174.8880848102737,-37.04393094473709,100 174.8880946386869,-37.043924237621894,100 174.88810540026745,-37.043916801820195,100 174.88810775023816,-37.04391466978699,100 174.88810784370315,-37.04391172555174,100 174.88810880869178,-37.043910284331766,100 174.88811339218708,-37.0439100338091,100 174.88812279902365,-37.04390183183558,100 174.8881455708265,-37.04388957124549,100 174.88814982160864,-37.04388601193482,100 174.88815260699326,-37.043884617443595,100 174.8881691269254,-37.043868531211665,100 174.88817491862557,-37.04385986493331,100 174.88819026769326,-37.04383895284638,100 174.8881935497025,-37.04383609214313,100 174.8881964702613,-37.04383139493514,100 174.88819704007918,-37.043828117746635,100 174.88819546294704,-37.043821098287125,100 174.8881928917354,-37.043816977914865,100 174.88819254870185,-37.04381329795672,100 174.88819373581015,-37.04380598212603,100 174.88819336366032,-37.04380375913362,100 174.8881943121442,-37.04380233259654,100 174.88819578123824,-37.04378692941036,100 174.88819502309488,-37.04378324073867,100 174.88819415848914,-37.043781381600034,100 174.88818800167584,-37.04377535617854,100 174.88818151905474,-37.04376561988005,100 174.88817399004554,-37.04374668714194,100 174.8881615547857,-37.04372505199652,100 174.8881607147031,-37.04372282113123,100 174.88815850910285,-37.04369519982605,100 174.88816571682952,-37.04368509956807,100 174.888165469941,-37.04367921890497,100 174.88816697984302,-37.04367485690642,100 174.88817037557016,-37.04366977899585,100 174.88817858255635,-37.04364355568075,100 174.88818389139036,-37.04363559559727,100 174.88818620880934,-37.04363419233189,100 174.88820011727412,-37.04361508595108,100 174.88820555902421,-37.043603096738195,100 174.88820397500123,-37.04359643430337,100 174.8881988126671,-37.04358748004537,100 174.88819483998674,-37.043584065170464,100 174.88819089604368,-37.04357917801356,100 174.8881889091937,-37.04357105106842,100 174.88818273343495,-37.04355286920125,100 174.88817493666156,-37.04354128091973,100 174.88817006914184,-37.043537463888626,100 174.88816971305388,-37.04353711444492,100 174.88816731447403,-37.04353487864765,100 174.8881650247193,-37.04352900256605,100 174.8881604149057,-37.043523833085736,100 174.88815814155635,-37.04352492740411,100 174.88815399733147,-37.043519035779866,100 174.888153042047,-37.043511292589386,100 174.88815395157323,-37.04350652374768,100 174.88815393359323,-37.04350393730029,100 174.88815115030982,-37.043495840158016,100 174.8881502053685,-37.04348846904011,100 174.88814880891556,-37.043485519681994,100 174.88814785449435,-37.04347336370837,100 174.88814872837526,-37.0434685629873,100 174.888150106129,-37.043466355399225,100 174.88814730864598,-37.04345900115483,100 174.8881440331134,-37.043439839366826,100 174.88814355146567,-37.04343355955917,100 174.88814214665487,-37.04342841206101,100 174.88814257024683,-37.04342104799813,100 174.88814533114996,-37.04341430918239,100 174.88814858674326,-37.04340983827616,100 174.8881513545082,-37.04340460181971,100 174.88815317649002,-37.04339899466293,100 174.88815453538578,-37.04337505881209,100 174.88815170678902,-37.043350019735946,100 174.88814612215177,-37.043339539986356,100 174.88814423841472,-37.04332568092712,100 174.8881451562956,-37.043321203973875,100 174.888145134554,-37.043315969564105,100 174.88814418094262,-37.04330062387316,100 174.88814185633464,-37.04329538286153,100 174.88814092287564,-37.04329165191502,100 174.8881381135001,-37.04328640419975,100 174.88813718730245,-37.0432822855782,100 174.88813902538647,-37.04327406078727,100 174.88813760793803,-37.043268448418786,100 174.88813762481988,-37.043263956066085,100 174.88813340726188,-37.04324897688928,100 174.88813338364247,-37.04324112513137,100 174.88813197843967,-37.04323401009915,100 174.88812359173755,-37.043216035572925,100 174.88812266556403,-37.04321191785212,100 174.88811939520264,-37.0432063070402,100 174.88811848964684,-37.04320293076182,100 174.88810776799295,-37.043185696419904,100 174.88809986788715,-37.043176697412285,100 174.88808595641922,-37.043167677831605,100 174.8880827063017,-37.043164699396456,100 174.88807526608923,-37.04315606440206,100 174.888072010966,-37.04315420005432,100 174.88806876848412,-37.04315343599373,100 174.88805900968518,-37.0431474273453,100 174.88805253734787,-37.0431444118757,100 174.88804973217358,-37.0431425556868,100 174.88803491041503,-37.04314140542869,100 174.88802472495945,-37.0431413665765,100 174.88802053096364,-37.0431387294357,100 174.88801913949982,-37.04313725182085,100 174.8880140383693,-37.043134986936536,100 174.88799966961844,-37.04313269742877,100 174.8879973415122,-37.04313307878525,100 174.8879839086233,-37.04313080502248,100 174.88797835642248,-37.0431285319947,100 174.88797463529002,-37.04312927892079,100 174.88796953450748,-37.04313152143526,100 174.8879635269701,-37.04313224527026,100 174.8879574945068,-37.04313523086592,100 174.8879561175118,-37.04313746908402,100 174.88795241323746,-37.04313821574108,100 174.88794545688614,-37.043137810927334,100 174.8879394328686,-37.043138550345574,100 174.887927386171,-37.04313440954809,100 174.88791254603075,-37.04313324334381,100 174.88789957111285,-37.043130620688565,100 174.88788334181004,-37.043128705078885,100 174.88787547409564,-37.04312981813758,100 174.8878666755294,-37.04312980136002,100 174.88785737848266,-37.04312677315779,100 174.88785275486194,-37.04312490264612,100 174.88784159464723,-37.043117013639495,100 174.8878397490596,-37.043114769033195,100 174.88783790340864,-37.043114382910574,100 174.88783233861992,-37.043111011390295,100 174.88783093606062,-37.04310913106824,100 174.88782351914526,-37.04310388638116,100 174.88781699979282,-37.04309788293266,100 174.88781699412485,-37.043094522071364,100 174.8878179238519,-37.04309301922512,100 174.88781188929002,-37.043087023382135,100 174.88780908262117,-37.0430825191888,100 174.88780907657417,-37.04307914301141,100 174.8878099971487,-37.04307540959087,100 174.88780952507645,-37.043072057054474,100 174.8878072058512,-37.043068303096746,100 174.887800232778,-37.0430615488748,100 174.887796520098,-37.04306004961859,100 174.88779372986016,-37.0430574342903,100 174.88779419516462,-37.04305479418393,100 174.88779512565048,-37.043053321970014,100 174.88779511573964,-37.043051060763474,100 174.8877885949067,-37.04304245528076,100 174.88777746388624,-37.043031204851545,100 174.88777420922796,-37.04302745226234,100 174.88777094124194,-37.04301807756931,100 174.88777137555022,-37.043013686728436,100 174.8877672099751,-37.04300697614667,100 174.8877588409649,-37.042993478974694,100 174.88775014796875,-37.042980156403246,100 174.88774077264722,-37.0429672034089,100 174.88773342129087,-37.04295802259198,100 174.88772259090783,-37.0429456993305,100 174.88771095792438,-37.04293383768997,100 174.88769862763198,-37.04292242157352,100 174.88768566901368,-37.04291146700777,100 174.88767210114557,-37.042901017852664,100 174.88766300485545,-37.042895198715286,100 174.88764755613258,-37.04288630088809,100 174.88763182056422,-37.04287766990263,100 174.88761642546766,-37.04286884872968,100 174.88760198531216,-37.04285945174762,100 174.88758912741514,-37.042849021927765,100 174.88758173283506,-37.0428395019983,100 174.8875733485354,-37.04282606634405,100 174.8875657120688,-37.04281213659158,100 174.88755792359206,-37.04279828857222,100 174.88754909322978,-37.042785046584264,100 174.88753919902783,-37.04277592785376,100 174.88752580584074,-37.04276558405735,100 174.88751142508212,-37.0427558147824,100 174.8874965323966,-37.04274634927921,100 174.8874816741545,-37.04273686700256,100 174.88746729190368,-37.0427270824237,100 174.88745386271927,-37.04271664635769,100 174.88744820842035,-37.04271061199692,100 174.88743781005957,-37.04269829625375,100 174.88742826439903,-37.04268545319857,100 174.88741934865527,-37.042672212559005,100 174.88741085760364,-37.0426586866584,100 174.8874026058177,-37.042645015445366,100 174.88739438701597,-37.042631313963874,100 174.88738598207706,-37.04261772359989,100 174.88738578449687,-37.042617463564056,100 174.88737482021435,-37.04260472329461,100 174.8873637356991,-37.04259198583861,100 174.8873531860756,-37.04257914523329,100 174.88734370438524,-37.04256611458343,100 174.88733587656841,-37.04255276379112,100 174.8873303228179,-37.0425389838447,100 174.88732897625914,-37.042534051720686,100 174.8873266891037,-37.042519332012425,100 174.887326418396,-37.042504268367075,100 174.88732787463107,-37.042489020415246,100 174.8873307157928,-37.042473761241254,100 174.88733458544684,-37.04245871733559,100 174.88733743717512,-37.04245019612087,100 174.8873431249217,-37.04243578844455,100 174.88734876089939,-37.04242137888782,100 174.8873531115032,-37.0424068690103,100 174.88735509246422,-37.04239946214019,100 174.88735836441893,-37.04238343811602,100 174.88735940556387,-37.04236759199577,100 174.88735716633002,-37.04235276427033,100 174.88735054193774,-37.04233969986961,100 174.8873500583416,-37.04233910459444,100 174.88733811187845,-37.04232842590335,100 174.88732262385008,-37.04231934208728,100 174.88730565435836,-37.04231122911024,100 174.88730113762213,-37.04230944970929,100 174.88728255106128,-37.04230300643354,100 174.8872652705982,-37.042296183654344,100 174.88725257166422,-37.04228712755292,100 174.8872519441311,-37.04228634980089,100 174.88724421706763,-37.04227093612236,100 174.88724273106288,-37.042254514625355,100 174.88724858873738,-37.042241248000494,100 174.88724865728193,-37.042241200943465,100 174.8872622767196,-37.042235078005476,100 174.8872820286782,-37.04223278175019,100 174.8873037969892,-37.04223204510476,100 174.88732209196942,-37.0422303010905,100 174.8873407959088,-37.04222895344746,100 174.8873594967379,-37.042227525635155,100 174.8873780639801,-37.04222560693391,100 174.88739565747338,-37.04222354960261,100 174.88741421516133,-37.04222065493856,100 174.88743230801217,-37.04221660589152,100 174.88744961365845,-37.042210961447594,100 174.88745235490515,-37.04220987501917,100 174.88745303730556,-37.04220823731109,100 174.88746964181706,-37.04220292939156,100 174.88748723464386,-37.04219639619564,100 174.88750076450495,-37.042187565344655,100 174.88750198870585,-37.04218610378086,100 174.8875080553907,-37.04217287978383,100 174.8875100418884,-37.04215738905259,100 174.88751041444004,-37.04214115159056,100 174.88751252649956,-37.04212773455771,100 174.8875144065125,-37.0421127565587,100 174.88751578227857,-37.04209775684133,100 174.88751670772322,-37.04208273364611,100 174.88751700498045,-37.0420770759544,100 174.88751746290237,-37.04206206110063,100 174.88751748774132,-37.04204703781684,100 174.88751711321476,-37.04203200556641,100 174.88751639333728,-37.04201696619368,100 174.88751542914895,-37.04200191358415,100 174.88751422524876,-37.041986897236214,100 174.887512863601,-37.041971867175185,100 174.88751239789386,-37.04195982689306,100 174.88751164199502,-37.0419447403244,100 174.8875105736514,-37.04192965872793,100 174.88750897114755,-37.04191466404526,100 174.88750667904208,-37.04189979029554,100 174.8875035422145,-37.041885039046065,100 174.88750091689673,-37.04187382627667,100 174.88749672252376,-37.0418590936592,100 174.88749165089524,-37.041844531828445,100 174.8874857027842,-37.04183021738259,100 174.88747882652794,-37.04181619801129,100 174.88747102476788,-37.041802534960866,100 174.88746639101535,-37.04179516665627,100 174.88745716981157,-37.04178216341328,100 174.88744712536598,-37.041769468896945,100 174.88743656782532,-37.04175698533752,100 174.88742573460334,-37.04174458367599,100 174.88741495380668,-37.04173216495574,100 174.88741408964123,-37.04173095744412,100 174.88740457091367,-37.04171783455167,100 174.88739537733412,-37.04170458390735,100 174.8873901826546,-37.04169699289111,100 174.8873814324464,-37.041683439563435,100 174.8873736759169,-37.041669558572586,100 174.887367470163,-37.041655326633006,100 174.88736576830334,-37.04165007569395,100 174.8873623527743,-37.04163528290825,100 174.88736029809363,-37.04162018816296,100 174.8873589652138,-37.04160491068457,100 174.88735761511077,-37.04158966412443,100 174.8873547915658,-37.04157498539657,100 174.8873522869418,-37.041559927553685,100 174.8873510287442,-37.04154485077813,100 174.88735112645614,-37.041542076820484,100 174.8873527947916,-37.041526994936,100 174.88735522508452,-37.041511899124124,100 174.88735685779713,-37.041496786260836,100 174.88735678019987,-37.04149138239168,100 174.88735581488018,-37.04147623696316,100 174.88735436408217,-37.041461101062445,100 174.88735503640225,-37.04144756904181,100 174.88735498896034,-37.04144583479171,100 174.8873536216246,-37.041430573183206,100 174.8873535668751,-37.0414298151587,100 174.88735318589707,-37.041414520729916,100 174.88735304617768,-37.04139920713991,100 174.88735270224092,-37.04138717933891,100 174.887351991226,-37.04137186041882,100 174.8873513577556,-37.041361262182384,100 174.88735024926177,-37.04134596490923,100 174.88735119477477,-37.04134124056427,100 174.88735176638178,-37.04132849968598,100 174.88735009509585,-37.04131099777214,100 174.88735309594995,-37.04127862394724,100 174.88735404722422,-37.04127349662885,100 174.88735411900433,-37.04126658791319,100 174.8873519444339,-37.041253461714064,100 174.88734210768368,-37.04123884410991,100 174.88734031193763,-37.041235204388194,100 174.8873398789517,-37.041232656990054,100 174.8873336471924,-37.04121878057381,100 174.88732869828806,-37.04121511982334,100 174.8873246718604,-37.041207802235185,100 174.88732286613157,-37.04120634742648,100 174.88730817891766,-37.04117129338239,100 174.887298313387,-37.04115814625468,100 174.88729437107227,-37.0411424650529,100 174.8872741982614,-37.04111394980611,100 174.88726899925817,-37.04108515844115,100 174.88726722998476,-37.041079318220284,100 174.88726411488094,-37.04107238810934,100 174.8872627763666,-37.04106836977473,100 174.88726247199335,-37.0410527172103,100 174.88725685191594,-37.04101990643121,100 174.88725736631673,-37.04101334578513,100 174.88725650799864,-37.041007878628726,100 174.88725792685932,-37.04099952171829,100 174.88725845811834,-37.040992960803955,100 174.8872598542912,-37.040988228387384,100 174.8872594405095,-37.04098386816613,100 174.88726186096844,-37.04096456072998,100 174.8872619081591,-37.04096056360874,100 174.88726107444023,-37.040952184857396,100 174.88726252434643,-37.04094308387921,100 174.88726087917286,-37.04092268476459,100 174.88726181664074,-37.04091831656209,100 174.88726233679677,-37.04091067155875,100 174.88726567933548,-37.0408902796057,100 174.88726849158445,-37.04088157335133,100 174.8872727108719,-37.040864123715984,100 174.88727783216368,-37.04084990982076,100 174.8872824570516,-37.04084230225161,100 174.88729526618616,-37.04082925578947,100 174.88730213295128,-37.04082128357176,100 174.88731685182438,-37.04079949924653,100 174.88732145748477,-37.04079370359767,100 174.88733604782027,-37.04078248456791,100 174.8873634928975,-37.04075674741739,100 174.88737590269238,-37.040741151210426,100 174.8873804934684,-37.040733528858226,100 174.88738964118457,-37.040724091776674,100 174.88740013352208,-37.040720145657026,100 174.88742840302058,-37.040705000986456,100 174.88744249916928,-37.04070106871799,100 174.8874538963402,-37.040696023027934,100 174.88746482473798,-37.04069279641238,100 174.8874825861308,-37.040684866224154,100 174.8875467625957,-37.04066152239855,100 174.8875513356193,-37.04065899537918,100 174.88756955798894,-37.040651429178205,100 174.88757593490212,-37.040647105096916,100 174.88758002773739,-37.04064602689926,100 174.8876000942034,-37.040635563404955,100 174.88761152166825,-37.04062652084746,100 174.88761609012212,-37.040622538296624,100 174.88762112844458,-37.04061673575069,100 174.88762344893408,-37.04061164612513,100 174.8876363247219,-37.04059275993567,100 174.88764092660932,-37.04058368089375,100 174.8876400582717,-37.04058039775277,100 174.88764476072188,-37.04055967139499,100 174.88764299606672,-37.0405552894116,100 174.88763921763194,-37.04051885134498,100 174.8876388483529,-37.04050975137398,100 174.88763981377545,-37.04050319887036,100 174.88764353237747,-37.04049154985454,100 174.8876450797571,-37.0404700886756,100 174.88764467126794,-37.040467168651006,100 174.88764564441612,-37.040457704820824,100 174.88764705399663,-37.04045224393478,100 174.88765262467538,-37.040439881355184,100 174.8876553590185,-37.040436612080455,100 174.88766220807048,-37.04043119621499,100 174.8876649646423,-37.040426826998534,100 174.8876836752331,-37.04041491594811,100 174.88768866437096,-37.040414936589215,100 174.88770910159826,-37.04041431659797,100 174.88771365428843,-37.04041360241322,100 174.88772499342082,-37.040414024014304,100 174.88772906093755,-37.040415873641535,100 174.88774079279543,-37.04042248273383,100 174.8877525080615,-37.040434187145785,100 174.88776832315244,-37.04044191826117,100 174.88777420213898,-37.04044413833208,100 174.88777736983906,-37.040445973437436,100 174.8877805218079,-37.04044853524202,100 174.88778951933747,-37.04045841360667,100 174.88779627780866,-37.04046173368697,100 174.88779762595337,-37.040463552687065,100 174.8878048622553,-37.04046723559648,100 174.88781434161905,-37.04047128298194,100 174.88782427463764,-37.040478621007814,100 174.88783962987443,-37.04048598809651,100 174.88784553873532,-37.04048673586314,100 174.8878487041428,-37.04048784275153,100 174.8878672312654,-37.04049594258169,100 174.88787312828558,-37.04049816416315,100 174.88788486708816,-37.040504417116225,100 174.88790204609265,-37.04051069884265,100 174.88791202322662,-37.040513280892796,100 174.88792693548803,-37.040520284586,100 174.88793643744702,-37.04052324643502,100 174.8879432304421,-37.04052401076789,100 174.88794504420903,-37.04052510942536,100 174.88796133382039,-37.040529936178736,100 174.88800742562475,-37.040552361437484,100 174.88801736329367,-37.040558615107194,100 174.88804268268052,-37.040570035339805,100 174.88805127484255,-37.040575166673335,100 174.88806255956612,-37.04057997213626,100 174.88809372842852,-37.04059759393144,100 174.8881190489632,-37.04060901412909,100 174.88812673142485,-37.04061196166455,100 174.88813486838893,-37.04061564643915,100 174.8881411941486,-37.04061897158509,100 174.88815607269822,-37.04063178377114,100 174.88817278843572,-37.04063951401322,100 174.88818861929315,-37.040646516568806,100 174.88820621987864,-37.04065751435773,100 174.88822204504183,-37.040663061397815,100 174.88823383408194,-37.04066603007511,100 174.88825052533602,-37.04067413293321,100 174.8882754343816,-37.04068192109434,100 174.88828493175572,-37.04068596725338,100 174.88828946565962,-37.04068708118449,100 174.8882907992622,-37.04068962866167,100 174.88829713927996,-37.04069221270245,100 174.88830797063923,-37.04069882165271,100 174.88831294871426,-37.04070102719773,100 174.8883160918948,-37.04070323311351,100 174.88832243421518,-37.04070654536769,100 174.8883369077499,-37.04071208416802,100 174.88834457107808,-37.040716845411865,100 174.88834865768678,-37.0407186929108,100 174.88835725453913,-37.040720200014526,100 174.88837126018535,-37.040725731839,100 174.8883897774869,-37.0407360173977,100 174.88839970257553,-37.04074371241551,100 174.88840468403671,-37.04074664435147,100 174.88841096696888,-37.04075286874939,100 174.88841680226986,-37.04075981320318,100 174.88842085904716,-37.040763133900796,100 174.8884244663098,-37.04076714404025,100 174.8884321281061,-37.040771207695485,100 174.88844297135157,-37.04077888538708,100 174.88844340900857,-37.040780349342484,100 174.88845598517307,-37.04079570917267,100 174.88847355320922,-37.04081183404044,100 174.88849339651807,-37.040825039415694,100 174.88849969630002,-37.04083126263908,100 174.8885042202199,-37.040834559672355,100 174.88851948397053,-37.04085320340588,100 174.88852351665759,-37.04085759342662,100 174.88852579177532,-37.040859069584776,100 174.8885428758878,-37.04087590065543,100 174.88854964131417,-37.04088140443381,100 174.88856674377635,-37.040898249629485,100 174.8885690086195,-37.040899356416865,100 174.88857079176813,-37.04090189583135,100 174.88857663401188,-37.040908484152276,100 174.88858204395373,-37.04091250884535,100 174.8885851921145,-37.040916185598014,100 174.88859956988725,-37.040934101657015,100 174.88860497409533,-37.04093921070563,100 174.8886135265403,-37.040945458440454,100 174.88861758521554,-37.04094949022743,100 174.8886288220883,-37.040963386920836,100 174.88863286282776,-37.04096742079545,100 174.88864589625592,-37.04098240108565,100 174.88865216274436,-37.0409911818221,100 174.8886615018577,-37.04101488334244,100 174.8886663956626,-37.04102416813218,100 174.88867006373727,-37.04103675678128,100 174.88866969909844,-37.041052033333536,100 174.88866929586843,-37.04105695004325,100 174.8886704911593,-37.04107224591942,100 174.8886712147188,-37.04108483909463,100 174.8886698801704,-37.04110008602621,100 174.88866804829138,-37.04111300380313,100 174.8886661589047,-37.04112822892543,100 174.88866532796857,-37.04113525968785,100 174.88866369895894,-37.04115051130815,100 174.8886634025757,-37.04115297928372,100 174.88866157065308,-37.04116521477619,100 174.88866160772588,-37.04117551335425,100 174.88866078594987,-37.04118286843913,100 174.88866370266072,-37.04121114358089,100 174.888666898305,-37.04121591916232,100 174.88866558300123,-37.0412210531882,100 174.8886660692448,-37.04122620178934,100 174.88866789642046,-37.041230971221374,100 174.8886661694487,-37.04124199729904,100 174.88866847714752,-37.0412478730876,100 174.88866815051304,-37.04124925637828,100 174.888668005797,-37.04124967778771,100 174.88867165597233,-37.04125269580433,100 174.88867711682747,-37.041264990021105,100 174.88867755823836,-37.041274863055364,100 174.8886801404746,-37.04128065605878,100 174.88868404756224,-37.04128546627714,100 174.88868625379817,-37.04129015125953,100 174.8886868177923,-37.041293718641526,100 174.88868994150047,-37.041297768919,100 174.88869493065727,-37.0413054559842,100 174.8886941682852,-37.04130926440454,100 174.88869533987722,-37.04131602623669,100 174.8887025893389,-37.04132277600751,100 174.8887067617803,-37.04132971898456,100 174.88870849205975,-37.04133475223744,100 174.8887161377773,-37.041347147756774,100 174.8887200621087,-37.041351973021364,100 174.88872373718922,-37.04135463462571,100 174.88873317641946,-37.04136608496043,100 174.88873544544344,-37.04137502758975,100 174.88873859936757,-37.04138401741611,100 174.8887378124563,-37.041388196662176,100 174.88873668554416,-37.04139131418198,100 174.8887363439393,-37.041400441690435,100 174.88873840775418,-37.041406910811965,100 174.88873848950973,-37.041431579924264,100 174.8887322333344,-37.041469632437845,100 174.88873160188132,-37.041476999814215,100 174.8887323101567,-37.04148902090529,100 174.88873144706884,-37.041494254985324,100 174.8887309086718,-37.04150056816014,100 174.88873187395822,-37.041504857402785,100 174.88873231686006,-37.04151474483344,100 174.88873351225587,-37.04152115117325,100 174.88873491932128,-37.04153532786435,100 174.88873678594626,-37.04153896643518,100 174.88873657457873,-37.04154141683355,100 174.88873692945788,-37.04154743457761,100 174.88873531740492,-37.041551210562275,100 174.88873713273077,-37.04155554665573,100 174.8887407154706,-37.04156949942735,100 174.8887433057621,-37.04157493628674,100 174.88874488063468,-37.04157678321029,100 174.88874564257299,-37.04158316580818,100 174.8887497150843,-37.041591520009455,100 174.8887512768865,-37.04159864696284,100 174.88875076804405,-37.041600980422665,100 174.88875066998696,-37.041601832812404,100 174.88875371506376,-37.04162271794039,100 174.88875906227327,-37.041630832826236,100 174.88875533655954,-37.041642870447696,100 174.8887574237019,-37.04164955460803,100 174.88876131892354,-37.04165583593563,100 174.88876186455894,-37.04165807238764,100 174.88876063578988,-37.041662569618964,100 174.8887637490959,-37.04167259658714,100 174.8887695225399,-37.041679218439306,100 174.8887699727054,-37.04169193944442,100 174.88877347776767,-37.04170044328401,100 174.88877825738047,-37.04173102402504,100 174.88877976100778,-37.04173471434196,100 174.88878509828533,-37.04174247337061,100 174.88878670759058,-37.04174879470495,100 174.8887863763361,-37.04175253226781,100 174.88878984197348,-37.04175958113338,100 174.88879142101135,-37.041764771816815,100 174.88879777107047,-37.041774743633994,100 174.88880123518422,-37.04178177630003,100 174.88880358803456,-37.041796323684885,100 174.88881275891467,-37.041808103654844,100 174.88881574362654,-37.04181402994674,100 174.88882302145436,-37.041824371843234,100 174.88882924625497,-37.04183096757695,100 174.88883073996593,-37.04183430293843,100 174.88883063199492,-37.041835435790695,100 174.88883030189996,-37.041841125553205,100 174.88883204983088,-37.041847460001264,100 174.88883558247218,-37.04185444470718,100 174.88883772557944,-37.04186002928852,100 174.88883780898104,-37.04186752317981,100 174.88883852003227,-37.04187139826627,100 174.88884382855633,-37.041885073889844,100 174.88885420481333,-37.04190171069889,100 174.8888580158409,-37.041906181748544,100 174.8888601061066,-37.04191108578734,100 174.88887002367008,-37.041927406332654,100 174.88887188802917,-37.041929092718995,100 174.88887512315446,-37.04193786403377,100 174.88887701619177,-37.04194633315484,100 174.88888324947655,-37.04195390576062,100 174.88888622232298,-37.04196515982978,100 174.88889227826775,-37.04197700922872,100 174.8888929265342,-37.04197984791716,100 174.8888944405265,-37.041982640371494,100 174.88890290768953,-37.041990839856304,100 174.8889073393811,-37.04200415810476,100 174.8889076920301,-37.04200949540094,100 174.88890972867526,-37.04201368736357,100 174.88891020191932,-37.04201576994381,100 174.88891058486246,-37.04202033344126,100 174.88891078196397,-37.0420294658893,100 174.88891240544703,-37.04204202940646,100 174.8889154027666,-37.04205417987939,100 174.88891766150337,-37.04206592661506,100 174.88891946529765,-37.04207746338247,100 174.88892246264234,-37.04208961475603,100 174.8889244288325,-37.042098222412676,100 174.8889281525419,-37.04211032977115,100 174.88893392976888,-37.04212467840748,100 174.88893906300808,-37.042136406402086,100 174.88894180838065,-37.04214691961752,100 174.88894654258365,-37.04216114696536,100 174.88895094213245,-37.042173893397404,100 174.88895606919274,-37.04218727717942,100 174.88895724200822,-37.04219408675713,100 174.88895776964904,-37.04219632259323,100 174.88896028531033,-37.042204734928724,100 174.88896109363776,-37.04220709067405,100 174.88896398799693,-37.042215449209245,100 174.8889657413074,-37.042219414048795,100 174.88897030321817,-37.04222727915192,100 174.8889760188535,-37.04223301773719,100 174.88898998765805,-37.04224734766886,100 174.88900477318367,-37.04226115084962,100 174.88900649358965,-37.04226265385831,100 174.8890223830659,-37.04227563369143,100 174.88903273190633,-37.04228363014713,100 174.88904902800758,-37.042296276327995,100 174.889063290143,-37.042307379427804,100 174.88907926313487,-37.04232028041093,100 174.88909001477975,-37.04232905908416,100 174.88910592150003,-37.04234205305176,100 174.88911031459924,-37.042345646868796,100 174.889114821774,-37.04235021407633,100 174.88912912414506,-37.04236475408877,100 174.88914349618904,-37.04237924702333,100 174.88914504467962,-37.0423807996358,100 174.8891597406682,-37.04239511616134,100 174.8891687382239,-37.04240434367373,100 174.88918195160107,-37.04241953824474,100 174.8891921450133,-37.042432013021944,100 174.88920501683623,-37.04244739869856,100 174.88921292502437,-37.04245731142321,100 174.88922511377265,-37.04247308111638,100 174.88922843665205,-37.04247808718965,100 174.88923445171838,-37.042485879563515,100 174.8892437173575,-37.042502428573336,100 174.88924991474104,-37.042512495629644,100 174.8892630439401,-37.04252719581631,100 174.88927313433868,-37.04253646629963,100 174.88928839213239,-37.0425498130725,100 174.88929854341433,-37.04255750260328,100 174.88931613771575,-37.042568857232126,100 174.88932529651848,-37.04257447335463,100 174.8893427736513,-37.042585954225345,100 174.88935067265385,-37.042591095599704,100 174.88936398913347,-37.04259928900425,100 174.88936860397135,-37.04260212038366,100 174.8893769142351,-37.04260770495406,100 174.88939288309982,-37.042620434711495,100 174.88940555511843,-37.042632293152444,100 174.88941953597114,-37.042646467815075,100 174.88943148811578,-37.04265985641278,100 174.88944453347705,-37.042674619202316,100 174.88945648451977,-37.04268991316488,100 174.88945702555938,-37.042690693184056,100 174.88946757439902,-37.04270666202506,100 174.88947387444938,-37.04271796582057,100 174.88948200483998,-37.042734797877934,100 174.8894848069947,-37.042741656300514,100 174.88948859248333,-37.04275221421972,100 174.88949479491342,-37.04277010176907,100 174.88950018404424,-37.04278738398226,100 174.8895051282251,-37.04280549436865,100 174.88950905922263,-37.04281947220812,100 174.88951494999682,-37.04283739626664,100 174.88951804280288,-37.04284668086614,100 174.88952304023377,-37.042864852592956,100 174.88952784350568,-37.04287841275253,100 174.889536899426,-37.04289552298336,100 174.8895393929517,-37.04289932009586,100 174.88955147882018,-37.04291510671386,100 174.88956104244858,-37.0429260286346,100 174.8895743417722,-37.042941236210176,100 174.8895873680645,-37.0429565418693,100 174.8895877088761,-37.042957000609505,100 174.8895945986417,-37.0429664202969,100 174.8895980896738,-37.042972492622646,100 174.88960427525765,-37.04298339535248,100 174.88961324541788,-37.04299799772179,100 174.88961995711676,-37.04300785377019,100 174.8896299075384,-37.04302217643949,100 174.88964178283103,-37.043035318380774,100 174.88964251073472,-37.04303597104236,100 174.8896492695339,-37.04304119635651,100 174.88965991528548,-37.043048010023895,100 174.8896650861235,-37.04305022775993,100 174.88968889941845,-37.043056547724184,100 174.88970291781595,-37.04305803774717,100 174.88972798358688,-37.043058822688884,100 174.88973847036578,-37.04305845371239,100 174.88976370499154,-37.04305779567758,100 174.88977457965223,-37.043056428185565,100 174.88978164781668,-37.04305458597019,100 174.88979746239244,-37.04305079368079,100 174.88980787105015,-37.04304695683634,100 174.88982823304573,-37.04303778883265,100 174.88984749149864,-37.043026921431306,100 174.88984858314328,-37.04302628213965,100 174.8898670757605,-37.04301463829978,100 174.88988585858692,-37.043003453101406,100 174.889890556892,-37.04300107901935,100 174.8899113098439,-37.04299167223638,100 174.88992168515907,-37.04298912116822,100 174.88994466482998,-37.04298961844226,100 174.8899673569082,-37.04299416082577,100 174.88999038254778,-37.04299823462099,100 174.88999541706997,-37.042999942575946,100 174.890007740371,-37.04300725403684,100 174.89001428321168,-37.04301029891963,100 174.890015034871,-37.04301054922022,100 174.89003656482447,-37.04301184559795,100 174.89004458720433,-37.04301134912518,100 174.89006630322874,-37.04301058215892,100 174.8900775087205,-37.043009906072655,100 174.89009919220882,-37.043008597937146,100 174.89009986725895,-37.043008570054816,100 174.8901215679694,-37.04300723099655,100 174.89013490359514,-37.04300594412615,100 174.89015627382545,-37.04300265901216,100 174.89016232341916,-37.04300154683681,100 174.89018344512013,-37.042997398627385,100 174.8901901115918,-37.04299608914905,100 174.89021160624523,-37.042992879554106,100 174.89022317702677,-37.0429903851168,100 174.8902430220169,-37.0429832225644,100 174.8902561075704,-37.04297656791378,100 174.890273576206,-37.04296611833082,100 174.8902796831765,-37.04296138110503,100 174.8902810815575,-37.04295996270351,100 174.89029279344192,-37.04294606726088,100 174.89029991002957,-37.04293516256595,100 174.8903103648088,-37.042918363337535,100 174.89031460890317,-37.04291014343129,100 174.89032216230132,-37.042892371072384,100 174.89032273739778,-37.0428912145508,100 174.89033320900265,-37.042874414150916,100 174.89033628985993,-37.04287052009952,100 174.89034982856055,-37.042855028173655,100 174.8903544471728,-37.042851617946496,100 174.8903751150216,-37.042842909145094,100 174.89037894141583,-37.04284160256121,100 174.89041961917226,-37.04289607055722,100 174.89044046205206,-37.0428892958498,100 174.8904471001596,-37.042886934090085,100 174.89046714267346,-37.04287876159944,100 174.89047527335254,-37.04287519804794,100 174.89049547212255,-37.042867069929606,100 174.89050909097625,-37.04286024992468,100 174.89052598363588,-37.042848385430744,100 174.89053602948866,-37.04283944393117,100 174.89055021453717,-37.042825443247224,100 174.8905565653831,-37.04281825508877,100 174.89056902615252,-37.04280323187208,100 174.89057550023603,-37.042794213009174,100 174.89057629550692,-37.042792867308876,100 174.8905862600892,-37.04277842916649,100 174.89058932216474,-37.04277450386254,100 174.89060347579849,-37.042760597408375,100 174.8906073094133,-37.0427569986945,100 174.89062025646953,-37.042742044331526,100 174.89062530888754,-37.04273803772832,100 174.89064537322986,-37.04273006765275,100 174.89065107468411,-37.042728882589145,100 174.890673346227,-37.042726898914445,100 174.89068455857574,-37.04272586664823,100 174.8907061828931,-37.042720454822735,100 174.89072253911627,-37.04271302964668,100 174.89073848512575,-37.042700716945205,100 174.8907527061372,-37.04268676343313,100 174.8907685874153,-37.04267401733268,100 174.89077837743727,-37.042665234915006,100 174.89079152550042,-37.04265068021072,100 174.89079905787608,-37.04264045024142,100 174.89080837946256,-37.04262402595038,100 174.89081250059442,-37.042618239696225,100 174.89082734109576,-37.04260478463306,100 174.89083141786026,-37.04260183277482,100 174.89084823574512,-37.04258976843781,100 174.8908593874443,-37.04258393589362,100 174.89087995791627,-37.042576700381765,100 174.8908914811352,-37.04257437698417,100 174.8909136511027,-37.04257247059351,100 174.89093267515358,-37.042572060941566,100 174.89095500827213,-37.042570431345275,100 174.8909773019435,-37.04256861670578,100 174.8909811383134,-37.04256830227564,100 174.89100345344684,-37.04256667295699,100 174.89101463245132,-37.04256565741491,100 174.89103674227596,-37.04256282271922,100 174.8910535476826,-37.04256045294203,100 174.89107569352998,-37.042557665433705,100 174.8910911136248,-37.04255597118181,100 174.89111342833283,-37.04255427965957,100 174.8911282526147,-37.04255295181785,100 174.8911503207038,-37.04254984016592,100 174.89116669761938,-37.042547013035154,100 174.8911887186065,-37.04254345327946,100 174.89120516557756,-37.04254000583283,100 174.89122680820284,-37.04253465581106,100 174.89124134134337,-37.0425289811183,100 174.89125903986448,-37.04251806355675,100 174.8912719810936,-37.04250673244544,100 174.8912856394478,-37.04249249311735,100 174.89129266941842,-37.0424841314132,100 174.8913054301976,-37.042469334971024,100 174.8913128928369,-37.04245969643375,100 174.89132345913916,-37.04244386874452,100 174.89132590158675,-37.04244003171585,100 174.89133646824746,-37.042424173375544,100 174.891339347608,-37.042419275759016,100 174.8913466790518,-37.04240226667277,100 174.8913505209449,-37.042394518215275,100 174.89136182507585,-37.04237901854724,100 174.8913662287874,-37.042374110141395,100 174.89138064562763,-37.04236035262004,100 174.8913860291743,-37.04235514828382,100 174.891398772312,-37.042340367435216,100 174.89140671731337,-37.042330005567294,100 174.89141782734112,-37.04231438731379,100 174.89142018901336,-37.04231141862253,100 174.89143391777046,-37.04229720970049,100 174.89143816367408,-37.04229282926688,100 174.89145116795663,-37.04227810643796,100 174.89145344538275,-37.04227459740788,100 174.89145995891565,-37.042257478781316,100 174.89146189043214,-37.042249500309886,100 174.89146652042803,-37.04223191870901,100 174.89146763222323,-37.04222692760192,100 174.89147123640558,-37.042209193816696,100 174.89147201662146,-37.04220475058038,100 174.89147476961543,-37.04218692401585,100 174.89147679324893,-37.04217346056209,100 174.89148006850922,-37.04215570227908,100 174.89148161559106,-37.042147637104065,100 174.8914848024023,-37.042129848685896,100 174.89148598731424,-37.04212436069723,100 174.89149079192808,-37.0421067934352,100 174.89149396629614,-37.042097428770866,100 174.89150054720182,-37.04208026219985,100 174.89150285977757,-37.042074862580826,100 174.89151034853987,-37.04205789784318,100 174.8915126949112,-37.04205376942019,100 174.89152391049754,-37.04203819363715,100 174.89152752233133,-37.04203408829485,100 174.891540560268,-37.042020587984545,100 174.8915625852872,-37.04201719754136,100 174.89156818339978,-37.042017967200884,100 174.89158879237186,-37.042024885880366,100 174.89159179094003,-37.04202624228426,100 174.8916114251072,-37.042034927733475,100 174.89161494634615,-37.04203636863486,100 174.89163588766436,-37.0420427700668,100 174.8916458230297,-37.042045740023404,100 174.8916661540394,-37.04205328231594,100 174.89167352543865,-37.04205618861219,100 174.89169349236178,-37.04206437302506,100 174.8917007695691,-37.04206701764211,100 174.89172187362408,-37.04207304422594,100 174.89173116682628,-37.042075282647104,100 174.8917528069261,-37.042080029841784,100 174.8917615755363,-37.04208210628189,100 174.8917827282357,-37.042088008600686,100 174.8917919740384,-37.04209110040342,100 174.89181204085423,-37.042099095732176,100 174.89182012981578,-37.0421022825952,100 174.89184151574239,-37.04210847590859,100 174.89184735939963,-37.042111301110054,100 174.8918605869853,-37.04212573535414,100 174.89186470833295,-37.04213015358589,100 174.8918821949316,-37.04214137074864,100 174.89188426803386,-37.042142449885624,100 174.89190358520344,-37.04215154322327,100 174.89190924657098,-37.04215399999348,100 174.89192851627362,-37.042163264429924,100 174.89194241178956,-37.04216918514066,100 174.8919632559208,-37.04217583592176,100 174.89196692837993,-37.042177117573985,100 174.89198661166498,-37.04218569492157,100 174.89199101094374,-37.04218758507373,100 174.89201132516493,-37.04219512757381,100 174.8920123567469,-37.04219551219673,100 174.89203245693236,-37.042203445666665,100 174.89204051266066,-37.042206697036825,100 174.89238948214998,-37.0419875475878,100 174.89294880904657,-37.04179476132396,100 174.89294598191222,-37.041783784441236,100 174.89294167226123,-37.041766127346236,100 174.89293861099011,-37.04175165354903,100 174.89293531985535,-37.04173385491762,100 174.89293467485146,-37.04172988597011,100 174.89293153991804,-37.041712083944276,100 174.89292952355544,-37.04170419008842,100 174.89292400813108,-37.04168673970672,100 174.89292014371057,-37.041675827146754,100 174.8929141458777,-37.04165850974428,100 174.8929124749536,-37.04165184876186,100 174.89290802934494,-37.04163423980125,100 174.8929051384486,-37.041626670850604,100 174.89289783374844,-37.04160965460845,100 174.89289264628707,-37.041595992564574,100 174.89288742531807,-37.04157853658006,100 174.89288640776326,-37.04157423468883,100 174.89288363508393,-37.041556395334254,100 174.89288321352726,-37.04154856615542,100 174.89288336465142,-37.04153056657507,100 174.89288309893595,-37.04152271958698,100 174.89288262636634,-37.04150473266415,100 174.89288256715994,-37.041499406021735,100 174.89288334170487,-37.041481428037436,100 174.89288477288667,-37.04147101139929,100 174.8928888981906,-37.04145331432166,100 174.8928915688625,-37.041443912594985,100 174.8928976612207,-37.041426601426295,100 174.89290019146284,-37.0414196489715,100 174.89290790729325,-37.0414027877793,100 174.89291219588688,-37.04139619301851,100 174.8929236021917,-37.04138066092994,100 174.8929262566739,-37.04137640228163,100 174.89293571969944,-37.041360083726296,100 174.89294170898904,-37.04135043885992,100 174.8929517670359,-37.04133435686199,100 174.89295650856667,-37.04132721228791,100 174.89296563925404,-37.04131082242375,100 174.8929698701668,-37.04130018534734,100 174.89297163486825,-37.041282328557024,100 174.89297041350594,-37.04127624894924,100 174.89296147269937,-37.041259585994155,100 174.8929483890579,-37.041245969757966,100 174.89294440058106,-37.04124260126065,100 174.8929279922914,-37.041230298100736,100 174.89292148845078,-37.041224883236026,100 174.89290616602784,-37.041211755177734,100 174.89290085575675,-37.04120754342671,100 174.8928852798359,-37.04119462040128,100 174.89288191666185,-37.041191349177176,100 174.8928688915848,-37.041176694600175,100 174.89286453467196,-37.041171257186065,100 174.89285289182158,-37.04115584959337,100 174.8928466774054,-37.04114837063365,100 174.8928345746818,-37.04113323355787,100 174.89283068571427,-37.04112780489798,100 174.89282084095788,-37.04111163855305,100 174.89281813320574,-37.04110632713845,100 174.89281113682623,-37.041089227555254,100 174.89280665704868,-37.041076080571806,100 174.8928021062215,-37.041058442639894,100 174.8928009518904,-37.0410522997705,100 174.89279781702288,-37.041034497737556,100 174.89279444303256,-37.04102064901966,100 174.8927883089326,-37.041003364426956,100 174.8927865233232,-37.04099950921813,100 174.89278199837588,-37.040995499438445,100 174.89277225871643,-37.0409825679821,100 174.89276216278236,-37.04097435060471,100 174.8927525482463,-37.04096795157926,100 174.89274338281308,-37.04096080271453,100 174.8927355145721,-37.04095110680296,100 174.89272807350477,-37.040939234643474,100 174.89271311812115,-37.040912223375805,100 174.89270840608629,-37.040901403647275,100 174.89270775388073,-37.04089017123105,100 174.89270573884775,-37.04087784655479,100 174.892700613452,-37.04087030243948,100 174.89269870944233,-37.04086525579653,100 174.8926986879437,-37.04086380144039,100 174.89269406224392,-37.04085804293906,100 174.89269397354926,-37.040852252596586,100 174.89269293588046,-37.04084464955974,100 174.8926867275535,-37.04082659282942,100 174.89268323967724,-37.040808518824925,100 174.89267762510286,-37.0407969861475,100 174.89267336605562,-37.040786885637026,100 174.89267185058048,-37.04077892159247,100 174.89266803790818,-37.040767372779065,100 174.89267072386474,-37.040765513797545,100 174.89267200987527,-37.04076188266583,100 174.89267102597776,-37.04075753156462,100 174.8926711188668,-37.04073614311937,100 174.89266921335857,-37.040731081177576,100 174.89266904566153,-37.04072238089452,100 174.8926680183834,-37.04071515082993,100 174.89266733396198,-37.04070212263496,100 174.89266539463182,-37.04069452136753,100 174.89266165493254,-37.04068695243426,100 174.89266014741526,-37.040678629544736,100 174.89265997933933,-37.04066991394553,100 174.89265389766987,-37.04065840584482,100 174.8926518953364,-37.040647180551204,100 174.8926542823386,-37.04062866399519,100 174.89265377866175,-37.04062540481756,100 174.89265337057302,-37.0406275798589,100 174.8926528577733,-37.0406246777419,100 174.8926559206913,-37.04061884702256,100 174.892650788293,-37.040609118263454,100 174.89264928354586,-37.04060154070513,100 174.89264918605133,-37.04059607497101,100 174.89264686402555,-37.040592848414185,100 174.89264414191015,-37.040591439855916,100 174.89264271204692,-37.04058855327382,100 174.8926406840332,-37.040575161662815,100 174.8926404522339,-37.04056283827236,100 174.8926411366608,-37.04054978643145,100 174.89263849097958,-37.0405276845924,100 174.8926377766674,-37.040513542866144,100 174.89263576368162,-37.04050197885284,100 174.89262521717455,-37.04049376955335,100 174.89262287593084,-37.04048981415035,100 174.89262012083583,-37.04048657918122,100 174.89261497159347,-37.04047685068899,100 174.89261307411775,-37.04047143260403,100 174.89261079587888,-37.040471101226785,100 174.89260270305056,-37.04047409199188,100 174.89259856987803,-37.04047050857726,100 174.89259530621445,-37.04046513031784,100 174.89258882840377,-37.04045686600634,100 174.89258102776074,-37.040451519582724,100 174.8925778546184,-37.040450103798854,100 174.89255901267225,-37.040433645664066,100 174.89255480780497,-37.04042681240019,100 174.8925506830618,-37.04042288905895,100 174.89254231317128,-37.04041064594974,100 174.89253218471598,-37.04040061655402,100 174.89253032371676,-37.04039775397436,100 174.89252698175292,-37.04038763702183,100 174.89252499177,-37.040377496694276,100 174.89252536685768,-37.040373494341985,100 174.8925224003157,-37.04035866390536,100 174.89252318953416,-37.04035141657169,100 174.89252222031507,-37.04034887865165,100 174.89252214431667,-37.040344187692725,100 174.89251984110044,-37.04034167286058,100 174.89250700481475,-37.04033203186677,100 174.8924977673615,-37.040321616013856,100 174.89249548716742,-37.04032057173664,100 174.89248873218378,-37.04032247130353,100 174.89248668828233,-37.04032247597517,100 174.89248237761092,-37.040322520419906,100 174.8924713985887,-37.04031749328954,100 174.89246591393723,-37.040316443358826,100 174.89246225531028,-37.04031503621922,100 174.89245069928822,-37.04030089803109,100 174.89243837326038,-37.040296637765344,100 174.89243234459005,-37.04028830318745,100 174.89243051316546,-37.0402872202032,100 174.89242262537397,-37.04027487565758,100 174.89242024759082,-37.04026577981379,100 174.89241328068493,-37.040254162345086,100 174.8924099801828,-37.040246167290505,100 174.89240950493308,-37.04024400724485,100 174.89239883633527,-37.0402262136373,100 174.89239142922136,-37.04021751529342,100 174.89238867570268,-37.04021497699888,100 174.89238543809998,-37.04020992278563,100 174.89238352448905,-37.04020263114965,100 174.89238349301547,-37.04020082003728,100 174.89237697562672,-37.040189193591615,100 174.8923686452483,-37.04017650189217,100 174.89236625061702,-37.040167406315845,100 174.89236069831,-37.04015941924621,100 174.89235882039918,-37.04015469754993,100 174.89235698778614,-37.04015288723371,100 174.8923504036397,-37.04013689595055,100 174.89234578721081,-37.040131462655815,100 174.8923421131977,-37.0401282125977,100 174.89234297572176,-37.04012491359524,100 174.89234376868833,-37.04011396726415,100 174.89233528930754,-37.04009069937204,100 174.89233473493672,-37.04008304265354,100 174.89233330228174,-37.04007687267303,100 174.8923309588021,-37.04007287133302,100 174.89232860835142,-37.04006668715365,100 174.8923252701193,-37.04005286939384,100 174.89231828023156,-37.040039781362545,100 174.8923053745311,-37.04002566559326,100 174.89229709112175,-37.04001916687783,100 174.89229017692585,-37.04001265983686,100 174.89227906805647,-37.039995244577206,100 174.89227857710048,-37.03999308568277,100 174.8922758220898,-37.03999053208705,100 174.8922735246704,-37.03998947275805,100 174.89226621777723,-37.039986983670524,100 174.89226465961596,-37.03997240655478,100 174.89226372212997,-37.03996910832947,100 174.89225543445718,-37.039961169400286,100 174.8922530613587,-37.03995352907841,100 174.8922511984747,-37.03995063497847,100 174.8922424482223,-37.03994158942036,100 174.89224015804538,-37.03994014241579,100 174.89223315858263,-37.03992671293869,100 174.8922308108627,-37.03992127228672,100 174.89222341366636,-37.039910389921225,100 174.8922169589712,-37.03990423065758,100 174.8922123299127,-37.03989769887293,100 174.89220271943586,-37.03989267872512,100 174.89219995404238,-37.03988907257383,100 174.89217836933184,-37.03987430390572,100 174.89216361543984,-37.03985910630034,100 174.89215720258233,-37.03985513021778,100 174.89215356621395,-37.03985516209056,100 174.8921416476144,-37.039848696118874,100 174.89213797474778,-37.03984544603575,100 174.89213567621076,-37.03984438672181,100 174.89213245055583,-37.03984040125319,100 174.89212731402014,-37.03982986677187,100 174.8921245505666,-37.03982697261542,100 174.89212041902843,-37.039824086763836,100 174.8921135448234,-37.0398215898628,100 174.89210942092973,-37.03981833255294,100 174.89210527206762,-37.03981289178927,100 174.89208125285722,-37.03978501736728,100 174.89207802412793,-37.039780319017126,100 174.89207660156617,-37.03977704565287,100 174.89207242589296,-37.039771249301815,100 174.89207197019155,-37.03976978564822,100 174.8920678409945,-37.03976762800849,100 174.89206369791174,-37.03976364275196,100 174.89206005161228,-37.039763319667685,100 174.89204758288128,-37.03974809731096,100 174.89203697443304,-37.03973761225821,100 174.89203287122265,-37.03973509728753,100 174.89202692713616,-37.039733699552094,100 174.89202326544918,-37.03973153355184,100 174.89201681116572,-37.039725389592284,100 174.89200304618484,-37.03971601301555,100 174.8919901583222,-37.03970446833673,100 174.8919864989729,-37.03970303054914,100 174.89198328831742,-37.03970087177383,100 174.89197166104498,-37.039680911366965,100 174.89196983766627,-37.03967947223304,100 174.89196890178846,-37.03967691755265,100 174.89195742623627,-37.03967081492924,100 174.89195192198332,-37.03966648184748,100 174.89194960806708,-37.03966357961479,100 174.8919459379326,-37.039661073055065,100 174.89193809828274,-37.03965238338282,100 174.8919167842118,-37.039620837138315,100 174.8919121835957,-37.0396172160894,100 174.89191032956626,-37.03961467785631,100 174.89190755960794,-37.039612155134236,100 174.89190346107736,-37.03961109658651,100 174.89190161052898,-37.03960928745018,100 174.89189883206407,-37.039604564788064,100 174.89189565327888,-37.039604233340164,100 174.89189015601474,-37.03960208399603,100 174.89188144112245,-37.03959559213255,100 174.89187138051594,-37.039593135226106,100 174.89186088183794,-37.039589199962286,100 174.89185629892276,-37.039588149139,100 174.8918430441716,-37.03958351876699,100 174.89183486440837,-37.03958395567778,100 174.89182119774313,-37.03958261531264,100 174.8918171080478,-37.03958191263482,100 174.89180799096138,-37.03958163894681,100 174.89180068872156,-37.03958060355393,100 174.89179796946294,-37.03958062168918,100 174.89178614310535,-37.039583260052645,100 174.8917820641268,-37.03958294386079,100 174.89177338153942,-37.039580833599096,100 174.89176426828394,-37.03957944583863,100 174.89174550007024,-37.0395701102742,100 174.89173774760914,-37.03956910008417,100 174.89172817909366,-37.03956880294572,100 174.8917013662617,-37.03957123868487,100 174.89169319309323,-37.03957384401077,100 174.89167002544585,-37.039576603757624,100 174.89166277083214,-37.03957920885248,100 174.8916586961158,-37.03958033286731,100 174.89165415270747,-37.03958073790844,100 174.8916455020034,-37.03958045586844,100 174.891631827695,-37.03957948693929,100 174.89162091941503,-37.03957956897576,100 174.8916122560439,-37.03957818754819,100 174.89159762903645,-37.03957466510122,100 174.8915734959966,-37.03957377102923,100 174.89156166266034,-37.03957422562943,100 174.89155484294977,-37.03957501036443,100 174.89153571851625,-37.03957297557737,100 174.89150614227609,-37.03957251800224,100 174.8914942602441,-37.039569333918955,100 174.8914777733621,-37.039561088556894,100 174.89147549441682,-37.03956072742573,100 174.8914731969987,-37.03955966717953,100 174.89146814192466,-37.03955531068831,100 174.89146266767517,-37.039554631880314,100 174.8914544085117,-37.039549603640566,100 174.89144575084364,-37.03954713784472,100 174.89143891616175,-37.03954609587468,100 174.89143385960708,-37.039543582566054,100 174.89142515128242,-37.03953671922766,100 174.8914210232395,-37.03953456154653,100 174.89141646185038,-37.03953496686525,100 174.89141374062092,-37.03953427119272,100 174.89140737388948,-37.03953577604564,100 174.89140373755737,-37.03953580879594,100 174.89138560614995,-37.03954035386987,100 174.89138149502807,-37.03954073578372,100 174.89137693821257,-37.039540056762895,100 174.89137281938133,-37.03953827026918,100 174.89136277409193,-37.03953507040298,100 174.89136320631633,-37.03953250742104,100 174.89134078727784,-37.03952393212165,100 174.8913375590458,-37.039521788930855,100 174.89133524359437,-37.039518144038226,100 174.89133205020258,-37.03951600029173,100 174.89132928679035,-37.03951310611542,100 174.89132515957624,-37.03951166134677,100 174.89132060386441,-37.039510981404845,100 174.89130688927648,-37.03950598696867,100 174.89129275699315,-37.039502827029715,100 174.89127855341042,-37.039496385687656,100 174.89127077906707,-37.03949390399128,100 174.89125843256465,-37.03948890125431,100 174.8912529306694,-37.039485295451655,100 174.8912442032037,-37.03947770505491,100 174.89124139456516,-37.03947190039532,100 174.89123906149564,-37.03946827020244,100 174.89123452499533,-37.03946831910336,100 174.8912258623642,-37.03946692141206,100 174.89122219689563,-37.039465870356196,100 174.89121856056653,-37.039465903100734,100 174.89121445402418,-37.0394652006706,100 174.8911994737706,-37.03946715109844,100 174.89118635450066,-37.039473824412056,100 174.8911818306715,-37.039477510759895,100 174.89117053353377,-37.03948308156909,100 174.89116692792365,-37.039486754177105,100 174.8911511418907,-37.0394985524435,100 174.89114299630305,-37.0395015448513,100 174.8911407361121,-37.039503752122556,100 174.89113714157963,-37.0395059680506,100 174.89113352486737,-37.039509283919436,100 174.8911294413167,-37.03951005204308,100 174.8911258402588,-37.03951263941085,100 174.89111917512423,-37.03952545492629,100 174.8911065352896,-37.03953577356016,100 174.89109847214115,-37.03954494397043,100 174.8910957869991,-37.03954937341416,100 174.8910908436197,-37.03955486544471,100 174.891089065918,-37.039558891959466,100 174.8910854925022,-37.03956440631107,100 174.8910742771181,-37.0395787112174,100 174.89106446083238,-37.0395941222449,100 174.8910518489139,-37.03960479644188,100 174.89104101507738,-37.03961145943956,100 174.89103648429946,-37.039612962941646,100 174.89103195011612,-37.039613740049205,100 174.8910025518543,-37.03963001937512,100 174.89099984753238,-37.03963186328985,100 174.89099395101834,-37.03963410419736,100 174.8909790279094,-37.03964261966477,100 174.89096774645938,-37.039650002721245,100 174.89096006415454,-37.03965408641662,100 174.8909402198312,-37.03966885244631,100 174.89093478314737,-37.03967145555347,100 174.89092753538102,-37.03967370357931,100 174.89090806082984,-37.03968298109438,100 174.89088224208083,-37.03969267880688,100 174.8908736439133,-37.03969750625004,100 174.89086784088005,-37.03970446757728,100 174.89086199077397,-37.03971034719212,100 174.89085032962964,-37.03972540365865,100 174.89079580704708,-37.03976927210657,100 174.89079307320156,-37.039770016900036,100 174.89077909008554,-37.03977998737991,100 174.89076783622957,-37.0397902974036,100 174.89076514797648,-37.03979396799413,100 174.89073817967525,-37.03982191371592,100 174.89073413598868,-37.039826691980345,100 174.8907296286619,-37.03983036542996,100 174.8907183245314,-37.03983629232216,100 174.89071157456317,-37.0398422015963,100 174.8907107012594,-37.039845114101524,100 174.8906791553302,-37.039870909270846,100 174.89067331823074,-37.039877903578606,100 174.89066831379432,-37.03987794459511,100 174.8906656082566,-37.03987906027048,100 174.89065839503766,-37.03988641900768,100 174.89065481887326,-37.039891189817034,100 174.89064987500134,-37.039895984230384,100 174.89064625322447,-37.039897828340756,100 174.89063861728465,-37.039905550730225,100 174.89063188532384,-37.03991399957923,100 174.89062338449907,-37.03992683261145,100 174.89062159833858,-37.039928660980955,100 174.890616133275,-37.03992835332373,100 174.89061159213855,-37.03992948563889,100 174.89060708513503,-37.0399331725983,100 174.89060665288338,-37.03993573557809,100 174.8905913491762,-37.03994935392163,100 174.89058321118253,-37.03995451379958,100 174.89057964572092,-37.039959671094266,100 174.89057251987822,-37.03997213971187,100 174.8905625087063,-37.039974033388035,100 174.8905607079267,-37.039974048571935,100 174.8905525577007,-37.03997812618023,100 174.89055037107084,-37.03998434305761,100 174.89054322374218,-37.03999535641477,100 174.8905392072578,-37.040003045441495,100 174.89052836722948,-37.04001077743488,100 174.89051715776645,-37.040024013252165,100 174.89051174364468,-37.040028071581844,100 174.89050102132293,-37.040044583974094,100 174.89049692740616,-37.04004498090551,100 174.8904947066406,-37.04004864313749,100 174.890493440888,-37.04005558800814,100 174.89049024947022,-37.04005669700314,100 174.89048576125052,-37.04006295507053,100 174.8904756359626,-37.04008930555978,100 174.89047483203942,-37.04009986629947,100 174.89047395676056,-37.040102065004035,100 174.89046992301562,-37.04010720001639,100 174.89046680706718,-37.04011234924179,100 174.89046818972804,-37.04011415233863,100 174.89046866225937,-37.04011561573042,100 174.8904646795326,-37.040125844984246,100 174.89046345172954,-37.04013608801151,100 174.89046720729573,-37.04014553056975,100 174.89046818723165,-37.04015099666381,100 174.89046691536242,-37.04015900967335,100 174.89046832140778,-37.04016229954418,100 174.89046700086212,-37.040165947427305,100 174.8904672204933,-37.040184186259694,100 174.8904663502351,-37.04018785670876,100 174.89046546462487,-37.04018968424189,100 174.89046504655732,-37.04019404328803,100 174.89046291704724,-37.04020428626639,100 174.8904615766,-37.04020722243883,100 174.89046071591176,-37.04021123342711,100 174.8904593933793,-37.040214166610085,100 174.89045421008436,-37.04023755056013,100 174.89044047602823,-37.040269399718994,100 174.8904357180213,-37.0402880360463,100 174.89043533366504,-37.040294253037715,100 174.89043584336738,-37.04029898305336,100 174.89043455924434,-37.04030591289391,100 174.8904288098633,-37.040320571356986,100 174.8904284044124,-37.04032348992283,100 174.89042263965553,-37.04033630456875,100 174.89042358628052,-37.040339928934664,100 174.89042324600106,-37.0403490564258,100 174.8904219361603,-37.040353090795904,100 174.890418991182,-37.040372795109114,100 174.89041903143206,-37.040376820579255,100 174.89041682682148,-37.04038303864195,100 174.89041459341462,-37.04038560238796,100 174.89041606117348,-37.040394327022085,100 174.89041386036416,-37.040401287696184,100 174.89041301462038,-37.04040712538302,100 174.8904112518044,-37.04041043962272,100 174.89041091234026,-37.04042028002983,100 174.89040700812575,-37.04043526239302,100 174.89040521008877,-37.04043856187187,100 174.89040224056262,-37.040456098045524,100 174.89039288315564,-37.04047184239647,100 174.8903867056796,-37.040487963281514,100 174.89038301999375,-37.04052118629589,100 174.8903816576374,-37.04052265009075,100 174.89037991170605,-37.04052850392709,100 174.89037821214893,-37.04053799557643,100 174.8903791625764,-37.040542362554,100 174.89038243145558,-37.04054854655622,100 174.89038338879155,-37.040552557409754,100 174.89038168000604,-37.04056167696888,100 174.89037943894084,-37.0405646121723,100 174.89038083846657,-37.04056641500118,100 174.89038175976597,-37.04056969817784,100 174.89038004564011,-37.04057737844436,100 174.89037693505216,-37.0405839687622,100 174.8903756413275,-37.0405905571619,100 174.89037816067645,-37.0406105835739,100 174.8903800610787,-37.04061676054522,100 174.89037881491956,-37.040626989442835,100 174.8903804589838,-37.04064921455851,100 174.89038155582037,-37.040663428619666,100 174.89038530300365,-37.040672532424004,100 174.8903886225033,-37.040683794450096,100 174.8903843144262,-37.040704978791894,100 174.89038714873064,-37.0407129975584,100 174.89038327523474,-37.040732347135325,100 174.89038196306578,-37.04073565329078,100 174.89038202443405,-37.0407411196044,100 174.89038300203072,-37.040745856583456,100 174.8903830100934,-37.040748040307214,100 174.8903799190355,-37.04075537298577,100 174.89037725223028,-37.040760499728144,100 174.89037505906037,-37.04076708894354,100 174.89037238723398,-37.04077074394135,100 174.8903701258825,-37.04077295211801,100 174.89036700031602,-37.04077771483586,100 174.89036797452076,-37.04078426438533,100 174.89036759206837,-37.04078865440874,100 174.89036236880054,-37.040808026398736,100 174.89036566954965,-37.04081857759759,100 174.89036670963793,-37.04082878087238,100 174.89036496599735,-37.0408353620217,100 174.89036349183533,-37.040864549813286,100 174.89036447828133,-37.04086964356654,100 174.89036680944568,-37.04087510074326,100 174.89036690372146,-37.040882392568044,100 174.89036517003,-37.04088932957262,100 174.89036863560588,-37.04091228365055,100 174.89036514415827,-37.040926547405256,100 174.89036765313662,-37.04094366187827,100 174.8903686077775,-37.04094692920131,100 174.89036784243572,-37.04095378768129,100 174.89036837431496,-37.0409561478231,100 174.89036872432382,-37.04095883623321,100 174.8903690633416,-37.04096747340472,100 174.8903692259141,-37.04098554279887,100 174.89036806401094,-37.04099948641679,100 174.89036527976816,-37.04101746758193,100 174.89036211573617,-37.04103486895441,100 174.89035821882288,-37.0410526857902,100 174.8903541913375,-37.041070179337225,100 174.89034977326233,-37.04108792696699,100 174.89034769766795,-37.04109631060056,100 174.8903429656292,-37.04111400194547,100 174.89034118905016,-37.0411199806489,100 174.89033567282806,-37.04113751504705,100 174.89033101776033,-37.04115481940791,100 174.89032584918908,-37.041172408651974,100 174.89032567536873,-37.041173016195174,100 174.89031967550906,-37.04119054387976,100 174.89031149043961,-37.0412073664228,100 174.8903060591049,-37.041216537196675,100 174.89029323052844,-37.041231365258554,100 174.89028008448875,-37.0412409185578,100 174.8902602763184,-37.04125004626324,100 174.8902584766883,-37.04125074370939,100 174.89023737692636,-37.04125693572823,100 174.8902153494031,-37.04126153370667,100 174.89020044761602,-37.04126380723011,100 174.89017945737046,-37.041269609934005,100 174.8901723963311,-37.041274271327254,100 174.89015794155642,-37.041288540346166,100 174.89014420658424,-37.04130250136448,100 174.89013018105027,-37.04131666980434,100 174.89012742801148,-37.04131922740506,100 174.8901120453976,-37.04133248912925,100 174.89009559912327,-37.041344888131974,100 174.89007853628544,-37.04135559259768,100 174.8900608830643,-37.0413668824003,100 174.8900551078053,-37.04137170716261,100 174.8900455647967,-37.041381243579075,100 174.89004531129876,-37.0413814945751,100 174.89003074200366,-37.04139663335651,100 174.89003065738518,-37.0413967122168,100 174.89001497422055,-37.04141168397934,100 174.8899975170017,-37.04142507518706,100 174.8899848640648,-37.04143175536089,100 174.88996427505901,-37.04144208878251,100 174.88995461866617,-37.04144873111863,100 174.8899373954113,-37.041462489925514,100 174.88993622489664,-37.04146339365448,100 174.88991910575535,-37.04147713457638,100 174.8899022351777,-37.04149110587344,100 174.8898928196366,-37.041498982754334,100 174.88987605544816,-37.041513028061814,100 174.88986274658444,-37.0415242260803,100 174.8898453080702,-37.04153769357855,100 174.8898271604839,-37.0415492724299,100 174.88980741223668,-37.04156059557646,100 174.88980690110537,-37.04156093089272,100 174.88978731182138,-37.0415723623632,100 174.88978108734446,-37.04157593965895,100 174.88976844392522,-37.04158169041712,100 174.8897656203956,-37.04158294765415,100 174.88974708903515,-37.041591247366135,100 174.88972855729085,-37.041599531759246,100 174.8897263839507,-37.041600529877044,100 174.88970797894376,-37.041609028559954,100 174.88968948395254,-37.041617389873366,100 174.88968739903484,-37.04161841722591,100 174.88966893736708,-37.04162739719897,100 174.8896495766136,-37.041633853429964,100 174.8896332648877,-37.04163590329101,100 174.88961183794203,-37.041635163099144,100 174.88960731048365,-37.041634901747734,100 174.88958625267207,-37.04163186276066,100 174.88956634314988,-37.04162579873604,100 174.889565958329,-37.041625650744265,100 174.88954826775569,-37.041616482436005,100 174.8895311859657,-37.04160611020269,100 174.88951327522258,-37.041597131064606,100 174.88949472503526,-37.04158884439536,100 174.8894803083129,-37.04158352114742,100 174.88946124424845,-37.04157604842228,100 174.8894472050693,-37.04156803958798,100 174.88942994413017,-37.04155810462069,100 174.88942410904303,-37.04155561985342,100 174.88940506033055,-37.04154808558603,100 174.889394614324,-37.04154355981665,100 174.88937718874402,-37.04153392218962,100 174.889367271528,-37.04152591798541,100 174.8893544454037,-37.04151218908739,100 174.88934507573288,-37.04150137221164,100 174.88933430121398,-37.041486677783865,100 174.8893330023907,-37.04148476428122,100 174.88932373574025,-37.04146948522384,100 174.88932300710752,-37.04146816741138,100 174.88931742471902,-37.04146349385972,100 174.88930457486393,-37.041453342597755,100 174.88929156880118,-37.04144577965523,100 174.88927621970856,-37.041437993556954,100 174.88926171879285,-37.04142954410826,100 174.8892546090623,-37.04142348975376,100 174.88924367987258,-37.04141203435298,100 174.88923370141694,-37.04139983465485,100 174.88922390944128,-37.04138749228383,100 174.88922079988944,-37.04138396905651,100 174.88921041444368,-37.041372132754184,100 174.88920006456382,-37.04136027966095,100 174.88919434784955,-37.04135195526959,100 174.8891892008771,-37.04134103326638,100 174.88918672505136,-37.04133277622519,100 174.88918207396037,-37.04132035917643,100 174.88917767134947,-37.04130236272125,100 174.88917548231694,-37.041298962729684,100 174.8891713714909,-37.0412847092365,100 174.88916704815185,-37.04127603457646,100 174.88916204939966,-37.04126102190932,100 174.8891581487616,-37.04125384208379,100 174.88915639662213,-37.04125119402858,100 174.88914440571975,-37.04121214326853,100 174.8891412762979,-37.04119643206075,100 174.88913165940315,-37.04116824382198,100 174.88912735331368,-37.04115958420757,100 174.8891240289827,-37.04114943623006,100 174.88911878784762,-37.04114074734448,100 174.88910306369584,-37.041101993983666,100 174.88909610218397,-37.04108989673808,100 174.8890747501348,-37.041065180644516,100 174.8890708549264,-37.04105762939313,100 174.889063705798,-37.04105075456841,100 174.8890355297456,-37.04100946226633,100 174.88903089708518,-37.04099706114037,100 174.88900211455837,-37.04096023992932,100 174.88898904547545,-37.04093756313511,100 174.88897168983164,-37.04091776486485,100 174.88895923764096,-37.04089103500528,100 174.8889558811913,-37.040881631107204,100 174.8889476255296,-37.04086653600503,100 174.888923242976,-37.040836126857165,100 174.88891227102806,-37.04081985555066,100 174.88890781376148,-37.040814530445324,100 174.88890606159666,-37.040811880583824,100 174.88890110690122,-37.040808033422294,100 174.88888292501403,-37.04078524425956,100 174.88887713713237,-37.04077876324423,100 174.88887051684438,-37.040769679908855,100 174.8888619456744,-37.04076276733034,100 174.88885167982875,-37.04075207644552,100 174.88884585249474,-37.040746725387244,100 174.88884141971045,-37.040741026750666,100 174.88882622826765,-37.0407250308317,100 174.88882406450827,-37.04072124287098,100 174.8888047661135,-37.04070325918768,100 174.88879944804344,-37.040696816653046,100 174.88874406427453,-37.040651152710296,100 174.8887358530067,-37.04064723842806,100 174.88871448045217,-37.040635160637365,100 174.8886831894061,-37.04060349417336,100 174.88867592700493,-37.0405988509468,100 174.88866161203788,-37.04058768734574,100 174.88864298717178,-37.040574694230536,100 174.88864014224427,-37.04057327221284,100 174.88863205663475,-37.04056635188523,100 174.88862769125498,-37.04056123981531,100 174.88858981145347,-37.04052293740729,100 174.88857483070848,-37.04050387006999,100 174.88855947469307,-37.04048817055966,100 174.8885571049662,-37.04048636963732,100 174.88855418962,-37.040482332261135,100 174.88854028557432,-37.04046846630969,100 174.88853586776568,-37.04046073859335,100 174.88853393684775,-37.040458542222765,100 174.88852622574572,-37.04045012787609,100 174.88851164558469,-37.04042921189217,100 174.88851113786856,-37.04042773373032,100 174.8885063405777,-37.04042261411177,100 174.88850287925442,-37.040416370930096,100 174.88848343293367,-37.04038846261462,100 174.88847187990362,-37.04037568674969,100 174.8884571903052,-37.04035139622624,100 174.88845042496834,-37.040343352573,100 174.88844701186025,-37.04033819288731,100 174.88844268134662,-37.04033308025497,100 174.88843549596368,-37.04032614377752,100 174.88842762608104,-37.04031254496294,100 174.88840730333385,-37.0402861539585,100 174.8883994716813,-37.04027328098206,100 174.8883830318884,-37.04025277043119,100 174.88832852900936,-37.04017383964772,100 174.8883157034252,-37.04014990428435,100 174.8882924772969,-37.04012058969386,100 174.8882855700254,-37.04010731443311,100 174.88828183238846,-37.04009214014156,100 174.88827942386348,-37.0400742948641,100 174.88827466279247,-37.04005652128891,100 174.88826944955665,-37.04000933102729,100 174.88827032968447,-37.039993301791384,100 174.88826881981203,-37.03997469773179,100 174.88826907283448,-37.039953459944385,100 174.88826987580228,-37.039950472866494,100 174.8882696733506,-37.0399430268336,100 174.88826707897567,-37.039934879813174,100 174.88826415332514,-37.03993047035564,100 174.88826164774719,-37.03992495462278,100 174.88825731651156,-37.03991981135014,100 174.88825189560487,-37.0399102573311,100 174.88824815454808,-37.03989430887438,100 174.88824377853524,-37.039888810299985,100 174.88823195212416,-37.039881241974484,100 174.88821784788325,-37.03987594423617,100 174.8882000788721,-37.03987148356195,100 174.8881967910137,-37.03986969905068,100 174.88819245364834,-37.03986494343273,100 174.8881909902647,-37.03986273871188,100 174.88818530853035,-37.03985949344514,100 174.8881761735251,-37.03984964704088,100 174.88816292356123,-37.03984134517833,100 174.88815620771584,-37.0398351601037,100 174.88814548474133,-37.0398331478515,100 174.88814266817394,-37.03983209760727,100 174.88813929494157,-37.03982845506861,100 174.88813729324218,-37.03982362711635,100 174.88814021333653,-37.039813152574006,100 174.88814514320833,-37.03980783212629,100 174.88815481350747,-37.03979085989966,100 174.88816218563977,-37.03977470208029,100 174.88816702481836,-37.03976603834586,100 174.8881701324899,-37.03976186542016,100 174.88817508335137,-37.03975730173027,100 174.8881960158892,-37.03972966357113,100 174.88819990048663,-37.0397202723594,100 174.88820429128467,-37.03971234401301,100 174.888207866817,-37.039708177157735,100 174.8882110264812,-37.03970587630764,100 174.8882163021782,-37.03969608981089,100 174.88821793762523,-37.039689355388674,100 174.88821870981215,-37.03966996691765,100 174.8882194776179,-37.03966510659408,100 174.88821785617196,-37.03965770117659,100 174.88821927193607,-37.03964350567314,100 174.88821617353338,-37.03961936857448,100 174.88821569973211,-37.03960446318361,100 174.88821340335298,-37.0395907350654,100 174.8882144430821,-37.0395799227247,100 174.88821811066754,-37.03956381396215,100 174.88822036940726,-37.039561544578916,100 174.88822075884147,-37.039559292336065,100 174.88822998914412,-37.03954271466744,100 174.88823264993508,-37.039539292428,100 174.8882329222367,-37.03953335572692,100 174.88822980945673,-37.039523343152105,100 174.88822634666738,-37.03951635731168,100 174.88822441540384,-37.039514145618725,100 174.88821873024946,-37.0395101712547,100 174.88821166436023,-37.039506965148654,100 174.8882092659702,-37.0395047771153,100 174.8882036014776,-37.039501545995286,100 174.8881983669738,-37.039497563554825,100 174.8881780428217,-37.039486444178536,100 174.88817235879566,-37.03948246979425,100 174.88816624633586,-37.039479990278686,100 174.8881564305254,-37.03947760667012,100 174.8881448031878,-37.03947671020416,100 174.8881325617926,-37.03947176675424,100 174.88812097122903,-37.03947162859636,100 174.8881139654348,-37.0394706666697,100 174.8881101840147,-37.03946851867636,100 174.888105832157,-37.039462632151945,100 174.88807044849003,-37.03944477370548,100 174.8880647250954,-37.03944002662591,100 174.8880599987046,-37.03943753856044,100 174.88805715843804,-37.0394349862216,100 174.8880524040905,-37.039432095719086,100 174.88804301787724,-37.03942894456411,100 174.88803035417018,-37.03942438096465,100 174.88802006354362,-37.039422345594694,100 174.888014029182,-37.03942211087129,100 174.8879871603687,-37.039423787766054,100 174.88798157510277,-37.03942280141743,100 174.88797731471854,-37.03942028970749,100 174.88795858175678,-37.03941544416114,100 174.8879501306059,-37.03941227811499,100 174.88794476784628,-37.03940865461992,100 174.88794181806446,-37.03940653754744,100 174.8879400717447,-37.0394047564319,100 174.88792241815884,-37.03940009378799,100 174.88791535306237,-37.03939759967953,100 174.8879100604009,-37.039394037256905,100 174.88789814173862,-37.03939009359661,100 174.88788846309922,-37.03938512194818,100 174.88787567070636,-37.03938153558846,100 174.8878668339004,-37.03938009355531,100 174.88785889158535,-37.039379722451315,100 174.8878491680688,-37.039377568982474,100 174.88784035397381,-37.03937186883745,100 174.88781695088772,-37.03936789525167,100 174.88780987576624,-37.03936753828231,100 174.88779710528695,-37.03936288442422,100 174.88778693524503,-37.03936145008534,100 174.8877820843895,-37.03936142634534,100 174.88777678324064,-37.03936069864504,100 174.88776882481676,-37.03936103891828,100 174.88776220726436,-37.03936031774809,100 174.8877511408926,-37.039361006717456,100 174.88772456361204,-37.03937404612759,100 174.88770993226376,-37.0393850035776,100 174.88770681086257,-37.03938676122198,100 174.8877041592837,-37.03938923964058,100 174.88767313495586,-37.03940689417747,100 174.88764033008448,-37.03942914934594,100 174.8876354500058,-37.03943375695243,100 174.8876296801106,-37.03943621108959,100 174.88761995258727,-37.03944152314643,100 174.88760796861015,-37.03944856195441,100 174.88760398074703,-37.039450335187965,100 174.88759911484115,-37.03945351760969,100 174.8875875634938,-37.03946377078234,100 174.88756807432392,-37.03947506059203,100 174.88756274242036,-37.039478948035615,100 174.88755919715783,-37.03948106933693,100 174.8875561044349,-37.03948389456335,100 174.8875441311848,-37.03949132165522,100 174.88753215137632,-37.039499800669205,100 174.88752549466042,-37.03950403636639,100 174.88751664591032,-37.0395079238934,100 174.8875060089457,-37.03951355956002,100 174.88749092462015,-37.039523797742895,100 174.8874506341477,-37.03954142843123,100 174.8874466389524,-37.03954354156693,100 174.88744089978147,-37.03954460359651,100 174.88743559017493,-37.03954421580636,100 174.88742849623554,-37.039547049721385,100 174.8874258561869,-37.039547406286516,100 174.88742142955329,-37.03954703418801,100 174.88741525841456,-37.03954808686677,100 174.88739842011032,-37.039553692318414,100 174.88738559224197,-37.039558980685655,100 174.8873767219737,-37.0395646332932,100 174.88737095246148,-37.03956710363528,100 174.8873665300297,-37.039568172649076,100 174.88735811465327,-37.03957203614363,100 174.88734793070904,-37.0395752175539,100 174.88733953573444,-37.039577316875345,100 174.88733511098854,-37.039577656771826,100 174.88732094962035,-37.03958044541051,100 174.88729334086997,-37.03958484413648,100 174.88728490712663,-37.03958869259602,100 174.8872768750255,-37.03959327823797,100 174.88726977227014,-37.039596437653735,100 174.8872626721474,-37.03960029373333,100 174.88725422194423,-37.03960415867605,100 174.88724978101354,-37.039607704756605,100 174.88724710262485,-37.039610508961616,100 174.88724533822244,-37.03961122112365,100 174.88723865770544,-37.039616494581786,100 174.88721597658213,-37.03962951244488,100 174.8872066507015,-37.039633020882356,100 174.8872004247351,-37.03963653677831,100 174.887180883097,-37.03964530281436,100 174.8871773351642,-37.0396460000904,100 174.88717466326548,-37.039647749667694,100 174.8871617882789,-37.039651953593605,100 174.88715335191137,-37.039655106280854,100 174.88713690100636,-37.039662828097214,100 174.88713425212413,-37.03966350926503,100 174.8871022542668,-37.03968040672852,100 174.8870995673941,-37.03968286857066,100 174.88707821911538,-37.039695864300676,100 174.88707421888668,-37.039699046447765,100 174.88706087518503,-37.03970643490818,100 174.88704266484518,-37.039713798946934,100 174.88702269248748,-37.03972006438883,100 174.8870164665053,-37.039723580275535,100 174.88701026201286,-37.03972533017018,100 174.88699339032686,-37.039731633703475,100 174.88698936029076,-37.03973374827957,100 174.8869877264564,-37.03973351289519,100 174.8869867006862,-37.03973336067102,100 174.88698440713802,-37.03973372613468,100 174.88696010418704,-37.03974059313166,100 174.88695322807098,-37.03974314414973,100 174.88694680688508,-37.039744588342,100 174.88692478624318,-37.039755132385366,100 174.88690001969294,-37.039770432112824,100 174.8868894470301,-37.03977589815853,100 174.88687478791041,-37.03978646838925,100 174.8868587094932,-37.03979520541661,100 174.8868407994442,-37.03980979669176,100 174.8868205795043,-37.0398324508005,100 174.88681186988427,-37.03984082634693,100 174.88680451531738,-37.039849984297966,100 174.88679992490916,-37.03985694056119,100 174.88679713253882,-37.03986572400167,100 174.88679483615388,-37.03987047163526,100 174.88679208529095,-37.03987375557424,100 174.88678702322548,-37.03987996224656,100 174.88678242143263,-37.03988396061834,100 174.88676083272193,-37.03990405336044,100 174.8867566954279,-37.039907331412714,100 174.88675164903177,-37.039912808681294,100 174.88670711231993,-37.03995077063048,100 174.8867043434907,-37.03995405575456,100 174.8867025097739,-37.039954784333325,100 174.88669058981836,-37.039966096905125,100 174.886675417324,-37.03998327370686,100 174.88666717101339,-37.03999020069189,100 174.88665384035048,-37.04000443338427,100 174.88665200665423,-37.04000516286324,100 174.88664188024882,-37.04001430630988,100 174.88663224396126,-37.04002231082619,100 174.8866170779895,-37.0400391161806,100 174.88661387381998,-37.04004166555466,100 174.88658770809232,-37.040065399321506,100 174.88657897200915,-37.040073434580066,100 174.886577575526,-37.04007561180446,100 174.88657437551933,-37.040078920007225,100 174.88656887430312,-37.040083647409105,100 174.8865679372577,-37.040085490153196,100 174.8865615215441,-37.040093516443584,100 174.88655324149494,-37.04010044395747,100 174.8865348723315,-37.0401223835914,100 174.88652705103738,-37.040129676044344,100 174.88652427793014,-37.04013406082031,100 174.88652106608248,-37.040136981650306,100 174.88647054113486,-37.040191030551746,100 174.88644340894336,-37.04022319060553,100 174.88644020476036,-37.04022573997522,100 174.8864337748028,-37.04023450915789,100 174.88642872031167,-37.04024034255587,100 174.88640804232531,-37.040260807408636,100 174.88640066271702,-37.04027031994491,100 174.88638182910893,-37.04029112319055,100 174.88636988969742,-37.040306832589415,100 174.88636162490536,-37.04031560481193,100 174.88634416191064,-37.04032946065181,100 174.88633728375746,-37.040333840408174,100 174.88633498010708,-37.04033638807135,100 174.88633451713562,-37.04033785193777,100 174.8863326868113,-37.040339308708674,100 174.8863047732629,-37.04035611937326,100 174.88626450324847,-37.04037069843337,100 174.8862535246805,-37.0403739879261,100 174.88623754081596,-37.04037723984803,100 174.88621283778173,-37.04038598776427,100 174.88617806979587,-37.04039655322762,100 174.8861734806396,-37.04039911109525,100 174.88616616483657,-37.040402025975986,100 174.88615794468626,-37.04040419814417,100 174.8861496934778,-37.040407114379505,100 174.88613917983741,-37.040416652402925,100 174.88613369455302,-37.040423252436405,100 174.88612273486697,-37.04043166731924,100 174.8860984859168,-37.04045840337937,100 174.88609483586396,-37.04046429013955,100 174.88607791935715,-37.04048296822746,100 174.88607288044756,-37.04049065984675,100 174.88606693265422,-37.040496153223046,100 174.88606372683466,-37.04050054577059,100 174.88605596433092,-37.04050935414881,100 174.88604086109547,-37.04052143381021,100 174.8860253256531,-37.04054121926086,100 174.88601982888673,-37.04054671988377,100 174.88601160841037,-37.04055587713477,100 174.88597045156493,-37.040593965328924,100 174.88596449618635,-37.0405972443227,100 174.8859329488454,-37.040619925175335,100 174.88592196168173,-37.04062541395048,100 174.88590687727762,-37.0406356663573,100 174.88588903313484,-37.04064884680767,100 174.8858680172059,-37.04065943507027,100 174.88583141085604,-37.04068395477369,100 174.88582136852494,-37.040692368563086,100 174.88581083693106,-37.04069932100899,100 174.8857554916552,-37.04072707957405,100 174.88574772314897,-37.04073183036793,100 174.88574175883403,-37.04073733931303,100 174.88573766432285,-37.04074025973474,100 174.885721671882,-37.04075343956203,100 174.8856942031839,-37.040773200183324,100 174.8856859846666,-37.040780530442625,100 174.88567499694693,-37.04078858881505,100 174.88566538549887,-37.04079369697712,100 174.885664038757,-37.040795159569285,100 174.8856132511534,-37.040828089382885,100 174.88560822952746,-37.04083321019579,100 174.88560001462082,-37.04083686939023,100 174.88559542541824,-37.0408394272366,100 174.8855880948724,-37.04084565730406,100 174.8855652491227,-37.04086027277769,100 174.88552409058593,-37.040878537618134,100 174.885498023488,-37.04089314840829,100 174.88549069718502,-37.04089827791307,100 174.88548384154805,-37.04090157209559,100 174.8854568439045,-37.040917654172944,100 174.88544861172167,-37.04092129740824,100 174.88542758144823,-37.04093262939583,100 174.88541020004786,-37.040939933143044,100 174.8853896148746,-37.04094721480938,100 174.88532923414456,-37.0409738680099,100 174.88532057467822,-37.04097641934155,100 174.88527345517178,-37.04099906273464,100 174.88523823143007,-37.041017719846444,100 174.88522221869636,-37.04102758494251,100 174.8852167463725,-37.0410327138041,100 174.885209875876,-37.04104186306286,100 174.8851883860145,-37.04106752760235,100 174.88517513452888,-37.04108916216516,100 174.8851687131905,-37.04109760667508,100 174.8851659841003,-37.041099775320866,100 174.88515956439363,-37.04110637664245,100 174.88515042844034,-37.041118848050964,100 174.88512938657,-37.04114376188572,100 174.88512437470732,-37.04115182527332,100 174.885116138703,-37.04116172538282,100 174.88508870813578,-37.04119249556141,100 174.88506978834195,-37.04121011026588,100 174.8850670826068,-37.0412131780373,100 174.88506711904986,-37.04121833380496,100 174.8850526665495,-37.0412429166728,100 174.88504042477004,-37.041256464016925,100 174.885038685442,-37.04126637533425,100 174.88503049333826,-37.04127150505178,100 174.88502643085116,-37.041276268102315,100 174.8850236940946,-37.04127880910431,100 174.88502418489168,-37.04128028755057,100 174.88502193428076,-37.041285437305,100 174.885017842993,-37.04129167263859,100 174.88501245905147,-37.04130451342595,100 174.88500843689118,-37.04132031768169,100 174.88500761258717,-37.04133208555849,100 174.8850035283644,-37.04133537893068,100 174.8849994817255,-37.04134455630398,100 174.88499629203622,-37.04134637715326,100 174.884993125625,-37.04134968478024,100 174.88499132506104,-37.04135225596799,100 174.88499133058747,-37.041356298218126,100 174.88499460223122,-37.041367701767086,100 174.88499508595962,-37.0413721221744,100 174.8849978513553,-37.04137764917036,100 174.88499833674348,-37.04138022729068,100 174.8850006167514,-37.04138317616622,100 174.88500431482603,-37.04139054592189,100 174.88500387847262,-37.04139422385839,100 174.88500298541732,-37.04139643812886,100 174.885004913981,-37.041412635414936,100 174.88500683296436,-37.04142844529348,100 174.8850082067574,-37.04142993944942,100 174.88500829131792,-37.04144390557719,100 174.88500969917905,-37.04145236895732,100 174.88501202323306,-37.041455689370146,100 174.88501340491416,-37.041459366353244,100 174.88501350471992,-37.0414751763018,100 174.88501489547,-37.04148108386231,100 174.88501491558708,-37.041484397628736,100 174.88501314771145,-37.04149138197142,100 174.8850131612964,-37.041495068079236,100 174.8850136371047,-37.04149725879198,100 174.88501684490143,-37.04150057958029,100 174.88501961557796,-37.041507592738014,100 174.8850205979056,-37.04151826205686,100 174.88502064052204,-37.041523031067825,100 174.88502201391606,-37.041524509006486,100 174.88502664288842,-37.041537422293665,100 174.88502894427774,-37.041541826430844,100 174.88503814853928,-37.04155548087769,100 174.88503820410975,-37.041561364592845,100 174.88503506385194,-37.04156945771692,100 174.88503466735682,-37.04157974787001,100 174.88503161747383,-37.041600723664374,100 174.88503208450365,-37.04160328675408,100 174.885031212689,-37.04160881477319,100 174.88502406245303,-37.04163379622498,100 174.8850195831227,-37.04164298137677,100 174.88501646030687,-37.041653643834024,100 174.88501242773066,-37.04166393589412,100 174.88501290883673,-37.04166761367028,100 174.88501155780472,-37.04167017681262,100 174.88501067795323,-37.041676061874725,100 174.88500800783507,-37.0416848892974,100 174.88500804266135,-37.04169188915356,100 174.8850071721021,-37.041695558668565,100 174.88500766302118,-37.041702179038545,100 174.88500813958845,-37.04170440038342,100 174.88500679082512,-37.041707691741365,100 174.88500591638177,-37.041712477129494,100 174.8850059524436,-37.041717617580765,100 174.88500507299239,-37.041723518859854,100 174.88500511271394,-37.0417319895624,100 174.885002065222,-37.04175183508549,100 174.8850007157132,-37.04175441442694,100 174.8850007331821,-37.04175698466149,100 174.88498907654494,-37.04178823958649,100 174.88498728980278,-37.04179005165852,100 174.88498142606383,-37.04180181490214,100 174.8849810114836,-37.041806964317864,100 174.8849746835178,-37.04181505041799,100 174.88497199516567,-37.04182127697312,100 174.8849729364932,-37.04182533319235,100 174.8849729414103,-37.04182680493972,100 174.88497070611584,-37.041831210875756,100 174.8849680180059,-37.04184003858336,100 174.88496574335386,-37.041842989542715,100 174.88496349074796,-37.041842967658965,100 174.8849562062296,-37.04184515461901,100 174.88495166864467,-37.041847711620726,100 174.88494488168732,-37.04185355987147,100 174.88494259834584,-37.04185429556913,100 174.88493447978686,-37.04186531141368,100 174.88493675978543,-37.04186825938894,100 174.8849363376602,-37.04187119442638,100 174.8849336260379,-37.0418759801692,100 174.88492910367057,-37.04188038009001,100 174.8849263833835,-37.041882224121956,100 174.8849173735793,-37.04189616443205,100 174.88491377078304,-37.04190314999346,100 174.8849092506593,-37.04190827722825,100 174.88489565900855,-37.0419218487138,100 174.88488068503966,-37.041929171810125,100 174.88487204233058,-37.0419317237451,100 174.88486343565154,-37.04193941522993,100 174.88485845731878,-37.0419423361478,100 174.88485209198072,-37.04194709342729,100 174.88484619923128,-37.04195077425259,100 174.8848366842857,-37.04195883798597,100 174.88483033542468,-37.04196357968035,100 174.88481948276095,-37.04197533657332,100 174.88481494783238,-37.04197863800281,100 174.88480863706008,-37.04198669317675,100 174.88480684401384,-37.041991478740286,100 174.88479871882117,-37.04200286421479,100 174.88479056862357,-37.04201019242628,100 174.88478331335182,-37.042015336081704,100 174.88476973362725,-37.04202743643934,100 174.88476157362012,-37.04203182205503,100 174.8847529337424,-37.04203767179907,100 174.88474797061494,-37.04204243563253,100 174.8847461558144,-37.04204575061664,100 174.88474526463307,-37.042048677784905,100 174.88474210788377,-37.04204978607586,100 174.884723498601,-37.0420622367417,100 174.88471806325697,-37.04206809234353,100 174.88471353258518,-37.0420702932123,100 174.88470673492398,-37.04207507357735,100 174.8846999124859,-37.04207835186596,100 174.88469674338705,-37.04208091595405,100 174.88469449552247,-37.04208422339808,100 174.8846754372029,-37.04209483893131,100 174.88466635921552,-37.042101796120015,100 174.88465637797458,-37.042108009666045,100 174.88460961592165,-37.04213104910273,100 174.88459327125616,-37.0421350510154,100 174.88458689383992,-37.04213686572304,100 174.88457827396678,-37.04214088819832,100 174.88455560900792,-37.042157745751155,100 174.88454016012125,-37.04216541794447,100 174.88453427235402,-37.04216798286396,100 174.88453152727422,-37.04216832481113,100 174.88452655473003,-37.042170162258756,100 174.88452156477555,-37.04217456959373,100 174.88451842932622,-37.04218413355218,100 174.88450663000995,-37.04219034803244,100 174.8844984471013,-37.04219326306993,100 174.88449120338623,-37.042196920277775,100 174.88448761866604,-37.042202047055405,100 174.88448538261014,-37.04220646921803,100 174.88448359808868,-37.042209008597744,100 174.88447417278738,-37.042215243939864,100 174.8844701173046,-37.0422170650119,100 174.88446562596445,-37.04222072084855,100 174.88446207179018,-37.04222694672807,100 174.88445269886074,-37.04224089367438,100 174.88443880192477,-37.04225408330058,100 174.88443958459968,-37.04225995456231,100 174.88442641578268,-37.04226357611757,100 174.8844245922895,-37.04226467583559,100 174.88441962521236,-37.04227055462842,100 174.8844155345054,-37.042272360936146,100 174.8844137151794,-37.04227422038506,100 174.8844101235953,-37.04228484520934,100 174.88441013915988,-37.04228670254468,100 174.88440878156229,-37.04228963802219,100 174.88440290154233,-37.042296973401655,100 174.88438928587448,-37.042306487551926,100 174.88438567171863,-37.04231051520622,100 174.88438295702568,-37.04231454208957,100 174.88437888460683,-37.0423233638373,100 174.88437707985517,-37.04232517618644,100 174.8843743742122,-37.04233143364731,100 174.88436848348354,-37.04233838163554,100 174.88436805138966,-37.04234095991398,100 174.88436576807229,-37.042341697402925,100 174.88436079005035,-37.04234463271616,100 174.8843594092052,-37.04234608231607,100 174.88435396103773,-37.04234828332719,100 174.88435034461466,-37.04235158276474,100 174.8843272057666,-37.042364375722876,100 174.88432537666378,-37.04236402082771,100 174.8843235631114,-37.04236547730172,100 174.8843199296179,-37.04236622181947,100 174.88431585835932,-37.042368769586076,100 174.8843122403254,-37.042373914012494,100 174.88429907191215,-37.04238269189399,100 174.8842940851088,-37.04238527223112,100 174.88428954108443,-37.04238634306386,100 174.88428319604475,-37.042389286572,100 174.8842763768104,-37.042395879773096,100 174.8842732354526,-37.04240138615917,100 174.88426236339353,-37.042414956729125,100 174.88425558558802,-37.04242559070737,100 174.88425240839925,-37.04242851092648,100 174.88424833926814,-37.04243364629395,100 174.8842438069063,-37.042437690333735,100 174.8842383741177,-37.04244428854594,100 174.88422611115166,-37.04244939725705,100 174.8842211391443,-37.042453804294496,100 174.88421978041274,-37.0424567397879,100 174.88421977670188,-37.042460409947054,100 174.8842102736268,-37.042467003419574,100 174.8842075294978,-37.04246993117864,100 174.88419619595967,-37.04247797958833,100 174.8841894121576,-37.04248714363518,100 174.88418759897837,-37.04248861542335,100 174.88418579030065,-37.04249154274211,100 174.8841857963048,-37.042493013570976,100 174.8841790331668,-37.04250806188727,100 174.88417086147354,-37.04251393389501,100 174.88416224153534,-37.042517956341605,100 174.8841495263461,-37.04252232865504,100 174.88414227550518,-37.04252892870497,100 174.88414002164134,-37.04253590633421,100 174.8841332137835,-37.04254286978148,100 174.8841173289306,-37.042552377587256,100 174.88409872575625,-37.042561900632016,100 174.88409147548802,-37.04257107118203,100 174.8840874156793,-37.04257399189792,100 174.8840815018432,-37.04257691412486,100 174.88407334495668,-37.04258461373049,100 174.88406883360176,-37.042594511384095,100 174.88406477362562,-37.04260001793624,100 174.8840402780509,-37.0426234740593,100 174.8840348463779,-37.04263007314594,100 174.8840330326696,-37.042634116353746,100 174.88402804566223,-37.04263923655111,100 174.88402169368845,-37.042643265322816,100 174.88401445048578,-37.04264949300616,100 174.88399858232867,-37.04266600003955,100 174.88398588454115,-37.04267294257158,100 174.88397635649878,-37.04267989243641,100 174.88397092371466,-37.04268649243913,100 174.88396820222928,-37.04268833556722,100 174.8839590995354,-37.04269052340696,100 174.88395276739524,-37.042695263888284,100 174.88394322433078,-37.04269783095929,100 174.8839382181788,-37.04269781043255,100 174.88393323583938,-37.042701846285986,100 174.88392780845152,-37.04270734571176,100 174.8839228054901,-37.04271063831848,100 174.8838982825474,-37.04271902598547,100 174.88389283923655,-37.042722698724184,100 174.8838628910357,-37.04274945455882,100 174.88385789539612,-37.04275236128946,100 174.8838469979991,-37.0427541765473,100 174.883825646688,-37.042762603052545,100 174.88381022759128,-37.04277394477948,100 174.88380794273053,-37.04277466605896,100 174.88380295267615,-37.04277393234127,100 174.88379886996748,-37.04277538158558,100 174.88379660406127,-37.04277868929949,100 174.8837952455005,-37.042784179975584,100 174.88379343230656,-37.04278565175806,100 174.8837870834755,-37.04278785262776,100 174.88376711151489,-37.04279990928903,100 174.8837512121262,-37.042807604759815,100 174.88374440326064,-37.04281198236677,100 174.88373304923593,-37.04281674941906,100 174.88372170677385,-37.0428200282376,100 174.88370397863144,-37.042827338147944,100 174.88369263842384,-37.04283134517967,100 174.8836894524232,-37.042833910411055,100 174.88368810170556,-37.04283648885579,100 174.8836840118964,-37.04284088095885,100 174.88366676213874,-37.04285112421334,100 174.883661764584,-37.042853317135354,100 174.8836217763119,-37.042859853031175,100 174.88361678757283,-37.042862402726755,100 174.8836131531107,-37.04286570242872,100 174.88361179977707,-37.042867538241595,100 174.88359134860016,-37.042875947706,100 174.88358226663482,-37.042877019376505,100 174.88355588712054,-37.042876984050736,100 174.88353498168928,-37.04288207221239,100 174.88352225589804,-37.0428835172,100 174.8835095284346,-37.04288680537472,100 174.88350042942483,-37.0428853221194,100 174.88349452920494,-37.04288493001501,100 174.8834917958934,-37.04288565840997,100 174.8834876950073,-37.042884552742095,100 174.88347951029107,-37.042884168974865,100 174.88347587958987,-37.04288379941385,100 174.88347042646828,-37.04288452863798,100 174.88346043343807,-37.042887088395176,100 174.88344723634063,-37.04288265626043,100 174.88344314762873,-37.042882634663606,100 174.88343131046477,-37.0428804098506,100 174.8834226673935,-37.04288040559557,100 174.8834094802398,-37.042876330214156,100 174.88340720546668,-37.04287486657051,100 174.88340038609837,-37.04287631779817,100 174.8833958358474,-37.04287777535434,100 174.8833948489903,-37.04287906276175,100 174.8833039977398,-37.04271400612524,100 174.88158999604354,-37.03958600228364,100 174.88163200756088,-37.03952699361396,100 174.88152600086323,-37.03934499343182,100 174.8814359997126,-37.039304993629614,100 174.88139400309637,-37.03922900220978,100 174.88167000567526,-37.038983000981325,100 174.88162299263948,-37.038897000041345,100 174.88156800372587,-37.038796006255495,100 174.88154199880213,-37.038749007562636,100 174.88147100141987,-37.03861900688342,100 174.88146100488922,-37.038600998799225,100 174.88141499839847,-37.038516994408425,100 174.88160399512722,-37.03844899714924,100 174.88185499751205,-37.03836000512474,100 174.88198639162974,-37.038312510064785,100 174.88221025886187,-37.0382326472136,100 174.88242589210205,-37.03815573029099,100 174.88260562459996,-37.03809167296311,100 174.88262411750134,-37.038085140626485,100 174.882815512388,-37.03801686905385,100 174.88315435440876,-37.03789600418951,100 174.88343940446023,-37.03779431962442,100 174.88362114043173,-37.037729467359625,100 174.8836396473165,-37.03772282558661,100 174.88381982263718,-37.03765857283557,100 174.8838652263634,-37.03764235742779,100 174.88409624195768,-37.03755993318654,100 174.88422553584775,-37.037795187727724,100 174.8843146955313,-37.03795739284175,100 174.88440799258115,-37.03812717609275,100 174.88447066686606,-37.03824130728663,100 174.88450027228447,-37.038374985828995,100 174.88454486090174,-37.03857640611153,100 174.88454924219465,-37.03859618407308,100 174.88488599963196,-37.038611000560785,100 174.8852469914498,-37.038625999623214,100 174.8853300041268,-37.038642004985334,100 174.88551199389772,-37.0385309937209,100 174.8856689938716,-37.03843599813153,100 174.8857169946038,-37.038407005331536,100 174.88583999541274,-37.03836299771696,100 174.88602400260834,-37.038297001574755,100 174.88614499626127,-37.03825499580867,100 174.88628700416825,-37.03820300458974,100 174.88646199118298,-37.038140992572146,100 174.88663599228963,-37.038078995980875,100 174.88681099703362,-37.038016996691134,100 174.8869850041109,-37.03795399274393,100 174.88715999143045,-37.03789199412298,100 174.88733400822244,-37.03782999626858,100 174.88750900300718,-37.03776700558719,100 174.88768300085115,-37.03770499220537,100 174.887904996338,-37.037626002002646,100 174.8879939945833,-37.037593999740245,100 174.88828399948702,-37.037492000315346,100 174.88830500008828,-37.03752999474398,100 174.88841499443657,-37.037732006259525,100 174.88838000270246,-37.03780500367557,100 174.8887319974878,-37.037678999677446,100 174.88864200882998,-37.03765100689441,100 174.88851899627184,-37.037425001114194,100 174.88850499913346,-37.03740000194643,100 174.88852399789496,-37.037392995570656,100 174.88879100375019,-37.03730000729116,100 174.88884700508183,-37.037279994393494,100 174.88902200610022,-37.03721799283541,100 174.88925799800407,-37.03713599940663,100 174.88931799740945,-37.03716299759085,100 174.8896630077536,-37.037086004040596,100 174.8897290063943,-37.03727500011503,100 174.88968299907037,-37.03734599225324,100 174.89003299726664,-37.037269003781304,100 174.88994699207134,-37.0372270035758,100 174.8898920024969,-37.037069007336065,100 174.89020000017905,-37.03702699472634,100 174.89017699878949,-37.03691999372957,100 174.89038299222912,-37.03691499842534,100 174.89042200120502,-37.036914005379074,100 174.8905769995384,-37.036909993722965,100 174.8906129952629,-37.036908992761624,100 174.890782999758,-37.03690400528301,100 174.89080400649718,-37.036903993983636,100 174.89098800446467,-37.03689899404494,100 174.89099500085788,-37.036898996068345,100 174.8911859951578,-37.03689399694514,100 174.89119299155,-37.03689399895688,100 174.89135900507202,-37.036868994192865,100 174.89136000010464,-37.03688200122971,100 174.89197800188745,-37.03679099379088,100 174.89241099314506,-37.03664299400674,100 174.89252999776542,-37.03686900371645,100 174.89249299218645,-37.0369410006435,100 174.89279599378526,-37.036838993807095,100 174.8927069994554,-37.036809995913934,100 174.89258800128025,-37.03658299485106,100 174.89309500488213,-37.03641000105479,100 174.89309600106893,-37.03637600519983,100 174.89321399498522,-37.03633599508629,100 174.89338599233577,-37.03627899494604,100 174.89355799627012,-37.03622100302241,100 174.89358899219133,-37.03621000623474,100 174.89337499644463,-37.035912996137576,100 174.89361899742863,-37.03583099154857,100 174.89383900519778,-37.035756998163755,100 174.89385900408996,-37.035794993163016,100 174.89395199726582,-37.03597199210105,100 174.89404500126,-37.03614999663537,100 174.89437800659778,-37.036037007439255,100 174.89441800623763,-37.03611299811214,100 174.89470500039556,-37.03615899869155,100 174.8947729972788,-37.036181997068,100 174.89486500026746,-37.03634800167443,100 174.89505299653806,-37.036288998624165,100 174.89522200048623,-37.03660999516562,100 174.89541200912169,-37.03654600133371,100 174.89542300055993,-37.03656800129727,100 174.89548500573338,-37.03668500333617,100 174.89555799577434,-37.03682499592204,100 174.89560800589152,-37.03691999955656,100 174.89562500334034,-37.03695199267377,100 174.89563099406175,-37.03696399779544,100 174.8957039915008,-37.03710299963129,100 174.89577700721895,-37.03724200202514,100 174.89540300127476,-37.037372006266985,100 174.89533600023037,-37.037349997308915,100 174.89544200471227,-37.03755300138886,100 174.8954699987159,-37.037497997403435,100 174.89584400545917,-37.03736800555189,100 174.89591899319714,-37.03751200558392,100 174.89599199248784,-37.037650992767674,100 174.89601899933186,-37.03770199828722,100 174.89606499128863,-37.03778999432894,100 174.8961379994507,-37.03792800516015,100 174.8960709951193,-37.03795100132036,100 174.89601300280665,-37.037971005275544,100 174.89602299469243,-37.03799000359788,100 174.89610100790154,-37.038135003339285,100 174.8961889954063,-37.038299001610184,100 174.8959400059128,-37.03838500020309,100 174.89586699230722,-37.03836100566521,100 174.89598999658017,-37.03859600221804,100 174.89601999345854,-37.038536997669524,100 174.89632099377977,-37.03843199716201,100 174.89642200403281,-37.03862000407693,100 174.8965000007056,-37.03876500378918,100 174.89651099925348,-37.03878599767186,100 174.89653499413242,-37.038778003424376,100 174.89668399191098,-37.03872600162116,100 174.89683899756577,-37.03867200541516,100 174.8968489997608,-37.038691993125084,100 174.8969470051369,-37.0388789994077,100 174.89694999867706,-37.03888399520793,100 174.89702899274135,-37.03903500198876,100 174.89703700434413,-37.0390499931637,100 174.8971270079625,-37.039222999374836,100 174.89715699538215,-37.03928099879183,100 174.89723200309646,-37.039423000297596,100 174.89725299470192,-37.03946300671701,100 174.89727800548326,-37.03951000421898,100 174.8974240037007,-37.0394609967121,100 174.89754299404282,-37.039687002186305,100 174.89770100587717,-37.03998599507758,100 174.89770899189799,-37.03999999428011,100 174.8978670065822,-37.040299002196576,100 174.89805800530934,-37.040233003567,100 174.898080000947,-37.04027799507306,100 174.89813300397378,-37.04038600135517,100 174.8981629977009,-37.040447995853995,100 174.89819399950434,-37.04051200213563,100 174.89820799652233,-37.040540005037215,100 174.8982960028277,-37.040718992614394,100 174.89859300570004,-37.04061899841699,100 174.89886399414905,-37.040525993145074,100 174.8990900077876,-37.04044900243831,100 174.89919300405927,-37.04041400518126,100 174.89909299354204,-37.040241996375215,100 174.8990730038182,-37.040207006216214,100 174.89901799838938,-37.04011199942699,100 174.89900600393614,-37.04009199874612,100 174.89891699149334,-37.03993900055707,100 174.8992479922658,-37.039822005413974,100 174.89937000385694,-37.03977999875361,100 174.8996319920661,-37.0396880029387,100 174.89976099467916,-37.039642001112824,100 174.90003999271858,-37.03954499833168,100 174.90010099583813,-37.039523002776235,100 174.90018599718113,-37.03968000390359,100 174.90022699961804,-37.03975500030692,100 174.90035099264492,-37.03986600068169,100 174.90035199773953,-37.03986599899884,100 174.90036400157067,-37.03988000484602,100 174.90036399368702,-37.03988099640195,100 174.900429004924,-37.04002899457458,100 174.90046600303486,-37.04011400359122,100 174.90044100859072,-37.040302006882705,100 174.90032299221397,-37.04053700630193,100 174.90031499577722,-37.04055300540379,100 174.90020500874186,-37.04067499459988,100 174.9001560053438,-37.04072800006483,100 174.899788007425,-37.04093499297549,100 174.89968200591957,-37.041078004663234,100 174.8998990065666,-37.04100200669195,100 174.89990695774438,-37.04099961255827,100</coordinates></LinearRing></outerBoundaryIs>
    </Polygon>
  </Placemark>

  <Placemark>
    <name>Wattle Downs</name>
    <Point>
      <altitudeMode>relativeToGround</altitudeMode>
      <coordinates>174.88655322429105,-37.047461225278994,100</coordinates>
    </Point>
  </Placemark>

</Document>
</kml>