<?xml version="1.0" encoding="utf-8"?>
<kml xmlns="http://www.opengis.net/kml/2.2">
<Document>
  <name>Weymouth (polygon: official_shp)</name>
  <open>1</open>

  <Placemark>
    <name>Weymouth (polygon: official_shp)</name>
    <Style>
      <LineStyle><color>ffff0000</color><width>2</width></LineStyle>
      <PolyStyle><color>66ff0000</color><fill>1</fill><outline>1</outline></PolyStyle>
    </Style>
    <Polygon>
      <tessellate>1</tessellate>
      <altitudeMode>relativeToGround</altitudeMode>
      <outerBoundaryIs><LinearRing><coordinates>174.88320027720061,-37.04274310126312,100 174.88319770705024,-37.04273901140549,100 174.88318738396933,-37.0427319901348,100 174.88318324472934,-37.04273133391346,100 174.88316102780232,-37.04272256819352,100 174.88314652990877,-37.042720003445176,100 174.88313838958013,-37.04272000470652,100 174.88312072846986,-37.04272147393182,100 174.8831094158052,-37.042720726103944,100 174.88310216133692,-37.04271890168148,100 174.88309491132767,-37.04271853188881,100 174.88307997193547,-37.04271561812772,100 174.8830749758855,-37.04271341264866,100 174.88306999932436,-37.04271195043392,100 174.8830516015347,-37.04270348998654,100 174.88304755355225,-37.04270174894685,100 174.88303387563448,-37.04270129012674,100 174.88302701560914,-37.04269422377539,100 174.8830255071666,-37.042691602403174,100 174.88302308346874,-37.04268975355656,100 174.8830087939612,-37.04268588400308,100 174.88300442259452,-37.04268179389576,100 174.88299672761482,-37.04267779440879,100 174.88297833712377,-37.042664531698065,100 174.88295610880277,-37.04265020598932,100 174.88294107631717,-37.04263874484097,100 174.88292273438825,-37.04262662780623,100 174.8829164206099,-37.04262182856332,100 174.88291057135282,-37.042616262148215,100 174.8829047354197,-37.042611826655055,100 174.88289888616427,-37.04260626023934,100 174.88289592041787,-37.042602904906836,100 174.8828691730931,-37.04259248325636,100 174.88286002808567,-37.04258736122476,100 174.88284592993506,-37.042575898751,100 174.8828299738559,-37.0425648713552,100 174.88281634324073,-37.042553400554525,100 174.88280814060548,-37.04254787509803,100 174.8827920966698,-37.042534929318755,100 174.88277562568572,-37.0425227654358,100 174.88276797470036,-37.04251913476891,100 174.8827560775524,-37.042515980696116,100 174.8827445784486,-37.04251091585284,100 174.8827407915322,-37.04250986556199,100 174.8827344675037,-37.04250469603669,100 174.88271246935454,-37.042495678900075,100 174.88270720419055,-37.04249313788616,100 174.88270004585306,-37.0424910162857,100 174.88269158855903,-37.042490838681836,100 174.88268829280588,-37.042491283063,100 174.88268534390974,-37.042487926556234,100 174.88267062102528,-37.04248408006377,100 174.8826525656456,-37.042479918735395,100 174.88263876712335,-37.04247566820404,100 174.8826306149052,-37.04247204638547,100 174.88262718931705,-37.04246832700865,100 174.88262428898514,-37.0424661170867,100 174.88261471770946,-37.04246253581755,100 174.88260939371983,-37.042458477940606,100 174.8826031766505,-37.04245595383392,100 174.8825903826892,-37.04245358999999,100 174.88257198249661,-37.042452083058386,100 174.8825700584452,-37.042451388951015,100 174.88256300297746,-37.042451155739386,100 174.8825457815801,-37.04245608610872,100 174.8825283756477,-37.04245609469114,100 174.88252230414727,-37.04245700583501,100 174.88250279663103,-37.042463881440746,100 174.88249301655233,-37.042466003308796,100 174.88248361147572,-37.04246660143179,100 174.88247888951216,-37.04246556777586,100 174.88245632688626,-37.04246642520063,100 174.88244747456838,-37.042468918097235,100 174.88244092484692,-37.04246945016848,100 174.8824342822021,-37.042468450599685,100 174.88242678675763,-37.04246861282405,100 174.8824109683264,-37.0424735344267,100 174.88240160725715,-37.04247450318113,100 174.8823937167614,-37.04247733502034,100 174.88238064354573,-37.04248064478459,100 174.8823676257866,-37.04248474320773,100 174.88235221264702,-37.042487364557054,100 174.88234845633286,-37.04248746202651,100 174.88234609265183,-37.04248713180819,100 174.88233060382663,-37.0424882365635,100 174.88231442071432,-37.04249505487237,100 174.882301783744,-37.0424972265708,100 174.88227790675862,-37.04250004261987,100 174.88224637228808,-37.04249960120539,100 174.88220799926557,-37.04250502402005,100 174.88220150029167,-37.04250742907946,100 174.88217517368264,-37.04252018478315,100 174.88216824839748,-37.04252413062175,100 174.88216372313687,-37.042528421427356,100 174.88214359068184,-37.04253075441568,100 174.88213659740575,-37.04253281220259,100 174.8821276583193,-37.04253338577802,100 174.88212447308197,-37.04253534618225,100 174.88211368524716,-37.04253672691733,100 174.882103478859,-37.04254039043552,100 174.88209834049704,-37.04254125340215,100 174.88209029564712,-37.04254029409092,100 174.88207440841205,-37.04254329606645,100 174.88206142846394,-37.04254815275246,100 174.88205009441745,-37.04255942312209,100 174.88203041375664,-37.04257390568256,100 174.88202480788658,-37.04257477786698,100 174.88202296982712,-37.042575972416344,100 174.882022561075,-37.04257749579348,100 174.88202206602097,-37.042577117891675,100 174.88201519579846,-37.04258183706609,100 174.88197709692304,-37.042594812873155,100 174.88196457532118,-37.04259929003823,100 174.88194642943913,-37.04260462255013,100 174.8819399415384,-37.04260743120291,100 174.88191288374716,-37.04261370997822,100 174.88190631714951,-37.042614242287875,100 174.8818960515229,-37.04261637271244,100 174.88187888923616,-37.04262283516239,100 174.88187374471892,-37.04262408667816,100 174.88186438357806,-37.04262505358896,100 174.88181554274837,-37.04262765544958,100 174.8817866641125,-37.04262298522813,100 174.88177394843493,-37.04262288143069,100 174.8817682264531,-37.04262073608371,100 174.8817654059093,-37.0426208006621,100 174.8817596941943,-37.04261902558691,100 174.88175174524432,-37.04262035674211,100 174.88173859987594,-37.04262101955569,100 174.8817230250727,-37.04262023736846,100 174.88171168764995,-37.042618576780676,100 174.88170629513084,-37.04261834507556,100 174.8817013701191,-37.042618787337446,100 174.88169724196277,-37.04261853377007,100 174.88169343875649,-37.042616276860755,100 174.88168966339032,-37.042615010941795,100 174.88167885936392,-37.04261323192968,100 174.8816718318498,-37.04261271971935,100 174.8816571613002,-37.0426063468223,100 174.8816541813421,-37.042603734356355,100 174.88163624141063,-37.04259810011647,100 174.88162952088777,-37.042594902561255,100 174.88161491483103,-37.04259086841568,100 174.88160734507184,-37.04258701917092,100 174.8816057008477,-37.04258704795926,100 174.8815884134759,-37.04257674002318,100 174.88158751153372,-37.04257477326994,100 174.88158622855215,-37.042573448880766,100 174.88158414064046,-37.042572493275344,100 174.88158082580242,-37.042572210577866,100 174.88157409653104,-37.04256870401164,100 174.8815589040055,-37.04255899465115,100 174.8815472065222,-37.042554908947935,100 174.88153662059486,-37.04254711658111,100 174.88153072262563,-37.042543580601404,100 174.88152599919314,-37.0425386614178,100 174.88152295515943,-37.04253372640836,100 174.88150453411603,-37.04251479656274,100 174.88149849219747,-37.04250725116966,100 174.88149373381844,-37.042502920187964,100 174.88149073485215,-37.042499628437554,100 174.8814906169111,-37.042495943983276,100 174.88148882072923,-37.042491639016575,100 174.88147982442337,-37.042482425310986,100 174.88147083164262,-37.042461193587684,100 174.88147107687115,-37.042456188372704,100 174.8814704456741,-37.04245015876063,100 174.88146948957666,-37.04244618025807,100 174.8814659586507,-37.04243987668245,100 174.88146147090504,-37.042428927652026,100 174.8814501282312,-37.04241174940508,100 174.88144919842549,-37.042408744792745,100 174.88144894685774,-37.04240137793536,100 174.88144836954382,-37.04239671113833,100 174.88144667152025,-37.042394742591256,100 174.88144350219866,-37.042387100253045,100 174.88144272860126,-37.04237707832903,100 174.8814433075402,-37.04236969559347,100 174.88144311898446,-37.04236401587517,100 174.88144456584087,-37.04235795059503,100 174.8814444772185,-37.042355954715525,100 174.8814417592894,-37.04234897127903,100 174.88144029724523,-37.04234230590882,100 174.8814405455266,-37.04232590097719,100 174.88143960589093,-37.0423219059897,100 174.88143925507052,-37.04231152044348,100 174.88143771243423,-37.042303184436314,100 174.8814354554065,-37.04229719954148,100 174.88143371151145,-37.04229487570749,100 174.8814296132381,-37.042283579805165,100 174.88143032767493,-37.04228054730778,100 174.8814302459807,-37.042278194402726,100 174.88142800651397,-37.04227287529134,100 174.88142800996746,-37.04226149179169,100 174.8814294305115,-37.04225445172021,100 174.8814268194698,-37.04225079599745,100 174.881428258252,-37.04224508685981,100 174.88142844850194,-37.042238036561166,100 174.8814269864837,-37.04223137209153,100 174.88142629200397,-37.04222300640657,100 174.88142261676649,-37.042212678100846,100 174.881422952422,-37.042210333897614,100 174.8814198014719,-37.04220270658916,100 174.8814182214634,-37.04219299308352,100 174.8814164066101,-37.042188022349336,100 174.88140073767093,-37.04216520387504,100 174.88139453391994,-37.0421529228979,100 174.88138604285697,-37.042146365418624,100 174.88137346644555,-37.04214055863253,100 174.88136417160518,-37.042134370816996,100 174.88135998889572,-37.04213277155755,100 174.8813329305615,-37.04212686189999,100 174.88132835871698,-37.042126260244125,100 174.88131523852562,-37.04212848636955,100 174.8813061318796,-37.0421279638531,100 174.88129753846064,-37.04212978559377,100 174.88129169385493,-37.04212886523495,100 174.8812850978679,-37.042128979771746,100 174.8812813939133,-37.04212969466992,100 174.88126569062518,-37.042128622437325,100 174.8812223846792,-37.04213033500165,100 174.88119564969745,-37.042133790120545,100 174.8811869493241,-37.04213291865634,100 174.8811815367262,-37.04213132537788,100 174.8811744985255,-37.042131107131425,100 174.88115388035715,-37.04213211643131,100 174.88114650654006,-37.04213356100077,100 174.88114030954037,-37.042133669201434,100 174.88113199788052,-37.04213246619802,100 174.88110720545964,-37.04213153539576,100 174.88109635531112,-37.04212870434003,100 174.8810867965819,-37.04212685685218,100 174.88107768040774,-37.04212599377706,100 174.88105869842636,-37.042126649036874,100 174.88105043878772,-37.042126095942805,100 174.8810441795869,-37.04212454943292,100 174.88103831558442,-37.04212229634333,100 174.8810212406584,-37.04211790109948,100 174.8810141314086,-37.04211566956,100 174.88100988390698,-37.04211171801578,100 174.88100070549032,-37.042109198427205,100 174.88099487887172,-37.04210827776841,100 174.88097235619918,-37.04210163904738,100 174.88096900324626,-37.04209999326683,100 174.88096475828004,-37.042096736584696,100 174.88096174249412,-37.04209344508698,100 174.88095666442675,-37.042089506712536,100 174.8809482264783,-37.04208427958224,100 174.88094398153606,-37.04208102380024,100 174.88093474857976,-37.04207647624027,100 174.8809317587829,-37.04207350879837,100 174.88092669979758,-37.04207025240572,100 174.88089983630593,-37.0420338286781,100 174.88088111927908,-37.04201738200552,100 174.88086159170646,-37.041990232601954,100 174.88083870349476,-37.041948367749555,100 174.88083420588165,-37.04193769735196,100 174.88082939137982,-37.04192940330531,100 174.880827125179,-37.04192372768995,100 174.8808241290325,-37.04190902088491,100 174.88081967576477,-37.04189937276142,100 174.88081871855314,-37.041895347402736,100 174.8808169120678,-37.041891351734876,100 174.88081447314826,-37.041879314763335,100 174.88081132221296,-37.041872322855234,100 174.88080395091168,-37.04186170343346,100 174.88080256937897,-37.04185802459418,100 174.88079906456738,-37.0418520468544,100 174.88079771058995,-37.04184871007293,100 174.88079556818883,-37.04184572738727,100 174.8807953265113,-37.04183935090138,100 174.8807929688197,-37.04183033200355,100 174.88079358477503,-37.04182426458407,100 174.8807932867599,-37.041815194999245,100 174.88079202345926,-37.0418024561978,100 174.8807921693999,-37.04179506590943,100 174.8807906887374,-37.04178768879631,100 174.88079135815423,-37.04178365116293,100 174.88079078123252,-37.04177895280991,100 174.8807871947304,-37.041770621262394,100 174.88078710796984,-37.04176227567842,100 174.8807877337272,-37.041751502404644,100 174.8807897838208,-37.04174404677077,100 174.8807909567882,-37.04173622109094,100 174.88078982397505,-37.04173082042537,100 174.8807892371633,-37.04172257740753,100 174.8807930748872,-37.04171338726157,100 174.8807932917335,-37.04169515588695,100 174.88079255274226,-37.04169154437043,100 174.8807933007044,-37.04168335409345,100 174.88079314037682,-37.04167549007004,100 174.88079043942375,-37.04166468031974,100 174.8807902860272,-37.04165645927072,100 174.88078949868998,-37.04165357677299,100 174.88077881326276,-37.04164402206429,100 174.88077373506263,-37.04163816300833,100 174.88077165363006,-37.041634187922824,100 174.88076954798933,-37.04163128216557,100 174.88076798137502,-37.0416258892798,100 174.88075484556543,-37.041610894408386,100 174.8807468743954,-37.04159924709547,100 174.88073961970676,-37.04158013825652,100 174.88073573926332,-37.04157752742681,100 174.88071090616347,-37.04156869817146,100 174.8807012402608,-37.041567379612594,100 174.8806963546976,-37.04156796000705,100 174.88069145375786,-37.04156928421948,100 174.88067732071968,-37.041569282091025,100 174.88065958931205,-37.04157135683554,100 174.88064722487152,-37.041571400567136,100 174.88063694007158,-37.041574709187735,100 174.88063107509686,-37.04157815592805,100 174.88062529040195,-37.04157943376323,100 174.88061588897537,-37.041582773440496,100 174.8806064574407,-37.04158753584938,100 174.88059883962006,-37.04159020822167,100 174.88058638758514,-37.04159276256133,100 174.88058015882353,-37.04159367790132,100 174.88055311974222,-37.04159546487822,100 174.88054769369379,-37.04159783571069,100 174.8805445374825,-37.04160024355973,100 174.88053776273193,-37.04160400214989,100 174.88052698649057,-37.0416083550505,100 174.88051850032136,-37.041610284091476,100 174.88051142115188,-37.04161045401454,100 174.8804991156778,-37.041607601812956,100 174.8804942455204,-37.04160748524821,100 174.88048810837998,-37.041606600131416,100 174.88047611537831,-37.04160697954974,100 174.8804707571826,-37.04160863727414,100 174.88046101608967,-37.04160837260886,100 174.88044961237583,-37.04160556739373,100 174.88042406383343,-37.04160164439361,100 174.88041392269855,-37.04160065961713,100 174.88040300005042,-37.04159643533124,100 174.88039303411122,-37.041590429324295,100 174.88038078847714,-37.04158653876268,100 174.88037122298337,-37.04158126907836,100 174.8803616920088,-37.04157530213931,100 174.88035471507413,-37.04157223295433,100 174.880336215607,-37.04155744023759,100 174.88032755222343,-37.041552185991065,100 174.8803210168294,-37.04154878443404,100 174.88030728192234,-37.0415366182829,100 174.88030254188982,-37.041533618183834,100 174.88029783047978,-37.041528496866476,100 174.88028896535383,-37.04151643196981,100 174.88027705550726,-37.04150322742366,100 174.8802679717926,-37.04148439811145,100 174.8802646703395,-37.04147822966013,100 174.88026343856146,-37.04147496844679,100 174.88026105155188,-37.041455232615824,100 174.88026105184977,-37.041443075845315,100 174.88025762673092,-37.0414272455906,100 174.88025640438775,-37.04141219789699,100 174.8802531673839,-37.04140522356056,100 174.88024924590624,-37.04139342819293,100 174.8802465628114,-37.04138771410904,100 174.88023739152226,-37.04137458601818,100 174.88022619253636,-37.041363351259854,100 174.88021181256985,-37.04135356574766,100 174.880210263844,-37.04135267908189,100 174.88019401729358,-37.041345620755074,100 174.88017641048606,-37.04134011980803,100 174.8801587335991,-37.04133460374578,100 174.88014566916706,-37.0413292867587,100 174.88012907802198,-37.04132229697641,100 174.8801154484091,-37.04131722238229,100 174.88011122410578,-37.041314708915124,100 174.88006860918682,-37.041299065436014,100 174.88004572032563,-37.041286547735446,100 174.8800431780643,-37.041284764697885,100 174.88003636196868,-37.0412818786124,100 174.880021088175,-37.04127364216232,100 174.87993808173522,-37.0412406425579,100 174.87992996058625,-37.04123877128782,100 174.87992525438668,-37.0412383267305,100 174.87991755674875,-37.04123612157418,100 174.87990298869494,-37.04123411544187,100 174.87989024869952,-37.04122800194038,100 174.87988470212,-37.04122653420334,100 174.87986129722535,-37.041216751085074,100 174.8798548756756,-37.041215592841525,100 174.8798402914201,-37.041214297184524,100 174.87982452841607,-37.04120847043314,100 174.87981982959155,-37.04120700277645,100 174.87980487070288,-37.04120396542723,100 174.87979419768035,-37.04120065014695,100 174.8797899583769,-37.041198849836036,100 174.87976818042532,-37.04119221259733,100 174.87976521501807,-37.04119077785354,100 174.8797477211965,-37.04118561574352,100 174.87973659126814,-37.041183331578765,100 174.87972805282428,-37.04118076930003,100 174.87971787755967,-37.041174705263465,100 174.8796785602626,-37.04116566369661,100 174.8796683232931,-37.04116306974675,100 174.87966068144618,-37.041159114261326,100 174.87962957458384,-37.04114817871274,100 174.87961937547496,-37.04114315334585,100 174.87960705279838,-37.041137729906794,100 174.87959641111422,-37.0411323564383,100 174.8795917298809,-37.04113087227023,100 174.87958352329534,-37.04112649310399,100 174.8795750237827,-37.04112218076903,100 174.87955771841757,-37.041113762843466,100 174.87954996686017,-37.04110827597379,100 174.87954722803428,-37.04110754876152,100 174.8795353860402,-37.04110132815665,100 174.8795317531992,-37.041100229353646,100 174.87951260697443,-37.041087785632755,100 174.8794606770155,-37.041063244068994,100 174.87945567720857,-37.04106215430623,100 174.87945203409353,-37.041060684326894,100 174.87944337650748,-37.041058852167644,100 174.87944156284442,-37.041057753377146,100 174.87943973491662,-37.04105739838722,100 174.87943792085375,-37.041056283379554,100 174.87942564035245,-37.04105370917145,100 174.8794119851347,-37.04104896027098,100 174.8794088066973,-37.041048597838426,100 174.87939741031337,-37.04104603936105,100 174.87939560912122,-37.04104603905999,100 174.87939149923585,-37.04104456205408,100 174.8793678572381,-37.041041984000685,100 174.8793591978406,-37.04103943983495,100 174.87935464170423,-37.04103942640349,100 174.87932553017222,-37.04103503866603,100 174.8793150526844,-37.04103317674863,100 174.87930778638565,-37.041032823203516,100 174.87929185734518,-37.04102915132139,100 174.87924775820616,-37.041030955940954,100 174.8792381945988,-37.04103277938395,100 174.87923139145002,-37.041033517183756,100 174.8792213723399,-37.041031321723985,100 174.87921590864755,-37.04103166426009,100 174.87921046812016,-37.04103349357813,100 174.8791963747835,-37.04103240727715,100 174.87918271119153,-37.041033109560445,100 174.87917318062216,-37.04103677473716,100 174.87916225994147,-37.04103896307113,100 174.87915773208485,-37.041039321422005,100 174.8791263901282,-37.04104661830832,100 174.87912000642015,-37.04104626428825,100 174.87910456882088,-37.041049893257274,100 174.87909547094546,-37.041053551572645,100 174.87907412129874,-37.04106013313305,100 174.8790677541243,-37.04106231962012,100 174.87906595293154,-37.041062319314044,100 174.8790614027195,-37.04106377760455,100 174.8790445952476,-37.041071813105056,100 174.8790400673967,-37.04107472574282,100 174.87902596418687,-37.041075838756285,100 174.87901416637865,-37.04108276469909,100 174.87901098646944,-37.04108494214978,100 174.87900553822539,-37.04108714291739,100 174.87897597613872,-37.04109042961266,100 174.87897370963785,-37.041091165830316,100 174.87896235840373,-37.041091533125176,100 174.87894686905486,-37.041090053409405,100 174.87894279877142,-37.041090045785,100 174.87889817548833,-37.041082722074094,100 174.8788909186791,-37.041080153852704,100 174.8788877387186,-37.041079775206846,100 174.87887998832304,-37.041077571719555,100 174.8788781582086,-37.041076489404404,100 174.8788531410899,-37.04107171943242,100 174.87884677500736,-37.041071350697585,100 174.87883540212707,-37.041073530842645,100 174.87874487592418,-37.041067268581216,100 174.8787421547115,-37.04106652574907,100 174.87872986473076,-37.04106616611922,100 174.87872668258453,-37.04106506015246,100 174.87871030546583,-37.041062138863985,100 174.87870212135525,-37.041061770977834,100 174.8786734443138,-37.04105553213255,100 174.87866662494642,-37.041051871800185,100 174.87866025630223,-37.04105076042252,100 174.87861928006444,-37.041038678546485,100 174.8786060718687,-37.041033178897514,100 174.87859059906617,-37.04103100126463,100 174.87858011716352,-37.04102512765396,100 174.87856238365416,-37.04102072806049,100 174.8785591912395,-37.0410192509151,100 174.8785478088663,-37.04101780704505,100 174.878541436873,-37.04101596656016,100 174.87853279179075,-37.04101523372522,100 174.87852460401248,-37.041016678404404,100 174.8784923250188,-37.04101556458741,100 174.87847823943613,-37.04101666283566,100 174.87847140031485,-37.04101740116162,100 174.87846958847317,-37.0410170143563,100 174.87845503571515,-37.04102068961454,100 174.87845323379022,-37.041020659567764,100 174.87845049167956,-37.04102176022375,100 174.87843776207473,-37.04102431963484,100 174.87842958453302,-37.041023579387776,100 174.8784173191379,-37.04102540319236,100 174.87841459061877,-37.04102504802849,100 174.8784082366195,-37.041025762444434,100 174.8784050324938,-37.041025771728414,100 174.87838868695337,-37.04102978812293,100 174.8783732159708,-37.04103087765486,100 174.87836413235763,-37.041033793015245,100 174.87835322077635,-37.04103635156621,100 174.87832778064615,-37.04104475441101,100 174.87832414526972,-37.04104546813051,100 174.87831869003637,-37.04104546979896,100 174.87830279555257,-37.04105204955383,100 174.87828506465456,-37.04105861422429,100 174.87827962888824,-37.041061915251696,100 174.8782768940849,-37.04106262822785,100 174.87827416226344,-37.04106410095485,100 174.87827055551648,-37.04106520087819,100 174.87826420079253,-37.04106848671445,100 174.8782437831883,-37.04108456030694,100 174.878237869606,-37.04108749756232,100 174.87823106864812,-37.04109151871578,100 174.8782256200021,-37.04109370413202,100 174.87821607434125,-37.04109552720869,100 174.87819111342935,-37.04111270202515,100 174.8781902047653,-37.041113058909076,100 174.87817747696187,-37.04111633119435,100 174.8781729461457,-37.04111853181723,100 174.87816477115595,-37.04112108937805,100 174.87813622222993,-37.041134284966,100 174.87812622810407,-37.04113684429072,100 174.8781244130087,-37.04113760308736,100 174.8781185214073,-37.04113686988431,100 174.87810990126135,-37.0411383358023,100 174.87810311970952,-37.041140544121546,100 174.87809313184536,-37.041142034399385,100 174.87808587543154,-37.04114203663744,100 174.87807588460905,-37.04114276806379,100 174.87806273476832,-37.04114132419345,100 174.87803772799444,-37.04113697299094,100 174.87803274285633,-37.041135154683126,100 174.87802774270727,-37.0411340504445,100 174.87801502515134,-37.04113002740622,100 174.87800683586542,-37.04112566227659,100 174.87800139969048,-37.04112383668817,100 174.87799955889514,-37.04112236606697,100 174.87798001801846,-37.04111324333562,100 174.87797138322586,-37.04111032734172,100 174.87795865541258,-37.04110337792982,100 174.87795410886739,-37.04110046840711,100 174.87795091681556,-37.041099005660364,100 174.87794773944287,-37.04109681532982,100 174.87790998879305,-37.04107783403813,100 174.87790316729405,-37.04107600243837,100 174.8778872592058,-37.041070531936064,100 174.87787542541417,-37.04106395411782,100 174.87787198282768,-37.04106090183229,100 174.87786859942946,-37.04106390265994,100 174.87786245953572,-37.041069337384435,100 174.87785635445974,-37.041074770656095,100 174.8778502321774,-37.04108023574544,100 174.87784414471284,-37.04108569938193,100 174.8778380756293,-37.04109117895056,100 174.87783198933946,-37.041096690336886,100 174.87782590227184,-37.041102170189625,100 174.8778198152033,-37.04110765004207,100 174.87781374649364,-37.041113144925696,100 174.87780765980074,-37.04111864009373,100 174.8778015895881,-37.04112411967839,100 174.8777955036178,-37.04112959861092,100 174.87778938132675,-37.041135063697325,100 174.87778327739454,-37.04114054381491,100 174.8777771715829,-37.04114599331767,100 174.8777710492811,-37.04115141243687,100 174.8777649082273,-37.04115684627349,100 174.8777587506834,-37.041162249726554,100 174.87775257513402,-37.04116765256307,100 174.877746398474,-37.04117301035172,100 174.87774018697223,-37.04117836869164,100 174.8777339563108,-37.04118367956553,100 174.8777276912213,-37.04118896214245,100 174.87772140774902,-37.04119422878662,100 174.87771510664052,-37.04119946416407,100 174.87770873509473,-37.041204670012,100 174.87770236241616,-37.04120982991109,100 174.8776959537638,-37.041214944412914,100 174.877689509848,-37.0412200423479,100 174.8776830479409,-37.041225094600925,100 174.8776765332016,-37.04123010172354,100 174.8776699645062,-37.041235063733545,100 174.87766334295637,-37.041239979712174,100 174.87765671912766,-37.04124484885878,100 174.87765002563046,-37.04124967404279,100 174.87764329573784,-37.041254436711384,100 174.87763651301307,-37.04125915424954,100 174.87762965869686,-37.04126379540861,100 174.87762278676672,-37.04126840620182,100 174.87761582564005,-37.04127295621679,100 174.87760884536803,-37.041277413700236,100 174.877601776299,-37.04128182662253,100 174.8775946551222,-37.041286178179405,100 174.87759427986825,-37.04128641755717,100 174.87758708900876,-37.04129077021668,100 174.8775798269574,-37.041295062714156,100 174.87757251092776,-37.04129930919793,100 174.87756515967112,-37.04130349495032,100 174.8775577559374,-37.041307649987374,100 174.87755027948845,-37.04131172866301,100 174.87754278504826,-37.04131576165653,100 174.87753522091745,-37.04131974978633,100 174.87752761928962,-37.04132367631934,100 174.87751996518477,-37.04132757213696,100 174.87751227547565,-37.04133139190697,100 174.8775045310639,-37.0413351818981,100 174.87749675100352,-37.04133889403968,100 174.87748893687024,-37.04134259229929,100 174.8774810672354,-37.041346228345716,100 174.87747316277307,-37.04134981987781,100 174.877465222315,-37.041353365111426,100 174.87745722862542,-37.04135684899721,100 174.87744921622033,-37.04136030343574,100 174.87744116737562,-37.041363693556725,100 174.87743308300128,-37.04136705629918,100 174.87742496337785,-37.041370357409164,100 174.8774168245951,-37.04137361105282,100 174.87740863263315,-37.04137685111684,100 174.87740042188125,-37.04138001306436,100 174.8773921586968,-37.041383146098276,100 174.87738389435768,-37.04138623228214,100 174.87737559442238,-37.04138928838459,100 174.87736727497273,-37.04139228260545,100 174.87735893788715,-37.04139524555928,100 174.87735054684572,-37.0413981634001,100 174.87734217265432,-37.04140103500722,100 174.87733374598605,-37.041403875898745,100 174.8773253002029,-37.041406671125785,100 174.8773168705232,-37.04140943545305,100 174.8773083879672,-37.041412152847606,100 174.87729988704305,-37.04141480924368,100 174.877291368158,-37.041417466824754,100 174.87728284771904,-37.04142006133861,100 174.87727429128452,-37.04142260955384,100 174.87726575137515,-37.041425143987375,100 174.87725717659416,-37.04142763210447,100 174.877248599912,-37.04143008870546,100 174.8772400231993,-37.04143249843857,100 174.87723662246253,-37.04143356442589,100 174.87722817243403,-37.04143618756444,100 174.87721972019366,-37.04143876657357,100 174.87721124994027,-37.04144129899945,100 174.87720274409085,-37.04144380134382,100 174.8771942382109,-37.04144625682032,100 174.8771856948344,-37.04144865069978,100 174.87717713272042,-37.04145101423088,100 174.8771685537174,-37.04145333116092,100 174.87715995445362,-37.04145560154326,100 174.87715133757632,-37.041457841559456,100 174.87714268627136,-37.041460053278215,100 174.87713403226653,-37.04146220104657,100 174.87712534266575,-37.04146431873335,100 174.87711668715107,-37.04146640523576,100 174.87710796154673,-37.0414684306569,100 174.87709925054492,-37.04147040987985,100 174.87709052378582,-37.04147238845024,100 174.87708175955248,-37.04147430632447,100 174.87707301142285,-37.04147619329891,100 174.87706422879907,-37.041478049273,100 174.87705544464384,-37.0414798430808,100 174.8770466425279,-37.04148163807349,100 174.87703783888054,-37.04148337089988,100 174.87702901757544,-37.041485071558164,100 174.87702017720025,-37.04148672835374,100 174.87701135328385,-37.041488368664744,100 174.87700249449617,-37.0414899626592,100 174.87699365181228,-37.04149152575387,100 174.87698479074618,-37.04149307291533,100 174.87697589445378,-37.041494559345004,100 174.87696701426526,-37.04149601487485,100 174.87696428298693,-37.04149623294998,100 174.87695480941673,-37.04149687768362,100 174.87694528111476,-37.0414974457706,100 174.8769357175646,-37.04149795222469,100 174.87692613490032,-37.04149841301406,100 174.8769165683401,-37.04149884290352,100 174.87690700175756,-37.041499271891276,100 174.87689747191632,-37.041499731842414,100 174.87688797694577,-37.04150023810875,100 174.87687858726005,-37.04150081931902,100 174.87686925230565,-37.04150147717449,100 174.8768600256679,-37.04150228743801,100 174.8768509414557,-37.041503219826865,100 174.87684196481334,-37.04150431995776,100 174.87683314936297,-37.04150561942914,100 174.87682449508227,-37.041507117340075,100 174.87681603794377,-37.04150885908784,100 174.8768077614881,-37.04151086115637,100 174.8767997181913,-37.04151315426093,100 174.87679192524467,-37.0415157516491,100 174.87678434785147,-37.041518655674146,100 174.87677705830396,-37.04152192557946,100 174.87677384777885,-37.041523639284456,100 174.87676694177966,-37.041527645793664,100 174.8767603049336,-37.04153198963736,100 174.8767538487553,-37.04153663886754,100 174.87674764258648,-37.04154153290099,100 174.87674165192638,-37.0415467317697,100 174.8767358400704,-37.041552160345,100 174.87673020849746,-37.04155783302437,100 174.8767247729346,-37.041563703592566,100 174.87671949818593,-37.04156975818564,100 174.87671438422925,-37.041575995902676,100 174.8767094134073,-37.041582384576195,100 174.8767045839085,-37.04158889629445,100 174.87669989566635,-37.04159552835465,100 174.8766953325912,-37.04160226659051,100 174.8766908748446,-37.04160908157298,100 174.8766865062704,-37.04161595643292,100 174.87668222386654,-37.041622860573575,100 174.87667804673947,-37.04162979369262,100 174.87667392131135,-37.0416367259935,100 174.87667217330804,-37.041639343094296,100 174.87666796524147,-37.04164575034169,100 174.87666393141677,-37.04165224766618,100 174.87666000437005,-37.0416587892675,100 174.87665619871206,-37.04166537491448,100 174.87665251674244,-37.041672052339784,100 174.87664895613196,-37.0416787269435,100 174.876645465987,-37.04168547794423,100 174.87664206465973,-37.04169227440729,100 174.8766387682102,-37.0416990836317,100 174.8766355418491,-37.04170595393696,100 174.87663234920467,-37.041712823708664,100 174.8766292112615,-37.04171972325909,100 174.87662614150648,-37.04172665237484,100 174.87662312459673,-37.04173358155569,100 174.87662010804144,-37.041740525151695,100 174.87661712672605,-37.04174748441351,100 174.87661416339265,-37.041754443390744,100 174.87661118245336,-37.041761417968594,100 174.87660821759576,-37.04176836074633,100 174.87660523627827,-37.04177532000788,100 174.87660223620134,-37.04178224802057,100 174.87659920202952,-37.04178916125047,100 174.87659613113786,-37.04179604441698,100 174.8765930092927,-37.041802913067436,100 174.87658985222868,-37.04180976695289,100 174.87658660596858,-37.04181656005961,100 174.87658332561355,-37.041823338383544,100 174.87657993960306,-37.0418300724126,100 174.87657646512113,-37.04183672942798,100 174.87657288576005,-37.04184337368178,100 174.87656921794962,-37.04184994182285,100 174.87656542874893,-37.04185646591797,100 174.8765615151116,-37.0418629135684,100 174.87655749698695,-37.04186931870802,100 174.8765555988217,-37.04187213917344,100 174.87655116751128,-37.041878659006436,100 174.87654665038366,-37.04188516397356,100 174.87654204523534,-37.04189165591231,100 174.87653735201462,-37.041898087054406,100 174.87653259023458,-37.041904519281026,100 174.87652775651608,-37.04191090667916,100 174.87652280138488,-37.041917249130286,100 174.87651777696232,-37.04192356293449,100 174.87651268055689,-37.04192983010828,100 174.87650749725458,-37.04193608423583,100 174.87650220866615,-37.04194226341816,100 174.87649688443713,-37.041948410717225,100 174.8764914560532,-37.04195452901961,100 174.87648595647758,-37.04196058715947,100 174.8764803508468,-37.0419665847871,100 174.87647467402425,-37.04197252225218,100 174.87646890912916,-37.04197839892049,100 174.87646307492037,-37.04198424604082,100 174.87645715113797,-37.041990017065956,100 174.87645115688846,-37.0419957116936,100 174.87644507458853,-37.04200134642538,100 174.87643891957364,-37.0420069047952,100 174.87643265962748,-37.04201240263488,100 174.8764263644547,-37.042017839742954,100 174.87641994448995,-37.04202318599077,100 174.8764134709168,-37.04202845557432,100 174.87640690739295,-37.04203363374637,100 174.87640027377904,-37.04203875083702,100 174.87639356784217,-37.042043761816444,100 174.8763867734334,-37.042048695781794,100 174.87637989061932,-37.0420535554359,100 174.87637291743314,-37.04205830656036,100 174.8763659071202,-37.04206296543759,100 174.8763588080027,-37.042067533786394,100 174.87635161968143,-37.04207199538964,100 174.87634432565255,-37.04207636492923,100 174.8763369926633,-37.042080613408864,100 174.87632958801657,-37.04208478280569,100 174.87632207695253,-37.042088831308355,100 174.87631451042435,-37.04209277343295,100 174.87630688873534,-37.04209657582644,100 174.87629914375543,-37.042100302657786,100 174.8762913609392,-37.04210390841132,100 174.8762834869526,-37.04210737320076,100 174.87627554178934,-37.0421107327619,100 174.87626750552232,-37.04211395406177,100 174.87626464920191,-37.04211530523411,100 174.87625667755,-37.04211895903776,100 174.87624861594756,-37.042122521429604,100 174.87624044640478,-37.04212594672778,100 174.87623220601807,-37.04212928031188,100 174.87622387452765,-37.042132475634645,100 174.87621547143922,-37.042135548610915,100 174.87620699450508,-37.042138499276255,100 174.8761984451968,-37.04214129606179,100 174.8761898564849,-37.04214395376806,100 174.87618117703934,-37.04214644256277,100 174.8761724589594,-37.042148777845185,100 174.8761637209817,-37.04215098996322,100 174.87615492371074,-37.04215298580458,100 174.87614612332723,-37.04215480954566,100 174.87613724841074,-37.04215648304619,100 174.87612836848174,-37.042157952930914,100 174.87611946640033,-37.042159253720456,100 174.87611055899595,-37.042160338280844,100 174.87610164547752,-37.04216122014416,100 174.87609272703546,-37.04216190199544,100 174.87608383658895,-37.042162350867116,100 174.876079461817,-37.04216262826649,100 174.87607067396496,-37.04216299710104,100 174.87606184520203,-37.04216316559149,100 174.876052992757,-37.04216310282106,100 174.87604411698473,-37.042162823204954,100 174.87603519989557,-37.04216228106128,100 174.87602627901433,-37.04216158485413,100 174.87601735164264,-37.04216067063366,100 174.87600840362026,-37.04215960261638,100 174.87599944990592,-37.04215834902006,100 174.87599049123145,-37.04215693957613,100 174.87598154639298,-37.04215536136904,100 174.87597259809547,-37.04215364261273,100 174.87596364563632,-37.04215180044309,100 174.8759547245817,-37.042149818074094,100 174.8759457989664,-37.04214769607463,100 174.87593688829617,-37.04214545035961,100 174.87592799107716,-37.04214311159698,100 174.87591909269858,-37.042140680017816,100 174.87591022535474,-37.04213813888947,100 174.87590137298534,-37.042135520912886,100 174.87589255315163,-37.04213280868555,100 174.8758837501703,-37.042130050224564,100 174.87587497862296,-37.042127198431565,100 174.87586625762324,-37.042124298970705,100 174.87585755270678,-37.04212136770923,100 174.87584888074744,-37.04211835931511,100 174.8758402604667,-37.04211534920174,100 174.8758371974133,-37.042114148439836,100 174.87582882534483,-37.042110716195474,100 174.8758204843045,-37.04210712843569,100 174.87581220878587,-37.04210341616056,100 174.8758039478137,-37.04209956395284,100 174.8757957523702,-37.04209563319614,100 174.87578757185025,-37.04209157782305,100 174.87577942466461,-37.0420874606336,100 174.87577129280862,-37.04208328101124,100 174.87576321187746,-37.04207906903732,100 174.87575514592115,-37.042074780215295,100 174.8757470807196,-37.04207052202505,100 174.87573903234858,-37.04206621670032,100 174.8757310184719,-37.04206194237511,100 174.87572300609693,-37.042057683347764,100 174.87571499410672,-37.04205348560237,100 174.87570700087602,-37.042049319105345,100 174.87569899269428,-37.042045230356266,100 174.87569100440288,-37.042041218804115,100 174.87568300079033,-37.04203731565007,100 174.87567498335756,-37.04203353619251,100 174.8756669682314,-37.04202985043344,100 174.8756589415396,-37.042026334301646,100 174.8756508999478,-37.042022943686035,100 174.8756428115789,-37.042019753898835,100 174.87563472854717,-37.04201673527423,100 174.87562663397858,-37.04201393314421,100 174.87561849265487,-37.042011332743535,100 174.8756103402154,-37.04200896595554,100 174.8756021252927,-37.04200684711204,100 174.875593899631,-37.0420049771974,100 174.8755856294975,-37.0420034018102,100 174.87557731563913,-37.04200210561644,100 174.87556895883176,-37.042001120149465,100 174.87556055755235,-37.0420004292099,100 174.87556024512685,-37.04200043505164,100 174.87555167750457,-37.04200061469656,100 174.8755430639091,-37.04200107357046,100 174.87553444032088,-37.04200176603918,100 174.87552578834283,-37.04200272123537,100 174.87551707389588,-37.04200387931057,100 174.875508347186,-37.042005270115226,100 174.87549960778506,-37.04200683056487,100 174.8754908388787,-37.042008562727986,100 174.875482074162,-37.04201046517045,100 174.87547326228292,-37.04201250715868,100 174.87546443432734,-37.042014626912525,100 174.87545560980755,-37.04201688631335,100 174.87544678831767,-37.04201922317766,100 174.87543793276188,-37.04202159212558,100 174.87542907984366,-37.042024068286175,100 174.87542020858754,-37.04202653031523,100 174.87541137404975,-37.04202902240735,100 174.8754025046701,-37.04203151504972,100 174.8753936513726,-37.042033975891556,100 174.87538479732078,-37.04203640610036,100 174.8753759582205,-37.04203875856004,100 174.8753119113488,-37.04205806767842,100 174.87520201496312,-37.042092017777904,100 174.8751597034748,-37.04210486332549,100 174.87511733039872,-37.04211739978358,100 174.87508338601774,-37.0421270801399,100 174.875040848444,-37.042138643961636,100 174.87502382156882,-37.0421430897733,100 174.8749982045512,-37.04214945145318,100 174.8749639720965,-37.04215747793211,100 174.87494680482575,-37.04216124456711,100 174.87492100418953,-37.04216658705551,100 174.87490377455373,-37.04216992114345,100 174.8748778503555,-37.04217453732292,100 174.87485182592857,-37.04217869000873,100 174.8748344524817,-37.042181160207726,100 174.87481703698006,-37.04218342917707,100 174.87479956368256,-37.04218545119911,100 174.8747820666773,-37.04218719509068,100 174.87476449354568,-37.042188723870254,100 174.87474596190285,-37.042190686903695,100 174.87472785687223,-37.04219239533281,100 174.8747096783462,-37.04219394989671,100 174.8746914581365,-37.04219527258051,100 174.87467323373147,-37.04219637901508,100 174.87464581452508,-37.04219762897305,100 174.8746275572949,-37.04219817801286,100 174.87460927598778,-37.04219847957207,100 174.87459105602142,-37.04219853230064,100 174.87457284794377,-37.042198336980185,100 174.8745547015778,-37.04219786217892,100 174.87453659969444,-37.04219713881353,100 174.8745185591243,-37.04219611975026,100 174.87449167472022,-37.04219406245119,100 174.87447387512464,-37.04219232664197,100 174.87445620579462,-37.042190264302256,100 174.87443863187283,-37.04218792104814,100 174.87442120465474,-37.04218523387911,100 174.8744039245615,-37.042182219913315,100 174.87438680803115,-37.042178861766274,100 174.87435372603724,-37.04217176855578,100 174.87434534377743,-37.04216983974047,100 174.8743286918801,-37.0421657153452,100 174.874312168705,-37.04216124731955,100 174.8742957753983,-37.04215643654675,100 174.8742795284203,-37.04215126654329,100 174.87426339410393,-37.0421457856103,100 174.87424740609444,-37.042139944545795,100 174.87423153116794,-37.04213380966996,100 174.87421580407735,-37.04212737682847,100 174.87419244100062,-37.04211717372088,100 174.8741770241767,-37.042110006817204,100 174.87416173725092,-37.04210254403408,100 174.87414656449454,-37.042094831586574,100 174.87413152389033,-37.04208686919057,100 174.87411659745575,-37.04207865713025,100 174.87410180165088,-37.04207017892211,100 174.8740798494273,-37.04205703958611,100 174.87406535124197,-37.04204799876407,100 174.87404391724417,-37.04203416894646,100 174.87402978942455,-37.04202473470766,100 174.87400883843517,-37.04201019964321,100 174.8739949914112,-37.0420002958911,100 174.87398127994587,-37.04199023497136,100 174.87395418838332,-37.041969596852574,100 174.8739275667326,-37.04194836094945,100 174.87390788585583,-37.04193211585603,100 174.87389489371304,-37.041921128738444,100 174.8738820202984,-37.0419100315872,100 174.87386291238988,-37.04189321862568,100 174.87383159208053,-37.041864754574995,100 174.87381313025327,-37.04184746632544,100 174.8737949073952,-37.041830065239886,100 174.87377690854666,-37.04181258310039,100 174.87375911499987,-37.041795036426045,100 174.87372753652957,-37.04177116045303,100 174.87369447121816,-37.04174538998627,100 174.87366189276344,-37.04171911610219,100 174.8736362194236,-37.04169771012604,100 174.8736235098824,-37.04168691860244,100 174.87360467348705,-37.04167053483516,100 174.87357991623622,-37.04164843118728,100 174.87356165771985,-37.04163163359927,100 174.87354962762177,-37.04162035184139,100 174.87352599438273,-37.04159754723872,100 174.87350864081873,-37.04158023963074,100 174.8734915932533,-37.04156275593899,100 174.87347492401514,-37.041545111244616,100 174.8734585780326,-37.04152730641765,100 174.87344262721342,-37.041509339421125,100 174.87342708579183,-37.0414911947082,100 174.8734119399319,-37.04147290404319,100 174.87339723943415,-37.04145443509407,100 174.87338295023235,-37.04143581994466,100 174.873373676176,-37.041423312127,100 174.8733601769754,-37.04140445105927,100 174.87334715910114,-37.04138541113997,100 174.8733346731562,-37.04136623843779,100 174.8733226688913,-37.04134690129963,100 174.87331119617866,-37.04132741606272,100 174.87330384675963,-37.04131434877609,100 174.8732967722956,-37.04130121495639,100 174.87328995590573,-37.041288013968966,100 174.8732833627932,-37.041274748166074,100 174.87327704461316,-37.041261414929274,100 174.87327102087042,-37.041248030174046,100 174.87326523609505,-37.041234578553045,100 174.87325710288016,-37.04121427716318,100 174.8732520253826,-37.04120069089237,100 174.8732472737413,-37.041187004838,100 174.87324468170274,-37.04117696830255,100 174.87324150533163,-37.041163239342744,100 174.8732373601942,-37.04114248199715,100 174.8732339375954,-37.041121524867556,100 174.87323201725283,-37.041107481344135,100 174.87323037144205,-37.04109335417016,100 174.8732289665124,-37.041079146581005,100 174.87322780204835,-37.04106488742497,100 174.87322611294763,-37.041036326560814,100 174.87322514609588,-37.041007554200434,100 174.8732246942574,-37.0409786015572,100 174.87322463722415,-37.040949518298675,100 174.87322515356706,-37.04085441902958,100 174.8732249518363,-37.04082512084164,100 174.87322455060038,-37.040803167822055,100 174.873223502278,-37.04077396231904,100 174.87322227166348,-37.040752116133426,100 174.87322118730486,-37.04073759343213,100 174.8732198792749,-37.04072311932844,100 174.87321745931573,-37.04070146407513,100 174.87321445311667,-37.04067992713801,100 174.87321075730208,-37.04065851105093,100 174.87320624128708,-37.04064068609184,100 174.87320051219706,-37.04061966173607,100 174.87319237992472,-37.04059170915901,100 174.87318378129285,-37.04056381171546,100 174.87317487247873,-37.040535965136215,100 174.873149920073,-37.04045973759215,100 174.8731478687938,-37.04046205028498,100 174.87314254020123,-37.04046802715926,100 174.8731372288647,-37.04047401998425,100 174.873131952368,-37.04048001225881,100 174.87312664140623,-37.040486020399584,100 174.87312134690347,-37.040492012056745,100 174.87311603556367,-37.040498004880845,100 174.87311072384662,-37.04050398238853,100 174.8731053765132,-37.040509928912826,100 174.87310001232055,-37.04051587570312,100 174.87309463129085,-37.04052182366038,100 174.87308921236954,-37.040527693802375,100 174.87308374177047,-37.04053356566154,100 174.87307825278452,-37.040539375620874,100 174.87307267575773,-37.04054517164814,100 174.87306708109676,-37.04055093640801,100 174.8730614159956,-37.040556625669204,100 174.8730556976943,-37.04056230044811,100 174.87304992464294,-37.04056789767794,100 174.87304402985083,-37.04057343644265,100 174.87304358868468,-37.040573785003446,100 174.87303693772483,-37.04057888685988,100 174.8730301095275,-37.04058386803624,100 174.873023157292,-37.040588743014546,100 174.87301604695259,-37.04059354387835,100 174.87300877919031,-37.04059825259081,100 174.87300142117311,-37.04060285727558,100 174.8729939046092,-37.040607369826695,100 174.87298629997693,-37.0406118215781,100 174.87297860659004,-37.040616184600225,100 174.87297077376778,-37.04062050115331,100 174.87296286900505,-37.04062472690896,100 174.87295487617396,-37.04062889186482,100 174.8729468297663,-37.04063302702186,100 174.87293873015318,-37.04063710172988,100 174.87293054247175,-37.040641115638095,100 174.87292231955024,-37.040645113878725,100 174.8729140602817,-37.04064905140412,100 174.87290576727332,-37.040652988560424,100 174.87289747167904,-37.04065686627094,100 174.87288914082256,-37.04066072741294,100 174.87288079275257,-37.04066457440531,100 174.8728724614959,-37.040668419328995,100 174.87286413100801,-37.04067224981911,100 174.87285583383766,-37.040676063559104,100 174.87284755354702,-37.04067987793329,100 174.87283931034918,-37.04068373768769,100 174.87283110011467,-37.04068756627671,100 174.8728229419105,-37.04069140756316,100 174.87281485458243,-37.040695296400344,100 174.8728068197054,-37.0406992150531,100 174.87279887246916,-37.0407031314202,100 174.87279099494083,-37.0407070935539,100 174.87278322193902,-37.04071110000313,100 174.8727755377292,-37.04071515101634,100 174.87276795806804,-37.0407192472461,100 174.87276050201748,-37.04072338658882,100 174.87275316817096,-37.04072760331627,100 174.87274599165195,-37.040731862624355,100 174.87273892043424,-37.0407361977815,100 174.87273200696464,-37.04074059263746,100 174.87272523511524,-37.04074507718994,100 174.87271865548342,-37.040749651541354,100 174.87271223395396,-37.04075430000695,100 174.87270600578822,-37.04075903915477,100 174.87269995293738,-37.04076386656589,100 174.87269409384874,-37.04076880087646,100 174.87268846217276,-37.0407738388513,100 174.87268304107317,-37.04077898165756,100 174.87267781406783,-37.04078424487767,100 174.872672832856,-37.04078962769539,100 174.8726680794554,-37.040795130394656,100 174.87266360668917,-37.04080075214152,100 174.87266301054066,-37.040802389307956,100 174.87266075448213,-37.040809273031805,100 174.8726587610981,-37.04081627698825,100 174.87265701388435,-37.04082341585874,100 174.87265545891103,-37.04083064542958,100 174.8726541324306,-37.040837976845346,100 174.87265296449593,-37.04084540039475,100 174.87265197264668,-37.040852897774826,100 174.8726511197943,-37.04086046957114,100 174.87265040785456,-37.04086810223388,100 174.87264978393793,-37.040875793894216,100 174.87264924733608,-37.04088351572158,100 174.87264879802694,-37.04089126681504,100 174.8726483854572,-37.04089904887405,100 174.87264802344072,-37.0409068292336,100 174.8726476618226,-37.04091462581031,100 174.87264730132836,-37.040922422369256,100 174.8726469209531,-37.04093018769648,100 174.8726464896481,-37.04093793940693,100 174.87264602193062,-37.04094562769972,100 174.87264543249995,-37.040953304394606,100 174.8726447714838,-37.040960904707596,100 174.8726440044397,-37.04096844540597,100 174.87264309720797,-37.04097590900296,100 174.8726420330186,-37.04098329936856,100 174.87264079234464,-37.040990599686296,100 174.87263937480978,-37.040997794639935,100 174.87263773058612,-37.04100486969403,100 174.87263589076642,-37.0410118090355,100 174.872633788293,-37.04101862904523,100 174.8726314059088,-37.0410253137722,100 174.8726287425342,-37.04103186503606,100 174.87262579584987,-37.04103823420301,100 174.8726225168469,-37.04104444007285,100 174.87261890358226,-37.04105044932805,100 174.87261495647653,-37.04105627908666,100 174.87261163913797,-37.041059139922986,100 174.87260568739902,-37.04106387380011,100 174.8725994534739,-37.041068425562294,100 174.8725928865043,-37.04107283026197,100 174.8725860388487,-37.04107706814509,100 174.87257892703857,-37.041081171397536,100 174.87257160467198,-37.041085170718674,100 174.87256405369507,-37.041089017723095,100 174.87255630941863,-37.04109277674716,100 174.87254840699345,-37.04109645985412,100 174.87254032922905,-37.04110005379578,100 174.87253214581216,-37.04110360343841,100 174.8725238386891,-37.04110706039661,100 174.87251542821056,-37.041110520788564,100 174.87250699897416,-37.041113949930434,100 174.87249850044856,-37.04111735042259,100 174.87248996703698,-37.04112074966228,100 174.87248145088154,-37.04112416485241,100 174.87247295348243,-37.04112761129144,100 174.872464491676,-37.041131087812296,100 174.87245608344963,-37.04113464009748,100 174.87244778052,-37.04113822226541,100 174.87243956490954,-37.041141880566364,100 174.8724314920436,-37.041145628546275,100 174.87242354248875,-37.04114949895885,100 174.8724157862761,-37.04115345915297,100 174.87240824137083,-37.04115755391021,100 174.8724008729763,-37.04116178558256,100 174.87239375227452,-37.04116616836849,100 174.872392633226,-37.041167070212886,100 174.87238627778913,-37.04117226020252,100 174.87238006552207,-37.041177602955905,100 174.87237397726935,-37.041183051006385,100 174.87236803183237,-37.04118863740539,100 174.87236222724613,-37.04119432793443,100 174.8723565815596,-37.04120012501252,100 174.87235104382563,-37.04120606008826,100 174.87234566344688,-37.04121208461269,100 174.87234042508717,-37.041218215051394,100 174.87233531078613,-37.041224452589226,100 174.87233037294675,-37.041230779274215,100 174.87232555726752,-37.04123718154269,100 174.87232088398366,-37.041243705041765,100 174.87231635044407,-37.041250287623306,100 174.8723119750518,-37.04125694612164,100 174.87230775739118,-37.04126370938503,100 174.8723036469039,-37.04127053314642,100 174.87229971025437,-37.04127743077433,100 174.87229591487156,-37.041284403684244,100 174.87229227723788,-37.04129143629383,100 174.8722887785741,-37.04129849645261,100 174.8722854384341,-37.041305647844496,100 174.87228225449883,-37.0413128418357,100 174.8722791942416,-37.04132008164358,100 174.87227630704777,-37.041327363784696,100 174.8722735607447,-37.04133470589168,100 174.8722709878766,-37.0413420596817,100 174.87226855552305,-37.041349458121395,100 174.87226627904258,-37.041356885646145,100 174.87226414153236,-37.0413643407202,100 174.87226217897953,-37.04137182367677,100 174.87226038876014,-37.04137931923513,100 174.8722587379047,-37.04138681259358,100 174.87225722644018,-37.04139435061946,100 174.87225590601724,-37.04140188472839,100 174.87225474064886,-37.041409414587115,100 174.87225369672848,-37.04141694523265,100 174.87225282622146,-37.04142448666037,100 174.87225216323856,-37.04143200858881,100 174.87225162015943,-37.04143951420367,100 174.872251251662,-37.04144703238487,100 174.87225105544937,-37.04145451539961,100 174.87225099712316,-37.041461981816916,100 174.8722511110819,-37.04146941306773,100 174.8722510032879,-37.04147376716371,100 174.872250984494,-37.041480783206545,100 174.87225117360083,-37.04148779506631,100 174.87225153656402,-37.04149483572733,100 174.87225209054725,-37.04150187157045,100 174.87225280005035,-37.041508922083416,100 174.87225371745433,-37.0415159684133,100 174.87225478993562,-37.04152301139394,100 174.87225602053883,-37.041530083424185,100 174.87225742307803,-37.04153715183905,100 174.8722589649821,-37.04154421805399,100 174.87226064512717,-37.041551282086715,100 174.87226249873063,-37.04155835870348,100 174.87226447371657,-37.04156543340414,100 174.87226658729773,-37.04157252033783,100 174.87226882226142,-37.04157960535542,100 174.8722711774616,-37.04158668757366,100 174.87227367169496,-37.04159375407762,100 174.87227625282387,-37.04160083363066,100 174.8722789553133,-37.04160791036661,100 174.87228174434424,-37.04161498573638,100 174.87228465325774,-37.041622043891515,100 174.87228763260669,-37.04162913157902,100 174.8722906988686,-37.04163618725015,100 174.87229385092448,-37.04164325688904,100 174.8722970891236,-37.04165030894455,100 174.87230039700577,-37.04165735989996,100 174.8723037741947,-37.041664394439046,100 174.87230720231432,-37.04167144259492,100 174.8723106829264,-37.04167847640248,100 174.8723142148406,-37.04168549317662,100 174.87231779880946,-37.04169252354978,100 174.87232143482814,-37.041699521555536,100 174.87232508814884,-37.04170653731411,100 174.87232877439075,-37.04171352010595,100 174.8723324962001,-37.04172048611273,100 174.8723362169084,-37.041727453038064,100 174.87233997206022,-37.04173440319608,100 174.87234371039838,-37.041741355421976,100 174.87234749999448,-37.04174828881252,100 174.87235125401966,-37.041755193021444,100 174.87235500802342,-37.041762096329265,100 174.87235677139418,-37.04176517889057,100 174.87236067671398,-37.04177192568662,100 174.87236470376615,-37.0417786390152,100 174.87236878101882,-37.041785336229005,100 174.87237292757848,-37.041792017026395,100 174.87237712544038,-37.04179868079029,100 174.87238137500302,-37.041805343737856,100 174.8723856770361,-37.04181199143609,100 174.8723900296239,-37.041818637434766,100 174.8723943825395,-37.04182525098116,100 174.8723987692176,-37.04183186579701,100 174.87240317348062,-37.041838464111606,100 174.87240756016024,-37.04184507892706,100 174.87241196442486,-37.041851677241276,100 174.87241633384892,-37.04185827610533,100 174.87242068718976,-37.04186490676872,100 174.87242502177412,-37.041871506182424,100 174.8724293046814,-37.04187810731306,100 174.8724335523497,-37.04188469277639,100 174.87243773223477,-37.04189131085525,100 174.87244184243798,-37.041897930034,100 174.87244589981805,-37.0419045500465,100 174.87244987215766,-37.04191118672354,100 174.87245375797883,-37.04191782566759,100 174.87245753963091,-37.04192448067686,100 174.87246123516286,-37.04193115417037,100 174.8724647935559,-37.041937828927445,100 174.8724682470764,-37.04194453688565,100 174.8724715807151,-37.0419512620585,100 174.87247481250367,-37.04195805193039,100 174.8724778876704,-37.04196482805134,100 174.87248079128224,-37.041971669070485,100 174.87248355667532,-37.04197851317295,100 174.87248613212742,-37.041985360273976,100 174.87248853452425,-37.04199225697479,100 174.87249076533894,-37.04199917170651,100 174.8724927878807,-37.04200612127186,100 174.87249460324625,-37.04201305878577,100 174.87249623017573,-37.04202006056316,100 174.87249761518103,-37.04202710040939,100 174.87249825355238,-37.04203024759685,100 174.87249957644053,-37.04203755070298,100 174.8725007453575,-37.04204490220636,100 174.87250177490927,-37.04205225590994,100 174.87250259731167,-37.04205964442945,100 174.87250326538864,-37.04206706693098,100 174.87250379447653,-37.04207450694891,100 174.87250415160548,-37.04208194968163,100 174.87250431806726,-37.04208941164792,100 174.87250434628749,-37.0420968757967,100 174.8725041845659,-37.04210434294416,100 174.87250386549613,-37.04211181257572,100 174.8725033924719,-37.04211928553913,100 174.8725027269038,-37.04212674712144,100 174.87250192381933,-37.04213419465132,100 174.8725009293148,-37.04214163078233,100 174.8724997781873,-37.042149053162554,100 174.8724984543477,-37.04215644762511,100 174.8724969555482,-37.042163814205495,100 174.8724952829348,-37.0421711537869,100 174.87249346978226,-37.042178447817946,100 174.87249146708083,-37.04218571509842,100 174.87248928904302,-37.042192939180474,100 174.8724869536293,-37.04220011887924,100 174.87248442676795,-37.042207240311775,100 174.8724817245922,-37.04221431944681,100 174.8724788657438,-37.042221337062685,100 174.87247583232852,-37.04222829704709,100 174.87247318664413,-37.04223424325311,100 174.8724699411196,-37.04224103623962,100 174.8724664846643,-37.04224775594527,100 174.87246285399615,-37.04225443243466,100 174.87245906742987,-37.04226107893819,100 174.87245512353152,-37.04226768286023,100 174.8724510582493,-37.04227428869844,100 174.8724468880608,-37.04228083490403,100 174.87244261297087,-37.04228736744338,100 174.8724382850339,-37.042293899915585,100 174.87243390576728,-37.042300402553636,100 174.87242949168058,-37.042306906642544,100 174.87242502437053,-37.04231339534805,100 174.87242061028238,-37.042319899436656,100 174.8724161965476,-37.042326417940366,100 174.87241183415824,-37.04233292121249,100 174.87241172735057,-37.04233795577638,100 174.8724031280542,-37.04237039514275,100 174.87240254306067,-37.04237697217512,100 174.87240333825955,-37.042387830240955,100 174.87240182443622,-37.042392068633404,100 174.87239888161275,-37.042397865405704,100 174.87239639011275,-37.042404413049184,100 174.872395798879,-37.04241137683912,100 174.87238672510765,-37.04244226083449,100 174.872386185611,-37.042447303130245,100 174.87238468280339,-37.04245194423114,100 174.8723812360456,-37.04245965431353,100 174.87237761789495,-37.04247704709906,100 174.87237560900124,-37.04248282732476,100 174.8723697265605,-37.04249400261262,100 174.87235628085276,-37.04253104843269,100 174.87235622655035,-37.04253414706939,100 174.87235475415724,-37.04253801256891,100 174.8723540939116,-37.04254884944698,100 174.8723403150934,-37.04258574640084,100 174.87233680796487,-37.042618826418874,100 174.87232393815688,-37.04273309401998,100 174.87232013788352,-37.04276879604925,100 174.87231537139266,-37.04281876203435,100 174.87231197116583,-37.042861549202,100 174.8723101762468,-37.04289004520005,100 174.8723091418486,-37.04291141971237,100 174.87230838353807,-37.04293277364286,100 174.872307920068,-37.042954092274655,100 174.87230780237456,-37.04297543519098,100 174.87230801284164,-37.04299672605917,100 174.87230862268035,-37.043018025944995,100 174.87230962882424,-37.04303930154865,100 174.87231269977173,-37.043067095229304,100 174.87231453541563,-37.043081219416656,100 174.8723176522065,-37.043102366163225,100 174.87231995498718,-37.043116465851405,100 174.8723236775804,-37.043137603034474,100 174.87232772761143,-37.04315870440405,100 174.8723320900316,-37.04317979813807,100 174.8723398270755,-37.04321495841559,100 174.87234640428866,-37.04324304554807,100 174.87235670343028,-37.043285193740374,100 174.87237773667403,-37.043369527418434,100 174.87238950963572,-37.04341880418088,100 174.87239430595716,-37.04343993792931,100 174.87240034829594,-37.0434681281381,100 174.8724045928205,-37.043489318366035,100 174.8724085421286,-37.04351052857639,100 174.87241285976984,-37.04354412228496,100 174.8724169184978,-37.04357962543546,100 174.87242051009744,-37.04361519905135,100 174.8724243302128,-37.043657922702366,100 174.87242717894642,-37.04369355581421,100 174.87243028991438,-37.04373633842882,100 174.87243910892627,-37.04387191382108,100 174.87244195220015,-37.04388357235476,100 174.87244326747737,-37.04390475114065,100 174.8724482300061,-37.043941663176874,100 174.87245341039906,-37.04397705397873,100 174.8724611386909,-37.04402663342742,100 174.87248533065193,-37.04417540003194,100 174.87249080591093,-37.04421080059613,100 174.87249697350236,-37.04425323661676,100 174.87250253378826,-37.04429562093609,100 174.87250734742005,-37.04433795665553,100 174.87251068759582,-37.04437317821839,100 174.8725133159337,-37.04440834973072,100 174.87251450832701,-37.04442942229752,100 174.872515594666,-37.04445748163701,100 174.87251602239328,-37.04447850498746,100 174.8725161043375,-37.04449950405402,100 174.87251578612808,-37.04452046257034,100 174.87251510417389,-37.044541397987665,100 174.8725139703858,-37.044562294571975,100 174.87251242035853,-37.04458318240558,100 174.87251041924424,-37.04460401607222,100 174.87250793143028,-37.04462481055494,100 174.87250605382977,-37.044653416911025,100 174.8725035818398,-37.04468249772342,100 174.87250053852537,-37.04471157313478,100 174.8724978008563,-37.04473336479758,100 174.87249355863958,-37.04476233655936,100 174.8724886218005,-37.044791181388035,100 174.87248436972897,-37.04481270493711,100 174.87247798589644,-37.04484123371996,100 174.87247447026652,-37.04485538830574,100 174.87247072831664,-37.04486948427455,100 174.87246674208552,-37.044883522811226,100 174.87246251042185,-37.04489745706616,100 174.87245805168521,-37.04491130207165,100 174.8724533310328,-37.04492505837772,100 174.87244836422207,-37.044938726636886,100 174.87244311788325,-37.04495227583033,100 174.8724376096283,-37.04496573632431,100 174.8724318207432,-37.04497907867117,100 174.8724257508073,-37.04499228575282,100 174.87241936612386,-37.04500535900245,100 174.87241270118625,-37.04501832942109,100 174.87240573793957,-37.04503114862337,100 174.87239467800586,-37.04505007934103,100 174.87238293422178,-37.04506868106232,100 174.87237468986982,-37.045080888674036,100 174.87236607679225,-37.045092916437746,100 174.8723571646745,-37.045104763253256,100 174.87234078548872,-37.04512553638105,100 174.87232639214517,-37.04514288385043,100 174.87231637539546,-37.04515425418706,100 174.8723060255371,-37.04516547565859,100 174.87228989731312,-37.045182048351194,100 174.87227875792203,-37.045192895625036,100 174.8722673206632,-37.04520360970062,100 174.87225560349785,-37.04521418939302,100 174.87224362176295,-37.04522461823658,100 174.87223139346398,-37.045234896848314,100 174.87221893658918,-37.04524507091064,100 174.87220623389794,-37.04525507940703,100 174.87219333745153,-37.04526498190291,100 174.8721802113004,-37.04527473390052,100 174.8721669266083,-37.04528434869735,100 174.87215346468838,-37.04529384371302,100 174.87213297085472,-37.04530787331955,100 174.87210516180508,-37.04532611931869,100 174.87207690559515,-37.045343876652886,100 174.8720482914436,-37.04536120700482,100 174.87203008572902,-37.04537271919092,100 174.87201616447922,-37.045381230909335,100 174.87199502493016,-37.04539373937051,100 174.871980764485,-37.04540190042389,100 174.8719518886624,-37.045417872112914,100 174.87192255072014,-37.045433386917615,100 174.87189283800515,-37.04544852187245,100 174.87185519564852,-37.04546698429895,100 174.87182482439198,-37.04548144824531,100 174.8717865572287,-37.045499240027375,100 174.87166316899012,-37.045555287974906,100 174.87162472449953,-37.04557291305882,100 174.87162099122972,-37.04557835094803,100 174.8716089871201,-37.04558727941217,100 174.87158310164997,-37.0456088198426,100 174.8715748203133,-37.04561453860195,100 174.87156841653314,-37.04561663243512,100 174.87156200675358,-37.04561980972883,100 174.87155517024473,-37.045621910389755,100 174.87148028048853,-37.04562855131538,100 174.87147440678802,-37.045628467342866,100 174.87146531326715,-37.04562908942359,100 174.87142053464254,-37.04562701456479,100 174.87140830497455,-37.04562758337724,100 174.87139646968492,-37.045629972005614,100 174.87138188426286,-37.04563378662462,100 174.87136952874766,-37.04563870890977,100 174.87134134467485,-37.045643068866084,100 174.87133084077593,-37.04564729316529,100 174.87132489054568,-37.0456501369238,100 174.87131436654312,-37.04565363418721,100 174.87130655871027,-37.04565826028832,100 174.87129420570218,-37.045663926101135,100 174.8712750806759,-37.045667679840264,100 174.87124725704044,-37.04567641622291,100 174.87123400123167,-37.045681353599626,100 174.87120573876948,-37.04568861244999,100 174.8711888538558,-37.04569384412081,100 174.87117664375322,-37.0456926000804,100 174.871167653455,-37.04569064909227,100 174.87115951676202,-37.04569017088517,100 174.8711490788579,-37.045690397749546,100 174.87113780425307,-37.04568915336704,100 174.87112838359437,-37.045685382224185,100 174.87111261433077,-37.04568187707755,100 174.87110492656635,-37.04568067795228,100 174.87106574137428,-37.0456721271818,100 174.8710384249339,-37.045660488768895,100 174.87102288501478,-37.04564750188906,100 174.8710162001598,-37.04564304855465,100 174.87100681012507,-37.045637822215696,100 174.870997016432,-37.045631130415856,100 174.87099257622728,-37.04562705717086,100 174.8709891462768,-37.04561934204644,100 174.87098606068062,-37.04561603517087,100 174.87098476199975,-37.04561347072051,100 174.8709808055901,-37.04560867691236,100 174.8709750540997,-37.04560349501955,100 174.8709675753558,-37.045594642327316,100 174.87096408361205,-37.04558912735642,100 174.870949574334,-37.04557071729093,100 174.87094484723414,-37.04556045391359,100 174.870944045594,-37.04555642601752,100 174.8709423084367,-37.04555239755687,100 174.87093755286182,-37.045544317584465,100 174.87092201338203,-37.045531346907204,100 174.8709186248837,-37.04553287669384,100 174.87091077097165,-37.04553645077394,100 174.8709028814638,-37.04553999477073,100 174.8708950106907,-37.045543569115765,100 174.87088713804087,-37.0455471128456,100 174.87087926726628,-37.04555068718964,100 174.87087139611492,-37.045554246216945,100 174.87086354219835,-37.045557820294036,100 174.87085566992153,-37.04556137933807,100 174.87084779914392,-37.04556495368008,100 174.87083992724158,-37.045568528039325,100 174.8708320916815,-37.04557211714695,100 174.87082423815926,-37.0455757074387,100 174.87081843806777,-37.04557834691182,100 174.8708105493252,-37.04558192243607,100 174.8708026766452,-37.04558546525955,100 174.87079482272205,-37.045589039332235,100 174.87078693507908,-37.0455926139363,100 174.87077906317091,-37.04559618829165,100 174.87077119200998,-37.04559974731254,100 174.8707633216003,-37.04560333696537,100 174.8707554493139,-37.04560689600298,100 174.87074757892478,-37.04561048655577,100 174.87073972499635,-37.045614060624935,100 174.87073185458362,-37.04561765027576,100 174.87072400140565,-37.045621254976375,100 174.87071613103564,-37.0456248464281,100 174.87070827745808,-37.045628434910526,100 174.87070044153543,-37.04563205556089,100 174.87069258797848,-37.04563564494327,100 174.8706847531562,-37.045639264673945,100 174.87067691723132,-37.04564288532281,100 174.87066906596817,-37.045646522436556,100 174.87066124835704,-37.0456501563151,100 174.8706534128058,-37.04565379227867,100 174.87064561359685,-37.0456574429907,100 174.8706377964036,-37.04566109398588,100 174.8706299964451,-37.045664760030874,100 174.87062219838384,-37.04566845759105,100 174.8706144156593,-37.04567213868537,100 174.8706066520194,-37.045675818576875,100 174.87059887121345,-37.045679532086844,100 174.8705911068461,-37.04568322821228,100 174.870583343252,-37.045686955870615,100 174.87057559801661,-37.045690698561074,100 174.87056787074184,-37.04569444006644,100 174.87056012475688,-37.04569819808987,100 174.87055241513625,-37.04570197176274,100 174.8705447223523,-37.04570574426827,100 174.87053701345988,-37.045709547671656,100 174.8705293394319,-37.04571335142601,100 174.87052164779553,-37.04571717077972,100 174.8705139913553,-37.0457210039987,100 174.87050633531234,-37.04572485343439,100 174.8704986965262,-37.0457287188209,100 174.87049105884114,-37.045732583288235,100 174.87048347360982,-37.04573647757216,100 174.8704758711682,-37.04574040367265,100 174.8704682863333,-37.045744314172815,100 174.87046071948504,-37.045748270355304,100 174.87045315338398,-37.04575221120338,100 174.8704456052695,-37.04575619773378,100 174.87044181304046,-37.04575818362431,100 174.87043426494688,-37.04576217105497,100 174.87042673331402,-37.045766142002094,100 174.87041920243226,-37.04577014358124,100 174.87041170718882,-37.045774177044784,100 174.87040419506292,-37.04577820987279,100 174.87039671853117,-37.04578227278332,100 174.87038924087463,-37.045786335711114,100 174.87038178159884,-37.04579041457203,100 174.87037432305198,-37.045794523164005,100 174.87036688250996,-37.04579863237288,100 174.8703594592026,-37.04580275663166,100 174.87035205275407,-37.04580688062411,100 174.87034464857845,-37.04581105144804,100 174.87033724325596,-37.04581522138829,100 174.87032989038346,-37.04581937517881,100 174.87032250381682,-37.045823576367994,100 174.8703151513444,-37.04582779234123,100 174.87030781723067,-37.045832023346655,100 174.87030046625648,-37.04583625461751,100 174.87029315050052,-37.04584050065471,100 174.87028583361976,-37.0458447467092,100 174.87027853661965,-37.04584902399536,100 174.87027123847258,-37.04585330039786,100 174.87026397554374,-37.0458575915667,100 174.87025669540444,-37.04586191455211,100 174.87024943326992,-37.04586623815447,100 174.87024218909607,-37.045870560571856,100 174.87023494454917,-37.04587491363901,100 174.87022771798502,-37.04587926642216,100 174.87022049181803,-37.04588363542207,100 174.87021328286357,-37.04588801857097,100 174.8702060754302,-37.045892417918914,100 174.87019890171524,-37.04589681673473,100 174.87019171001586,-37.04590121583372,100 174.87018455465866,-37.045905629681364,100 174.8701773816929,-37.0459100591284,100 174.87017022748378,-37.04591451982486,100 174.870163107719,-37.0459189637543,100 174.87015597072156,-37.04592343859937,100 174.87014885060495,-37.04592791407913,100 174.87014173163362,-37.04593239044172,100 174.8701346298306,-37.04593687915142,100 174.8701275284468,-37.04594138497885,100 174.87012042743802,-37.045945906122114,100 174.87011336089574,-37.04595041139933,100 174.87010629510434,-37.0459549473086,100 174.8700992282102,-37.04595948413615,100 174.87009218115242,-37.04596405039351,100 174.87008513261605,-37.04596860225292,100 174.8700781020403,-37.04597315292743,100 174.87007107223755,-37.04597773513494,100 174.87006404238974,-37.045982315540165,100 174.870057029467,-37.04598689838201,100 174.8700500337568,-37.0459914953729,100 174.87004303916967,-37.04599609234569,100 174.87003604533348,-37.046000719950534,100 174.87002906798014,-37.04600533197292,100 174.87002209100183,-37.04600995931116,100 174.87001511439848,-37.04601460196523,100 174.87000817265962,-37.046019244970495,100 174.8700012140382,-37.046023887340226,100 174.8699942726735,-37.046028545660945,100 174.8699873312858,-37.04603320308032,100 174.86998040675695,-37.0460378602335,100 174.869973483001,-37.04604254891969,100 174.86996656036814,-37.04604723758777,100 174.86995965421823,-37.046051910673434,100 174.86995274842124,-37.04605659817399,100 174.8699458430213,-37.04606130189133,100 174.8699389713398,-37.04606600507666,100 174.86993208394387,-37.04607070941067,100 174.86992541409455,-37.04607516065341,100 174.86991850643977,-37.04607981843828,100 174.86991156468903,-37.04608446143816,100 174.8699046584881,-37.04608913271887,100 174.86989776921234,-37.04609380643625,100 174.86989088099338,-37.04609847743265,100 174.86988399244544,-37.04610318088078,100 174.86987713834196,-37.04610786756201,100 174.86987026817388,-37.04611258694301,100 174.86986341484246,-37.0461173051569,100 174.869856561886,-37.046122038686626,100 174.86984972693443,-37.046126772833404,100 174.86984290881955,-37.046131505813065,100 174.86983609107963,-37.04613625410859,100 174.86982927333887,-37.04614100240372,100 174.86982247285485,-37.04614576664987,100 174.86981565551028,-37.04615053116146,100 174.86980887298606,-37.0461552942224,100 174.86980209123467,-37.04616008881639,100 174.86979529149883,-37.04616488369352,100 174.86978852733148,-37.04616966178607,100 174.86978174635124,-37.04617448791237,100 174.86977499829368,-37.046179281072334,100 174.8697682352954,-37.04618410691438,100 174.86976148875797,-37.04618891627309,100 174.86975474147155,-37.04619374096538,100 174.86974801329188,-37.04619856535609,100 174.86974128436316,-37.046203405080384,100 174.86973455503573,-37.04620822858711,100 174.8697278265253,-37.046213085428825,100 174.86972111595347,-37.046217940184754,100 174.869714405005,-37.046222779624095,100 174.86970769370535,-37.046227650614206,100 174.86970098352882,-37.04623252158624,100 174.86969428943743,-37.04623736075872,100 174.8696875960968,-37.046242230563294,100 174.86968088629348,-37.04624711685048,100 174.8696741929732,-37.046251987555294,100 174.86966751688755,-37.04625687331021,100 174.8696608415271,-37.04626174282986,100 174.86965414858003,-37.046266628849835,100 174.86964749047544,-37.04627151432018,100 174.86964079752664,-37.04627640033944,100 174.86963412293642,-37.04628130139109,100 174.86962744719926,-37.046286201559134,100 174.86962078909124,-37.04629108702807,100 174.86961411449846,-37.04629598807865,100 174.86960745676447,-37.0463008888631,100 174.869600781046,-37.04630578993068,100 174.86959412293456,-37.04631067539819,100 174.869587465198,-37.04631557618158,100 174.86958080783637,-37.04632049228085,100 174.86957415009812,-37.046325393063526,100 174.86956747549928,-37.04633029411162,100 174.86956081775932,-37.046335194893594,100 174.86955414241055,-37.046340111274915,100 174.86954750265252,-37.0463450117727,100 174.86954084490998,-37.046349912553616,100 174.86953418714444,-37.046354812433215,100 174.86952752979803,-37.046359729430606,100 174.8695208720308,-37.046364629309494,100 174.8695141963011,-37.046369530372466,100 174.86950753855425,-37.046374431151605,100 174.8695008639468,-37.046379332196146,100 174.86949420619823,-37.04638423297457,100 174.8694875304651,-37.04638913403612,100 174.8694808727148,-37.046394034813844,100 174.8694741977503,-37.046398921441686,100 174.8694675399762,-37.04640382131774,100 174.86946084700415,-37.046408707327394,100 174.86946556612477,-37.04642250129475,100 174.8694742718418,-37.046433842167076,100 174.8694793255338,-37.04646003639707,100 174.86948191047625,-37.0464653493926,100 174.86948178636058,-37.04648196957697,100 174.86948262282598,-37.046487282192565,100 174.86948821937838,-37.04650214569457,100 174.86949296161066,-37.04651101457568,100 174.86949333808874,-37.046519852228066,100 174.86949853411528,-37.04653012269275,100 174.86950196758804,-37.04653862734662,100 174.86950231862195,-37.046551011126674,100 174.86950665629246,-37.04655773497349,100 174.86951131782882,-37.04657967672546,100 174.8695114350306,-37.04661681217327,100 174.86951822301398,-37.04664760635354,100 174.86951683864157,-37.0466553892967,100 174.86951545849067,-37.04666458181141,100 174.86951584914647,-37.046668818087454,100 174.8695167191905,-37.046670228432006,100 174.8695139618791,-37.04668296044092,100 174.8695188846761,-37.04672682587791,100 174.86951791746975,-37.04673850488783,100 174.86952863238957,-37.046771058700244,100 174.8695316773568,-37.04677284755806,100 174.8695329411232,-37.04678311060463,100 174.86953548402624,-37.046792667596335,100 174.86953588745524,-37.04679797441898,100 174.86953845607405,-37.04680715876704,100 174.86954062212607,-37.04681107142965,100 174.8695439908205,-37.04682875957904,100 174.86954828232462,-37.04684079643213,100 174.8695491039365,-37.04684751982039,100 174.86954762063854,-37.04686767831354,100 174.8695487141961,-37.04689350684362,100 174.86955087066843,-37.04690023713049,100 174.86955200943657,-37.0469200253156,100 174.86955055871348,-37.0469355992675,100 174.8695473985338,-37.04694689734488,100 174.869547834744,-37.04694831542902,100 174.86953449750592,-37.046966309277686,100 174.86953447599132,-37.046968090591754,100 174.86952334435915,-37.04698500956817,100 174.86950961840293,-37.04700017584449,100 174.86950872370306,-37.047002298095514,100 174.86950561488516,-37.04700583604378,100 174.8695042609602,-37.04700830622604,100 174.86949895280407,-37.04701253318804,100 174.86949496154728,-37.04701676823349,100 174.86948340959782,-37.047031588387554,100 174.869478978244,-37.04703617196346,100 174.86947499140985,-37.04704251238259,100 174.86947098466214,-37.047047445280036,100 174.8694577152484,-37.047057663410584,100 174.86945242087128,-37.04706048141659,100 174.869444052327,-37.047062933279115,100 174.86942548642688,-37.047075242093165,100 174.86942063324494,-37.047077710648374,100 174.86941226049956,-37.047078753838164,100 174.869391508328,-37.04709283481955,100 174.86938455538285,-37.04709578892376,100 174.86936837150267,-37.0470968425654,100 174.86935076771422,-37.04710239806132,100 174.8693410742171,-37.047101992939176,100 174.86931382977875,-37.047098205152054,100 174.86930413628224,-37.04709780002687,100 174.86929766269034,-37.047096688904205,100 174.86928012772364,-37.047095149148106,100 174.86927320263808,-37.04709401359448,100 174.8692667414198,-37.047094002766215,100 174.86926026817915,-37.04709286009036,100 174.86925471821476,-37.0470932350779,100 174.8692353353571,-37.04709130983989,100 174.86921876854905,-37.0470819783725,100 174.86920769823428,-37.04707935159517,100 174.8692040036575,-37.04707785056861,100 174.86919292673508,-37.047075596132224,100 174.86918878148242,-37.04707410401055,100 174.86918145396353,-37.047067013574996,100 174.8691778016653,-37.047060680896436,100 174.86917138504813,-37.04705396186203,100 174.86916400045337,-37.04704986194738,100 174.86915760885094,-37.04704278740453,100 174.86915349107392,-37.04703718941273,100 174.86914841307333,-37.04703383908167,100 174.8691387343472,-37.0470327063584,100 174.86913734239212,-37.047031196981266,100 174.8691286723429,-37.047016681133584,100 174.86912087478166,-37.04700885542802,100 174.86909653385504,-37.04698871004743,100 174.86909007673708,-37.046987582430184,100 174.86908132978354,-37.04698308757805,100 174.86907489510045,-37.046978244434754,100 174.869073064695,-37.0469752710397,100 174.86907126904984,-37.04696968061369,100 174.86906991060883,-37.04696298190522,100 174.86906951510576,-37.046954054421,100 174.86906723760038,-37.046951831646865,100 174.8690590082719,-37.0469491862215,100 174.8690497137093,-37.046946203370446,100 174.86903864302184,-37.046943560359374,100 174.86902573268554,-37.046939446569496,100 174.86901510787834,-37.046937928566464,100 174.8690077122618,-37.04693791712669,100 174.8690012731331,-37.046936789221036,100 174.86897498555143,-37.04692928372276,100 174.8689625129447,-37.046926650178264,100 174.86893118734073,-37.0469154061403,100 174.86891691172482,-37.04690756893771,100 174.86891693097803,-37.046905694824964,100 174.86890952763025,-37.04690605573907,100 174.8689067597218,-37.04690492675981,100 174.86890539800604,-37.04690194507519,100 174.8689054348927,-37.0469001022302,100 174.86889895843143,-37.04689823133207,100 174.86889343925205,-37.04689523043696,100 174.8688625822785,-37.046881407577935,100 174.86885108744957,-37.0468739402473,100 174.86883867097708,-37.04686758883059,100 174.8688322085116,-37.0468649588109,100 174.86882440161435,-37.04685936395766,100 174.86881471294384,-37.04685525706365,100 174.8688014012218,-37.04684591660706,100 174.86879540673615,-37.04684329543487,100 174.86879034313148,-37.046839201286026,100 174.86878257435816,-37.0468298879534,100 174.86877979485908,-37.046827644241645,100 174.86876371674248,-37.04681719009661,100 174.86875224156574,-37.04680786395916,100 174.86873335657003,-37.046797396352986,100 174.86872876341786,-37.046794053686135,100 174.8687232602485,-37.046788449566854,100 174.8687195583355,-37.04678733620082,100 174.86870630357393,-37.04676981731134,100 174.86870352692424,-37.046768331548854,100 174.86868562485773,-37.04675378987917,100 174.86867554795833,-37.04674109516383,100 174.86867373097348,-37.04673665062386,100 174.8686627659494,-37.04671988158889,100 174.86866231765273,-37.046718015743956,100 174.86866002709544,-37.046714663834344,100 174.86865773526236,-37.04671318575427,100 174.86865135589815,-37.04670202177711,100 174.8686476193254,-37.04670609775773,100 174.86864666990988,-37.04670942861103,100 174.86864787411483,-37.0467354717232,100 174.86864918539473,-37.04674364210721,100 174.86865189311132,-37.046752221312424,100 174.86865417553645,-37.04675592936508,100 174.8686550861453,-37.04675890283813,100 174.86865548027507,-37.04676708857364,100 174.8686572700685,-37.04677565159686,100 174.86866136500876,-37.046784951619,100 174.86866086704106,-37.04678830510251,100 174.868668611712,-37.046803193383745,100 174.86867824177756,-37.04681733722491,100 174.86870137283,-37.04687614333042,100 174.86871964086833,-37.04690556154964,100 174.86872052589482,-37.04690817941039,100 174.86872373233996,-37.04691338979576,100 174.86872832424746,-37.046918607192985,100 174.86873428473567,-37.046923830966584,100 174.86874162491847,-37.04693203614317,100 174.86874389223735,-37.04693650332919,100 174.86875170661304,-37.04694432879529,100 174.86875624975835,-37.046952876373766,100 174.8687727716347,-37.046970787218974,100 174.86878099084004,-37.046982694615586,100 174.86878645798294,-37.046992743625566,100 174.86879559380398,-37.047006539229194,100 174.86880605904102,-37.047026630217296,100 174.8688207419368,-37.04704378409566,100 174.8688275801868,-37.04705458391568,100 174.86883303796,-37.047066863796296,100 174.86883614445048,-37.047085099584386,100 174.86883885431902,-37.047094407003556,100 174.8688415707008,-37.047100724697344,100 174.8688443137437,-37.04710482837033,100 174.86884886586614,-37.047115620949576,100 174.8688523867655,-37.04714089659528,100 174.8688605323002,-37.04716359915336,100 174.86886230942926,-37.04717104836141,100 174.8688646074895,-37.04717663087373,100 174.8688659141693,-37.04718332859754,100 174.86886541181497,-37.047190400026324,100 174.86886342943922,-37.047207501044255,100 174.86886609666567,-37.04722162569857,100 174.8688668794399,-37.0472417142271,100 174.86885582966224,-37.04730154559972,100 174.86883103331994,-37.047342379599144,100 174.86882592300657,-37.04734683595024,100 174.8688151755052,-37.04736131619167,100 174.86881145771812,-37.04736799304222,100 174.8688026250766,-37.04737316419398,100 174.86879983210923,-37.0473768828157,100 174.8687955864969,-37.04738840077016,100 174.86878440090695,-37.047401386340745,100 174.86878162512113,-37.047402504431716,100 174.8687760509389,-37.04740583605306,100 174.8687700035998,-37.04741027742331,100 174.86876452421168,-37.04741582385493,100 174.86875992876432,-37.04741949606864,100 174.86875307512338,-37.04742613490149,100 174.868740706686,-37.04743316256446,100 174.86873385711328,-37.04743611590354,100 174.86872787649781,-37.047437225905185,100 174.8687205748335,-37.04743944279173,100 174.86870682755247,-37.0474460919981,100 174.86869720778532,-37.04744906194371,100 174.86868256795793,-37.04745535477477,100 174.86867158211388,-37.04746163059092,100 174.86866151177722,-37.047469749567306,100 174.8686500661479,-37.0474756630915,100 174.8686317735339,-37.0474775285841,100 174.86861025429465,-37.04747794694483,100 174.86859881271542,-37.04748017407037,100 174.86859195603628,-37.04748091211012,100 174.8685800556679,-37.04748020370734,100 174.86856633757526,-37.04747506699748,100 174.86856083963568,-37.04747545555408,100 174.86855213408907,-37.04747508076926,100 174.86854161604077,-37.04747622259096,100 174.86854067278264,-37.04747654930271,100 174.86853844195565,-37.04747733072797,100 174.86853125010597,-37.04747847782857,100 174.8685281101161,-37.0474796007503,100 174.86852409871082,-37.047484347120026,100 174.86852193603613,-37.04749088860116,100 174.8685215736489,-37.047499955111256,100 174.86852294463114,-37.0475039109628,100 174.86852761886757,-37.047520555594225,100 174.86853313437464,-37.047531751211984,100 174.86854730212568,-37.047552290421436,100 174.8685748339553,-37.047602780286006,100 174.86858395837655,-37.04761358736263,100 174.8685889939737,-37.04762369094869,100 174.86859127868883,-37.047626207442946,100 174.8685949309134,-37.047631253980875,100 174.8685990372569,-37.04763519377404,100 174.8686026747598,-37.04764096969789,100 174.86861102062076,-37.047663359067165,100 174.86861198243037,-37.04766952054384,100 174.86861610155776,-37.04767709959702,100 174.8686188922276,-37.047683603595935,100 174.86862215779547,-37.0476955340691,100 174.86862313234337,-37.04770276519176,100 174.8686232487682,-37.047715445593795,100 174.86862239732247,-37.04772052523366,100 174.8686166943472,-37.04773580114338,100 174.868609069049,-37.04773949495034,100 174.86860415202227,-37.0477428017892,100 174.86860016167725,-37.04774900343418,100 174.8685948049217,-37.04775267411676,100 174.86857231308105,-37.047756857216186,100 174.86855027225192,-37.04775847711003,100 174.8685453366221,-37.04776107130879,100 174.86854039739973,-37.047762922890165,100 174.86853410369008,-37.0477633257856,100 174.8685318432784,-37.04776299276492,100 174.86852374997434,-37.047764154968846,100 174.86851924287703,-37.04776528681057,100 174.86851475713706,-37.0477653178245,100 174.86850937040518,-37.04776790380658,100 174.86850400339577,-37.04777120240847,100 174.8684986427068,-37.04777668476807,100 174.86848266759762,-37.04779964928596,100 174.8684723860378,-37.04780699825624,100 174.86846211775892,-37.047816127090094,100 174.8684540519676,-37.04782020006503,100 174.868447314993,-37.047822794697986,100 174.8684316685013,-37.04783416958283,100 174.86842457190872,-37.047844018159765,100 174.86841741196238,-37.04785022827227,100 174.86840850950713,-37.04786117694694,100 174.86840315407724,-37.047865590273915,100 174.8683946157362,-37.047868184440404,100 174.86838703821022,-37.04787369000132,100 174.86838257395962,-37.047877716148626,100 174.86836906584352,-37.04788036607215,100 174.86835785507614,-37.04788407578789,100 174.86835199482556,-37.04788450158837,100 174.86833491074128,-37.04788755394159,100 174.8683268094434,-37.04788834492126,100 174.8683191425259,-37.04788731563566,100 174.86830834659426,-37.047887766008785,100 174.86830429605413,-37.04788853283297,100 174.86829844358397,-37.04788858807263,100 174.8682826514449,-37.04788618160334,100 174.8682723117826,-37.047888823064085,100 174.86825701324244,-37.047889304702935,100 174.86824713865485,-37.047891194359025,100 174.86824131639816,-37.0478956006116,100 174.86823727742032,-37.04789743529562,100 174.86822021626176,-37.0479019275537,100 174.8682148235945,-37.04790234598196,100 174.86819911860877,-37.047908998028085,100 174.86818836695556,-37.04791561170519,100 174.86818478718965,-37.04791709756008,100 174.8681739753797,-37.047918276424085,100 174.86816008933556,-37.04792491243176,100 174.86813862923756,-37.04794104940536,100 174.86813147148075,-37.047944735817524,100 174.86811574368392,-37.04794921967664,100 174.86811352406903,-37.047951055442155,100 174.86810817204162,-37.047956892761434,100 174.8680938584967,-37.047968244804196,100 174.8680732076938,-37.04797386703429,100 174.86806961207114,-37.04797608228977,100 174.86806431922113,-37.04798662708279,100 174.86806165061247,-37.04798918285021,100 174.8680576254808,-37.04799213312343,100 174.86804468887027,-37.04800383210551,100 174.86804112002065,-37.0480089284047,100 174.86803128792536,-37.04801626755402,100 174.86802636210888,-37.048019217591666,100 174.8680227861791,-37.04802214456509,100 174.86801343123017,-37.04803238920951,100 174.86801166820243,-37.04803638361324,100 174.86800957154455,-37.04805052834025,100 174.86801003842663,-37.048053060859004,100 174.86801005877956,-37.048057056015395,100 174.86801480746232,-37.04807839167831,100 174.86801846525117,-37.04808559226079,100 174.86802391882804,-37.04809063928565,100 174.86802713304138,-37.048096762586674,100 174.86802945571597,-37.04810325864852,100 174.8680372139643,-37.04811480111676,100 174.86804039933833,-37.048117316955064,100 174.86804990309898,-37.04812158184681,100 174.86805805474577,-37.0481258707386,100 174.8680702618742,-37.04813083211692,100 174.86807434964643,-37.048134060191025,100 174.86807937395753,-37.04814053983614,100 174.86808215189544,-37.0481484978501,100 174.86808130151178,-37.04815357656822,100 174.86807515151636,-37.04817030067731,100 174.86807615695017,-37.04817934383866,100 174.8680784268724,-37.048182587025934,100 174.86808251577185,-37.04818581508193,100 174.86808840280543,-37.04818831540395,100 174.8680956084239,-37.04818896531106,100 174.86810959962838,-37.04819138665201,100 174.86811544302216,-37.048190960227465,100 174.86814523876225,-37.048196887449514,100 174.8681484129318,-37.04819830387148,100 174.86815112434792,-37.04820189701911,100 174.86815567514634,-37.04820621558405,100 174.86815845557427,-37.048212348417984,100 174.86816618126386,-37.04826448157623,100 174.8681684713102,-37.048268453598894,100 174.86817031198927,-37.04827313030849,100 174.8681708621841,-37.04828328022935,100 174.8681686706385,-37.048288737891006,100 174.8681660164484,-37.048293120375035,100 174.86816427945539,-37.04830001115897,100 174.86815807646116,-37.048310216080026,100 174.868144273671,-37.04832447039148,100 174.8681375626281,-37.04832995958442,100 174.86811840442087,-37.04835115265905,100 174.8681040837471,-37.04836033628024,100 174.86809918391947,-37.04836618179854,100 174.8680929009921,-37.04836766876895,100 174.86808658753196,-37.04836735992283,100 174.86806905275904,-37.048369691986146,100 174.86806590461208,-37.048371171940516,100 174.86805653516143,-37.048379588072635,100 174.868052084558,-37.048385411191205,100 174.86804588853167,-37.04839525908074,100 174.86803293911774,-37.048404512126666,100 174.8680253192592,-37.04841035812299,100 174.86801723190175,-37.04841878380132,100 174.86801458895295,-37.048426790244825,100 174.86801326257765,-37.04842896525036,100 174.86800800934105,-37.04845002582146,100 174.86800086513176,-37.048461330727974,100 174.86800001966418,-37.048465326001605,100 174.86799959533667,-37.04847076754272,100 174.8679951672089,-37.04848131493612,100 174.8679893652464,-37.0484897163337,100 174.86798487174585,-37.04849264333722,100 174.86797365378584,-37.04850253156373,100 174.8679614848857,-37.04850734240395,100 174.86795340353788,-37.04851468371571,100 174.86795160253712,-37.048514698561945,100 174.86794845440394,-37.04851617941433,100 174.86794076393002,-37.04851552181294,100 174.86793032039617,-37.048509801689086,100 174.8679234494159,-37.04850225423685,100 174.8679166142444,-37.048495433571844,100 174.86791388449046,-37.04849182628696,100 174.86791068965394,-37.048488970803284,100 174.86790564204745,-37.04848355956254,100 174.86789974871598,-37.048478922341225,100 174.86789247938907,-37.04847461954303,100 174.86788612725596,-37.04847287101301,100 174.86787344613023,-37.048471510577215,100 174.86786757771637,-37.04847229339887,100 174.86786172125855,-37.0484741602996,100 174.86785502424647,-37.04848146177644,100 174.8678510063862,-37.04848984768753,100 174.86784472413262,-37.04849714263171,100 174.8678388832139,-37.048500836228065,100 174.86783347003356,-37.04850051138743,100 174.86781997399348,-37.04850751255102,100 174.86781546613057,-37.04851118425077,100 174.8678100711851,-37.04851412634578,100 174.86780110872562,-37.0485254319354,100 174.86779799088177,-37.048528010995355,100 174.867787620815,-37.04853207695259,100 174.8677835706474,-37.048535383625754,100 174.86777775843456,-37.04854341383776,100 174.8677732497357,-37.04854452855212,100 174.86776557163438,-37.048544972136945,100 174.86775881658738,-37.048547567016136,100 174.86775025982553,-37.04855271662161,100 174.86774665926083,-37.048556016213034,100 174.8677426403277,-37.04855857881785,100 174.86773905169477,-37.04856296158752,100 174.86773364409714,-37.04856736038422,100 174.86772196948303,-37.04857508904601,100 174.8677161541703,-37.04858166279801,100 174.86770754295495,-37.048580278810206,100 174.8677012255325,-37.048581781625465,100 174.86769537191756,-37.048584361404124,100 174.8676814547182,-37.0485950086466,100 174.86767692748938,-37.04859541342226,100 174.86767104671253,-37.048595095937856,100 174.8676652004623,-37.04859733400516,100 174.86766160650782,-37.04860026125177,100 174.8676588679086,-37.048599549987266,100 174.86764762712946,-37.048607270908704,100 174.86764048356818,-37.04861603591156,100 174.86763640875475,-37.04861714468951,100 174.86763013359337,-37.04862083069306,100 174.8676260439937,-37.048620143406325,100 174.867618808785,-37.04862094864039,100 174.8676124913352,-37.048622450550106,100 174.8676048718417,-37.04862831363885,100 174.8675999185119,-37.048630877433375,100 174.86759496973838,-37.04863238843386,100 174.86759045972897,-37.04863533100477,100 174.8675886506093,-37.048635702889406,100 174.8675814059171,-37.04863359796265,100 174.8675773081571,-37.04863326591619,100 174.86756624048087,-37.04863006571778,100 174.86755892692153,-37.04863184919458,100 174.867553912621,-37.048634723995576,100 174.86755027677023,-37.048635437396726,100 174.86752977265192,-37.048637556562916,100 174.86751791518242,-37.04864039490936,100 174.86751016641628,-37.04864144256229,100 174.86748783867705,-37.048647884244794,100 174.86747006936244,-37.04864927534777,100 174.8674668694629,-37.04865070923356,100 174.86746139287405,-37.04865252326559,100 174.8674582115418,-37.04865466888829,100 174.86745320495055,-37.0486546467753,100 174.8674231042995,-37.04865674668166,100 174.8674180808699,-37.04865672573361,100 174.86741308068815,-37.04865563457243,100 174.86740896924664,-37.04865345957059,100 174.86739983364947,-37.048651279854646,100 174.86738978420175,-37.048644066327725,100 174.86738152708165,-37.04864042979209,100 174.8673783413306,-37.04863789862005,100 174.86736277615603,-37.048622046420626,100 174.8673572926497,-37.048618439218096,100 174.86735546741664,-37.04861627238182,100 174.86735179782133,-37.048614461757964,100 174.867349076811,-37.04861373398589,100 174.86734633290462,-37.04861156719304,100 174.86733536121292,-37.04860613473624,100 174.86733033716024,-37.04860287631318,100 174.86732805247715,-37.04860036069562,100 174.86732392948974,-37.04859711782824,100 174.86731983491407,-37.04859494255764,100 174.8673102252422,-37.04858736608486,100 174.86730427820962,-37.048588428619276,100 174.86730200830686,-37.04858518541681,100 174.86730109186036,-37.04858266087471,100 174.86729422324353,-37.048576538308545,100 174.86729011734624,-37.04857651642851,100 174.86728234776731,-37.04857937601364,100 174.86727510378984,-37.04858693573098,100 174.86727326005155,-37.048590529413495,100 174.86727150787422,-37.04860203509655,100 174.86727151931998,-37.04860888031414,100 174.86727476531684,-37.048629746652864,100 174.86727617322745,-37.048634431091585,100 174.86728027639904,-37.04864273869525,100 174.86728490400478,-37.04865569868067,100 174.86728673304572,-37.048659305740586,100 174.8672876663738,-37.04866435456721,100 174.86728998577814,-37.048670122442054,100 174.86729047439016,-37.04867409310141,100 174.86728960991982,-37.04867736041651,100 174.8672905847127,-37.04868208231851,100 174.86729336371624,-37.04868751668537,100 174.86729609399197,-37.04868788829806,100 174.86729707825515,-37.04869295074348,100 174.8672980492608,-37.04869875697273,100 174.86729813606098,-37.04870454738037,100 174.86730000453025,-37.048709625647355,100 174.8673041950309,-37.04871796342068,100 174.86730564232755,-37.04872411726431,100 174.86730847476815,-37.04873283333559,100 174.8673167778168,-37.04874334519498,100 174.86731282411725,-37.04875348040892,100 174.8673125834848,-37.04877412854678,100 174.86731591971883,-37.04878610390972,100 174.8673196644282,-37.048795888983626,100 174.86732246633412,-37.04880023872134,100 174.86732389188424,-37.048804954427176,100 174.86732614393276,-37.048804945107015,100 174.86732899115782,-37.04881293359319,100 174.8673327057057,-37.048818367649844,100 174.86733505788413,-37.04882597727121,100 174.86733831508414,-37.048831790766734,100 174.86734256394433,-37.04884484954679,100 174.86734177000082,-37.04885461955534,100 174.86734410398725,-37.048858963140276,100 174.86734638734796,-37.0488607820708,100 174.86734916215485,-37.048864759996256,100 174.86735336116223,-37.04887275603964,100 174.86735981680104,-37.04887964490264,100 174.8673708919942,-37.04889017079353,100 174.86738012663213,-37.04890249311876,100 174.86739072716946,-37.04892053794161,100 174.8673944381483,-37.048927753027314,100 174.86739580096275,-37.0489320650348,100 174.86739959498072,-37.048959782557866,100 174.86740095896428,-37.04896409634946,100 174.86740290753966,-37.048982445041766,100 174.86740297512313,-37.04899396623684,100 174.8674021044776,-37.04900152385274,100 174.8673962684694,-37.04902024027092,100 174.86739448368215,-37.04902922191834,100 174.8673900016714,-37.04904289765987,100 174.86739003450293,-37.04904864204904,100 174.86738688788066,-37.04905656357513,100 174.86738690155943,-37.04905836055817,100 174.86738599373084,-37.04906196924907,100 174.86738192176247,-37.049067691744405,100 174.8673801252105,-37.04907238517656,100 174.86737560119903,-37.04907741898321,100 174.8673724117082,-37.04907992074691,100 174.86736423816552,-37.04908387186722,100 174.86736155529798,-37.04908782125832,100 174.86735748753446,-37.049095000192466,100 174.8673536348148,-37.049097280763355,100 174.86732119125486,-37.04924596040869,100 174.86720910511752,-37.0493284133888,100 174.86696752398854,-37.04929633478221,100 174.8668518802216,-37.0492613666772,100 174.86685117400793,-37.04926150217342,100 174.86684745516413,-37.04926167517657,100 174.86684320113116,-37.04926129959849,100 174.86683231788848,-37.04926113201851,100 174.86681944193293,-37.049257652870494,100 174.8668163773989,-37.049257086419175,100 174.8668041908034,-37.049254803263544,100 174.86679129651253,-37.049251309980185,100 174.86676455059234,-37.04924545338988,100 174.86674902372667,-37.04924135440313,100 174.86674516642844,-37.0492408788414,100 174.86674063496278,-37.0492411583673,100 174.86671973734036,-37.049244710352006,100 174.86669656221358,-37.0492511805475,100 174.86669210992585,-37.04925180041924,100 174.86667414254526,-37.049251630761,100 174.86666151945624,-37.04925305701428,100 174.86661030524155,-37.049266796776344,100 174.86660087072624,-37.04926765639212,100 174.86659459583504,-37.04926878714286,100 174.86659234485202,-37.04926879462991,100 174.86658457784603,-37.049270477928964,100 174.8665779963445,-37.049271164655444,100 174.86657578345066,-37.04927066140509,100 174.8665643582176,-37.04928252030762,100 174.86655291497294,-37.04929433262478,100 174.8665414721221,-37.04930616115813,100 174.86653009858367,-37.049318019243834,100 174.86651884833458,-37.04932995290023,100 174.86650779143972,-37.049341976346795,100 174.86649698072986,-37.049354134718634,100 174.86648643456473,-37.049366443049,100 174.86648150274948,-37.04937241338503,100 174.866471868644,-37.04938518595239,100 174.86646249833316,-37.04939807784602,100 174.86645325018816,-37.049411045328426,100 174.86644388026838,-37.04942395343791,100 174.86643424539994,-37.04943669536996,100 174.8664290537479,-37.049443305211746,100 174.86641819018067,-37.049455418441894,100 174.86640690387972,-37.04946730488615,100 174.86639535417305,-37.04947904225302,100 174.86638364784616,-37.049490720794886,100 174.86637201045667,-37.04950241357291,100 174.86636056792227,-37.0495142574063,100 174.86634945772758,-37.04952626455238,100 174.86634920679225,-37.04952657854956,100 174.86634406286188,-37.04953238277295,100 174.86633230179189,-37.049543984659245,100 174.86631981786465,-37.049555134649715,100 174.86631471103038,-37.04955974496264,100 174.86630319614062,-37.049571481772816,100 174.86629210395736,-37.0495834904328,100 174.86628139846613,-37.049595723740374,100 174.86627062403053,-37.04960794280975,100 174.8662596577546,-37.04962008828618,100 174.86624888485682,-37.049632370420646,100 174.86624053789214,-37.0496421006457,100 174.86623002689026,-37.04965447059029,100 174.86622037470016,-37.04966719655438,100 174.86621112573212,-37.04968013338687,100 174.86620247215168,-37.04969327626146,100 174.86620096220733,-37.04969571821755,100 174.8661933229746,-37.04970923178937,100 174.86618629599187,-37.0497229971047,100 174.86617962047984,-37.04973688036768,100 174.86617294496685,-37.04975080959675,100 174.8661670946054,-37.04976257262826,100 174.86615757629727,-37.049775761553114,100 174.86614781217304,-37.04978887683307,100 174.866138867492,-37.04980211801905,100 174.86613185355665,-37.049815728101734,100 174.86612784414748,-37.04982956580586,100 174.86612703281608,-37.04984193814271,100 174.86612665025336,-37.04984445339035,100 174.86612648169768,-37.04984849838738,100 174.86612808895435,-37.049863803363486,100 174.86612727895616,-37.04986654255082,100 174.86612438937001,-37.04987114590813,100 174.8661160940694,-37.04988473198799,100 174.86610732437254,-37.049898093896815,100 174.86610558734284,-37.04990049255705,100 174.86609516852698,-37.04991304760912,100 174.86608376640527,-37.04992512241533,100 174.86607617637898,-37.049932749695586,100 174.86606449171612,-37.04994462885629,100 174.86605254287406,-37.04995632740534,100 174.8660440339249,-37.04996454237092,100 174.86603197974694,-37.04997621012839,100 174.8660312852842,-37.049976779863066,100 174.8660265977051,-37.049980237109615,100 174.8660161782938,-37.049989600649646,100 174.8660136377285,-37.049993671250476,100 174.8660051678234,-37.04999691491191,100 174.86599019056482,-37.0500061257374,100 174.86597890225167,-37.0500166503042,100 174.86596848110474,-37.050029111646495,100 174.86595946819884,-37.05004246204897,100 174.8659500712172,-37.050055649048566,100 174.86594637750142,-37.05006001809618,100 174.8659339006041,-37.05007141489328,100 174.86593169411213,-37.05007374522769,100 174.86593080116486,-37.05007465877719,100 174.86592255486667,-37.05008813591641,100 174.86591571264069,-37.05010233183594,100 174.86591475661498,-37.050104113431395,100 174.86590703452558,-37.05011649715311,100 174.86590464261405,-37.05011901607269,100 174.86590144019146,-37.050121039408964,100 174.86589195116267,-37.050126932704195,100 174.86587164276114,-37.05013761359335,100 174.86586849482717,-37.05013906104006,100 174.86584651136468,-37.050147370811644,100 174.86582418679464,-37.05015520555101,100 174.86582034649624,-37.050156711658,100 174.8657998026799,-37.05016700957953,100 174.8657797821056,-37.050178057261945,100 174.86577471026192,-37.050180793192254,100 174.86575425748322,-37.050191227573215,100 174.8657400907389,-37.050198411204185,100 174.86571887799852,-37.05020830233176,100 174.86570615449813,-37.05021569218547,100 174.86569396327505,-37.05023320160856,100 174.86568397588354,-37.05025217522889,100 174.86567315696684,-37.05026272302728,100 174.86566607195988,-37.05026659291597,100 174.86566095162752,-37.05026877259888,100 174.86565357688508,-37.050270866970834,100 174.86565064163938,-37.050271862217066,100 174.8656469361471,-37.05027322559461,100 174.86565345220828,-37.050273949586455,100 174.86568277955521,-37.05027725388265,100 174.86583497716882,-37.050294339410556,100 174.8657254325409,-37.050389602709565,100 174.8656803264919,-37.05047401090523,100 174.8656753847365,-37.05054598559822,100 174.86607240079886,-37.0507836816197,100 174.86576478555847,-37.051026054414635,100 174.8655908630651,-37.05118157391771,100 174.86538911653264,-37.051342095912844,100 174.86538242804792,-37.0513413601988,100 174.86537457534024,-37.05134694741125,100 174.86537170347128,-37.05134966043911,100 174.86536102941648,-37.051361769692015,100 174.86535187155457,-37.0513748591482,100 174.86534350816703,-37.05138852375745,100 174.86533532202742,-37.051402309056826,100 174.8653266431232,-37.0514158091825,100 174.86531685270722,-37.05142859943805,100 174.86530524856502,-37.0514402447227,100 174.86530021598998,-37.051444404975946,100 174.86529415199894,-37.051450162336764,100 174.86528393812804,-37.05146265100409,100 174.86527555406448,-37.051476160909694,100 174.8652683466569,-37.05149028592456,100 174.8652616810687,-37.05150458718451,100 174.8652613676206,-37.051505150020965,100 174.86525693267393,-37.051513511761094,100 174.86525387839643,-37.05151910912102,100 174.8652475286893,-37.051533590179226,100 174.86524414481013,-37.051543637949585,100 174.86524061958855,-37.05155879833133,100 174.865238557567,-37.05157424394601,100 174.86523764129495,-37.05158977699323,100 174.86523740850217,-37.05159335882774,100 174.86523709732657,-37.0516088508126,100 174.86523772174465,-37.05162434340499,100 174.86523900554678,-37.05163985356718,100 174.86523927443824,-37.05164344193222,100 174.86524092018814,-37.05165890043532,100 174.86524301516653,-37.05167433564961,100 174.86524538776715,-37.05168976559616,100 174.86524715200156,-37.051698718432625,100 174.86525049427274,-37.05171411690487,100 174.86525390396707,-37.05172951341525,100 174.86525686480897,-37.05174490256409,100 174.8652589403088,-37.05176027679557,100 174.8652596306108,-37.051775658392216,100 174.8652583013378,-37.05179062740987,100 174.86525610026177,-37.051806042764454,100 174.86525384677304,-37.051821476068056,100 174.86525372779212,-37.05182474606422,100 174.86525321246282,-37.05184039628356,100 174.8652507809482,-37.05185563139642,100 174.8652507655871,-37.05185569292664,100 174.86524446908214,-37.05187018937099,100 174.8652359753261,-37.05188413542685,100 174.86523465602676,-37.051886605016634,100 174.86522633647607,-37.051900593397136,100 174.86521613426984,-37.051913515401935,100 174.86521126851386,-37.05191810655466,100 174.86519743427192,-37.051928644050385,100 174.8651825788789,-37.05193858021173,100 174.86518179896416,-37.05193919725192,100 174.86516789502218,-37.051949735840424,100 174.86515409753338,-37.05196035116651,100 174.86514040720348,-37.05197107206081,100 174.86512982454468,-37.05197947820427,100 174.8651269795507,-37.05198191230104,100 174.8651184782668,-37.05198916719323,100 174.86510568013287,-37.052000229165756,100 174.86509302365118,-37.05201138174347,100 174.8650805091975,-37.052022686209064,100 174.86506820496413,-37.052034080201636,100 174.8650560967368,-37.05204567210111,100 174.86504912609428,-37.05205187903712,100 174.8650377047612,-37.05206387743593,100 174.86503501183682,-37.05206747091872,100 174.86502833976914,-37.05207765241111,100 174.86502069268266,-37.05209155178902,100 174.86501836107536,-37.0520956650491,100 174.86501095870284,-37.05210963899142,100 174.86500467367873,-37.052123918028705,100 174.86500240615763,-37.05213492164373,100 174.86499669138507,-37.052149160167374,100 174.86499040306384,-37.05215558710364,100 174.86498272856963,-37.052165243575395,100 174.86497459324355,-37.05217899740665,100 174.86496808454027,-37.052193326827194,100 174.86496718928333,-37.05219547969757,100 174.86496604422368,-37.052197993412186,100 174.86495790734753,-37.052211684175454,100 174.864947299196,-37.05222433403852,100 174.86493493165744,-37.052235946227036,100 174.86492741176062,-37.05224231771855,100 174.8649134802827,-37.0522524700518,100 174.86489898517345,-37.05226224458744,100 174.86489697727094,-37.05226359566897,100 174.86488235546574,-37.05227320184861,100 174.86486805258792,-37.05228306619197,100 174.8648575464069,-37.052291751414245,100 174.86485493731226,-37.052293946555125,100 174.86485087096042,-37.05229798344001,100 174.86484362827704,-37.05230433344253,100 174.8648295698721,-37.05231490596653,100 174.86481538800442,-37.05232475307871,100 174.8648007078408,-37.05233477837068,100 174.86478689297354,-37.05234537770463,100 174.86478302429313,-37.05234903743832,100 174.86477162729923,-37.052361344576205,100 174.86476132420944,-37.052374377186545,100 174.8647516225887,-37.0523878636085,100 174.86474197342167,-37.05240137984923,100 174.8647358956291,-37.052409196876496,100 174.864725752169,-37.05242236577454,100 174.86471548728292,-37.052435489713176,100 174.8647049915598,-37.05244846315762,100 174.86469419603367,-37.05246122500226,100 174.86468289047954,-37.052473685718184,100 174.86467091525526,-37.05248570901462,100 174.86466467329447,-37.05249191889227,100 174.86465201233108,-37.05250358343439,100 174.86463853732863,-37.05251460913192,100 174.8646286466033,-37.05252170287084,100 174.86462611898318,-37.05252433295647,100 174.86461625917735,-37.052537744342565,100 174.86460485839845,-37.052547325983824,100 174.8645895763161,-37.05255683615538,100 174.86457646786124,-37.05256409314284,100 174.86457359747195,-37.05256558306024,100 174.86456044414186,-37.052573120155444,100 174.86454551696087,-37.05258164772912,100 174.86453081988336,-37.05259038799607,100 174.86451661821494,-37.05259952155241,100 174.86450323020338,-37.05260927863512,100 174.86449093944864,-37.052619898137664,100 174.86449024682486,-37.052620544445354,100 174.86447929994165,-37.05263217841633,100 174.8644688675994,-37.052644252244704,100 174.8644632594984,-37.052650218709395,100 174.86445224443543,-37.05266191593971,100 174.8644413342831,-37.05267362684186,100 174.86443074189035,-37.052685548158976,100 174.8644207453236,-37.05269773861092,100 174.86441633698144,-37.05270383943371,100 174.86440772728494,-37.052716733630795,100 174.86439964447152,-37.052729882724776,100 174.86439179134314,-37.05274318142894,100 174.8643839026381,-37.052756450948884,100 174.8643757148584,-37.052769584566626,100 174.8643731178903,-37.05277347125227,100 174.86436433434332,-37.05278633843625,100 174.86435528731707,-37.052799053836125,100 174.86434594278074,-37.05281165133506,100 174.86434125599385,-37.05281901114615,100 174.8643322153977,-37.05283198962371,100 174.86432115598447,-37.052843300880255,100 174.86431825203815,-37.05284548802637,100 174.8643035117037,-37.052853888253146,100 174.86428713282183,-37.05286062879897,100 174.86427853790886,-37.05286438624548,100 174.8642618973059,-37.05287040355047,100 174.86425088239395,-37.05287305618398,100 174.8642442185063,-37.052875215006054,100 174.86423858889938,-37.05287648961472,100 174.86421920677662,-37.05287979742912,100 174.86421608849295,-37.0528803944382,100 174.8641968758421,-37.052884194400384,100 174.86417752701863,-37.052887438593366,100 174.864171207861,-37.052888198578096,100 174.86415152332512,-37.052889901407795,100 174.86413173786121,-37.05289106413752,100 174.86412580525246,-37.052891398937966,100 174.86410598037796,-37.052892375713135,100 174.86408630815922,-37.05289389266999,100 174.864066930012,-37.052896674036134,100 174.86404765695593,-37.05290016577675,100 174.86403138799145,-37.052903265098095,100 174.86402850869317,-37.05290374838701,100 174.86401549726565,-37.052905599575084,100 174.863997049366,-37.05290820858069,100 174.86397860302986,-37.05291083558491,100 174.86397302873675,-37.05291161359495,100 174.86395454411374,-37.05291414656038,100 174.86393606290588,-37.052916773204785,100 174.8639176525359,-37.0529194915672,100 174.86389926583655,-37.05292244209095,100 174.8638809923595,-37.05292569997938,100 174.86386349385793,-37.05292947114506,100 174.86384548510995,-37.05293357569765,100 174.8638274752358,-37.052937634298765,100 174.86381026405255,-37.052941153082834,100 174.8638092644577,-37.052941340941075,100 174.863796406047,-37.052942414579796,100 174.86377754243944,-37.052945682627936,100 174.86376839995268,-37.05294903043854,100 174.8637518903882,-37.05295351159532,100 174.86373294515838,-37.05295693684457,100 174.86371375730232,-37.05295968361722,100 174.86369624293923,-37.052961565876295,100 174.8636769763292,-37.05296398941148,100 174.86365859709898,-37.05296848731819,100 174.86365264510323,-37.05297069620887,100 174.86363677889807,-37.05297522942962,100 174.8636181498728,-37.052980135039256,100 174.8636013188185,-37.05298747204894,100 174.86359703358875,-37.052990426260784,100 174.86359539533558,-37.05299135240602,100 174.863594319411,-37.0529919137001,100 174.8635786688162,-37.052998687769865,100 174.86356207626446,-37.05300396064731,100 174.86354915585216,-37.05300723531455,100 174.86353186736469,-37.05301044522493,100 174.86351432280733,-37.05301311657199,100 174.86349681465967,-37.05301589730335,100 174.86347964203455,-37.05301952268894,100 174.86346961284758,-37.0530221119926,100 174.86345321629088,-37.053027582765885,100 174.86343952777543,-37.05303388975708,100 174.8634251710123,-37.05304239200539,100 174.86341872084782,-37.053046669992206,100 174.86341742464396,-37.05304742041428,100 174.86340132540477,-37.053053645406145,100 174.86338600636435,-37.05305599965845,100 174.86338349692178,-37.05305670875548,100 174.86337791238594,-37.05305711466043,100 174.86335881580746,-37.05305941109287,100 174.86335301944413,-37.05306223671864,100 174.86333882685184,-37.05306655523188,100 174.86331943196961,-37.05306870132073,100 174.8632995608601,-37.05306926138468,100 174.8632844002332,-37.053069770871375,100 174.86326550402336,-37.05307180005895,100 174.86324642409522,-37.053074731630474,100 174.86322729872018,-37.05307727635261,100 174.86320906085524,-37.053077992805,100 174.86318963805843,-37.05307784819859,100 174.8631701645506,-37.05307710141387,100 174.86315609689316,-37.053076367039594,100 174.86315064455744,-37.053076522998616,100 174.86313754884546,-37.053077182990855,100 174.8631180100841,-37.05307786038041,100 174.8630984427613,-37.05307810558991,100 174.86309236127093,-37.05307805511735,100 174.86309152947138,-37.05307802311952,100 174.86307251926098,-37.05307516089231,100 174.86305433738028,-37.053068969755074,100 174.86303690692077,-37.05306044325113,100 174.86302024197835,-37.053050709590934,100 174.86300505636083,-37.053042563318506,100 174.86298931132194,-37.0530329233595,100 174.86297413560987,-37.05302256062283,100 174.86295929629372,-37.05301179061861,100 174.8629446749683,-37.05300078375063,100 174.86294273605043,-37.052999531653526,100 174.8629327728462,-37.05299171342852,100 174.8629189544957,-37.05298089313185,100 174.86290518560932,-37.05297002609005,100 174.86289151864437,-37.052959096157004,100 174.86287798877842,-37.05294807033322,100 174.86286464586817,-37.052936918092655,100 174.86285155731508,-37.05292559060755,100 174.86283872574174,-37.05291410315894,100 174.86282625083948,-37.052902393793715,100 174.86281415054955,-37.05289046042758,100 174.86280254704425,-37.05287828672077,100 174.86279218571192,-37.05286655587037,100 174.86279168385124,-37.05286594455783,100 174.86278725791354,-37.05286043140417,100 174.86277925063564,-37.05284996055256,100 174.86277153408017,-37.05283933010985,100 174.8627640393251,-37.05282857270425,100 174.8627567150365,-37.05281775043071,100 174.8627523498842,-37.05281127372901,100 174.86274516383946,-37.05280040241556,100 174.86273809688385,-37.05278948056077,100 174.86273097980933,-37.05277857842006,100 174.86272374279014,-37.05276773764883,100 174.86271704456146,-37.052758282730785,100 174.86270927706568,-37.05274768372805,100 174.8627014410466,-37.0527371335701,100 174.86269350273793,-37.05272663098464,100 174.8626855659293,-37.05271618966367,100 174.86267764525715,-37.052705718345685,100 174.8626697931127,-37.052695198181745,100 174.86266460238667,-37.05268636762057,100 174.862657787957,-37.052675148870776,100 174.86265012466436,-37.05266457977285,100 174.86264086399802,-37.0526551371551,100 174.86264031913365,-37.052654836565615,100 174.86263531357235,-37.05264778407021,100 174.86263032408095,-37.05264065290879,100 174.86262533307064,-37.052633459581074,100 174.86262035934098,-37.0526262831065,100 174.86261536797943,-37.05261912132946,100 174.86261037924075,-37.052612020799614,100 174.86260535869695,-37.052604999182456,100 174.86260030557568,-37.05259811687743,100 174.86259522404205,-37.052591406266004,100 174.8625900777284,-37.05258489766239,100 174.86258493441116,-37.05257851158874,100 174.86257977467417,-37.052572143798784,100 174.86257458231628,-37.05256586755254,100 174.86256937541083,-37.05255968617138,100 174.86256415576466,-37.05255362756732,100 174.8625588706107,-37.052547787205924,100 174.86255353978584,-37.052542148552185,100 174.86254812998547,-37.052536775220375,100 174.86254265879748,-37.052531696677285,100 174.86253707457968,-37.052526962404336,100 174.86253141623257,-37.052522645697444,100 174.86252562984444,-37.05251874920587,100 174.86251974838947,-37.05251519580099,100 174.8625138231574,-37.052511921586046,100 174.86250783391634,-37.05250883494582,100 174.86250179523608,-37.052505887882425,100 174.86249575845122,-37.05250297233458,100 174.86248975538905,-37.052500056256804,100 174.86248375041203,-37.05249701582895,100 174.86247779185624,-37.052493804325415,100 174.86247332804047,-37.0524927198574,100 174.86246893618605,-37.052491727093354,100 174.86246458107217,-37.05249081126425,100 174.86246022595844,-37.052489895434974,100 174.86245587082274,-37.05248897870459,100 174.86245146060912,-37.05248797090605,100 174.86244696115568,-37.05248680858331,100 174.8624423871415,-37.052485494209726,100 174.86243765119872,-37.052483949842646,100 174.86243278705055,-37.05248212898598,100 174.86242767065318,-37.052479971397766,100 174.86242230277833,-37.05247746264498,100 174.86241677297522,-37.05247472389859,100 174.86241111573696,-37.05247178616253,100 174.86240540450203,-37.0524687095721,100 174.86239970900465,-37.05246563273427,100 174.86239411881752,-37.05246258578801,100 174.8623886522774,-37.05245962883269,100 174.86238339822836,-37.05245685420875,100 174.8623784282571,-37.05245433830411,100 174.8623737415927,-37.0524520495853,100 174.86236926739815,-37.0524498963305,100 174.8623649682265,-37.05244786470692,100 174.86236079422204,-37.05244593927404,100 174.86235672435947,-37.05244404194864,100 174.8623527092446,-37.05244222217675,100 174.86234872783012,-37.052440400974234,100 174.86234474606348,-37.05243856535625,100 174.86234071331728,-37.052436714315206,100 174.86233659027175,-37.05243480340339,100 174.86233000061637,-37.05243259323628,100 174.8623175200508,-37.05243095056116,100 174.8623000909876,-37.05242891240639,100 174.8622816261303,-37.05243087157093,100 174.8622775305644,-37.05243252307781,100 174.86226878528961,-37.05243454773144,100 174.86224985276695,-37.052434580037556,100 174.86223041937333,-37.0524333971368,100 174.86222972848475,-37.0524334710766,100 174.86221115358802,-37.052435851064125,100 174.8621925476323,-37.05243834059418,100 174.86218569443062,-37.05243859781939,100 174.86216668328112,-37.05243890984958,100 174.86214806808746,-37.052440423406125,100 174.86214138906527,-37.0524420100203,100 174.86212401468688,-37.05244777626847,100 174.8621067194881,-37.052453975699116,100 174.8621054175993,-37.05245449365993,100 174.8621047458396,-37.05245466013289,100 174.8620882356649,-37.05245971429663,100 174.86208271919608,-37.05245945300819,100 174.86206500718765,-37.05245393572371,100 174.8620632546404,-37.052453176402445,100 174.86205405964805,-37.05245009771093,100 174.86203601610816,-37.05244642879287,100 174.86201764414733,-37.05244344731511,100 174.86200805979522,-37.05244003494174,100 174.8619907788842,-37.05243384391307,100 174.86197291675938,-37.05243051192843,100 174.8619685150393,-37.05243044944573,100 174.86196338434112,-37.05242968457557,100 174.86194753812106,-37.05242205957456,100 174.8619334572395,-37.05241051773158,100 174.86192292052084,-37.05240259936514,100 174.86190982707413,-37.052391706277405,100 174.8619001749838,-37.05238381908571,100 174.8618962839794,-37.05238081934609,100 174.86189339326194,-37.05237894855776,100 174.8618773049695,-37.0523694237946,100 174.8618610128666,-37.052360071673924,100 174.86184534860976,-37.05235018243182,100 174.86183621388204,-37.052343494859244,100 174.861822134507,-37.0523320133662,100 174.8618089710763,-37.05231981988334,100 174.86179677756627,-37.052306960431395,100 174.86179459970742,-37.05230453406234,100 174.86178352188713,-37.052291313697516,100 174.8617731266364,-37.05227767883235,100 174.8617700107366,-37.052272574995115,100 174.86176182611956,-37.05225741557072,100 174.86175352310025,-37.052242380581674,100 174.86174343848128,-37.05222871019296,100 174.86172997444046,-37.05221755882013,100 174.86172809218021,-37.0522164608373,100 174.86171478336576,-37.05220724392712,100 174.86170210229676,-37.0521955529974,100 174.86169120402351,-37.05218254611767,100 174.8616816992997,-37.05216853854583,100 174.86167319557546,-37.05215375636232,100 174.86166533730594,-37.052138467427866,100 174.8616576989212,-37.05212301911567,100 174.86164994140893,-37.05210761954069,100 174.86164165678832,-37.05209259957636,100 174.86163775065197,-37.05208709263896,100 174.86162783422733,-37.05207326277258,100 174.86161776572402,-37.0520595137059,100 174.8616075087963,-37.052045876653715,100 174.86159692630642,-37.05203239973511,100 174.86159232585666,-37.052026826182555,100 174.86158652696508,-37.05201859457006,100 174.8615814084833,-37.052010550563764,100 174.86157182871383,-37.051995678908824,100 174.8615619245065,-37.05198096736981,100 174.86155147408414,-37.051966589774146,100 174.8615402954289,-37.05195278241634,100 174.86152821809526,-37.051939748962276,100 174.86151498925037,-37.05192768085132,100 174.86150078360964,-37.051917285567946,100 174.86149308885695,-37.0519139336226,100 174.86147706145596,-37.05190795357516,100 174.86146101490712,-37.05190188009048,100 174.86144591220872,-37.051894211804104,100 174.86143817158057,-37.05188852169238,100 174.86142402985766,-37.051877289887884,100 174.86141054439761,-37.05186530330463,100 174.86139794342418,-37.05185274402932,100 174.8613871134251,-37.05183971982472,100 174.86137630090764,-37.051826030182625,100 174.8613646076978,-37.05181306819432,100 174.86135223265842,-37.051803772593395,100 174.86133639208498,-37.05179379321401,100 174.86132029940754,-37.05178408096975,100 174.8613093605628,-37.051776634831356,100 174.8613051944122,-37.05177438386646,100 174.86130044224532,-37.05177028541314,100 174.86128960474818,-37.051758886367224,100 174.86128000314423,-37.05174643142474,100 174.86127116493617,-37.0517333723441,100 174.86126258262655,-37.05172015512374,100 174.86125371228582,-37.05170720740631,100 174.86124404773895,-37.05169498328092,100 174.86123306387802,-37.05168394434403,100 174.86122213751506,-37.051676962172685,100 174.86120743051478,-37.05166919390927,100 174.86119182785134,-37.05166227701114,100 174.86117553254638,-37.0516560063998,100 174.86115878099304,-37.05165011608588,100 174.86114186051623,-37.051644445634665,100 174.86112499175044,-37.051638728403006,100 174.86112033409577,-37.05163688712596,100 174.86110424486094,-37.05163053575873,100 174.8610881406604,-37.05162426213623,100 174.86107201924767,-37.05161802032724,100 174.86105586336737,-37.051611748412576,100 174.86103975765437,-37.05160545858365,100 174.86102370253028,-37.0515990760257,100 174.86101887294265,-37.051597239245176,100 174.86100271592485,-37.051590966439676,100 174.8609866263569,-37.05158460064057,100 174.86097077087297,-37.0515779202163,100 174.86095521654477,-37.051570862825905,100 174.860943801203,-37.05156697075968,100 174.86092533502924,-37.051560489923865,100 174.86090845617915,-37.05155311532163,100 174.86089503712068,-37.05154425606069,100 174.8608869454324,-37.05153321316967,100 174.86088674308576,-37.05152630965436,100 174.86088923474787,-37.05151133775824,100 174.86089009011775,-37.05149608329103,100 174.86088831742896,-37.05148878891472,100 174.86088690310845,-37.05148060563762,100 174.86088571061876,-37.05146585107963,100 174.86088557096053,-37.05145097094403,100 174.8608857254104,-37.051436069970144,100 174.86088514176691,-37.051424650596836,100 174.86088443335476,-37.05140982625315,100 174.8608837245671,-37.051395032559654,100 174.86088303191457,-37.051380208869915,100 174.86088237558445,-37.05136539903108,100 174.8608817988367,-37.05135297279314,100 174.8608811421332,-37.05133814763792,100 174.86088053638682,-37.051323337005265,100 174.86088001794332,-37.05130850968055,100 174.8608796066764,-37.05129383479707,100 174.86087931683008,-37.05127915890967,100 174.86088095178303,-37.051273585731494,100 174.86088627972578,-37.0512552200868,100 174.8608875086018,-37.05123969657774,100 174.8608792124664,-37.051230686629275,100 174.86087335087416,-37.0512297808586,100 174.86086766111242,-37.05122822165021,100 174.8608563467902,-37.05122164931488,100 174.86084824521993,-37.05120633259287,100 174.860847732769,-37.05120335281152,100 174.860848289064,-37.05119956401503,100 174.8608483021401,-37.051199408785614,100 174.86084893417964,-37.051195820692705,100 174.86084894723376,-37.05119566456233,100 174.8608499756365,-37.05119011892764,100 174.8608506642346,-37.05118479493756,100 174.86085097822627,-37.05117969494073,100 174.8608513342151,-37.05117488720866,100 174.8608512073306,-37.05117208614486,100 174.86085164053176,-37.05114175588397,100 174.86084556742918,-37.05112974936817,100 174.86082880220354,-37.051129186826536,100 174.86081116270907,-37.05112961501323,100 174.86080834597,-37.051129849383365,100 174.86079979947917,-37.051128958696204,100 174.86078214025693,-37.05112996041731,100 174.8607765987614,-37.05113129476717,100 174.86077469103876,-37.051131869086525,100 174.8607586883359,-37.051138402252704,100 174.86075524201306,-37.05113974699147,100 174.86074582270479,-37.051143083589814,100 174.86072892036577,-37.05114777327985,100 174.86071157719257,-37.05115149467319,100 174.86069410168224,-37.05115481615879,100 174.86068166798538,-37.05115752316615,100 174.8606643536226,-37.051161043109886,100 174.86064700025398,-37.05116439331663,100 174.86062959328495,-37.05116766684966,100 174.8606122031752,-37.05117094011564,100 174.86059483291885,-37.051174289678436,100 174.86057970576138,-37.051177352584766,100 174.8605774488562,-37.051177810703024,100 174.86057689925212,-37.0511779599287,100 174.86055923418292,-37.051183281657586,100 174.86054154946447,-37.051187798827826,100 174.86052373236066,-37.0511900260567,100 174.86050608174284,-37.05118940074853,100 174.86048786600705,-37.051186401255684,100 174.86048777756056,-37.05118637109755,100 174.8604708091664,-37.051180159616386,100 174.8604540695754,-37.05117346324723,100 174.8604365157378,-37.051169985586455,100 174.86043211635746,-37.05116996987688,100 174.86042693889794,-37.051170693725,100 174.86041140552817,-37.051178627318855,100 174.86039840255214,-37.0511910863211,100 174.86039117387134,-37.05119931054796,100 174.86038135837518,-37.05121244239322,100 174.86037014722598,-37.05122390979107,100 174.86036692204408,-37.05122574586553,100 174.86035054375827,-37.05123186666372,100 174.8603321661169,-37.05123577637791,100 174.86031332527526,-37.051239183217064,100 174.8603014751288,-37.05124105994347,100 174.86028296891067,-37.05124472380837,100 174.8602671141898,-37.051251609701325,100 174.86025506934405,-37.051263013554674,100 174.86024357417276,-37.05126906675718,100 174.86023795965417,-37.05127418139439,100 174.86023006555044,-37.051287898680215,100 174.8602240957212,-37.05130300894159,100 174.860215935947,-37.051316530304106,100 174.86021226807773,-37.05131925659581,100 174.86019702701557,-37.05132774258289,100 174.86018051677254,-37.051335414768936,100 174.8601672230429,-37.05134287607045,100 174.86015209634076,-37.05135176314094,100 174.86013727318155,-37.051360969918,100 174.86012275356515,-37.05137049640173,100 174.86010862217228,-37.051380310619756,100 174.86009489813168,-37.05139045914001,100 174.86009352216493,-37.051391489279865,100 174.86007997723272,-37.05140183507871,100 174.8600669085944,-37.051412529420894,100 174.86005424843012,-37.05142360401459,100 174.86004201245936,-37.051434965779066,100 174.86003023363187,-37.051446628618564,100 174.86001959198845,-37.05145673870144,100 174.86000797507577,-37.05146858556926,100 174.8599972181097,-37.051480881318014,100 174.85998802545177,-37.05149332107619,100 174.85998767485046,-37.05149383761403,100 174.85998425814236,-37.051500772653895,100 174.85997684758382,-37.05151573695457,100 174.85997084989353,-37.05152528659577,100 174.85996044506572,-37.05153906396995,100 174.85995908986163,-37.05154085268047,100 174.85994726145591,-37.05155384841649,100 174.85993858951736,-37.05156058015903,100 174.8599219254833,-37.0515696021708,100 174.8599215680851,-37.05156984031216,100 174.8599035622302,-37.0515766391182,100 174.85989828647223,-37.05157499585865,100 174.85988927977638,-37.051573726565465,100 174.85986948951975,-37.05157597202272,100 174.85984978635807,-37.05158086414154,100 174.85984563816214,-37.05158183410299,100 174.8598387705698,-37.051582834993006,100 174.85981903413227,-37.05158258659142,100 174.85979905765132,-37.05158111888152,100 174.8597924524691,-37.051580938551005,100 174.85977280586073,-37.05158206682664,100 174.85976404425975,-37.05158480358134,100 174.85974617526978,-37.05159218876885,100 174.85974216722295,-37.051593234041114,100 174.85974208104386,-37.051593250714674,100 174.85972333857185,-37.05159645402657,100 174.85971192238017,-37.05159902059776,100 174.85969778513495,-37.051600859221494,100 174.85968437901175,-37.051601554341346,100 174.85966545462176,-37.05160380060812,100 174.85965539226527,-37.05160710213894,100 174.8596382945061,-37.05161157842644,100 174.85961979054792,-37.05161593886146,100 174.85960423796715,-37.05162055855792,100 174.8595864541045,-37.05162659493752,100 174.85956896298973,-37.051633245919994,100 174.85955176535344,-37.051640449304095,100 174.8595348375538,-37.05164806575853,100 174.85951816273231,-37.05165604958126,100 174.85950918050185,-37.051660851058585,100 174.8594930783341,-37.051669537929115,100 174.85947645221995,-37.05167739840505,100 174.8594600164957,-37.05168398325248,100 174.85944171531952,-37.051688820875555,100 174.85943714478714,-37.051689534263765,100 174.85943063621266,-37.051691008995036,100 174.8594131247997,-37.05169752057093,100 174.85939642230068,-37.05170575357056,100 174.85938899956076,-37.05170930391412,100 174.85937257318096,-37.05171751635791,100 174.8593570414404,-37.051723544433536,100 174.85934094776943,-37.05173188955628,100 174.8593374080854,-37.05173489411718,100 174.85932614564027,-37.05174772499383,100 174.85932246089283,-37.0517524343916,100 174.85931263962556,-37.051766031313555,100 174.85930152923967,-37.05177868855625,100 174.85929330154815,-37.05178515010689,100 174.85927805939653,-37.051794889708276,100 174.85927154091698,-37.051799230732605,100 174.859255979871,-37.05180871305118,100 174.85923949418486,-37.05181661635802,100 174.85923337358463,-37.05181901424065,100 174.85921531111848,-37.05182432758064,100 174.8591964015038,-37.051827781288836,100 174.8591769812609,-37.051829663914425,100 174.85915745772897,-37.05183021693018,100 174.85913862661963,-37.05183080505469,100 174.85911936324155,-37.05183013001525,100 174.85910027230605,-37.051828088596665,100 174.8590816097528,-37.051824616399614,100 174.85906278451444,-37.051820882667734,100 174.85904447417195,-37.05181566903235,100 174.85902722871194,-37.05180884159129,100 174.8590115648194,-37.05180023812296,100 174.8590087247535,-37.05179836556769,100 174.85899537706288,-37.051787631160224,100 174.85898329176703,-37.051775543033536,100 174.85897172979222,-37.05176296540633,100 174.85896179666722,-37.05175299225122,100 174.85895002235307,-37.051740883022944,100 174.85893819596194,-37.05172875928755,100 174.85892613205198,-37.051716855586804,100 174.85892421147454,-37.05171501458356,100 174.8589117400016,-37.051703366930745,100 174.8588989605703,-37.05169190977213,100 174.85888591141799,-37.051680689376106,100 174.85887255659645,-37.05166970720734,100 174.85885891180175,-37.051658915250584,100 174.85884632686665,-37.0516495298393,100 174.8588324468456,-37.0516390056483,100 174.85883005728093,-37.05163771457914,100 174.85880916208856,-37.051626567577365,100 174.8588046533303,-37.0516153863656,100 174.85880695948137,-37.05161353499436,100 174.8588073728553,-37.05161213419814,100 174.85878893679822,-37.051603562431374,100 174.85878715558908,-37.05160171834016,100 174.85878219183195,-37.051597468075975,100 174.85876739663755,-37.05158768737559,100 174.85875839383988,-37.051581414796644,100 174.8587430209883,-37.05157399825404,100 174.8587259100885,-37.051567013634674,100 174.8587116189916,-37.05155987305777,100 174.8586966413854,-37.05155040435442,100 174.85869020491776,-37.05154483242152,100 174.85867785035464,-37.05153304230735,100 174.85866432775802,-37.05152227905657,100 174.85864908124998,-37.051513126412445,100 174.85863375142495,-37.05150728826563,100 174.85861563075642,-37.051502055366456,100 174.85859995487453,-37.05149692024782,100 174.85858218860182,-37.05149132577446,100 174.8585796083507,-37.051490053911884,100 174.85856103622413,-37.051480880367535,100 174.8585436965123,-37.051480233671896,100 174.85854048965427,-37.051482085633545,100 174.85853832906216,-37.051482897317655,100 174.8585208899851,-37.051479836680976,100 174.85850249838435,-37.05147027273758,100 174.85850209670477,-37.05147017087571,100 174.85847916353427,-37.05146762444854,100 174.85846692280288,-37.05146524755007,100 174.85845280385837,-37.05145290011398,100 174.85844012549987,-37.05145231284987,100 174.85842098775257,-37.05145175920562,100 174.85841916833766,-37.051451759775475,100 174.85840849180133,-37.0514508590312,100 174.85839049934958,-37.05144590259102,100 174.85837356819394,-37.051437847959335,100 174.85835775247355,-37.05142813096694,100 174.85834876381756,-37.05142298927112,100 174.85833419086484,-37.05141309597512,100 174.8583204585178,-37.05140225935985,100 174.85830745557746,-37.05139085340658,100 174.85830468702213,-37.051388361418816,100 174.85829238537087,-37.051376616400596,100 174.8582803890456,-37.0513646187383,100 174.85826808667684,-37.05135284398563,100 174.8582665630093,-37.051351553758174,100 174.85825310680653,-37.051340696584454,100 174.85823915872842,-37.05133018871034,100 174.85822507353387,-37.051319775817234,100 174.85821109176015,-37.05130931533546,100 174.85820335345903,-37.05130237125782,100 174.8581906887878,-37.05129063281768,100 174.85817788966236,-37.05127905240838,100 174.85816450203424,-37.05126814728194,100 174.85815012288387,-37.05125835998376,100 174.85814389449772,-37.051255415666766,100 174.85812677518857,-37.05124877268505,100 174.858109051265,-37.05124278991512,100 174.85809142396485,-37.05123657309222,100 174.85807468368233,-37.05122919500951,100 174.85806977973547,-37.051225873022005,100 174.85805443745718,-37.05121703004584,100 174.85805143769122,-37.0512162613626,100 174.85803346086223,-37.05121636905035,100 174.85801406072108,-37.05122091542414,100 174.8579942889722,-37.051225809210806,100 174.85798803314862,-37.05122635065851,100 174.85796888600763,-37.05122743836253,100 174.85794968101382,-37.051227629270855,100 174.85793378729784,-37.051227252756014,100 174.85793105229655,-37.051227980593374,100 174.85791560818245,-37.051227596131376,100 174.85791521066074,-37.05122761858234,100 174.85789605210044,-37.05122759244153,100 174.85788687251292,-37.05122504044388,100 174.85788297501412,-37.05122633087895,100 174.8578767542596,-37.051228218319835,100 174.85787397621306,-37.05123312978286,100 174.85786950810734,-37.05123250937837,100 174.85786220430813,-37.05122885634326,100 174.85785143539903,-37.05122453474339,100 174.85783455839749,-37.051217220958165,100 174.85782945556517,-37.051214227446934,100 174.85781565589556,-37.051203484660476,100 174.85781060201137,-37.051197794580816,100 174.85780049694432,-37.05118463430272,100 174.8577966299586,-37.05118058132574,100 174.8577843430385,-37.051168744089274,100 174.8577812154869,-37.05116577821862,100 174.8577781194178,-37.051160783018965,100 174.85777156413252,-37.051146275563454,100 174.85776978902163,-37.05114468012082,100 174.85775302212673,-37.051136946393676,100 174.8577492472963,-37.05113699560952,100 174.85773017672432,-37.05113638041302,100 174.85772795224088,-37.05113415658932,100 174.85771249322374,-37.05112997784334,100 174.85770734786925,-37.05112800707172,100 174.85769123652372,-37.05111953391206,100 174.857679811132,-37.05111268360529,100 174.85766508247505,-37.05110280888716,100 174.85765245221532,-37.051094275787875,100 174.85764399525266,-37.05108248129438,100 174.857641516832,-37.05107855888283,100 174.85763386312598,-37.05106442734321,100 174.85762903251387,-37.051054149724926,100 174.85762863452382,-37.05105157011692,100 174.85762609179253,-37.051042011955666,100 174.85762433837667,-37.05103798535344,100 174.85762180146747,-37.051027328410996,100 174.85762181467817,-37.051025887018604,100 174.85761981256272,-37.051011936445576,100 174.85762178242092,-37.051004639276506,100 174.85762095902987,-37.050999139796744,100 174.8576176120419,-37.050984082757005,100 174.85762184080366,-37.05097899174992,100 174.8576129182635,-37.05096793280006,100 174.85761389362895,-37.05096426093146,100 174.85761267473023,-37.0509595121238,100 174.8576113411023,-37.05095434690795,100 174.85761468630767,-37.050946638833274,100 174.85761804210546,-37.05093742811841,100 174.8576199237113,-37.050935228305825,100 174.85762375567282,-37.05092566943955,100 174.85762714191745,-37.050914986417695,100 174.85763054074243,-37.05090541901333,100 174.85763332533452,-37.0509013754092,100 174.85763584323513,-37.05088934501878,100 174.85763747727285,-37.050885661931666,100 174.8576453267743,-37.05087152730614,100 174.85764541700868,-37.05086909417389,100 174.85764978719013,-37.050854399356496,100 174.85765116292745,-37.05085405063427,100 174.85765096924356,-37.0508416327941,100 174.85764529612595,-37.05082770006418,100 174.85764429706933,-37.05082468102137,100 174.85763972305085,-37.05080975316039,100 174.85763492998635,-37.05079764800989,100 174.8576324716083,-37.05078412368961,100 174.8576324517124,-37.050784045587775,100 174.85763048347866,-37.050768763257246,100 174.8576281975185,-37.05075128762215,100 174.85762844011052,-37.05073771558787,100 174.8576323079766,-37.05072561718464,100 174.85763250787014,-37.050724683907646,100 174.85763936066056,-37.05071020978021,100 174.85764211828433,-37.050708381102865,100 174.85764411712634,-37.050706055073604,100 174.85764516074653,-37.05069005499697,100 174.85764549263396,-37.05068757121173,100 174.85764986588475,-37.050677522569536,100 174.85765174395218,-37.05067457833455,100 174.85765508931885,-37.05066364899457,100 174.85765510391712,-37.05066355593158,100 174.85765447541058,-37.05064783170735,100 174.85765407117617,-37.05064375062412,100 174.85765231753896,-37.05062804582584,100 174.85765224421937,-37.050626606690024,100 174.85765208067954,-37.0506108129927,100 174.8576515545826,-37.05060408578624,100 174.85764933298688,-37.05058841986328,100 174.85764874077853,-37.050585069076874,100 174.85764308855386,-37.05057060875583,100 174.85763604651157,-37.05055734910957,100 174.85763597948758,-37.05055547634774,100 174.85763263905656,-37.05054133312708,100 174.85763204684937,-37.050537982340536,100 174.8576268536529,-37.0505239005869,100 174.85762489929797,-37.05051495240485,100 174.8576221599417,-37.050499311715626,100 174.85762161702888,-37.05049715258249,100 174.85761682528772,-37.0504818721146,100 174.85761437636873,-37.050475146183395,100 174.8576133544574,-37.050471927408495,100 174.85761139791168,-37.05046551823469,100 174.85760791117613,-37.05045044715856,100 174.85760720859867,-37.050443583915026,100 174.8576069859264,-37.05042817780284,100 174.85760705112082,-37.05042605511134,100 174.85760741857018,-37.05041068572255,100 174.8576065298034,-37.050404026386126,100 174.85760378453392,-37.05038883463829,100 174.85760350943994,-37.05038631439366,100 174.85760285477963,-37.05037094659319,100 174.85760338520674,-37.050359679191466,100 174.85760416892788,-37.05034431860465,100 174.85760424944556,-37.05034213258181,100 174.8576032497656,-37.05032681885571,100 174.8576000345983,-37.050319934579164,100 174.8575928455724,-37.05030571824384,100 174.85759238087638,-37.05029223840421,100 174.85759238340074,-37.050289712909915,100 174.85759192060095,-37.050274373649685,100 174.8575918523035,-37.050273786167686,100 174.8575883322524,-37.05025877780222,100 174.85758753535876,-37.05025680921687,100 174.85758249947622,-37.05024212202378,100 174.85758250831458,-37.05023920977099,100 174.8575744036875,-37.050227656708586,100 174.85757357166392,-37.050219865345944,100 174.85757353934187,-37.05020442560735,100 174.85756678577795,-37.050192849580405,100 174.8575667979515,-37.05017905042002,100 174.85756456294405,-37.05016998225208,100 174.85755916682587,-37.05016058234347,100 174.8575582801157,-37.050150778323214,100 174.8575582427643,-37.05014938459038,100 174.85755875114356,-37.05013407608498,100 174.85755867581582,-37.0501319087265,100 174.85755741911314,-37.050116660313705,100 174.85755740692892,-37.05011556091322,100 174.85755609777024,-37.050100328644135,100 174.85754934765345,-37.050086956262255,100 174.85754349954217,-37.050076819855946,100 174.8575453115302,-37.05006881312949,100 174.85754430040882,-37.050052429732965,100 174.8575406673582,-37.05004030370398,100 174.85753644444407,-37.050008086924436,100 174.85753240859512,-37.0499828514224,100 174.85753684150345,-37.049960813599526,100 174.85753623083033,-37.049956751070845,100 174.8575341431368,-37.049941548119534,100 174.85753210864758,-37.04992635965701,100 174.85753010788048,-37.04991117066623,100 174.85752810784302,-37.04989596544046,100 174.85752794170205,-37.0498949621869,100 174.85752556175805,-37.049879809779064,100 174.8575232496568,-37.04986462656553,100 174.85752102483247,-37.049849471728,100 174.8575189371458,-37.04983426877598,100 174.85751707537008,-37.04981906138433,100 174.85751552495404,-37.049803849116046,100 174.8575151927175,-37.04979792373652,100 174.85751474790314,-37.04978258329163,100 174.85751461371905,-37.049767254205065,100 174.85751456683678,-37.04975190842894,100 174.8575143985146,-37.04973656275219,100 174.857513902387,-37.04972128530083,100 174.85751290608104,-37.04970606255111,100 174.85751116724424,-37.04969091632485,100 174.85751052901153,-37.049687798794515,100 174.85750706372698,-37.04967286707921,100 174.85750290607723,-37.049657993976716,100 174.85749828309605,-37.049643175029864,100 174.85749338324848,-37.049628391964696,100 174.85748845005526,-37.0496136247437,100 174.85748365474709,-37.04959884004073,100 174.85747922096706,-37.04958398658402,100 174.85747656265096,-37.049570744792995,100 174.85747397632093,-37.04955565870682,100 174.8574718219769,-37.049540534309244,100 174.8574699943366,-37.049525342604845,100 174.85746849601742,-37.04951014484133,100 174.85746725581353,-37.04949487994393,100 174.85746618836015,-37.04947959792003,100 174.8574652587462,-37.049464296612506,100 174.8574644850221,-37.04944897844258,100 174.85746369404256,-37.04943364431937,100 174.857462953645,-37.049418309403926,100 174.85746211023215,-37.049402992325284,100 174.85746118137132,-37.049387675683576,100 174.85746007870318,-37.04937237888869,100 174.85745894188213,-37.049359048373724,100 174.85745869725753,-37.049357039592024,100 174.85745624541846,-37.04934179637414,100 174.85745360881342,-37.049326123423725,100 174.8574509020804,-37.049310433545415,100 174.85744805718053,-37.04929474943611,100 174.85744509119414,-37.04927907984135,100 174.8574420570604,-37.049263428438536,100 174.857438884317,-37.04924781075207,100 174.85743562575328,-37.04923217818604,100 174.85743226342493,-37.04921657879063,100 174.85742876211364,-37.0492009977952,100 174.85742517572908,-37.04918543255285,100 174.85742197338854,-37.04917192167784,100 174.85742160886787,-37.04916993009588,100 174.85741909938073,-37.04915707263123,100 174.85741604361263,-37.04914196325017,100 174.85741292154614,-37.049126901775125,100 174.85740969457294,-37.04911182662073,100 174.85740644961672,-37.04909675174785,100 174.85740317133633,-37.04908169362018,100 174.85739990989583,-37.049066634327346,100 174.85739792123874,-37.04905835183878,100 174.85739686326247,-37.04904793220256,100 174.85739349502828,-37.04903278174758,100 174.85739146111976,-37.04902278117976,100 174.85738867998967,-37.04900754401773,100 174.8573862963711,-37.04899228440672,100 174.8573843274577,-37.04897696963051,100 174.8573840200926,-37.04897390910737,100 174.85738269112883,-37.04895855366453,100 174.85738120629935,-37.0489432159848,100 174.85737818337998,-37.048933789714155,100 174.85737158363835,-37.04891827706879,100 174.85736465719927,-37.048902831729315,100 174.85735931413993,-37.0488876229709,100 174.85735761696807,-37.048872753689224,100 174.85736149147618,-37.04885834604572,100 174.8573628956476,-37.048855797698714,100 174.8573631193037,-37.0488492426132,100 174.85735456472398,-37.048834445572155,100 174.85734882297996,-37.048821194381084,100 174.85734867562667,-37.04881634857142,100 174.85735280478875,-37.04880108610853,100 174.85735386000508,-37.048797784328016,100 174.857358118426,-37.04878279654117,100 174.85735679155977,-37.04877080202942,100 174.8573521416357,-37.04875561215836,100 174.85734995415953,-37.048745723052065,100 174.85734613746124,-37.04873062558452,100 174.8573410083657,-37.048717597334914,100 174.85733415894273,-37.04870309625531,100 174.85732750170442,-37.04868863723078,100 174.8573223280848,-37.0486739665992,100 174.85732226546128,-37.04867356559806,100 174.85732068104107,-37.04865838540202,100 174.85732068435394,-37.048642974844086,100 174.8573212916481,-37.04862747821667,100 174.85732146544308,-37.04861200370015,100 174.85732175139714,-37.048610357045014,100 174.857324616267,-37.04858991115042,100 174.85732153106315,-37.04858401806575,100 174.85731883704872,-37.04857853525757,100 174.85731500996803,-37.04857468262739,100 174.85730789080674,-37.04856235430882,100 174.85730757711178,-37.04856166341418,100 174.857299899499,-37.04855050472088,100 174.85729289958974,-37.048538778407874,100 174.85728736841926,-37.04853208901812,100 174.85727678768828,-37.04851923176158,100 174.8572664459461,-37.04850626080235,100 174.8572643267576,-37.048503462990645,100 174.85725463539055,-37.048490187118915,100 174.85724516582243,-37.048476784294316,100 174.85723557635686,-37.04846344463514,100 174.8572342965737,-37.04846159266625,100 174.8572248078647,-37.04844814237046,100 174.8572148246759,-37.04843498012285,100 174.85720378543044,-37.04842245541034,100 174.85719349232872,-37.04841323220861,100 174.85718079875545,-37.04840171131483,100 174.857171766888,-37.04839108756259,100 174.85716238235955,-37.04837762030789,100 174.8571539726411,-37.048363688036915,100 174.85714729702687,-37.048353085971186,100 174.8571394028073,-37.048339035667794,100 174.85713264374573,-37.04832464041515,100 174.85712788437704,-37.04831316922764,100 174.85712298092056,-37.04829823117441,100 174.8571195790815,-37.04828308213638,100 174.85711840606834,-37.04827679858176,100 174.85711666131195,-37.048261450545546,100 174.85711650920393,-37.048246027998985,100 174.85712008096084,-37.04823128531062,100 174.8571197161261,-37.048216361812564,100 174.85711818640442,-37.04821421993063,100 174.85711353326639,-37.048179516851675,100 174.85711630356133,-37.04814453079123,100 174.8571155459757,-37.048115614378226,100 174.85711709512358,-37.04808870239895,100 174.85711193173887,-37.04807633983699,100 174.85710668366522,-37.048059533366,100 174.8571077245143,-37.048026621248525,100 174.85710603024341,-37.04801509755818,100 174.85710267863428,-37.047999886443584,100 174.85709841207205,-37.047984781588575,100 174.8570935753216,-37.04796976497636,100 174.85709094569305,-37.047961478096155,100 174.85708578413767,-37.04794660627165,100 174.85708017488994,-37.04793181987042,100 174.8570742903014,-37.04791708554932,100 174.85707044175757,-37.04790792095627,100 174.85706409298763,-37.04789333360501,100 174.85705765802268,-37.04787876202386,100 174.85705134297814,-37.047864174143726,100 174.85704542465444,-37.04784948541439,100 174.85704274081309,-37.047841741967176,100 174.85703797566072,-37.047826801743255,100 174.85703362373732,-37.04781174599098,100 174.85702947784313,-37.047796654565545,100 174.857025470252,-37.047781516810495,100 174.85702139330337,-37.047766393660794,100 174.85701712681188,-37.04775133657003,100 174.85701531555796,-37.0477457624195,100 174.85701030837836,-37.04773085662805,100 174.8570051464609,-37.04771596858132,100 174.8569999163982,-37.04770109872607,100 174.85699471968465,-37.0476862130262,100 174.85698959301305,-37.04767134065024,100 174.85698463792582,-37.047656403397426,100 174.85698196785637,-37.04764788641332,100 174.8569774079881,-37.047632878979414,100 174.85697295344906,-37.047617856376526,100 174.856968583568,-37.047602800902254,100 174.85696428337718,-37.0475877443366,100 174.85695998318823,-37.04757268777072,100 174.8569566047827,-37.04756297322663,100 174.85695296701644,-37.047552582258106,100 174.85695135598866,-37.04754807211628,100 174.85694645866417,-37.04753333584927,100 174.85694242377005,-37.04751850676417,100 174.85693968515426,-37.047503531200476,100 174.85693947049523,-37.047501366923306,100 174.85693871867392,-37.04748620342539,100 174.85693896900884,-37.04747095934282,100 174.8569395655372,-37.04745570983988,100 174.85693934267982,-37.04744481114607,100 174.85694023595872,-37.04742964983128,100 174.85694179762197,-37.047421336981294,100 174.8569426306351,-37.04740651730324,100 174.8569421534098,-37.04739127109227,100 174.85694252627852,-37.04737607195883,100 174.85694307512028,-37.04737137027142,100 174.85694353546282,-37.047363959746,100 174.85694273342776,-37.047348904289265,100 174.85694011359485,-37.04733386557662,100 174.85693633531136,-37.04731886122507,100 174.85693201867616,-37.047303867104844,100 174.85692778969303,-37.04728887071075,100 174.85692425195535,-37.04727381662594,100 174.8569220457224,-37.04725872366786,100 174.85692211266058,-37.047257963721144,100 174.8569240051092,-37.047242599290875,100 174.85692538055184,-37.0472273366909,100 174.8569241480658,-37.04721238170884,100 174.85691901210873,-37.0471997564266,100 174.8569126518194,-37.04718538465683,100 174.85691161758885,-37.04717971902358,100 174.85691121533023,-37.047164687951316,100 174.85691293694484,-37.047149419030106,100 174.85691524414958,-37.04713404810605,100 174.85691663797212,-37.04711880144165,100 174.85691521092457,-37.04711468859772,100 174.85690815933037,-37.0470997255793,100 174.85690125522083,-37.047088323109456,100 174.85689922328842,-37.04708490472743,100 174.85688985600322,-37.04707015191524,100 174.8568814463735,-37.04705556887637,100 174.8568754656251,-37.047041128971784,100 174.85687335286136,-37.04702691782747,100 174.85687652835287,-37.04701289428006,100 174.85688183901487,-37.04700357275943,100 174.85688265846028,-37.04700185466105,100 174.85688700432055,-37.04698754780597,100 174.85688783920935,-37.04697280470881,100 174.8568859289794,-37.046957722437014,100 174.8568820536559,-37.046942379809884,100 174.8568769112292,-37.046926903798905,100 174.8568713162159,-37.046911358262534,100 174.85686598273625,-37.046895886143446,100 174.8568658612299,-37.04689523730362,100 174.85686280757326,-37.04688015941337,100 174.85685965086157,-37.046865097557294,100 174.85685654477498,-37.0468500367111,100 174.8568536825749,-37.04683497114517,100 174.85685123434,-37.04681986665106,100 174.85684937545304,-37.0468047682522,100 174.856848276348,-37.0467896101889,100 174.8568483465636,-37.04678381640288,100 174.85684906564367,-37.046768611847845,100 174.85685016421664,-37.04675338422663,100 174.8568511077,-37.04673815993476,100 174.8568514116525,-37.04672294655669,100 174.8568513999689,-37.046722513211954,100 174.85685011053715,-37.046707342806066,100 174.8568482493885,-37.04669219757443,100 174.85684619943174,-37.04667705620001,100 174.85684442406398,-37.04666187807957,100 174.85684428934118,-37.04665814878634,100 174.85684414147656,-37.046642897416504,100 174.85684432177408,-37.046627639106305,100 174.8568443810756,-37.04661239891388,100 174.85684395747774,-37.04659718340648,100 174.85684254775722,-37.046582059948676,100 174.85684199386944,-37.04657884825774,100 174.8568388390868,-37.04656386478355,100 174.85683514782795,-37.04654892215523,100 174.85683150898112,-37.0465339615814,100 174.8568312660143,-37.0465326657035,100 174.85682874848195,-37.046517577615184,100 174.85682659477246,-37.04650246940992,100 174.85682468228728,-37.04648729343538,100 174.8568227694693,-37.046472149912944,100 174.85682070189281,-37.04645702323418,100 174.85681830577852,-37.04644193414582,100 174.85681762700722,-37.04643793486667,100 174.85681491917597,-37.04642283533614,100 174.8568118662987,-37.04640778807531,100 174.8568083998123,-37.04639279415751,100 174.85680436426838,-37.04637793442991,100 174.8567996918328,-37.04636319373093,100 174.85679024232354,-37.046351199287216,100 174.8567780621247,-37.04633553421615,100 174.8567717192002,-37.04632113242084,100 174.85677707620127,-37.04630905308694,100 174.85677846784398,-37.046307975872075,100 174.8567785163124,-37.04630655015009,100 174.85677591533175,-37.04630321908743,100 174.85676615633898,-37.046284152439746,100 174.8567628459351,-37.04627501005266,100 174.8567589297792,-37.046263942046785,100 174.85675368716065,-37.04624928868541,100 174.85674858240392,-37.04623457097547,100 174.85674389163205,-37.0462198152386,100 174.85673987446822,-37.0462049705426,100 174.85673675346575,-37.046189987436904,100 174.85673667960776,-37.0461898173452,100 174.85673454351718,-37.046174692637884,100 174.8567401914317,-37.04616827705845,100 174.8567376126972,-37.046156721238205,100 174.85673702145326,-37.04615405271691,100 174.85673580539242,-37.04614743003763,100 174.8567340408515,-37.046145570328775,100 174.8567297037908,-37.046135594082095,100 174.8567274105696,-37.0461172505702,100 174.85672526261047,-37.046112068344094,100 174.85672760301003,-37.046109550412595,100 174.85672241930905,-37.04609772982998,100 174.85672219556227,-37.046097130359634,100 174.8567180536173,-37.046082147913644,100 174.85671516857892,-37.046066880807146,100 174.8567129910894,-37.046057394410184,100 174.85671167964156,-37.04605174843583,100 174.85670972991898,-37.046046856931476,100 174.85670324616692,-37.0460323960473,100 174.85669700403452,-37.04601788361108,100 174.85669317519597,-37.04600684487977,100 174.85669071115632,-37.04599311962392,100 174.85668655464718,-37.045978231140175,100 174.85668173951933,-37.04597046155957,100 174.8566835084296,-37.045969270283294,100 174.85668942079525,-37.04596494069278,100 174.85669091128318,-37.045961090418544,100 174.85668577524464,-37.04594522583324,100 174.85668557652556,-37.04594426905421,100 174.85668234761383,-37.045929147933215,100 174.8566787226841,-37.04591406365592,100 174.85667483927946,-37.04589903119392,100 174.8566707655459,-37.04588403235558,100 174.8566691487075,-37.04587798917918,100 174.85666507460323,-37.04586297502421,100 174.85666081131606,-37.045847995376235,100 174.85665646260364,-37.04583306303189,100 174.856652043855,-37.045818117362806,100 174.85664759211318,-37.04580320195306,100 174.85664312203835,-37.0457882724092,100 174.8566413670673,-37.045782882136905,100 174.85663644852244,-37.04576800557969,100 174.85663151203983,-37.04575313110563,100 174.8566267486302,-37.045738253020694,100 174.85662229652547,-37.0457233222932,100 174.85661834457596,-37.045708336868216,100 174.85661503064023,-37.045693232397724,100 174.8566126694718,-37.04568072859999,100 174.85661035620052,-37.04566548318359,100 174.85660873374255,-37.04565016296053,100 174.8566078384993,-37.0456348313537,100 174.85660753861168,-37.04562686039915,100 174.856607525999,-37.045611527593984,100 174.85660822415738,-37.045596200787294,100 174.85660944265132,-37.0455808631314,100 174.85661109310328,-37.04556553313453,100 174.85661307327507,-37.045550214199714,100 174.85661519206846,-37.045534908417046,100 174.85661681669578,-37.04552442604325,100 174.85661947461432,-37.045509188432,100 174.85662227223426,-37.045493962153365,100 174.85662499906468,-37.04547873788409,100 174.85662745054202,-37.045463518826395,100 174.8566294325525,-37.04544827557199,100 174.8566307219083,-37.04543303144337,100 174.85663082583596,-37.04543175897625,100 174.85663181465168,-37.04541627079204,100 174.85663224748188,-37.04540071470023,100 174.85663197035527,-37.04538518594556,100 174.85663091622436,-37.04536974776763,100 174.8566289648638,-37.04535444981758,100 174.85662601471228,-37.045339369394824,100 174.8566219466905,-37.04532455703383,100 174.85661798354053,-37.0453143261677,100 174.85661128864868,-37.04530037962114,100 174.85660335409958,-37.04528673278532,100 174.85659440429774,-37.045273319957204,100 174.85658466137778,-37.04526007456797,100 174.8565743352156,-37.04524698071388,100 174.85656362842096,-37.04523395500706,100 174.85655276652184,-37.04522093172711,100 174.85654195518785,-37.04520786078672,100 174.85653138322894,-37.04519469236256,100 174.85652125860625,-37.045181378134224,100 174.85651183675571,-37.045167833887334,100 174.85651038876696,-37.0451654897252,100 174.85650204771275,-37.04515154009726,100 174.85649404981586,-37.045137460717164,100 174.85648646513553,-37.04512326581059,100 174.85647937869817,-37.045108937823194,100 174.85647287669818,-37.045094460985034,100 174.85646703034035,-37.04507985040517,100 174.8564619582824,-37.045065084397685,100 174.85645773104866,-37.04505015014182,100 174.85645627032267,-37.04504543664691,100 174.85645215844443,-37.04503025272626,100 174.85644906407657,-37.045014973564065,100 174.8564473210719,-37.044999687670575,100 174.8564471747966,-37.04498449755929,100 174.85644797508726,-37.044980101084235,100 174.85645254822577,-37.04496524719662,100 174.8564592902295,-37.04495052790478,100 174.85646731761918,-37.044935909267906,100 174.85647577887013,-37.04492137667388,100 174.85648377481266,-37.044906898230444,100 174.8564904891003,-37.04489242632831,100 174.8564950031015,-37.04487796092593,100 174.856496469395,-37.04486347112408,100 174.85649587024363,-37.04486052332,100 174.85649142766056,-37.044845979996886,100 174.85648521977166,-37.044831436364895,100 174.8564783326458,-37.044816796109025,100 174.8564718576105,-37.04480204034447,100 174.85646875625608,-37.04479228989795,100 174.85646454174983,-37.044777185095654,100 174.85646103343885,-37.044761944859324,100 174.8564583021059,-37.04474661314638,100 174.8564563841078,-37.04473125157787,100 174.85645534917379,-37.04471586086501,100 174.85645521488237,-37.04470051644234,100 174.85645605426416,-37.04468526223201,100 174.85645713519503,-37.044676462093044,100 174.85645994114213,-37.04466157728065,100 174.8564638062259,-37.04464678314542,100 174.85646859030604,-37.04463205033506,100 174.85647408580465,-37.04461735055297,100 174.8564801197188,-37.044602690112185,100 174.85648651702192,-37.04458803840396,100 174.8564930869959,-37.04457336686784,100 174.85649963975686,-37.04455868117988,100 174.85650600069562,-37.04454396784974,100 174.85651201358618,-37.044529183356254,100 174.85651747047388,-37.04451433005328,100 174.8565192408524,-37.04450152273416,100 174.85652093585577,-37.044485898213225,100 174.8565224221795,-37.044470246314305,100 174.85652399695724,-37.044454671444335,100 174.85652597370344,-37.04443921195853,100 174.85652861397952,-37.04442398904409,100 174.85653226772715,-37.04440905941341,100 174.85653717918703,-37.04439452559731,100 174.85654367881534,-37.04438047525743,100 174.8565528254041,-37.04436952363151,100 174.85656456313177,-37.04435702536396,100 174.85657626563977,-37.04434451232438,100 174.85658660740015,-37.044331620404535,100 174.85659426094958,-37.0443179521786,100 174.856596487711,-37.04430795609582,100 174.8565983112386,-37.04429262338723,100 174.8565995930333,-37.04428422298593,100 174.8566009005451,-37.04427738594674,100 174.85660456705924,-37.04426750432489,100 174.85661116704492,-37.04425328206365,100 174.85661858566812,-37.04423924797841,100 174.85662124509105,-37.04423381203632,100 174.85662843889722,-37.044219780568376,100 174.8566359650492,-37.04420586827765,100 174.8566439445346,-37.0441921030132,100 174.85665236236403,-37.04417851565399,100 174.8566594627316,-37.044168126019,100 174.85666879096797,-37.04415489394225,100 174.8566955146855,-37.04413608266549,100 174.85671600595938,-37.04411542663594,100 174.8567360100728,-37.044094020231505,100 174.85675481156034,-37.04406072640758,100 174.8567727724439,-37.044032896834864,100 174.8567820613796,-37.04400849999444,100 174.85678883408244,-37.04398780094347,100 174.8568052147003,-37.04396433589017,100 174.85679499365656,-37.04393127559138,100 174.85676774242586,-37.0439122781795,100 174.8567396067222,-37.04389578942044,100 174.85673915173422,-37.04389497455267,100 174.8567314094425,-37.04388072173808,100 174.85672218105873,-37.043867267309565,100 174.85672020754473,-37.043865365805345,100 174.85670701620148,-37.0438539616933,100 174.85669459545935,-37.04384225078966,100 174.85669316632914,-37.04384063368725,100 174.85668332876713,-37.04382704999073,100 174.85667625252321,-37.04381244424969,100 174.85667255576766,-37.04379726825608,100 174.85667191227773,-37.04378876189504,100 174.8566734034576,-37.043773310908186,100 174.85667678243476,-37.04375781234337,100 174.85667964118653,-37.04374555941098,100 174.8566838092213,-37.04373046579827,100 174.8566878378454,-37.043715326598594,100 174.85668856112252,-37.04371192366416,100 174.85669140888714,-37.04369663530698,100 174.85669362951802,-37.043681265735174,100 174.85669533123934,-37.04366587274076,100 174.85669657964013,-37.04365042555394,100 174.8566974683694,-37.043641537388844,100 174.85669862950118,-37.043626061825016,100 174.8566990994264,-37.0436105979828,100 174.8566986698374,-37.04359517976751,100 174.85669702528642,-37.04358421229008,100 174.85669398114993,-37.04356887105572,100 174.85669111159982,-37.04355354241042,100 174.856689680655,-37.04353823540875,100 174.85668991647594,-37.04353476169142,100 174.85669210525106,-37.043519469228954,100 174.85669517630166,-37.04350416205376,100 174.8566978311004,-37.0434887992045,100 174.85669853801315,-37.04347701708988,100 174.8566988172411,-37.043461571554744,100 174.85669880089776,-37.043446085581266,100 174.85669863943548,-37.043436827195876,100 174.85669832934752,-37.043421329597194,100 174.8566984171539,-37.043405872637614,100 174.85669946065576,-37.04339050707133,100 174.8567013830065,-37.04337946302626,100 174.85670495983425,-37.04336428673404,100 174.85670907500355,-37.04334914707957,100 174.85671299947848,-37.04333397976577,100 174.85671475769172,-37.04332265978653,100 174.8567169258186,-37.04330725858853,100 174.85671940831068,-37.043291930882816,100 174.8567228127904,-37.043276787932335,100 174.85672624578737,-37.043266553945934,100 174.85673224504364,-37.043251907553284,100 174.8567390625758,-37.043237434920805,100 174.85674629778603,-37.04322303055768,100 174.85675353305948,-37.04320862889705,100 174.85675739491225,-37.04320016827432,100 174.8567640033647,-37.0431856520456,100 174.85677057657747,-37.043171120144684,100 174.85677704526574,-37.04315654391315,100 174.85678335737265,-37.04314195571163,100 174.8567882447272,-37.04312976024754,100 174.85679399860044,-37.04311501133916,100 174.85679971760743,-37.043100262075036,100 174.8568055583711,-37.04308552622669,100 174.8568117138488,-37.043070878285626,100 174.85681531710458,-37.04306186470261,100 174.85682168088076,-37.04304722882227,100 174.85682928701965,-37.043033098051765,100 174.8568374332152,-37.04302036666508,100 174.8568477660853,-37.04300716481264,100 174.85685954255385,-37.042994836256604,100 174.85687278435705,-37.04298353477946,100 174.85687317505352,-37.04298323393597,100 174.85688766235984,-37.04297321264043,100 174.85690321150705,-37.04296399400571,100 174.85691900717484,-37.04295492563268,100 174.85692687025121,-37.04294972637549,100 174.85694176218806,-37.04293988440742,100 174.85695702916505,-37.04293048361325,100 174.85695818816484,-37.042929782278,100 174.8569739868263,-37.04292083732972,100 174.85699039590529,-37.04291267236584,100 174.85700745438893,-37.042905503088974,100 174.85701639105827,-37.042904219412485,100 174.85703904362953,-37.04290218741266,100 174.85705856172402,-37.042898227922954,100 174.85706947834532,-37.042888082251416,100 174.8570699235412,-37.04288660344909,100 174.8570738444095,-37.04287973630152,100 174.85708777339568,-37.04287144431578,100 174.8571076016465,-37.04286743219266,100 174.85713022353286,-37.042865571904024,100 174.8571524996405,-37.04286373324879,100 174.85715546249952,-37.04286313976389,100 174.8571742230925,-37.042859378686515,100 174.85719269327166,-37.04285509669253,100 174.85719853235105,-37.042853261236104,100 174.85721609819484,-37.0428468888508,100 174.85723369847824,-37.042840545666735,100 174.85723387042282,-37.04284049610642,100 174.85725194780028,-37.04283513688495,100 174.85726542757874,-37.04283143595194,100 174.8572838920548,-37.04282696656165,100 174.85730115154107,-37.04282343356664,100 174.85732001410267,-37.042820212554155,100 174.85733367032074,-37.04281858455681,100 174.85735300631455,-37.04281688924584,100 174.85737230557294,-37.0428151629613,100 174.8573912918934,-37.04281268357642,100 174.85740971713136,-37.04280868075599,100 174.8574251493314,-37.042804171403134,100 174.85744204699725,-37.04279681891391,100 174.85745047200774,-37.042791888424375,100 174.85746425885438,-37.04278090371785,100 174.85747587404154,-37.042768375735086,100 174.85747766702448,-37.04276614576662,100 174.8574796637853,-37.0427637422601,100 174.85749096577095,-37.0427511425699,100 174.85750139294288,-37.04273821768823,100 174.8575025060348,-37.04273646344069,100 174.85750977932258,-37.04272219903946,100 174.85751591476568,-37.04270747386447,100 174.85752140750088,-37.04269590340914,100 174.857528207955,-37.042681430098575,100 174.85753476414376,-37.04266689932433,100 174.85754091869867,-37.04265226668317,100 174.85754161519054,-37.042650442348794,100 174.85754700321462,-37.042635636944546,100 174.85755202484663,-37.04262069937851,100 174.85755697677098,-37.04260576200266,100 174.85756213774096,-37.042590867319205,100 174.85756672582698,-37.04257982387262,100 174.85757314186827,-37.04256521777888,100 174.85757957513948,-37.042550626737125,100 174.85758576454108,-37.04253599444915,100 174.8575914316537,-37.04252124596061,100 174.8575947424694,-37.04251163306003,100 174.85759945011677,-37.04249663821937,100 174.85760358269505,-37.04248152980757,100 174.85760716003608,-37.042466337257146,100 174.85761017954093,-37.042451046187985,100 174.857611883643,-37.042439634208776,100 174.8576136185059,-37.04242422535959,100 174.8576150769034,-37.042408821741596,100 174.85761669002946,-37.04239340037804,100 174.85761877257622,-37.042378048273385,100 174.85762079400308,-37.04236683141387,100 174.85762402217563,-37.04235156772046,100 174.85762777223724,-37.042336404009795,100 174.85763209809232,-37.04232133763498,100 174.85763701474687,-37.04230638458442,100 174.8576399362981,-37.04229648575616,100 174.8576449724674,-37.042281454222454,100 174.85765109101126,-37.042266776172774,100 174.85765885464158,-37.04225270417224,100 174.85766632663922,-37.04224198238456,100 174.85767671509592,-37.042228903069486,100 174.85767890014552,-37.04222578367802,100 174.85768842535987,-37.04221216177688,100 174.85769856768076,-37.04219894841527,100 174.85771024573592,-37.0421868367297,100 174.8577199619002,-37.042179065814054,100 174.8577349588518,-37.04216929871433,100 174.8577510221652,-37.04216051986592,100 174.85776439244336,-37.042152747593356,100 174.85778145556154,-37.04214573225777,100 174.85778924486647,-37.04214364720884,100 174.85780843452352,-37.04214167561427,100 174.85781895198664,-37.04214246986321,100 174.8578378916166,-37.042146062333295,100 174.8578481043092,-37.04214777617845,100 174.8578669191355,-37.04215118402853,100 174.85787940521675,-37.04215372571135,100 174.8578982327938,-37.04215701077915,100 174.857910651589,-37.042158314217694,100 174.8579032369917,-37.04215436907976,100 174.85789296102104,-37.042146415591944,100 174.85788459209877,-37.04214174272584,100 174.85788041037142,-37.042138872676944,100 174.85787484286973,-37.042135979269375,100 174.85787251529518,-37.04213380482628,100 174.8578692750132,-37.04213311741279,100 174.85786385921003,-37.04213008192615,100 174.8578483887947,-37.04212088578182,100 174.85784342657476,-37.04211731592574,100 174.85782972933183,-37.04210641557633,100 174.8578191350277,-37.04209887085296,100 174.85780505015984,-37.042088350613895,100 174.85780283275776,-37.0420864060792,100 174.85779069943905,-37.042074396057004,100 174.85777880209818,-37.04206219576711,100 174.8577747168517,-37.042058394055935,100 174.85776169876453,-37.042046987342616,100 174.85774798547766,-37.04203611968163,100 174.85774620128322,-37.042034834425266,100 174.85773145528083,-37.042024866216934,100 174.85771677634835,-37.042014835667445,100 174.85771647660982,-37.04201462404884,100 174.85770257527662,-37.04200388280655,100 174.85768969281702,-37.041992365804056,100 174.85768821426393,-37.04199084232158,100 174.85767706950833,-37.04197824177103,100 174.8576662135768,-37.04196545102681,100 174.85765622761494,-37.0419553704011,100 174.85764417824342,-37.04194329685826,100 174.85763421166592,-37.04193262737451,100 174.8576230489452,-37.041920027099934,100 174.85761230294537,-37.0419081016846,100 174.85760235504287,-37.04189492267105,100 174.85759973897717,-37.04189036788629,100 174.8575933217214,-37.04187581226233,100 174.85758786457143,-37.04186088378295,100 174.8575873875027,-37.04185985475326,100 174.8575806061234,-37.04184530573253,100 174.8575753082117,-37.041830498237395,100 174.85757384764568,-37.04181799476815,100 174.85757243000484,-37.04180254696283,100 174.85756916945482,-37.04179073955106,100 174.85756407536468,-37.041775806285564,100 174.85756365778732,-37.041774404084876,100 174.8575849991735,-37.04178100539473,100 174.85944699278122,-37.042370995205474,100 174.85985599521962,-37.041357007093005,100 174.85993000708766,-37.0411749996243,100 174.85993999797267,-37.04115099441805,100 174.86000900522527,-37.040980006322194,100 174.86001500080636,-37.040963997953334,100 174.86007299883505,-37.04082099944867,100 174.86008399932993,-37.0407940013857,100 174.86013700099397,-37.04066299826258,100 174.86017200029985,-37.04057500292646,100 174.86022299565192,-37.040447998775356,100 174.86024633824994,-37.04039162736913,100 174.8600037024101,-37.04035453492423,100 174.86002053484665,-37.04016453086106,100 174.8600312601478,-37.04004452330235,100 174.86006638365492,-37.03999866567587,100 174.86009603124043,-37.03995979340764,100 174.8601738761702,-37.03979546875791,100 174.86025177056055,-37.03963111083423,100 174.86027275194627,-37.03958681338537,100 174.8603296301833,-37.03946676962808,100 174.86035603841475,-37.039411088283266,100 174.8604075415361,-37.039302396013646,100 174.86043930803197,-37.039235332742486,100 174.86048541812133,-37.03913803911673,100 174.8605225454525,-37.03905970112697,100 174.8605632767755,-37.03897369777204,100 174.860619418356,-37.03885524632057,100 174.8606411519453,-37.03880930924917,100 174.86070096472463,-37.03868309761295,100 174.86070162024726,-37.038659748024074,100 174.86070584734736,-37.03850350529865,100 174.86070427305987,-37.03846549580383,100 174.8606995579132,-37.038350354985766,100 174.8606717896429,-37.038277796558525,100 174.8606426803907,-37.038201747672545,100 174.86052142781506,-37.03802658908683,100 174.8607180075968,-37.0379391387269,100 174.86080973891825,-37.03796019896273,100 174.8606450622484,-37.037722231959656,100 174.8606038932347,-37.03766272822515,100 174.86039353798904,-37.03774538319599,100 174.86031617328015,-37.03763356926597,100 174.86022073895597,-37.03766686858059,100 174.86011121421052,-37.0375085593872,100 174.86042225924894,-37.037400072431765,100 174.86026300288114,-37.03717099323267,100 174.8605680083875,-37.037064003059854,100 174.86065800482046,-37.03722899941887,100 174.86067900722583,-37.0372229989429,100 174.86098400632966,-37.037129993364914,100 174.86099400572817,-37.03712700187315,100 174.8610719994188,-37.03726999517571,100 174.86112000317007,-37.0373569939923,100 174.86143600556463,-37.03726099441873,100 174.86147799186747,-37.03724699708727,100 174.8617369943276,-37.03715600570167,100 174.86188999284803,-37.03710199721601,100 174.86200799414988,-37.037060996675336,100 174.86209899300104,-37.037028995850534,100 174.86236299739366,-37.03693599579306,100 174.86263699928855,-37.036840003554246,100 174.8626370083865,-37.03684999257978,100 174.86270400788538,-37.036853004430384,100 174.86281799453027,-37.03685800567511,100 174.8629329942529,-37.036861998561484,100 174.86291600166058,-37.03695800120275,100 174.86299200422778,-37.03696799540698,100 174.8631020054956,-37.037169007264026,100 174.8631210009131,-37.03726499264078,100 174.86335700857705,-37.03726000456075,100 174.86357400832685,-37.03725599694006,100 174.86362699396528,-37.03725500492286,100 174.86382499764326,-37.03720399570558,100 174.86402200432832,-37.03715199597144,100 174.86401300834135,-37.037055001876716,100 174.86400800158088,-37.03700399728077,100 174.86404799732253,-37.03689399985834,100 174.86410400633136,-37.03673799329751,100 174.86403100539988,-37.03674499992219,100 174.86398199121925,-37.03665399296112,100 174.86386500641657,-37.03644000110251,100 174.86374799544038,-37.03622500276677,100 174.86402199256057,-37.036128992119394,100 174.86388100111535,-37.0358709981335,100 174.86424399532868,-37.03574399501881,100 174.86429100206928,-37.03575899571257,100 174.8644659944628,-37.035698005556,100 174.8644849935168,-37.0356599981024,100 174.8647010069818,-37.0355840059027,100 174.86484599177524,-37.035849998290274,100 174.86494700495703,-37.03581500325497,100 174.86495100302338,-37.035821996713544,100 174.8651809968955,-37.035741006912346,100 174.86534800333507,-37.036046001552045,100 174.86554100826564,-37.03639999657692,100 174.86564199573795,-37.03658499369882,100 174.86564900537505,-37.03659899698242,100 174.86589200721184,-37.03704300513889,100 174.86598499958905,-37.03721399974479,100 174.86676999539898,-37.03693800538111,100 174.86681199734494,-37.03692400682794,100 174.86686899171283,-37.036904003041926,100 174.86714200142958,-37.036808002551226,100 174.86734700540833,-37.036736005777655,100 174.86741299313678,-37.03671299670401,100 174.86767700781252,-37.03662000005366,100 174.86815799588743,-37.03645199417932,100 174.86831399282036,-37.03639699558722,100 174.8683009995443,-37.03637299931291,100 174.8681240015911,-37.03604800056921,100 174.86838299260015,-37.03595699496478,100 174.86869999720415,-37.03584599783209,100 174.868704998248,-37.03582399660872,100 174.86879999997376,-37.0353670056901,100 174.8688149951655,-37.0352999971742,100 174.86919100523025,-37.035350001114345,100 174.86951900092865,-37.0356890005623,100 174.86958899969704,-37.035450993854944,100 174.86982200817368,-37.03549500001072,100 174.86995200531723,-37.03551899930006,100 174.8700220029857,-37.03553299533174,100 174.870222992206,-37.035569997619476,100 174.87030900342944,-37.03558700010827,100 174.8703729993766,-37.03536800509779,100 174.87039800083858,-37.03528100000024,100 174.87043700290334,-37.03514800407448,100 174.87050800874138,-37.03490700575838,100 174.87012400312207,-37.03490800257448,100 174.87016799752942,-37.034760998352255,100 174.87021399738558,-37.03460299361464,100 174.87029500079163,-37.03461800659279,100 174.87025499434645,-37.03410499735416,100 174.87033599859146,-37.03409499909195,100 174.8704939993048,-37.03417499415663,100 174.87072300061112,-37.034037003641934,100 174.8707109947147,-37.0340150028663,100 174.87065299633213,-37.03390699487167,100 174.8706489962023,-37.03380999194301,100 174.8706459970931,-37.033699994437754,100 174.87069400698755,-37.033508006559686,100 174.87075799963395,-37.033439994330436,100 174.87079699619946,-37.03342700708553,100 174.87085100343688,-37.03352699957397,100 174.8710639966836,-37.033917003639885,100 174.8711469943139,-37.034068994609015,100 174.87122900563318,-37.034221002874645,100 174.87129299750183,-37.034337997561394,100 174.871591996251,-37.034233994277905,100 174.87157899263664,-37.0342090070913,100 174.87163700364096,-37.03409000644056,100 174.87191399829007,-37.03399400343317,100 174.87199299702533,-37.03391800161538,100 174.87205099995768,-37.03382700172256,100 174.8720880077021,-37.03373000059665,100 174.8721049923216,-37.03362899372485,100 174.87209899283488,-37.03352600170387,100 174.87207800210354,-37.03344499656283,100 174.8720440062233,-37.03336599837468,100 174.87220900046506,-37.03325900429399,100 174.87242499214588,-37.033184004360265,100 174.87263300212155,-37.03311100025232,100 174.87261399542092,-37.033076004323966,100 174.87251999447074,-37.032901996160376,100 174.8724980029163,-37.032860996872486,100 174.87278299827867,-37.0327620021393,100 174.87283800712711,-37.032743006592014,100 174.87327199280503,-37.03259100130614,100 174.8733429963393,-37.032565998101795,100 174.8732839966773,-37.0327740045817,100 174.87338599540442,-37.03273799362999,100 174.8736439920027,-37.03264799915441,100 174.87358100349823,-37.032541999319996,100 174.87348999859864,-37.03251500415679,100 174.87386799175272,-37.03241300035007,100 174.8738310054851,-37.03248500670161,100 174.87390499222104,-37.03263600603183,100 174.87390699815174,-37.03264100542393,100 174.87439399336543,-37.032466007257874,100 174.87445300088837,-37.03247199863474,100 174.87463800706968,-37.03240600257887,100 174.87451499228462,-37.03218699997004,100 174.8768420021393,-37.03137600425664,100 174.8770420068793,-37.031291005632994,100 174.87998499539424,-37.036657999577685,100 174.88022900839493,-37.03657199785902,100 174.8803129977581,-37.03673999514309,100 174.88042000299018,-37.03670200242729,100 174.88064999135722,-37.03662000585272,100 174.88085999249526,-37.036545001727475,100 174.88103199606627,-37.03686000141868,100 174.88113700225844,-37.03704999456424,100 174.88124599311996,-37.0372489951175,100 174.88125400294066,-37.03726400185272,100 174.88142800298095,-37.03758099535899,100 174.88158900571773,-37.03787399388268,100 174.88161799625504,-37.03792699655768,100 174.88185499751205,-37.03836000512474,100 174.88160399512722,-37.03844899714924,100 174.88141499839847,-37.038516994408425,100 174.88146100488922,-37.038600998799225,100 174.88147100141987,-37.03861900688342,100 174.88154199880213,-37.038749007562636,100 174.88156800372587,-37.038796006255495,100 174.88162299263948,-37.038897000041345,100 174.88167000567526,-37.038983000981325,100 174.88139400309637,-37.03922900220978,100 174.8814359997126,-37.039304993629614,100 174.88152600086323,-37.03934499343182,100 174.88163200756088,-37.03952699361396,100 174.88158999604354,-37.03958600228364,100 174.8833039977398,-37.04271400612524,100 174.8833948489903,-37.04287906276175,100 174.88338718326074,-37.04288252741682,100 174.88338000854824,-37.042873421030194,100 174.88337667208023,-37.04287044383465,100 174.88336264084015,-37.04286337781289,100 174.8833535794829,-37.04285049608712,100 174.88334956030542,-37.0428472368085,100 174.88333704890414,-37.04284448100989,100 174.88332144988013,-37.042834485410864,100 174.88330571521828,-37.04281567903541,100 174.8832889489546,-37.04280736036127,100 174.88327778958052,-37.04280012164462,100 174.8832670776024,-37.04279087673575,100 174.88320743387328,-37.04274706511998,100 174.88320027720061,-37.04274310126312,100</coordinates></LinearRing></outerBoundaryIs>
    </Polygon>
  </Placemark>

  <Placemark>
    <name>Weymouth</name>
    <Point>
      <altitudeMode>relativeToGround</altitudeMode>
      <coordinates>174.8681352235588,-37.04186901054486,100</coordinates>
    </Point>
  </Placemark>

</Document>
</kml>