<?xml version="1.0" encoding="UTF-8"?>
<kml xmlns="http://www.opengis.net/kml/2.2">
  <Document>
    <name>East Tāmaki — Section 1</name>
    <Placemark>
      <name>East Tāmaki — Section 1</name>
      <Style>
        <LineStyle><color>ff000000</color><width>2</width></LineStyle>
        <PolyStyle><color>66ff0000</color><fill>1</fill><outline>1</outline></PolyStyle>
      </Style>
      <Polygon>
        <tessellate>1</tessellate>
        <outerBoundaryIs>
          <LinearRing>
            <coordinates>
              174.891550423,-36.951928454,0 174.891532000,-36.951925000,0 174.891602000,-36.951679000,0 174.891646000,-36.951524000,0 174.891396000,-36.951246000,0 174.891024000,-36.951255000,0 174.891023000,-36.951071000,0 174.891018000,-36.950622000,0 174.890849000,-36.950610000,0 174.890658000,-36.950596000,0 174.890303000,-36.950571000,0 174.889953000,-36.950245000,0 174.889818000,-36.950119000,0 174.889581000,-36.950054000,0 174.889145000,-36.949935000,0 174.888904000,-36.950248000,0 174.888750000,-36.950447000,0 174.888687000,-36.950529000,0 174.888607000,-36.950489000,0 174.888572000,-36.950503000,0 174.888537000,-36.950523000,0 174.888474000,-36.950538000,0 174.888419000,-36.950547000,0 174.888359000,-36.950555000,0 174.888272000,-36.950579000,0 174.888233000,-36.950580000,0 174.888193000,-36.950560000,0 174.888160000,-36.950544000,0 174.888125000,-36.950521000,0 174.888091000,-36.950502000,0 174.888074000,-36.950493000,0 174.888037000,-36.950485000,0 174.887994000,-36.950463000,0 174.887967000,-36.950434000,0 174.887942000,-36.950427000,0 174.887921000,-36.950449000,0 174.887912000,-36.950472000,0 174.887868000,-36.950508000,0 174.887848000,-36.950513000,0 174.887810000,-36.950521000,0 174.887787000,-36.950523000,0 174.887753000,-36.950529000,0 174.887704000,-36.950529000,0 174.887653000,-36.950515000,0 174.887605000,-36.950497000,0 174.887553000,-36.950479000,0 174.887504000,-36.950453000,0 174.887465000,-36.950436000,0 174.887411000,-36.950408000,0 174.887363000,-36.950380000,0 174.887304000,-36.950346000,0 174.887263000,-36.950313000,0 174.887228000,-36.950280000,0 174.887196000,-36.950236000,0 174.887179000,-36.950206000,0 174.887174000,-36.950171000,0 174.887157000,-36.950133000,0 174.887133000,-36.950088000,0 174.887103000,-36.950058000,0 174.887068000,-36.950062000,0 174.887036000,-36.950061000,0 174.886989000,-36.950090000,0 174.886976000,-36.950117000,0 174.886956000,-36.950144000,0 174.886948000,-36.950158000,0 174.886918000,-36.950154000,0 174.886878000,-36.950148000,0 174.886858000,-36.950148000,0 174.886829000,-36.950159000,0 174.886801000,-36.950178000,0 174.886744000,-36.950213000,0 174.886700000,-36.950217000,0 174.886668000,-36.950201000,0 174.886628000,-36.950184000,0 174.886585000,-36.950180000,0 174.886545000,-36.950181000,0 174.886511000,-36.950187000,0 174.886474000,-36.950197000,0 174.886428000,-36.950205000,0 174.886386000,-36.950197000,0 174.886332000,-36.950153000,0 174.886286000,-36.950119000,0 174.886260000,-36.950097000,0 174.886239000,-36.950082000,0 174.886214000,-36.950063000,0 174.886137000,-36.950049000,0 174.886092000,-36.950049000,0 174.886029000,-36.950036000,0 174.885988000,-36.950028000,0 174.885975000,-36.950024000,0 174.885941000,-36.950012000,0 174.885893000,-36.949991000,0 174.885847000,-36.949960000,0 174.885796000,-36.949932000,0 174.885756000,-36.949911000,0 174.885688000,-36.949878000,0 174.885649000,-36.949833000,0 174.885613000,-36.949796000,0 174.885575000,-36.949770000,0 174.885552000,-36.949753000,0 174.885505000,-36.949721000,0 174.885449000,-36.949694000,0 174.885378000,-36.949654000,0 174.885356000,-36.949624000,0 174.885345000,-36.949584000,0 174.885361000,-36.949540000,0 174.885366000,-36.949500000,0 174.885358000,-36.949470000,0 174.885330000,-36.949438000,0 174.885305000,-36.949400000,0 174.885300000,-36.949367000,0 174.885299000,-36.949320000,0 174.885289000,-36.949299000,0 174.885274000,-36.949285000,0 174.885258000,-36.949284000,0 174.885218000,-36.949292000,0 174.885163000,-36.949294000,0 174.885125000,-36.949295000,0 174.885071000,-36.949286000,0 174.885028000,-36.949278000,0 174.884980000,-36.949276000,0 174.884936000,-36.949276000,0 174.884896000,-36.949285000,0 174.884837000,-36.949278000,0 174.884779000,-36.949273000,0 174.884738000,-36.949262000,0 174.884477000,-36.949324000,0 174.884345000,-36.949244000,0 174.884120000,-36.949203000,0 174.883783000,-36.949209000,0 174.883135000,-36.949108000,0 174.882689000,-36.949251000,0 174.881899000,-36.949108000,0 174.881647000,-36.949112000,0 174.881287000,-36.949300000,0 174.880952000,-36.949396000,0 174.880644000,-36.949401000,0 174.880531000,-36.949381000,0 174.880361000,-36.949316000,0 174.880300000,-36.949082000,0 174.880273000,-36.949059000,0 174.880254000,-36.949038000,0 174.880217000,-36.948994000,0 174.880170000,-36.948947000,0 174.880152000,-36.948923000,0 174.880145000,-36.948909000,0 174.880139000,-36.948882000,0 174.880134000,-36.948838000,0 174.880124000,-36.948792000,0 174.880116000,-36.948728000,0 174.880118000,-36.948701000,0 174.880124000,-36.948667000,0 174.880130000,-36.948627000,0 174.880132000,-36.948600000,0 174.880135000,-36.948574000,0 174.880164000,-36.948540000,0 174.880202000,-36.948506000,0 174.880220000,-36.948483000,0 174.880233000,-36.948453000,0 174.880260000,-36.948406000,0 174.880273000,-36.948389000,0 174.880304000,-36.948359000,0 174.880331000,-36.948334000,0 174.880350000,-36.948315000,0 174.880362000,-36.948300000,0 174.880385000,-36.948278000,0 174.880407000,-36.948262000,0 174.880432000,-36.948249000,0 174.880457000,-36.948238000,0 174.880512000,-36.948216000,0 174.880548000,-36.948205000,0 174.880625000,-36.948188000,0 174.880670000,-36.948177000,0 174.880706000,-36.948172000,0 174.880752000,-36.948156000,0 174.880766000,-36.948138000,0 174.880777000,-36.948106000,0 174.880770000,-36.948096000,0 174.880753000,-36.948102000,0 174.880746000,-36.948107000,0 174.880730000,-36.948123000,0 174.880703000,-36.948130000,0 174.880684000,-36.948132000,0 174.880656000,-36.948125000,0 174.880637000,-36.948122000,0 174.880568000,-36.948116000,0 174.880518000,-36.948103000,0 174.880464000,-36.948086000,0 174.880426000,-36.948068000,0 174.880383000,-36.948041000,0 174.880353000,-36.948024000,0 174.880315000,-36.947999000,0 174.880284000,-36.947971000,0 174.880263000,-36.947948000,0 174.880252000,-36.947920000,0 174.880250000,-36.947898000,0 174.880245000,-36.947868000,0 174.880245000,-36.947845000,0 174.880236000,-36.947803000,0 174.880234000,-36.947773000,0 174.880237000,-36.947751000,0 174.880240000,-36.947720000,0 174.880244000,-36.947695000,0 174.880254000,-36.947668000,0 174.880257000,-36.947630000,0 174.880252000,-36.947609000,0 174.880248000,-36.947584000,0 174.880234000,-36.947564000,0 174.880225000,-36.947548000,0 174.880206000,-36.947518000,0 174.880184000,-36.947490000,0 174.880157000,-36.947457000,0 174.880142000,-36.947431000,0 174.880096000,-36.947395000,0 174.880075000,-36.947370000,0 174.880046000,-36.947337000,0 174.880025000,-36.947308000,0 174.880009000,-36.947270000,0 174.879999000,-36.947253000,0 174.879992000,-36.947239000,0 174.879992000,-36.947217000,0 174.879988000,-36.947197000,0 174.879988000,-36.947142000,0 174.879983000,-36.947117000,0 174.879981000,-36.947093000,0 174.879977000,-36.947073000,0 174.879979000,-36.947054000,0 174.879963000,-36.947050000,0 174.879942000,-36.947055000,0 174.879903000,-36.947068000,0 174.879860000,-36.947072000,0 174.879813000,-36.947079000,0 174.879777000,-36.947075000,0 174.879726000,-36.947066000,0 174.879675000,-36.947060000,0 174.879642000,-36.947052000,0 174.879586000,-36.947044000,0 174.879552000,-36.947031000,0 174.879498000,-36.947023000,0 174.879464000,-36.947021000,0 174.879424000,-36.947020000,0 174.879390000,-36.947018000,0 174.879349000,-36.947008000,0 174.879318000,-36.946992000,0 174.879290000,-36.946980000,0 174.879258000,-36.946969000,0 174.879209000,-36.946954000,0 174.879161000,-36.946942000,0 174.879117000,-36.946935000,0 174.879048000,-36.946922000,0 174.878993000,-36.946914000,0 174.878961000,-36.946909000,0 174.878899000,-36.946894000,0 174.878878000,-36.946890000,0 174.878818000,-36.946874000,0 174.878790000,-36.946866000,0 174.878761000,-36.946854000,0 174.878740000,-36.946840000,0 174.878716000,-36.946828000,0 174.878682000,-36.946812000,0 174.878659000,-36.946797000,0 174.878655000,-36.946782000,0 174.878657000,-36.946776000,0 174.878645000,-36.946760000,0 174.878628000,-36.946741000,0 174.878608000,-36.946724000,0 174.878566000,-36.946714000,0 174.878541000,-36.946710000,0 174.878519000,-36.946704000,0 174.878488000,-36.946699000,0 174.878439000,-36.946684000,0 174.878397000,-36.946674000,0 174.878359000,-36.946669000,0 174.878275000,-36.946641000,0 174.878259000,-36.946638000,0 174.878219000,-36.946627000,0 174.878188000,-36.946611000,0 174.878155000,-36.946598000,0 174.878128000,-36.946577000,0 174.878097000,-36.946536000,0 174.878078000,-36.946517000,0 174.878058000,-36.946495000,0 174.877997000,-36.946407000,0 174.877970000,-36.946375000,0 174.877941000,-36.946335000,0 174.877908000,-36.946298000,0 174.877882000,-36.946270000,0 174.877851000,-36.946225000,0 174.877825000,-36.946185000,0 174.877785000,-36.946157000,0 174.877751000,-36.946128000,0 174.877703000,-36.946104000,0 174.877674000,-36.946088000,0 174.877635000,-36.946054000,0 174.877588000,-36.946005000,0 174.877555000,-36.945975000,0 174.877515000,-36.945949000,0 174.877469000,-36.945918000,0 174.877440000,-36.945897000,0 174.877353000,-36.945891000,0 174.877286000,-36.945869000,0 174.877216000,-36.945856000,0 174.877157000,-36.945834000,0 174.877112000,-36.945809000,0 174.877079000,-36.945764000,0 174.877055000,-36.945726000,0 174.877040000,-36.945704000,0 174.877009000,-36.945688000,0 174.876983000,-36.945682000,0 174.876957000,-36.945663000,0 174.876926000,-36.945636000,0 174.876903000,-36.945615000,0 174.876884000,-36.945583000,0 174.876872000,-36.945553000,0 174.876850000,-36.945532000,0 174.876804000,-36.945493000,0 174.876788000,-36.945481000,0 174.876759000,-36.945451000,0 174.876725000,-36.945441000,0 174.876681000,-36.945420000,0 174.876631000,-36.945387000,0 174.876594000,-36.945352000,0 174.876565000,-36.945320000,0 174.876541000,-36.945291000,0 174.876518000,-36.945261000,0 174.876493000,-36.945234000,0 174.876471000,-36.945192000,0 174.876446000,-36.945149000,0 174.876445000,-36.945104000,0 174.876458000,-36.945066000,0 174.876479000,-36.945027000,0 174.876519000,-36.944991000,0 174.876579000,-36.944955000,0 174.876632000,-36.944931000,0 174.876692000,-36.944888000,0 174.876746000,-36.944831000,0 174.876787000,-36.944791000,0 174.876818000,-36.944740000,0 174.876856000,-36.944695000,0 174.876898000,-36.944631000,0 174.876928000,-36.944574000,0 174.876947000,-36.944529000,0 174.876963000,-36.944468000,0 174.876959000,-36.944417000,0 174.876953000,-36.944367000,0 174.876957000,-36.944299000,0 174.876960000,-36.944233000,0 174.876949000,-36.944145000,0 174.876947000,-36.944118000,0 174.876966000,-36.944071000,0 174.876976000,-36.944023000,0 174.876996000,-36.943999000,0 174.877063000,-36.943968000,0 174.877136000,-36.943925000,0 174.877220000,-36.943892000,0 174.877274000,-36.943868000,0 174.877315000,-36.943848000,0 174.877331000,-36.943816000,0 174.877377000,-36.943789000,0 174.877411000,-36.943768000,0 174.877472000,-36.943745000,0 174.877530000,-36.943719000,0 174.877626000,-36.943642000,0 174.877644000,-36.943641000,0 174.877703000,-36.943586000,0 174.877770000,-36.943531000,0 174.877872000,-36.943456000,0 174.877955000,-36.943398000,0 174.878046000,-36.943341000,0 174.878115000,-36.943293000,0 174.878182000,-36.943248000,0 174.878249000,-36.943197000,0 174.878300000,-36.943146000,0 174.878358000,-36.943094000,0 174.878422000,-36.943047000,0 174.878432000,-36.943021000,0 174.878490000,-36.942989000,0 174.878525000,-36.942969000,0 174.878555000,-36.942969000,0 174.878596000,-36.942971000,0 174.878647000,-36.942979000,0 174.878679000,-36.942988000,0 174.878701000,-36.943003000,0 174.878735000,-36.943021000,0 174.878786000,-36.943051000,0 174.878834000,-36.943078000,0 174.878875000,-36.943098000,0 174.878908000,-36.943117000,0 174.878950000,-36.943152000,0 174.878991000,-36.943192000,0 174.879013000,-36.943235000,0 174.879036000,-36.943284000,0 174.879084000,-36.943358000,0 174.879109000,-36.943386000,0 174.879154000,-36.943397000,0 174.879218000,-36.943454000,0 174.879269000,-36.943498000,0 174.879315000,-36.943533000,0 174.879359000,-36.943553000,0 174.879386000,-36.943543000,0 174.879413000,-36.943515000,0 174.879451000,-36.943481000,0 174.879497000,-36.943447000,0 174.879555000,-36.943424000,0 174.879565000,-36.943424000,0 174.879661000,-36.943419000,0 174.879742000,-36.943446000,0 174.879794000,-36.943477000,0 174.879856000,-36.943536000,0 174.879877000,-36.943573000,0 174.879905000,-36.943603000,0 174.879936000,-36.943614000,0 174.879977000,-36.943620000,0 174.880041000,-36.943623000,0 174.880096000,-36.943610000,0 174.880150000,-36.943587000,0 174.880168000,-36.943570000,0 174.880179000,-36.943545000,0 174.880189000,-36.943524000,0 174.880201000,-36.943517000,0 174.880230000,-36.943522000,0 174.880281000,-36.943534000,0 174.880302000,-36.943550000,0 174.880328000,-36.943574000,0 174.880367000,-36.943607000,0 174.880388000,-36.943616000,0 174.880419000,-36.943646000,0 174.880427000,-36.943648000,0 174.880434000,-36.943647000,0 174.880445000,-36.943651000,0 174.880464000,-36.943651000,0 174.880484000,-36.943655000,0 174.880497000,-36.943656000,0 174.880526000,-36.943652000,0 174.880540000,-36.943651000,0 174.880550000,-36.943648000,0 174.880575000,-36.943643000,0 174.880585000,-36.943640000,0 174.880603000,-36.943627000,0 174.880614000,-36.943622000,0 174.880654000,-36.943610000,0 174.880687000,-36.943602000,0 174.880705000,-36.943599000,0 174.880722000,-36.943594000,0 174.880753000,-36.943588000,0 174.880769000,-36.943583000,0 174.880783000,-36.943577000,0 174.880808000,-36.943571000,0 174.880828000,-36.943565000,0 174.880858000,-36.943557000,0 174.880868000,-36.943556000,0 174.880890000,-36.943548000,0 174.880928000,-36.943540000,0 174.880947000,-36.943537000,0 174.880996000,-36.943537000,0 174.881012000,-36.943538000,0 174.881036000,-36.943542000,0 174.881045000,-36.943540000,0 174.881056000,-36.943529000,0 174.881067000,-36.943523000,0 174.881090000,-36.943523000,0 174.881122000,-36.943525000,0 174.881134000,-36.943529000,0 174.881148000,-36.943536000,0 174.881154000,-36.943542000,0 174.881163000,-36.943548000,0 174.881173000,-36.943559000,0 174.881180000,-36.943565000,0 174.881193000,-36.943580000,0 174.881214000,-36.943594000,0 174.881225000,-36.943598000,0 174.881236000,-36.943604000,0 174.881249000,-36.943608000,0 174.881279000,-36.943621000,0 174.881293000,-36.943630000,0 174.881319000,-36.943643000,0 174.881339000,-36.943654000,0 174.881354000,-36.943658000,0 174.881382000,-36.943668000,0 174.881405000,-36.943674000,0 174.881431000,-36.943680000,0 174.881460000,-36.943688000,0 174.881473000,-36.943690000,0 174.881490000,-36.943695000,0 174.881503000,-36.943701000,0 174.881516000,-36.943705000,0 174.881525000,-36.943710000,0 174.881533000,-36.943712000,0 174.881548000,-36.943710000,0 174.881591000,-36.943696000,0 174.881599000,-36.943691000,0 174.881620000,-36.943683000,0 174.881639000,-36.943679000,0 174.881666000,-36.943677000,0 174.881676000,-36.943680000,0 174.881703000,-36.943596000,0 174.881704000,-36.943594000,0 174.881647000,-36.943606000,0 174.881619000,-36.943614000,0 174.881595000,-36.943624000,0 174.881569000,-36.943640000,0 174.881541000,-36.943648000,0 174.881503000,-36.943644000,0 174.881475000,-36.943638000,0 174.881440000,-36.943623000,0 174.881400000,-36.943601000,0 174.881356000,-36.943584000,0 174.881311000,-36.943565000,0 174.881278000,-36.943547000,0 174.881244000,-36.943530000,0 174.881200000,-36.943513000,0 174.881136000,-36.943457000,0 174.881122000,-36.943431000,0 174.881112000,-36.943409000,0 174.881096000,-36.943426000,0 174.881062000,-36.943444000,0 174.881010000,-36.943461000,0 174.880953000,-36.943466000,0 174.880902000,-36.943472000,0 174.880837000,-36.943497000,0 174.880775000,-36.943519000,0 174.880690000,-36.943544000,0 174.880638000,-36.943560000,0 174.880603000,-36.943572000,0 174.880549000,-36.943577000,0 174.880502000,-36.943568000,0 174.880486000,-36.943558000,0 174.880459000,-36.943546000,0 174.880417000,-36.943524000,0 174.880387000,-36.943491000,0 174.880361000,-36.943460000,0 174.880339000,-36.943445000,0 174.880292000,-36.943427000,0 174.880239000,-36.943411000,0 174.880167000,-36.943415000,0 174.880104000,-36.943428000,0 174.880031000,-36.943422000,0 174.879970000,-36.943411000,0 174.879910000,-36.943383000,0 174.879874000,-36.943359000,0 174.879857000,-36.943338000,0 174.879831000,-36.943325000,0 174.879766000,-36.943298000,0 174.879735000,-36.943275000,0 174.879703000,-36.943248000,0 174.879670000,-36.943229000,0 174.879624000,-36.943221000,0 174.879577000,-36.943212000,0 174.879523000,-36.943192000,0 174.879507000,-36.943159000,0 174.879516000,-36.943112000,0 174.879540000,-36.943073000,0 174.879577000,-36.943024000,0 174.879627000,-36.942979000,0 174.879670000,-36.942942000,0 174.879703000,-36.942903000,0 174.879725000,-36.942871000,0 174.879758000,-36.942805000,0 174.879768000,-36.942762000,0 174.879771000,-36.942706000,0 174.879769000,-36.942658000,0 174.879755000,-36.942618000,0 174.879729000,-36.942605000,0 174.879701000,-36.942622000,0 174.879693000,-36.942641000,0 174.879678000,-36.942696000,0 174.879655000,-36.942768000,0 174.879631000,-36.942827000,0 174.879585000,-36.942889000,0 174.879538000,-36.942955000,0 174.879494000,-36.942996000,0 174.879421000,-36.943055000,0 174.879387000,-36.943059000,0 174.879355000,-36.943068000,0 174.879282000,-36.943073000,0 174.879232000,-36.943060000,0 174.879156000,-36.943048000,0 174.879076000,-36.943026000,0 174.879016000,-36.943004000,0 174.878956000,-36.942970000,0 174.878895000,-36.942930000,0 174.878853000,-36.942894000,0 174.878807000,-36.942878000,0 174.878760000,-36.942846000,0 174.878735000,-36.942809000,0 174.878703000,-36.942750000,0 174.878674000,-36.942707000,0 174.878637000,-36.942681000,0 174.878596000,-36.942639000,0 174.878554000,-36.942595000,0 174.878542000,-36.942565000,0 174.878515000,-36.942538000,0 174.878462000,-36.942476000,0 174.878467000,-36.942505000,0 174.878473000,-36.942527000,0 174.878485000,-36.942553000,0 174.878486000,-36.942574000,0 174.878492000,-36.942597000,0 174.878494000,-36.942614000,0 174.878478000,-36.942626000,0 174.878463000,-36.942636000,0 174.878425000,-36.942645000,0 174.878370000,-36.942659000,0 174.878305000,-36.942674000,0 174.878232000,-36.942685000,0 174.878169000,-36.942701000,0 174.878108000,-36.942716000,0 174.878065000,-36.942720000,0 174.878003000,-36.942713000,0 174.877968000,-36.942706000,0 174.877957000,-36.942714000,0 174.877965000,-36.942733000,0 174.877974000,-36.942752000,0 174.877975000,-36.942765000,0 174.877955000,-36.942809000,0 174.877901000,-36.942898000,0 174.877879000,-36.942931000,0 174.877842000,-36.942954000,0 174.877797000,-36.942980000,0 174.877746000,-36.943011000,0 174.877619000,-36.943045000,0 174.877547000,-36.943059000,0 174.877505000,-36.943063000,0 174.877479000,-36.943072000,0 174.877480000,-36.943090000,0 174.877472000,-36.943115000,0 174.877467000,-36.943142000,0 174.877429000,-36.943185000,0 174.877398000,-36.943216000,0 174.877377000,-36.943247000,0 174.877345000,-36.943267000,0 174.877257000,-36.943329000,0 174.877210000,-36.943338000,0 174.877178000,-36.943353000,0 174.877132000,-36.943374000,0 174.877067000,-36.943385000,0 174.876997000,-36.943394000,0 174.876839000,-36.943402000,0 174.876783000,-36.943391000,0 174.876739000,-36.943380000,0 174.876690000,-36.943370000,0 174.876637000,-36.943363000,0 174.876597000,-36.943344000,0 174.876563000,-36.943311000,0 174.876522000,-36.943275000,0 174.876510000,-36.943232000,0 174.876488000,-36.943191000,0 174.876462000,-36.943144000,0 174.876421000,-36.943096000,0 174.876377000,-36.943039000,0 174.876329000,-36.942988000,0 174.876271000,-36.942966000,0 174.876215000,-36.942936000,0 174.876181000,-36.942909000,0 174.876153000,-36.942889000,0 174.876131000,-36.942877000,0 174.876117000,-36.942877000,0 174.876115000,-36.942880000,0 174.876132000,-36.942898000,0 174.876149000,-36.942915000,0 174.876159000,-36.942921000,0 174.876178000,-36.942941000,0 174.876197000,-36.942957000,0 174.876213000,-36.942983000,0 174.876242000,-36.943021000,0 174.876273000,-36.943063000,0 174.876316000,-36.943109000,0 174.876325000,-36.943178000,0 174.876309000,-36.943236000,0 174.876304000,-36.943300000,0 174.876305000,-36.943341000,0 174.876317000,-36.943381000,0 174.876306000,-36.943428000,0 174.876281000,-36.943474000,0 174.876260000,-36.943510000,0 174.876237000,-36.943542000,0 174.876196000,-36.943570000,0 174.876152000,-36.943599000,0 174.876065000,-36.943639000,0 174.876024000,-36.943659000,0 174.876008000,-36.943672000,0 174.876014000,-36.943678000,0 174.876034000,-36.943681000,0 174.876062000,-36.943683000,0 174.876085000,-36.943686000,0 174.876092000,-36.943695000,0 174.876105000,-36.943727000,0 174.876111000,-36.943758000,0 174.876100000,-36.943774000,0 174.876085000,-36.943840000,0 174.876084000,-36.943894000,0 174.876106000,-36.943960000,0 174.876143000,-36.944026000,0 174.876188000,-36.944095000,0 174.876240000,-36.944151000,0 174.876291000,-36.944201000,0 174.876341000,-36.944238000,0 174.876379000,-36.944269000,0 174.876411000,-36.944310000,0 174.876460000,-36.944351000,0 174.876514000,-36.944398000,0 174.876519000,-36.944409000,0 174.876503000,-36.944424000,0 174.876473000,-36.944441000,0 174.876434000,-36.944453000,0 174.876380000,-36.944480000,0 174.876322000,-36.944503000,0 174.876229000,-36.944528000,0 174.876139000,-36.944555000,0 174.876035000,-36.944592000,0 174.875953000,-36.944620000,0 174.875850000,-36.944672000,0 174.875803000,-36.944705000,0 174.875775000,-36.944724000,0 174.875748000,-36.944741000,0 174.875730000,-36.944751000,0 174.875705000,-36.944763000,0 174.875697000,-36.944768000,0 174.875679000,-36.944776000,0 174.875662000,-36.944786000,0 174.875652000,-36.944790000,0 174.875634000,-36.944800000,0 174.875577000,-36.944830000,0 174.875557000,-36.944849000,0 174.875497000,-36.944907000,0 174.875489000,-36.944916000,0 174.875471000,-36.944940000,0 174.875467000,-36.944947000,0 174.875450000,-36.944988000,0 174.875435000,-36.945011000,0 174.875383000,-36.945077000,0 174.875375000,-36.945086000,0 174.875368000,-36.945097000,0 174.875337000,-36.945141000,0 174.875319000,-36.945163000,0 174.875309000,-36.945173000,0 174.875298000,-36.945182000,0 174.875272000,-36.945200000,0 174.875257000,-36.945208000,0 174.875209000,-36.945230000,0 174.875179000,-36.945245000,0 174.875166000,-36.945253000,0 174.875145000,-36.945271000,0 174.875130000,-36.945289000,0 174.875109000,-36.945328000,0 174.875102000,-36.945338000,0 174.875085000,-36.945358000,0 174.875047000,-36.945389000,0 174.875017000,-36.945410000,0 174.874971000,-36.945441000,0 174.874942000,-36.945462000,0 174.874918000,-36.945482000,0 174.874877000,-36.945522000,0 174.874865000,-36.945532000,0 174.874836000,-36.945550000,0 174.874819000,-36.945559000,0 174.874799000,-36.945568000,0 174.874752000,-36.945585000,0 174.874700000,-36.945601000,0 174.874673000,-36.945608000,0 174.874645000,-36.945616000,0 174.874539000,-36.945644000,0 174.874488000,-36.945656000,0 174.874360000,-36.945683000,0 174.874335000,-36.945688000,0 174.874262000,-36.945706000,0 174.874191000,-36.945725000,0 174.874144000,-36.945737000,0 174.874100000,-36.945747000,0 174.874057000,-36.945753000,0 174.874035000,-36.945755000,0 174.873971000,-36.945758000,0 174.873951000,-36.945758000,0 174.873884000,-36.945754000,0 174.873871000,-36.945752000,0 174.873852000,-36.945747000,0 174.873838000,-36.945740000,0 174.873827000,-36.945732000,0 174.873796000,-36.945701000,0 174.873770000,-36.945668000,0 174.873754000,-36.945638000,0 174.873747000,-36.945616000,0 174.873744000,-36.945590000,0 174.873743000,-36.945548000,0 174.873739000,-36.945521000,0 174.873736000,-36.945509000,0 174.873731000,-36.945498000,0 174.873725000,-36.945489000,0 174.873708000,-36.945471000,0 174.873698000,-36.945463000,0 174.873665000,-36.945442000,0 174.873644000,-36.945431000,0 174.873624000,-36.945422000,0 174.873613000,-36.945418000,0 174.873592000,-36.945412000,0 174.873571000,-36.945408000,0 174.873554000,-36.945407000,0 174.873542000,-36.945410000,0 174.873535000,-36.945417000,0 174.873534000,-36.945428000,0 174.873536000,-36.945442000,0 174.873543000,-36.945468000,0 174.873550000,-36.945480000,0 174.873563000,-36.945493000,0 174.873569000,-36.945503000,0 174.873575000,-36.945529000,0 174.873580000,-36.945576000,0 174.873583000,-36.945600000,0 174.873589000,-36.945624000,0 174.873599000,-36.945646000,0 174.873611000,-36.945667000,0 174.873638000,-36.945709000,0 174.873650000,-36.945730000,0 174.873660000,-36.945752000,0 174.873678000,-36.945795000,0 174.873688000,-36.945816000,0 174.873698000,-36.945834000,0 174.873717000,-36.945855000,0 174.873731000,-36.945867000,0 174.873752000,-36.945883000,0 174.873772000,-36.945900000,0 174.873814000,-36.945927000,0 174.873821000,-36.945933000,0 174.873828000,-36.945945000,0 174.873828000,-36.945951000,0 174.873820000,-36.945964000,0 174.873805000,-36.945979000,0 174.873784000,-36.945994000,0 174.873759000,-36.946008000,0 174.873734000,-36.946020000,0 174.873708000,-36.946031000,0 174.873679000,-36.946040000,0 174.873648000,-36.946048000,0 174.873614000,-36.946056000,0 174.873579000,-36.946063000,0 174.873522000,-36.946072000,0 174.873460000,-36.946079000,0 174.873344000,-36.946090000,0 174.873318000,-36.946093000,0 174.873178000,-36.946106000,0 174.873150000,-36.946108000,0 174.873098000,-36.946114000,0 174.873051000,-36.946118000,0 174.873005000,-36.946119000,0 174.872983000,-36.946120000,0 174.872962000,-36.946122000,0 174.872940000,-36.946126000,0 174.872919000,-36.946131000,0 174.872898000,-36.946138000,0 174.872877000,-36.946149000,0 174.872856000,-36.946163000,0 174.872835000,-36.946180000,0 174.872813000,-36.946200000,0 174.872792000,-36.946222000,0 174.872771000,-36.946245000,0 174.872750000,-36.946269000,0 174.872696000,-36.946334000,0 174.872667000,-36.946366000,0 174.872638000,-36.946402000,0 174.872609000,-36.946442000,0 174.872582000,-36.946476000,0 174.872573000,-36.946488000,0 174.872546000,-36.946526000,0 174.872536000,-36.946539000,0 174.872514000,-36.946564000,0 174.872502000,-36.946576000,0 174.872488000,-36.946588000,0 174.872458000,-36.946612000,0 174.872424000,-36.946636000,0 174.872406000,-36.946647000,0 174.872368000,-36.946669000,0 174.872348000,-36.946680000,0 174.872328000,-36.946690000,0 174.872308000,-36.946699000,0 174.872241000,-36.946723000,0 174.872217000,-36.946730000,0 174.872144000,-36.946748000,0 174.872017000,-36.946778000,0 174.871999000,-36.946783000,0 174.871981000,-36.946786000,0 174.871946000,-36.946793000,0 174.871909000,-36.946797000,0 174.871870000,-36.946799000,0 174.871830000,-36.946797000,0 174.871768000,-36.946791000,0 174.871707000,-36.946783000,0 174.871666000,-36.946778000,0 174.871603000,-36.946769000,0 174.871542000,-36.946761000,0 174.871504000,-36.946755000,0 174.871433000,-36.946746000,0 174.871375000,-36.946741000,0 174.871305000,-36.946737000,0 174.871239000,-36.946737000,0 174.871217000,-36.946738000,0 174.871164000,-36.946742000,0 174.871133000,-36.946745000,0 174.870947000,-36.946766000,0 174.870872000,-36.946774000,0 174.870838000,-36.946777000,0 174.870806000,-36.946779000,0 174.870774000,-36.946782000,0 174.870714000,-36.946786000,0 174.870626000,-36.946791000,0 174.870565000,-36.946795000,0 174.870533000,-36.946798000,0 174.870464000,-36.946803000,0 174.870319000,-36.946817000,0 174.870217000,-36.946828000,0 174.870104000,-36.946841000,0 174.869986000,-36.946857000,0 174.869890000,-36.946869000,0 174.869773000,-36.946882000,0 174.869722000,-36.946888000,0 174.869665000,-36.946896000,0 174.869539000,-36.946911000,0 174.869473000,-36.946921000,0 174.869407000,-36.946933000,0 174.869342000,-36.946949000,0 174.869308000,-36.946959000,0 174.869274000,-36.946970000,0 174.869207000,-36.946994000,0 174.869109000,-36.947030000,0 174.869049000,-36.947051000,0 174.869021000,-36.947060000,0 174.868895000,-36.947097000,0 174.868872000,-36.947104000,0 174.868828000,-36.947120000,0 174.868785000,-36.947138000,0 174.868763000,-36.947149000,0 174.868720000,-36.947173000,0 174.868681000,-36.947196000,0 174.868614000,-36.947238000,0 174.868609000,-36.947242000,0 174.868613000,-36.947246000,0 174.868579000,-36.947255000,0 174.868490000,-36.947272000,0 174.868443000,-36.947285000,0 174.868425000,-36.947295000,0 174.868414000,-36.947305000,0 174.868404000,-36.947316000,0 174.868389000,-36.947327000,0 174.868379000,-36.947333000,0 174.868365000,-36.947339000,0 174.868347000,-36.947345000,0 174.868303000,-36.947358000,0 174.868278000,-36.947364000,0 174.868173000,-36.947392000,0 174.868148000,-36.947400000,0 174.868104000,-36.947416000,0 174.868062000,-36.947434000,0 174.868041000,-36.947444000,0 174.867984000,-36.947473000,0 174.867937000,-36.947494000,0 174.867917000,-36.947500000,0 174.867905000,-36.947501000,0 174.867891000,-36.947500000,0 174.867874000,-36.947503000,0 174.867861000,-36.947507000,0 174.867827000,-36.947520000,0 174.867741000,-36.947556000,0 174.867690000,-36.947577000,0 174.867605000,-36.947607000,0 174.867545000,-36.947629000,0 174.867514000,-36.947640000,0 174.867481000,-36.947651000,0 174.867409000,-36.947674000,0 174.867323000,-36.947697000,0 174.867274000,-36.947708000,0 174.867217000,-36.947720000,0 174.867152000,-36.947733000,0 174.867080000,-36.947746000,0 174.867005000,-36.947760000,0 174.866928000,-36.947774000,0 174.866852000,-36.947787000,0 174.866780000,-36.947798000,0 174.866712000,-36.947808000,0 174.866653000,-36.947816000,0 174.866604000,-36.947821000,0 174.866565000,-36.947823000,0 174.866534000,-36.947823000,0 174.866510000,-36.947820000,0 174.866491000,-36.947816000,0 174.866476000,-36.947810000,0 174.866440000,-36.947792000,0 174.866425000,-36.947786000,0 174.866408000,-36.947781000,0 174.866349000,-36.947772000,0 174.866329000,-36.947770000,0 174.866289000,-36.947764000,0 174.866250000,-36.947756000,0 174.866231000,-36.947751000,0 174.866213000,-36.947745000,0 174.866195000,-36.947738000,0 174.866160000,-36.947720000,0 174.866126000,-36.947700000,0 174.866078000,-36.947667000,0 174.866046000,-36.947647000,0 174.866016000,-36.947629000,0 174.865986000,-36.947614000,0 174.865972000,-36.947606000,0 174.865943000,-36.947588000,0 174.865929000,-36.947577000,0 174.865914000,-36.947564000,0 174.865883000,-36.947530000,0 174.865866000,-36.947509000,0 174.865831000,-36.947462000,0 174.865813000,-36.947436000,0 174.865780000,-36.947385000,0 174.865765000,-36.947360000,0 174.865740000,-36.947315000,0 174.865731000,-36.947296000,0 174.865718000,-36.947263000,0 174.865714000,-36.947247000,0 174.865702000,-36.947185000,0 174.865689000,-36.947125000,0 174.865685000,-36.947100000,0 174.865677000,-36.947043000,0 174.865672000,-36.947015000,0 174.865668000,-36.946987000,0 174.865662000,-36.946961000,0 174.865656000,-36.946939000,0 174.865650000,-36.946920000,0 174.865642000,-36.946907000,0 174.865634000,-36.946900000,0 174.865625000,-36.946897000,0 174.865615000,-36.946898000,0 174.865605000,-36.946902000,0 174.865582000,-36.946916000,0 174.865570000,-36.946925000,0 174.865557000,-36.946933000,0 174.865529000,-36.946946000,0 174.865493000,-36.946955000,0 174.865473000,-36.946961000,0 174.865451000,-36.946966000,0 174.865429000,-36.946972000,0 174.865407000,-36.946977000,0 174.865352000,-36.946988000,0 174.865339000,-36.946989000,0 174.865322000,-36.946987000,0 174.865313000,-36.946980000,0 174.865309000,-36.946971000,0 174.865307000,-36.946940000,0 174.865310000,-36.946927000,0 174.865320000,-36.946912000,0 174.865332000,-36.946900000,0 174.865348000,-36.946886000,0 174.865378000,-36.946863000,0 174.865400000,-36.946849000,0 174.865423000,-36.946837000,0 174.865435000,-36.946833000,0 174.865461000,-36.946827000,0 174.865515000,-36.946819000,0 174.865540000,-36.946811000,0 174.865552000,-36.946805000,0 174.865572000,-36.946788000,0 174.865590000,-36.946767000,0 174.865615000,-36.946733000,0 174.865631000,-36.946710000,0 174.865640000,-36.946699000,0 174.865660000,-36.946678000,0 174.865712000,-36.946626000,0 174.865730000,-36.946606000,0 174.865751000,-36.946578000,0 174.865766000,-36.946560000,0 174.865777000,-36.946543000,0 174.865781000,-36.946528000,0 174.865777000,-36.946516000,0 174.865761000,-36.946508000,0 174.865736000,-36.946502000,0 174.865704000,-36.946499000,0 174.865652000,-36.946499000,0 174.865635000,-36.946500000,0 174.865618000,-36.946502000,0 174.865601000,-36.946505000,0 174.865565000,-36.946513000,0 174.865527000,-36.946523000,0 174.865486000,-36.946533000,0 174.865464000,-36.946539000,0 174.865442000,-36.946543000,0 174.865394000,-36.946553000,0 174.865342000,-36.946563000,0 174.865315000,-36.946569000,0 174.865287000,-36.946574000,0 174.865260000,-36.946578000,0 174.865233000,-36.946583000,0 174.865206000,-36.946587000,0 174.865180000,-36.946590000,0 174.865154000,-36.946594000,0 174.865128000,-36.946596000,0 174.865100000,-36.946599000,0 174.865046000,-36.946603000,0 174.864952000,-36.946607000,0 174.864904000,-36.946607000,0 174.864867000,-36.946603000,0 174.864851000,-36.946599000,0 174.864823000,-36.946590000,0 174.864790000,-36.946578000,0 174.864768000,-36.946568000,0 174.864757000,-36.946562000,0 174.864738000,-36.946550000,0 174.864729000,-36.946543000,0 174.864708000,-36.946521000,0 174.864692000,-36.946497000,0 174.864681000,-36.946477000,0 174.864670000,-36.946455000,0 174.864656000,-36.946430000,0 174.864634000,-36.946385000,0 174.864620000,-36.946354000,0 174.864609000,-36.946322000,0 174.864602000,-36.946291000,0 174.864600000,-36.946275000,0 174.864598000,-36.946243000,0 174.864598000,-36.946163000,0 174.864596000,-36.946133000,0 174.864593000,-36.946105000,0 174.864589000,-36.946078000,0 174.864585000,-36.946038000,0 174.864585000,-36.946024000,0 174.864587000,-36.945996000,0 174.864591000,-36.945966000,0 174.864600000,-36.945921000,0 174.864616000,-36.945863000,0 174.864621000,-36.945849000,0 174.864630000,-36.945820000,0 174.864645000,-36.945779000,0 174.864663000,-36.945743000,0 174.864677000,-36.945724000,0 174.864700000,-36.945705000,0 174.864746000,-36.945678000,0 174.864780000,-36.945653000,0 174.864807000,-36.945631000,0 174.864821000,-36.945621000,0 174.864834000,-36.945610000,0 174.864861000,-36.945591000,0 174.864883000,-36.945577000,0 174.864893000,-36.945572000,0 174.864909000,-36.945567000,0 174.864923000,-36.945566000,0 174.864942000,-36.945566000,0 174.864949000,-36.945565000,0 174.864971000,-36.945559000,0 174.864996000,-36.945551000,0 174.865011000,-36.945544000,0 174.865021000,-36.945534000,0 174.865024000,-36.945522000,0 174.865023000,-36.945514000,0 174.865012000,-36.945488000,0 174.865001000,-36.945469000,0 174.864991000,-36.945450000,0 174.864975000,-36.945414000,0 174.864972000,-36.945405000,0 174.864964000,-36.945388000,0 174.864949000,-36.945359000,0 174.864942000,-36.945349000,0 174.864925000,-36.945328000,0 174.864914000,-36.945317000,0 174.864890000,-36.945295000,0 174.864869000,-36.945272000,0 174.864861000,-36.945260000,0 174.864855000,-36.945247000,0 174.864852000,-36.945235000,0 174.864852000,-36.945222000,0 174.864854000,-36.945208000,0 174.864865000,-36.945178000,0 174.864880000,-36.945149000,0 174.864906000,-36.945108000,0 174.864919000,-36.945085000,0 174.864933000,-36.945067000,0 174.864968000,-36.945028000,0 174.864983000,-36.945009000,0 174.864998000,-36.944987000,0 174.865012000,-36.944962000,0 174.865044000,-36.944912000,0 174.865064000,-36.944888000,0 174.865097000,-36.944856000,0 174.865110000,-36.944845000,0 174.865149000,-36.944815000,0 174.865163000,-36.944806000,0 174.865205000,-36.944785000,0 174.865250000,-36.944770000,0 174.865281000,-36.944763000,0 174.865313000,-36.944759000,0 174.865346000,-36.944758000,0 174.865363000,-36.944759000,0 174.865396000,-36.944763000,0 174.865413000,-36.944766000,0 174.865447000,-36.944774000,0 174.865485000,-36.944784000,0 174.865505000,-36.944790000,0 174.865549000,-36.944801000,0 174.865602000,-36.944813000,0 174.865658000,-36.944827000,0 174.865686000,-36.944835000,0 174.865739000,-36.944851000,0 174.865783000,-36.944867000,0 174.865801000,-36.944876000,0 174.865817000,-36.944885000,0 174.865841000,-36.944905000,0 174.865862000,-36.944925000,0 174.865887000,-36.944946000,0 174.865902000,-36.944956000,0 174.865919000,-36.944966000,0 174.865963000,-36.944987000,0 174.866012000,-36.945011000,0 174.866038000,-36.945022000,0 174.866093000,-36.945044000,0 174.866147000,-36.945062000,0 174.866174000,-36.945069000,0 174.866200000,-36.945074000,0 174.866252000,-36.945082000,0 174.866279000,-36.945084000,0 174.866359000,-36.945087000,0 174.866385000,-36.945089000,0 174.866412000,-36.945090000,0 174.866438000,-36.945092000,0 174.866456000,-36.945096000,0 174.866567000,-36.945128000,0 174.866630000,-36.945145000,0 174.866681000,-36.945171000,0 174.866728000,-36.945187000,0 174.866775000,-36.945211000,0 174.866828000,-36.945236000,0 174.866859000,-36.945258000,0 174.866894000,-36.945285000,0 174.866931000,-36.945311000,0 174.866956000,-36.945338000,0 174.866972000,-36.945364000,0 174.866987000,-36.945390000,0 174.866988000,-36.945406000,0 174.866986000,-36.945422000,0 174.866980000,-36.945433000,0 174.866969000,-36.945457000,0 174.866950000,-36.945496000,0 174.866937000,-36.945527000,0 174.866925000,-36.945554000,0 174.866923000,-36.945587000,0 174.866918000,-36.945609000,0 174.866909000,-36.945636000,0 174.866924000,-36.945660000,0 174.866974000,-36.945683000,0 174.866995000,-36.945680000,0 174.867026000,-36.945660000,0 174.867049000,-36.945639000,0 174.867063000,-36.945623000,0 174.867096000,-36.945604000,0 174.867097000,-36.945605000,0 174.867115000,-36.945580000,0 174.867151000,-36.945555000,0 174.867171000,-36.945537000,0 174.867191000,-36.945520000,0 174.867197000,-36.945501000,0 174.867210000,-36.945476000,0 174.867218000,-36.945464000,0 174.867241000,-36.945439000,0 174.867281000,-36.945381000,0 174.867291000,-36.945349000,0 174.867310000,-36.945314000,0 174.867334000,-36.945239000,0 174.867349000,-36.945199000,0 174.867358000,-36.945148000,0 174.867369000,-36.945096000,0 174.867375000,-36.945059000,0 174.867377000,-36.945016000,0 174.867368000,-36.944973000,0 174.867368000,-36.944926000,0 174.867373000,-36.944899000,0 174.867376000,-36.944842000,0 174.867367000,-36.944808000,0 174.867352000,-36.944766000,0 174.867341000,-36.944744000,0 174.867328000,-36.944697000,0 174.867319000,-36.944654000,0 174.867316000,-36.944624000,0 174.867308000,-36.944593000,0 174.867300000,-36.944565000,0 174.867295000,-36.944531000,0 174.867289000,-36.944494000,0 174.867278000,-36.944421000,0 174.867265000,-36.944389000,0 174.867254000,-36.944358000,0 174.867256000,-36.944328000,0 174.867252000,-36.944300000,0 174.867223000,-36.944255000,0 174.867218000,-36.944199000,0 174.867219000,-36.944168000,0 174.867216000,-36.944141000,0 174.867237000,-36.944121000,0 174.867253000,-36.944093000,0 174.867251000,-36.944050000,0 174.867251000,-36.944016000,0 174.867248000,-36.943983000,0 174.867239000,-36.943938000,0 174.867231000,-36.943894000,0 174.867227000,-36.943864000,0 174.867231000,-36.943833000,0 174.867241000,-36.943789000,0 174.867243000,-36.943760000,0 174.867238000,-36.943732000,0 174.867240000,-36.943697000,0 174.867240000,-36.943672000,0 174.867238000,-36.943648000,0 174.867226000,-36.943617000,0 174.867198000,-36.943578000,0 174.867183000,-36.943570000,0 174.867159000,-36.943563000,0 174.867117000,-36.943566000,0 174.867070000,-36.943571000,0 174.867019000,-36.943571000,0 174.866951000,-36.943567000,0 174.866927000,-36.943567000,0 174.866889000,-36.943565000,0 174.866870000,-36.943563000,0 174.866851000,-36.943562000,0 174.866813000,-36.943556000,0 174.866796000,-36.943552000,0 174.866760000,-36.943542000,0 174.866708000,-36.943521000,0 174.866658000,-36.943497000,0 174.866642000,-36.943490000,0 174.866578000,-36.943458000,0 174.866546000,-36.943440000,0 174.866515000,-36.943422000,0 174.866492000,-36.943408000,0 174.866462000,-36.943389000,0 174.866432000,-36.943369000,0 174.866417000,-36.943360000,0 174.866401000,-36.943349000,0 174.866362000,-36.943331000,0 174.866355000,-36.943332000,0 174.866317000,-36.943314000,0 174.866282000,-36.943296000,0 174.866241000,-36.943281000,0 174.866206000,-36.943287000,0 174.866170000,-36.943288000,0 174.866163000,-36.943291000,0 174.866121000,-36.943300000,0 174.866091000,-36.943314000,0 174.866045000,-36.943339000,0 174.866027000,-36.943351000,0 174.866002000,-36.943374000,0 174.865957000,-36.943412000,0 174.865931000,-36.943433000,0 174.865928000,-36.943438000,0 174.865906000,-36.943458000,0 174.865872000,-36.943482000,0 174.865868000,-36.943486000,0 174.865834000,-36.943510000,0 174.865801000,-36.943526000,0 174.865796000,-36.943526000,0 174.865756000,-36.943522000,0 174.865754000,-36.943520000,0 174.865714000,-36.943505000,0 174.865704000,-36.943499000,0 174.865643000,-36.943446000,0 174.865639000,-36.943444000,0 174.865592000,-36.943425000,0 174.865543000,-36.943408000,0 174.865468000,-36.943385000,0 174.865435000,-36.943374000,0 174.865431000,-36.943371000,0 174.865413000,-36.943337000,0 174.865407000,-36.943309000,0 174.865417000,-36.943294000,0 174.865418000,-36.943260000,0 174.865409000,-36.943240000,0 174.865423000,-36.943227000,0 174.865438000,-36.943205000,0 174.865456000,-36.943181000,0 174.865471000,-36.943158000,0 174.865495000,-36.943150000,0 174.865533000,-36.943135000,0 174.865554000,-36.943133000,0 174.865601000,-36.943133000,0 174.865645000,-36.943125000,0 174.865648000,-36.943124000,0 174.865692000,-36.943118000,0 174.865702000,-36.943116000,0 174.865746000,-36.943109000,0 174.865754000,-36.943109000,0 174.865799000,-36.943106000,0 174.865828000,-36.943100000,0 174.865845000,-36.943078000,0 174.865850000,-36.943042000,0 174.865826000,-36.943024000,0 174.865801000,-36.942994000,0 174.865799000,-36.942993000,0 174.865770000,-36.942969000,0 174.865749000,-36.942945000,0 174.865743000,-36.942940000,0 174.865704000,-36.942921000,0 174.865666000,-36.942908000,0 174.865622000,-36.942891000,0 174.865598000,-36.942884000,0 174.865555000,-36.942873000,0 174.865526000,-36.942863000,0 174.865484000,-36.942851000,0 174.865464000,-36.942848000,0 174.865420000,-36.942843000,0 174.865415000,-36.942843000,0 174.865373000,-36.942837000,0 174.865329000,-36.942829000,0 174.865314000,-36.942824000,0 174.865272000,-36.942812000,0 174.865229000,-36.942804000,0 174.865185000,-36.942799000,0 174.865123000,-36.942795000,0 174.865093000,-36.942787000,0 174.865051000,-36.942790000,0 174.865048000,-36.942792000,0 174.865024000,-36.942798000,0 174.864975000,-36.942787000,0 174.864912000,-36.942790000,0 174.864894000,-36.942790000,0 174.864847000,-36.942801000,0 174.864833000,-36.942806000,0 174.864794000,-36.942824000,0 174.864782000,-36.942828000,0 174.864738000,-36.942839000,0 174.864698000,-36.942856000,0 174.864687000,-36.942864000,0 174.864656000,-36.942891000,0 174.864632000,-36.942910000,0 174.864609000,-36.942939000,0 174.864606000,-36.942947000,0 174.864585000,-36.942979000,0 174.864576000,-36.942991000,0 174.864555000,-36.943007000,0 174.864551000,-36.943009000,0 174.864522000,-36.943010000,0 174.864476000,-36.943005000,0 174.864432000,-36.942996000,0 174.864414000,-36.942997000,0 174.864370000,-36.943007000,0 174.864313000,-36.943017000,0 174.864276000,-36.943019000,0 174.864265000,-36.943022000,0 174.864231000,-36.943027000,0 174.864222000,-36.943031000,0 174.864181000,-36.943046000,0 174.864160000,-36.943062000,0 174.864142000,-36.943078000,0 174.864128000,-36.943105000,0 174.864114000,-36.943141000,0 174.864085000,-36.943160000,0 174.864074000,-36.943169000,0 174.864066000,-36.943174000,0 174.864047000,-36.943192000,0 174.864026000,-36.943200000,0 174.863984000,-36.943212000,0 174.863975000,-36.943214000,0 174.863931000,-36.943219000,0 174.863870000,-36.943218000,0 174.863826000,-36.943211000,0 174.863810000,-36.943214000,0 174.863765000,-36.943218000,0 174.863764000,-36.943217000,0 174.863719000,-36.943221000,0 174.863681000,-36.943235000,0 174.863680000,-36.943266000,0 174.863680000,-36.943288000,0 174.863679000,-36.943289000,0 174.863680000,-36.943316000,0 174.863681000,-36.943319000,0 174.863701000,-36.943352000,0 174.863724000,-36.943395000,0 174.863734000,-36.943404000,0 174.863756000,-36.943435000,0 174.863761000,-36.943458000,0 174.863784000,-36.943490000,0 174.863795000,-36.943502000,0 174.863825000,-36.943530000,0 174.863832000,-36.943539000,0 174.863846000,-36.943574000,0 174.863854000,-36.943597000,0 174.863864000,-36.943632000,0 174.863871000,-36.943666000,0 174.863871000,-36.943669000,0 174.863886000,-36.943709000,0 174.863909000,-36.943740000,0 174.863933000,-36.943769000,0 174.863935000,-36.943781000,0 174.863966000,-36.943808000,0 174.864000000,-36.943831000,0 174.864032000,-36.943849000,0 174.864054000,-36.943870000,0 174.864059000,-36.943892000,0 174.864065000,-36.943928000,0 174.864067000,-36.943960000,0 174.864057000,-36.943988000,0 174.864025000,-36.944003000,0 174.863996000,-36.944002000,0 174.863992000,-36.944003000,0 174.863952000,-36.943998000,0 174.863904000,-36.943989000,0 174.863853000,-36.943977000,0 174.863816000,-36.943973000,0 174.863772000,-36.943969000,0 174.863722000,-36.943955000,0 174.863701000,-36.943955000,0 174.863656000,-36.943961000,0 174.863624000,-36.943956000,0 174.863576000,-36.943955000,0 174.863531000,-36.943949000,0 174.863526000,-36.943950000,0 174.863500000,-36.943945000,0 174.863493000,-36.943945000,0 174.863461000,-36.943922000,0 174.863433000,-36.943921000,0 174.863402000,-36.943928000,0 174.863397000,-36.943931000,0 174.863373000,-36.943957000,0 174.863358000,-36.943986000,0 174.863335000,-36.944006000,0 174.863327000,-36.944012000,0 174.863292000,-36.944034000,0 174.863254000,-36.944051000,0 174.863214000,-36.944068000,0 174.863173000,-36.944092000,0 174.863134000,-36.944110000,0 174.863075000,-36.944127000,0 174.863051000,-36.944139000,0 174.863015000,-36.944160000,0 174.862955000,-36.944189000,0 174.862929000,-36.944203000,0 174.862895000,-36.944226000,0 174.862882000,-36.944236000,0 174.862855000,-36.944264000,0 174.862839000,-36.944292000,0 174.862836000,-36.944294000,0 174.862819000,-36.944324000,0 174.862818000,-36.944329000,0 174.862802000,-36.944363000,0 174.862775000,-36.944385000,0 174.862739000,-36.944416000,0 174.862703000,-36.944437000,0 174.862662000,-36.944463000,0 174.862617000,-36.944493000,0 174.862599000,-36.944503000,0 174.862560000,-36.944522000,0 174.862524000,-36.944535000,0 174.862523000,-36.944546000,0 174.862507000,-36.944555000,0 174.862503000,-36.944560000,0 174.862499000,-36.944573000,0 174.862492000,-36.944581000,0 174.862451000,-36.944590000,0 174.862285000,-36.944558000,0 174.862156000,-36.944536000,0 174.862133000,-36.944529000,0 174.862106000,-36.944552000,0 174.862092000,-36.944528000,0 174.862085000,-36.944506000,0 174.862077000,-36.944497000,0 174.862065000,-36.944488000,0 174.862055000,-36.944482000,0 174.862038000,-36.944463000,0 174.862028000,-36.944459000,0 174.861995000,-36.944437000,0 174.861983000,-36.944423000,0 174.861962000,-36.944393000,0 174.861951000,-36.944380000,0 174.861930000,-36.944350000,0 174.861903000,-36.944309000,0 174.861900000,-36.944285000,0 174.861893000,-36.944214000,0 174.861892000,-36.944213000,0 174.861888000,-36.944176000,0 174.861881000,-36.944140000,0 174.861873000,-36.944109000,0 174.861862000,-36.944073000,0 174.861848000,-36.944017000,0 174.861829000,-36.943948000,0 174.861813000,-36.943901000,0 174.861800000,-36.943865000,0 174.861790000,-36.943832000,0 174.861780000,-36.943791000,0 174.861764000,-36.943757000,0 174.861742000,-36.943724000,0 174.861741000,-36.943720000,0 174.861724000,-36.943685000,0 174.861708000,-36.943651000,0 174.861701000,-36.943608000,0 174.861676000,-36.943581000,0 174.861673000,-36.943580000,0 174.861653000,-36.943551000,0 174.861652000,-36.943508000,0 174.861631000,-36.943440000,0 174.861626000,-36.943411000,0 174.861618000,-36.943375000,0 174.861605000,-36.943341000,0 174.861586000,-36.943307000,0 174.861575000,-36.943286000,0 174.861552000,-36.943255000,0 174.861528000,-36.943234000,0 174.861492000,-36.943211000,0 174.861484000,-36.943207000,0 174.861442000,-36.943193000,0 174.861407000,-36.943180000,0 174.861389000,-36.943147000,0 174.861387000,-36.943139000,0 174.861387000,-36.943061000,0 174.861385000,-36.943054000,0 174.861383000,-36.943017000,0 174.861383000,-36.943007000,0 174.861388000,-36.942971000,0 174.861389000,-36.942952000,0 174.861392000,-36.942915000,0 174.861400000,-36.942879000,0 174.861420000,-36.942837000,0 174.861426000,-36.942814000,0 174.861430000,-36.942777000,0 174.861445000,-36.942716000,0 174.861449000,-36.942648000,0 174.861450000,-36.942640000,0 174.861457000,-36.942603000,0 174.861459000,-36.942585000,0 174.861471000,-36.942550000,0 174.861473000,-36.942549000,0 174.861505000,-36.942522000,0 174.861523000,-36.942505000,0 174.861524000,-36.942501000,0 174.861538000,-36.942474000,0 174.861568000,-36.942454000,0 174.861577000,-36.942447000,0 174.861616000,-36.942414000,0 174.861647000,-36.942386000,0 174.861685000,-36.942339000,0 174.861701000,-36.942325000,0 174.861734000,-36.942299000,0 174.861742000,-36.942292000,0 174.861771000,-36.942263000,0 174.861803000,-36.942225000,0 174.861818000,-36.942208000,0 174.861844000,-36.942177000,0 174.861848000,-36.942173000,0 174.861873000,-36.942143000,0 174.861895000,-36.942107000,0 174.861914000,-36.942082000,0 174.861934000,-36.942047000,0 174.861938000,-36.942011000,0 174.861928000,-36.941987000,0 174.861918000,-36.941952000,0 174.861899000,-36.941918000,0 174.861870000,-36.941889000,0 174.861834000,-36.941871000,0 174.861822000,-36.941850000,0 174.861823000,-36.941818000,0 174.861829000,-36.941766000,0 174.861838000,-36.941729000,0 174.861842000,-36.941718000,0 174.861858000,-36.941683000,0 174.861889000,-36.941641000,0 174.861911000,-36.941605000,0 174.861939000,-36.941589000,0 174.861974000,-36.941563000,0 174.861982000,-36.941559000,0 174.862020000,-36.941537000,0 174.862024000,-36.941534000,0 174.862052000,-36.941505000,0 174.862070000,-36.941478000,0 174.862086000,-36.941466000,0 174.862095000,-36.941456000,0 174.862105000,-36.941447000,0 174.862111000,-36.941437000,0 174.862120000,-36.941430000,0 174.862126000,-36.941423000,0 174.862138000,-36.941414000,0 174.862149000,-36.941403000,0 174.862155000,-36.941393000,0 174.862157000,-36.941386000,0 174.862169000,-36.941371000,0 174.862173000,-36.941364000,0 174.862182000,-36.941356000,0 174.862192000,-36.941341000,0 174.862204000,-36.941326000,0 174.862211000,-36.941311000,0 174.862213000,-36.941303000,0 174.862231000,-36.941274000,0 174.862232000,-36.941271000,0 174.862249000,-36.941259000,0 174.862264000,-36.941246000,0 174.862271000,-36.941241000,0 174.862281000,-36.941229000,0 174.862287000,-36.941206000,0 174.862291000,-36.941195000,0 174.862299000,-36.941181000,0 174.862300000,-36.941173000,0 174.862307000,-36.941160000,0 174.862316000,-36.941148000,0 174.862322000,-36.941125000,0 174.862325000,-36.941122000,0 174.862332000,-36.941108000,0 174.862360000,-36.941086000,0 174.862375000,-36.941071000,0 174.862388000,-36.941065000,0 174.862413000,-36.941055000,0 174.862436000,-36.941048000,0 174.862444000,-36.941044000,0 174.862460000,-36.941039000,0 174.862477000,-36.941035000,0 174.862504000,-36.941031000,0 174.862515000,-36.941026000,0 174.862522000,-36.941025000,0 174.862537000,-36.941020000,0 174.862551000,-36.941017000,0 174.862578000,-36.941009000,0 174.862594000,-36.941002000,0 174.862613000,-36.940983000,0 174.862623000,-36.940972000,0 174.862633000,-36.940959000,0 174.862643000,-36.940951000,0 174.862675000,-36.940920000,0 174.862682000,-36.940909000,0 174.862696000,-36.940894000,0 174.862697000,-36.940891000,0 174.862708000,-36.940878000,0 174.862715000,-36.940872000,0 174.862718000,-36.940867000,0 174.862728000,-36.940860000,0 174.862736000,-36.940849000,0 174.862738000,-36.940844000,0 174.862751000,-36.940829000,0 174.862753000,-36.940825000,0 174.862774000,-36.940798000,0 174.862789000,-36.940785000,0 174.862806000,-36.940772000,0 174.862818000,-36.940759000,0 174.862824000,-36.940748000,0 174.862828000,-36.940744000,0 174.862836000,-36.940730000,0 174.862846000,-36.940718000,0 174.862855000,-36.940711000,0 174.862882000,-36.940685000,0 174.862891000,-36.940679000,0 174.862906000,-36.940667000,0 174.862914000,-36.940658000,0 174.862931000,-36.940642000,0 174.862939000,-36.940636000,0 174.862950000,-36.940625000,0 174.862955000,-36.940623000,0 174.862963000,-36.940612000,0 174.862969000,-36.940607000,0 174.862977000,-36.940595000,0 174.862986000,-36.940588000,0 174.862997000,-36.940582000,0 174.863006000,-36.940574000,0 174.863024000,-36.940562000,0 174.863026000,-36.940559000,0 174.863038000,-36.940549000,0 174.863061000,-36.940537000,0 174.863068000,-36.940531000,0 174.863094000,-36.940518000,0 174.863102000,-36.940511000,0 174.863108000,-36.940509000,0 174.863122000,-36.940501000,0 174.863132000,-36.940498000,0 174.863147000,-36.940490000,0 174.863167000,-36.940481000,0 174.863180000,-36.940473000,0 174.863195000,-36.940466000,0 174.863210000,-36.940455000,0 174.863221000,-36.940449000,0 174.863242000,-36.940435000,0 174.863256000,-36.940429000,0 174.863258000,-36.940426000,0 174.863278000,-36.940416000,0 174.863282000,-36.940413000,0 174.863302000,-36.940408000,0 174.863334000,-36.940386000,0 174.863355000,-36.940374000,0 174.863360000,-36.940370000,0 174.863365000,-36.940362000,0 174.863379000,-36.940359000,0 174.863410000,-36.940343000,0 174.863426000,-36.940331000,0 174.863437000,-36.940325000,0 174.863438000,-36.940322000,0 174.863446000,-36.940316000,0 174.863449000,-36.940316000,0 174.863471000,-36.940306000,0 174.863482000,-36.940299000,0 174.863493000,-36.940290000,0 174.863501000,-36.940286000,0 174.863514000,-36.940274000,0 174.863530000,-36.940265000,0 174.863544000,-36.940256000,0 174.863565000,-36.940246000,0 174.863580000,-36.940243000,0 174.863604000,-36.940231000,0 174.863616000,-36.940223000,0 174.863627000,-36.940219000,0 174.863637000,-36.940213000,0 174.863653000,-36.940181000,0 174.863674000,-36.940151000,0 174.863678000,-36.940142000,0 174.863697000,-36.940120000,0 174.863723000,-36.940109000,0 174.863735000,-36.940099000,0 174.863744000,-36.940095000,0 174.863758000,-36.940093000,0 174.863777000,-36.940086000,0 174.863792000,-36.940083000,0 174.863799000,-36.940084000,0 174.863808000,-36.940082000,0 174.863823000,-36.940076000,0 174.863829000,-36.940071000,0 174.863846000,-36.940064000,0 174.863867000,-36.940043000,0 174.863869000,-36.940044000,0 174.863884000,-36.940040000,0 174.863903000,-36.940031000,0 174.863932000,-36.940019000,0 174.863945000,-36.940012000,0 174.863955000,-36.940008000,0 174.863969000,-36.940000000,0 174.863972000,-36.939997000,0 174.863991000,-36.939987000,0 174.864007000,-36.939971000,0 174.864017000,-36.939965000,0 174.864025000,-36.939955000,0 174.864032000,-36.939949000,0 174.864042000,-36.939933000,0 174.864064000,-36.939908000,0 174.864071000,-36.939899000,0 174.864092000,-36.939879000,0 174.864093000,-36.939876000,0 174.864103000,-36.939864000,0 174.864119000,-36.939842000,0 174.864128000,-36.939831000,0 174.864131000,-36.939830000,0 174.864153000,-36.939807000,0 174.864157000,-36.939799000,0 174.864161000,-36.939796000,0 174.864166000,-36.939788000,0 174.864186000,-36.939772000,0 174.864193000,-36.939758000,0 174.864198000,-36.939753000,0 174.864215000,-36.939740000,0 174.864222000,-36.939730000,0 174.864232000,-36.939723000,0 174.864235000,-36.939719000,0 174.864253000,-36.939708000,0 174.864257000,-36.939703000,0 174.864268000,-36.939696000,0 174.864271000,-36.939690000,0 174.864301000,-36.939677000,0 174.864316000,-36.939674000,0 174.864327000,-36.939669000,0 174.864353000,-36.939660000,0 174.864370000,-36.939656000,0 174.864374000,-36.939654000,0 174.864394000,-36.939649000,0 174.864424000,-36.939639000,0 174.864444000,-36.939634000,0 174.864454000,-36.939630000,0 174.864473000,-36.939627000,0 174.864485000,-36.939622000,0 174.864508000,-36.939611000,0 174.864517000,-36.939610000,0 174.864531000,-36.939605000,0 174.864547000,-36.939597000,0 174.864568000,-36.939591000,0 174.864585000,-36.939584000,0 174.864597000,-36.939578000,0 174.864616000,-36.939570000,0 174.864645000,-36.939560000,0 174.864648000,-36.939557000,0 174.864687000,-36.939543000,0 174.864705000,-36.939534000,0 174.864736000,-36.939524000,0 174.864742000,-36.939520000,0 174.864757000,-36.939513000,0 174.864767000,-36.939507000,0 174.864774000,-36.939501000,0 174.864789000,-36.939493000,0 174.864803000,-36.939488000,0 174.864809000,-36.939484000,0 174.864821000,-36.939479000,0 174.864831000,-36.939473000,0 174.864845000,-36.939463000,0 174.864853000,-36.939454000,0 174.864872000,-36.939442000,0 174.864894000,-36.939431000,0 174.864906000,-36.939423000,0 174.864915000,-36.939414000,0 174.864923000,-36.939409000,0 174.864931000,-36.939401000,0 174.864937000,-36.939399000,0 174.864953000,-36.939387000,0 174.864961000,-36.939384000,0 174.864976000,-36.939374000,0 174.864985000,-36.939366000,0 174.864998000,-36.939359000,0 174.865015000,-36.939340000,0 174.865025000,-36.939334000,0 174.865041000,-36.939318000,0 174.865047000,-36.939316000,0 174.865062000,-36.939303000,0 174.865078000,-36.939292000,0 174.865087000,-36.939283000,0 174.865090000,-36.939278000,0 174.865103000,-36.939270000,0 174.865123000,-36.939256000,0 174.865131000,-36.939249000,0 174.865141000,-36.939238000,0 174.865149000,-36.939227000,0 174.865157000,-36.939221000,0 174.865158000,-36.939218000,0 174.865173000,-36.939207000,0 174.865179000,-36.939200000,0 174.865199000,-36.939185000,0 174.865214000,-36.939175000,0 174.865226000,-36.939169000,0 174.865239000,-36.939159000,0 174.865244000,-36.939153000,0 174.865254000,-36.939147000,0 174.865267000,-36.939137000,0 174.865286000,-36.939118000,0 174.865289000,-36.939117000,0 174.865311000,-36.939103000,0 174.865330000,-36.939099000,0 174.865341000,-36.939087000,0 174.865371000,-36.939071000,0 174.865382000,-36.939064000,0 174.865387000,-36.939059000,0 174.865394000,-36.939056000,0 174.865397000,-36.939052000,0 174.865407000,-36.939045000,0 174.865419000,-36.939041000,0 174.865443000,-36.939027000,0 174.865452000,-36.939021000,0 174.865475000,-36.939014000,0 174.865487000,-36.939008000,0 174.865490000,-36.939005000,0 174.865516000,-36.938997000,0 174.865542000,-36.938991000,0 174.865553000,-36.938987000,0 174.865562000,-36.938981000,0 174.865580000,-36.938973000,0 174.865590000,-36.938973000,0 174.865602000,-36.938968000,0 174.865616000,-36.938964000,0 174.865626000,-36.938963000,0 174.865634000,-36.938960000,0 174.865653000,-36.938956000,0 174.865663000,-36.938950000,0 174.865673000,-36.938949000,0 174.865688000,-36.938950000,0 174.865705000,-36.938947000,0 174.865717000,-36.938948000,0 174.865723000,-36.938950000,0 174.865738000,-36.938949000,0 174.865755000,-36.938951000,0 174.865786000,-36.938950000,0 174.865812000,-36.938951000,0 174.865824000,-36.938949000,0 174.865840000,-36.938944000,0 174.865856000,-36.938941000,0 174.865899000,-36.938929000,0 174.865917000,-36.938919000,0 174.865940000,-36.938909000,0 174.865968000,-36.938893000,0 174.865977000,-36.938890000,0 174.865989000,-36.938884000,0 174.865992000,-36.938881000,0 174.866026000,-36.938872000,0 174.866061000,-36.938865000,0 174.866083000,-36.938863000,0 174.866101000,-36.938863000,0 174.866118000,-36.938864000,0 174.866154000,-36.938868000,0 174.866202000,-36.938877000,0 174.866274000,-36.938894000,0 174.866333000,-36.938900000,0 174.866385000,-36.938904000,0 174.866423000,-36.938906000,0 174.866439000,-36.938887000,0 174.866455000,-36.938863000,0 174.866496000,-36.938825000,0 174.866523000,-36.938808000,0 174.866544000,-36.938792000,0 174.866581000,-36.938773000,0 174.866628000,-36.938767000,0 174.866691000,-36.938763000,0 174.866792000,-36.938744000,0 174.866861000,-36.938733000,0 174.866943000,-36.938715000,0 174.866988000,-36.938706000,0 174.867035000,-36.938702000,0 174.867068000,-36.938700000,0 174.867119000,-36.938700000,0 174.867164000,-36.938693000,0 174.867209000,-36.938689000,0 174.867285000,-36.938667000,0 174.867323000,-36.938652000,0 174.867377000,-36.938626000,0 174.867411000,-36.938606000,0 174.867436000,-36.938596000,0 174.867475000,-36.938578000,0 174.867512000,-36.938560000,0 174.867551000,-36.938551000,0 174.867599000,-36.938547000,0 174.867640000,-36.938552000,0 174.867678000,-36.938572000,0 174.867719000,-36.938592000,0 174.867788000,-36.938640000,0 174.867849000,-36.938683000,0 174.867884000,-36.938707000,0 174.867948000,-36.938739000,0 174.867966000,-36.938756000,0 174.867976000,-36.938784000,0 174.867982000,-36.938813000,0 174.868027000,-36.938815000,0 174.868091000,-36.938795000,0 174.868106000,-36.938779000,0 174.868110000,-36.938759000,0 174.868112000,-36.938719000,0 174.868119000,-36.938694000,0 174.868118000,-36.938663000,0 174.868125000,-36.938636000,0 174.868157000,-36.938587000,0 174.868194000,-36.938542000,0 174.868226000,-36.938509000,0 174.868256000,-36.938495000,0 174.868269000,-36.938472000,0 174.868303000,-36.938440000,0 174.868342000,-36.938415000,0 174.868379000,-36.938381000,0 174.868417000,-36.938350000,0 174.868441000,-36.938323000,0 174.868522000,-36.938253000,0 174.868554000,-36.938224000,0 174.868588000,-36.938191000,0 174.868621000,-36.938162000,0 174.868654000,-36.938140000,0 174.868697000,-36.938105000,0 174.868731000,-36.938083000,0 174.868752000,-36.938074000,0 174.868773000,-36.938075000,0 174.868795000,-36.938080000,0 174.868823000,-36.938092000,0 174.868847000,-36.938109000,0 174.868873000,-36.938130000,0 174.868931000,-36.938146000,0 174.868953000,-36.938127000,0 174.868971000,-36.938096000,0 174.868987000,-36.938062000,0 174.868998000,-36.938023000,0 174.869000000,-36.937987000,0 174.869017000,-36.937958000,0 174.869037000,-36.937892000,0 174.869053000,-36.937851000,0 174.869079000,-36.937807000,0 174.869082000,-36.937777000,0 174.869058000,-36.937749000,0 174.869016000,-36.937719000,0 174.868951000,-36.937688000,0 174.868665000,-36.937590000,0 174.868610000,-36.937584000,0 174.868552000,-36.937592000,0 174.868517000,-36.937603000,0 174.868479000,-36.937613000,0 174.868441000,-36.937608000,0 174.868403000,-36.937592000,0 174.868369000,-36.937572000,0 174.868352000,-36.937535000,0 174.868351000,-36.937485000,0 174.868344000,-36.937450000,0 174.868356000,-36.937423000,0 174.868385000,-36.937403000,0 174.868482000,-36.937394000,0 174.868568000,-36.937390000,0 174.868653000,-36.937376000,0 174.868750000,-36.937366000,0 174.868827000,-36.937350000,0 174.868908000,-36.937340000,0 174.868956000,-36.937333000,0 174.869027000,-36.937322000,0 174.869075000,-36.937309000,0 174.869125000,-36.937300000,0 174.869186000,-36.937293000,0 174.869256000,-36.937279000,0 174.869315000,-36.937261000,0 174.869365000,-36.937265000,0 174.869448000,-36.937272000,0 174.869502000,-36.937269000,0 174.869580000,-36.937266000,0 174.869637000,-36.937259000,0 174.869710000,-36.937248000,0 174.869763000,-36.937245000,0 174.869826000,-36.937239000,0 174.869867000,-36.937252000,0 174.869878000,-36.937260000,0 174.869887000,-36.937283000,0 174.869881000,-36.937321000,0 174.869867000,-36.937367000,0 174.869848000,-36.937423000,0 174.869844000,-36.937464000,0 174.869836000,-36.937515000,0 174.869829000,-36.937539000,0 174.869827000,-36.937575000,0 174.869876000,-36.937670000,0 174.869922000,-36.937681000,0 174.869972000,-36.937678000,0 174.870022000,-36.937683000,0 174.870071000,-36.937695000,0 174.870128000,-36.937701000,0 174.870179000,-36.937697000,0 174.870237000,-36.937705000,0 174.870293000,-36.937720000,0 174.870342000,-36.937726000,0 174.870390000,-36.937729000,0 174.870441000,-36.937733000,0 174.870495000,-36.937748000,0 174.870539000,-36.937757000,0 174.870578000,-36.937777000,0 174.870612000,-36.937795000,0 174.870637000,-36.937822000,0 174.870664000,-36.937854000,0 174.870679000,-36.937901000,0 174.870682000,-36.937933000,0 174.870689000,-36.937945000,0 174.870695000,-36.937941000,0 174.870710000,-36.937921000,0 174.870719000,-36.937881000,0 174.870716000,-36.937841000,0 174.870708000,-36.937801000,0 174.870697000,-36.937756000,0 174.870665000,-36.937718000,0 174.870639000,-36.937690000,0 174.870614000,-36.937661000,0 174.870594000,-36.937636000,0 174.870569000,-36.937615000,0 174.870547000,-36.937592000,0 174.870520000,-36.937569000,0 174.870367000,-36.937482000,0 174.870292000,-36.937444000,0 174.870191000,-36.937405000,0 174.870132000,-36.937385000,0 174.870108000,-36.937375000,0 174.870094000,-36.937341000,0 174.870110000,-36.937304000,0 174.870150000,-36.937236000,0 174.870186000,-36.937187000,0 174.870240000,-36.937127000,0 174.870277000,-36.937068000,0 174.870316000,-36.937030000,0 174.870360000,-36.936986000,0 174.870410000,-36.936931000,0 174.870438000,-36.936888000,0 174.870442000,-36.936848000,0 174.870465000,-36.936795000,0 174.870496000,-36.936742000,0 174.870510000,-36.936723000,0 174.870563000,-36.936703000,0 174.870638000,-36.936694000,0 174.870741000,-36.936692000,0 174.870808000,-36.936704000,0 174.870875000,-36.936708000,0 174.870985000,-36.936728000,0 174.871061000,-36.936751000,0 174.871139000,-36.936777000,0 174.871227000,-36.936800000,0 174.871318000,-36.936796000,0 174.871385000,-36.936789000,0 174.871437000,-36.936754000,0 174.871487000,-36.936711000,0 174.871545000,-36.936708000,0 174.871604000,-36.936713000,0 174.871646000,-36.936715000,0 174.871680000,-36.936696000,0 174.871717000,-36.936669000,0 174.871715000,-36.936646000,0 174.871713000,-36.936599000,0 174.871678000,-36.936602000,0 174.871616000,-36.936627000,0 174.871540000,-36.936642000,0 174.871451000,-36.936648000,0 174.871370000,-36.936641000,0 174.871256000,-36.936623000,0 174.871165000,-36.936603000,0 174.871062000,-36.936572000,0 174.870961000,-36.936539000,0 174.870883000,-36.936512000,0 174.870798000,-36.936484000,0 174.870718000,-36.936459000,0 174.870660000,-36.936446000,0 174.870593000,-36.936442000,0 174.870522000,-36.936439000,0 174.870443000,-36.936442000,0 174.870390000,-36.936450000,0 174.870333000,-36.936462000,0 174.870274000,-36.936466000,0 174.870215000,-36.936473000,0 174.870182000,-36.936488000,0 174.870144000,-36.936503000,0 174.870100000,-36.936524000,0 174.870068000,-36.936555000,0 174.870035000,-36.936577000,0 174.870007000,-36.936600000,0 174.869980000,-36.936628000,0 174.869959000,-36.936651000,0 174.869908000,-36.936675000,0 174.869856000,-36.936686000,0 174.869813000,-36.936703000,0 174.869765000,-36.936704000,0 174.869717000,-36.936701000,0 174.869676000,-36.936697000,0 174.869633000,-36.936673000,0 174.869581000,-36.936651000,0 174.869526000,-36.936635000,0 174.869469000,-36.936603000,0 174.869408000,-36.936581000,0 174.869332000,-36.936561000,0 174.869269000,-36.936540000,0 174.869216000,-36.936516000,0 174.869167000,-36.936488000,0 174.869128000,-36.936458000,0 174.869050000,-36.936421000,0 174.868962000,-36.936392000,0 174.868891000,-36.936364000,0 174.868825000,-36.936353000,0 174.868775000,-36.936330000,0 174.868703000,-36.936317000,0 174.868649000,-36.936300000,0 174.868604000,-36.936278000,0 174.868565000,-36.936250000,0 174.868532000,-36.936221000,0 174.868521000,-36.936162000,0 174.868520000,-36.936130000,0 174.868521000,-36.936104000,0 174.868540000,-36.936050000,0 174.868557000,-36.936026000,0 174.868604000,-36.935988000,0 174.868642000,-36.935958000,0 174.868665000,-36.935946000,0 174.868701000,-36.935931000,0 174.868735000,-36.935908000,0 174.868766000,-36.935883000,0 174.868812000,-36.935845000,0 174.868834000,-36.935820000,0 174.868875000,-36.935777000,0 174.868902000,-36.935745000,0 174.868946000,-36.935704000,0 174.868975000,-36.935678000,0 174.869027000,-36.935648000,0 174.869072000,-36.935623000,0 174.869118000,-36.935599000,0 174.869178000,-36.935569000,0 174.869248000,-36.935540000,0 174.869301000,-36.935512000,0 174.869358000,-36.935489000,0 174.869431000,-36.935462000,0 174.869493000,-36.935434000,0 174.869575000,-36.935408000,0 174.869643000,-36.935399000,0 174.869684000,-36.935402000,0 174.869731000,-36.935406000,0 174.869796000,-36.935441000,0 174.869870000,-36.935457000,0 174.869957000,-36.935497000,0 174.870022000,-36.935522000,0 174.870082000,-36.935529000,0 174.870255000,-36.935520000,0 174.870510000,-36.935553000,0 174.870827000,-36.935543000,0 174.871001000,-36.935569000,0 174.871219000,-36.935595000,0 174.871242000,-36.935588000,0 174.871299000,-36.935562000,0 174.871362000,-36.935531000,0 174.871397000,-36.935519000,0 174.871441000,-36.935507000,0 174.871484000,-36.935498000,0 174.871524000,-36.935493000,0 174.871606000,-36.935507000,0 174.871680000,-36.935509000,0 174.871713000,-36.935501000,0 174.871760000,-36.935504000,0 174.871803000,-36.935509000,0 174.871846000,-36.935512000,0 174.871878000,-36.935511000,0 174.871905000,-36.935501000,0 174.871935000,-36.935493000,0 174.871965000,-36.935481000,0 174.871992000,-36.935461000,0 174.872008000,-36.935440000,0 174.872043000,-36.935414000,0 174.872095000,-36.935393000,0 174.872121000,-36.935381000,0 174.872151000,-36.935372000,0 174.872177000,-36.935363000,0 174.872220000,-36.935353000,0 174.872256000,-36.935339000,0 174.872289000,-36.935327000,0 174.872336000,-36.935303000,0 174.872370000,-36.935283000,0 174.872411000,-36.935266000,0 174.872477000,-36.935228000,0 174.872504000,-36.935214000,0 174.872525000,-36.935200000,0 174.872542000,-36.935185000,0 174.872559000,-36.935167000,0 174.872573000,-36.935151000,0 174.872597000,-36.935126000,0 174.872622000,-36.935102000,0 174.872643000,-36.935081000,0 174.872678000,-36.935038000,0 174.872695000,-36.935019000,0 174.872723000,-36.934990000,0 174.872756000,-36.934986000,0 174.872790000,-36.934989000,0 174.872816000,-36.934994000,0 174.872886000,-36.935005000,0 174.872905000,-36.935002000,0 174.872952000,-36.935018000,0 174.872987000,-36.935040000,0 174.873029000,-36.935075000,0 174.873061000,-36.935100000,0 174.873050000,-36.935109000,0 174.873112000,-36.935136000,0 174.873152000,-36.935156000,0 174.873185000,-36.935164000,0 174.873222000,-36.935175000,0 174.873269000,-36.935181000,0 174.873302000,-36.935193000,0 174.873339000,-36.935198000,0 174.873365000,-36.935198000,0 174.873397000,-36.935213000,0 174.873428000,-36.935230000,0 174.873464000,-36.935254000,0 174.873495000,-36.935274000,0 174.873520000,-36.935283000,0 174.873545000,-36.935306000,0 174.873561000,-36.935329000,0 174.873581000,-36.935346000,0 174.873573000,-36.935329000,0 174.873576000,-36.935306000,0 174.873571000,-36.935284000,0 174.873556000,-36.935261000,0 174.873539000,-36.935248000,0 174.873526000,-36.935234000,0 174.873502000,-36.935212000,0 174.873485000,-36.935185000,0 174.873437000,-36.935137000,0 174.873414000,-36.935110000,0 174.873397000,-36.935088000,0 174.873376000,-36.935066000,0 174.873363000,-36.935050000,0 174.873353000,-36.935028000,0 174.873343000,-36.935008000,0 174.873336000,-36.934989000,0 174.873323000,-36.934962000,0 174.873321000,-36.934941000,0 174.873331000,-36.934916000,0 174.873367000,-36.934876000,0 174.873383000,-36.934844000,0 174.873398000,-36.934817000,0 174.873413000,-36.934779000,0 174.873430000,-36.934762000,0 174.873451000,-36.934748000,0 174.873474000,-36.934734000,0 174.873498000,-36.934716000,0 174.873525000,-36.934699000,0 174.873549000,-36.934685000,0 174.873573000,-36.934668000,0 174.873602000,-36.934670000,0 174.873636000,-36.934675000,0 174.873676000,-36.934677000,0 174.873709000,-36.934685000,0 174.873743000,-36.934696000,0 174.873772000,-36.934692000,0 174.873805000,-36.934691000,0 174.873836000,-36.934699000,0 174.873895000,-36.934695000,0 174.873931000,-36.934708000,0 174.873959000,-36.934717000,0 174.873994000,-36.934730000,0 174.874026000,-36.934725000,0 174.874063000,-36.934718000,0 174.874087000,-36.934723000,0 174.874104000,-36.934721000,0 174.874114000,-36.934727000,0 174.874122000,-36.934734000,0 174.874135000,-36.934743000,0 174.874143000,-36.934754000,0 174.874153000,-36.934761000,0 174.874160000,-36.934769000,0 174.874184000,-36.934784000,0 174.874196000,-36.934788000,0 174.874212000,-36.934789000,0 174.874240000,-36.934784000,0 174.874256000,-36.934783000,0 174.874269000,-36.934778000,0 174.874286000,-36.934778000,0 174.874297000,-36.934777000,0 174.874310000,-36.934774000,0 174.874324000,-36.934775000,0 174.874346000,-36.934771000,0 174.874355000,-36.934772000,0 174.874366000,-36.934768000,0 174.874376000,-36.934766000,0 174.874391000,-36.934758000,0 174.874418000,-36.934757000,0 174.874440000,-36.934749000,0 174.874453000,-36.934748000,0 174.874467000,-36.934745000,0 174.874478000,-36.934739000,0 174.874490000,-36.934735000,0 174.874499000,-36.934728000,0 174.874510000,-36.934728000,0 174.874539000,-36.934735000,0 174.874557000,-36.934735000,0 174.874578000,-36.934727000,0 174.874618000,-36.934705000,0 174.874625000,-36.934697000,0 174.874646000,-36.934679000,0 174.874660000,-36.934669000,0 174.874675000,-36.934657000,0 174.874707000,-36.934646000,0 174.874746000,-36.934636000,0 174.874767000,-36.934627000,0 174.874794000,-36.934621000,0 174.874832000,-36.934632000,0 174.874853000,-36.934636000,0 174.874885000,-36.934640000,0 174.874905000,-36.934641000,0 174.874915000,-36.934634000,0 174.874919000,-36.934624000,0 174.874905000,-36.934608000,0 174.874885000,-36.934590000,0 174.874871000,-36.934579000,0 174.874849000,-36.934567000,0 174.874817000,-36.934559000,0 174.874801000,-36.934556000,0 174.874772000,-36.934545000,0 174.874757000,-36.934542000,0 174.874740000,-36.934541000,0 174.874725000,-36.934538000,0 174.874711000,-36.934537000,0 174.874697000,-36.934543000,0 174.874683000,-36.934545000,0 174.874657000,-36.934552000,0 174.874648000,-36.934558000,0 174.874634000,-36.934563000,0 174.874608000,-36.934571000,0 174.874587000,-36.934572000,0 174.874571000,-36.934568000,0 174.874561000,-36.934564000,0 174.874510000,-36.934558000,0 174.874472000,-36.934553000,0 174.874446000,-36.934548000,0 174.874414000,-36.934533000,0 174.874373000,-36.934515000,0 174.874332000,-36.934496000,0 174.874297000,-36.934486000,0 174.874249000,-36.934468000,0 174.874229000,-36.934461000,0 174.874209000,-36.934456000,0 174.874189000,-36.934449000,0 174.874151000,-36.934443000,0 174.874139000,-36.934440000,0 174.874107000,-36.934434000,0 174.874079000,-36.934423000,0 174.874053000,-36.934408000,0 174.874043000,-36.934400000,0 174.874034000,-36.934389000,0 174.874024000,-36.934382000,0 174.874014000,-36.934378000,0 174.873994000,-36.934360000,0 174.873976000,-36.934345000,0 174.873963000,-36.934329000,0 174.873961000,-36.934319000,0 174.873961000,-36.934303000,0 174.873959000,-36.934291000,0 174.873959000,-36.934280000,0 174.873955000,-36.934267000,0 174.873953000,-36.934253000,0 174.873953000,-36.934243000,0 174.873956000,-36.934229000,0 174.873957000,-36.934217000,0 174.873960000,-36.934211000,0 174.873962000,-36.934201000,0 174.873974000,-36.934182000,0 174.873986000,-36.934169000,0 174.874005000,-36.934157000,0 174.874017000,-36.934145000,0 174.874027000,-36.934137000,0 174.874038000,-36.934130000,0 174.874051000,-36.934120000,0 174.874091000,-36.934098000,0 174.874106000,-36.934085000,0 174.874118000,-36.934076000,0 174.874149000,-36.934060000,0 174.874167000,-36.934053000,0 174.874184000,-36.934044000,0 174.874202000,-36.934036000,0 174.874215000,-36.934027000,0 174.874236000,-36.934015000,0 174.874251000,-36.934010000,0 174.874274000,-36.934008000,0 174.874291000,-36.934005000,0 174.874311000,-36.934004000,0 174.874327000,-36.934001000,0 174.874346000,-36.934002000,0 174.874367000,-36.934002000,0 174.874384000,-36.933999000,0 174.874361000,-36.933991000,0 174.874348000,-36.933990000,0 174.874328000,-36.933985000,0 174.874308000,-36.933963000,0 174.874287000,-36.933954000,0 174.874285000,-36.933941000,0 174.874296000,-36.933927000,0 174.874311000,-36.933916000,0 174.874329000,-36.933898000,0 174.874353000,-36.933862000,0 174.874354000,-36.933844000,0 174.874340000,-36.933830000,0 174.874323000,-36.933837000,0 174.874301000,-36.933850000,0 174.874287000,-36.933861000,0 174.874270000,-36.933872000,0 174.874256000,-36.933878000,0 174.874244000,-36.933887000,0 174.874234000,-36.933892000,0 174.874222000,-36.933901000,0 174.874198000,-36.933929000,0 174.874178000,-36.933939000,0 174.874159000,-36.933955000,0 174.874144000,-36.933963000,0 174.874106000,-36.933979000,0 174.874067000,-36.933989000,0 174.874026000,-36.934005000,0 174.874008000,-36.934014000,0 174.873996000,-36.934022000,0 174.873984000,-36.934034000,0 174.873948000,-36.934055000,0 174.873930000,-36.934063000,0 174.873908000,-36.934074000,0 174.873893000,-36.934076000,0 174.873878000,-36.934087000,0 174.873860000,-36.934099000,0 174.873842000,-36.934110000,0 174.873818000,-36.934111000,0 174.873801000,-36.934122000,0 174.873779000,-36.934126000,0 174.873765000,-36.934121000,0 174.873747000,-36.934119000,0 174.873699000,-36.934109000,0 174.873681000,-36.934107000,0 174.873658000,-36.934103000,0 174.873638000,-36.934098000,0 174.873618000,-36.934088000,0 174.873598000,-36.934083000,0 174.873564000,-36.934066000,0 174.873524000,-36.934042000,0 174.873510000,-36.934031000,0 174.873491000,-36.934020000,0 174.873504000,-36.934036000,0 174.873519000,-36.934058000,0 174.873534000,-36.934076000,0 174.873543000,-36.934094000,0 174.873571000,-36.934118000,0 174.873583000,-36.934130000,0 174.873593000,-36.934148000,0 174.873606000,-36.934166000,0 174.873616000,-36.934187000,0 174.873619000,-36.934197000,0 174.873618000,-36.934215000,0 174.873618000,-36.934233000,0 174.873616000,-36.934258000,0 174.873606000,-36.934271000,0 174.873599000,-36.934282000,0 174.873585000,-36.934296000,0 174.873578000,-36.934307000,0 174.873571000,-36.934325000,0 174.873561000,-36.934343000,0 174.873544000,-36.934351000,0 174.873471000,-36.934392000,0 174.873439000,-36.934407000,0 174.873411000,-36.934415000,0 174.873373000,-36.934428000,0 174.873322000,-36.934452000,0 174.873306000,-36.934465000,0 174.873281000,-36.934481000,0 174.873262000,-36.934486000,0 174.873233000,-36.934498000,0 174.873202000,-36.934513000,0 174.873194000,-36.934499000,0 174.873160000,-36.934513000,0 174.873132000,-36.934524000,0 174.873101000,-36.934540000,0 174.873083000,-36.934553000,0 174.873070000,-36.934564000,0 174.873033000,-36.934590000,0 174.873022000,-36.934594000,0 174.873008000,-36.934609000,0 174.872997000,-36.934630000,0 174.872985000,-36.934645000,0 174.872970000,-36.934648000,0 174.872944000,-36.934651000,0 174.872925000,-36.934654000,0 174.872893000,-36.934657000,0 174.872886000,-36.934669000,0 174.872875000,-36.934685000,0 174.872874000,-36.934694000,0 174.872863000,-36.934709000,0 174.872846000,-36.934722000,0 174.872829000,-36.934737000,0 174.872796000,-36.934743000,0 174.872777000,-36.934749000,0 174.872714000,-36.934751000,0 174.872701000,-36.934749000,0 174.872679000,-36.934744000,0 174.872671000,-36.934743000,0 174.872630000,-36.934732000,0 174.872600000,-36.934728000,0 174.872585000,-36.934727000,0 174.872577000,-36.934728000,0 174.872561000,-36.934726000,0 174.872557000,-36.934724000,0 174.872534000,-36.934721000,0 174.872509000,-36.934721000,0 174.872497000,-36.934729000,0 174.872477000,-36.934746000,0 174.872469000,-36.934750000,0 174.872433000,-36.934742000,0 174.872424000,-36.934741000,0 174.872418000,-36.934738000,0 174.872405000,-36.934738000,0 174.872393000,-36.934743000,0 174.872378000,-36.934747000,0 174.872360000,-36.934753000,0 174.872344000,-36.934757000,0 174.872313000,-36.934767000,0 174.872292000,-36.934775000,0 174.872269000,-36.934778000,0 174.872238000,-36.934778000,0 174.872210000,-36.934776000,0 174.872193000,-36.934776000,0 174.872169000,-36.934771000,0 174.872152000,-36.934769000,0 174.872140000,-36.934765000,0 174.872123000,-36.934751000,0 174.872109000,-36.934743000,0 174.872102000,-36.934722000,0 174.872095000,-36.934708000,0 174.872086000,-36.934682000,0 174.872080000,-36.934650000,0 174.872070000,-36.934611000,0 174.872067000,-36.934590000,0 174.872058000,-36.934579000,0 174.872052000,-36.934568000,0 174.872033000,-36.934538000,0 174.872027000,-36.934526000,0 174.872025000,-36.934513000,0 174.872021000,-36.934503000,0 174.872021000,-36.934479000,0 174.872020000,-36.934471000,0 174.872028000,-36.934461000,0 174.872034000,-36.934451000,0 174.872040000,-36.934448000,0 174.872066000,-36.934438000,0 174.872083000,-36.934428000,0 174.872096000,-36.934418000,0 174.872116000,-36.934397000,0 174.872124000,-36.934392000,0 174.872132000,-36.934380000,0 174.872134000,-36.934372000,0 174.872133000,-36.934346000,0 174.872136000,-36.934314000,0 174.872136000,-36.934305000,0 174.872139000,-36.934298000,0 174.872141000,-36.934282000,0 174.872145000,-36.934267000,0 174.872142000,-36.934258000,0 174.872140000,-36.934238000,0 174.872133000,-36.934200000,0 174.872127000,-36.934186000,0 174.872120000,-36.934154000,0 174.872116000,-36.934128000,0 174.872113000,-36.934118000,0 174.872110000,-36.934093000,0 174.872112000,-36.934081000,0 174.872112000,-36.934070000,0 174.872114000,-36.934059000,0 174.872112000,-36.934038000,0 174.872109000,-36.934030000,0 174.872108000,-36.934020000,0 174.872104000,-36.934010000,0 174.872102000,-36.933997000,0 174.872097000,-36.933985000,0 174.872094000,-36.933971000,0 174.872090000,-36.933960000,0 174.872087000,-36.933947000,0 174.872079000,-36.933937000,0 174.872074000,-36.933927000,0 174.872071000,-36.933916000,0 174.872074000,-36.933905000,0 174.872073000,-36.933886000,0 174.872070000,-36.933873000,0 174.872069000,-36.933845000,0 174.872063000,-36.933819000,0 174.872047000,-36.933777000,0 174.872044000,-36.933766000,0 174.872037000,-36.933754000,0 174.872036000,-36.933741000,0 174.872013000,-36.933688000,0 174.872009000,-36.933669000,0 174.872004000,-36.933650000,0 174.872001000,-36.933630000,0 174.871996000,-36.933606000,0 174.871989000,-36.933585000,0 174.871980000,-36.933566000,0 174.871951000,-36.933527000,0 174.871935000,-36.933511000,0 174.871925000,-36.933494000,0 174.871896000,-36.933429000,0 174.871884000,-36.933404000,0 174.871876000,-36.933383000,0 174.871864000,-36.933367000,0 174.871857000,-36.933351000,0 174.871827000,-36.933308000,0 174.871811000,-36.933275000,0 174.871793000,-36.933236000,0 174.871771000,-36.933193000,0 174.871752000,-36.933142000,0 174.871728000,-36.933103000,0 174.871698000,-36.933064000,0 174.871689000,-36.933045000,0 174.871671000,-36.933009000,0 174.871640000,-36.932965000,0 174.871616000,-36.932912000,0 174.871550000,-36.932830000,0 174.871517000,-36.932788000,0 174.871490000,-36.932753000,0 174.871457000,-36.932714000,0 174.871427000,-36.932678000,0 174.871387000,-36.932647000,0 174.871366000,-36.932629000,0 174.871341000,-36.932606000,0 174.871292000,-36.932552000,0 174.871258000,-36.932522000,0 174.871234000,-36.932496000,0 174.871207000,-36.932482000,0 174.871182000,-36.932459000,0 174.871182000,-36.932438000,0 174.871193000,-36.932421000,0 174.871188000,-36.932394000,0 174.871177000,-36.932361000,0 174.871160000,-36.932338000,0 174.871140000,-36.932308000,0 174.871126000,-36.932278000,0 174.871104000,-36.932250000,0 174.871078000,-36.932225000,0 174.871056000,-36.932197000,0 174.871039000,-36.932174000,0 174.871011000,-36.932142000,0 174.870991000,-36.932112000,0 174.870977000,-36.932089000,0 174.870951000,-36.932030000,0 174.870931000,-36.932000000,0 174.870912000,-36.931976000,0 174.870908000,-36.931946000,0 174.870921000,-36.931928000,0 174.870935000,-36.931912000,0 174.870926000,-36.931888000,0 174.870906000,-36.931856000,0 174.870886000,-36.931821000,0 174.870844000,-36.931756000,0 174.870813000,-36.931723000,0 174.870759000,-36.931688000,0 174.870726000,-36.931698000,0 174.870693000,-36.931703000,0 174.870662000,-36.931706000,0 174.870626000,-36.931707000,0 174.870590000,-36.931710000,0 174.870553000,-36.931708000,0 174.870529000,-36.931695000,0 174.870503000,-36.931675000,0 174.870471000,-36.931633000,0 174.870393000,-36.931669000,0 174.870380000,-36.931614000,0 174.870357000,-36.931590000,0 174.870349000,-36.931579000,0 174.870339000,-36.931568000,0 174.870322000,-36.931551000,0 174.870297000,-36.931534000,0 174.870274000,-36.931520000,0 174.870236000,-36.931496000,0 174.870211000,-36.931467000,0 174.870191000,-36.931448000,0 174.870177000,-36.931431000,0 174.870139000,-36.931366000,0 174.870135000,-36.931342000,0 174.870132000,-36.931313000,0 174.870135000,-36.931291000,0 174.870135000,-36.931266000,0 174.870138000,-36.931244000,0 174.870135000,-36.931218000,0 174.870138000,-36.931200000,0 174.870132000,-36.931170000,0 174.870102000,-36.931089000,0 174.870078000,-36.931006000,0 174.870060000,-36.930967000,0 174.870060000,-36.930934000,0 174.870039000,-36.930929000,0 174.870009000,-36.930923000,0 174.869986000,-36.930915000,0 174.869965000,-36.930909000,0 174.869967000,-36.930888000,0 174.869957000,-36.930856000,0 174.869950000,-36.930825000,0 174.869954000,-36.930797000,0 174.869956000,-36.930776000,0 174.869933000,-36.930746000,0 174.869921000,-36.930720000,0 174.869900000,-36.930679000,0 174.869876000,-36.930638000,0 174.869864000,-36.930601000,0 174.869858000,-36.930562000,0 174.869846000,-36.930520000,0 174.869834000,-36.930490000,0 174.869825000,-36.930456000,0 174.869839000,-36.930429000,0 174.869847000,-36.930408000,0 174.869856000,-36.930382000,0 174.869875000,-36.930344000,0 174.869875000,-36.930311000,0 174.869874000,-36.930271000,0 174.869876000,-36.930233000,0 174.869872000,-36.930184000,0 174.869874000,-36.930139000,0 174.869856000,-36.930092000,0 174.869846000,-36.930052000,0 174.869843000,-36.930033000,0 174.869837000,-36.930003000,0 174.869822000,-36.929966000,0 174.869804000,-36.929917000,0 174.869789000,-36.929879000,0 174.869762000,-36.929823000,0 174.869729000,-36.929760000,0 174.869708000,-36.929728000,0 174.869679000,-36.929691000,0 174.869669000,-36.929655000,0 174.869654000,-36.929603000,0 174.869647000,-36.929552000,0 174.869623000,-36.929486000,0 174.869605000,-36.929424000,0 174.869587000,-36.929372000,0 174.869569000,-36.929319000,0 174.869540000,-36.929269000,0 174.869512000,-36.929198000,0 174.869480000,-36.929154000,0 174.869438000,-36.929078000,0 174.869412000,-36.929028000,0 174.869380000,-36.928987000,0 174.869307000,-36.928915000,0 174.869319000,-36.928899000,0 174.869271000,-36.928847000,0 174.869199000,-36.928771000,0 174.869136000,-36.928692000,0 174.869084000,-36.928631000,0 174.869027000,-36.928580000,0 174.868965000,-36.928516000,0 174.868890000,-36.928452000,0 174.868847000,-36.928403000,0 174.868787000,-36.928351000,0 174.868724000,-36.928278000,0 174.868663000,-36.928226000,0 174.868649000,-36.928204000,0 174.868664000,-36.928167000,0 174.868674000,-36.928129000,0 174.868689000,-36.928079000,0 174.868704000,-36.928039000,0 174.868705000,-36.927995000,0 174.868716000,-36.927956000,0 174.868733000,-36.927908000,0 174.868738000,-36.927852000,0 174.868746000,-36.927796000,0 174.868733000,-36.927750000,0 174.868745000,-36.927725000,0 174.868773000,-36.927697000,0 174.868797000,-36.927671000,0 174.868829000,-36.927635000,0 174.868859000,-36.927613000,0 174.868900000,-36.927587000,0 174.868942000,-36.927550000,0 174.868968000,-36.927519000,0 174.868992000,-36.927492000,0 174.869039000,-36.927484000,0 174.869089000,-36.927480000,0 174.869136000,-36.927479000,0 174.869193000,-36.927491000,0 174.869245000,-36.927488000,0 174.869296000,-36.927493000,0 174.869334000,-36.927490000,0 174.869397000,-36.927482000,0 174.869463000,-36.927476000,0 174.869529000,-36.927468000,0 174.869585000,-36.927462000,0 174.869635000,-36.927477000,0 174.869684000,-36.927502000,0 174.869734000,-36.927513000,0 174.869783000,-36.927520000,0 174.869829000,-36.927545000,0 174.869882000,-36.927570000,0 174.869924000,-36.927585000,0 174.869973000,-36.927605000,0 174.870009000,-36.927624000,0 174.870118000,-36.927698000,0 174.870161000,-36.927729000,0 174.870189000,-36.927769000,0 174.870248000,-36.927802000,0 174.870299000,-36.927821000,0 174.870333000,-36.927835000,0 174.870390000,-36.927862000,0 174.870437000,-36.927873000,0 174.870490000,-36.927887000,0 174.870562000,-36.927913000,0 174.870671000,-36.927934000,0 174.870721000,-36.927933000,0 174.870780000,-36.927948000,0 174.870864000,-36.927990000,0 174.870912000,-36.928020000,0 174.870977000,-36.928043000,0 174.871036000,-36.928051000,0 174.871110000,-36.928059000,0 174.871175000,-36.928078000,0 174.871240000,-36.928091000,0 174.871312000,-36.928099000,0 174.871371000,-36.928118000,0 174.871423000,-36.928117000,0 174.871510000,-36.928140000,0 174.871572000,-36.928150000,0 174.871603000,-36.928146000,0 174.871634000,-36.928162000,0 174.871659000,-36.928185000,0 174.871696000,-36.928213000,0 174.871724000,-36.928236000,0 174.871756000,-36.928261000,0 174.871801000,-36.928277000,0 174.871846000,-36.928318000,0 174.871878000,-36.928354000,0 174.871920000,-36.928393000,0 174.871961000,-36.928424000,0 174.871993000,-36.928481000,0 174.872033000,-36.928556000,0 174.872048000,-36.928610000,0 174.872094000,-36.928677000,0 174.872123000,-36.928727000,0 174.872146000,-36.928770000,0 174.872165000,-36.928826000,0 174.872197000,-36.928876000,0 174.872225000,-36.928923000,0 174.872249000,-36.928959000,0 174.872287000,-36.929009000,0 174.872337000,-36.929047000,0 174.872341000,-36.929088000,0 174.872348000,-36.929135000,0 174.872349000,-36.929182000,0 174.872347000,-36.929227000,0 174.872350000,-36.929248000,0 174.872336000,-36.929279000,0 174.872316000,-36.929316000,0 174.872326000,-36.929364000,0 174.872340000,-36.929412000,0 174.872360000,-36.929466000,0 174.872380000,-36.929487000,0 174.872393000,-36.929465000,0 174.872402000,-36.929430000,0 174.872402000,-36.929397000,0 174.872398000,-36.929360000,0 174.872395000,-36.929315000,0 174.872403000,-36.929289000,0 174.872425000,-36.929266000,0 174.872428000,-36.929248000,0 174.872449000,-36.929218000,0 174.872465000,-36.929170000,0 174.872464000,-36.929136000,0 174.872464000,-36.929093000,0 174.872447000,-36.929032000,0 174.872489000,-36.929011000,0 174.872499000,-36.928975000,0 174.872501000,-36.928941000,0 174.872503000,-36.928891000,0 174.872495000,-36.928853000,0 174.872539000,-36.928822000,0 174.872561000,-36.928787000,0 174.872578000,-36.928756000,0 174.872604000,-36.928734000,0 174.872639000,-36.928695000,0 174.872674000,-36.928652000,0 174.872720000,-36.928617000,0 174.872750000,-36.928579000,0 174.872800000,-36.928535000,0 174.872847000,-36.928463000,0 174.872894000,-36.928418000,0 174.872966000,-36.928351000,0 174.873067000,-36.928314000,0 174.873146000,-36.928276000,0 174.873204000,-36.928243000,0 174.873319000,-36.928212000,0 174.873394000,-36.928179000,0 174.873491000,-36.928152000,0 174.873572000,-36.928133000,0 174.873641000,-36.928119000,0 174.873710000,-36.928118000,0 174.873822000,-36.928127000,0 174.873783000,-36.928132000,0 174.873956000,-36.928145000,0 174.874110000,-36.928185000,0 174.874162000,-36.928212000,0 174.874260000,-36.928237000,0 174.874407000,-36.928288000,0 174.874549000,-36.928313000,0 174.874669000,-36.928342000,0 174.874771000,-36.928362000,0 174.874908000,-36.928390000,0 174.875006000,-36.928352000,0 174.875096000,-36.928324000,0 174.875155000,-36.928333000,0 174.875244000,-36.928346000,0 174.875288000,-36.928351000,0 174.875346000,-36.928350000,0 174.875391000,-36.928348000,0 174.875414000,-36.928350000,0 174.875445000,-36.928355000,0 174.875478000,-36.928363000,0 174.875519000,-36.928368000,0 174.875541000,-36.928370000,0 174.875577000,-36.928375000,0 174.875617000,-36.928370000,0 174.875663000,-36.928369000,0 174.875704000,-36.928366000,0 174.875728000,-36.928367000,0 174.875771000,-36.928379000,0 174.875821000,-36.928392000,0 174.875875000,-36.928401000,0 174.875994000,-36.928419000,0 174.876079000,-36.928428000,0 174.876159000,-36.928439000,0 174.876220000,-36.928446000,0 174.876254000,-36.928449000,0 174.876310000,-36.928455000,0 174.876349000,-36.928454000,0 174.876495000,-36.928460000,0 174.876556000,-36.928461000,0 174.876614000,-36.928458000,0 174.876663000,-36.928458000,0 174.876724000,-36.928457000,0 174.876779000,-36.928463000,0 174.876816000,-36.928464000,0 174.876869000,-36.928478000,0 174.876936000,-36.928494000,0 174.876988000,-36.928511000,0 174.877050000,-36.928523000,0 174.877112000,-36.928523000,0 174.877162000,-36.928527000,0 174.877197000,-36.928520000,0 174.877231000,-36.928532000,0 174.877253000,-36.928539000,0 174.877291000,-36.928547000,0 174.877376000,-36.928549000,0 174.877420000,-36.928547000,0 174.877464000,-36.928549000,0 174.877525000,-36.928550000,0 174.877564000,-36.928563000,0 174.877615000,-36.928573000,0 174.877646000,-36.928573000,0 174.877678000,-36.928570000,0 174.877720000,-36.928630000,0 174.877742000,-36.928654000,0 174.877772000,-36.928666000,0 174.877774000,-36.928666000,0 174.877807000,-36.928696000,0 174.877844000,-36.928725000,0 174.877873000,-36.928769000,0 174.877882000,-36.928802000,0 174.877885000,-36.928819000,0 174.877876000,-36.928843000,0 174.877864000,-36.928868000,0 174.877846000,-36.928900000,0 174.877830000,-36.928930000,0 174.877807000,-36.928964000,0 174.877779000,-36.929003000,0 174.877763000,-36.929020000,0 174.877734000,-36.929049000,0 174.877716000,-36.929068000,0 174.877694000,-36.929085000,0 174.877690000,-36.929103000,0 174.877683000,-36.929118000,0 174.877662000,-36.929130000,0 174.877626000,-36.929141000,0 174.877600000,-36.929185000,0 174.877580000,-36.929211000,0 174.877552000,-36.929235000,0 174.877503000,-36.929286000,0 174.877446000,-36.929329000,0 174.877407000,-36.929362000,0 174.877371000,-36.929381000,0 174.877350000,-36.929403000,0 174.877329000,-36.929431000,0 174.877303000,-36.929463000,0 174.877288000,-36.929489000,0 174.877273000,-36.929518000,0 174.877248000,-36.929543000,0 174.877232000,-36.929562000,0 174.877226000,-36.929573000,0 174.877210000,-36.929580000,0 174.877215000,-36.929593000,0 174.877213000,-36.929605000,0 174.877223000,-36.929678000,0 174.877233000,-36.929700000,0 174.877237000,-36.929722000,0 174.877225000,-36.929753000,0 174.877207000,-36.929786000,0 174.877192000,-36.929799000,0 174.877181000,-36.929814000,0 174.877182000,-36.929842000,0 174.877181000,-36.929859000,0 174.877200000,-36.929899000,0 174.877230000,-36.929943000,0 174.877241000,-36.929972000,0 174.877242000,-36.930008000,0 174.877242000,-36.930039000,0 174.877245000,-36.930095000,0 174.877255000,-36.930131000,0 174.877254000,-36.930157000,0 174.877256000,-36.930195000,0 174.877260000,-36.930225000,0 174.877260000,-36.930256000,0 174.877264000,-36.930285000,0 174.877269000,-36.930308000,0 174.877268000,-36.930344000,0 174.877263000,-36.930382000,0 174.877265000,-36.930421000,0 174.877281000,-36.930462000,0 174.877275000,-36.930500000,0 174.877262000,-36.930533000,0 174.877261000,-36.930552000,0 174.877271000,-36.930589000,0 174.877275000,-36.930610000,0 174.877269000,-36.930639000,0 174.877270000,-36.930670000,0 174.877279000,-36.930689000,0 174.877292000,-36.930705000,0 174.877298000,-36.930725000,0 174.877303000,-36.930748000,0 174.877268000,-36.930787000,0 174.877262000,-36.930812000,0 174.877258000,-36.930840000,0 174.877256000,-36.930863000,0 174.877258000,-36.930886000,0 174.877256000,-36.930904000,0 174.877212000,-36.930981000,0 174.877199000,-36.931013000,0 174.877173000,-36.931042000,0 174.877149000,-36.931065000,0 174.877118000,-36.931091000,0 174.877097000,-36.931113000,0 174.877063000,-36.931133000,0 174.877044000,-36.931145000,0 174.877016000,-36.931155000,0 174.877003000,-36.931166000,0 174.876995000,-36.931200000,0 174.876985000,-36.931233000,0 174.876981000,-36.931273000,0 174.876983000,-36.931311000,0 174.876971000,-36.931350000,0 174.876964000,-36.931376000,0 174.876961000,-36.931396000,0 174.876963000,-36.931414000,0 174.876975000,-36.931439000,0 174.877000000,-36.931474000,0 174.877025000,-36.931507000,0 174.877048000,-36.931533000,0 174.877085000,-36.931554000,0 174.877120000,-36.931591000,0 174.877161000,-36.931631000,0 174.877202000,-36.931667000,0 174.877234000,-36.931685000,0 174.877269000,-36.931708000,0 174.877315000,-36.931727000,0 174.877335000,-36.931758000,0 174.877362000,-36.931778000,0 174.877404000,-36.931803000,0 174.877438000,-36.931820000,0 174.877471000,-36.931827000,0 174.877517000,-36.931856000,0 174.877560000,-36.931885000,0 174.877613000,-36.931915000,0 174.877654000,-36.931927000,0 174.877668000,-36.931948000,0 174.877674000,-36.931974000,0 174.877671000,-36.932014000,0 174.877663000,-36.932042000,0 174.877621000,-36.932024000,0 174.877605000,-36.932070000,0 174.877565000,-36.932107000,0 174.877593000,-36.932099000,0 174.877612000,-36.932089000,0 174.877639000,-36.932081000,0 174.877669000,-36.932062000,0 174.877698000,-36.932057000,0 174.877735000,-36.932049000,0 174.877777000,-36.932037000,0 174.877817000,-36.932024000,0 174.877828000,-36.932027000,0 174.877838000,-36.932032000,0 174.877859000,-36.932051000,0 174.877882000,-36.932068000,0 174.877902000,-36.932074000,0 174.877939000,-36.932095000,0 174.877976000,-36.932115000,0 174.878008000,-36.932118000,0 174.878048000,-36.932113000,0 174.878087000,-36.932110000,0 174.878113000,-36.932104000,0 174.878154000,-36.932105000,0 174.878207000,-36.932099000,0 174.878248000,-36.932091000,0 174.878269000,-36.932090000,0 174.878309000,-36.932087000,0 174.878345000,-36.932088000,0 174.878405000,-36.932107000,0 174.878458000,-36.932127000,0 174.878494000,-36.932139000,0 174.878534000,-36.932155000,0 174.878571000,-36.932172000,0 174.878598000,-36.932186000,0 174.878625000,-36.932207000,0 174.878646000,-36.932221000,0 174.878664000,-36.932237000,0 174.878691000,-36.932252000,0 174.878724000,-36.932283000,0 174.878738000,-36.932304000,0 174.878747000,-36.932322000,0 174.878752000,-36.932344000,0 174.878762000,-36.932363000,0 174.878772000,-36.932385000,0 174.878784000,-36.932404000,0 174.878793000,-36.932428000,0 174.878796000,-36.932451000,0 174.878803000,-36.932483000,0 174.878820000,-36.932514000,0 174.878836000,-36.932526000,0 174.878872000,-36.932546000,0 174.878908000,-36.932557000,0 174.878928000,-36.932562000,0 174.878935000,-36.932559000,0 174.878927000,-36.932537000,0 174.878926000,-36.932506000,0 174.878921000,-36.932485000,0 174.878900000,-36.932464000,0 174.878885000,-36.932443000,0 174.878866000,-36.932428000,0 174.878857000,-36.932404000,0 174.878855000,-36.932381000,0 174.878855000,-36.932362000,0 174.878854000,-36.932346000,0 174.878845000,-36.932316000,0 174.878839000,-36.932291000,0 174.878838000,-36.932269000,0 174.878832000,-36.932257000,0 174.878814000,-36.932229000,0 174.878809000,-36.932216000,0 174.878791000,-36.932194000,0 174.878782000,-36.932171000,0 174.878757000,-36.932149000,0 174.878724000,-36.932124000,0 174.878697000,-36.932108000,0 174.878662000,-36.932094000,0 174.878622000,-36.932068000,0 174.878600000,-36.932057000,0 174.878561000,-36.932039000,0 174.878537000,-36.932027000,0 174.878512000,-36.932005000,0 174.878481000,-36.931987000,0 174.878441000,-36.931980000,0 174.878392000,-36.931968000,0 174.878339000,-36.931949000,0 174.878299000,-36.931923000,0 174.878264000,-36.931919000,0 174.878227000,-36.931913000,0 174.878196000,-36.931905000,0 174.878167000,-36.931885000,0 174.878135000,-36.931876000,0 174.878114000,-36.931871000,0 174.878086000,-36.931860000,0 174.878048000,-36.931841000,0 174.878025000,-36.931827000,0 174.877977000,-36.931794000,0 174.877952000,-36.931781000,0 174.877912000,-36.931758000,0 174.877864000,-36.931731000,0 174.877842000,-36.931707000,0 174.877825000,-36.931684000,0 174.877812000,-36.931662000,0 174.877797000,-36.931631000,0 174.877783000,-36.931613000,0 174.877714000,-36.931577000,0 174.877674000,-36.931558000,0 174.877639000,-36.931544000,0 174.877603000,-36.931537000,0 174.877584000,-36.931522000,0 174.877556000,-36.931504000,0 174.877538000,-36.931491000,0 174.877521000,-36.931469000,0 174.877507000,-36.931442000,0 174.877497000,-36.931404000,0 174.877503000,-36.931385000,0 174.877520000,-36.931368000,0 174.877551000,-36.931326000,0 174.877591000,-36.931278000,0 174.877602000,-36.931261000,0 174.877613000,-36.931246000,0 174.877627000,-36.931225000,0 174.877638000,-36.931199000,0 174.877658000,-36.931158000,0 174.877677000,-36.931084000,0 174.877686000,-36.931055000,0 174.877695000,-36.931029000,0 174.877705000,-36.931012000,0 174.877727000,-36.930997000,0 174.877748000,-36.930986000,0 174.877778000,-36.930972000,0 174.877797000,-36.930958000,0 174.877834000,-36.930929000,0 174.877836000,-36.930914000,0 174.877826000,-36.930891000,0 174.877812000,-36.930867000,0 174.877794000,-36.930824000,0 174.877782000,-36.930792000,0 174.877782000,-36.930759000,0 174.877788000,-36.930718000,0 174.877792000,-36.930683000,0 174.877798000,-36.930651000,0 174.877803000,-36.930611000,0 174.877797000,-36.930579000,0 174.877781000,-36.930550000,0 174.877769000,-36.930515000,0 174.877768000,-36.930480000,0 174.877777000,-36.930442000,0 174.877785000,-36.930400000,0 174.877783000,-36.930376000,0 174.877773000,-36.930343000,0 174.877752000,-36.930312000,0 174.877746000,-36.930273000,0 174.877745000,-36.930250000,0 174.877762000,-36.930214000,0 174.877771000,-36.930182000,0 174.877780000,-36.930156000,0 174.877792000,-36.930128000,0 174.877799000,-36.930097000,0 174.877808000,-36.930073000,0 174.877820000,-36.930038000,0 174.877825000,-36.930004000,0 174.877820000,-36.929971000,0 174.877794000,-36.929908000,0 174.877789000,-36.929866000,0 174.877785000,-36.929825000,0 174.877769000,-36.929785000,0 174.877764000,-36.929748000,0 174.877769000,-36.929715000,0 174.877807000,-36.929688000,0 174.877843000,-36.929666000,0 174.877878000,-36.929634000,0 174.877908000,-36.929605000,0 174.877941000,-36.929578000,0 174.877973000,-36.929559000,0 174.878015000,-36.929539000,0 174.878072000,-36.929515000,0 174.878102000,-36.929502000,0 174.878132000,-36.929483000,0 174.878181000,-36.929448000,0 174.878208000,-36.929417000,0 174.878250000,-36.929372000,0 174.878288000,-36.929335000,0 174.878335000,-36.929303000,0 174.878390000,-36.929274000,0 174.878446000,-36.929249000,0 174.878496000,-36.929235000,0 174.878530000,-36.929230000,0 174.878587000,-36.929233000,0 174.878659000,-36.929240000,0 174.878758000,-36.929254000,0 174.878805000,-36.929254000,0 174.878872000,-36.929255000,0 174.878949000,-36.929261000,0 174.879009000,-36.929286000,0 174.879082000,-36.929314000,0 174.879146000,-36.929334000,0 174.879203000,-36.929354000,0 174.879251000,-36.929376000,0 174.879254000,-36.929383000,0 174.879298000,-36.929411000,0 174.879341000,-36.929424000,0 174.879396000,-36.929438000,0 174.879441000,-36.929452000,0 174.879465000,-36.929466000,0 174.879500000,-36.929504000,0 174.879520000,-36.929525000,0 174.879565000,-36.929555000,0 174.879602000,-36.929576000,0 174.879652000,-36.929614000,0 174.879696000,-36.929630000,0 174.879722000,-36.929643000,0 174.879760000,-36.929651000,0 174.879800000,-36.929666000,0 174.879870000,-36.929683000,0 174.879914000,-36.929692000,0 174.879965000,-36.929697000,0 174.880018000,-36.929700000,0 174.880050000,-36.929714000,0 174.880098000,-36.929730000,0 174.880147000,-36.929757000,0 174.880172000,-36.929773000,0 174.880218000,-36.929813000,0 174.880227000,-36.929833000,0 174.880230000,-36.929857000,0 174.880229000,-36.929892000,0 174.880252000,-36.929928000,0 174.880253000,-36.929972000,0 174.880290000,-36.930019000,0 174.880347000,-36.930035000,0 174.880412000,-36.930054000,0 174.880455000,-36.930063000,0 174.880506000,-36.930077000,0 174.880536000,-36.930101000,0 174.880581000,-36.930120000,0 174.880637000,-36.930147000,0 174.880681000,-36.930165000,0 174.880749000,-36.930185000,0 174.880779000,-36.930191000,0 174.880791000,-36.930196000,0 174.880778000,-36.930179000,0 174.880754000,-36.930159000,0 174.880734000,-36.930137000,0 174.880700000,-36.930118000,0 174.880669000,-36.930103000,0 174.880628000,-36.930076000,0 174.880586000,-36.930063000,0 174.880546000,-36.930034000,0 174.880521000,-36.930010000,0 174.880481000,-36.929990000,0 174.880458000,-36.929966000,0 174.880453000,-36.929943000,0 174.880430000,-36.929909000,0 174.880419000,-36.929895000,0 174.880398000,-36.929866000,0 174.880387000,-36.929837000,0 174.880381000,-36.929800000,0 174.880354000,-36.929756000,0 174.880338000,-36.929716000,0 174.880341000,-36.929683000,0 174.880350000,-36.929650000,0 174.880326000,-36.929604000,0 174.880299000,-36.929571000,0 174.880282000,-36.929524000,0 174.880240000,-36.929462000,0 174.880196000,-36.929436000,0 174.880146000,-36.929412000,0 174.880114000,-36.929393000,0 174.880080000,-36.929387000,0 174.880021000,-36.929386000,0 174.879986000,-36.929381000,0 174.879918000,-36.929348000,0 174.879880000,-36.929339000,0 174.879846000,-36.929326000,0 174.879823000,-36.929310000,0 174.879808000,-36.929286000,0 174.879794000,-36.929247000,0 174.879780000,-36.929205000,0 174.879769000,-36.929161000,0 174.879778000,-36.929126000,0 174.879774000,-36.929093000,0 174.879768000,-36.929049000,0 174.879773000,-36.929015000,0 174.879779000,-36.928987000,0 174.879798000,-36.928950000,0 174.879792000,-36.928894000,0 174.879805000,-36.928873000,0 174.879824000,-36.928833000,0 174.879824000,-36.928791000,0 174.879829000,-36.928734000,0 174.879850000,-36.928697000,0 174.879913000,-36.928632000,0 174.879933000,-36.928592000,0 174.879929000,-36.928555000,0 174.879948000,-36.928494000,0 174.879957000,-36.928458000,0 174.879952000,-36.928435000,0 174.879958000,-36.928429000,0 174.879968000,-36.928414000,0 174.879975000,-36.928392000,0 174.879984000,-36.928374000,0 174.880008000,-36.928330000,0 174.880012000,-36.928321000,0 174.880028000,-36.928291000,0 174.880036000,-36.928271000,0 174.880045000,-36.928259000,0 174.880075000,-36.928235000,0 174.880073000,-36.928220000,0 174.880082000,-36.928208000,0 174.880104000,-36.928172000,0 174.880114000,-36.928152000,0 174.880121000,-36.928135000,0 174.880124000,-36.928121000,0 174.880137000,-36.928090000,0 174.880158000,-36.928066000,0 174.880180000,-36.928039000,0 174.880192000,-36.928022000,0 174.880217000,-36.928005000,0 174.880227000,-36.927995000,0 174.880246000,-36.927982000,0 174.880257000,-36.927971000,0 174.880270000,-36.927954000,0 174.880293000,-36.927935000,0 174.880316000,-36.927912000,0 174.880338000,-36.927899000,0 174.880375000,-36.927868000,0 174.880414000,-36.927831000,0 174.880440000,-36.927809000,0 174.880452000,-36.927793000,0 174.880467000,-36.927786000,0 174.880482000,-36.927774000,0 174.880496000,-36.927754000,0 174.880511000,-36.927738000,0 174.880528000,-36.927716000,0 174.880539000,-36.927705000,0 174.880556000,-36.927692000,0 174.880568000,-36.927680000,0 174.880586000,-36.927667000,0 174.880604000,-36.927652000,0 174.880626000,-36.927626000,0 174.880639000,-36.927620000,0 174.880667000,-36.927599000,0 174.880699000,-36.927578000,0 174.880717000,-36.927557000,0 174.880750000,-36.927525000,0 174.880753000,-36.927509000,0 174.880768000,-36.927452000,0 174.880777000,-36.927434000,0 174.880808000,-36.927398000,0 174.880832000,-36.927338000,0 174.880853000,-36.927323000,0 174.880870000,-36.927307000,0 174.880902000,-36.927282000,0 174.880919000,-36.927264000,0 174.880936000,-36.927249000,0 174.880950000,-36.927222000,0 174.880957000,-36.927211000,0 174.880971000,-36.927186000,0 174.880978000,-36.927171000,0 174.881000000,-36.927143000,0 174.881016000,-36.927113000,0 174.881029000,-36.927082000,0 174.881043000,-36.927065000,0 174.881060000,-36.927040000,0 174.881073000,-36.927024000,0 174.881094000,-36.927008000,0 174.881107000,-36.926995000,0 174.881119000,-36.926987000,0 174.881162000,-36.926975000,0 174.881172000,-36.926976000,0 174.881202000,-36.926967000,0 174.881229000,-36.926972000,0 174.881262000,-36.926971000,0 174.881283000,-36.926971000,0 174.881305000,-36.926979000,0 174.881323000,-36.926977000,0 174.881342000,-36.926982000,0 174.881379000,-36.926986000,0 174.881417000,-36.926997000,0 174.881480000,-36.926993000,0 174.881534000,-36.926999000,0 174.881576000,-36.927009000,0 174.881624000,-36.927016000,0 174.881720000,-36.927046000,0 174.881922000,-36.927118000,0 174.881984000,-36.927150000,0 174.882066000,-36.927175000,0 174.882181000,-36.927206000,0 174.882269000,-36.927263000,0 174.882336000,-36.927339000,0 174.882356000,-36.927376000,0 174.882427000,-36.927383000,0 174.882551000,-36.927353000,0 174.882663000,-36.927306000,0 174.882752000,-36.927292000,0 174.882898000,-36.927305000,0 174.883070000,-36.927343000,0 174.883227000,-36.927397000,0 174.883368000,-36.927421000,0 174.883504000,-36.927435000,0 174.883629000,-36.927439000,0 174.883822000,-36.927456000,0 174.883873000,-36.927462000,0 174.883929000,-36.927462000,0 174.883999000,-36.927486000,0 174.884029000,-36.927493000,0 174.884066000,-36.927501000,0 174.884096000,-36.927508000,0 174.884126000,-36.927516000,0 174.884141000,-36.927519000,0 174.884150000,-36.927522000,0 174.884180000,-36.927530000,0 174.884219000,-36.927543000,0 174.884233000,-36.927546000,0 174.884254000,-36.927553000,0 174.884277000,-36.927567000,0 174.884298000,-36.927574000,0 174.884332000,-36.927587000,0 174.884351000,-36.927597000,0 174.884382000,-36.927615000,0 174.884429000,-36.927644000,0 174.884446000,-36.927657000,0 174.884463000,-36.927669000,0 174.884495000,-36.927689000,0 174.884566000,-36.927726000,0 174.884577000,-36.927731000,0 174.884615000,-36.927751000,0 174.884633000,-36.927762000,0 174.884650000,-36.927774000,0 174.884673000,-36.927792000,0 174.884688000,-36.927806000,0 174.884706000,-36.927826000,0 174.884734000,-36.927855000,0 174.884751000,-36.927881000,0 174.884760000,-36.927898000,0 174.884774000,-36.927930000,0 174.884793000,-36.927976000,0 174.884809000,-36.928010000,0 174.884835000,-36.928059000,0 174.884842000,-36.928071000,0 174.884850000,-36.928088000,0 174.884864000,-36.928114000,0 174.884890000,-36.928151000,0 174.884897000,-36.928169000,0 174.884901000,-36.928187000,0 174.884902000,-36.928206000,0 174.884900000,-36.928225000,0 174.884893000,-36.928250000,0 174.884876000,-36.928293000,0 174.884864000,-36.928312000,0 174.884852000,-36.928328000,0 174.884831000,-36.928346000,0 174.884810000,-36.928362000,0 174.884795000,-36.928376000,0 174.884778000,-36.928390000,0 174.884760000,-36.928402000,0 174.884737000,-36.928412000,0 174.884715000,-36.928416000,0 174.884668000,-36.928418000,0 174.884646000,-36.928421000,0 174.884606000,-36.928432000,0 174.884584000,-36.928437000,0 174.884563000,-36.928444000,0 174.884530000,-36.928459000,0 174.884508000,-36.928471000,0 174.884496000,-36.928486000,0 174.884488000,-36.928504000,0 174.884479000,-36.928529000,0 174.884472000,-36.928563000,0 174.884472000,-36.928582000,0 174.884476000,-36.928609000,0 174.884482000,-36.928645000,0 174.884489000,-36.928678000,0 174.884492000,-36.928696000,0 174.884492000,-36.928704000,0 174.884497000,-36.928722000,0 174.884505000,-36.928739000,0 174.884512000,-36.928763000,0 174.884517000,-36.928774000,0 174.884520000,-36.928785000,0 174.884484000,-36.928802000,0 174.884457000,-36.928811000,0 174.884436000,-36.928820000,0 174.884420000,-36.928832000,0 174.884414000,-36.928838000,0 174.884405000,-36.928855000,0 174.884402000,-36.928866000,0 174.884400000,-36.928884000,0 174.884400000,-36.928902000,0 174.884403000,-36.928938000,0 174.884398000,-36.928955000,0 174.884383000,-36.928974000,0 174.884378000,-36.928988000,0 174.884366000,-36.929003000,0 174.884352000,-36.929018000,0 174.884349000,-36.929023000,0 174.884336000,-36.929038000,0 174.884320000,-36.929051000,0 174.884289000,-36.929080000,0 174.884275000,-36.929094000,0 174.884250000,-36.929121000,0 174.884234000,-36.929134000,0 174.884217000,-36.929146000,0 174.884201000,-36.929159000,0 174.884180000,-36.929170000,0 174.884172000,-36.929180000,0 174.884162000,-36.929202000,0 174.884155000,-36.929234000,0 174.884140000,-36.929247000,0 174.884130000,-36.929251000,0 174.884112000,-36.929255000,0 174.884100000,-36.929250000,0 174.884092000,-36.929244000,0 174.884077000,-36.929257000,0 174.884064000,-36.929279000,0 174.884056000,-36.929295000,0 174.884043000,-36.929315000,0 174.884042000,-36.929325000,0 174.884064000,-36.929334000,0 174.884087000,-36.929337000,0 174.884100000,-36.929337000,0 174.884122000,-36.929334000,0 174.884143000,-36.929327000,0 174.884165000,-36.929318000,0 174.884185000,-36.929309000,0 174.884204000,-36.929299000,0 174.884223000,-36.929290000,0 174.884261000,-36.929270000,0 174.884286000,-36.929259000,0 174.884340000,-36.929231000,0 174.884358000,-36.929219000,0 174.884381000,-36.929205000,0 174.884443000,-36.929161000,0 174.884471000,-36.929144000,0 174.884508000,-36.929128000,0 174.884529000,-36.929122000,0 174.884546000,-36.929115000,0 174.884564000,-36.929104000,0 174.884579000,-36.929090000,0 174.884590000,-36.929076000,0 174.884600000,-36.929060000,0 174.884610000,-36.929028000,0 174.884616000,-36.929011000,0 174.884620000,-36.928993000,0 174.884622000,-36.928977000,0 174.884623000,-36.928959000,0 174.884623000,-36.928930000,0 174.884637000,-36.928894000,0 174.884636000,-36.928876000,0 174.884633000,-36.928871000,0 174.884629000,-36.928853000,0 174.884633000,-36.928836000,0 174.884640000,-36.928817000,0 174.884649000,-36.928799000,0 174.884658000,-36.928760000,0 174.884665000,-36.928737000,0 174.884669000,-36.928718000,0 174.884679000,-36.928695000,0 174.884690000,-36.928678000,0 174.884703000,-36.928663000,0 174.884730000,-36.928643000,0 174.884747000,-36.928634000,0 174.884790000,-36.928623000,0 174.884811000,-36.928617000,0 174.884833000,-36.928612000,0 174.884865000,-36.928603000,0 174.884887000,-36.928598000,0 174.884901000,-36.928593000,0 174.884924000,-36.928588000,0 174.884945000,-36.928580000,0 174.884961000,-36.928572000,0 174.884975000,-36.928558000,0 174.884986000,-36.928542000,0 174.884995000,-36.928524000,0 174.885008000,-36.928505000,0 174.885037000,-36.928460000,0 174.885061000,-36.928429000,0 174.885083000,-36.928399000,0 174.885095000,-36.928384000,0 174.885128000,-36.928336000,0 174.885135000,-36.928325000,0 174.885154000,-36.928292000,0 174.885163000,-36.928275000,0 174.885175000,-36.928255000,0 174.885186000,-36.928239000,0 174.885197000,-36.928215000,0 174.885201000,-36.928197000,0 174.885203000,-36.928179000,0 174.885203000,-36.928161000,0 174.885200000,-36.928133000,0 174.885197000,-36.928115000,0 174.885187000,-36.928081000,0 174.885183000,-36.928063000,0 174.885172000,-36.928028000,0 174.885162000,-36.928005000,0 174.885153000,-36.927988000,0 174.885144000,-36.927973000,0 174.885135000,-36.927956000,0 174.885113000,-36.927924000,0 174.885101000,-36.927909000,0 174.885091000,-36.927895000,0 174.885082000,-36.927878000,0 174.885074000,-36.927861000,0 174.885068000,-36.927843000,0 174.885064000,-36.927825000,0 174.885063000,-36.927805000,0 174.885065000,-36.927785000,0 174.885062000,-36.927767000,0 174.885049000,-36.927735000,0 174.885038000,-36.927700000,0 174.885032000,-36.927666000,0 174.885032000,-36.927647000,0 174.885035000,-36.927628000,0 174.885041000,-36.927611000,0 174.885050000,-36.927594000,0 174.885060000,-36.927579000,0 174.885090000,-36.927552000,0 174.885097000,-36.927542000,0 174.885116000,-36.927532000,0 174.885139000,-36.927524000,0 174.885161000,-36.927518000,0 174.885188000,-36.927508000,0 174.885205000,-36.927496000,0 174.885238000,-36.927470000,0 174.885256000,-36.927458000,0 174.885274000,-36.927447000,0 174.885289000,-36.927441000,0 174.885311000,-36.927434000,0 174.885333000,-36.927430000,0 174.885356000,-36.927427000,0 174.885363000,-36.927427000,0 174.885385000,-36.927423000,0 174.885408000,-36.927415000,0 174.885430000,-36.927410000,0 174.885470000,-36.927414000,0 174.885493000,-36.927411000,0 174.885548000,-36.927399000,0 174.885571000,-36.927396000,0 174.885594000,-36.927394000,0 174.885608000,-36.927396000,0 174.885634000,-36.927402000,0 174.885651000,-36.927408000,0 174.885668000,-36.927417000,0 174.885673000,-36.927428000,0 174.885695000,-36.927431000,0 174.885717000,-36.927427000,0 174.885733000,-36.927423000,0 174.885770000,-36.927416000,0 174.885784000,-36.927412000,0 174.885808000,-36.927412000,0 174.885812000,-36.927416000,0 174.885831000,-36.927415000,0 174.885850000,-36.927405000,0 174.885892000,-36.927391000,0 174.885913000,-36.927379000,0 174.885918000,-36.927374000,0 174.885938000,-36.927364000,0 174.885961000,-36.927359000,0 174.885984000,-36.927357000,0 174.886007000,-36.927356000,0 174.886031000,-36.927349000,0 174.886044000,-36.927351000,0 174.886053000,-36.927363000,0 174.886057000,-36.927365000,0 174.886080000,-36.927363000,0 174.886101000,-36.927363000,0 174.886122000,-36.927368000,0 174.886145000,-36.927366000,0 174.886168000,-36.927362000,0 174.886207000,-36.927350000,0 174.886251000,-36.927336000,0 174.886273000,-36.927331000,0 174.886295000,-36.927331000,0 174.886296000,-36.927332000,0 174.886319000,-36.927332000,0 174.886342000,-36.927328000,0 174.886377000,-36.927325000,0 174.886391000,-36.927330000,0 174.886397000,-36.927341000,0 174.886421000,-36.927341000,0 174.886446000,-36.927343000,0 174.886462000,-36.927339000,0 174.886469000,-36.927329000,0 174.886471000,-36.927311000,0 174.886469000,-36.927292000,0 174.886470000,-36.927290000,0 174.886490000,-36.927282000,0 174.886518000,-36.927277000,0 174.886539000,-36.927275000,0 174.886565000,-36.927270000,0 174.886585000,-36.927261000,0 174.886595000,-36.927255000,0 174.886615000,-36.927245000,0 174.886620000,-36.927238000,0 174.886623000,-36.927227000,0 174.886616000,-36.927214000,0 174.886618000,-36.927207000,0 174.886637000,-36.927203000,0 174.886669000,-36.927191000,0 174.886679000,-36.927184000,0 174.886679000,-36.927189000,0 174.886688000,-36.927206000,0 174.886695000,-36.927213000,0 174.886711000,-36.927226000,0 174.886744000,-36.927245000,0 174.886756000,-36.927249000,0 174.886780000,-36.927251000,0 174.886803000,-36.927250000,0 174.886832000,-36.927250000,0 174.886846000,-36.927255000,0 174.886874000,-36.927267000,0 174.886895000,-36.927277000,0 174.886916000,-36.927289000,0 174.886946000,-36.927303000,0 174.887029000,-36.927331000,0 174.887049000,-36.927339000,0 174.887076000,-36.927352000,0 174.887106000,-36.927378000,0 174.887121000,-36.927392000,0 174.887133000,-36.927401000,0 174.887150000,-36.927412000,0 174.887168000,-36.927422000,0 174.887201000,-36.927438000,0 174.887241000,-36.927454000,0 174.887279000,-36.927467000,0 174.887299000,-36.927475000,0 174.887320000,-36.927481000,0 174.887362000,-36.927495000,0 174.887380000,-36.927500000,0 174.887401000,-36.927509000,0 174.887444000,-36.927525000,0 174.887465000,-36.927532000,0 174.887486000,-36.927537000,0 174.887513000,-36.927539000,0 174.887532000,-36.927535000,0 174.887550000,-36.927527000,0 174.887568000,-36.927517000,0 174.887586000,-36.927506000,0 174.887604000,-36.927493000,0 174.887641000,-36.927469000,0 174.887660000,-36.927458000,0 174.887685000,-36.927449000,0 174.887706000,-36.927443000,0 174.887749000,-36.927433000,0 174.887769000,-36.927430000,0 174.887837000,-36.927424000,0 174.887859000,-36.927421000,0 174.887873000,-36.927417000,0 174.887892000,-36.927406000,0 174.887909000,-36.927393000,0 174.887927000,-36.927381000,0 174.887945000,-36.927372000,0 174.887957000,-36.927369000,0 174.887978000,-36.927371000,0 174.888000000,-36.927376000,0 174.888022000,-36.927383000,0 174.888066000,-36.927389000,0 174.888089000,-36.927391000,0 174.888127000,-36.927396000,0 174.888149000,-36.927400000,0 174.888192000,-36.927410000,0 174.888234000,-36.927422000,0 174.888277000,-36.927432000,0 174.888302000,-36.927437000,0 174.888325000,-36.927438000,0 174.888348000,-36.927440000,0 174.888370000,-36.927443000,0 174.888383000,-36.927447000,0 174.888402000,-36.927456000,0 174.888419000,-36.927467000,0 174.888436000,-36.927480000,0 174.888453000,-36.927492000,0 174.888466000,-36.927500000,0 174.888536000,-36.927520000,0 174.888577000,-36.927536000,0 174.888596000,-36.927546000,0 174.888631000,-36.927568000,0 174.888647000,-36.927581000,0 174.888664000,-36.927596000,0 174.888678000,-36.927610000,0 174.888691000,-36.927625000,0 174.888713000,-36.927655000,0 174.888732000,-36.927687000,0 174.888739000,-36.927704000,0 174.888748000,-36.927729000,0 174.888752000,-36.927747000,0 174.888755000,-36.927765000,0 174.888755000,-36.927783000,0 174.888753000,-36.927815000,0 174.888750000,-36.927833000,0 174.888739000,-36.927868000,0 174.888731000,-36.927885000,0 174.888712000,-36.927918000,0 174.888688000,-36.927949000,0 174.888667000,-36.927973000,0 174.888638000,-36.928000000,0 174.888622000,-36.928012000,0 174.888574000,-36.928051000,0 174.888566000,-36.928058000,0 174.888539000,-36.928087000,0 174.888515000,-36.928117000,0 174.888504000,-36.928133000,0 174.888481000,-36.928164000,0 174.888459000,-36.928195000,0 174.888421000,-36.928243000,0 174.888382000,-36.928288000,0 174.888356000,-36.928316000,0 174.888313000,-36.928358000,0 174.888292000,-36.928375000,0 174.888258000,-36.928399000,0 174.888205000,-36.928432000,0 174.888188000,-36.928444000,0 174.888158000,-36.928467000,0 174.888128000,-36.928495000,0 174.888102000,-36.928524000,0 174.888090000,-36.928539000,0 174.888079000,-36.928555000,0 174.888067000,-36.928575000,0 174.888056000,-36.928591000,0 174.888036000,-36.928624000,0 174.888028000,-36.928641000,0 174.888021000,-36.928658000,0 174.888016000,-36.928676000,0 174.888011000,-36.928711000,0 174.888011000,-36.928734000,0 174.888013000,-36.928752000,0 174.888017000,-36.928770000,0 174.888023000,-36.928787000,0 174.888029000,-36.928800000,0 174.888039000,-36.928816000,0 174.888051000,-36.928831000,0 174.888077000,-36.928861000,0 174.888086000,-36.928873000,0 174.888110000,-36.928907000,0 174.888120000,-36.928925000,0 174.888127000,-36.928942000,0 174.888131000,-36.928959000,0 174.888130000,-36.928978000,0 174.888122000,-36.928992000,0 174.888109000,-36.929005000,0 174.888092000,-36.929017000,0 174.888073000,-36.929028000,0 174.888019000,-36.929058000,0 174.887951000,-36.929106000,0 174.887919000,-36.929132000,0 174.887904000,-36.929146000,0 174.887877000,-36.929174000,0 174.887859000,-36.929200000,0 174.887846000,-36.929217000,0 174.887835000,-36.929234000,0 174.887827000,-36.929252000,0 174.887822000,-36.929269000,0 174.887822000,-36.929286000,0 174.887823000,-36.929293000,0 174.887831000,-36.929308000,0 174.887843000,-36.929324000,0 174.887856000,-36.929339000,0 174.887866000,-36.929352000,0 174.887873000,-36.929369000,0 174.887879000,-36.929386000,0 174.887883000,-36.929404000,0 174.887886000,-36.929422000,0 174.887887000,-36.929448000,0 174.887887000,-36.929466000,0 174.887882000,-36.929501000,0 174.887878000,-36.929519000,0 174.887869000,-36.929550000,0 174.887860000,-36.929577000,0 174.887848000,-36.929611000,0 174.887834000,-36.929645000,0 174.887818000,-36.929679000,0 174.887811000,-36.929696000,0 174.887777000,-36.929767000,0 174.887777000,-36.929786000,0 174.887782000,-36.929793000,0 174.887790000,-36.929794000,0 174.887801000,-36.929789000,0 174.887814000,-36.929780000,0 174.887829000,-36.929767000,0 174.887861000,-36.929732000,0 174.887878000,-36.929711000,0 174.887895000,-36.929688000,0 174.887927000,-36.929642000,0 174.887940000,-36.929619000,0 174.887946000,-36.929607000,0 174.887956000,-36.929591000,0 174.887973000,-36.929557000,0 174.887980000,-36.929539000,0 174.887985000,-36.929522000,0 174.887989000,-36.929504000,0 174.887991000,-36.929486000,0 174.887991000,-36.929460000,0 174.887988000,-36.929442000,0 174.887986000,-36.929406000,0 174.887987000,-36.929388000,0 174.887989000,-36.929370000,0 174.887993000,-36.929352000,0 174.888001000,-36.929328000,0 174.888019000,-36.929295000,0 174.888039000,-36.929262000,0 174.888050000,-36.929246000,0 174.888063000,-36.929231000,0 174.888079000,-36.929218000,0 174.888096000,-36.929206000,0 174.888133000,-36.929184000,0 174.888167000,-36.929169000,0 174.888188000,-36.929163000,0 174.888210000,-36.929158000,0 174.888253000,-36.929146000,0 174.888273000,-36.929139000,0 174.888289000,-36.929130000,0 174.888304000,-36.929117000,0 174.888328000,-36.929087000,0 174.888338000,-36.929072000,0 174.888348000,-36.929055000,0 174.888356000,-36.929039000,0 174.888363000,-36.929021000,0 174.888368000,-36.929004000,0 174.888372000,-36.928986000,0 174.888375000,-36.928967000,0 174.888375000,-36.928930000,0 174.888374000,-36.928912000,0 174.888371000,-36.928894000,0 174.888367000,-36.928877000,0 174.888357000,-36.928841000,0 174.888334000,-36.928775000,0 174.888329000,-36.928752000,0 174.888330000,-36.928734000,0 174.888334000,-36.928716000,0 174.888340000,-36.928699000,0 174.888350000,-36.928682000,0 174.888361000,-36.928665000,0 174.888374000,-36.928650000,0 174.888393000,-36.928631000,0 174.888408000,-36.928618000,0 174.888424000,-36.928606000,0 174.888441000,-36.928595000,0 174.888478000,-36.928573000,0 174.888480000,-36.928573000,0 174.888516000,-36.928551000,0 174.888546000,-36.928534000,0 174.888582000,-36.928508000,0 174.888606000,-36.928492000,0 174.888636000,-36.928468000,0 174.888656000,-36.928453000,0 174.888668000,-36.928445000,0 174.888691000,-36.928428000,0 174.888711000,-36.928410000,0 174.888745000,-36.928383000,0 174.888751000,-36.928377000,0 174.888779000,-36.928346000,0 174.888805000,-36.928320000,0 174.888845000,-36.928295000,0 174.888864000,-36.928284000,0 174.888900000,-36.928270000,0 174.888961000,-36.928238000,0 174.888971000,-36.928232000,0 174.889011000,-36.928215000,0 174.889060000,-36.928190000,0 174.889068000,-36.928187000,0 174.889087000,-36.928183000,0 174.889105000,-36.928183000,0 174.889123000,-36.928185000,0 174.889147000,-36.928192000,0 174.889188000,-36.928200000,0 174.889206000,-36.928206000,0 174.889213000,-36.928210000,0 174.889226000,-36.928220000,0 174.889237000,-36.928232000,0 174.889244000,-36.928238000,0 174.889269000,-36.928256000,0 174.889302000,-36.928288000,0 174.889315000,-36.928298000,0 174.889332000,-36.928305000,0 174.889339000,-36.928303000,0 174.889345000,-36.928298000,0 174.889358000,-36.928282000,0 174.889382000,-36.928261000,0 174.889397000,-36.928250000,0 174.889409000,-36.928237000,0 174.889418000,-36.928224000,0 174.889431000,-36.928214000,0 174.889452000,-36.928202000,0 174.889474000,-36.928194000,0 174.889491000,-36.928190000,0 174.889520000,-36.928187000,0 174.889555000,-36.928179000,0 174.889579000,-36.928179000,0 174.889606000,-36.928182000,0 174.889633000,-36.928182000,0 174.889650000,-36.928183000,0 174.889706000,-36.928190000,0 174.889723000,-36.928191000,0 174.889750000,-36.928191000,0 174.889764000,-36.928196000,0 174.889771000,-36.928201000,0 174.889794000,-36.928220000,0 174.889804000,-36.928227000,0 174.889819000,-36.928234000,0 174.889845000,-36.928244000,0 174.889860000,-36.928252000,0 174.889874000,-36.928258000,0 174.889907000,-36.928267000,0 174.889931000,-36.928277000,0 174.889957000,-36.928286000,0 174.889980000,-36.928290000,0 174.890007000,-36.928293000,0 174.890019000,-36.928297000,0 174.890088000,-36.928350000,0 174.890113000,-36.928372000,0 174.890132000,-36.928392000,0 174.890141000,-36.928403000,0 174.890158000,-36.928420000,0 174.890176000,-36.928445000,0 174.890194000,-36.928467000,0 174.890203000,-36.928480000,0 174.890215000,-36.928491000,0 174.890230000,-36.928500000,0 174.890234000,-36.928501000,0 174.890249000,-36.928509000,0 174.890258000,-36.928512000,0 174.890276000,-36.928516000,0 174.890300000,-36.928517000,0 174.890314000,-36.928519000,0 174.890322000,-36.928522000,0 174.890341000,-36.928538000,0 174.890347000,-36.928544000,0 174.890358000,-36.928550000,0 174.890370000,-36.928560000,0 174.890388000,-36.928577000,0 174.890398000,-36.928584000,0 174.890427000,-36.928600000,0 174.890465000,-36.928625000,0 174.890494000,-36.928642000,0 174.890516000,-36.928652000,0 174.890541000,-36.928660000,0 174.890569000,-36.928671000,0 174.890584000,-36.928679000,0 174.890594000,-36.928687000,0 174.890603000,-36.928699000,0 174.890615000,-36.928726000,0 174.890626000,-36.928756000,0 174.890637000,-36.928784000,0 174.890641000,-36.928802000,0 174.890643000,-36.928816000,0 174.890648000,-36.928837000,0 174.890651000,-36.928861000,0 174.890649000,-36.928887000,0 174.890649000,-36.928938000,0 174.890647000,-36.928966000,0 174.890642000,-36.928983000,0 174.890633000,-36.928997000,0 174.890617000,-36.929016000,0 174.890614000,-36.929022000,0 174.890616000,-36.929028000,0 174.890621000,-36.929033000,0 174.890636000,-36.929043000,0 174.890654000,-36.929051000,0 174.890684000,-36.929067000,0 174.890700000,-36.929073000,0 174.890731000,-36.929086000,0 174.890751000,-36.929093000,0 174.890782000,-36.929107000,0 174.890807000,-36.929116000,0 174.890827000,-36.929122000,0 174.890852000,-36.929128000,0 174.890870000,-36.929131000,0 174.890890000,-36.929138000,0 174.890915000,-36.929151000,0 174.890973000,-36.929180000,0 174.891035000,-36.929210000,0 174.891058000,-36.929222000,0 174.891106000,-36.929248000,0 174.891128000,-36.929261000,0 174.891161000,-36.929277000,0 174.891191000,-36.929288000,0 174.891221000,-36.929303000,0 174.891252000,-36.929315000,0 174.891278000,-36.929323000,0 174.891297000,-36.929328000,0 174.891371000,-36.929345000,0 174.891402000,-36.929349000,0 174.891416000,-36.929350000,0 174.891444000,-36.929346000,0 174.891456000,-36.929347000,0 174.891471000,-36.929356000,0 174.891490000,-36.929376000,0 174.891493000,-36.929383000,0 174.891494000,-36.929403000,0 174.891499000,-36.929408000,0 174.891514000,-36.929415000,0 174.891540000,-36.929420000,0 174.891556000,-36.929426000,0 174.891582000,-36.929433000,0 174.891597000,-36.929436000,0 174.891662000,-36.929445000,0 174.891690000,-36.929406000,0 174.891663000,-36.929386000,0 174.891638000,-36.929369000,0 174.891613000,-36.929353000,0 174.891571000,-36.929313000,0 174.891551000,-36.929289000,0 174.891529000,-36.929261000,0 174.891495000,-36.929229000,0 174.891469000,-36.929208000,0 174.891429000,-36.929178000,0 174.891414000,-36.929163000,0 174.891382000,-36.929140000,0 174.891362000,-36.929127000,0 174.891340000,-36.929114000,0 174.891313000,-36.929095000,0 174.891270000,-36.929069000,0 174.891238000,-36.929051000,0 174.891207000,-36.929032000,0 174.891153000,-36.929016000,0 174.891113000,-36.928989000,0 174.891099000,-36.928982000,0 174.891050000,-36.928939000,0 174.891032000,-36.928916000,0 174.891015000,-36.928891000,0 174.891004000,-36.928861000,0 174.891008000,-36.928825000,0 174.891015000,-36.928799000,0 174.891035000,-36.928743000,0 174.891057000,-36.928702000,0 174.891069000,-36.928683000,0 174.891084000,-36.928652000,0 174.891090000,-36.928635000,0 174.891094000,-36.928618000,0 174.891087000,-36.928592000,0 174.891073000,-36.928560000,0 174.891059000,-36.928539000,0 174.891043000,-36.928518000,0 174.891031000,-36.928508000,0 174.891024000,-36.928487000,0 174.891020000,-36.928451000,0 174.890966000,-36.928394000,0 174.890915000,-36.928363000,0 174.890843000,-36.928322000,0 174.890782000,-36.928318000,0 174.890695000,-36.928312000,0 174.890613000,-36.928311000,0 174.890565000,-36.928302000,0 174.890543000,-36.928290000,0 174.890512000,-36.928256000,0 174.890474000,-36.928218000,0 174.890434000,-36.928175000,0 174.890387000,-36.928124000,0 174.890336000,-36.928082000,0 174.890283000,-36.928040000,0 174.890257000,-36.928022000,0 174.890220000,-36.928000000,0 174.890181000,-36.927976000,0 174.890151000,-36.927953000,0 174.890112000,-36.927931000,0 174.890033000,-36.927889000,0 174.889981000,-36.927861000,0 174.889929000,-36.927830000,0 174.889896000,-36.927817000,0 174.889869000,-36.927802000,0 174.889806000,-36.927784000,0 174.889732000,-36.927760000,0 174.889684000,-36.927733000,0 174.889624000,-36.927690000,0 174.889578000,-36.927639000,0 174.889554000,-36.927604000,0 174.889553000,-36.927568000,0 174.889530000,-36.927532000,0 174.889541000,-36.927486000,0 174.889550000,-36.927441000,0 174.889548000,-36.927387000,0 174.889547000,-36.927351000,0 174.889543000,-36.927313000,0 174.889533000,-36.927286000,0 174.889531000,-36.927246000,0 174.889524000,-36.927223000,0 174.889505000,-36.927194000,0 174.889490000,-36.927164000,0 174.889442000,-36.927139000,0 174.889400000,-36.927135000,0 174.889347000,-36.927135000,0 174.889304000,-36.927154000,0 174.889248000,-36.927202000,0 174.889221000,-36.927206000,0 174.889169000,-36.927181000,0 174.889137000,-36.927146000,0 174.889111000,-36.927111000,0 174.889079000,-36.927072000,0 174.889057000,-36.927033000,0 174.889048000,-36.926975000,0 174.889045000,-36.926940000,0 174.889044000,-36.926907000,0 174.889047000,-36.926893000,0 174.889052000,-36.926858000,0 174.889072000,-36.926803000,0 174.889101000,-36.926748000,0 174.889127000,-36.926698000,0 174.889135000,-36.926666000,0 174.889116000,-36.926640000,0 174.889060000,-36.926619000,0 174.889006000,-36.926589000,0 174.888941000,-36.926552000,0 174.888896000,-36.926518000,0 174.888871000,-36.926493000,0 174.888836000,-36.926446000,0 174.888818000,-36.926396000,0 174.888820000,-36.926354000,0 174.888824000,-36.926315000,0 174.888832000,-36.926265000,0 174.888847000,-36.926211000,0 174.888878000,-36.926162000,0 174.888894000,-36.926120000,0 174.888908000,-36.926081000,0 174.888927000,-36.926044000,0 174.888961000,-36.925993000,0 174.888981000,-36.925961000,0 174.889004000,-36.925917000,0 174.889027000,-36.925892000,0 174.889056000,-36.925863000,0 174.889087000,-36.925831000,0 174.889118000,-36.925800000,0 174.889159000,-36.925760000,0 174.889197000,-36.925727000,0 174.889200000,-36.925726000,0 174.889223000,-36.925700000,0 174.889257000,-36.925653000,0 174.889299000,-36.925606000,0 174.889374000,-36.925515000,0 174.889537000,-36.925555000,0 174.889172000,-36.925938000,0 174.889057000,-36.926099000,0 174.889007000,-36.926168000,0 174.888980000,-36.926350000,0 174.889065000,-36.926467000,0 174.889278000,-36.926607000,0 174.889442000,-36.926894000,0 174.889719000,-36.926953000,0 174.889822000,-36.926975000,0 174.890211000,-36.927057000,0 174.890506000,-36.927120000,0 174.890574000,-36.926939000,0 174.890586000,-36.926909000,0 174.890597000,-36.926879000,0 174.890659000,-36.926715000,0 174.890727000,-36.926534000,0 174.890793000,-36.926548000,0 174.891432000,-36.926684000,0 174.891544000,-36.926269000,0 174.891553000,-36.926236000,0 174.891560000,-36.926202000,0 174.891566000,-36.926169000,0 174.891799000,-36.926235000,0 174.891605000,-36.926953000,0 174.891598000,-36.926978000,0 174.892510000,-36.927137000,0 174.892520000,-36.927139000,0 174.892451000,-36.927393000,0 174.892414000,-36.927531000,0 174.892757000,-36.927591000,0 174.892867000,-36.927610000,0 174.892944000,-36.927750000,0 174.892977000,-36.927629000,0 174.893540000,-36.927727000,0 174.894103000,-36.927826000,0 174.894082000,-36.927905000,0 174.894076000,-36.927904000,0 174.893955000,-36.928362000,0 174.893776000,-36.929053000,0 174.893555000,-36.929163000,0 174.893496000,-36.929192000,0 174.893555000,-36.929269000,0 174.893633000,-36.929406000,0 174.893692000,-36.929378000,0 174.893718000,-36.929365000,0 174.894856000,-36.929221000,0 174.895327000,-36.929266000,0 174.895656000,-36.929208000,0 174.895835000,-36.928523000,0 174.896041000,-36.927735000,0 174.896761000,-36.927857000,0 174.896973000,-36.927044000,0 174.897400000,-36.927121000,0 174.897552000,-36.927168000,0 174.897885383,-36.927236481,0 174.895366600,-36.936822800,0 174.891550423,-36.951928454,0
            </coordinates>
          </LinearRing>
        </outerBoundaryIs>
      </Polygon>
    </Placemark>
  </Document>
</kml>