<?xml version="1.0" encoding="utf-8"?>
<kml xmlns="http://www.opengis.net/kml/2.2">
<Document>
  <name>Clevedon (polygon: official_shp)</name>
  <open>1</open>

  <Placemark>
    <name>Clevedon (polygon: official_shp)</name>
    <Style>
      <LineStyle><color>ffff0000</color><width>2</width></LineStyle>
      <PolyStyle><color>66ff0000</color><fill>1</fill><outline>1</outline></PolyStyle>
    </Style>
    <Polygon>
      <tessellate>1</tessellate>
      <altitudeMode>relativeToGround</altitudeMode>
      <outerBoundaryIs><LinearRing><coordinates>174.98230999246272,-37.008957996366455,100 174.98395500290152,-37.008450992440714,100 174.9875959969032,-37.00732800014027,100 174.98906499167686,-37.00687499318737,100 174.99286900007004,-37.00571000231955,100 174.99356399742032,-37.005494996184076,100 174.99813799754256,-37.00407700008684,100 174.99616800623954,-36.99994000380933,100 174.99939999898768,-36.998213994192355,100 175.00036199525525,-36.99479200618782,100 175.00041199115367,-36.99461399928335,100 175.00054100758345,-36.99415399541548,100 175.0006399936691,-36.993801004182906,100 175.00127499412537,-36.99389600211149,100 175.0039190041516,-36.99427400662851,100 175.0048740068718,-36.99442600109062,100 175.00793000750687,-36.99487200683699,100 175.00815400274703,-36.99490599278076,100 175.00965300686613,-36.99518400240743,100 175.01048799683696,-36.99533800191837,100 175.0106559916401,-36.99449999993858,100 175.01077800624054,-36.994318996644154,100 175.0111860065144,-36.993716001594485,100 175.0115340003933,-36.99349500285414,100 175.01192500772103,-36.9930589958671,100 175.01174200105635,-36.99283499993327,100 175.01167800728587,-36.9926210011634,100 175.01173000579513,-36.99207600394126,100 175.01156500828446,-36.99148799324065,100 175.01234700755313,-36.99087099796163,100 175.0124010075409,-36.99048399855983,100 175.01227000653307,-36.98962700538692,100 175.01216999671493,-36.989371006338786,100 175.01224099358149,-36.989118000977456,100 175.01251800752877,-36.98865399776135,100 175.01179100837072,-36.98851699873694,100 175.01189899540492,-36.98807600084623,100 175.01255399493286,-36.985423002582216,100 175.01280800227866,-36.984396001250694,100 175.0192119998855,-36.98563200283889,100 175.01934400436855,-36.98521700309419,100 175.01938599814656,-36.985010003204266,100 175.0210179947575,-36.97959799930165,100 175.0238740011311,-36.980178003280905,100 175.0278149932831,-36.97095900497927,100 175.02796100012048,-36.97061700426768,100 175.02758099991456,-36.97054900243764,100 175.02763999186925,-36.97035699956196,100 175.02796400793113,-36.969254000598895,100 175.02799499858907,-36.9691490034353,100 175.02897400394838,-36.96586599838148,100 175.02913499903622,-36.9658429940981,100 175.0235629978922,-36.96460700156835,100 175.02355599387863,-36.964738003801315,100 175.02261100053033,-36.96457899744657,100 175.02263000168406,-36.96455099769004,100 175.0217859913589,-36.964264002752024,100 175.0206710000858,-36.963520004266016,100 175.02148500038507,-36.96066600220682,100 175.02157200802762,-36.96035600624937,100 175.02172199562395,-36.95982000292014,100 175.0226550012421,-36.95687400732016,100 175.02390200035603,-36.95305599838957,100 175.02480200740894,-36.950102992202204,100 175.0248720050286,-36.949909004436776,100 175.02622400491367,-36.94560699611775,100 175.02657800081087,-36.94447899908033,100 175.03861500568007,-36.947159994155044,100 175.0393939963978,-36.94565599994597,100 175.0372809970288,-36.94310999395819,100 175.03702800304572,-36.943168995973025,100 175.03720700582411,-36.943553991863375,100 175.03691299937722,-36.94368200185119,100 175.03610000703338,-36.943211992311035,100 175.03625200611262,-36.94291199308832,100 175.03619700645964,-36.94203699208175,100 175.03573099364434,-36.941869002199205,100 175.03599600107987,-36.94160300081226,100 175.03512400077508,-36.94057300261622,100 175.03534199715028,-36.94043799757007,100 175.04382800057107,-36.93516099883011,100 175.04859499603555,-36.932196996554644,100 175.0513399930938,-36.93048999305087,100 175.04971900694335,-36.93019300499689,100 175.0508550023243,-36.92674899733447,100 175.0514960064957,-36.92480500010026,100 175.05195499434745,-36.92341300220793,100 175.05312599479234,-36.920050994040565,100 175.05295200764803,-36.91999600316762,100 175.05150299301087,-36.91953800395243,100 175.04824299521138,-36.911010005755706,100 175.04699799428988,-36.90772899904048,100 175.03580999904827,-36.90800900056923,100 175.0358050083565,-36.90801099957577,100 175.03578900526998,-36.908018997121445,100 175.0357720000207,-36.90802699832485,100 175.03575500562167,-36.90803300116452,100 175.0357380052707,-36.908037006829744,100 175.0357189930492,-36.908039004640735,100 175.03570000234123,-36.908039996232525,100 175.03568100099753,-36.90803999657691,100 175.03566099637223,-36.908040000596365,100 175.0356420071678,-36.90804100657385,100 175.0356240029357,-36.9080419956649,100 175.03560500753665,-36.90804399316933,100 175.0355859946181,-36.90804600719437,100 175.03556599665,-36.90804799303579,100 175.03554799876602,-36.90805099460268,100 175.03552899293342,-36.9080550066726,100 175.03551100565514,-36.90805899857753,100 175.03549299111754,-36.90806500534577,100 175.03547599740128,-36.90807099281207,100 175.03546099667938,-36.90807599795238,100 175.03544399604777,-36.90808299228143,100 175.03542700869556,-36.90809099312922,100 175.0354120030443,-36.90809999379751,100 175.03539699274626,-36.908110002193595,100 175.03538399961687,-36.90812099357995,100 175.03537299953138,-36.908131004444485,100 175.03536200721922,-36.908142997126916,100 175.03535300764696,-36.90815699619174,100 175.03534399858643,-36.90817000489312,100 175.03533599609457,-36.90818499181421,100 175.03532800134937,-36.908199003398664,100 175.03531900291048,-36.90821300334284,100 175.03531399187997,-36.90822500707427,100 175.03530800219028,-36.90823899691206,100 175.0353010034,-36.90825399637182,100 175.03529399285497,-36.908268004605944,100 175.0352849943783,-36.90828200364693,100 175.03527500419446,-36.908293992666295,100 175.0352679984236,-36.90830100134461,100 175.035255004146,-36.90831199363818,100 175.03524100808426,-36.90832300400004,100 175.03522700059892,-36.90833299338655,100 175.03519000618326,-36.90831299579024,100 175.03394999687814,-36.90763299992939,100 175.03273200265804,-36.90695299607605,100 175.0317509962441,-36.906410998572504,100 175.0302489940677,-36.907500992146,100 175.03007399613224,-36.907629996876906,100 175.03006299783772,-36.90762100336118,100 175.03005099587307,-36.90760899233104,100 175.03004499532196,-36.90760300303149,100 175.0300340029307,-36.90758999773504,100 175.03002499733577,-36.907577001738055,100 175.03001599872587,-36.90756299887115,100 175.03000800227503,-36.907548992392464,100 175.0300010084364,-36.90753499941915,100 175.02999500571698,-36.90751999356948,100 175.02999000053595,-36.90750599544384,100 175.02998100187904,-36.907494996600754,100 175.02997699407064,-36.907481999892696,100 175.02997199358677,-36.90746699313346,100 175.02996700516968,-36.90745299201621,100 175.0299610029416,-36.907438004182026,100 175.02995599837757,-36.90742699294547,100 175.02995399813216,-36.907423003741876,100 175.02994299880027,-36.90741100530454,100 175.02993099801014,-36.90739899424113,100 175.02991599359999,-36.90738900655661,100 175.02990100788278,-36.907379004129844,100 175.02988599210892,-36.907367994563735,100 175.02987400270584,-36.90735700537154,100 175.02986400040288,-36.90734599483206,100 175.02985999370156,-36.90733600302792,100 175.0298499913796,-36.907324991586194,100 175.02984200231137,-36.90731600429736,100 175.0298310041345,-36.907304005829275,100 175.02981900225717,-36.907291994772464,100 175.02980700081338,-36.907279999930324,100 175.02979499934952,-36.90726800418594,100 175.02979100494142,-36.90726499722851,100 175.02977799506124,-36.90725399662619,100 175.02976500201228,-36.9072429957347,100 175.02975100679157,-36.90723199754944,100 175.0297370053289,-36.90722199179825,100 175.02972299331248,-36.90721099479791,100 175.0297089922154,-36.907201002556484,100 175.0296949918857,-36.907190996780784,100 175.02968099668448,-36.907179998586585,100 175.0296669952404,-36.90716999282649,100 175.02965299420586,-36.90716000237974,100 175.02964199669273,-36.90715399841501,100 175.02962399229637,-36.90714900558278,100 175.02960399782677,-36.907144006199964,100 175.02958500148196,-36.90713999470315,100 175.02956800403481,-36.90713399322576,100 175.0295529956948,-36.90712499698862,100 175.02954399130383,-36.90711500585954,100 175.0295340022847,-36.90710500181371,100 175.02952099721344,-36.90709299434997,100 175.02950699730962,-36.907083002964825,100 175.0294920046923,-36.90707400645098,100 175.0294750010524,-36.90706599156586,100 175.02947500734956,-36.907065000931674,100 175.0294570078016,-36.907059003944696,100 175.02944399857574,-36.90705399692533,100 175.02942600487685,-36.90704699218237,100 175.0294090078918,-36.90704100689714,100 175.02938999360842,-36.9070369947738,100 175.02937100348768,-36.90703499573443,100 175.0293540030425,-36.90703599556054,100 175.02931799284428,-36.90702900303948,100 175.02930300774514,-36.90702799818304,100 175.02928399493086,-36.90702700626743,100 175.02926499966034,-36.90702599872691,100 175.02924599746595,-36.90702299312376,100 175.02922799785162,-36.90702000012938,100 175.029213992275,-36.90701699386617,100 175.0292010082793,-36.90701700481663,100 175.0291870027041,-36.907013998550184,100 175.02917999446277,-36.90701199303583,100 175.02916200700218,-36.90700700164575,100 175.02914299316808,-36.9070030056982,100 175.02912499941004,-36.90699900493669,100 175.02910700567762,-36.90699500507329,100 175.02908799256508,-36.90699099378244,100 175.02906999883623,-36.90698699391331,100 175.0290519992361,-36.90698400089176,100 175.02903799995107,-36.906980003072114,100 175.02902099259316,-36.90697900479051,100 175.0290009940656,-36.90697800082886,100 175.02898199768703,-36.906976993261736,100 175.0289620054402,-36.906974997758205,100 175.02894299739364,-36.9069729989562,100 175.02892400729712,-36.90697099984446,100 175.02890599675305,-36.90696700023753,100 175.02888900056317,-36.90696100044257,100 175.0288720031824,-36.90695499796161,100 175.02885800289664,-36.90694799611078,100 175.0288560085134,-36.90694600496537,100 175.02884000866445,-36.906938002582116,100 175.02882399676955,-36.90692899455364,100 175.02880799580555,-36.906920992185,100 175.02879200112707,-36.906911998278744,100 175.02877699767328,-36.90690199510778,100 175.028761004148,-36.90689300207883,100 175.0287459995801,-36.906882998922846,100 175.02873199940717,-36.90687299212658,100 175.02871799854557,-36.90686300156373,100 175.02870400354146,-36.906852003247685,100 175.02869000856523,-36.906841005830756,100 175.02867699891254,-36.90683000510004,100 175.02866499253213,-36.90681900074929,100 175.02865300814477,-36.906807004593496,100 175.0286490021634,-36.90680300726742,100 175.02863700054814,-36.90679099608214,100 175.02862600261034,-36.9067789965925,100 175.02861499153167,-36.906765992378695,100 175.0286050020794,-36.906752999554314,100 175.02859599794888,-36.90674000341768,100 175.02858699857902,-36.906726000448835,100 175.02858000615257,-36.90671200555886,100 175.02857400385201,-36.90669700232763,100 175.0285689978193,-36.90668300234812,100 175.02856399876617,-36.90666799459767,100 175.02855899904668,-36.906653003982996,100 175.02855399999774,-36.906637996231915,100 175.02854900025855,-36.90662300471574,100 175.02854400123763,-36.906607997864946,100 175.0285400005331,-36.90660000408816,100 175.02853300660024,-36.90658599389855,100 175.02852499300684,-36.9065720038291,100 175.02851699695998,-36.906557998137245,100 175.0285090012979,-36.906544006858994,100 175.02850100525706,-36.906530001165834,100 175.02849899880184,-36.90652700256872,100 175.02848999471735,-36.90651400642224,100 175.02848099537115,-36.906500002542565,100 175.0284720077386,-36.90648699169279,100 175.0284629920012,-36.906473004314954,100 175.02845599924058,-36.90645899500146,100 175.0284489936748,-36.90644399357677,100 175.02844400565638,-36.906429994184556,100 175.02844100823575,-36.90642199678713,100 175.02843600853456,-36.90640700526458,100 175.02843099157872,-36.906391997813095,100 175.02842599300354,-36.90637700627077,100 175.02842100497037,-36.90636300597628,100 175.02841500273118,-36.90634800273442,100 175.028415008613,-36.90634699588372,100 175.02840900635252,-36.90633199174055,100 175.02840299818865,-36.90631799354678,100 175.02839699641024,-36.9063030074206,100 175.02839100579453,-36.90628899360432,100 175.02838500397326,-36.90627400567554,100 175.02838000388834,-36.90625899883451,100 175.02837600747227,-36.9062440036925,100 175.02837600169357,-36.90624200561276,100 175.02837299649747,-36.906226001211444,100 175.02837100550823,-36.90621099975753,100 175.0283689965709,-36.90619599861011,100 175.0283670055835,-36.90618099715602,100 175.02836500296002,-36.906165005373694,100 175.02836199249919,-36.90615299741871,100 175.02835899823108,-36.90613799867908,100 175.02835399968876,-36.906123007132194,100 175.0283500028805,-36.90610799667348,100 175.02834499805374,-36.906093996661625,100 175.0283399983956,-36.906079005133044,100 175.02833499945578,-36.906063998269836,100 175.0283289972356,-36.90604899412079,100 175.028323992417,-36.90603499410771,100 175.0283189927673,-36.90602000257785,100 175.02831300738129,-36.9060049981403,100 175.02831300588682,-36.90599599960268,100 175.02831700648522,-36.90596699419003,100 175.02831400397258,-36.90593799482012,100 175.02829399151997,-36.905886996851876,100 175.02827800050102,-36.90586499256615,100 175.0282069985179,-36.905796006637885,100 175.02811800148737,-36.905748001957676,100 175.0280129961818,-36.90571200457938,100 175.02778600622278,-36.905591000228256,100 175.0277489986305,-36.90557699502118,100 175.02772200719772,-36.90556199590153,100 175.02768999580957,-36.905508000377075,100 175.0276490060754,-36.90549199374616,100 175.02758099918506,-36.905480999018216,100 175.0274380026102,-36.90546499430323,100 175.02735399201242,-36.90545299731407,100 175.02728799769204,-36.90545299184422,100 175.027214994537,-36.90543899344242,100 175.02695899855294,-36.905443994746996,100 175.0268869962242,-36.90545500542146,100 175.02685499333427,-36.905454999111846,100 175.02683400547068,-36.90546099762979,100 175.02682100215478,-36.90548300123544,100 175.0268080080114,-36.90549699664424,100 175.0267850031477,-36.90553899590073,100 175.0267500037678,-36.90565100633397,100 175.02673400613125,-36.905689002300434,100 175.02670899961603,-36.905726996982445,100 175.0266709927787,-36.905770995343545,100 175.02666200501022,-36.90578600032051,100 175.02664399205892,-36.90580399299434,100 175.0266149953803,-36.9058200072792,100 175.0265010068358,-36.9058230042194,100 175.02645399876025,-36.905840996813474,100 175.0264220045597,-36.90585799594495,100 175.02639500245652,-36.905881995899094,100 175.02638400289007,-36.905897998670945,100 175.0263750074704,-36.90590499661966,100 175.02632500489716,-36.905924004647225,100 175.02626699463312,-36.905940003747176,100 175.02616200256713,-36.90594500097181,100 175.0261189985049,-36.905943001012744,100 175.0260560017023,-36.90594499868495,100 175.02601500193768,-36.905942992435065,100 175.02599000183466,-36.90594000570719,100 175.02595800775043,-36.90592599913426,100 175.02592999401048,-36.90589300639081,100 175.02589399405403,-36.90586600290872,100 175.02582799696023,-36.905848000445516,100 175.02579600041994,-36.90584399738516,100 175.02576000217894,-36.90583500538753,100 175.02568699345653,-36.9058250015999,100 175.0256559936775,-36.905824992279705,100 175.02550100575303,-36.90582599718588,100 175.02547599279546,-36.90581899978814,100 175.02547600323487,-36.90581099156973,100 175.0254560079445,-36.90579099928715,100 175.02530999638122,-36.90568700094819,100 175.02528700545966,-36.9056740024277,100 175.02526400797797,-36.90565600180554,100 175.02505299655536,-36.90556599384908,100 175.02499100540902,-36.905545994727426,100 175.02488400604472,-36.9054899917776,100 175.0246669956484,-36.905310994695846,100 175.0246329967187,-36.9052879954264,100 175.02460100377823,-36.9052709979494,100 175.0245950042717,-36.90526799705388,100 175.02457899249086,-36.90525900375905,100 175.02456400191238,-36.905250006572714,100 175.0245480076591,-36.905240996751395,100 175.02453199701105,-36.90523200343071,100 175.02451700008098,-36.905223996874255,100 175.0245010073889,-36.90521500324317,100 175.02448599887916,-36.90520600635237,100 175.02447000466776,-36.9051969974208,100 175.0244549972631,-36.90518799960583,100 175.02443999357683,-36.90517799587568,100 175.02442399456345,-36.905169993770706,100 175.0244090039964,-36.9051609956627,100 175.02439299338099,-36.90515200232217,100 175.02437800765858,-36.905141998277735,100 175.02436299917727,-36.905133001370395,100 175.02434800864825,-36.905124004155105,100 175.02433300611008,-36.90511400039142,100 175.0243180035758,-36.90510399662571,100 175.02430400357625,-36.90509400461132,100 175.02428999271385,-36.90508300693052,100 175.02427700080833,-36.905072005399504,100 175.02426700072394,-36.9050609943319,100 175.02425500048975,-36.905048998887246,100 175.02424400350654,-36.90503699986081,100 175.02423399704546,-36.905024006040776,100 175.0242240081319,-36.90501099659864,100 175.02421299805016,-36.90499799194252,100 175.02420299274527,-36.90498499900124,100 175.02419200059592,-36.90497199313607,100 175.02418000036394,-36.90495999678201,100 175.02416800015956,-36.90494800132748,100 175.02415499146775,-36.90493700006847,100 175.02415099739812,-36.90493399290975,100 175.02413700339045,-36.90492299402137,100 175.02413400588816,-36.904921004568365,100 175.02412099722966,-36.90491000420617,100 175.02410700325444,-36.90489900621485,100 175.02409500378823,-36.90488699541788,100 175.0240819950935,-36.904875993249235,100 175.02406999491782,-36.90486399778377,100 175.0240579947459,-36.90485200231697,100 175.02404599455397,-36.90484000594792,100 175.02403499763415,-36.904828006899834,100 175.02402299706876,-36.904815996113896,100 175.02401199903426,-36.90480399708253,100 175.02400100844667,-36.90479100559272,100 175.0239899984352,-36.90477800091336,100 175.02397900153332,-36.90476600185943,100 175.0239679926273,-36.904752996257734,100 175.0239580031021,-36.90474000302543,100 175.02394699420353,-36.90472699742152,100 175.0239370058072,-36.90471400416806,100 175.0239260078012,-36.904702005127696,100 175.02391600215643,-36.904688995942884,100 175.0239049936772,-36.90467600564973,100 175.02389500376844,-36.90466299709614,100 175.02388399529664,-36.904650006800765,100 175.02387300325086,-36.90463700090227,100 175.02386299168128,-36.90462499856489,100 175.02385799396447,-36.904619005370066,100 175.0238470030257,-36.904605998548824,100 175.02383599306782,-36.90459299385321,100 175.0238249962173,-36.904580994783124,100 175.02381500788522,-36.90456800241879,100 175.02380399789078,-36.90455499591801,100 175.0237930010509,-36.90454299684456,100 175.02378199263796,-36.90453000743933,100 175.02376999213615,-36.90451799572373,100 175.02375899530702,-36.904505996646755,100 175.0237469952173,-36.90449400024376,100 175.02373499515517,-36.90448200474031,100 175.02372200343257,-36.90447100314201,100 175.02371999836407,-36.904468005337634,100 175.02370700664602,-36.904457003737534,100 175.02369299596313,-36.904446005078135,100 175.02367999902475,-36.90443599499315,100 175.02366600407848,-36.90442499696359,100 175.02365200541053,-36.904415004845774,100 175.02363799364522,-36.90440400709936,100 175.0236239945801,-36.90439399966279,100 175.02360999442064,-36.90438399314445,100 175.02359499847492,-36.904372997741525,100 175.02358400139914,-36.90436400358365,100 175.02357000122655,-36.90435399615932,100 175.02355600743283,-36.90434299809662,100 175.02354299893267,-36.904331996763695,100 175.023529005123,-36.90432099779662,100 175.0235159966067,-36.904309995559586,100 175.02350199802683,-36.90430000522445,100 175.02348900636864,-36.90428900359839,100 175.02347499574773,-36.9042780049111,100 175.0234610019815,-36.904267006836214,100 175.02344800510372,-36.9042569967237,100 175.02343399337278,-36.90424599805028,100 175.02342100285532,-36.90423499639699,100 175.02340699115607,-36.904223998620985,100 175.02339299258225,-36.90421400737108,100 175.02337899841112,-36.90420299306962,100 175.0233660019595,-36.90419299826256,100 175.02335499858236,-36.90418499561924,100 175.02334100482653,-36.90417399662811,100 175.0233270062704,-36.9041640053698,100 175.02331200402975,-36.90415400056494,100 175.02329800395472,-36.90414399400685,100 175.02328400428783,-36.9041340027622,100 175.02326999372468,-36.90412300404869,100 175.02325499152323,-36.90411300013699,100 175.02324099146304,-36.90410299357166,100 175.02322699290906,-36.904093001399765,100 175.02321299285614,-36.904082994830894,100 175.02319799702607,-36.904071999373784,100 175.023183996957,-36.90406199190032,100 175.02316999731988,-36.90405200064119,100 175.02315600366242,-36.90404100342827,100 175.02314200470244,-36.90403099502948,100 175.02313799912832,-36.904026996601665,100 175.02312399947976,-36.904017004435765,100 175.02312100761114,-36.904013993687805,100 175.02310699711705,-36.90400299585439,100 175.02309400073472,-36.90399300101514,100 175.0230800070751,-36.90398200289161,100 175.02306599544715,-36.90397100417115,100 175.02305300500538,-36.9039600015732,100 175.02303899343295,-36.90394900465106,100 175.0230260030226,-36.90393800295079,100 175.02301200297657,-36.90392799455452,100 175.02299799253763,-36.903916997608015,100 175.02298399295114,-36.90390700632518,100 175.02296999294003,-36.90389699882446,100 175.02295499082166,-36.903886994871954,100 175.02294999512384,-36.90388400563352,100 175.0229349930106,-36.90387400167832,100 175.02292000177258,-36.90386500428746,100 175.02290499442861,-36.90385599184689,100 175.02288900108718,-36.903846998001434,100 175.0228730077257,-36.903838003252794,100 175.0228569971605,-36.90382899437416,100 175.02284099894788,-36.903821005553986,100 175.02282500524043,-36.903811997285096,100 175.02280900665397,-36.90380399404607,100 175.0227919988821,-36.90379700122553,100 175.02277499707063,-36.90378900154936,100 175.02275800682534,-36.903781992201935,100 175.02274100018454,-36.90377499935466,100 175.02272399357057,-36.903768007405745,100 175.02270700333435,-36.903760998050714,100 175.02268899304337,-36.903753992546505,100 175.02267099474534,-36.9037479935869,100 175.02265399858297,-36.903741991977974,100 175.0226360003141,-36.90373599391379,100 175.02261799718647,-36.90373100177988,100 175.02259999253488,-36.903725994347084,100 175.0225819942499,-36.90371999537356,100 175.0225640015676,-36.90371599358172,100 175.02254499524216,-36.90371100590306,100 175.02252700258745,-36.903707005006396,100 175.0225179942611,-36.90370399755906,100 175.02250000273108,-36.903699996639105,100 175.02248100685063,-36.903695999300474,100 175.0224629925597,-36.903693006415416,100 175.0224439962307,-36.90368899195375,100 175.02242499663703,-36.903686001420965,100 175.0224069980314,-36.90368300735894,100 175.0223879968905,-36.903680000623154,100 175.02237699521967,-36.90367800682174,100 175.02235799520273,-36.90367500006197,100 175.02233900605071,-36.903672999865826,100 175.02232000493825,-36.90366999401989,100 175.0223020014979,-36.903668006775845,100 175.02228300036407,-36.90366500002301,100 175.02226399923157,-36.903661993267086,100 175.02224600175856,-36.90365899916117,100 175.0222350060346,-36.90365599759222,100 175.0222159933741,-36.90365200139781,100 175.02219800074823,-36.90364800045031,100 175.02217999614092,-36.90364299295232,100 175.02216199306193,-36.903638000747634,100 175.0221440064076,-36.90363299293845,100 175.02212600221128,-36.903628000747254,100 175.02210799761292,-36.90362299323806,100 175.0220899993876,-36.90361699418793,100 175.02207300439437,-36.90361099157345,100 175.02205500619814,-36.90360499341873,100 175.02205300570637,-36.90360399368812,100 175.02203500262027,-36.90359900056273,100 175.02201700442964,-36.90359300240206,100 175.0220000083491,-36.90358700069678,100 175.0219819933133,-36.9035810019162,100 175.02196499723794,-36.903575000205734,100 175.02194699903424,-36.9035690011332,100 175.02193000408593,-36.90356299939844,100 175.0219129964192,-36.903556005546754,100 175.02189499824752,-36.90355000736695,100 175.0218780081547,-36.90354299879016,100 175.02186100161867,-36.903536004911615,100 175.02184399358345,-36.903528996635316,100 175.02182700502573,-36.90352200334705,100 175.02180999699655,-36.90351499506568,100 175.02179399262664,-36.90350799943874,100 175.02177700293234,-36.903501005261205,100 175.02175999603392,-36.90349399695327,100 175.02174399164898,-36.903487000418416,100 175.02172700795876,-36.90347900028084,100 175.0217100062998,-36.90347099954536,100 175.02169400194776,-36.90346400390434,100 175.02167700031916,-36.90345600406481,100 175.02166100192156,-36.90344800066475,100 175.02164500242924,-36.90343999818241,100 175.0216290040382,-36.90343199477779,100 175.02161300565044,-36.90342399137092,100 175.0216059916036,-36.903420002640324,100 175.0215890079183,-36.90341200158114,100 175.0215729976112,-36.90340299342236,100 175.02155800174444,-36.90339500178478,100 175.02154200824734,-36.903385992434266,100 175.0215259983077,-36.90337699778221,100 175.02151100207035,-36.90336899172402,100 175.02150500323432,-36.90336600597849,100 175.02148999502728,-36.903356993369435,100 175.0214740030719,-36.903347999305346,100 175.0214589952761,-36.90333900200734,100 175.02144399345897,-36.90332899785372,100 175.0214290036188,-36.90332000024619,100 175.0214139958337,-36.903311002942125,100 175.02139899402783,-36.903300998782434,100 175.02138399222585,-36.903290994620704,100 175.0213690012783,-36.903281997024195,100 175.02135399948384,-36.90327199285842,100 175.0213510032628,-36.90327000421229,100 175.02133700360022,-36.90325999740889,100 175.02132200179045,-36.903249992337884,100 175.02130800366123,-36.90324000082695,100 175.02129300188292,-36.9032299966529,100 175.0212790026155,-36.90322000425648,100 175.0212650029714,-36.903209997443966,100 175.02125100483306,-36.9032000050249,100 175.02123600792606,-36.90318899400852,100 175.0212219918707,-36.90317900279213,100 175.02120799333946,-36.90316899505238,100 175.0211940000965,-36.90315799669235,100 175.02118000087887,-36.90314800518424,100 175.02116600761997,-36.903137005919746,100 175.02115199117904,-36.90312699937921,100 175.02113900115137,-36.9031159965577,100 175.02112500194855,-36.9031060050426,100 175.0211110023452,-36.903095998210496,100 175.0210969922791,-36.90308499922354,100 175.0210839963102,-36.903075004150146,100 175.0210559929718,-36.9030590013291,100 175.0210059961256,-36.90301899891172,100 175.0209759921458,-36.90298999281235,100 175.0209650006229,-36.90296800336607,100 175.02089799935916,-36.90288100355455,100 175.02087099935068,-36.902864997134756,100 175.02085500003682,-36.902856993638125,100 175.02083300298412,-36.902851998886135,100 175.02079199289952,-36.902834007327904,100 175.020753005131,-36.90280699538498,100 175.02070299834142,-36.90277800508683,100 175.0206799921,-36.90277099955164,100 175.0206500015944,-36.90277299965991,100 175.02058900215886,-36.90276800327901,100 175.02055999203267,-36.90277100605528,100 175.02055399205437,-36.90277099456982,100 175.02049299704734,-36.902767995345016,100 175.0204870034611,-36.90276699231737,100 175.02047899896678,-36.90276399737743,100 175.0204610017636,-36.90276100299197,100 175.02045500817826,-36.90275999996269,100 175.02044899774276,-36.90275899631845,100 175.0204309987201,-36.902752997025,100 175.0204180034179,-36.902751999543376,100 175.02041100134363,-36.90275199157876,100 175.02039200204834,-36.90274900071075,100 175.0203820086422,-36.90274599633657,100 175.0203670020803,-36.9027429934221,100 175.02034900374014,-36.902739998137584,100 175.02034600117165,-36.90273900100335,100 175.02034099285973,-36.90273799472692,100 175.0203219935464,-36.902735002946606,100 175.0203040019186,-36.90273400662459,100 175.02029699912734,-36.902730992829646,100 175.02029099955553,-36.90273099664603,100 175.02027300236617,-36.90272800223162,100 175.0202540079268,-36.902724003605236,100 175.02025300470817,-36.90272400715104,100 175.0202470058309,-36.902723994729975,100 175.02022900224927,-36.90272199184767,100 175.02021100394222,-36.9027189974428,100 175.02020600758974,-36.90271899770941,100 175.0201870082854,-36.90271600590718,100 175.02017499761942,-36.90271200203773,100 175.020170006114,-36.90271099456686,100 175.0201510004402,-36.90270899519858,100 175.0201450068623,-36.902707992153374,100 175.02013899683814,-36.90270700380842,100 175.020119996037,-36.90270399760004,100 175.02010100117556,-36.902703003890714,100 175.0200970080423,-36.9027030006082,100 175.0200919937423,-36.902703001175276,100 175.02007300487475,-36.90270100060728,100 175.02006699447176,-36.902699997844294,100 175.0200540040772,-36.902697994388205,100 175.0200350047829,-36.90269500256131,100 175.02002000377493,-36.90269399678923,100 175.02001400420534,-36.902694000591524,100 175.01999499252042,-36.90269300715132,100 175.01998199195506,-36.902693001141394,100 175.01997599238547,-36.90269300494177,100 175.01995699156925,-36.90268999780609,100 175.0199440023005,-36.902687994318754,100 175.0199249954911,-36.90268599403211,100 175.01991099170831,-36.902685991557384,100 175.01989200327594,-36.90268400717629,100 175.01987400570664,-36.902680997385325,100 175.01985500002206,-36.90267899706829,100 175.01983600516826,-36.90267800331629,100 175.01982599451884,-36.90267800412281,100 175.01980699438639,-36.90267800188611,100 175.0198059922899,-36.90267800540904,100 175.0197860068874,-36.902678006405715,100 175.01977699945598,-36.90267800366628,100 175.01976599711125,-36.902678998342424,100 175.01974699210206,-36.902680002931326,100 175.019728002797,-36.90268100725014,100 175.01972199264367,-36.90268299317672,100 175.01970700356654,-36.90268299301309,100 175.01968999722465,-36.90268199336145,100 175.01968500087355,-36.90268199360606,100 175.0196770072449,-36.90268000517896,100 175.01965799516148,-36.9026789963693,100 175.01965199671395,-36.902679000134185,100 175.01964199798903,-36.902680006573426,100 175.01989099620997,-36.90185300298288,100 175.0214469951712,-36.89670799864735,100 175.03201100121035,-36.898731999850554,100 175.0334699957586,-36.89373099843947,100 175.03440200263566,-36.890980998556635,100 175.03727900752037,-36.891538005251476,100 175.0427969933465,-36.89260500412907,100 175.04225100633758,-36.89368699177622,100 175.04871000018258,-36.899336996051744,100 175.06200000730976,-36.8950199980166,100 175.06201599350968,-36.895013994554645,100 175.06203000211934,-36.89503299578885,100 175.06217300680922,-36.89491399721005,100 175.06239799187392,-36.89480400383501,100 175.0633570049341,-36.89575399175967,100 175.06353099456607,-36.895965007421914,100 175.06360799996295,-36.89619999603036,100 175.06352199857977,-36.89664199774598,100 175.0632250005439,-36.896928993924305,100 175.06305800851985,-36.89709000425522,100 175.06299299623817,-36.89727100658318,100 175.06323200592243,-36.89778600554917,100 175.0632309985387,-36.89822600500707,100 175.06353900165678,-36.89870500028222,100 175.0635859935324,-36.89890699833948,100 175.0634890057563,-36.89940400476783,100 175.06352100509926,-36.89957300377146,100 175.06387099812684,-36.90001700304294,100 175.0640819962489,-36.90053199185701,100 175.06454699554158,-36.90109900764518,100 175.0648640056875,-36.90140899506488,100 175.06587900317552,-36.90200999664688,100 175.06716799341896,-36.902910994424424,100 175.06845399339014,-36.90368799389306,100 175.06970600344175,-36.90428500739387,100 175.07006400295765,-36.904486001860136,100 175.07013599235393,-36.904513994843754,100 175.070195007329,-36.90452999964163,100 175.07028899558392,-36.90457400625476,100 175.07034099431897,-36.904595998897406,100 175.0703879982951,-36.904610994437945,100 175.07044200196862,-36.90464699601311,100 175.0705500043177,-36.90468900057515,100 175.07064099388882,-36.90472099809647,100 175.07067899441662,-36.90472800282076,100 175.0706950043442,-36.90473499259174,100 175.07074900217808,-36.90475499529363,100 175.07070999898625,-36.90481999785967,100 175.0707769925303,-36.9048479928322,100 175.07109399570385,-36.90498200741724,100 175.071399008135,-36.9051109973808,100 175.07254499679212,-36.905417003362516,100 175.07322200428806,-36.90551700701363,100 175.07372900476776,-36.905541000765666,100 175.07448499940293,-36.90549399628316,100 175.0750370025216,-36.90533399559121,100 175.07520300062723,-36.90514199696519,100 175.07541900621683,-36.9048930062129,100 175.07549099650547,-36.904809993790174,100 175.0756440069763,-36.9047160017067,100 175.075793998282,-36.90462400358245,100 175.07700899763392,-36.904387993656684,100 175.0772719934794,-36.904250001844865,100 175.07790399318924,-36.90381000062371,100 175.07885099674536,-36.90353100681877,100 175.07947799223436,-36.90335000413774,100 175.07963100293006,-36.90335299217248,100 175.08037600754704,-36.903366996248394,100 175.08096399503964,-36.90327800315021,100 175.08120099804066,-36.903216994881454,100 175.081517004662,-36.903050998155614,100 175.0816010023971,-36.903006999422765,100 175.0818660049478,-36.90276300400777,100 175.0818889980777,-36.902741995641364,100 175.08234399405725,-36.90198900402205,100 175.08252400394795,-36.90167300706664,100 175.0829960065116,-36.901555002808585,100 175.08338100034956,-36.90140700673969,100 175.08363800762362,-36.901052005108276,100 175.08382899673646,-36.90089099956908,100 175.0840100005057,-36.90083200483114,100 175.08445799424754,-36.900790004638445,100 175.08487999966897,-36.900838006661886,100 175.08549100851044,-36.90106399281826,100 175.08601200351134,-36.901109998315775,100 175.0867190057555,-36.90129999967712,100 175.08767599496798,-36.901394993286424,100 175.08801599914932,-36.90150200258498,100 175.08911499304074,-36.90161699389222,100 175.08930899948894,-36.901625996287706,100 175.0903660038958,-36.901671992714405,100 175.0905149962191,-36.90165800671927,100 175.09198499414984,-36.90151099418131,100 175.09245199578686,-36.90146399816104,100 175.09334300658853,-36.90119999577361,100 175.09368600468687,-36.901058999563176,100 175.09398000567754,-36.90093999699246,100 175.0956730074303,-36.900910997183935,100 175.0963369981753,-36.90085100386049,100 175.097031002508,-36.9006129970198,100 175.09758999282468,-36.90051300208905,100 175.0982279936111,-36.900275000446456,100 175.09866300829222,-36.90025599486239,100 175.09903699538884,-36.900553006931375,100 175.09933000630738,-36.90096499972246,100 175.09912100335407,-36.90104700059745,100 175.09826600161708,-36.90109700656264,100 175.09715799250475,-36.90159199240126,100 175.09619399754573,-36.90175600043849,100 175.0959579970858,-36.90183899777064,100 175.09570100629028,-36.90213199656373,100 175.09568699639152,-36.90214800371061,100 175.09531100840402,-36.902752994984844,100 175.09526099504032,-36.90308699797055,100 175.09522799318373,-36.9033070060111,100 175.09518999164078,-36.90345399155696,100 175.09440300414857,-36.9044050037217,100 175.094060992625,-36.9046929938328,100 175.09379799967746,-36.904833006153474,100 175.0934730024467,-36.90479399389486,100 175.09326400161092,-36.904821002409534,100 175.0928760046193,-36.90500799469939,100 175.09238899864962,-36.90516399542064,100 175.09169099682174,-36.90527800629802,100 175.09129700293357,-36.90527400162894,100 175.0911710041988,-36.90528700428099,100 175.09063099923523,-36.9055340013521,100 175.0899859974417,-36.905569001418215,100 175.08978300131588,-36.905604994872974,100 175.08963700475505,-36.905631002800845,100 175.08930700596162,-36.905874994307794,100 175.08906399722045,-36.906182997319654,100 175.0888820086362,-36.90672800104961,100 175.0888420014563,-36.90677100583676,100 175.08866399332044,-36.90695699830136,100 175.08846900551777,-36.90698399264669,100 175.0881380059552,-36.90721500560507,100 175.08805800350478,-36.907373992716686,100 175.0879489933008,-36.90746700172101,100 175.08775099976867,-36.90742500632862,100 175.0876690022466,-36.907494991746475,100 175.08758100368172,-36.90782100083889,100 175.08742699989554,-36.908389997569344,100 175.08707100448416,-36.909174995970254,100 175.0868940031325,-36.909369004945056,100 175.08653500580937,-36.90961199609625,100 175.08630099531402,-36.90970899792997,100 175.08547699268613,-36.91004999668802,100 175.0846190029246,-36.91031299313906,100 175.08392799643138,-36.9103559976359,100 175.08307899502566,-36.9104080038843,100 175.08293300772422,-36.91045099283587,100 175.0825100019586,-36.91057299796414,100 175.082202992974,-36.91072799817441,100 175.0818129931371,-36.910825006189924,100 175.08169600271938,-36.910810999693325,100 175.08149000175194,-36.910785999234996,100 175.0809720071679,-36.910862996897265,100 175.08037999518353,-36.910784006795176,100 175.08018399750824,-36.91080999862891,100 175.07982599444875,-36.911041999916996,100 175.07955299627415,-36.911339992941436,100 175.07953899847612,-36.912081993933484,100 175.079536006405,-36.91220900556878,100 175.07949800703562,-36.91242600660477,100 175.07928300840047,-36.912675991925724,100 175.07889499870222,-36.91288599718544,100 175.07766799204433,-36.91320200030652,100 175.0774339987412,-36.91331899412744,100 175.07743200024382,-36.91332099930888,100 175.07728400172724,-36.913479002225124,100 175.07721599807084,-36.9136920065802,100 175.07719200423233,-36.91376400400884,100 175.07718400211067,-36.914509003037374,100 175.07706300499999,-36.91529799480333,100 175.0768959974605,-36.91638300304793,100 175.0768310054345,-36.91671000271359,100 175.07677600557713,-36.91698500434771,100 175.0766440065697,-36.918217005708705,100 175.07663199213167,-36.91875799558497,100 175.07669800403787,-36.91911699891449,100 175.07692499399795,-36.91964400609237,100 175.0771870062516,-36.91999899930557,100 175.07726600839484,-36.920294996592816,100 175.07643499293044,-36.92017000031033,100 175.07619099146697,-36.920221993784054,100 175.07661399564256,-36.920585002171435,100 175.0771949948464,-36.921228000158756,100 175.0776960045234,-36.92158000418528,100 175.07802899565678,-36.92190100587555,100 175.07797399238407,-36.922109997546166,100 175.07797299715392,-36.92211199960011,100 175.07790299671686,-36.92241999974645,100 175.07832699372298,-36.92239600171505,100 175.07875200591388,-36.92223599802793,100 175.07943700245352,-36.92225599236225,100 175.07946999352532,-36.92225700266336,100 175.0798620090228,-36.922205996058324,100 175.08049800501703,-36.921877993634894,100 175.08105899757572,-36.92182199884481,100 175.08135600176047,-36.92192999303424,100 175.0815619975696,-36.92205800605999,100 175.08158699195795,-36.922071001585344,100 175.0816880035891,-36.92217000191102,100 175.08172099443962,-36.92237300640326,100 175.08141399530717,-36.922909006173725,100 175.08137700351992,-36.92307899756848,100 175.08157600614476,-36.92367300687109,100 175.08177000216725,-36.92406400198901,100 175.0823539991761,-36.92488699717408,100 175.08265399183153,-36.92553499578687,100 175.08332499597904,-36.92644799244581,100 175.08338600092807,-36.92662800228601,100 175.0834780003741,-36.92672900127251,100 175.0836479966689,-36.92691599677917,100 175.08369699866878,-36.92727800301588,100 175.08373699254147,-36.9275790032767,100 175.08387300849438,-36.92792600623036,100 175.0836819944447,-36.928109993567524,100 175.08307299487217,-36.92843699978119,100 175.08307499964405,-36.928504999139264,100 175.0833459956435,-36.92866800533671,100 175.08232200797434,-36.928708998320126,100 175.08165299652367,-36.92890599371617,100 175.08097799838902,-36.92920200655383,100 175.0828979966015,-36.93191199240155,100 175.0841179972655,-36.93247500115016,100 175.08383500073364,-36.93245799968218,100 175.0835899938382,-36.932698994550066,100 175.08340000506672,-36.93294000407727,100 175.08334899873998,-36.93314300622314,100 175.08343700631815,-36.93327699455981,100 175.0841279995565,-36.933790000060014,100 175.08459199210708,-36.93434900166865,100 175.0850610056716,-36.93506199511965,100 175.08537900494255,-36.93538300237549,100 175.0859169993923,-36.9355319917727,100 175.08628699533313,-36.93572800297475,100 175.086457002134,-36.93620900280208,100 175.08656999725548,-36.93679500542807,100 175.08654699109385,-36.93696400235171,100 175.0863840001902,-36.937100991585,100 175.08602400185612,-36.937266000575974,100 175.08523000581573,-36.937494994893385,100 175.08458599759922,-36.93759700370603,100 175.08458500634123,-36.937597998104614,100 175.08411300610746,-36.937741001859564,100 175.0829299996093,-36.93762700597606,100 175.08121400469176,-36.93754600078382,100 175.08084500095413,-36.93741700301577,100 175.08084399728352,-36.93741700618679,100 175.0805499962723,-36.93739000006813,100 175.08048399357128,-36.93755899780931,100 175.08041500764034,-36.93860900607275,100 175.08043900091272,-36.93895800240342,100 175.08057599467298,-36.939282996377095,100 175.0811279971027,-36.93996000154353,100 175.08139200530087,-36.94034999920036,100 175.08152800217414,-36.94067499677887,100 175.08179900612532,-36.94229399755455,100 175.08195199725267,-36.942763992629075,100 175.08200599254093,-36.94324099439968,100 175.08204699863393,-36.943608001278406,100 175.08242400813072,-36.944006999121164,100 175.0824930063349,-36.944433996349545,100 175.08243599232318,-36.94492000032713,100 175.0820519921182,-36.94575100302794,100 175.08148500266137,-36.9465380057343,100 175.08094100113652,-36.94715700084179,100 175.0806940085394,-36.94735399522223,100 175.08045499987358,-36.9473690068859,100 175.08032499706022,-36.94727000243839,100 175.0805160045026,-36.94705300091597,100 175.08064999314183,-36.94683600707777,100 175.08081800360742,-36.94630200541578,100 175.08085300523857,-36.946123998312906,100 175.0806890075452,-36.9460470019335,100 175.08037000665567,-36.94649400062417,100 175.07990499509762,-36.94730100456283,100 175.07968600163375,-36.94748499466759,100 175.07951699072527,-36.94748799424664,100 175.07940099621138,-36.94735500378083,100 175.07933699543378,-36.94709700635809,100 175.07936000792094,-36.94692700398058,100 175.07957700420502,-36.94660699329593,100 175.07937000618656,-36.94606100675456,100 175.07896999255416,-36.94603199660066,100 175.07879399293031,-36.94576500415117,100 175.0786799980914,-36.945722004548465,100 175.07837999872197,-36.94603200164698,100 175.07819199805007,-36.946339994997814,100 175.07788099441703,-36.94726999458888,100 175.07764799195724,-36.94747699897835,100 175.07708699517363,-36.94777500398788,100 175.07775899377268,-36.94792700104667,100 175.07824599936816,-36.94823299554636,100 175.0783049976744,-36.9483440013582,100 175.07819600216885,-36.94843699883319,100 175.07705299753738,-36.94872399411294,100 175.0765110057349,-36.948985994701786,100 175.07620900810542,-36.94920600736009,100 175.0759359957863,-36.94957399368761,100 175.07584399219957,-36.94969700571291,100 175.0757920025083,-36.94987900556371,100 175.07546800395497,-36.950312997559664,100 175.07543600817655,-36.9506630014124,100 175.075237991401,-36.95112999335481,100 175.07489800168096,-36.951508006984355,100 175.07463600714425,-36.9516819953891,100 175.0742579953555,-36.951755992338185,100 175.07404699400945,-36.951737002902675,100 175.07342099759873,-36.95147900534237,100 175.07330899162338,-36.951479996434934,100 175.0732279940548,-36.951593997877644,100 175.07323299467146,-36.95175299369383,100 175.07407800701722,-36.95284199977363,100 175.07436200230427,-36.9534339960373,100 175.07444000557058,-36.95369199199619,100 175.07436900769238,-36.954166997584096,100 175.07416599823765,-36.954456003629005,100 175.07461099623552,-36.95478499374143,100 175.075246991364,-36.95525499455989,100 175.07568900109624,-36.95562000206273,100 175.07640500789168,-36.956079997179835,100 175.07702399585287,-36.956621000331296,100 175.07735400840278,-36.9568399981812,100 175.07854799685845,-36.95733700236681,100 175.07914800174282,-36.95768700464935,100 175.07965099414488,-36.95809500314577,100 175.0799719986091,-36.958506000263206,100 175.0800440020177,-36.95906799633272,100 175.0798790040138,-36.95920699677548,100 175.07955700847805,-36.95925799211482,100 175.07865600210363,-36.95916200186012,100 175.07770200431034,-36.95921300605576,100 175.0774090020945,-36.959274995650006,100 175.07718799336624,-36.959413993913664,100 175.07699799330487,-36.95964300293197,100 175.07699199537367,-36.95992499784476,100 175.07703899733949,-36.96006999582824,100 175.0772700074174,-36.96029200133446,100 175.07763899996536,-36.96051099811989,100 175.0778949954974,-36.96055100597914,100 175.07830899291164,-36.960802005935534,100 175.07849699816077,-36.9609459970146,100 175.07877700029465,-36.960918001631654,100 175.07884900440496,-36.96053300481192,100 175.0789819963771,-36.960215004625574,100 175.07911599839545,-36.960022002690636,100 175.07937800200065,-36.959825005246344,100 175.07965500928012,-36.959719005584866,100 175.08041200022495,-36.95968100142208,100 175.08085499193254,-36.95941400093332,100 175.08175900285298,-36.959105001438076,100 175.08200700199134,-36.95889700491347,100 175.08219200844107,-36.95853200538491,100 175.08230299825212,-36.95848600270632,100 175.08265800834457,-36.958096001595216,100 175.08300699616743,-36.9580219930615,100 175.08330299295315,-36.958061006138855,100 175.08373299687656,-36.958379998237156,100 175.0838419926047,-36.95854499327205,100 175.0839240016485,-36.95867000522924,100 175.08413600625835,-36.9592069992402,100 175.08435700295823,-36.96006000744556,100 175.08435099854472,-36.960342001559205,100 175.08410600466624,-36.96059399311573,100 175.08381500740205,-36.96073499497561,100 175.0834990069939,-36.9610110037041,100 175.0835459956954,-36.96164199580164,100 175.08340399450495,-36.96206199213711,100 175.08339799769684,-36.96235600643687,100 175.08444500818186,-36.963355997320754,100 175.0843410054937,-36.96192100358773,100 175.08447599641903,-36.96176099688909,100 175.08461500251232,-36.961690000442545,100 175.08492299962154,-36.961661996359744,100 175.0854649978592,-36.96194499361375,100 175.08654799782133,-36.96195899539692,100 175.08670399465757,-36.962035006924,100 175.0867089953502,-36.96219299660949,100 175.0865510057398,-36.96260199801215,100 175.08668099760476,-36.96268899367317,100 175.08719899444515,-36.96261199305855,100 175.08765100724193,-36.9626449976738,100 175.08727300087034,-36.962295006024334,100 175.0872369978461,-36.96200300563521,100 175.08733199410048,-36.961875993807126,100 175.08763600226519,-36.96172400042906,100 175.08776000815382,-36.961609006735465,100 175.08781700605775,-36.961373998084106,100 175.08762000569612,-36.96114999773291,100 175.0874050001822,-36.96102899671384,100 175.08640399210097,-36.960857002357116,100 175.08624699161874,-36.960803002010216,100 175.08596000613238,-36.9605830012646,100 175.08595499291647,-36.960403003301295,100 175.08600600605308,-36.960244002064535,100 175.08609900664786,-36.96004999701728,100 175.0860739961567,-36.959678998399724,100 175.08584100221026,-36.95939000063301,100 175.08580000126534,-36.9588729939744,100 175.08579500145007,-36.95880500437822,100 175.08567899434252,-36.958603996593006,100 175.08549200707836,-36.958484002927676,100 175.08480299150784,-36.958418006382345,100 175.08457299308614,-36.958241004393486,100 175.0844819993045,-36.95801699606592,100 175.08444299719054,-36.95717199394378,100 175.08428800524703,-36.95658100103143,100 175.08348799168292,-36.95666000084656,100 175.0830989912209,-36.956847995194366,100 175.08294299661546,-36.956771003446114,100 175.08281000802788,-36.956560001597296,100 175.08283699695764,-36.956051992067174,100 175.082732997146,-36.95582900627373,100 175.08247199250332,-36.95555199955771,100 175.08232800607868,-36.955071006920086,100 175.08231700476034,-36.95503500707859,100 175.08168499789625,-36.95454000022695,100 175.08145099233542,-36.95421700278435,100 175.08144500661274,-36.95401499940196,100 175.08157799909554,-36.95374200369139,100 175.08203599279264,-36.95303400199355,100 175.0822050012452,-36.952568992585974,100 175.08223599671737,-36.952172992622245,100 175.0821779969588,-36.95212900260793,100 175.08181399685677,-36.95220399542896,100 175.08115000437863,-36.95250999890153,100 175.08106299975475,-36.95244300597044,100 175.08108500404037,-36.95221700359767,100 175.0811660058059,-36.95211400695772,100 175.08145399155563,-36.95187199463063,100 175.08191900232254,-36.95161700428226,100 175.0820489963723,-36.951545996871545,100 175.0825370022202,-36.95143500540061,100 175.0840630016268,-36.95128299824829,100 175.08455899984187,-36.95092499843815,100 175.08499499883013,-36.9504200038377,100 175.08539900485448,-36.94980399893534,100 175.08638400358194,-36.94891700700943,100 175.08666099344583,-36.948725001225824,100 175.0869800023996,-36.94862299369475,100 175.08740799247755,-36.94861199220162,100 175.08787900626518,-36.9486189971679,100 175.08827899964095,-36.948364005555916,100 175.08880000474295,-36.94843300455312,100 175.0892350028756,-36.948413995050736,100 175.08945500117375,-36.94822899293087,100 175.08973900861886,-36.94784099962444,100 175.09016900256117,-36.94762999969981,100 175.09027599980556,-36.94748099293656,100 175.09054099726646,-36.946924002132235,100 175.09073100080445,-36.94667199999607,100 175.09103499344894,-36.94650899859051,100 175.09180200630894,-36.94632499957307,100 175.09294099709086,-36.945887996591935,100 175.09343899432957,-36.94559600539968,100 175.0937790046562,-36.94522899374403,100 175.0940320064634,-36.94475099622539,100 175.094276992338,-36.943990992086746,100 175.09456199213335,-36.94365900278519,100 175.09511299967164,-36.94324299294397,100 175.09566699188258,-36.94265799596182,100 175.0959430029027,-36.94231499340836,100 175.09608200347907,-36.941782005369376,100 175.09606700160157,-36.941262996990375,100 175.09593000475522,-36.940871994013555,100 175.09566699254745,-36.940514998271155,100 175.09555200791897,-36.94042800196645,100 175.09528000015578,-36.94021899616593,100 175.09509199530996,-36.9400750012519,100 175.09505800495782,-36.93989500466065,100 175.09511300243773,-36.93982700563943,100 175.09530800221086,-36.939777992541714,100 175.09556399491169,-36.93990900095512,100 175.09561300536944,-36.93997400430352,100 175.0957690020189,-36.94017500720544,100 175.09591200315947,-36.94028500423212,100 175.0966340003262,-36.94061100613928,100 175.096964994326,-36.94076200036183,100 175.09737599746424,-36.940856003422304,100 175.0977879983493,-36.940895994267464,100 175.0982489989635,-36.9409410021083,100 175.09834699565502,-36.94093999464571,100 175.0989939947531,-36.9404990074225,100 175.09926000561006,-36.940449005374745,100 175.09934700208711,-36.940537002189735,100 175.09932600551764,-36.940807998884246,100 175.09876100784362,-36.941190998979536,100 175.09858400627016,-36.94137500374546,100 175.09809399345363,-36.9418790035426,100 175.09768800227565,-36.94244000274914,100 175.09754499415178,-36.94283700658631,100 175.09747800144234,-36.94344699306407,100 175.0973120026719,-36.94402499998019,100 175.09745599920655,-36.94413499178859,100 175.0978530074337,-36.94426299678796,100 175.09815299384792,-36.94441599359732,100 175.0985120083812,-36.944712991309714,100 175.09899400794507,-36.94535800017708,100 175.09928500675238,-36.94522800169409,100 175.09942600129287,-36.945225994039525,100 175.09951199802424,-36.94529200167627,100 175.0994060073775,-36.94550799822505,100 175.09905300656308,-36.94593199465203,100 175.09889900683405,-36.94643100036095,100 175.09878900700048,-36.94652299860089,100 175.09842599628715,-36.946620992676856,100 175.09783199888045,-36.94694699410372,100 175.0977349918498,-36.94701600530715,100 175.0977670045891,-36.94715100140862,100 175.09832999303893,-36.947891994611695,100 175.09905099872495,-36.9473299966006,100 175.0994559924673,-36.94723300296718,100 175.09961999492063,-36.947093992576654,100 175.09961400056258,-36.94689099838843,100 175.09969699425793,-36.946821992896105,100 175.1005340064279,-36.946647998847624,100 175.10169900306752,-36.947122994146284,100 175.10193099848792,-36.94718399594767,100 175.10270500709197,-36.94738599905746,100 175.103378992072,-36.94741900371255,100 175.10464899856643,-36.947597993000784,100 175.10597000617926,-36.94759599426353,100 175.10650900695595,-36.94776599909837,100 175.1072959943751,-36.94781900427214,100 175.10839800477257,-36.94800199524744,100 175.10899899817832,-36.94791199757131,100 175.10963300350213,-36.9480010028273,100 175.11035499112225,-36.94817899664247,100 175.11137900145175,-36.94861100358211,100 175.1116099947233,-36.948821000904374,100 175.11169800740856,-36.94895399355999,100 175.11184500183015,-36.94917799621218,100 175.1119900082273,-36.94932100271356,100 175.11220899607548,-36.949384994251936,100 175.11230899307444,-36.94941500570606,100 175.11233100431443,-36.9494059986931,100 175.11238100226316,-36.94939799608116,100 175.11244800307617,-36.94937899358614,100 175.11245799756864,-36.94937599742529,100 175.11253199921705,-36.94936599484788,100 175.11255299306544,-36.949368004210704,100 175.11261400625256,-36.94938399579999,100 175.1126530058151,-36.94941000300765,100 175.11264900255009,-36.94942699306925,100 175.11263100683053,-36.94945099265586,100 175.11259700369698,-36.94947999622431,100 175.11257599549552,-36.94949299522665,100 175.11249199713225,-36.94954099701835,100 175.11243800703178,-36.949587005564105,100 175.11240499413907,-36.949646005857296,100 175.11239999179332,-36.949661994343174,100 175.11240099139542,-36.94968200027515,100 175.11240799079354,-36.949698994614685,100 175.11241899270476,-36.949711001248446,100 175.11243500877515,-36.949735006607064,100 175.11249099925857,-36.94979099357661,100 175.1125619939532,-36.949850004061396,100 175.1125399990619,-36.949925006092734,100 175.11248300481745,-36.9500929958717,100 175.1120520071453,-36.95038700523494,100 175.1120089922094,-36.950323007358506,100 175.1120140035333,-36.95043999976953,100 175.11201200862055,-36.95044900569537,100 175.1119339939004,-36.950558997875376,100 175.11183399337511,-36.95065300040501,100 175.1118000069475,-36.95070500139493,100 175.1117600045097,-36.950760001606774,100 175.11175400006053,-36.95077199720102,100 175.11175199426785,-36.95081399283775,100 175.11176800869015,-36.95085399781938,100 175.11179800568596,-36.95088499631116,100 175.11184899165292,-36.950953997846845,100 175.1118660060543,-36.95100999804891,100 175.11186900557382,-36.95110099370324,100 175.11187300617325,-36.95113500529845,100 175.1118770088197,-36.95117600267123,100 175.11188899673286,-36.951206992573496,100 175.111913003107,-36.95127800535034,100 175.11192299256558,-36.951364993925736,100 175.11191999499624,-36.9514780063655,100 175.11192299695676,-36.951507003883144,100 175.11192099524507,-36.95152499387713,100 175.11192900621472,-36.951633006635355,100 175.11799699389684,-36.95823099833962,100 175.12169600582124,-36.962222004964,100 175.11812399544212,-36.964848001246075,100 175.11449900528112,-36.96751099899295,100 175.10907300106928,-36.971496999765336,100 175.10851899318456,-36.97190400690593,100 175.10553200700735,-36.97409899199743,100 175.10364000554299,-36.97548799714849,100 175.10120999442816,-36.977272992914976,100 175.09875900798124,-36.979072000408976,100 175.09478299967336,-36.97731300398327,100 175.094795995884,-36.97723599466772,100 175.09479399252666,-36.97723499626436,100 175.0947329938889,-36.977211994433056,100 175.09472399473785,-36.97721199555603,100 175.09466199458717,-36.97719200180744,100 175.09465300759217,-36.97718199942086,100 175.0945939937635,-36.97717099274846,100 175.0944800012811,-36.977123005353505,100 175.09446399345453,-36.977123003073544,100 175.09437500026758,-36.97709099835722,100 175.09435599533023,-36.97708800443762,100 175.09434699744494,-36.977083994820035,100 175.09432199595648,-36.97708300481483,100 175.09430600665402,-36.97707900681881,100 175.0942510043954,-36.977043003419425,100 175.0942099959142,-36.97702700207294,100 175.09419400456946,-36.97701600386708,100 175.09418500287217,-36.97701300193361,100 175.09417599414175,-36.977004006621165,100 175.0941599917808,-36.9769769937862,100 175.09415500226652,-36.9769379978884,100 175.09414800740376,-36.9769239919783,100 175.09412399635423,-36.976899998244136,100 175.09407700517562,-36.976879002987026,100 175.09405399665687,-36.97685900133609,100 175.09404200000503,-36.976855994557106,100 175.09400299341047,-36.976812001051314,100 175.09397999139583,-36.97679399740519,100 175.0939410049964,-36.97675299216126,100 175.09392200472558,-36.97673799305685,100 175.09384699714417,-36.97672399476097,100 175.09375799325082,-36.97669099925332,100 175.09373300577732,-36.97667600660932,100 175.09370299351457,-36.976661994875975,100 175.0936529927037,-36.97662999836091,100 175.09363399391017,-36.97660000731301,100 175.09360500349894,-36.976574994544315,100 175.09356999992923,-36.97655900239667,100 175.09352800429374,-36.976492004044104,100 175.0935190016586,-36.976466993749874,100 175.0935069933748,-36.976452000113476,100 175.0934959951287,-36.97644299658201,100 175.09345699479758,-36.97642700460567,100 175.0933030084537,-36.976422995549925,100 175.0932510027644,-36.97641600505403,100 175.09319999666917,-36.97639900442609,100 175.09314299703976,-36.976360993427555,100 175.09312499965853,-36.97633900601201,100 175.09311999910105,-36.976327997665095,100 175.0930970045879,-36.976305006933515,100 175.0930599945072,-36.97624500542586,100 175.09305699872291,-36.97623800034808,100 175.0930360013269,-36.9762099993213,100 175.09302899722908,-36.97618699513485,100 175.09299499164376,-36.976153993400935,100 175.09298100767592,-36.976146999153904,100 175.09285000529965,-36.976026001918534,100 175.0928340050481,-36.97601700091318,100 175.0928180020412,-36.975993998586404,100 175.09280200470363,-36.97598100305702,100 175.09277400444788,-36.97594799359243,100 175.0927579934551,-36.97593400689078,100 175.0927419937503,-36.975913994036894,100 175.09272099350974,-36.9758940008637,100 175.09270499311998,-36.97587400333828,100 175.09269499728032,-36.9758579953385,100 175.09267599397535,-36.97577799403889,100 175.09267499907597,-36.975747005783916,100 175.09264600256756,-36.975726995875945,100 175.09252999822672,-36.9757059938725,100 175.0925050045915,-36.97569600496943,100 175.09248200451043,-36.97568899659002,100 175.09246099475334,-36.975678001905735,100 175.09233400761954,-36.97565199207439,100 175.09223800241625,-36.97561799854312,100 175.092216993835,-36.975607003793996,100 175.09217800797123,-36.975576994438384,100 175.09210600601733,-36.975561000675654,100 175.08430700206986,-36.976583005366294,100 175.08436400195987,-36.97768299720984,100 175.08437499657333,-36.97783899773068,100 175.08560799970172,-36.97792999562666,100 175.08590100165367,-36.97815400258499,100 175.08642799468223,-36.978960995831684,100 175.0867029957765,-36.979164995121344,100 175.08672500213495,-36.979181006039056,100 175.08672199366436,-36.979184006124214,100 175.0867109967872,-36.97919999982428,100 175.0867030000901,-36.979217994784236,100 175.08668400321125,-36.97924199371786,100 175.08665800520973,-36.97926800123023,100 175.08662199373248,-36.9792959972803,100 175.086611007188,-36.979305996379956,100 175.0865809975722,-36.97931699510608,100 175.0865449922193,-36.97933300310738,100 175.08653000515878,-36.97933999557117,100 175.0864939924438,-36.97933599438104,100 175.08649099892523,-36.979336005554835,100 175.08646399501987,-36.97933000284402,100 175.08644800749983,-36.97932899330274,100 175.08639500803918,-36.979308992000874,100 175.08630199268967,-36.979285995333484,100 175.08618300590715,-36.97924399743816,100 175.08601099745826,-36.979201000913676,100 175.08596999512798,-36.97919100723892,100 175.08589699760043,-36.97916200375108,100 175.08586200073714,-36.979152003620015,100 175.08585400217467,-36.97914899784224,100 175.08584699210738,-36.97914899217351,100 175.0858319979248,-36.97914700342352,100 175.08582200154413,-36.97914200668183,100 175.08580000634498,-36.97913799863941,100 175.08577899682422,-36.97913799838319,100 175.08577700638142,-36.97913800542783,100 175.08575199306236,-36.97913199640703,100 175.0857370049172,-36.97912500363434,100 175.08573399414504,-36.97912499977042,100 175.08570300168964,-36.97911699764796,100 175.08567400141277,-36.97911600490589,100 175.0856449964439,-36.97910500713388,100 175.08561000472454,-36.97909400010775,100 175.08557200039198,-36.9790830036559,100 175.0855389940446,-36.97907299638582,100 175.08549600310923,-36.97905899885887,100 175.0853609994616,-36.97897599938595,100 175.08533300686855,-36.978948998649,100 175.08530800257702,-36.978915993342966,100 175.0852760039269,-36.97889100434322,100 175.08526100599664,-36.978885995397505,100 175.0852509990822,-36.97888299692877,100 175.08523199902643,-36.97887899293032,100 175.08522099765392,-36.978884996790846,100 175.08520499717636,-36.97888700659516,100 175.08520200325557,-36.97888700242149,100 175.08518999327708,-36.97889400098888,100 175.08518799847582,-36.97889500040913,100 175.0851789918744,-36.97890000394483,100 175.0851749948623,-36.978900002975365,100 175.08516400817635,-36.978910001945735,100 175.08514300621144,-36.97891900072145,100 175.08514100402547,-36.978918001232195,100 175.08512100635804,-36.97893399611684,100 175.0851009982698,-36.978938004160575,100 175.08509200752002,-36.978947004586956,100 175.08506800118013,-36.978968992205694,100 175.0850429971815,-36.9789859970484,100 175.0850410058409,-36.978997000610676,100 175.08502800760402,-36.979015000421924,100 175.08500600380557,-36.97903800193377,100 175.08500600076806,-36.97905299477581,100 175.08498899311834,-36.97907700175641,100 175.08497899169956,-36.97909799343282,100 175.0849759917642,-36.97910999260292,100 175.08496799406828,-36.979131999065146,100 175.08495900678508,-36.979151005428534,100 175.0849580016562,-36.97916200518156,100 175.0849530035976,-36.97917899829768,100 175.08495100272722,-36.97919199926171,100 175.08494499421641,-36.979206997572604,100 175.08494300300472,-36.97922500317317,100 175.08493899668213,-36.97924100097618,100 175.08494099582597,-36.979256993310564,100 175.0849349963257,-36.979281006062486,100 175.0849300060119,-36.979324994171854,100 175.08492400528402,-36.97934200670505,100 175.08490600394285,-36.97938900114711,100 175.08490499462806,-36.97941499376115,100 175.08489799782072,-36.97944099242737,100 175.08489500685036,-36.97946200513609,100 175.08488799503098,-36.97949099361021,100 175.08488400288925,-36.97952199927167,100 175.08488299260506,-36.97952700740675,100 175.08486799757384,-36.9795749963128,100 175.0848470014949,-36.97962200189982,100 175.0848449993846,-36.97962800264398,100 175.08482299978382,-36.97967499701605,100 175.08479699668172,-36.97970899586579,100 175.08477799603244,-36.979723004784006,100 175.08473399833937,-36.979780998164806,100 175.08469799452348,-36.979824992122346,100 175.08469199543762,-36.97983799301898,100 175.084674003017,-36.979857992139756,100 175.0845750043999,-36.97993399755238,100 175.08427499097687,-36.980062999439504,100 175.08426699906036,-36.98006600227074,100 175.08419500829092,-36.980121990566715,100 175.08416799212063,-36.98015399631946,100 175.08416599565953,-36.980184003440435,100 175.08417499878533,-36.98022600538387,100 175.08418199847375,-36.98025300556149,100 175.084207002192,-36.98026799903419,100 175.0842110004001,-36.980268000014334,100 175.08425999442662,-36.98027900306076,100 175.0842860066905,-36.9802790004354,100 175.0843099976531,-36.98027799863733,100 175.0843480077447,-36.98027000632332,100 175.08440900864164,-36.98026400577208,100 175.08441099909044,-36.98026399784863,100 175.08446300661416,-36.98025299631139,100 175.08447299574186,-36.98025599605777,100 175.08452499372694,-36.98024699189682,100 175.08453200277586,-36.98024699766025,100 175.08457499909946,-36.98024199195147,100 175.08463199439763,-36.98023399231094,100 175.08467600822098,-36.98023000516321,100 175.0846850003669,-36.98022800498186,100 175.08472600396902,-36.9802200023202,100 175.08478399375315,-36.980203000279715,100 175.0847910078709,-36.98020199830821,100 175.0848360036297,-36.98020599991767,100 175.08487400301044,-36.98020000576121,100 175.08490499968474,-36.98020000015091,100 175.08492900246782,-36.98020400102342,100 175.08496300273168,-36.98020900241101,100 175.0850610089628,-36.980238006877826,100 175.08509000754145,-36.98024299606756,100 175.0851359995432,-36.980269992429314,100 175.08515000386836,-36.98027999300688,100 175.08516799906815,-36.98028799742392,100 175.08522700069045,-36.9803229983427,100 175.08525500312194,-36.980341000545124,100 175.0852690001114,-36.980349003100315,100 175.08532299789272,-36.980363007364225,100 175.08538900192016,-36.980389001237896,100 175.0854139933046,-36.980396003023216,100 175.08549199459634,-36.98043900404989,100 175.08558400105463,-36.98051700342096,100 175.0855999925534,-36.98052399209344,100 175.08563700053733,-36.98055500182122,100 175.08566000236695,-36.980568994595046,100 175.0856759914347,-36.98059099230625,100 175.08569399959123,-36.980600001340164,100 175.08570300667543,-36.980608997329306,100 175.0857099962016,-36.980630996386445,100 175.08570600777077,-36.980665006867085,100 175.08567799655742,-36.98072399492202,100 175.08567200140024,-36.980796995769644,100 175.08565200747404,-36.98084099343022,100 175.08562800574938,-36.98086900703519,100 175.0855339997705,-36.98096099440647,100 175.08547299868488,-36.98100300616504,100 175.08545299700813,-36.98100899607484,100 175.08541199518012,-36.98101300268762,100 175.0853469975362,-36.9810080071855,100 175.08532399658688,-36.98100799858919,100 175.08519399233143,-36.980938998139365,100 175.08509099680077,-36.98091800371045,100 175.08498699345398,-36.980880006234756,100 175.08488599363696,-36.98085799777185,100 175.08481199779467,-36.98086000437911,100 175.084798005944,-36.98085799518986,100 175.08477100507525,-36.98086199715107,100 175.08474399687688,-36.98086400199943,100 175.08464100673072,-36.98084900059077,100 175.08457300356312,-36.98084999328637,100 175.0845549949998,-36.98085899616112,100 175.08453300519784,-36.980878994278605,100 175.08451499998938,-36.9808910019546,100 175.08448799379062,-36.98091399210368,100 175.08444500183506,-36.98095000443066,100 175.0844280081553,-36.980964005982045,100 175.08438599799626,-36.98100100596952,100 175.084360996138,-36.981021000181144,100 175.0843249924918,-36.981046997274255,100 175.08431500227297,-36.98105499404861,100 175.08428499945092,-36.98107500668355,100 175.0842369959474,-36.98110600301255,100 175.0842169997247,-36.98111800235196,100 175.084169994181,-36.98115000227668,100 175.0841610052654,-36.98115500722981,100 175.08411300168498,-36.98118600441222,100 175.08409400453434,-36.981199006433634,100 175.08404500063844,-36.981229000007104,100 175.08402999949948,-36.98123899817572,100 175.08398600362852,-36.981274999129454,100 175.08397800094068,-36.98128000026861,100 175.08392200172605,-36.98129999887408,100 175.0838640057985,-36.98131800734114,100 175.083821004388,-36.981331003634615,100 175.0837640019929,-36.98135100626302,100 175.0837610024449,-36.981351993560665,100 175.08370199997728,-36.98136700033689,100 175.08367600709641,-36.98136999204335,100 175.0836139915151,-36.981370994423834,100 175.08361099788826,-36.981371004626595,100 175.08354899471348,-36.98137299726162,100 175.0835459995704,-36.9813729930689,100 175.08348499772984,-36.9813649918245,100 175.08343199973797,-36.98135499519363,100 175.08337099792098,-36.98134699388975,100 175.08334600346961,-36.981344003326136,100 175.08328600703254,-36.98133200337526,100 175.08325599176857,-36.98132599602668,100 175.08319500570929,-36.981317994354995,100 175.08318699233664,-36.9813179926252,100 175.08313799482872,-36.98132199821659,100 175.08311799718308,-36.98134499301123,100 175.08312000800728,-36.98138700421571,100 175.08312899386755,-36.98142900563885,100 175.08314700865773,-36.98147199589325,100 175.0831599916972,-36.98151399834625,100 175.08318199239903,-36.9815559993183,100 175.08318599791033,-36.98156499767924,100 175.08319499673158,-36.98160100535796,100 175.08321099691267,-36.98164900603045,100 175.08321300753354,-36.98165900377966,100 175.0832160002496,-36.98170900381014,100 175.08321500548226,-36.98172500636974,100 175.08321099412956,-36.981773993743566,100 175.0832089940351,-36.98178299929173,100 175.08318200099035,-36.981827998168555,100 175.083181991434,-36.98182999557208,100 175.0831539919121,-36.98187199282416,100 175.08313100154706,-36.98190900007751,100 175.0830960023188,-36.98194899407225,100 175.0830639932064,-36.98197200232669,100 175.08304499959328,-36.982001995045856,100 175.08301300834322,-36.98203200321254,100 175.08299800162737,-36.982068005973645,100 175.08296600361464,-36.98211000216761,100 175.0829620030524,-36.98211399656089,100 175.0829330075059,-36.98215799586305,100 175.08293100744385,-36.98216000116683,100 175.08290400349915,-36.98219999716973,100 175.08287600714556,-36.98222700241613,100 175.08284800864757,-36.98224400168678,100 175.0828329941689,-36.98226699459168,100 175.08279700231634,-36.98228699661269,100 175.08276099465579,-36.98231000376687,100 175.08272899883934,-36.98233400310731,100 175.0827100039541,-36.98235699465596,100 175.08269000626774,-36.9823870058433,100 175.08267499789105,-36.982415993032774,100 175.08265499800282,-36.98244299938653,100 175.08262700442634,-36.982465992930955,100 175.08259199861814,-36.982492992245646,100 175.0825399946283,-36.982517002892735,100 175.08248299612467,-36.98253599812032,100 175.0824790050645,-36.982537994193855,100 175.08243900000508,-36.98256100110239,100 175.08238299554492,-36.98257500557707,100 175.08233000155826,-36.982588998657654,100 175.08227800566863,-36.98259699421004,100 175.0822169964194,-36.982607996840144,100 175.08217200389515,-36.982596002550885,100 175.0821269932909,-36.98256999276029,100 175.0820809944122,-36.982554997707474,100 175.0820209971823,-36.98254299714242,100 175.08201999404227,-36.982543000322075,100 175.0819649995952,-36.98252000016001,100 175.0819619982476,-36.982517997899436,100 175.08192099791071,-36.982485993558285,100 175.08188799955184,-36.982467002995236,100 175.081843001776,-36.98244899983869,100 175.0817930076933,-36.98242999196445,100 175.08173299305193,-36.98241800687865,100 175.0817320063149,-36.98241799354507,100 175.0817029952416,-36.98241899907612,100 175.08166299879656,-36.98242600605466,100 175.08160500545634,-36.98244300665709,100 175.0815949998069,-36.98244699188093,100 175.0815460045158,-36.98246100189316,100 175.08149800021087,-36.982488001773724,100 175.0814460038052,-36.98251399372679,100 175.08143800525232,-36.98251800321715,100 175.08138800146435,-36.98254699300116,100 175.08138600135075,-36.982548998280336,100 175.08133999797795,-36.982580993946534,100 175.08133800300462,-36.98258199240516,100 175.08128500667652,-36.982606996899705,100 175.08126599418014,-36.98261600337184,100 175.08121600710444,-36.982644992791485,100 175.08120599670494,-36.98265000101896,100 175.0811559931574,-36.98267900602441,100 175.08114599917556,-36.982683998637235,100 175.08108799420967,-36.98270000688495,100 175.08108599810691,-36.98270100535921,100 175.0810410077077,-36.98271699804659,100 175.08104400615662,-36.98280799365925,100 175.07987099320516,-36.98365300471265,100 175.08459100217115,-36.98625100474442,100 175.08642100711873,-36.987258005552285,100 175.08468700632204,-36.98814400613079,100 175.08415899738824,-36.988413992364585,100 175.08310099852372,-36.98918100225122,100 175.08481299289045,-36.990604994696426,100 175.08493399347054,-36.992693005568626,100 175.08571200616527,-37.00817200672551,100 175.08807000600228,-37.00872200271252,100 175.0878690011951,-37.00820299979759,100 175.08790299299136,-37.00790999717394,100 175.08772800592317,-37.007582995309974,100 175.0873230017724,-37.00708000058413,100 175.0871900058762,-37.006701995779885,100 175.08729200820488,-37.00623899407964,100 175.08722400439083,-37.005954994377326,100 175.0873340037015,-37.0055889959368,100 175.0877140052198,-37.00522000304853,100 175.08787900438938,-37.00487899932012,100 175.08790600617655,-37.0045269976876,100 175.0877210072967,-37.0039039953155,100 175.08837899684335,-37.00391000604993,100 175.0890009923073,-37.003450004118164,100 175.09032700256023,-37.00340399712441,100 175.0918470018774,-37.0035309969329,100 175.09186299451525,-37.0040270022513,100 175.09064700731238,-37.004001000142765,100 175.0894840058719,-37.004505005623,100 175.09052099186613,-37.005368996412685,100 175.090947005403,-37.00535700333178,100 175.0917079994439,-37.00554499865906,100 175.09293299677884,-37.005424997083495,100 175.09310499212427,-37.00584999537202,100 175.0927769982678,-37.00663999261205,100 175.09287900774956,-37.00692799804584,100 175.09350799691563,-37.00691799639744,100 175.09381099926983,-37.00705500009582,100 175.09437200592893,-37.00704399362573,100 175.0944959958556,-37.00688000609338,100 175.09492599846692,-37.00669199578921,100 175.09505499910702,-37.0067980068417,100 175.09502600723903,-37.00699499935191,100 175.09488499332647,-37.00724099757406,100 175.09496800331803,-37.00774200126036,100 175.0955209987415,-37.00799600444527,100 175.09587300534648,-37.008331993795736,100 175.0960280073024,-37.00865699919074,100 175.09670099419617,-37.008767002611144,100 175.09714599255247,-37.00877200099852,100 175.0973199976122,-37.00859299989094,100 175.09761200807333,-37.00857699756008,100 175.09778600322107,-37.00877400018371,100 175.09816599230084,-37.00898600508485,100 175.09821400057538,-37.00901599398826,100 175.09874399859342,-37.009401995218475,100 175.09929699609904,-37.00994000044133,100 175.09949800238928,-37.01007500511617,100 175.09973399289828,-37.010353003637206,100 175.10003400863317,-37.01051599243471,100 175.1000660061273,-37.010522994906744,100 175.1004130079171,-37.010538001896094,100 175.10063000335026,-37.01078399357522,100 175.1009770031972,-37.01092699321446,100 175.10143500289016,-37.01159399316341,100 175.1016279916614,-37.011922006673664,100 175.10185099529386,-37.011970998387675,100 175.10177800518827,-37.0126890061327,100 175.10191200137098,-37.01314200092303,100 175.10186500450203,-37.014079994782065,100 175.10186600356903,-37.01417099838591,100 175.10190799465664,-37.014811004963725,100 175.10218400283853,-37.01510500042524,100 175.10197500554506,-37.0153499960624,100 175.10242900388485,-37.01551099876384,100 175.10187499229204,-37.015905003309236,100 175.1023219943447,-37.01639699632167,100 175.1025939916861,-37.01737799228021,100 175.1026639923543,-37.017631001212024,100 175.1014159922143,-37.017254997836844,100 175.10140499380856,-37.017641001104636,100 175.10107600297326,-37.01791699303727,100 175.10061000425011,-37.01789200065183,100 175.0996809977383,-37.01862499356522,100 175.0998159933768,-37.01887399405981,100 175.09977200464579,-37.01939299336353,100 175.0995699981405,-37.019665000226844,100 175.09841300060896,-37.02016000628047,100 175.09751399168402,-37.020899992899835,100 175.09747100576016,-37.02124200619377,100 175.09746900731534,-37.02126199299308,100 175.09734899274002,-37.02169400294888,100 175.0971140058487,-37.021721001207034,100 175.09689100399962,-37.02202799176461,100 175.09688100481353,-37.022953004407235,100 175.0992630005293,-37.02357800043998,100 175.09805800743277,-37.02685199186807,100 175.1082449982428,-37.02928099661695,100 175.11933000383715,-37.031922001163366,100 175.119340001315,-37.03196799264358,100 175.11935000194444,-37.03206100498195,100 175.11935799693345,-37.03208999828995,100 175.11935600452625,-37.032110000566504,100 175.11936199919654,-37.032132992928986,100 175.11937899643434,-37.032166999550874,100 175.1194159988617,-37.03228299838209,100 175.11943799207597,-37.03232299476686,100 175.1194479997393,-37.032358996405954,100 175.11944599923874,-37.03237300540071,100 175.1194259944139,-37.032380998411405,100 175.1194130007708,-37.03239399794994,100 175.11941500104547,-37.03245899314161,100 175.1194209945163,-37.03251000321401,100 175.11942900775807,-37.03253499996944,100 175.1194349924901,-37.03258399676563,100 175.1195229991995,-37.03286599609178,100 175.1195380046863,-37.032904006556244,100 175.11958899781453,-37.03300099271395,100 175.11961399433613,-37.033075004183345,100 175.11963000651673,-37.0331440020331,100 175.1196960088318,-37.033301998853155,100 175.11971899516283,-37.0333799991773,100 175.1197330042075,-37.03341200335113,100 175.11979799311698,-37.033517003886665,100 175.11981699507527,-37.0335400061829,100 175.11984299683763,-37.033585994557306,100 175.1198630072165,-37.03362799735764,100 175.11987999399383,-37.033680000578364,100 175.11991399789852,-37.03373399786874,100 175.11997300076345,-37.03380600085334,100 175.11999199806206,-37.03383400523357,100 175.12002299315276,-37.03387500322138,100 175.12005100920402,-37.0339240054271,100 175.12008399164444,-37.0339539985544,100 175.12009800232147,-37.03397000426113,100 175.1201060063923,-37.03398499616054,100 175.12010599292057,-37.03400799673228,100 175.12013199686515,-37.0340259988575,100 175.1201430066745,-37.034026992623616,100 175.12021700387106,-37.03412399626113,100 175.12024700772076,-37.03415400202936,100 175.120311002587,-37.03423699666791,100 175.12061099415976,-37.03454499743637,100 175.12062300438586,-37.034558996573736,100 175.12071900243944,-37.034638999760396,100 175.12074200596555,-37.03466200154621,100 175.12078899646775,-37.0346970046825,100 175.1208219964177,-37.0347269981806,100 175.12084499149302,-37.034751997303374,100 175.12086400358038,-37.03477699734609,100 175.12088299290758,-37.0347949967531,100 175.12091799858214,-37.03484200361753,100 175.1209720027717,-37.03489299319959,100 175.12102999907813,-37.03493800356071,100 175.12106299187457,-37.03496999522389,100 175.12115200237884,-37.035044000700196,100 175.12117300178463,-37.03505799583241,100 175.12118900397738,-37.035078005260964,100 175.12125699788368,-37.0351419958258,100 175.1213110028288,-37.03519699586765,100 175.12135100064003,-37.03525099906436,100 175.12137799966095,-37.035302994199306,100 175.1213989984721,-37.03533700012019,100 175.12154499304603,-37.03549399667778,100 175.1216009951557,-37.03553599433317,100 175.12162200240502,-37.03555599888612,100 175.1216529991228,-37.03559699728779,100 175.12172999196454,-37.035674998999056,100 175.1217489997902,-37.035689002614184,100 175.12176500660917,-37.03569600119479,100 175.1218019966458,-37.03572100661478,100 175.12187400116315,-37.03578299814722,100 175.12194500144233,-37.03586500489843,100 175.12195899481551,-37.03588500599373,100 175.121985004315,-37.035909993308486,100 175.12200600826984,-37.03593500077777,100 175.122027006955,-37.03594899576418,100 175.1222530062821,-37.036192995783125,100 175.12239500492393,-37.03631000054556,100 175.12249100247377,-37.036395005157864,100 175.12259599395884,-37.036475001716475,100 175.1226240073391,-37.03650899542333,100 175.12268000161234,-37.03656099763972,100 175.12269200413624,-37.0365769956998,100 175.12271299624177,-37.03659300410543,100 175.12272899875367,-37.036609001770344,100 175.12275199967337,-37.03662100684162,100 175.12281299516198,-37.03667399559095,100 175.12284599262745,-37.03672099542953,100 175.12290500136393,-37.036780993686406,100 175.12292599703247,-37.03679199996201,100 175.1229949991712,-37.03681199865495,100 175.12304100051335,-37.03685600328204,100 175.12314799852092,-37.03692900563775,100 175.12318599278603,-37.03697000632372,100 175.1232000042394,-37.036982000091214,100 175.12321399930312,-37.0370020018987,100 175.1232229923956,-37.03700899785603,100 175.1232470062144,-37.037038994692736,100 175.12329299378308,-37.037097992022574,100 175.12337400176844,-37.036865997889436,100 175.12353199761446,-37.03706099878929,100 175.12354000316523,-37.03708000194441,100 175.12357500651453,-37.03715600173737,100 175.1235760068352,-37.03718500639125,100 175.12358000672938,-37.037316994560506,100 175.12356399877928,-37.03735000344688,100 175.1235439980929,-37.03739299954835,100 175.12352399296017,-37.03744899198013,100 175.12351800497078,-37.03745999730093,100 175.1235160080689,-37.03746499181988,100 175.12350099140244,-37.037516998757866,100 175.1234920026804,-37.03753300305026,100 175.1234630031748,-37.037585994871066,100 175.1234489919882,-37.03761800273556,100 175.1234470000844,-37.03762200667268,100 175.12327199389472,-37.03795800621968,100 175.12325899938713,-37.03799100077201,100 175.12324699979402,-37.03800599455383,100 175.1232380064461,-37.03803499336117,100 175.12323299690576,-37.038043996563715,100 175.12320800708625,-37.03809500585624,100 175.12319500754592,-37.03812899188412,100 175.12318400487908,-37.03814599475947,100 175.12309499905192,-37.038272995653635,100 175.12298500354746,-37.0385229939323,100 175.12295499396288,-37.038620997605555,100 175.12295299358522,-37.038626999792484,100 175.12295099320727,-37.038633001979385,100 175.1229380063647,-37.03872000381207,100 175.12293400058965,-37.038732998766235,100 175.12291700436586,-37.03878600541803,100 175.12291399826051,-37.038816001079574,100 175.1229069928095,-37.03882999966085,100 175.1229059916992,-37.03883700419306,100 175.12289999507516,-37.03885400305522,100 175.12289200037424,-37.03887599734783,100 175.12285499689105,-37.03910499628332,100 175.12284799414925,-37.03912199963261,100 175.12284199250138,-37.039135993761455,100 175.12282100726014,-37.039249991957256,100 175.12281599303702,-37.03926399815236,100 175.1227689959868,-37.039380996284635,100 175.1227619977665,-37.039389000409344,100 175.12273700829863,-37.03945199643092,100 175.1227310055103,-37.03946199526346,100 175.122627993268,-37.03963899998074,100 175.12261200658284,-37.03965500057321,100 175.12252400244418,-37.039746002788796,100 175.12249599506288,-37.03976200489732,100 175.1223950060174,-37.03982000703188,100 175.1223659981295,-37.03983900209327,100 175.12234999300858,-37.03984699613619,100 175.1222389930618,-37.03990099541508,100 175.1216020063599,-37.04158900157472,100 175.1212819950478,-37.04243499211416,100 175.11942500670528,-37.04735700540659,100 175.1193010034949,-37.04757600105099,100 175.11908900236864,-37.04774000474719,100 175.11907399520774,-37.04795799606049,100 175.1189940032395,-37.04809499463528,100 175.11824299947648,-37.04837900113183,100 175.11698299867132,-37.04907799244458,100 175.11668900883072,-37.04915000513203,100 175.1166029986706,-37.049084007591034,100 175.11657200018598,-37.04894899521265,100 175.11642799428242,-37.04883999770941,100 175.1160479993986,-37.048857007309905,100 175.1144269942145,-37.049144999790585,100 175.11412999757246,-37.04910599858453,100 175.11384400635052,-37.048929993697435,100 175.11306600670883,-37.04824600605989,100 175.1129850058536,-37.04789799599976,100 175.1128559979877,-37.04777600273189,100 175.11255399081134,-37.04802899878767,100 175.11241200199527,-37.047985997935974,100 175.1124099972267,-37.04789600525589,100 175.11270800008757,-37.04745800496704,100 175.11281699661959,-37.04731400641849,100 175.1133350074684,-37.047282004009766,100 175.11348600026167,-37.04735300156262,100 175.1136330003056,-37.04742200077458,100 175.1138589974483,-37.04744300435417,100 175.11396800007682,-37.047327998398266,100 175.11390899924547,-37.047239001924,100 175.1138019949159,-37.04720900084357,100 175.11368199504116,-37.04717599935112,100 175.1135679966551,-37.04708699965127,100 175.11356599172092,-37.04699700700008,100 175.11386299186654,-37.04656399494316,100 175.11393999610348,-37.04631399541562,100 175.11386900109162,-37.04622300189246,100 175.1137410032762,-37.04622799257609,100 175.11357600084708,-37.04636599990646,100 175.11352499308512,-37.04654700631998,100 175.1132269968902,-37.04695799664024,100 175.1131170050781,-37.04705000662087,100 175.11283799842536,-37.04712300360358,100 175.11281999471612,-37.04715900639759,100 175.11274400165664,-37.04727499775247,100 175.1122550034142,-37.04738099482742,100 175.1115050049999,-37.048262002938195,100 175.1112710082944,-37.048390005796044,100 175.11093499840987,-37.048463994280056,100 175.11073799266632,-37.048444004001105,100 175.11005199403272,-37.04805100342753,100 175.10994100501946,-37.048121004007086,100 175.10994500304466,-37.048255997595376,100 175.11021100287323,-37.048701999723704,100 175.1101859989446,-37.048815004731104,100 175.11004599224933,-37.04888499541974,100 175.10970900628246,-37.04889100628172,100 175.10939500679942,-37.048694002568816,100 175.10908599635022,-37.04869999800836,100 175.1087969967849,-37.04843400670811,100 175.10865599523103,-37.04841399763006,100 175.10852300155364,-37.048687007373275,100 175.1081170033184,-37.04922300226638,100 175.1078819912519,-37.04939700101322,100 175.1076600047897,-37.04948000392,100 175.10742699398395,-37.049743004168754,100 175.10706699263636,-37.049929005718695,100 175.10670200253782,-37.049935998660075,100 175.10653000408772,-37.04982599736352,100 175.10641800312783,-37.04982800667562,100 175.1063019913493,-37.0497180055536,100 175.10648999680228,-37.04939900635948,100 175.10651099867454,-37.04912799361576,100 175.10678300371126,-37.04880800473351,100 175.10665399210544,-37.04873799877865,100 175.10642800098773,-37.04868499900681,100 175.10572800426502,-37.04863400125264,100 175.10565199226778,-37.04849400158882,100 175.10566299143144,-37.04831999869051,100 175.1057899992387,-37.048266992209946,100 175.1059620019509,-37.04814800420775,100 175.10589700799204,-37.048090994197295,100 175.10572700081946,-37.04806200183692,100 175.1056690053642,-37.04798599218598,100 175.10572699881692,-37.04778600496646,100 175.10591500225246,-37.04764099813256,100 175.10587199920323,-37.04755199824573,100 175.10530299625347,-37.04753700342349,100 175.1052899961551,-37.04711899922165,100 175.10555099419312,-37.04695899963171,100 175.1054470018825,-37.04646099394602,100 175.10540400708203,-37.04610200637379,100 175.1055190085805,-37.04593900365476,100 175.1064349999774,-37.046017003545835,100 175.10694799700752,-37.04600800318696,100 175.10706500727653,-37.04588999875399,100 175.1066940009257,-37.0457999975509,100 175.10613699274992,-37.04567600236953,100 175.10593500544968,-37.04537200387484,100 175.10541300603222,-37.04508600433505,100 175.10545499874874,-37.044872992227496,100 175.10568999534345,-37.04468899179344,100 175.10588200797395,-37.0446769959633,100 175.10632899193155,-37.044555993001104,100 175.10651800752433,-37.044304996231325,100 175.10687800218537,-37.04407299685575,100 175.10689499255687,-37.0436670055766,100 175.10711199500517,-37.04341599285485,100 175.10718899776796,-37.04314400643772,100 175.1072720029011,-37.043074997781424,100 175.10757900812365,-37.04302499805884,100 175.1078009926875,-37.04290799879392,100 175.10805399650113,-37.04292500520906,100 175.10782899440724,-37.04275700743395,100 175.1075909977482,-37.04265500475159,100 175.1070299925139,-37.042493004985985,100 175.10680199663923,-37.04232899603003,100 175.1067690058725,-37.042286003984735,100 175.10676199651977,-37.042277001360176,100 175.10667999158537,-37.042214001203185,100 175.10589299659938,-37.041613995781994,100 175.1060550059043,-37.04140800371235,100 175.10605199830985,-37.041250997622726,100 175.10567399635232,-37.040829004215006,100 175.10567099582082,-37.04073899915423,100 175.10576600115695,-37.0401059945775,100 175.1055029910251,-37.039794997573466,100 175.10501100411238,-37.039423993075985,100 175.10476400734066,-37.03952399954702,100 175.10479399703374,-37.03971500672608,100 175.105002000813,-37.03991100192954,100 175.10524899923618,-37.040193006583536,100 175.10507099935052,-37.040434000072885,100 175.10490900655864,-37.04066300623318,100 175.10474600621163,-37.04135300181325,100 175.10469399916101,-37.04196299561482,100 175.10473400075367,-37.042070994891034,100 175.10504000780125,-37.042309996725976,100 175.10505200429833,-37.04231899565367,100 175.10508700792008,-37.04234599731069,100 175.10509000860753,-37.04234900565625,100 175.1050339981019,-37.042460997323175,100 175.10466899684369,-37.04246699413207,100 175.1044809967974,-37.04275300231491,100 175.10402200353013,-37.04317099623177,100 175.10430100367205,-37.04316599742568,100 175.10484799471487,-37.04280300337384,100 175.1054099971287,-37.04285999986844,100 175.10560999171793,-37.04296899776533,100 175.10567199708882,-37.04314800266186,100 175.10575800764337,-37.04321399308853,100 175.10589899445,-37.04321199616941,100 175.10604199497726,-37.0432999927778,100 175.10583600494155,-37.043482999349216,100 175.10543099835726,-37.04358099565327,100 175.1050150020026,-37.04381300322323,100 175.10487499404877,-37.04383900142646,100 175.10462699172527,-37.04400000358419,100 175.10383999280225,-37.04399199812963,100 175.10380800661562,-37.044076994555866,100 175.10415499320032,-37.044234994718344,100 175.1042999916286,-37.044367002940184,100 175.10430300606865,-37.04447999189872,100 175.10408100250396,-37.04461800172225,100 175.10339299927114,-37.04460800443419,100 175.1029869929672,-37.044684003051906,100 175.10293300436342,-37.04475099272518,100 175.1030189921159,-37.04481800667422,100 175.10344200579854,-37.044878005968116,100 175.10364300564873,-37.045010002269784,100 175.10420299373934,-37.04493200481624,100 175.10428900401405,-37.04499799538617,100 175.1042939934716,-37.04517900042816,100 175.10388200559646,-37.045545997923,100 175.10387100455387,-37.04564799761145,100 175.10403599798013,-37.04602800115436,100 175.10387900130877,-37.046447999586086,100 175.10370100456944,-37.04665400377829,100 175.10338199587886,-37.046748999568045,100 175.10307799949763,-37.04695799283094,100 175.1030250058304,-37.04707200026984,100 175.10277700604627,-37.047232997726226,100 175.10239699539392,-37.04725100110434,100 175.1020080036596,-37.04739399258385,100 175.10179599935847,-37.04738600213744,100 175.10159599913342,-37.04727699805352,100 175.10142700682061,-37.04727999362884,100 175.10131699812578,-37.047349998597,100 175.1013489957309,-37.047484003571356,100 175.10150500669445,-37.047561006675764,100 175.1021809976397,-37.04757099858437,100 175.10264799296988,-37.047663994056265,100 175.10314400370436,-37.047340000841096,100 175.10328500061286,-37.047314992877645,100 175.10339800843434,-37.047356998354154,100 175.10348500443166,-37.04746900242286,100 175.10350600416183,-37.047705005434096,100 175.10333399900315,-37.04808000677626,100 175.103126999019,-37.04824100330501,100 175.10280799174166,-37.048383004122556,100 175.1026980065535,-37.048473996871024,100 175.10262300744614,-37.04881399604206,100 175.10251499504545,-37.048973003868376,100 175.10212700238648,-37.04918299457405,100 175.10141199729497,-37.04925300457152,100 175.1009239947662,-37.04938500224145,100 175.10078399570702,-37.04959700557308,100 175.1011369952622,-37.049482001060724,100 175.10195100027968,-37.049445999379365,100 175.1023560065393,-37.049337003796374,100 175.10300200467358,-37.048979993690544,100 175.10347799684143,-37.04870899888725,100 175.10379700411787,-37.048566996270274,100 175.1043739925284,-37.04861399842497,100 175.10447399191216,-37.04864499486373,100 175.10458900224162,-37.04875699841232,100 175.10469399448678,-37.048990993141445,100 175.10464000429394,-37.04954500414226,100 175.10465500390836,-37.0496509928441,100 175.1047920019252,-37.049970002837725,100 175.1049070042882,-37.05010299217078,100 175.1049440013588,-37.05039500125684,100 175.1045580007449,-37.05067300028942,100 175.10448099946623,-37.05092200078474,100 175.10394300677015,-37.05124400556704,100 175.10440799987035,-37.05135199478079,100 175.10511800673567,-37.05163199826344,100 175.1052340019033,-37.051741999891796,100 175.10521199916397,-37.05247599922063,100 175.1050020068617,-37.05299699829719,100 175.10496000673976,-37.05353900681698,100 175.10483999346857,-37.05383999535689,100 175.10476199165734,-37.05398199369584,100 175.10454200273256,-37.054211003043584,100 175.10288200320613,-37.0551640058043,100 175.1027130062869,-37.0551679949214,100 175.10236600444748,-37.054976999909854,100 175.10190299613393,-37.053723998953956,100 175.09468200730024,-37.055207999091294,100 175.08869999913966,-37.056442002594046,100 175.08842100825038,-37.056499994909196,100 175.08825800211127,-37.05655099340695,100 175.08825999599557,-37.05649299858538,100 175.08825300198995,-37.056462993231584,100 175.08825800100584,-37.05644299526279,100 175.0882549995647,-37.0564080040765,100 175.08823000809446,-37.05634499754972,100 175.0882249951425,-37.056313993849834,100 175.08820700314695,-37.05628000208253,100 175.08818399608248,-37.056226003030716,100 175.08816799350228,-37.056153005348975,100 175.08813100745402,-37.05605900537751,100 175.0880900025679,-37.05597600224508,100 175.0880599979329,-37.055893004576745,100 175.08804399310603,-37.05585999622284,100 175.08803799517878,-37.05583900132496,100 175.08799899097266,-37.055800998444084,100 175.08796899520794,-37.055762992849424,100 175.08794400613021,-37.05572499913118,100 175.08792400762627,-37.05568700405729,100 175.08787400262187,-37.05557700677263,100 175.08779400826631,-37.05545999474979,100 175.0877349987867,-37.05539599899398,100 175.08772400593338,-37.055391005728126,100 175.08766699860888,-37.05535000211611,100 175.0876470085608,-37.0553210051136,100 175.08758299810154,-37.05525600498213,100 175.08757399227426,-37.05524099967012,100 175.0875740048004,-37.055230993558055,100 175.08755300140203,-37.05519300168492,100 175.08753299412982,-37.0551710051232,100 175.08752399515166,-37.05515099674049,100 175.08750100576003,-37.055126006380135,100 175.0874919999405,-37.055111000159776,100 175.08743699813874,-37.055045998177256,100 175.0874279971444,-37.05502300121274,100 175.0873829978771,-37.05494199413176,100 175.08737599347174,-37.054893000953115,100 175.08734600139923,-37.054840003407016,100 175.08731400392105,-37.05479700198121,100 175.08729099977816,-37.054739005548555,100 175.08727799558324,-37.05472700422255,100 175.08726600232683,-37.05470999657456,100 175.08726399925376,-37.05469800078708,100 175.08723000651622,-37.05461599326792,100 175.08720700808357,-37.054582003829026,100 175.08718900153102,-37.05454400059286,100 175.08716800667858,-37.0545150067662,100 175.08714799538174,-37.05449400160063,100 175.08714100691319,-37.054481001218576,100 175.08712999951635,-37.0544680012728,100 175.08709700776845,-37.05436899977964,100 175.08704700549535,-37.054301996208686,100 175.0870339952091,-37.054266004068204,100 175.08700200768922,-37.05420299238808,100 175.08697400776362,-37.05416099932482,100 175.08692199588816,-37.0541120005752,100 175.08691100215003,-37.05410700724533,100 175.08688099703286,-37.05408199601836,100 175.08685900473415,-37.054055003379474,100 175.0868289946256,-37.05403099894457,100 175.08676100017325,-37.05395899708189,100 175.08672700232898,-37.053900004308,100 175.086704000046,-37.05386700712755,100 175.0866840068792,-37.053823992554776,100 175.08658099639305,-37.053684994398445,100 175.08657200561228,-37.05367799561644,100 175.08656099714585,-37.05367599202319,100 175.08654999817884,-37.05364699343319,100 175.08643400509382,-37.053463003269,100 175.0864220034075,-37.05345499305093,100 175.0863860056011,-37.053418991597326,100 175.08634499838644,-37.0533910004277,100 175.0863320080773,-37.05338700562629,100 175.08632300832048,-37.05337799354566,100 175.08629799145763,-37.05337099189645,100 175.0862479961939,-37.05334599241449,100 175.08619799277764,-37.05328300002788,100 175.0861119925352,-37.053220000972345,100 175.08606199992457,-37.053161995060215,100 175.0860429956514,-37.053137004590326,100 175.08603199234034,-37.05313399503873,100 175.08602099131798,-37.05312700363584,100 175.08599400331798,-37.053122998167616,100 175.08595600155422,-37.05312200740578,100 175.08588499331032,-37.05308599435479,100 175.08573299835805,-37.05307499556785,100 175.0856970003109,-37.053068003974715,100 175.08566500868255,-37.0530670056493,100 175.0856360004627,-37.053058004742155,100 175.08557100173437,-37.05305099411914,100 175.08546199405217,-37.05305300404322,100 175.08538100668702,-37.053034993300166,100 175.08535699721182,-37.053035003639025,100 175.08532499668786,-37.05304300455815,100 175.08529599755875,-37.05304300168617,100 175.08528699932077,-37.053048006047455,100 175.08527800567583,-37.05304500344522,100 175.08517299202327,-37.05302700317279,100 175.0850860035774,-37.05300000032965,100 175.08501699349762,-37.0529880020061,100 175.08491600083113,-37.05296600667497,100 175.08490300826693,-37.05296599176258,100 175.08483599694486,-37.05294899940376,100 175.08482400488592,-37.05295000155075,100 175.08474599622792,-37.05294299297951,100 175.0847060002096,-37.05293499254802,100 175.0846299944555,-37.05291899186735,100 175.08451800889713,-37.05291700025778,100 175.08447300134935,-37.05290999361766,100 175.0844150016905,-37.052896001563425,100 175.0844019916211,-37.05289600402773,100 175.0843499957919,-37.05288699407955,100 175.08430300608455,-37.05287099599442,100 175.08423899845968,-37.05284200326341,100 175.08409700001644,-37.05279900011545,100 175.08389000613928,-37.05270600631381,100 175.08386000110383,-37.052673994128604,100 175.08381300387978,-37.052648997695684,100 175.08378599791973,-37.05263100612453,100 175.0837560024469,-37.052621992357345,100 175.08373800805361,-37.05260700408072,100 175.08371599558856,-37.05259500381663,100 175.08370900192287,-37.052587006260715,100 175.08361800470155,-37.05252600564923,100 175.08352099175144,-37.05243400511933,100 175.0834820081003,-37.05238899924962,100 175.0834660080702,-37.052376992441495,100 175.0833850051192,-37.05235199574471,100 175.08336699851012,-37.05235000123824,100 175.08329699804906,-37.052320999710275,100 175.08328999154688,-37.052311995634916,100 175.08327500688046,-37.052305002754814,100 175.0831820042765,-37.05222200096608,100 175.08316400278076,-37.05221899961939,100 175.08313899716353,-37.05220999988005,100 175.08303399679303,-37.052082993304005,100 175.082897993256,-37.051955000829224,100 175.0828830008774,-37.051945994595,100 175.0828730043352,-37.05193899876834,100 175.08283500272142,-37.0519059929656,100 175.08282100769904,-37.051870004094404,100 175.08281799564028,-37.05185200274741,100 175.08280200740586,-37.051770005676275,100 175.08280199610252,-37.05175100168518,100 175.08279200607905,-37.05171800228011,100 175.08277999938605,-37.051594003662885,100 175.08277299814117,-37.05155199493537,100 175.08277500013997,-37.05154300474958,100 175.08276499487692,-37.05137100085018,100 175.08278900489702,-37.051235998730306,100 175.08278599175418,-37.05121799739942,100 175.08279299218393,-37.05114999525473,100 175.08280600593935,-37.05110300336233,100 175.08281899666517,-37.05100400405364,100 175.08289700328726,-37.050716001957404,100 175.08290600532078,-37.050696005074194,100 175.0829059965715,-37.05068700694201,100 175.08289400812282,-37.050634003789,100 175.08288000525363,-37.05062099835557,100 175.08284699434017,-37.05058399427101,100 175.08280300425218,-37.0505680005587,100 175.08277300090182,-37.0505680011749,100 175.08270000797884,-37.05058099695566,100 175.08264200450557,-37.05062499272373,100 175.08261700350647,-37.05063999812753,100 175.08250999580372,-37.05068000559233,100 175.08243299343695,-37.050730001186636,100 175.08239700048736,-37.050753998672505,100 175.08238299751355,-37.05075900597761,100 175.08182899903508,-37.0511900012258,100 175.08181099186555,-37.05119900289217,100 175.08174299984404,-37.05125200242755,100 175.08171199225424,-37.051279992246016,100 175.08167599159069,-37.051308992606565,100 175.08160600486602,-37.05136599357265,100 175.08153700473915,-37.05143400332683,100 175.08147500736573,-37.05146899825128,100 175.0814010055126,-37.051524991654105,100 175.08135999852465,-37.05154699399986,100 175.0813199938113,-37.051573003815825,100 175.081265006135,-37.05159499464268,100 175.08112200664172,-37.051630004112866,100 175.0810969994172,-37.05163900053897,100 175.08106900600973,-37.05164599356574,100 175.0810300016228,-37.05164799390233,100 175.08098700419703,-37.05165900580476,100 175.08095100680103,-37.05165899668892,100 175.08091399398907,-37.05165400512992,100 175.08083099760375,-37.05162599444577,100 175.08079000406144,-37.05161700255834,100 175.08075199616778,-37.0515819989655,100 175.0806719972993,-37.051468994398704,100 175.08066500620737,-37.05145000020504,100 175.0806549930693,-37.05143600520865,100 175.08064099993496,-37.051421001220554,100 175.08063700014637,-37.051410003791716,100 175.08060800033877,-37.05137499801928,100 175.08055300169852,-37.05123699780176,100 175.08051799522855,-37.05118000543606,100 175.08050900059519,-37.05109600075719,100 175.08051800410433,-37.050991006059704,100 175.08051499542253,-37.05095099554801,100 175.08050999388453,-37.05094300700676,100 175.08050999128375,-37.050813002319764,100 175.08048099897147,-37.050733995426704,100 175.0804709975896,-37.05067900228873,100 175.08044400541604,-37.05060900094346,100 175.08044399473908,-37.050582997659305,100 175.0804370055698,-37.050566992028855,100 175.080418000472,-37.05053899669173,100 175.08040099949167,-37.050522997259776,100 175.0803869992803,-37.05049899597211,100 175.08034799982963,-37.05048600244509,100 175.08029399399754,-37.050446006899485,100 175.0802850025872,-37.05044599158462,100 175.08026500713706,-37.05043999379306,100 175.08021199913273,-37.050439999844635,100 175.08014500449627,-37.05043099515856,100 175.08009299941054,-37.050441994393594,100 175.08006599608157,-37.05045200259062,100 175.0800220043381,-37.050454005348044,100 175.0799489940934,-37.05047400081624,100 175.07991699621448,-37.05047800398789,100 175.07989199987105,-37.050485001849026,100 175.07987900809567,-37.05049200276169,100 175.07986299532,-37.0505110030059,100 175.0798539969964,-37.050516006958546,100 175.07983400100414,-37.050523993226385,100 175.0797809917929,-37.05053499641738,100 175.07977199341164,-37.05053999856236,100 175.07976399572024,-37.05055999202495,100 175.07960500853022,-37.050756998726065,100 175.07956099656934,-37.050857999994044,100 175.07951899949907,-37.05092600372439,100 175.07943300602943,-37.05118000456264,100 175.07940600791486,-37.051216994775594,100 175.07935100510662,-37.0513439929814,100 175.07934000579067,-37.05135800233359,100 175.07932299579008,-37.05139300493638,100 175.07930900141753,-37.051409998636544,100 175.07927599490577,-37.051478000560394,100 175.0792670048822,-37.051485003343515,100 175.0792210063937,-37.0515530059295,100 175.07920500463285,-37.051565996218216,100 175.07918199724259,-37.05157699855822,100 175.07915499863398,-37.05157899957767,100 175.07910900275922,-37.05158299199973,100 175.0789919961948,-37.05158099754626,100 175.07898300282199,-37.05158499462776,100 175.0789010035134,-37.05160099489893,100 175.07884099831938,-37.05158999772206,100 175.0788319977879,-37.05158499662661,100 175.07870500527676,-37.05154600671837,100 175.07861300110775,-37.05149699322069,100 175.0785580054215,-37.05148199657368,100 175.07854399397348,-37.05147100511293,100 175.07846500744063,-37.051431005864366,100 175.07836999797019,-37.05137000025808,100 175.07834200286428,-37.05132100389967,100 175.0783419955853,-37.05131900590887,100 175.07828299815293,-37.051262006120155,100 175.0782620052754,-37.05123700684573,100 175.07824599771112,-37.05123000240512,100 175.078200002978,-37.051171003700226,100 175.07818799299253,-37.05113700461615,100 175.07816299265988,-37.0511129948485,100 175.07814999606538,-37.05110000095478,100 175.07813799772214,-37.05109499465789,100 175.0781110036187,-37.051061003088336,100 175.07803300038006,-37.05100100512368,100 175.07802900167044,-37.050989991358996,100 175.0780059986457,-37.0509649993209,100 175.0779970040052,-37.0509520055822,100 175.0779719940287,-37.0509369960368,100 175.07793899363554,-37.05088100238637,100 175.07787299765727,-37.050837995579315,100 175.07784800381475,-37.05082699728297,100 175.07778900104725,-37.05081999175403,100 175.07774599429138,-37.05079099881159,100 175.07772799542207,-37.05079100142359,100 175.07773199756323,-37.05078400142746,100 175.07771600319708,-37.050771002325334,100 175.07769399540518,-37.05076200567611,100 175.0776710035055,-37.05074900118623,100 175.07765499981355,-37.05073100018246,100 175.0776160009238,-37.05071100556649,100 175.07756400225,-37.05066799669597,100 175.0775320003457,-37.0506660049399,100 175.07750200703387,-37.050650005575534,100 175.0774499930316,-37.05056799800293,100 175.07742500594648,-37.05054499456011,100 175.07739700518167,-37.05053600460052,100 175.07737700289138,-37.050521006341256,100 175.07736900130087,-37.05050999237368,100 175.0772619976652,-37.0503600043164,100 175.0772500075766,-37.050335993570044,100 175.0771759926915,-37.05022999815633,100 175.07715899138137,-37.050185996647066,100 175.07715900366208,-37.05017300189814,100 175.0771539983504,-37.050159003595994,100 175.07714899627553,-37.05010899493007,100 175.07713399818667,-37.050070004547905,100 175.07713400838657,-37.05005400499559,100 175.07710499233048,-37.04994899324238,100 175.07707699950126,-37.04987899508525,100 175.07704799931366,-37.04978499477271,100 175.07703099919405,-37.04976899482851,100 175.07703099155478,-37.0497249939781,100 175.07703500335023,-37.04971599661721,100 175.07704399670615,-37.049683997173474,100 175.0770639966277,-37.04965400315286,100 175.0771599970292,-37.04957400387768,100 175.0771760020882,-37.04956699284088,100 175.0773139964415,-37.04947900624759,100 175.07747599962306,-37.04941899707402,100 175.0776310064267,-37.049334000827976,100 175.07767899973055,-37.049324999882636,100 175.07771400123065,-37.049322999594885,100 175.077777993094,-37.04929100356102,100 175.07784100206135,-37.04925100520004,100 175.0778889927667,-37.0492179988469,100 175.07793199417534,-37.0491919935522,100 175.0780850030159,-37.04907999358283,100 175.07832299393957,-37.04884900263003,100 175.07836100626847,-37.0488160006234,100 175.07837699172603,-37.04879199899877,100 175.07837899607782,-37.04877899727663,100 175.07838799166115,-37.04876400379,100 175.07845299632814,-37.048688003088955,100 175.0784630040867,-37.04868200367156,100 175.07847999692095,-37.04865400255971,100 175.07848399260246,-37.04860600741209,100 175.07849100272009,-37.048593002673144,100 175.07853600596482,-37.04851600508404,100 175.07855000384882,-37.04850500486733,100 175.0785970078745,-37.04841900183127,100 175.0785990050785,-37.048397001934944,100 175.0786210057566,-37.04832299864709,100 175.0786250017837,-37.04830300509545,100 175.07863199499346,-37.04829000064462,100 175.0786330013275,-37.048236997247585,100 175.07863999684767,-37.04821999741868,100 175.07864299959306,-37.0481309937839,100 175.0786379940939,-37.04807099644367,100 175.07863099428027,-37.04805400038167,100 175.0786289932317,-37.047975003846126,100 175.07863399434441,-37.0479550061956,100 175.07862199928223,-37.04792500221102,100 175.07861899166292,-37.0478919935792,100 175.07860200480175,-37.047816999983745,100 175.0786020045331,-37.04778199730022,100 175.0785870004581,-37.04775099787225,100 175.07857599645158,-37.04774499720399,100 175.0785690078236,-37.04773599341825,100 175.07856900532326,-37.04771900268808,100 175.0785619987169,-37.04770999921696,100 175.0785429986507,-37.047698993333235,100 175.07851700767466,-37.04765499274564,100 175.07849900016333,-37.04764999355839,100 175.0784890024788,-37.0476399934258,100 175.0784830046383,-37.047634005048856,100 175.078463996025,-37.047585999393505,100 175.07845000731066,-37.04757399988539,100 175.0784410025158,-37.04755600428942,100 175.07841700313776,-37.047539999225144,100 175.07839199426138,-37.047497001634845,100 175.078378007908,-37.04748100673864,100 175.07832700564987,-37.047370002272636,100 175.07826199100174,-37.04719900233474,100 175.078247997044,-37.047180994113404,100 175.0782199995833,-37.0470980017423,100 175.0781359938128,-37.04692499482179,100 175.0780710052357,-37.04673500630381,100 175.0780589975645,-37.04671099683173,100 175.07804599853512,-37.04669499811007,100 175.0780119956734,-37.04663899224525,100 175.07801100130644,-37.046636998029925,100 175.0779899942523,-37.046572999982615,100 175.0779389993612,-37.04646399330998,100 175.07786400079408,-37.04637900158255,100 175.07784400151735,-37.04635999356781,100 175.0777369940654,-37.04627799781134,100 175.07771500313396,-37.04624499456582,100 175.07770599831989,-37.04620599656427,100 175.07767100231453,-37.04615800227387,100 175.07765599173504,-37.046125005606356,100 175.07763100597543,-37.04601799638371,100 175.07753999953988,-37.04576899919387,100 175.07753600663844,-37.045687004710416,100 175.077525999458,-37.045658001331994,100 175.0775190016483,-37.04560200621016,100 175.07754799966844,-37.045520993888076,100 175.07758799293524,-37.04540600655441,100 175.07760299342362,-37.04525900404076,100 175.07756999478946,-37.04509100186798,100 175.0775330015356,-37.04496399462695,100 175.07746999297123,-37.0448399927941,100 175.07735500318097,-37.04470900631554,100 175.07723499973477,-37.04461099586216,100 175.0770949945387,-37.04451600066078,100 175.07694599872508,-37.044435006284374,100 175.07679300201085,-37.04436099633979,100 175.07664500522367,-37.04430199225203,100 175.07652000142022,-37.04422800640281,100 175.07650400343528,-37.04420899658059,100 175.076476000333,-37.04416599508327,100 175.07637099248566,-37.044072995409344,100 175.076304991964,-37.04399399535583,100 175.0762829923006,-37.04397700577991,100 175.07626900703033,-37.04395399418606,100 175.07626599348185,-37.04392600384902,100 175.0762570017353,-37.04389499796685,100 175.07623100075475,-37.04383600432402,100 175.07619700060417,-37.04377999873369,100 175.07618300258957,-37.04376299613571,100 175.0761670048336,-37.043751003568715,100 175.07614499493474,-37.043721996575464,100 175.07612000338975,-37.04369699565704,100 175.07605400389966,-37.04361099524887,100 175.07582200671962,-37.04334899689467,100 175.0757979932283,-37.043326005747076,100 175.07577299699437,-37.04330899641802,100 175.07560599977253,-37.043138994728814,100 175.0755079953491,-37.0430350032242,100 175.07543199721852,-37.042971000845704,100 175.07541400096346,-37.04294299958783,100 175.07537600198023,-37.04291099882244,100 175.07536200483798,-37.04288699682056,100 175.07533499254174,-37.04285399533939,100 175.07528599645218,-37.0427799993009,100 175.07527699694785,-37.04274699534579,100 175.0751879923326,-37.04256099427097,100 175.07517699994762,-37.042524993295196,100 175.07509400524924,-37.042374004176686,100 175.075075999641,-37.04234800294982,100 175.07506499711357,-37.04232099954687,100 175.07502899563275,-37.04226699878777,100 175.07499299425385,-37.04222699838944,100 175.07477999847902,-37.04205000422662,100 175.07474799823626,-37.04201700514085,100 175.0747350028541,-37.04201099567161,100 175.07469900374508,-37.041988001260506,100 175.07465400551885,-37.04194600319606,100 175.0745500068973,-37.041866998949345,100 175.0745230030591,-37.041842996332626,100 175.07443500050073,-37.04178300122277,100 175.07425300782407,-37.04157899158326,100 175.07425100095733,-37.041568004111696,100 175.07424200006503,-37.04154599742402,100 175.07418999781132,-37.04145000201754,100 175.07175800673133,-37.04241400239446,100 175.07057300168597,-37.04288399372869,100 175.06582999469816,-37.04476099926615,100 175.06574900453523,-37.04479399156758,100 175.0651819943627,-37.04443699400703,100 175.06498900812858,-37.04427300043328,100 175.06450300167467,-37.04422999541613,100 175.06437300548615,-37.04414199657664,100 175.0641169995894,-37.04411799930734,100 175.06393600575095,-37.044004003445096,100 175.06391999857075,-37.04401799761342,100 175.06267800152438,-37.04384200103937,100 175.06223999368265,-37.043840002552685,100 175.06154999676582,-37.04408000413733,100 175.06098899407453,-37.04389599590264,100 175.06059799751264,-37.04372299831895,100 175.05978799735198,-37.043488003596195,100 175.05967600116855,-37.04370799059723,100 175.05990200049334,-37.044184006155334,100 175.0607729996338,-37.04601999659354,100 175.0590339942575,-37.04666299692404,100 175.06049500199788,-37.0490699957454,100 175.06193999570007,-37.05142299623521,100 175.06074400353117,-37.05187199880851,100 175.06120799292734,-37.052665000620394,100 175.0618739994426,-37.05379399056594,100 175.05953799226538,-37.05468700208737,100 175.05893000637653,-37.05491600163779,100 175.05696300655075,-37.05565199320629,100 175.05875099747314,-37.058759001055634,100 175.05875999236193,-37.058775000212066,100 175.0587510057305,-37.05877399269301,100 175.05874200807497,-37.05877199486526,100 175.05873300387347,-37.05877100297152,100 175.05872400040658,-37.05876999664397,100 175.05871600688153,-37.0587679949,100 175.05870700382914,-37.05876700388559,100 175.0586980050514,-37.05876500607394,100 175.05868900156122,-37.058763998842856,100 175.05868000278429,-37.05876200102982,100 175.05867099929463,-37.05876099379734,100 175.0586619962435,-37.058760002779465,100 175.05865299746762,-37.058758004964346,100 175.0586439939787,-37.05875699772978,100 175.0586360004569,-37.058754995980316,100 175.05862699628273,-37.058754004979264,100 175.0586179928189,-37.05875299864355,100 175.05860899514457,-37.05875099990466,100 175.0586000085418,-37.05874999327485,100 175.05859099290797,-37.05874799574765,100 175.05858200671966,-37.05874700443092,100 175.05857300323274,-37.05874599719089,100 175.05856400446055,-37.058743999368886,100 175.05855500097417,-37.05874299212748,100 175.0585470078698,-37.05874100568635,100 175.05853800328427,-37.058739999363986,100 175.05852900566197,-37.05873800242062,100 175.05852000215228,-37.058736994275655,100 175.05851099798136,-37.058736003265686,100 175.05850200033584,-37.058734005419375,100 175.0584929957272,-37.058732998192696,100 175.0584850022114,-37.058730996432836,100 175.05847599916555,-37.058730005400655,100 175.05846699998358,-37.058727992256685,100 175.05845800234,-37.05872599440697,100 175.0584489992463,-37.058725001571,100 175.0584400005038,-37.058723004640264,100 175.0584320011743,-37.05872199437844,100 175.0584230035079,-37.05871999562517,100 175.05841400474222,-37.058717997791554,100 175.0584050016986,-37.0587170067539,100 175.05839600249547,-37.058714992703585,100 175.0583879925615,-37.05871300744504,100 175.05837900594102,-37.05871199989738,100 175.0583700071773,-37.058710002060366,100 175.05836199680624,-37.0587080005847,100 175.0583529980434,-37.05870600274637,100 175.0583439945392,-37.058704994587856,100 175.05833499580146,-37.05870299764897,100 175.0583270022925,-37.058700995878226,100 175.0583180046553,-37.05869899801766,100 175.0583099931626,-37.0586969965579,100 175.05830099552625,-37.05869499869603,100 175.05829199676631,-37.05869300085296,100 175.05828400325942,-37.05869099907923,100 175.058275004476,-37.058689000334,100 175.05826699413373,-37.05868699975262,100 175.05825799535117,-37.05868500100606,100 175.0582500072504,-37.05868199241376,100 175.05824099163263,-37.05867999485938,100 175.0582329981283,-37.05867799308214,100 175.05822399937193,-37.058675995233784,100 175.05821599372698,-37.058673003166604,100 175.05820699607128,-37.05867100439655,100 175.0581990025687,-37.05866900261696,100 175.05818999123488,-37.058665998261866,100 175.05818199770889,-37.058663995580254,100 175.05817399209107,-37.058661004410986,100 175.05816499443776,-37.05865900563768,100 175.05815700524346,-37.058655997959264,100 175.05814900070274,-37.05865300496704,100 175.05814100607935,-37.05865100320293,100 175.05813199587385,-37.05864799882377,100 175.0581270048917,-37.05864499588474,100 175.0581189992292,-37.05864200290992,100 175.0581109989737,-37.058638003118254,100 175.05810299874335,-37.058634004226874,100 175.05809600264163,-37.05863000142609,100 175.05808800238856,-37.0586260016328,100 175.05808000641903,-37.05862099504214,100 175.05807200619205,-37.058616996148544,100 175.05806400594153,-37.05861299635354,100 175.05805699298327,-37.05860899384296,100 175.0580489927587,-37.05860499494773,100 175.0580409925106,-37.05860099515109,100 175.05803299698488,-37.05859600477239,100 175.05802600198993,-37.05859200104688,100 175.05801800064472,-37.05858800216895,100 175.05801000039997,-37.058584002370104,100 175.05800200015605,-37.058580002570686,100 175.0579950040645,-37.058575999763605,100 175.05798700384653,-37.05857200086396,100 175.05797900360506,-37.05856800106291,100 175.05797100338876,-37.05856400216214,100 175.05796400725157,-37.058559997551406,100 175.0579560070612,-37.05855599955043,100 175.05794800141445,-37.05855300656353,100 175.05794000076312,-37.05854899144525,100 175.057931995142,-37.05854599935807,100 175.05792399490605,-37.05854199955311,100 175.0579160072708,-37.058539007152696,100 175.05790900534018,-37.0585359949413,100 175.05790100084562,-37.058533002832455,100 175.05789299481384,-37.05852999542807,100 175.0578839960585,-37.0585279966522,100 175.05787600840185,-37.05852500334813,100 175.0578679969379,-37.05852300185755,100 175.0578599920324,-37.05851999443135,100 175.0578519974055,-37.05851799174619,100 175.05784399966575,-37.05851699763957,100 175.0578350009131,-37.0585149988599,100 175.05782700746,-37.058512997955205,100 175.05781800442193,-37.058512005971124,100 175.05781299752613,-37.05851199281894,100 175.05780400552453,-37.05851199204313,100 175.05779499666247,-37.05851199155923,100 175.0577860058092,-37.05851199166339,100 175.05777699156053,-37.05851299889539,100 175.05776800068276,-37.05851299809735,100 175.05775900329417,-37.058514005035406,100 175.05775000659128,-37.05851499573796,100 175.05774099344134,-37.05851600204689,100 175.0577319956382,-37.05851699366845,100 175.05772299934821,-37.058517999683446,100 175.05771400308234,-37.05851900659862,100 175.0577050063781,-37.0585199972978,100 175.05769600426166,-37.05852199481276,100 175.05768700799484,-37.0585230017259,100 175.05767799330513,-37.05852399273513,100 175.05766899701345,-37.05852499874608,100 175.0576600007458,-37.05852600565719,100 175.05765100403985,-37.05852699635232,100 175.05764199519976,-37.0585269967577,100 175.0576329989071,-37.05852800276593,100 175.05762400692734,-37.05852800287737,100 175.05761499336006,-37.05852899386235,100 175.05760600135577,-37.058528993071576,100 175.05759699249094,-37.05852899257269,100 175.05758900619975,-37.058529004972726,100 175.05758200001705,-37.05852700043944,100 175.05757400654417,-37.058524998616676,100 175.05756599621122,-37.05852299708593,100 175.05755699748843,-37.0585209991858,100 175.05754899185982,-37.058518006171354,100 175.05754100382697,-37.05851499843065,100 175.05753299819955,-37.05851200541507,100 175.05752499215905,-37.05850899708446,100 175.0575170045174,-37.05850600375571,100 175.05750899850244,-37.05850299632482,100 175.05750200241835,-37.058498992586735,100 175.057494002233,-37.05849499365273,100 175.05748599660942,-37.058492000633855,100 175.0574779964256,-37.058488001698734,100 175.05746999621826,-37.05848400186217,100 175.05746300016222,-37.05847999902251,100 175.0574549999565,-37.05847599918489,100 175.05744699977595,-37.05847200024756,100 175.05743899957184,-37.05846800040881,100 175.0574319924875,-37.05846300635766,100 175.05742399118546,-37.05845900743819,100 175.05741600855472,-37.0584549919713,100 175.057408008354,-37.05845099213033,100 175.05740000703008,-37.05844699230832,100 175.05739299455854,-37.05844300597213,100 175.05738499436026,-37.05843900612954,100 175.05737700629314,-37.05843599657559,100 175.05736900612072,-37.05843199763273,100 175.05736100482508,-37.05842799870879,100 175.0573530003375,-37.058425005661014,100 175.05734499431284,-37.0584219973177,100 175.05733700558727,-37.05841900489664,100 175.0573290007122,-37.05841599743355,100 175.05732099510305,-37.05841300440304,100 175.0573120017917,-37.05840999876623,100 175.0573040083375,-37.058407996924636,100 175.0572959969235,-37.05840599629536,100 175.05729099625398,-37.058405006032395,100 175.05728199713792,-37.058402992796225,100 175.05727299953563,-37.05840099395347,100 175.05726399541638,-37.05840000284701,100 175.05725499200773,-37.0583989964059,100 175.0572459932825,-37.05839699758056,100 175.05723700827255,-37.05839600614051,100 175.0572280037406,-37.058394999716796,100 175.05721800762558,-37.058395002797496,100 175.0572090041693,-37.05839399455113,100 175.05720000119987,-37.05839300432111,100 175.0571909923497,-37.05839300379086,100 175.05718200038427,-37.05839300386829,100 175.05717200426938,-37.05839300694509,100 175.05716299541908,-37.05839300641273,100 175.05715400455324,-37.05839300556767,100 175.05714500787883,-37.05839399712499,100 175.05713599902833,-37.05839399659057,100 175.0571270027428,-37.05839500256014,100 175.05711899377036,-37.05839600672279,100 175.05710999594666,-37.058396997396116,100 175.05710099497526,-37.05839899574731,100 175.05710000653778,-37.058398997572915,100 175.05709100559017,-37.05840099682421,100 175.05708300329857,-37.058403997189664,100 175.05707400120153,-37.058405995558346,100 175.0570659989087,-37.05840899592269,100 175.05705699681053,-37.058410994290114,100 175.05704899451652,-37.05841399465334,100 175.05704099224616,-37.0584169959169,100 175.0570350052089,-37.058418998759564,100 175.05702700293742,-37.0584220000222,100 175.05701899480644,-37.058425991885706,100 175.05701199819688,-37.058429004542724,100 175.05700400807316,-37.05843299699413,100 175.05699600037772,-37.05843700507147,100 175.0569889975177,-37.05844099391495,100 175.05698199507052,-37.0584449980725,100 175.05697700673392,-37.05844800382974,100 175.05697000387184,-37.05845199267215,100 175.05696300142262,-37.05845599682864,100 175.056955993113,-37.05846099158613,100 175.05694900867107,-37.05846499633072,100 175.05694200038403,-37.05846999198828,100 175.05693599778434,-37.058474999942355,100 175.05692900635603,-37.05847999530672,100 175.05692799678323,-37.05848100512149,100 175.05692100645354,-37.05848599956507,100 175.05691500346194,-37.05849099310452,100 175.05690899971046,-37.05849600017595,100 175.05690199254198,-37.05850099581179,100 175.056897006626,-37.05850700637012,100 175.05689099818431,-37.05851300582433,100 175.0568859992912,-37.05851799456296,100 175.0568839965904,-37.05851999858487,100 175.0568789933977,-37.058525994120494,100 175.05687499476923,-37.0585320019728,100 175.0568700030128,-37.05853900403236,100 175.0568660050691,-37.05854499564957,100 175.05686200057787,-37.058551994102906,100 175.05685800194678,-37.0585580019547,100 175.05685500273006,-37.058564997390846,100 175.05685100407345,-37.058571004341594,100 175.05684700070358,-37.05857800277497,100 175.05684300165643,-37.05858399531184,100 175.05683899828523,-37.05859099374497,100 175.05683499965036,-37.058597001596084,100 175.05683099515372,-37.058604000048476,100 175.05682699649327,-37.058610006998485,100 175.05682299859131,-37.058616000416094,100 175.05681799423942,-37.05862199506803,100 175.05681300830918,-37.05862800562315,100 175.05680800507974,-37.05863400025521,100 175.0568040006031,-37.05864099960764,100 175.0567989973965,-37.05864699514021,100 175.05679499873136,-37.05865300208924,100 175.05678999552325,-37.05865899762145,100 175.0567859910194,-37.05866599607249,100 175.05678199237664,-37.058672003921984,100 175.0567809949465,-37.058674004925926,100 175.05677700842566,-37.05868100306474,100 175.05677300394385,-37.05868800241624,100 175.05676999369174,-37.05869400664066,100 175.0567660071689,-37.05870100477915,100 175.05676300793863,-37.05870800021325,100 175.05675999653664,-37.05871400355609,100 175.05675699730534,-37.05872099899007,100 175.0567539980735,-37.05872799442397,100 175.05674999942514,-37.058734002272494,100 175.05674700016786,-37.05874099680539,100 175.05674400093443,-37.058747992239056,100 175.0567450020621,-37.05875199996274,100 175.05674699246796,-37.05875899357127,100 175.0567500054513,-37.05876600008651,100 175.05675199585806,-37.058772993694916,100 175.0567529994089,-37.05878000622281,100 175.05675400684663,-37.058785996638974,100 175.05675399255853,-37.058792005678214,100 175.05675299171088,-37.05879800298856,100 175.05675200772365,-37.05880400000644,100 175.05675099360485,-37.05880900614593,100 175.0567489929018,-37.05881399965565,100 175.05674600380408,-37.05881899678986,100 175.05674299784542,-37.058823994216446,100 175.05673999229995,-37.058829006957446,100 175.05673599865636,-37.05883399267437,100 175.05673100598432,-37.058838005219386,100 175.05672599491362,-37.05884200276167,100 175.05672100182696,-37.05884599999182,100 175.05671599190353,-37.05884999841505,100 175.05670899368104,-37.0588529948597,100 175.0567029964613,-37.0588569959863,100 175.05669599826197,-37.058859993331055,100 175.05668899573675,-37.058863996571844,100 175.05668199870888,-37.058866995698025,100 175.05667399635178,-37.05886999603763,100 175.05666599873317,-37.05887200579478,100 175.05665699182964,-37.05887499471561,100 175.05664900635554,-37.058877995662,100 175.05664000416573,-37.05887999309876,100 175.05662999241778,-37.05888300124818,100 175.05662100821147,-37.05888499837162,100 175.0566110018881,-37.05888699970267,100 175.05660099444012,-37.05888900105239,100 175.0565910049762,-37.05889100208937,100 175.05658099865113,-37.05889300341794,100 175.05657000461622,-37.05889499213394,100 175.0565589929853,-37.058896995574486,100 175.05654799828727,-37.058899001424166,100 175.0565370046397,-37.05890100455079,100 175.05652599261765,-37.05890299357469,100 175.05651500332075,-37.05890399170369,100 175.05650399173547,-37.05890599694091,100 175.0564919928536,-37.05890800487923,100 175.0564799993988,-37.05890900599952,100 175.0564690042345,-37.05891099472579,100 175.05645699391823,-37.05891199613618,100 175.05644499503396,-37.058914004069806,100 175.05643399986783,-37.05891599279289,100 175.05642200641074,-37.05891699390737,100 175.05641000752462,-37.0589190018375,100 175.05639799608198,-37.05892000326147,100 175.0563859967568,-37.058921994973865,100 175.0563750031496,-37.05892399988739,100 175.05636299170556,-37.058925001307855,100 175.05635099237853,-37.05892699301676,100 175.0563399976455,-37.058928997946566,100 175.05632799873058,-37.05893100496767,100 175.05631700470684,-37.05893299456142,100 175.0563050057906,-37.058935001580224,100 175.0562939941944,-37.058937006798224,100 175.05628300012012,-37.058938994587166,100 175.05627799919316,-37.05894099471241,100 175.05626999252905,-37.05894500272368,100 175.05626200703125,-37.05894800364465,100 175.05625400464788,-37.05895100395664,100 175.05624599756794,-37.058954996651885,100 175.0562379952075,-37.05895799786367,100 175.05623000537568,-37.05896200467913,100 175.05622200301383,-37.05896500588988,100 175.05621399480663,-37.05896899860252,100 175.05620599241908,-37.05897199891139,100 175.05619800260834,-37.05897600662563,100 175.05618999985455,-37.05897899342066,100 175.05618299729068,-37.05898299663261,100 175.0561750074289,-37.058987002543674,100 175.05616700508645,-37.05899000465169,100 175.05615899687362,-37.05899399736079,100 175.05615100703372,-37.05899800417113,100 175.05614399196207,-37.05900100267752,100 175.0561360017072,-37.05900499417242,100 175.0561279939045,-37.05900900219399,100 175.0561200036479,-37.05901299368786,100 175.0561130011014,-37.05901699779671,100 175.0561049987289,-37.05901999899986,100 175.0560970089076,-37.059024006707574,100 175.05609000484571,-37.059027996420994,100 175.05608199816214,-37.0590320044201,100 175.0560740078763,-37.05903599501014,100 175.05606700532522,-37.05903999911641,100 175.0560589975151,-37.059044007133515,100 175.05605199454902,-37.05904799592445,100 175.0560440047219,-37.05905200362876,100 175.05603700063025,-37.05905599243834,100 175.05602899394086,-37.05906000043402,100 175.05602200822145,-37.05906400334455,100 175.05601400111698,-37.05906799602478,100 175.05600699312575,-37.05907300694464,100 175.05600000701483,-37.0590769954403,100 175.05599200032125,-37.05908100343361,100 175.0559849962241,-37.05908499224025,100 175.0559779936637,-37.059088996341515,100 175.0559699979561,-37.05909399464269,100 175.05596299541838,-37.05909799964395,100 175.0559559928556,-37.05910200374398,100 175.05594799714518,-37.05910700204376,100 175.05594099458074,-37.05911100614292,100 175.05593399160213,-37.05911499492723,100 175.05592700161026,-37.05912000643164,100 175.05591999860576,-37.0591239943143,100 175.0559130074881,-37.05912900583742,100 175.05590600450637,-37.05913299462016,100 175.0558989976503,-37.05913800641533,100 175.0558919935186,-37.05914199431591,100 175.0558850034971,-37.05914700491713,100 175.05587799510093,-37.059152001416145,100 175.05587099250428,-37.05915600461055,100 175.05586400206673,-37.059160999896115,100 175.05585699949282,-37.059165003990586,100 175.05585000792945,-37.059169999294866,100 175.05584300062858,-37.059174994871576,100 175.0558359926161,-37.05918000578188,100 175.0558299941994,-37.05918400688578,100 175.05582300375656,-37.05918900216906,100 175.0558159953281,-37.05919399776377,100 175.05580900488343,-37.05919899304627,100 175.05580300212694,-37.05920400004556,100 175.05579599369577,-37.05920899563917,100 175.05578900366177,-37.059214006235045,100 175.0557830052399,-37.059218007336696,100 175.0557759968061,-37.05922300292918,100 175.05576999363223,-37.05922799461242,100 175.05576300359473,-37.059233005206856,100 175.05575699500636,-37.059239004607356,100 175.05575099183,-37.05924399628969,100 175.05574400066575,-37.05924900690257,100 175.0557379974877,-37.059253998584296,100 175.05573199472224,-37.059259005580216,100 175.0557240044666,-37.059262998850365,100 175.05571600872383,-37.05926799713536,100 175.05570799501956,-37.05927299663246,100 175.05569999927465,-37.05927799491641,100 175.05569200467707,-37.059282994081215,100 175.0556849966446,-37.05928800498312,100 175.0556789934596,-37.05929299666203,100 175.05567200187272,-37.05929799195642,100 175.05566699894732,-37.0593040027591,100 175.05566200033545,-37.059309006764025,100 175.05565800115744,-37.05931499926423,100 175.05565400349192,-37.059321006158456,100 175.05565199616598,-37.05932700738925,100 175.0556520048027,-37.05933199398717,100 175.05565200841437,-37.05933800271664,100 175.05565299347617,-37.059345000253394,100 175.05565399649862,-37.059351996577476,100 175.05565700355697,-37.05935999462476,100 175.05565899429567,-37.05936700356794,100 175.05566100148212,-37.059373996904284,100 175.0556640085179,-37.059381994050455,100 175.0556659992579,-37.059389002993456,100 175.05566800647,-37.05939599723046,100 175.05566899153428,-37.05940299476696,100 175.05566900058574,-37.05940799667927,100 175.05566699435875,-37.05941399698992,100 175.0556649995782,-37.059421004726154,100 175.05566300548372,-37.05942799622753,100 175.05565999396785,-37.05943399954524,100 175.05565700048498,-37.05944000435284,100 175.05565299583748,-37.059447002769154,100 175.05564799248793,-37.05945299825675,100 175.05564300597402,-37.05945899255101,100 175.05563800306058,-37.05946500425356,100 175.05563299858468,-37.05947099976006,100 175.0556270079283,-37.05947699794199,100 175.05562099931058,-37.059482997336296,100 175.05561400770287,-37.059487992627766,100 175.05560699491858,-37.05949399500869,100 175.055600992126,-37.059499001998624,100 175.05559300845866,-37.05950499056606,100 175.0555860004483,-37.05951000326445,100 175.05557800469515,-37.05951500244185,100 175.05557099619662,-37.059519997122365,100 175.05556300044142,-37.059524996298805,100 175.0555549936531,-37.05952900336358,100 175.0555469979202,-37.059534003439836,100 175.05554299783466,-37.05953700462444,100 175.05553600621684,-37.059541999911566,100 175.05553000300247,-37.05954699158364,100 175.05552300039983,-37.0595509965606,100 175.0555159919186,-37.059555992138904,100 175.05550900727488,-37.05955999590247,100 175.0555009993802,-37.059564003884105,100 175.0554939963368,-37.05956799264409,100 175.05548699370596,-37.05957199671818,100 175.05547900379364,-37.05957600438665,100 175.05547100131204,-37.05957900464842,100 175.05546299300002,-37.05958299731312,100 175.05545600722687,-37.059587001093185,100 175.0554480047675,-37.05959000225432,100 175.05543899814143,-37.0595930064008,100 175.05543100778664,-37.059596997850825,100 175.0554230053252,-37.05959999901032,100 175.05541500286307,-37.0596030001693,100 175.05540599511002,-37.05960600433282,100 175.05539799808827,-37.059607998673584,100 175.055389008343,-37.05961100342497,100 175.05538100585397,-37.05961400368088,100 175.05537200354024,-37.059616001024786,100 175.05536599837745,-37.059618004098716,100 175.05535799591107,-37.05962100525396,100 175.05534999344403,-37.05962400640868,100 175.0553420089368,-37.0596270063503,100 175.05533900592917,-37.05962799212165,100 175.0553299993183,-37.059630997160944,100 175.05532200155665,-37.05963300592983,100 175.0553129992632,-37.05963500417022,100 175.05530399804468,-37.05963700058876,100 175.05530299280255,-37.05963700539468,100 175.0552940084686,-37.05963900242107,100 175.05528499360764,-37.05963999325312,100 175.05527599716885,-37.05964099998809,100 175.05526800484796,-37.05964200193627,100 175.05525900799535,-37.05964299335549,100 175.05524999899026,-37.05964299268223,100 175.0552410025505,-37.059643999414575,100 175.0552320060862,-37.0596450052454,100 175.05522800366688,-37.059645003415795,100 175.05521900678897,-37.05964599393115,100 175.05521000449093,-37.05964799216383,100 175.05520100802562,-37.059648997992326,100 175.05519100588012,-37.05964999240978,100 175.0551830025782,-37.05965000404268,100 175.05517300040796,-37.059650997557775,100 175.05516399145023,-37.05965099867971,100 175.05515500042867,-37.059650997687555,100 175.05514599144658,-37.05965099790728,100 175.05513599515822,-37.059651000817425,100 175.05512700301253,-37.05965099984263,100 175.05511799515438,-37.05965100004074,100 175.0551079977419,-37.059651002968,100 175.05509900672016,-37.0596510019716,100 175.05508999773784,-37.059651002187074,100 175.05508000144928,-37.05965100509248,100 175.0550709978886,-37.059649997588444,100 175.0550620057914,-37.059649998410414,100 175.05505299676045,-37.059649996821356,100 175.05504400576294,-37.059649996721646,100 175.0550339914895,-37.059649999934855,100 175.0550250004676,-37.05964999893285,100 175.05501599148513,-37.059649999142685,100 175.05500700046318,-37.0596499981393,100 175.0549980083414,-37.05964999805557,100 175.0549900046256,-37.059649994360946,100 175.05498100703232,-37.05965100019232,100 175.05497199912503,-37.05965099857764,100 175.0549630015799,-37.059652006209355,100 175.05495499788807,-37.05965200341322,100 175.05494700556076,-37.05965300533992,100 175.05493799181647,-37.05965399612628,100 175.05492999518918,-37.05965600575047,100 175.05492200247213,-37.05965699326186,100 175.05491500453883,-37.059660005819964,100 175.05490800731582,-37.059663003043696,100 175.05490099210743,-37.05966600057871,100 175.05489499472634,-37.05967000161816,100 175.05488799637752,-37.059672998860236,100 175.05488199899517,-37.05967699989906,100 175.05487600046382,-37.05968100005624,100 175.0548699972184,-37.05968599259728,100 175.05486399871,-37.059689993654736,100 175.05485799585193,-37.05969500060885,100 175.05485199260423,-37.05969999314903,100 175.05484699391238,-37.059704997121706,100 175.05484100791278,-37.059710003782826,100 175.05483599194562,-37.059714992732744,100 175.05483100578746,-37.059721003210406,100 175.0548260066797,-37.059725991867765,100 175.05482100365927,-37.05973200263722,100 175.0548160002249,-37.05973799809199,100 175.05481099566566,-37.05974399356605,100 175.05480599264288,-37.05975000433493,100 175.05480100604268,-37.059755998596096,100 175.05479700718692,-37.05976200638411,100 175.05479199788593,-37.059768993340754,100 175.0547879990045,-37.05977500022764,100 175.05478300809992,-37.05978200218679,100 175.0547790033542,-37.0597890005762,100 175.05477399991287,-37.05979499602937,100 175.05476999516569,-37.0598019944185,100 175.05476599156611,-37.059808993688904,100 175.05476099953333,-37.05981599566668,100 175.05475699590795,-37.05982299403595,100 175.0547529911578,-37.05982999242459,100 175.05474800024658,-37.05983699438241,100 175.0547439954949,-37.05984399277076,100 175.05473999230406,-37.05985100735485,100 175.0547349998288,-37.05985799311632,100 175.05473099509922,-37.05986499240513,100 175.05472699188184,-37.059872006087986,100 175.0547230051114,-37.05987900416408,100 175.05471799620946,-37.05988600643241,100 175.05471399147694,-37.05989300572071,100 175.05470900053388,-37.059900006776196,100 175.05470499579985,-37.05990700606423,100 175.05470000444188,-37.05991399180489,100 175.05469600011952,-37.05992100640714,100 175.0546910076358,-37.059927992166934,100 175.05468599872785,-37.05993499443404,100 175.0546809956831,-37.05994100519815,100 175.05467699204422,-37.05994800356501,100 175.05467200001888,-37.059955006440276,100 175.05466600812417,-37.05996100459613,100 175.05466100466305,-37.05996700004498,100 175.05465599574987,-37.05997400231094,100 175.05465099226288,-37.05997999685855,100 175.0546450003889,-37.059985995914275,100 175.0546399973377,-37.059992006676815,100 175.05463399402834,-37.05999699830602,100 175.0546280021517,-37.06000299736096,100 175.054621993389,-37.06000899580693,100 175.05461600737544,-37.0600140033585,100 175.05461000406277,-37.06001899498657,100 175.0546040011868,-37.06002400282971,100 175.05459699260064,-37.060028998356465,100 175.0545900019742,-37.06003399267035,100 175.05458699937756,-37.06003499463872,100 175.05457899683492,-37.06003799574344,100 175.0545709942673,-37.06004099594679,100 175.05456299172334,-37.06004399705047,100 175.05455500716366,-37.060046997842015,100 175.05454600477455,-37.06004899512528,100 175.0545380022287,-37.06005199622732,100 175.0545289943856,-37.06005500032666,100 175.05452099729146,-37.06005699461026,100 175.05451200743198,-37.06005999839673,100 175.05450299956252,-37.06006300159331,100 175.05449500249108,-37.060064996776035,100 175.05448599576866,-37.06006800085273,100 175.05447799321828,-37.060071001950845,100 175.05446900768496,-37.06007299893627,100 175.05446100513336,-37.06007600003328,100 175.0544530025811,-37.06007900112976,100 175.05444500000388,-37.060082001324865,100 175.05443599330164,-37.06008500629872,100 175.05442900698938,-37.06008899380565,100 175.05442100443443,-37.06009199490005,100 175.0544129975484,-37.06009600279183,100 175.05440599914093,-37.060099000007014,100 175.05439799184026,-37.060102992583325,100 175.05439100050697,-37.06010800312084,100 175.0543839977667,-37.06011200713271,100 175.0543830045863,-37.0601130013206,100 175.05437700834972,-37.06012000716155,100 175.05437099955782,-37.060126005595556,100 175.05436599606267,-37.060132001032834,100 175.05436000412985,-37.060137999174216,100 175.05435499517787,-37.06014500142845,100 175.05434900436725,-37.060150999549855,100 175.0543430010504,-37.060155992066015,100 175.05433699699745,-37.06016099901502,100 175.0543309940921,-37.060166006845115,100 175.0543239967989,-37.06016900403625,100 175.05431599423122,-37.060172005123896,100 175.05431500104913,-37.06017299931126,100 175.05430600453136,-37.06017400597486,100 175.05429699546,-37.060174005231076,100 175.05428800439788,-37.06017400507589,100 175.05427800647598,-37.0601739917199,100 175.05426899309654,-37.060174998672785,100 175.05426100070343,-37.060176000555096,100 175.05425900885135,-37.06017599270242,100 175.05425100625587,-37.06017899288492,100 175.054243003684,-37.060181993967774,100 175.0542360009289,-37.060185997971274,100 175.0542289981731,-37.06019000197439,100 175.05422200640743,-37.06019499718796,100 175.05421499777992,-37.06019999269323,100 175.0542090073912,-37.060206007023325,100 175.05420500682794,-37.06020899375148,100 175.05419799861113,-37.060214004570305,100 175.0541919952792,-37.06021899707922,100 175.05418500350845,-37.060223992290744,100 175.05418300658638,-37.06022500566791,100 175.05417600341104,-37.06022899435358,100 175.05416900064805,-37.06023299835333,100 175.05416099806712,-37.06023599943089,100 175.05415900070705,-37.060236996592316,100 175.0541499928504,-37.06024000156474,100 175.0541419957259,-37.0602419958236,100 175.05413399311863,-37.060244995998524,100 175.05413100736814,-37.06024599766366,100 175.0541220060672,-37.060247994896244,100 175.05411400820574,-37.06025000358637,100 175.0541119983666,-37.060249996042835,100 175.05410300846708,-37.06025299979939,100 175.05409399507542,-37.06025400673932,100 175.0540849926484,-37.06025600398862,100 175.05408100818013,-37.060256001809705,100 175.05407199909828,-37.060256001049126,100 175.05406300690157,-37.06025600089664,100 175.05405399781964,-37.060256000134686,100 175.05404799137497,-37.06025499831784,100 175.05404200768797,-37.06025300560645,100 175.054036006703,-37.06025099697148,100 175.05403000500732,-37.060249003670165,100 175.05402499133737,-37.060246992352496,100 175.05401900762726,-37.060244998739066,100 175.0540129945312,-37.06024199891143,100 175.0540080035958,-37.06023899579794,100 175.05400200736156,-37.060235995677644,100 175.05399599429117,-37.06023299674996,100 175.05399100808162,-37.060229001251315,100 175.0539849950122,-37.06022600232303,100 175.05397999155406,-37.06022199270231,100 175.05397500534608,-37.06021799720293,100 175.05396899815142,-37.060214006770785,100 175.05396399469493,-37.06020999714933,100 175.05395899711232,-37.06020499602461,100 175.05395300563205,-37.06020100441813,100 175.0539480080508,-37.06019600329292,100 175.05394299246097,-37.06019100157813,100 175.0539379949053,-37.060186001353294,100 175.0539319975126,-37.0601799973035,100 175.0539269999341,-37.0601749961773,100 175.05392200710614,-37.06016900356729,100 175.05391699700505,-37.06016299593458,100 175.05391199942872,-37.06015799480767,100 175.05390700660305,-37.06015200219694,100 175.05390200237852,-37.06014500306048,100 175.05389699113232,-37.060138994545426,100 175.05389200379474,-37.06013199601726,100 175.0538879994094,-37.060126000705225,100 175.05388299518836,-37.06011900156781,100 175.05387800782918,-37.06011200213811,100 175.0538730025103,-37.060105003920526,100 175.0538690024412,-37.06009800090877,100 175.05386399824815,-37.06009100267128,100 175.05385899836946,-37.060082996734565,100 175.0538549983029,-37.060075993722236,100 175.0538499988635,-37.06006800400043,100 175.05384599994693,-37.0600610018691,100 175.05384100007223,-37.060052995931485,100 175.05383700590838,-37.06004500231618,100 175.05383200603575,-37.060036996378095,100 175.0538279938888,-37.060029003073915,100 175.05382299514227,-37.060020997115906,100 175.0538190053204,-37.06001199670171,100 175.05381499317627,-37.06000400339697,100 175.05380999918427,-37.059995005954654,100 175.05380600461396,-37.05998699702353,100 175.0538019979352,-37.059977996900635,100 175.0537980037797,-37.059970003283674,100 175.05379399707854,-37.05996100225956,100 175.05378900311632,-37.059952005716994,100 175.05378499644158,-37.05994300559335,100 175.05378100662867,-37.0599340051775,100 175.05377699993164,-37.059925004152646,100 175.05377299325986,-37.05991600402848,100 175.05376899205214,-37.059905997086496,100 175.0537650033673,-37.059896996650465,100 175.05376200084496,-37.05988799265313,100 175.05375799420136,-37.05987899342914,100 175.05375399338647,-37.05986900090011,100 175.05375000355718,-37.05985999958203,100 175.05374600238005,-37.05984999353984,100 175.05374300142336,-37.05984100573774,100 175.0537389990999,-37.059830998813844,100 175.05373499243802,-37.05982199868797,100 175.05373199692318,-37.05981200316694,100 175.05372799460287,-37.05980199624254,100 175.05372400592884,-37.05979299580467,100 175.05372099130784,-37.0597830006142,100 175.05371700809957,-37.05977299335834,100 175.05371399350472,-37.05976299906846,100 175.05371000483456,-37.05975399862995,100 175.05370700820205,-37.05974400312748,100 175.05370399434517,-37.059733994404105,100 175.0536999935458,-37.05972400187259,100 175.0536970090237,-37.05971499756144,100 175.05369399443407,-37.05970500327081,100 175.05369099851694,-37.059694992433755,100 175.05368699662176,-37.059685000821936,100 175.05368400001967,-37.05967500621945,100 175.05368099864086,-37.05966600219972,100 175.05367800160317,-37.059655991381646,100 175.05367500500356,-37.059645996778805,100 175.0536719915197,-37.05963600156703,100 175.05366900702913,-37.05962699815569,100 175.05366599354693,-37.059617002943675,100 175.05366299653772,-37.059606993025874,100 175.05365999557736,-37.05959800431987,100 175.0536569985698,-37.05958799440184,100 175.053653997611,-37.05957900569561,100 175.05365100060507,-37.05956899577737,100 175.0536479985238,-37.059560007090376,100 175.05364600678556,-37.05954999328091,100 175.05364300582977,-37.05954100457428,100 175.0536400033377,-37.05953200057248,100 175.05363700787277,-37.05952200594872,100 175.0536349926873,-37.05951299926817,100 175.0536320082066,-37.05950399585545,100 175.053629994535,-37.059495003568934,100 175.05362699204656,-37.05948599956665,100 175.05362400756798,-37.05947699615362,100 175.0536219939225,-37.05946800476774,100 175.05361899258455,-37.05945900164653,100 175.05361700675914,-37.05945100027891,100 175.05361499270236,-37.05944199357831,100 175.0536120086158,-37.05943300457849,100 175.0536100059555,-37.059425004403515,100 175.0536079919004,-37.05941599770273,100 175.05360500196164,-37.05940800110674,100 175.05360399792616,-37.059397999031454,100 175.05360299979375,-37.05938700635372,100 175.05360299992296,-37.059377001308135,100 175.05360199588833,-37.05936699923276,100 175.0536009918783,-37.059356998058185,100 175.05360000470503,-37.05934699569074,100 175.05360000637185,-37.05933700594014,100 175.05359900123864,-37.059327004784954,100 175.0535979972055,-37.059317002709435,100 175.05359799845982,-37.059306997644256,100 175.0535969944272,-37.05929699556868,100 175.05359600727994,-37.05928699410191,100 175.05359499780653,-37.05927799974492,100 175.05359499791317,-37.0592679937983,100 175.053594006425,-37.05925899912978,100 175.05359299692805,-37.05925000387186,100 175.05359200502753,-37.05924099388879,100 175.05359099553118,-37.059231998630814,100 175.05359000404414,-37.059223003962195,100 175.05358900665436,-37.059214999896,100 175.05358700400325,-37.059206999720104,100 175.05358600661407,-37.059198995653844,100 175.0535839996219,-37.059192002276234,100 175.0535830022333,-37.05918399820991,100 175.0535810061994,-37.059177995142676,100 175.05357899920836,-37.059171001764895,100 175.05357700319942,-37.0591649995984,100 175.0535740030297,-37.059159000401756,100 175.05357200265522,-37.05915400413265,100 175.0535689977313,-37.059148996419694,100 175.0535659920967,-37.05914400404061,100 175.0535629985681,-37.05914000285331,100 175.05355999916063,-37.05913699316925,100 175.0535570056326,-37.05913299198177,100 175.05355299772256,-37.0591309920656,100 175.0535490055493,-37.059128991876754,100 175.0535449976397,-37.05912699196032,100 175.05353999583963,-37.05912600155864,100 175.0535359989358,-37.05912499375407,100 175.05353099240477,-37.059124995736724,100 175.05352800232194,-37.05912700328328,100 175.0535219912645,-37.05912999776759,100 175.05351699798507,-37.059133994868276,100 175.0535109950773,-37.05913900175599,100 175.05350499178013,-37.05914399422974,100 175.05349900573142,-37.0591490008249,100 175.0534930024327,-37.05915399329809,100 175.05348699405454,-37.05916000700252,100 175.05347999757333,-37.059165993655604,100 175.05347300150393,-37.05917199562282,100 175.05346600543342,-37.05917799758966,100 175.0534589913771,-37.05918399986755,100 175.05345099661045,-37.05918899798461,100 175.05344300074302,-37.05919399702148,100 175.05343599212696,-37.05919899157938,100 175.05342799667034,-37.05920400592979,100 175.05341900098193,-37.05920800113538,100 175.0534109984749,-37.05921100216041,100 175.0534019918052,-37.05921400615336,100 175.05339399476523,-37.05921600035939,100 175.05338499834446,-37.05921700695015,100 175.05338100802373,-37.05921799534856,100 175.05337899859995,-37.05921800220543,100 175.05337000061746,-37.05921899259916,100 175.05336000005818,-37.05922000305708,100 175.05335100319917,-37.05922099342992,100 175.05334100696007,-37.05922099618696,100 175.05333199802232,-37.05922099626726,100 175.05332400457385,-37.05921899415693,100 175.05331599314104,-37.05921699235748,100 175.0533140060474,-37.05921599210337,100 175.05330699368133,-37.05921200462071,100 175.0533000032335,-37.05920699471325,100 175.05329999115557,-37.059206004422116,100 175.0532929963387,-37.0592020004118,100 175.05328600630557,-37.05919700581797,100 175.0532800031372,-37.05919199233285,100 175.05327300763577,-37.05918800455612,100 175.05326600033166,-37.05918299493844,100 175.0532589934413,-37.05917800063483,100 175.05325300757403,-37.05917300307167,100 175.05324600024832,-37.05916799255185,100 175.053239997522,-37.05916299527992,100 175.0532330074959,-37.0591580006827,100 175.0532270047712,-37.05915300341004,100 175.0532210074938,-37.05914699841825,100 175.053214000634,-37.05914200501261,100 175.05320799788754,-37.05913700683805,100 175.05320199472902,-37.05913199334864,100 175.05319599789237,-37.059126004570814,100 175.0531899951727,-37.05912100729612,100 175.05318399790073,-37.059115002302256,100 175.05318099303753,-37.05911299942607,100 175.0511620043901,-37.060563005549845,100 175.04876299252024,-37.06261800527529,100 175.04616199910416,-37.064844995915415,100 175.04044400285622,-37.06491699317344,100 175.04023400193486,-37.064918997081215,100 175.03997099631277,-37.064836005669726,100 175.03987599845146,-37.064482995315046,100 175.03884399423885,-37.063968004437086,100 175.03807499671564,-37.063865994699036,100 175.037288001789,-37.06372600205757,100 175.0367489954019,-37.063560003235544,100 175.03556300800827,-37.06300299870283,100 175.0353299918301,-37.06278399670117,100 175.0350549988687,-37.062394996653744,100 175.03464000881388,-37.06195199268716,100 175.03418899300104,-37.06172100687785,100 175.03350500705827,-37.06169399641351,100 175.03285599291095,-37.06180599565789,100 175.03207899348513,-37.06232699776962,100 175.03144399421484,-37.06251900069819,100 175.03041000339425,-37.062584002327476,100 175.03023000717184,-37.06248200079522,100 175.03003299632263,-37.06248299983521,100 175.02970700353492,-37.06285199344788,100 175.02923099868784,-37.06287500341554,100 175.02660699485307,-37.063811994330884,100 175.02606999513316,-37.06406599605976,100 175.02606800761956,-37.06409299714989,100 175.02597000259934,-37.065417004592724,100 175.02512999897314,-37.064960993547565,100 175.0247199933272,-37.064676998905306,100 175.02281200178322,-37.06389700280225,100 175.02270999594498,-37.06385600069422,100 175.02240900546076,-37.06373300723302,100 175.02237900198898,-37.0637199979894,100 175.02234600053742,-37.06520099772738,100 175.02201999742638,-37.0654749986611,100 175.02079300737415,-37.065219998753484,100 175.0207499924537,-37.065210003913094,100 175.02075200134087,-37.06519200089074,100 175.0207549973746,-37.0651800042884,100 175.02076100271998,-37.06516299576447,100 175.0207690000918,-37.06514599655283,100 175.02078000652662,-37.06512999424571,100 175.02078900384774,-37.065119992640646,100 175.02080199122776,-37.06510599796675,100 175.02081099383022,-37.065092000001805,100 175.02081899118403,-37.06507500078716,100 175.0208260011674,-37.065058004880356,100 175.0208339996387,-37.065041005645654,100 175.02084300182165,-37.06502699236374,100 175.020854008631,-37.06501100536523,100 175.02086399281447,-37.064995006953545,100 175.02086700098937,-37.06498999504875,100 175.02087499832083,-37.06497299583074,100 175.02088200828322,-37.06495599992102,100 175.02089000560804,-37.06493900070211,100 175.020895001137,-37.064932000052714,100 175.0209050032886,-37.0649160013314,100 175.02091599167682,-37.06489999931947,100 175.02092699804697,-37.064883997000074,100 175.02093399679063,-37.06487200337346,100 175.02094299947038,-37.064855001436534,100 175.02095200212233,-37.064837998598136,100 175.020958995194,-37.064821002971776,100 175.02096399499172,-37.06480700201766,100 175.02097000024045,-37.06478999258354,100 175.02097500533742,-37.06477199617159,100 175.02098199839853,-37.06475500054402,100 175.02098500696323,-37.064750003951374,100 175.0209940032939,-37.06473399262376,100 175.02100499319306,-37.06471800680097,100 175.0210159994957,-37.06470200357333,100 175.02102800532043,-37.06468700625936,100 175.02103499783178,-37.06467299927718,100 175.02104399929516,-37.06465599555085,100 175.0210540014052,-37.064639997719155,100 175.02106700666764,-37.06462600361336,100 175.0210700029816,-37.06462300355903,100 175.02108699834923,-37.06461099455271,100 175.02110699844647,-37.06460100636715,100 175.02112700273128,-37.06459299821548,100 175.0211449921711,-37.06458899363431,100 175.02116699528747,-37.06458599766267,100 175.02118899377703,-37.06458100543422,100 175.02120399097535,-37.06457600185991,100 175.0212250010439,-37.06456800719084,100 175.02124300751916,-37.06455799258041,100 175.02124400117674,-37.06455699775527,100 175.02125999745212,-37.06454400082992,100 175.02127399478624,-37.064528996581934,100 175.02128500102958,-37.064512994232224,100 175.02129100703775,-37.06450499935556,100 175.02130099695628,-37.06448799408218,100 175.0213059971681,-37.06447100356664,100 175.02130400413068,-37.06445900727778,100 175.021298994785,-37.06444099500098,100 175.02129800028544,-37.0644239931144,100 175.02130099195475,-37.06441899680192,100 175.0213160008099,-37.06440600228106,100 175.02131899715332,-37.064403004022594,100 175.0213309975633,-37.06439200123668,100 175.02133300663675,-37.06438600142656,100 175.02133600273078,-37.06436799508446,100 175.0213350024242,-37.06434899516292,100 175.02133499662375,-37.06434699712764,100 175.02133400729036,-37.064329003746934,100 175.02133100904098,-37.0643109995481,100 175.02132699340135,-37.06429199424791,100 175.02132500551497,-37.06427900556376,100 175.02132299469835,-37.0642610007549,100 175.02131900799853,-37.06424300078759,100 175.0213140002205,-37.064225004707005,100 175.0213100072285,-37.06420799625275,100 175.02130400577917,-37.0641909940962,100 175.02129500624636,-37.064174000686386,100 175.0212879951827,-37.06416400154832,100 175.02127600408784,-37.06414899958507,100 175.02127400521042,-37.06414699406575,100 175.021265006814,-37.064130000634016,100 175.0212560068911,-37.06411299190578,100 175.02124700263593,-37.06409700620164,100 175.02123600006237,-37.064082001803904,100 175.02122300477512,-37.06406700343318,100 175.02120999153075,-37.06405200626831,100 175.02119999948502,-37.06403600675449,100 175.02119499702138,-37.064022997350804,100 175.02119000615144,-37.064005000975605,100 175.02118700685202,-37.06398699769084,100 175.02118500125312,-37.06396800138312,100 175.02118400808052,-37.06396600575759,100 175.02118099194632,-37.06394800366077,100 175.02117899801422,-37.06392999765896,100 175.0211790030958,-37.06391099411605,100 175.0211790073623,-37.06390399381352,100 175.02118100443988,-37.063884999577155,100 175.02118500519967,-37.06386700585439,100 175.02119199773313,-37.06384999490109,100 175.02119499456288,-37.0638440070968,100 175.02120700609183,-37.063828002038406,100 175.02121999905106,-37.06381299959543,100 175.02123499571096,-37.063798998564856,100 175.02124699606625,-37.06378799668974,100 175.02126199274022,-37.063773996556876,100 175.02127700148023,-37.06376100204322,100 175.02128600435532,-37.06375299753973,100 175.0213010020916,-37.06373899558136,100 175.02131499341044,-37.06372499906061,100 175.02132900378663,-37.063711000410834,100 175.02133100169166,-37.0637100037875,100 175.0213429951615,-37.06369399812223,100 175.02135600610558,-37.06367899716063,100 175.0213710027144,-37.0636649961141,100 175.02137699750037,-37.063662004421104,100 175.02139700780825,-37.063653004717295,100 175.02141899865765,-37.063645998222015,100 175.02143800364559,-37.06363700303172,100 175.0214440042913,-37.063633003606185,100 175.02145900087478,-37.063619002549174,100 175.02147199379715,-37.06360400188237,100 175.02148600412238,-37.06359000321528,100 175.02149299689728,-37.06358499456579,100 175.02150999237782,-37.063573000820604,100 175.02152900322406,-37.063562998788086,100 175.02154899664922,-37.063554000248125,100 175.02156900063798,-37.06354599293105,100 175.02157799272615,-37.06354300690811,100 175.02159900784812,-37.06353699400081,100 175.0216210048576,-37.06353200081959,100 175.0216430018401,-37.063527006733516,100 175.02166499956104,-37.06352199821033,100 175.02167500754487,-37.06351999978492,100 175.02169700454385,-37.063515006589874,100 175.02171799690078,-37.06351000077782,100 175.0217399938698,-37.0635050066741,100 175.0217600046849,-37.06350200220527,100 175.02178299595397,-37.06349900369509,100 175.0218050046106,-37.06349500078637,100 175.02182499169322,-37.06348699371479,100 175.02182900541627,-37.06348499834362,100 175.02184699988604,-37.06347399334381,100 175.02186200265282,-37.06345900072511,100 175.0218730086258,-37.06344299832642,100 175.02187800810543,-37.06343200220187,100 175.02188100404285,-37.06341399584827,100 175.02188199560652,-37.0633950052274,100 175.02188299999057,-37.06337700579414,100 175.0218840042905,-37.06337399822757,100 175.02188699910076,-37.06335599189293,100 175.0218920050248,-37.06333799542833,100 175.0218960055927,-37.06332000168591,100 175.0219000057523,-37.06330199262855,100 175.0219029957981,-37.063284993102656,100 175.02190599215595,-37.063267002964025,100 175.02190800549758,-37.0632479931171,100 175.02190899188906,-37.06322999399014,100 175.0219089971229,-37.063225997632294,100 175.02190799670183,-37.063206997716,100 175.02190600303254,-37.063189007043675,100 175.02190600165184,-37.06317099501747,100 175.0219070049056,-37.06315299560278,100 175.0219089958951,-37.063146995189875,100 175.0219150012473,-37.06313000192933,100 175.0219229981654,-37.06311300264848,100 175.021933991999,-37.06309599462436,100 175.0219449979076,-37.06307999222009,100 175.0219509979239,-37.06306999927846,100 175.02196299116588,-37.06305399355576,100 175.02197600190502,-37.06303899343239,100 175.02198999404968,-37.06302499501709,100 175.021996991904,-37.06301899484561,100 175.022013005745,-37.0630059984232,100 175.0220310063169,-37.062994000083556,100 175.02204999896375,-37.06298399827965,100 175.02206000217234,-37.0629800017697,100 175.02208200486888,-37.062974001679926,100 175.0221039953707,-37.06296999902708,100 175.0221259933047,-37.062965005738434,100 175.0221480018112,-37.06296100367172,100 175.02216199918098,-37.062954996783326,100 175.02218200447675,-37.0629470046643,100 175.02220199653706,-37.062938006039666,100 175.02222200029317,-37.062929998618515,100 175.0222429929383,-37.062922004071304,100 175.0222559919154,-37.06291799881404,100 175.02227700092993,-37.062912992620966,100 175.022298005188,-37.062908993233314,100 175.02231999718882,-37.06290500583689,100 175.02234099515823,-37.06290199795517,100 175.0223620041108,-37.06289999661043,100 175.02238400780777,-37.06289700040897,100 175.02240599934353,-37.06289600254507,100 175.02242800774036,-37.06289500438952,100 175.02244900565393,-37.06289500135188,100 175.0224709920297,-37.06289499497019,100 175.0224929956738,-37.062895003611615,100 175.02251399939237,-37.06289699769636,100 175.02253599675538,-37.06289799784314,100 175.02254399575673,-37.06289899521319,100 175.0225649947273,-37.06290199609779,100 175.02258699792338,-37.06290499426975,100 175.02260799577283,-37.062907995165816,100 175.02263000009611,-37.0629109933105,100 175.02263100470307,-37.06291100501515,100 175.0226530079437,-37.06291099831195,100 175.02267499319814,-37.06291099191145,100 175.02269599264497,-37.062911004125546,100 175.022717995885,-37.06291099741026,100 175.02273100688603,-37.06291100258477,100 175.02275299216376,-37.06291099707068,100 175.0227750074939,-37.062911995965194,100 175.02279600066228,-37.06291299967485,100 175.0228179980312,-37.06291399976904,100 175.02283600485018,-37.062916002561245,100 175.02285900753665,-37.0629200047801,100 175.0228799944069,-37.06292199908715,100 175.02290200389504,-37.06292400568683,100 175.02292299599634,-37.06292200543146,100 175.02293300384014,-37.06292000600214,100 175.02295300276396,-37.06291300526887,100 175.02297200807357,-37.06290399360766,100 175.02298999634408,-37.06289399436951,100 175.0230090068194,-37.06288399210947,100 175.0230280003787,-37.06287699409563,100 175.0230480044325,-37.06286900185289,100 175.02306700387578,-37.062860997905894,100 175.0230840047619,-37.06285100107935,100 175.02309499420113,-37.06284099325424,100 175.02310799763794,-37.062826998059315,100 175.02311900440648,-37.06281099643562,100 175.02313000415566,-37.062796000757274,100 175.02313199614275,-37.062793005169716,100 175.02314500028206,-37.0627789946371,100 175.02315399632008,-37.06276299757507,100 175.02315799139814,-37.06275200591762,100 175.02315999340294,-37.062734994379646,100 175.0231599921374,-37.06271699767586,100 175.0231610019753,-37.062707004196206,100 175.02316300285457,-37.0626899926773,100 175.02316499469953,-37.062672006129326,100 175.02316800130495,-37.06265500629134,100 175.02316999222674,-37.062646001898734,100 175.02317400417456,-37.06262899932767,100 175.02317799925902,-37.06261199704419,100 175.02317900392512,-37.062605999920635,100 175.0231809942101,-37.06258799717585,100 175.023182996614,-37.06257100095212,100 175.02318600321243,-37.06255400111363,100 175.02318800624974,-37.06254600324185,100 175.02319300554637,-37.06252899824402,100 175.02319900429376,-37.062512996440006,100 175.02320700086267,-37.062495997081406,100 175.02320800033408,-37.062493995413064,100 175.02322000536478,-37.06247899699435,100 175.02323099292846,-37.06246299478677,100 175.02323700380742,-37.062448000403045,100 175.0232369916632,-37.062446992981066,100 175.023235003557,-37.06243100037207,100 175.02322799652342,-37.0624140019511,100 175.02321799217256,-37.0623969960884,100 175.02321400108391,-37.06238599738957,100 175.02320600040778,-37.06236999200555,100 175.02319800016593,-37.0623540028365,100 175.02318800797366,-37.06233800439269,100 175.0231799973969,-37.0623270021718,100 175.02316899362265,-37.062311998873064,100 175.02315700247476,-37.06229699709808,100 175.02314899193092,-37.06228599577562,100 175.02313899386752,-37.06227100325412,100 175.0231280080716,-37.062255998743225,100 175.02311899219723,-37.06224500015081,100 175.02310600746657,-37.062230993209475,100 175.02309399476312,-37.06221699942462,100 175.02308600622527,-37.06220500541458,100 175.02307700145383,-37.06218900543546,100 175.023076007827,-37.062186993610354,100 175.0230700061678,-37.062169991544835,100 175.02306700697326,-37.062152005430114,100 175.02306999669997,-37.06213500497998,100 175.02306999674875,-37.062132001018206,100 175.02307799331084,-37.06211500166763,100 175.02308999828753,-37.062100002361326,100 175.02310200912737,-37.06208700198931,100 175.02311799240906,-37.062076002273756,100 175.02313600432163,-37.06206499588363,100 175.02315100725986,-37.062055998406436,100 175.02317000532062,-37.06204799266577,100 175.02318999228297,-37.06204000069267,100 175.02320899150743,-37.06203199672852,100 175.02322100292838,-37.06202799379706,100 175.02324200621192,-37.06202100562274,100 175.0232620048487,-37.06201400394341,100 175.02328100405867,-37.062005999968115,100 175.02328899601682,-37.06200199441289,100 175.02330599668576,-37.06199199755978,100 175.02332400745033,-37.061980992062416,100 175.0233409912722,-37.061970996393114,100 175.0233550009291,-37.06196300724558,100 175.02337400598014,-37.06195399642798,100 175.02339200607435,-37.06194500275587,100 175.02340899461848,-37.06193400026846,100 175.02342299800225,-37.06192399776416,100 175.02343700656303,-37.06190999980285,100 175.0234499929226,-37.06189600486272,100 175.02346199781564,-37.06188100642232,100 175.023472004876,-37.06186700463827,100 175.0234830040195,-37.06185199361632,100 175.02349199993276,-37.06183599833344,100 175.023499997487,-37.06182200380046,100 175.02350899810762,-37.06180500080674,100 175.02351600204696,-37.06178899535225,100 175.02351899238022,-37.06178099504696,100 175.0235239919191,-37.06176400354989,100 175.02352800377392,-37.0617470018691,100 175.02353099343335,-37.06173000321155,100 175.02353300160726,-37.06171200015462,100 175.02353500348025,-37.061697992572256,100 175.02353699407396,-37.061680005136935,100 175.0235389959768,-37.06166299359306,100 175.0235409982858,-37.06164599736392,100 175.02354200114902,-37.061627997943255,100 175.02354400345683,-37.061611001714006,100 175.02354600573997,-37.06159400458385,100 175.02354700347408,-37.0615800024203,100 175.02354899363232,-37.06156199876896,100 175.02355200011925,-37.06154499892212,100 175.02355500662898,-37.06152799997607,100 175.0235570044367,-37.061520992691904,100 175.02356399664947,-37.0615039969295,100 175.0235699941232,-37.061487995128076,100 175.02357599898713,-37.06147100179396,100 175.02357899445943,-37.061456000268564,100 175.02357999728937,-37.06143799994651,100 175.02358100667385,-37.06143099691187,100 175.0235840032324,-37.061422004190995,100 175.02359000770568,-37.061404996442334,100 175.02359500791397,-37.06139399933322,100 175.02360199381567,-37.06137799418121,100 175.02361000231036,-37.061362001319736,100 175.0236169992066,-37.061347002707215,100 175.02362100584597,-37.06133700134136,100 175.02362700439622,-37.06132099861732,100 175.02363300296798,-37.061304996793886,100 175.02363900153742,-37.061288994970184,100 175.02364300231034,-37.061280000431694,100 175.02365099390155,-37.061264006954666,100 175.02365799666606,-37.06124800241284,100 175.02366099975671,-37.061243996352104,100 175.0236690082021,-37.06122800258623,100 175.02367599409837,-37.06121199833124,100 175.02368400141341,-37.06119600458366,100 175.02368599408044,-37.061192994554844,100 175.02369099359706,-37.06117600485315,100 175.02369699102115,-37.06116000304604,100 175.02370499906783,-37.061143994864096,100 175.02371500599202,-37.061129993062146,100 175.02372500705195,-37.0611200029498,100 175.02374000382883,-37.06110900556833,100 175.02375800332302,-37.061099998333695,100 175.02377700739552,-37.06109100279212,100 175.02379600156297,-37.061084004649594,100 175.02381599366063,-37.06107799529876,100 175.02383500355833,-37.061070996881575,100 175.02383899397435,-37.061069993247976,100 175.02385700595758,-37.06106200693382,100 175.02387600374354,-37.06105400289014,100 175.02389500262558,-37.061045997923465,100 175.02390400018106,-37.06104200490652,100 175.02392299905696,-37.06103399993551,100 175.02394199795276,-37.06102599586246,100 175.02395100607689,-37.06102299316658,100 175.0239699991102,-37.061015995917145,100 175.02398899837934,-37.06100800625072,100 175.02399599659537,-37.06100499459682,100 175.02401400229652,-37.06099499581167,100 175.02403000320427,-37.06098399567506,100 175.02404200198922,-37.06097000400945,100 175.02405099723256,-37.060953991572035,100 175.02405499250426,-37.06093700637953,100 175.02405500862517,-37.06092500287839,100 175.0240509983712,-37.06090799480857,100 175.0240470053876,-37.0608910017655,100 175.0240440015571,-37.060879998858816,100 175.02404200706434,-37.060861992914326,100 175.02404299921983,-37.060846007127765,100 175.02404499585447,-37.06084200471779,100 175.02405500270163,-37.0608280037904,100 175.0240649974152,-37.06081299634129,100 175.02406899807866,-37.060800996027055,100 175.02407299176087,-37.06078399373654,100 175.02407400807408,-37.06078199267478,100 175.02407800328547,-37.0607650056797,100 175.02408100336817,-37.06074899733496,100 175.0240820013465,-37.06073200381927,100 175.02408200650754,-37.0607250044028,100 175.02408000613235,-37.06070800438575,100 175.0240759958865,-37.06069099631601,100 175.02406900095176,-37.060675003561,100 175.02406900680725,-37.06067399673303,100 175.02405900881675,-37.060659005185244,100 175.0240469946731,-37.0606449961957,100 175.02404700093592,-37.0606440046825,100 175.02403599096638,-37.06062999207043,100 175.0240250056565,-37.060615002951764,100 175.0240139972265,-37.060601005632925,100 175.024003006379,-37.060586992691164,100 175.02399300218255,-37.06057599841326,100 175.02398100640903,-37.06056200262214,100 175.02396899229552,-37.06054799362358,100 175.02396600175976,-37.060544006940106,100 175.02395400448927,-37.06052999675115,100 175.02394199665017,-37.06051499623622,100 175.0239340081902,-37.060499998317226,100 175.02393200455776,-37.060495992985544,100 175.02392399225317,-37.06047899733834,100 175.02391900101495,-37.06046100108031,100 175.02391700656725,-37.060442995131304,100 175.02391799943345,-37.060436006795726,100 175.0239119914851,-37.06042300114537,100 175.02390500720315,-37.060404994741255,100 175.02389600873403,-37.060388002404395,100 175.02388300733583,-37.06037399582664,100 175.02387999256123,-37.06037100096082,100 175.02386099200658,-37.06036099299974,100 175.02383999884054,-37.06035399596732,100 175.02381900166188,-37.06035099526861,100 175.02379599388138,-37.06035100580425,100 175.02378100866602,-37.06035100559399,100 175.02375899366567,-37.060352996411964,100 175.02373699813248,-37.060355000412784,100 175.023730997865,-37.06035599508244,100 175.02370800177619,-37.06035699590659,100 175.02368600513992,-37.060359000818096,100 175.0236630039053,-37.060360993127766,100 175.0236569988992,-37.06036299460268,100 175.0236350080911,-37.06036699663855,100 175.0236130004432,-37.06037099985904,100 175.02360899319876,-37.06037200377188,100 175.0235870082711,-37.0603749998717,100 175.02356500059403,-37.06037900218253,100 175.02355199473536,-37.0603809942396,100 175.02352999920092,-37.06038600396621,100 175.02350800216712,-37.06038799443113,100 175.02349800086876,-37.060388999683326,100 175.0234749989373,-37.06038800332879,100 175.02345300706054,-37.06038599742629,100 175.02342999410908,-37.06038399362158,100 175.02342499258182,-37.06038300284085,100 175.02340199649302,-37.06038099874294,100 175.02338000574366,-37.06037899280759,100 175.02335799154451,-37.0603750035541,100 175.02333599969117,-37.060369992766525,100 175.02331899805935,-37.06036499686846,100 175.02329799394212,-37.060356993197985,100 175.02327900448225,-37.06034799258266,100 175.0232780002922,-37.06034799529641,100 175.02325899910082,-37.060338002570234,100 175.0232419964473,-37.06032699875507,100 175.02323100614151,-37.060316005012886,100 175.02321899847715,-37.06030100441892,100 175.0232099997413,-37.06028399580908,100 175.02320299808318,-37.06026600588038,100 175.02319500354412,-37.060248994556,100 175.02321599703365,-37.06025600702022,100 175.02323599539474,-37.06026399812418,100 175.0232539912512,-37.0602739935875,100 175.02325999842395,-37.06028100578351,100 175.0232710073426,-37.06029799180705,100 175.0232840074697,-37.060311997574175,100 175.02330199752092,-37.060319995895554,100 175.02332399524718,-37.06032400076254,100 175.02334700815464,-37.06032600368762,100 175.02335399530642,-37.06032799525817,100 175.02337599890217,-37.06033099328709,100 175.02339800178223,-37.060334006645846,100 175.02342000423306,-37.06033700378479,100 175.02344200670936,-37.060340001820485,100 175.02346499763993,-37.06034299740526,100 175.02348700011936,-37.06034599543249,100 175.02350899674806,-37.06034699542084,100 175.02353100548567,-37.06034599616258,100 175.02355200310302,-37.06034300340252,100 175.02357399273737,-37.060338999599544,100 175.02359600669524,-37.06033400667484,100 175.0236169980442,-37.06032900055399,100 175.02362600721898,-37.06032900272823,100 175.02364800274856,-37.06032699874812,100 175.02367099880573,-37.06032599703498,100 175.02369299543304,-37.06032399212653,100 175.02371499134182,-37.06032200254799,100 175.0237359948279,-37.06031800382848,100 175.02375700302335,-37.060312997395485,100 175.02377799476164,-37.06030800656139,100 175.02379999654545,-37.06030200617739,100 175.0238209926055,-37.06029599321214,100 175.02384200231972,-37.06029100206,100 175.02386100688332,-37.060288000000455,100 175.02388299763103,-37.06028399702277,100 175.0239049993796,-37.060281000581384,100 175.02392700700776,-37.06027699820873,100 175.02394899774828,-37.06027299521899,100 175.0239520008177,-37.06027199491522,100 175.02397299726331,-37.060265997238396,100 175.02399399485344,-37.060260000439634,100 175.02401500812942,-37.06025400156689,100 175.02403600571265,-37.060248004760865,100 175.0240579964382,-37.06024400175131,100 175.02406399669186,-37.0602430070655,100 175.02408599801294,-37.06023999527627,100 175.02410800563092,-37.06023899773294,100 175.02413000847983,-37.060236001231225,100 175.0241339929934,-37.060236004417014,100 175.0241560064253,-37.060230994273695,100 175.02417799603847,-37.06022699216225,100 175.02419899357622,-37.060220994427084,100 175.02422000211797,-37.06021600322845,100 175.02424199870046,-37.060210994258185,100 175.02424699363686,-37.060210002304274,100 175.02426800176502,-37.06020499578253,100 175.02428999248795,-37.06020099363151,100 175.02431200050063,-37.060197007404284,100 175.02433300384436,-37.06019300587827,100 175.02435499343582,-37.060189003734585,100 175.0243699965783,-37.06018599870417,100 175.02439199827535,-37.060183002173765,100 175.02441400582163,-37.06017899881139,100 175.02443500335121,-37.060176005897254,100 175.02445699405564,-37.060172003715756,100 175.0244740007903,-37.060169998232055,100 175.0244960083518,-37.060165995755554,100 175.02451699373844,-37.06016199630626,100 175.02453900127108,-37.06015799292104,100 175.02456099822035,-37.060152999207446,100 175.0245820063097,-37.06014799263109,100 175.02459099161794,-37.060145997906666,100 175.0246120059589,-37.06013999981202,100 175.0246340076218,-37.06013399927649,100 175.02465500394655,-37.06012800058062,100 175.02467100652623,-37.06012599959614,100 175.02469300308493,-37.06012399540544,100 175.02471599795754,-37.06012299441185,100 175.02473800660425,-37.06012199493186,100 175.02476000826522,-37.06011899833411,100 175.0247819989334,-37.06011499609327,100 175.02478899274436,-37.060113007419815,100 175.0248099949198,-37.06010600277007,100 175.0248299976508,-37.06009799493577,100 175.02485000078462,-37.06009000241298,100 175.02486599741457,-37.060086001567136,100 175.02488799906382,-37.06008000188635,100 175.02490900710907,-37.060074995253224,100 175.0249300045418,-37.060068997391404,100 175.02495000765686,-37.060061004852244,100 175.02496200066457,-37.06005399810181,100 175.02497900652335,-37.06004299419755,100 175.02499600651026,-37.06002999315826,100 175.02501099592124,-37.060016999413406,100 175.02502200784306,-37.06000900358459,100 175.0250369979384,-37.0599959936018,100 175.02505199315465,-37.05998199212349,100 175.02506600104226,-37.0599679930842,100 175.02507900478867,-37.05995399857395,100 175.02509300164746,-37.059938992991924,100 175.0250960039196,-37.059935003132665,100 175.02510899548793,-37.059920001197945,100 175.0251209997529,-37.059905002604,100 175.02513400817247,-37.059890000378815,100 175.02514699500824,-37.05987600524879,100 175.02515600801257,-37.05986600305182,100 175.02516999275045,-37.05985299580212,100 175.02518500592365,-37.05983899490194,100 175.0251999952412,-37.05982600023402,100 175.0252150083797,-37.05981199842943,100 175.02500700567973,-37.05979099989277,100 175.02543000539836,-37.05940700056421,100 175.02516299796423,-37.05887000162436,100 175.0244919927469,-37.05752400206728,100 175.0243859951858,-37.057556006303585,100 175.0236559974259,-37.05777800190556,100 175.02253300676026,-37.0581170050455,100 175.021522993247,-37.05842299741594,100 175.02115000015598,-37.05826799583246,100 175.02039799201148,-37.05765999531761,100 175.02042099921158,-37.05749299821392,100 175.02007599992234,-37.057100001081324,100 175.0199459966503,-37.05695200117025,100 175.0203070007621,-37.05600700365044,100 175.02032500322673,-37.055960995755775,100 175.01964800727416,-37.055940001547256,100 175.01965700802685,-37.05612000235634,100 175.01920599373932,-37.055976001130965,100 175.01918399266225,-37.055973002264125,100 175.01945599297989,-37.055770000608796,100 175.01938300759244,-37.05533099713827,100 175.02117699948468,-37.055025002640086,100 175.02115199466562,-37.0545609939947,100 175.02112100083403,-37.05399300398718,100 175.02108299335998,-37.05331800101614,100 175.0210690058532,-37.0530580065479,100 175.0210580019764,-37.052861007553204,100 175.02101700408087,-37.05210899324944,100 175.02101200824052,-37.05209200273761,100 175.020930996613,-37.05179899640629,100 175.02092499591805,-37.05177600065995,100 175.020780000483,-37.05125100268317,100 175.02075400377038,-37.05115899414443,100 175.02058900397333,-37.05056100224727,100 175.02055900511223,-37.050453998741766,100 175.0205270027781,-37.05033699630763,100 175.020320001698,-37.04958699933825,100 175.0203099982575,-37.04955199728405,100 175.0187200022018,-37.05003600123883,100 175.01808700050142,-37.04875099610892,100 175.01602700522508,-37.04682799560602,100 175.01487800443087,-37.04666099742496,100 175.01376100322182,-37.04592600657208,100 175.01293599457986,-37.04559000841638,100 175.01224599508504,-37.04552199210899,100 175.0114139919159,-37.04503300191628,100 175.01102200501552,-37.04496900143901,100 175.01039900215466,-37.04371899200895,100 175.0088140043062,-37.04053499954133,100 175.00698799360867,-37.03667800294928,100 175.00693800412915,-37.036575996065196,100 175.00787499232902,-37.0362809983187,100 175.00794499351343,-37.03625800579778,100 175.0093099970103,-37.0358300038037,100 175.0113819924239,-37.03517400373515,100 175.0131149926541,-37.03461900294361,100 175.0126249963095,-37.03366100619347,100 175.01094499995938,-37.030310997235865,100 175.01086800248845,-37.03015700496138,100 175.01042499699116,-37.029311004103015,100 175.01035300207738,-37.02913399797166,100 175.00922699403952,-37.026929997545295,100 175.00919400346,-37.0268679927372,100 175.00911900219003,-37.02689499660009,100 175.0091020016946,-37.02690000457769,100 175.00901399618863,-37.02691499819219,100 175.00900099597385,-37.02691700472011,100 175.00891399619897,-37.02691099389825,100 175.00889400286846,-37.02689200443872,100 175.00887199887282,-37.026817002601625,100 175.00886799408738,-37.02679700511018,100 175.0088469943967,-37.026727993324904,100 175.008844997244,-37.026726001959176,100 175.00877799579388,-37.02667899717703,100 175.00874500828803,-37.02667000488559,100 175.00865600626588,-37.02666000534057,100 175.00857700774685,-37.02662999544342,100 175.00856899943295,-37.026663999549314,100 175.0085820024187,-37.02675299940931,100 175.008580996693,-37.0267650044357,100 175.0085480026516,-37.02683100364754,100 175.00851500603153,-37.02684099972674,100 175.00841999512082,-37.026827997725526,100 175.00838099236765,-37.0268140059063,100 175.00830699533887,-37.02677300018741,100 175.00828699505786,-37.02676099570209,100 175.00820800307665,-37.0267299949355,100 175.00813499351406,-37.02674500530319,100 175.00807000433923,-37.02678899858076,100 175.00802599762315,-37.0267810001815,100 175.00795000391568,-37.026729004414804,100 175.00790999200353,-37.02670400409638,100 175.0078369991005,-37.02666299640326,100 175.00778499343627,-37.02664300290784,100 175.00769799899578,-37.02663299569866,100 175.00762000686618,-37.02665900104445,100 175.00757299854473,-37.02664599255898,100 175.00756500396636,-37.02664799983326,100 175.0075000016552,-37.026700000946136,100 175.00742700272525,-37.02672199566193,100 175.0074080068366,-37.026722006190354,100 175.0073189972366,-37.02671299628062,100 175.00724300778975,-37.02674599571515,100 175.00723400829597,-37.02675099421458,100 175.00716300312217,-37.02679599729801,100 175.007146008248,-37.026808995699014,100 175.00708299188727,-37.02685899277288,100 175.0070449963543,-37.02688300419994,100 175.0069630029557,-37.02690900561879,100 175.00694000656503,-37.02690599234941,100 175.00685399386177,-37.02689400040666,100 175.00684999955993,-37.02689599403155,100 175.00680200188322,-37.02695700383558,100 175.00675299613658,-37.026995002827945,100 175.0066789925691,-37.027013995678985,100 175.00663999420996,-37.0270169933448,100 175.00655100154233,-37.02702000031781,100 175.0065290077636,-37.02702599818685,100 175.00644699754562,-37.02705500442313,100 175.00638800821366,-37.02706800463999,100 175.0063000072757,-37.02708200475613,100 175.00622400067624,-37.02709400297873,100 175.0061370037988,-37.02711100529961,100 175.00609500821992,-37.0271259991177,100 175.00601199858377,-37.02715099591512,100 175.00600300477424,-37.02714899394036,100 175.00591499508698,-37.02714100254938,100 175.0058989978521,-37.02716099861048,100 175.00585799476923,-37.02722500730654,100 175.0058550041839,-37.0272269983459,100 175.00578500258888,-37.027271997165165,100 175.00571899283958,-37.027292003389476,100 175.00568599139677,-37.0273000006186,100 175.00559700524758,-37.02729899604797,100 175.00558800609033,-37.02729499598177,100 175.0055209957379,-37.027246998979756,100 175.00550399167852,-37.02723500104559,100 175.0054260051678,-37.02720100537285,100 175.00542500105152,-37.02720099440911,100 175.00533600717606,-37.027209993142385,100 175.00533200669483,-37.027212993557406,100 175.0053040072699,-37.02728300470768,100 175.005296997199,-37.027303004679105,100 175.0052800062563,-37.027374004095066,100 175.0052749969098,-37.027406992018946,100 175.00524499452968,-37.027472997452584,100 175.00523700538835,-37.027480004812915,100 175.00515300697802,-37.02750799377661,100 175.00506699353934,-37.02750800297797,100 175.0050570009232,-37.02754599344457,100 175.00504600513358,-37.02758999441765,100 175.00504199196897,-37.027594993188075,100 175.00497699477043,-37.02764600234259,100 175.00496200884388,-37.02765299996724,100 175.00488400642186,-37.02768899355919,100 175.00486000253807,-37.02771000356532,100 175.0048109974776,-37.02777100076804,100 175.00479900033048,-37.027787995391726,100 175.0047589943557,-37.02785299270024,100 175.00473099200678,-37.02790000295461,100 175.0046950027713,-37.02784200057992,100 175.0045119929819,-37.027976992960426,100 175.0034459932675,-37.026251004846706,100 175.0028289962933,-37.02644899980375,100 175.00171599820348,-37.024678004927665,100 175.00005600046475,-37.02536899475134,100 174.99957799329832,-37.02491399562641,100 174.99949200528272,-37.02483199401434,100 174.99941899626995,-37.02476299364846,100 174.99588100310947,-37.021420996243656,100 174.99504200324253,-37.02062699916758,100 174.99165400811694,-37.02263499843177,100 174.98830000342184,-37.0189799948873,100 174.98807399325133,-37.019050004997005,100 174.98730900707884,-37.01909299882844,100 174.98718300759754,-37.01913199842752,100 174.98685699909262,-37.018453003401504,100 174.9843119934282,-37.01313800658008,100 174.9842260056829,-37.012960003177575,100 174.98348300335283,-37.01140799461711,100 174.98290700004367,-37.01020500603409,100 174.98230999246272,-37.008957996366455,100</coordinates></LinearRing></outerBoundaryIs>
    </Polygon>
  </Placemark>

  <Placemark>
    <name>Clevedon</name>
    <Point>
      <altitudeMode>relativeToGround</altitudeMode>
      <coordinates>175.05654607118782,-36.990352126043305,100</coordinates>
    </Point>
  </Placemark>

</Document>
</kml>