<?xml version="1.0" encoding="UTF-8"?>
<kml xmlns="http://www.opengis.net/kml/2.2">
  <Document>
    <name>Bucklands Beach (polygon: official_shp)</name>
    <Style id="icon-1899-0288D1-nodesc-normal">
      <IconStyle>
        <color>ffd18802</color>
        <scale>1</scale>
        <Icon>
          <href>https://www.gstatic.com/mapspro/images/stock/503-wht-blank_maps.png</href>
        </Icon>
        <hotSpot x="32" xunits="pixels" y="64" yunits="insetPixels"/>
      </IconStyle>
      <LabelStyle>
        <scale>0</scale>
      </LabelStyle>
      <BalloonStyle>
        <text><![CDATA[<h3>$[name]</h3>]]></text>
      </BalloonStyle>
    </Style>
    <Style id="icon-1899-0288D1-nodesc-highlight">
      <IconStyle>
        <color>ffd18802</color>
        <scale>1</scale>
        <Icon>
          <href>https://www.gstatic.com/mapspro/images/stock/503-wht-blank_maps.png</href>
        </Icon>
        <hotSpot x="32" xunits="pixels" y="64" yunits="insetPixels"/>
      </IconStyle>
      <LabelStyle>
        <scale>1</scale>
      </LabelStyle>
      <BalloonStyle>
        <text><![CDATA[<h3>$[name]</h3>]]></text>
      </BalloonStyle>
    </Style>
    <StyleMap id="icon-1899-0288D1-nodesc">
      <Pair>
        <key>normal</key>
        <styleUrl>#icon-1899-0288D1-nodesc-normal</styleUrl>
      </Pair>
      <Pair>
        <key>highlight</key>
        <styleUrl>#icon-1899-0288D1-nodesc-highlight</styleUrl>
      </Pair>
    </StyleMap>
    <Style id="line-000000-1200-nodesc-normal">
      <LineStyle>
        <color>ff000000</color>
        <width>1.2</width>
      </LineStyle>
      <BalloonStyle>
        <text><![CDATA[<h3>$[name]</h3>]]></text>
      </BalloonStyle>
    </Style>
    <Style id="line-000000-1200-nodesc-highlight">
      <LineStyle>
        <color>ff000000</color>
        <width>1.8</width>
      </LineStyle>
      <BalloonStyle>
        <text><![CDATA[<h3>$[name]</h3>]]></text>
      </BalloonStyle>
    </Style>
    <StyleMap id="line-000000-1200-nodesc">
      <Pair>
        <key>normal</key>
        <styleUrl>#line-000000-1200-nodesc-normal</styleUrl>
      </Pair>
      <Pair>
        <key>highlight</key>
        <styleUrl>#line-000000-1200-nodesc-highlight</styleUrl>
      </Pair>
    </StyleMap>
    <Style id="poly-0000FF-2000-102-nodesc-normal">
      <LineStyle>
        <color>ffff0000</color>
        <width>2</width>
      </LineStyle>
      <PolyStyle>
        <color>66ff0000</color>
        <fill>1</fill>
        <outline>1</outline>
      </PolyStyle>
      <BalloonStyle>
        <text><![CDATA[<h3>$[name]</h3>]]></text>
      </BalloonStyle>
    </Style>
    <Style id="poly-0000FF-2000-102-nodesc-highlight">
      <LineStyle>
        <color>ffff0000</color>
        <width>3</width>
      </LineStyle>
      <PolyStyle>
        <color>66ff0000</color>
        <fill>1</fill>
        <outline>1</outline>
      </PolyStyle>
      <BalloonStyle>
        <text><![CDATA[<h3>$[name]</h3>]]></text>
      </BalloonStyle>
    </Style>
    <StyleMap id="poly-0000FF-2000-102-nodesc">
      <Pair>
        <key>normal</key>
        <styleUrl>#poly-0000FF-2000-102-nodesc-normal</styleUrl>
      </Pair>
      <Pair>
        <key>highlight</key>
        <styleUrl>#poly-0000FF-2000-102-nodesc-highlight</styleUrl>
      </Pair>
    </StyleMap>
    <Placemark>
      <name>Bucklands Beach (polygon: official_shp)</name>
      <styleUrl>#poly-0000FF-2000-102-nodesc</styleUrl>
      <Polygon>
        <outerBoundaryIs>
          <LinearRing>
            <tessellate>1</tessellate>
            <coordinates>
              174.905696,-36.873228,0
              174.905731,-36.873462,0
              174.905978,-36.874425,0
              174.906016,-36.875042,0
              174.906028,-36.875132,0
              174.906027,-36.875144,0
              174.906028,-36.875151,0
              174.906027,-36.875152,0
              174.906027,-36.875158,0
              174.906026,-36.875161,0
              174.906027,-36.875168,0
              174.906026,-36.875172,0
              174.906026,-36.875178,0
              174.906025,-36.875186,0
              174.906025,-36.875191,0
              174.906023,-36.875199,0
              174.906017,-36.875222,0
              174.906017,-36.875225,0
              174.906014,-36.875237,0
              174.906013,-36.875246,0
              174.906012,-36.875249,0
              174.906012,-36.875251,0
              174.906011,-36.875253,0
              174.906009,-36.875259,0
              174.906009,-36.87526,0
              174.906008,-36.875268,0
              174.905999,-36.875293,0
              174.905991,-36.87533,0
              174.90599,-36.875338,0
              174.905986,-36.875356,0
              174.905987,-36.875359,0
              174.905985,-36.875369,0
              174.905986,-36.875373,0
              174.905985,-36.875377,0
              174.905985,-36.875419,0
              174.905982,-36.875434,0
              174.905968,-36.875473,0
              174.905965,-36.875488,0
              174.905961,-36.875493,0
              174.905959,-36.875501,0
              174.905957,-36.875504,0
              174.905954,-36.875515,0
              174.905954,-36.87552,0
              174.905953,-36.875523,0
              174.905953,-36.87553,0
              174.905952,-36.875532,0
              174.905951,-36.875545,0
              174.90595,-36.875567,0
              174.905947,-36.875596,0
              174.905946,-36.875599,0
              174.905943,-36.875608,0
              174.905941,-36.875612,0
              174.905939,-36.875616,0
              174.905938,-36.875618,0
              174.905936,-36.875626,0
              174.905932,-36.875632,0
              174.905932,-36.875634,0
              174.905927,-36.875645,0
              174.905914,-36.875664,0
              174.905903,-36.875674,0
              174.905897,-36.875682,0
              174.905896,-36.875684,0
              174.905894,-36.875687,0
              174.905886,-36.875704,0
              174.905882,-36.875711,0
              174.905879,-36.875714,0
              174.905877,-36.875718,0
              174.905867,-36.875729,0
              174.905855,-36.875741,0
              174.905845,-36.87575,0
              174.905838,-36.875755,0
              174.905831,-36.875761,0
              174.905823,-36.875768,0
              174.905818,-36.875775,0
              174.905815,-36.875777,0
              174.905807,-36.875783,0
              174.90578,-36.875806,0
              174.905776,-36.875809,0
              174.905765,-36.875818,0
              174.905759,-36.875822,0
              174.905756,-36.875824,0
              174.905744,-36.875832,0
              174.905736,-36.875837,0
              174.905733,-36.87584,0
              174.905729,-36.875842,0
              174.905719,-36.875848,0
              174.90571,-36.875854,0
              174.905694,-36.875859,0
              174.90568,-36.875862,0
              174.905676,-36.875862,0
              174.905621,-36.875862,0
              174.905618,-36.875862,0
              174.905607,-36.875863,0
              174.905603,-36.875863,0
              174.905591,-36.875864,0
              174.905587,-36.875865,0
              174.905577,-36.875865,0
              174.905571,-36.875866,0
              174.905521,-36.875869,0
              174.905515,-36.875868,0
              174.905495,-36.875867,0
              174.90549,-36.875868,0
              174.905485,-36.87587,0
              174.905481,-36.875871,0
              174.905476,-36.875876,0
              174.905468,-36.875882,0
              174.905452,-36.875894,0
              174.905437,-36.875903,0
              174.905431,-36.875906,0
              174.905404,-36.875927,0
              174.9054,-36.875929,0
              174.905395,-36.875934,0
              174.90539,-36.875937,0
              174.905374,-36.87595,0
              174.905354,-36.875964,0
              174.905351,-36.875967,0
              174.905334,-36.875979,0
              174.905332,-36.875982,0
              174.905328,-36.875984,0
              174.90532,-36.875994,0
              174.905306,-36.876005,0
              174.905269,-36.876024,0
              174.905246,-36.876042,0
              174.905225,-36.876052,0
              174.905208,-36.876065,0
              174.905202,-36.876069,0
              174.905195,-36.876073,0
              174.905173,-36.876086,0
              174.905116,-36.876116,0
              174.905108,-36.87612,0
              174.905094,-36.876127,0
              174.905081,-36.876135,0
              174.905003,-36.876174,0
              174.904989,-36.876179,0
              174.904977,-36.876184,0
              174.904941,-36.876202,0
              174.904933,-36.876207,0
              174.904926,-36.876211,0
              174.904899,-36.876223,0
              174.904869,-36.876238,0
              174.904839,-36.876246,0
              174.904807,-36.876254,0
              174.90479,-36.87626,0
              174.904777,-36.876267,0
              174.904747,-36.876283,0
              174.904732,-36.876295,0
              174.904729,-36.876298,0
              174.904727,-36.876302,0
              174.904727,-36.876307,0
              174.904726,-36.876311,0
              174.904728,-36.876317,0
              174.90473,-36.876318,0
              174.904733,-36.876326,0
              174.904736,-36.876335,0
              174.904736,-36.87634,0
              174.904737,-36.876343,0
              174.904733,-36.876356,0
              174.904727,-36.876367,0
              174.904722,-36.876373,0
              174.90472,-36.876378,0
              174.904717,-36.87638,0
              174.904716,-36.876383,0
              174.904711,-36.876393,0
              174.904698,-36.876421,0
              174.904691,-36.876434,0
              174.904686,-36.876441,0
              174.904685,-36.876444,0
              174.90468,-36.876451,0
              174.904679,-36.876455,0
              174.904677,-36.876457,0
              174.904661,-36.87648,0
              174.904658,-36.876488,0
              174.904653,-36.876495,0
              174.904634,-36.876513,0
              174.90463,-36.876515,0
              174.904623,-36.876521,0
              174.904618,-36.876523,0
              174.904611,-36.876528,0
              174.904585,-36.87655,0
              174.904581,-36.876554,0
              174.904577,-36.876559,0
              174.90457,-36.876566,0
              174.904565,-36.876569,0
              174.904547,-36.876586,0
              174.904531,-36.876605,0
              174.904526,-36.876609,0
              174.904521,-36.876613,0
              174.9045,-36.876635,0
              174.904495,-36.876639,0
              174.904489,-36.876642,0
              174.904483,-36.876647,0
              174.904454,-36.876667,0
              174.904452,-36.876669,0
              174.904444,-36.876675,0
              174.904441,-36.876677,0
              174.90443,-36.876684,0
              174.90441,-36.876703,0
              174.904402,-36.876709,0
              174.904393,-36.876717,0
              174.904377,-36.876727,0
              174.904366,-36.87673,0
              174.904347,-36.876738,0
              174.904318,-36.876754,0
              174.904312,-36.876757,0
              174.904296,-36.87677,0
              174.904254,-36.876797,0
              174.904214,-36.876818,0
              174.904207,-36.87682,0
              174.9042,-36.876823,0
              174.904193,-36.876826,0
              174.904175,-36.876835,0
              174.90417,-36.876837,0
              174.904158,-36.876842,0
              174.904152,-36.876844,0
              174.904147,-36.876845,0
              174.904083,-36.876872,0
              174.904076,-36.876875,0
              174.90407,-36.876878,0
              174.904067,-36.87688,0
              174.904062,-36.876881,0
              174.904058,-36.876884,0
              174.904055,-36.876885,0
              174.90405,-36.876888,0
              174.904041,-36.876891,0
              174.904038,-36.876893,0
              174.904127,-36.877108,0
              174.904261,-36.877285,0
              174.90435,-36.877404,0
              174.904354,-36.877409,0
              174.904596,-36.877729,0
              174.904722,-36.87788,0
              174.905052,-36.878317,0
              174.904905,-36.878389,0
              174.904759,-36.87846,0
              174.904909,-36.878658,0
              174.904887,-36.878669,0
              174.904762,-36.878729,0
              174.904717,-36.878751,0
              174.904616,-36.878801,0
              174.904548,-36.878834,0
              174.904378,-36.878916,0
              174.904289,-36.87896,0
              174.904209,-36.878999,0
              174.904337,-36.87917,0
              174.904466,-36.87934,0
              174.904702,-36.879399,0
              174.904915,-36.879681,0
              174.905021,-36.879822,0
              174.905128,-36.879964,0
              174.904867,-36.880167,0
              174.90495,-36.880183,0
              174.9054,-36.880265,0
              174.905389,-36.880304,0
              174.905294,-36.880639,0
              174.905276,-36.880704,0
              174.905223,-36.880891,0
              174.905169,-36.881079,0
              174.905084,-36.881379,0
              174.905001,-36.881672,0
              174.90499,-36.881708,0
              174.904776,-36.882461,0
              174.904765,-36.882499,0
              174.904738,-36.882597,0
              174.904945,-36.882636,0
              174.905919,-36.882814,0
              174.906334,-36.88289,0
              174.906728,-36.882962,0
              174.906769,-36.88297,0
              174.907207,-36.88305,0
              174.907899,-36.883177,0
              174.908106,-36.883215,0
              174.908325,-36.883255,0
              174.908543,-36.883295,0
              174.908762,-36.883335,0
              174.908981,-36.883375,0
              174.9092,-36.883415,0
              174.909402,-36.883452,0
              174.909604,-36.88349,0
              174.909624,-36.883493,0
              174.909821,-36.883529,0
              174.910018,-36.883566,0
              174.910215,-36.883602,0
              174.910448,-36.883644,0
              174.910378,-36.883894,0
              174.910296,-36.883935,0
              174.910247,-36.884112,0
              174.910298,-36.884178,0
              174.910261,-36.884311,0
              174.909879,-36.884241,0
              174.909831,-36.884408,0
              174.909784,-36.884575,0
              174.909737,-36.884742,0
              174.909689,-36.884909,0
              174.909642,-36.885076,0
              174.909594,-36.885243,0
              174.90955,-36.885398,0
              174.909547,-36.88541,0
              174.9095,-36.885577,0
              174.909452,-36.885744,0
              174.909409,-36.885897,0
              174.909401,-36.885925,0
              174.909385,-36.885922,0
              174.909337,-36.886092,0
              174.90929,-36.886261,0
              174.909254,-36.886384,0
              174.909242,-36.88643,0
              174.909207,-36.886554,0
              174.909194,-36.886599,0
              174.909152,-36.886747,0
              174.909146,-36.886768,0
              174.909105,-36.886914,0
              174.909098,-36.886937,0
              174.909056,-36.887085,0
              174.90905,-36.887106,0
              174.909006,-36.887261,0
              174.909003,-36.887274,0
              174.908957,-36.887437,0
              174.908955,-36.887443,0
              174.908907,-36.887612,0
              174.908853,-36.887801,0
              174.90897,-36.88802,0
              174.908887,-36.888313,0
              174.908772,-36.888292,0
              174.908679,-36.888275,0
              174.908471,-36.888237,0
              174.908373,-36.888219,0
              174.908323,-36.888395,0
              174.908317,-36.888417,0
              174.908279,-36.888549,0
              174.908262,-36.888611,0
              174.908229,-36.888728,0
              174.908371,-36.88885,0
              174.908482,-36.888945,0
              174.908366,-36.889003,0
              174.908242,-36.889065,0
              174.908376,-36.88939,0
              174.90845,-36.88976,0
              174.908366,-36.890056,0
              174.908164,-36.890019,0
              174.908085,-36.890041,0
              174.908139,-36.890167,0
              174.90817,-36.890238,0
              174.908145,-36.890323,0
              174.908103,-36.89047,0
              174.908061,-36.890617,0
              174.908058,-36.890628,0
              174.908017,-36.890774,0
              174.907988,-36.890875,0
              174.907977,-36.890911,0
              174.907942,-36.891035,0
              174.907935,-36.891059,0
              174.907893,-36.891206,0
              174.90788,-36.891251,0
              174.907851,-36.891353,0
              174.907822,-36.891454,0
              174.907809,-36.8915,0
              174.907794,-36.891553,0
              174.907458,-36.891943,0
              174.907296,-36.892075,0
              174.907128,-36.892213,0
              174.907105,-36.892232,0
              174.907067,-36.892251,0
              174.907374,-36.892603,0
              174.90743,-36.892588,0
              174.907505,-36.892567,0
              174.907862,-36.89276,0
              174.907783,-36.892831,0
              174.907754,-36.893122,0
              174.907686,-36.893338,0
              174.907631,-36.893327,0
              174.907305,-36.89326,0
              174.907257,-36.893413,0
              174.90723,-36.8935,0
              174.907158,-36.893523,0
              174.906973,-36.893581,0
              174.906793,-36.893638,0
              174.906616,-36.893693,0
              174.906438,-36.893743,0
              174.90626,-36.893793,0
              174.906082,-36.893843,0
              174.905899,-36.893894,0
              174.905911,-36.893938,0
              174.905918,-36.893966,0
              174.905924,-36.893994,0
              174.905929,-36.894022,0
              174.905933,-36.894051,0
              174.905936,-36.894079,0
              174.905938,-36.894107,0
              174.905939,-36.894136,0
              174.90594,-36.894164,0
              174.905939,-36.894193,0
              174.905937,-36.894227,0
              174.905934,-36.894261,0
              174.905929,-36.894295,0
              174.905923,-36.894328,0
              174.905881,-36.894542,0
              174.905876,-36.894567,0
              174.90587,-36.894591,0
              174.905862,-36.894616,0
              174.905854,-36.89464,0
              174.905845,-36.894664,0
              174.905835,-36.894688,0
              174.905823,-36.894711,0
              174.90581,-36.894737,0
              174.905795,-36.894762,0
              174.905779,-36.894787,0
              174.905724,-36.89487,0
              174.905566,-36.895107,0
              174.905439,-36.895188,0
              174.905398,-36.895214,0
              174.905395,-36.895224,0
              174.905392,-36.895232,0
              174.905389,-36.895235,0
              174.905359,-36.895302,0
              174.905356,-36.895307,0
              174.905355,-36.895312,0
              174.905344,-36.895326,0
              174.905329,-36.89535,0
              174.90531,-36.895375,0
              174.905306,-36.895386,0
              174.905268,-36.895448,0
              174.905267,-36.895455,0
              174.905258,-36.895468,0
              174.905257,-36.895475,0
              174.905227,-36.895532,0
              174.905224,-36.895539,0
              174.905215,-36.895553,0
              174.905215,-36.895554,0
              174.905162,-36.89564,0
              174.905126,-36.89571,0
              174.905112,-36.895737,0
              174.905102,-36.895756,0
              174.905098,-36.895825,0
              174.905096,-36.895827,0
              174.905103,-36.895854,0
              174.905102,-36.895856,0
              174.905117,-36.895896,0
              174.905117,-36.895899,0
              174.905133,-36.895922,0
              174.905134,-36.895925,0
              174.905151,-36.895943,0
              174.905153,-36.895948,0
              174.905163,-36.895957,0
              174.905167,-36.895959,0
              174.90519,-36.895979,0
              174.905193,-36.895984,0
              174.905223,-36.896002,0
              174.905268,-36.896041,0
              174.905281,-36.896054,0
              174.905285,-36.896058,0
              174.905307,-36.896075,0
              174.905313,-36.89608,0
              174.905341,-36.896113,0
              174.905353,-36.896132,0
              174.905367,-36.896148,0
              174.905387,-36.896156,0
              174.905422,-36.896163,0
              174.90543,-36.896166,0
              174.905448,-36.89617,0
              174.905469,-36.896176,0
              174.905544,-36.896184,0
              174.905562,-36.896189,0
              174.90561,-36.896207,0
              174.905645,-36.896214,0
              174.905663,-36.89622,0
              174.905691,-36.896224,0
              174.905772,-36.896254,0
              174.905809,-36.896289,0
              174.905809,-36.896291,0
              174.905814,-36.896296,0
              174.90583,-36.896322,0
              174.905834,-36.896344,0
              174.905833,-36.896348,0
              174.905835,-36.896351,0
              174.905835,-36.896354,0
              174.905837,-36.896365,0
              174.905841,-36.896379,0
              174.905838,-36.896395,0
              174.905836,-36.896403,0
              174.905839,-36.896411,0
              174.905838,-36.896447,0
              174.905837,-36.896453,0
              174.905836,-36.896468,0
              174.90584,-36.896477,0
              174.905841,-36.896484,0
              174.905843,-36.896489,0
              174.905843,-36.89649,0
              174.905845,-36.896495,0
              174.905856,-36.896507,0
              174.905907,-36.896559,0
              174.90593,-36.896584,0
              174.905944,-36.896596,0
              174.90595,-36.896604,0
              174.905979,-36.89663,0
              174.905986,-36.896634,0
              174.90599,-36.896636,0
              174.905997,-36.896641,0
              174.906003,-36.896647,0
              174.906009,-36.896661,0
              174.906015,-36.896671,0
              174.906016,-36.896681,0
              174.90601,-36.896684,0
              174.906004,-36.896696,0
              174.906001,-36.896707,0
              174.905996,-36.896722,0
              174.905995,-36.896742,0
              174.90599,-36.89676,0
              174.905984,-36.896786,0
              174.90598,-36.896795,0
              174.905959,-36.896881,0
              174.905955,-36.896892,0
              174.905952,-36.896899,0
              174.905949,-36.896911,0
              174.905951,-36.896949,0
              174.905953,-36.896954,0
              174.905955,-36.896965,0
              174.905967,-36.896988,0
              174.905973,-36.896997,0
              174.905973,-36.896998,0
              174.905974,-36.897,0
              174.905983,-36.897014,0
              174.905989,-36.897027,0
              174.905996,-36.897048,0
              174.905997,-36.897056,0
              174.906005,-36.897072,0
              174.906009,-36.897083,0
              174.906006,-36.897117,0
              174.906006,-36.897126,0
              174.906002,-36.897142,0
              174.905994,-36.897157,0
              174.90599,-36.897161,0
              174.905975,-36.897173,0
              174.905938,-36.897192,0
              174.905921,-36.897198,0
              174.90591,-36.897202,0
              174.905888,-36.897223,0
              174.905876,-36.897229,0
              174.905856,-36.897254,0
              174.905838,-36.897295,0
              174.905836,-36.897311,0
              174.905838,-36.897315,0
              174.905836,-36.897332,0
              174.905834,-36.89734,0
              174.905839,-36.897351,0
              174.905865,-36.897368,0
              174.906323,-36.89744,0
              174.906112,-36.898001,0
              174.906597,-36.898127,0
              174.906671,-36.897521,0
              174.906843,-36.89681,0
              174.90702,-36.896238,0
              174.907025,-36.896238,0
              174.907031,-36.896238,0
              174.907037,-36.896237,0
              174.907043,-36.896237,0
              174.907048,-36.896237,0
              174.907054,-36.896237,0
              174.90706,-36.896236,0
              174.907065,-36.896236,0
              174.907071,-36.896235,0
              174.907077,-36.896235,0
              174.907082,-36.896234,0
              174.907087,-36.896233,0
              174.907092,-36.896232,0
              174.907097,-36.896231,0
              174.907101,-36.896229,0
              174.907107,-36.896228,0
              174.907112,-36.896227,0
              174.907118,-36.896225,0
              174.907126,-36.896224,0
              174.907134,-36.896222,0
              174.907143,-36.89622,0
              174.907153,-36.896219,0
              174.907163,-36.896217,0
              174.907174,-36.896215,0
              174.907186,-36.896213,0
              174.907198,-36.896211,0
              174.907211,-36.896209,0
              174.907224,-36.896206,0
              174.907238,-36.896203,0
              174.907253,-36.8962,0
              174.907268,-36.896196,0
              174.907285,-36.896192,0
              174.907303,-36.896187,0
              174.907321,-36.896182,0
              174.90734,-36.896177,0
              174.907359,-36.896171,0
              174.907378,-36.896166,0
              174.907396,-36.89616,0
              174.907414,-36.896155,0
              174.907431,-36.89615,0
              174.907448,-36.896144,0
              174.907464,-36.896139,0
              174.907481,-36.896134,0
              174.907497,-36.896128,0
              174.907513,-36.896123,0
              174.907528,-36.896117,0
              174.907543,-36.896112,0
              174.907557,-36.896106,0
              174.90757,-36.896101,0
              174.907582,-36.896095,0
              174.907594,-36.89609,0
              174.907604,-36.896084,0
              174.907614,-36.896078,0
              174.907623,-36.896072,0
              174.907631,-36.896066,0
              174.907639,-36.89606,0
              174.907647,-36.896054,0
              174.907654,-36.896049,0
              174.907661,-36.896043,0
              174.907667,-36.896038,0
              174.907673,-36.896033,0
              174.907679,-36.896028,0
              174.907684,-36.896023,0
              174.907689,-36.896019,0
              174.907693,-36.896014,0
              174.907697,-36.89601,0
              174.907701,-36.896006,0
              174.907704,-36.896001,0
              174.907708,-36.895997,0
              174.907712,-36.895994,0
              174.907716,-36.89599,0
              174.90772,-36.895986,0
              174.907723,-36.895983,0
              174.907727,-36.89598,0
              174.90773,-36.895977,0
              174.907734,-36.895974,0
              174.907737,-36.895971,0
              174.907741,-36.895968,0
              174.907744,-36.895965,0
              174.907747,-36.895962,0
              174.907763,-36.895955,0
              174.907783,-36.89594,0
              174.907787,-36.895939,0
              174.907797,-36.895934,0
              174.907807,-36.895928,0
              174.90781,-36.895928,0
              174.907814,-36.895925,0
              174.907835,-36.895917,0
              174.907838,-36.895917,0
              174.907845,-36.895913,0
              174.90785,-36.895912,0
              174.907878,-36.895903,0
              174.907887,-36.895902,0
              174.907907,-36.895898,0
              174.907912,-36.895897,0
              174.907928,-36.895898,0
              174.907954,-36.895903,0
              174.907958,-36.895905,0
              174.907967,-36.895908,0
              174.907971,-36.895909,0
              174.907973,-36.895909,0
              174.907984,-36.895914,0
              174.907988,-36.895915,0
              174.907993,-36.895918,0
              174.907996,-36.895921,0
              174.907998,-36.895923,0
              174.908,-36.895924,0
              174.908007,-36.895932,0
              174.908008,-36.895935,0
              174.90801,-36.895939,0
              174.908012,-36.89594,0
              174.908014,-36.895944,0
              174.908014,-36.895952,0
              174.908015,-36.895956,0
              174.908014,-36.895958,0
              174.908013,-36.895962,0
              174.908012,-36.895964,0
              174.908012,-36.895968,0
              174.908007,-36.895979,0
              174.908007,-36.89598,0
              174.908005,-36.895982,0
              174.908004,-36.895985,0
              174.908002,-36.895987,0
              174.907999,-36.895992,0
              174.907994,-36.896001,0
              174.907994,-36.896003,0
              174.907983,-36.896015,0
              174.907981,-36.896018,0
              174.907979,-36.89602,0
              174.907976,-36.896023,0
              174.907974,-36.896026,0
              174.907971,-36.89603,0
              174.90797,-36.896034,0
              174.907968,-36.896038,0
              174.907968,-36.896058,0
              174.90797,-36.896064,0
              174.90797,-36.896071,0
              174.907989,-36.896115,0
              174.90799,-36.896197,0
              174.907977,-36.896245,0
              174.907969,-36.896261,0
              174.907943,-36.896306,0
              174.907923,-36.896327,0
              174.907911,-36.896343,0
              174.907909,-36.896345,0
              174.907904,-36.896355,0
              174.907901,-36.896363,0
              174.907901,-36.896373,0
              174.907901,-36.896377,0
              174.907906,-36.8964,0
              174.907908,-36.896404,0
              174.907911,-36.896415,0
              174.907917,-36.896421,0
              174.907949,-36.896435,0
              174.907957,-36.89644,0
              174.907977,-36.896445,0
              174.907985,-36.896448,0
              174.907999,-36.89645,0
              174.908011,-36.896452,0
              174.908071,-36.89645,0
              174.908082,-36.89645,0
              174.908097,-36.896448,0
              174.908112,-36.896444,0
              174.908121,-36.896443,0
              174.908128,-36.896442,0
              174.908136,-36.896442,0
              174.908146,-36.896439,0
              174.908158,-36.896437,0
              174.908167,-36.896437,0
              174.908214,-36.896435,0
              174.90823,-36.896441,0
              174.908252,-36.896454,0
              174.908266,-36.896459,0
              174.908274,-36.896462,0
              174.908281,-36.896464,0
              174.908294,-36.896471,0
              174.908331,-36.896474,0
              174.908367,-36.896473,0
              174.908386,-36.896474,0
              174.908405,-36.89648,0
              174.908431,-36.896494,0
              174.908433,-36.896498,0
              174.908439,-36.896502,0
              174.908448,-36.89651,0
              174.908462,-36.896541,0
              174.908463,-36.896545,0
              174.90847,-36.896555,0
              174.908476,-36.896569,0
              174.908475,-36.896588,0
              174.908477,-36.896599,0
              174.90848,-36.896607,0
              174.908481,-36.896618,0
              174.90848,-36.896626,0
              174.908484,-36.896648,0
              174.908488,-36.896653,0
              174.90849,-36.896658,0
              174.90849,-36.896664,0
              174.90849,-36.896674,0
              174.908487,-36.896689,0
              174.908482,-36.896712,0
              174.908478,-36.896726,0
              174.908474,-36.896733,0
              174.908469,-36.896743,0
              174.908455,-36.896765,0
              174.908453,-36.89677,0
              174.908443,-36.896782,0
              174.908433,-36.896804,0
              174.908412,-36.896826,0
              174.908396,-36.89685,0
              174.908419,-36.896851,0
              174.90843,-36.896851,0
              174.90996,-36.896881,0
              174.909498,-36.897774,0
              174.909512,-36.897793,0
              174.909295,-36.898213,0
              174.909292,-36.89821,0
              174.909291,-36.898212,0
              174.909258,-36.898284,0
              174.909145,-36.898502,0
              174.909086,-36.89877,0
              174.90914,-36.898841,0
              174.909409,-36.898877,0
              174.909481,-36.898533,0
              174.909527,-36.898545,0
              174.909688,-36.898552,0
              174.909703,-36.898235,0
              174.909928,-36.898244,0
              174.910154,-36.898254,0
              174.910155,-36.898229,0
              174.91016,-36.898132,0
              174.910164,-36.898039,0
              174.910328,-36.897959,0
              174.910489,-36.89788,0
              174.910542,-36.89776,0
              174.910602,-36.897624,0
              174.910618,-36.897611,0
              174.910759,-36.897507,0
              174.910791,-36.897484,0
              174.910969,-36.897385,0
              174.911147,-36.897286,0
              174.911378,-36.897065,0
              174.911468,-36.897081,0
              174.911664,-36.897116,0
              174.911707,-36.897124,0
              174.911785,-36.897138,0
              174.911879,-36.897099,0
              174.911959,-36.897066,0
              174.912102,-36.897008,0
              174.912122,-36.89699,0
              174.912138,-36.896975,0
              174.91229,-36.896839,0
              174.912358,-36.896778,0
              174.912396,-36.896779,0
              174.91265,-36.896788,0
              174.912758,-36.896746,0
              174.912778,-36.896755,0
              174.912764,-36.896574,0
              174.912752,-36.896424,0
              174.91275,-36.896401,0
              174.91274,-36.896273,0
              174.912728,-36.896122,0
              174.912726,-36.89609,0
              174.912724,-36.896072,0
              174.912717,-36.895971,0
              174.912705,-36.895821,0
              174.912701,-36.895779,0
              174.912672,-36.89568,0
              174.912625,-36.895518,0
              174.912637,-36.895506,0
              174.912761,-36.895393,0
              174.912803,-36.895355,0
              174.912885,-36.895279,0
              174.912926,-36.895241,0
              174.913005,-36.895169,0
              174.913009,-36.895165,0
              174.91305,-36.895127,0
              174.913133,-36.895052,0
              174.913174,-36.895014,0
              174.913256,-36.894938,0
              174.913298,-36.8949,0
              174.91338,-36.894824,0
              174.913424,-36.894784,0
              174.913504,-36.89471,0
              174.913551,-36.894743,0
              174.913594,-36.894704,0
              174.91372,-36.894588,0
              174.913643,-36.894534,0
              174.913658,-36.894521,0
              174.91368,-36.894502,0
              174.913771,-36.894419,0
              174.913792,-36.894401,0
              174.913883,-36.894318,0
              174.913927,-36.894279,0
              174.913996,-36.894216,0
              174.914062,-36.894157,0
              174.914159,-36.894069,0
              174.914197,-36.894035,0
              174.91432,-36.893924,0
              174.914332,-36.893913,0
              174.914456,-36.893801,0
              174.914467,-36.893791,0
              174.914593,-36.893677,0
              174.914602,-36.893669,0
              174.914729,-36.893554,0
              174.914737,-36.893547,0
              174.914866,-36.893431,0
              174.914872,-36.893425,0
              174.915002,-36.893308,0
              174.915007,-36.893303,0
              174.915139,-36.893184,0
              174.915142,-36.893182,0
              174.915277,-36.89306,0
              174.915415,-36.892939,0
              174.915536,-36.892834,0
              174.915655,-36.89273,0
              174.915678,-36.892709,0
              174.915797,-36.892606,0
              174.91618,-36.892696,0
              174.916186,-36.892678,0
              174.916227,-36.892571,0
              174.916255,-36.892497,0
              174.916279,-36.892435,0
              174.916266,-36.89242,0
              174.91621,-36.89236,0
              174.91632,-36.892295,0
              174.916485,-36.892197,0
              174.916647,-36.892101,0
              174.916792,-36.892007,0
              174.916948,-36.891915,0
              174.916967,-36.891904,0
              174.917137,-36.891803,0
              174.917144,-36.89181,0
              174.917254,-36.891938,0
              174.917371,-36.892074,0
              174.917424,-36.892134,0
              174.91748,-36.892094,0
              174.917605,-36.892004,0
              174.917772,-36.891885,0
              174.917853,-36.891827,0
              174.917965,-36.891747,0
              174.918065,-36.891675,0
              174.918099,-36.891651,0
              174.918308,-36.891502,0
              174.918408,-36.891443,0
              174.918585,-36.89134,0
              174.918862,-36.891177,0
              174.91905,-36.891086,0
              174.919098,-36.891063,0
              174.919229,-36.890999,0
              174.91901,-36.890762,0
              174.919063,-36.890734,0
              174.919167,-36.890678,0
              174.919214,-36.890653,0
              174.919291,-36.890612,0
              174.919373,-36.890568,0
              174.919412,-36.890548,0
              174.919531,-36.890484,0
              174.919532,-36.890484,0
              174.919554,-36.890472,0
              174.919701,-36.890394,0
              174.919776,-36.890354,0
              174.920005,-36.8906,0
              174.920179,-36.890511,0
              174.920177,-36.890504,0
              174.920116,-36.890329,0
              174.92007,-36.890197,0
              174.920055,-36.890155,0
              174.919995,-36.88998,0
              174.920091,-36.889929,0
              174.920093,-36.889748,0
              174.920064,-36.889726,0
              174.920094,-36.88971,0
              174.920368,-36.889564,0
              174.920158,-36.889458,0
              174.920214,-36.889367,0
              174.920232,-36.889337,0
              174.920306,-36.889213,0
              174.919974,-36.889099,0
              174.919727,-36.888927,0
              174.919642,-36.888868,0
              174.919361,-36.888719,0
              174.919014,-36.888534,0
              174.919071,-36.888443,0
              174.91912,-36.888366,0
              174.919206,-36.888229,0
              174.919265,-36.888134,0
              174.919071,-36.88803,0
              174.918959,-36.88797,0
              174.918966,-36.887965,0
              174.919214,-36.887794,0
              174.919426,-36.887878,0
              174.919436,-36.887862,0
              174.919906,-36.887911,0
              174.920115,-36.887859,0
              174.920158,-36.887877,0
              174.920232,-36.887906,0
              174.920341,-36.887951,0
              174.920564,-36.888041,0
              174.920571,-36.888002,0
              174.920627,-36.887777,0
              174.920632,-36.887648,0
              174.920658,-36.887544,0
              174.920664,-36.887517,0
              174.920672,-36.887485,0
              174.920712,-36.887323,0
              174.920729,-36.887255,0
              174.920667,-36.887203,0
              174.920717,-36.887156,0
              174.920757,-36.886994,0
              174.920765,-36.886962,0
              174.920804,-36.886806,0
              174.920763,-36.886795,0
              174.920958,-36.886552,0
              174.92114,-36.886646,0
              174.9213,-36.88645,0
              174.921193,-36.886458,0
              174.920969,-36.886341,0
              174.921144,-36.886122,0
              174.920992,-36.886015,0
              174.920904,-36.885953,0
              174.920931,-36.88592,0
              174.920954,-36.885891,0
              174.921105,-36.885703,0
              174.921112,-36.885695,0
              174.921136,-36.885665,0
              174.920924,-36.885555,0
              174.92079,-36.885485,0
              174.920644,-36.88541,0
              174.920465,-36.885317,0
              174.920532,-36.885233,0
              174.920553,-36.885208,0
              174.920726,-36.884992,0
              174.920521,-36.884886,0
              174.920263,-36.884752,0
              174.920224,-36.884732,0
              174.919957,-36.884594,0
              174.919927,-36.884578,0
              174.919861,-36.884544,0
              174.919853,-36.884571,0
              174.919719,-36.885044,0
              174.919591,-36.885021,0
              174.919499,-36.885004,0
              174.919357,-36.885505,0
              174.917494,-36.884879,0
              174.916103,-36.884555,0
              174.915269,-36.88436,0
              174.914509,-36.883699,0
              174.913935,-36.882059,0
              174.913802,-36.881724,0
              174.913564,-36.881123,0
              174.91332,-36.880511,0
              174.913189,-36.880407,0
              174.91197,-36.87943,0
              174.911878,-36.879375,0
              174.911625,-36.879243,0
              174.911272,-36.87904,0
              174.911402,-36.878894,0
              174.9116,-36.878671,0
              174.911477,-36.878601,0
              174.911433,-36.878576,0
              174.911266,-36.87848,0
              174.911099,-36.878384,0
              174.911019,-36.878339,0
              174.910932,-36.878288,0
              174.910772,-36.878197,0
              174.910765,-36.878193,0
              174.910598,-36.878097,0
              174.910544,-36.878066,0
              174.910431,-36.878001,0
              174.910315,-36.877935,0
              174.910264,-36.877906,0
              174.910097,-36.87781,0
              174.910087,-36.877804,0
              174.90993,-36.877714,0
              174.909859,-36.877673,0
              174.909763,-36.877618,0
              174.909596,-36.877523,0
              174.909529,-36.877484,0
              174.909297,-36.877351,0
              174.909269,-36.877892,0
              174.909208,-36.877857,0
              174.90905,-36.877768,0
              174.909002,-36.877685,0
              174.909055,-36.877677,0
              174.909078,-36.877226,0
              174.909081,-36.877157,0
              174.909093,-36.876929,0
              174.909103,-36.876744,0
              174.909112,-36.876558,0
              174.908999,-36.8766,0
              174.908951,-36.876516,0
              174.908917,-36.876458,0
              174.908835,-36.876315,0
              174.908831,-36.876308,0
              174.908753,-36.876172,0
              174.908718,-36.876111,0
              174.908716,-36.876093,0
              174.908691,-36.87593,0
              174.908683,-36.875881,0
              174.908666,-36.875766,0
              174.908644,-36.87562,0
              174.908641,-36.875603,0
              174.908617,-36.87544,0
              174.908592,-36.875276,0
              174.908568,-36.875124,0
              174.908566,-36.875113,0
              174.908541,-36.874949,0
              174.908524,-36.874842,0
              174.908516,-36.874786,0
              174.908495,-36.87465,0
              174.90849,-36.874622,0
              174.908465,-36.874459,0
              174.90844,-36.874295,0
              174.908436,-36.874272,0
              174.908435,-36.874268,0
              174.908408,-36.874087,0
              174.908403,-36.874056,0
              174.908407,-36.874041,0
              174.908466,-36.87387,0
              174.908461,-36.873857,0
              174.908451,-36.873826,0
              174.90841,-36.873698,0
              174.908361,-36.873547,0
              174.908358,-36.873538,0
              174.908306,-36.873379,0
              174.908279,-36.873295,0
              174.908254,-36.873219,0
              174.908203,-36.87306,0
              174.908188,-36.873014,0
              174.908151,-36.8729,0
              174.908099,-36.872741,0
              174.908095,-36.872728,0
              174.908047,-36.872581,0
              174.908029,-36.872524,0
              174.908009,-36.872464,0
              174.907996,-36.872422,0
              174.907983,-36.872425,0
              174.907931,-36.872265,0
              174.907944,-36.872262,0
              174.907887,-36.872087,0
              174.907829,-36.871912,0
              174.907782,-36.871765,0
              174.907735,-36.871619,0
              174.90769,-36.871483,0
              174.907889,-36.871443,0
              174.908088,-36.871402,0
              174.90815,-36.871594,0
              174.908167,-36.87159,0
              174.908557,-36.871511,0
              174.908671,-36.871134,0
              174.90887,-36.871061,0
              174.909057,-36.870993,0
              174.909221,-36.870933,0
              174.909243,-36.870925,0
              174.909415,-36.870862,0
              174.909462,-36.870845,0
              174.909632,-36.870783,0
              174.909673,-36.870768,0
              174.909658,-36.870742,0
              174.909586,-36.870625,0
              174.909534,-36.870538,0
              174.909082,-36.870703,0
              174.90903,-36.870617,0
              174.908943,-36.870474,0
              174.908964,-36.870466,0
              174.909359,-36.870322,0
              174.909395,-36.870309,0
              174.909806,-36.870159,0
              174.910011,-36.870084,0
              174.910402,-36.869941,0
              174.910407,-36.869939,0
              174.910596,-36.86987,0
              174.910634,-36.869856,0
              174.91047,-36.869586,0
              174.910172,-36.869093,0
              174.909817,-36.868506,0
              174.909854,-36.868473,0
              174.910068,-36.868281,0
              174.910416,-36.868305,0
              174.9105,-36.868256,0
              174.910706,-36.868134,0
              174.910721,-36.868125,0
              174.910607,-36.867945,0
              174.910594,-36.867915,0
              174.910588,-36.867909,0
              174.910562,-36.867881,0
              174.910553,-36.867869,0
              174.910547,-36.867855,0
              174.910542,-36.867848,0
              174.910534,-36.867835,0
              174.91053,-36.86783,0
              174.91052,-36.867809,0
              174.910517,-36.867805,0
              174.910513,-36.867794,0
              174.910513,-36.867791,0
              174.91051,-36.867782,0
              174.91051,-36.86778,0
              174.910511,-36.867776,0
              174.91051,-36.867761,0
              174.910517,-36.867731,0
              174.910517,-36.867708,0
              174.91052,-36.867702,0
              174.910521,-36.867691,0
              174.910523,-36.867684,0
              174.910523,-36.867669,0
              174.910539,-36.867641,0
              174.910543,-36.867634,0
              174.910644,-36.867514,0
              174.910646,-36.867509,0
              174.910666,-36.867478,0
              174.910666,-36.867474,0
              174.91067,-36.867467,0
              174.91067,-36.867464,0
              174.910685,-36.86744,0
              174.910674,-36.867318,0
              174.910594,-36.867192,0
              174.91049,-36.867149,0
              174.910328,-36.867028,0
              174.910227,-36.866857,0
              174.910173,-36.866777,0
              174.910122,-36.866722,0
              174.910059,-36.866695,0
              174.909975,-36.866606,0
              174.909983,-36.866515,0
              174.910041,-36.866403,0
              174.909993,-36.866309,0
              174.909982,-36.866299,0
              174.909914,-36.866277,0
              174.909846,-36.866253,0
              174.909844,-36.866251,0
              174.909833,-36.866246,0
              174.909823,-36.86624,0
              174.909821,-36.866239,0
              174.909816,-36.866237,0
              174.909781,-36.866205,0
              174.909781,-36.866204,0
              174.90978,-36.866202,0
              174.909765,-36.86619,0
              174.909746,-36.866167,0
              174.909745,-36.866164,0
              174.909744,-36.866163,0
              174.909734,-36.866148,0
              174.909732,-36.866143,0
              174.909731,-36.866141,0
              174.909701,-36.866098,0
              174.909698,-36.866093,0
              174.909697,-36.866086,0
              174.909696,-36.866083,0
              174.909663,-36.86602,0
              174.909662,-36.866016,0
              174.909661,-36.866015,0
              174.90966,-36.866011,0
              174.909527,-36.865893,0
              174.909473,-36.865783,0
              174.909491,-36.865667,0
              174.909489,-36.865581,0
              174.909394,-36.865467,0
              174.909217,-36.865359,0
              174.909158,-36.865269,0
              174.909119,-36.865155,0
              174.909147,-36.865023,0
              174.909119,-36.864933,0
              174.90903,-36.864848,0
              174.908909,-36.864715,0
              174.908889,-36.86465,0
              174.908859,-36.864583,0
              174.908654,-36.864271,0
              174.908422,-36.864027,0
              174.908193,-36.863851,0
              174.907991,-36.863652,0
              174.907846,-36.863452,0
              174.907816,-36.863385,0
              174.907782,-36.86316,0
              174.907662,-36.862914,0
              174.907341,-36.86247,0
              174.907237,-36.862359,0
              174.907196,-36.862315,0
              174.90715,-36.862248,0
              174.907129,-36.862229,0
              174.907123,-36.86222,0
              174.907122,-36.862218,0
              174.907114,-36.862212,0
              174.907095,-36.86219,0
              174.907094,-36.862189,0
              174.907089,-36.862185,0
              174.907034,-36.862119,0
              174.907034,-36.862118,0
              174.90699,-36.862071,0
              174.906949,-36.862011,0
              174.906948,-36.862009,0
              174.906943,-36.862002,0
              174.906942,-36.861999,0
              174.906942,-36.861998,0
              174.906923,-36.861967,0
              174.906923,-36.861965,0
              174.906917,-36.86196,0
              174.906915,-36.861955,0
              174.906914,-36.861953,0
              174.906897,-36.861935,0
              174.906841,-36.861825,0
              174.906839,-36.861819,0
              174.906838,-36.861817,0
              174.906822,-36.861789,0
              174.90682,-36.861782,0
              174.906819,-36.861781,0
              174.906806,-36.861753,0
              174.906712,-36.861617,0
              174.906654,-36.861555,0
              174.906652,-36.861554,0
              174.906609,-36.861524,0
              174.906553,-36.861476,0
              174.906552,-36.861474,0
              174.906551,-36.861473,0
              174.906539,-36.86146,0
              174.906534,-36.861453,0
              174.906533,-36.861452,0
              174.906519,-36.861435,0
              174.906519,-36.861433,0
              174.906511,-36.861424,0
              174.906511,-36.861422,0
              174.906493,-36.861389,0
              174.906493,-36.861388,0
              174.906493,-36.861386,0
              174.906484,-36.861365,0
              174.906484,-36.861363,0
              174.906483,-36.86136,0
              174.906479,-36.861351,0
              174.906478,-36.861346,0
              174.906477,-36.861343,0
              174.906476,-36.861341,0
              174.906476,-36.861339,0
              174.906473,-36.861335,0
              174.906471,-36.861327,0
              174.906467,-36.861309,0
              174.906467,-36.861307,0
              174.906421,-36.861202,0
              174.90642,-36.861201,0
              174.906345,-36.861098,0
              174.906335,-36.861085,0
              174.906331,-36.861078,0
              174.90633,-36.861077,0
              174.906208,-36.860925,0
              174.906198,-36.860912,0
              174.90617,-36.860876,0
              174.906168,-36.860872,0
              174.906167,-36.86087,0
              174.90616,-36.860862,0
              174.90616,-36.86086,0
              174.906151,-36.860849,0
              174.906134,-36.860819,0
              174.906133,-36.860818,0
              174.906112,-36.860794,0
              174.906105,-36.860783,0
              174.906064,-36.860732,0
              174.906063,-36.860725,0
              174.906056,-36.86072,0
              174.905988,-36.860631,0
              174.905988,-36.860629,0
              174.905941,-36.860574,0
              174.905926,-36.86055,0
              174.905816,-36.860404,0
              174.905815,-36.860402,0
              174.905814,-36.8604,0
              174.905809,-36.860393,0
              174.905806,-36.860387,0
              174.905806,-36.860386,0
              174.905767,-36.860323,0
              174.905705,-36.860143,0
              174.905704,-36.860142,0
              174.9057,-36.860134,0
              174.905686,-36.860089,0
              174.905686,-36.860088,0
              174.905677,-36.860065,0
              174.905677,-36.860064,0
              174.905677,-36.860062,0
              174.905676,-36.860059,0
              174.905533,-36.85986,0
              174.905516,-36.859845,0
              174.905504,-36.859838,0
              174.905502,-36.859836,0
              174.905499,-36.859835,0
              174.905488,-36.859828,0
              174.905481,-36.859822,0
              174.905466,-36.859806,0
              174.905458,-36.859799,0
              174.905447,-36.859792,0
              174.905442,-36.859787,0
              174.90544,-36.859785,0
              174.905427,-36.859774,0
              174.905424,-36.85977,0
              174.905407,-36.859755,0
              174.905405,-36.85975,0
              174.905406,-36.859748,0
              174.905404,-36.859744,0
              174.905403,-36.859742,0
              174.905403,-36.85974,0
              174.905359,-36.859699,0
              174.905279,-36.859536,0
              174.905152,-36.859357,0
              174.904877,-36.858817,0
              174.904861,-36.858819,0
              174.90486,-36.858815,0
              174.904859,-36.85881,0
              174.904858,-36.858807,0
              174.904858,-36.858804,0
              174.904854,-36.858793,0
              174.904854,-36.85879,0
              174.904852,-36.858789,0
              174.904852,-36.858787,0
              174.90485,-36.858784,0
              174.904847,-36.858775,0
              174.904845,-36.858772,0
              174.904842,-36.858766,0
              174.904841,-36.858763,0
              174.904838,-36.858752,0
              174.904837,-36.858749,0
              174.904836,-36.858743,0
              174.904833,-36.858731,0
              174.904833,-36.858723,0
              174.904825,-36.858703,0
              174.904821,-36.858689,0
              174.904819,-36.858662,0
              174.904817,-36.858656,0
              174.904817,-36.858644,0
              174.904816,-36.858622,0
              174.904818,-36.858613,0
              174.904821,-36.858591,0
              174.90482,-36.858585,0
              174.904821,-36.858565,0
              174.904823,-36.858556,0
              174.904824,-36.85855,0
              174.904825,-36.858543,0
              174.904828,-36.858525,0
              174.904829,-36.858515,0
              174.904828,-36.85851,0
              174.904828,-36.858507,0
              174.904827,-36.858503,0
              174.904834,-36.858474,0
              174.904836,-36.85847,0
              174.904838,-36.858464,0
              174.904849,-36.858442,0
              174.904851,-36.858439,0
              174.904867,-36.858412,0
              174.904875,-36.858396,0
              174.904891,-36.858378,0
              174.904893,-36.858374,0
              174.904895,-36.858372,0
              174.904897,-36.858368,0
              174.904899,-36.858367,0
              174.904902,-36.858361,0
              174.904925,-36.858339,0
              174.904939,-36.858323,0
              174.904949,-36.858313,0
              174.904961,-36.858295,0
              174.904973,-36.858282,0
              174.90498,-36.858273,0
              174.904982,-36.858269,0
              174.904983,-36.858258,0
              174.904993,-36.858228,0
              174.904998,-36.858223,0
              174.905002,-36.858219,0
              174.905004,-36.858216,0
              174.905007,-36.858214,0
              174.905014,-36.858211,0
              174.905029,-36.858203,0
              174.905034,-36.858202,0
              174.90504,-36.858201,0
              174.905051,-36.858201,0
              174.905056,-36.858202,0
              174.905061,-36.858202,0
              174.905066,-36.858203,0
              174.905068,-36.858204,0
              174.905073,-36.858205,0
              174.90508,-36.858207,0
              174.905086,-36.858207,0
              174.90509,-36.858207,0
              174.905099,-36.858211,0
              174.905105,-36.858213,0
              174.905106,-36.858213,0
              174.90512,-36.858213,0
              174.90513,-36.858211,0
              174.905419,-36.857976,0
              174.905607,-36.857724,0
              174.905659,-36.857565,0
              174.905849,-36.857359,0
              174.905848,-36.857314,0
              174.905674,-36.857017,0
              174.905666,-36.857009,0
              174.905664,-36.857008,0
              174.905661,-36.857,0
              174.905657,-36.856994,0
              174.905653,-36.85699,0
              174.905642,-36.856977,0
              174.905632,-36.856962,0
              174.905619,-36.856931,0
              174.905616,-36.856923,0
              174.905614,-36.85692,0
              174.905607,-36.856887,0
              174.905608,-36.856875,0
              174.905607,-36.856872,0
              174.905608,-36.856866,0
              174.905608,-36.85686,0
              174.905611,-36.856849,0
              174.905597,-36.856372,0
              174.905651,-36.856303,0
              174.905647,-36.856145,0
              174.905589,-36.856079,0
              174.90558,-36.856042,0
              174.905619,-36.855942,0
              174.905616,-36.85593,0
              174.905618,-36.855919,0
              174.905623,-36.855911,0
              174.905624,-36.855908,0
              174.905627,-36.855903,0
              174.905631,-36.855899,0
              174.905637,-36.855892,0
              174.905665,-36.855785,0
              174.905775,-36.855738,0
              174.905856,-36.855623,0
              174.905879,-36.855465,0
              174.906016,-36.85535,0
              174.906062,-36.855293,0
              174.906057,-36.855289,0
              174.906043,-36.855275,0
              174.906031,-36.855267,0
              174.906028,-36.855264,0
              174.906017,-36.855254,0
              174.906008,-36.855249,0
              174.906,-36.855243,0
              174.905998,-36.855241,0
              174.90597,-36.855222,0
              174.905961,-36.855219,0
              174.905953,-36.855214,0
              174.90595,-36.855212,0
              174.905936,-36.855206,0
              174.90593,-36.855204,0
              174.905915,-36.855197,0
              174.905908,-36.855193,0
              174.905901,-36.855186,0
              174.905892,-36.855179,0
              174.905848,-36.855156,0
              174.905843,-36.855155,0
              174.90584,-36.855154,0
              174.905824,-36.85515,0
              174.90582,-36.855149,0
              174.905815,-36.855145,0
              174.905795,-36.855134,0
              174.905792,-36.855131,0
              174.905784,-36.855127,0
              174.905767,-36.855119,0
              174.905758,-36.855116,0
              174.90574,-36.855104,0
              174.905728,-36.855093,0
              174.905726,-36.855092,0
              174.905724,-36.85509,0
              174.905714,-36.855072,0
              174.905711,-36.855059,0
              174.905705,-36.85504,0
              174.905703,-36.855029,0
              174.905699,-36.855006,0
              174.905695,-36.854994,0
              174.905695,-36.854992,0
              174.905692,-36.854988,0
              174.905692,-36.854979,0
              174.905687,-36.854964,0
              174.905684,-36.854958,0
              174.905683,-36.854956,0
              174.905679,-36.854944,0
              174.905677,-36.854931,0
              174.905676,-36.854928,0
              174.905667,-36.854916,0
              174.905665,-36.854913,0
              174.905661,-36.854905,0
              174.905657,-36.854898,0
              174.905653,-36.85489,0
              174.905652,-36.854886,0
              174.905652,-36.854884,0
              174.90565,-36.854881,0
              174.90565,-36.854877,0
              174.905642,-36.85485,0
              174.905642,-36.854844,0
              174.905641,-36.85484,0
              174.905641,-36.854836,0
              174.90564,-36.854827,0
              174.905639,-36.854825,0
              174.905637,-36.854811,0
              174.905632,-36.854794,0
              174.905579,-36.85475,0
              174.905491,-36.854616,0
              174.905408,-36.854353,0
              174.905403,-36.854345,0
              174.9054,-36.854343,0
              174.905389,-36.854328,0
              174.905387,-36.854322,0
              174.905384,-36.854318,0
              174.905384,-36.854317,0
              174.905381,-36.854313,0
              174.905361,-36.854285,0
              174.905352,-36.854274,0
              174.905345,-36.854264,0
              174.905339,-36.854257,0
              174.905338,-36.854254,0
              174.905334,-36.854249,0
              174.905331,-36.854246,0
              174.905328,-36.854243,0
              174.905325,-36.854238,0
              174.905322,-36.854235,0
              174.90532,-36.854233,0
              174.905314,-36.854223,0
              174.90531,-36.854218,0
              174.905307,-36.854213,0
              174.905281,-36.854188,0
              174.905279,-36.854185,0
              174.905276,-36.854183,0
              174.90527,-36.854175,0
              174.905267,-36.854173,0
              174.905255,-36.854165,0
              174.905248,-36.854153,0
              174.90524,-36.85414,0
              174.90522,-36.854123,0
              174.905219,-36.85412,0
              174.905218,-36.854117,0
              174.905216,-36.854112,0
              174.905212,-36.854104,0
              174.905211,-36.854101,0
              174.905204,-36.854087,0
              174.905203,-36.854075,0
              174.905202,-36.854073,0
              174.9052,-36.854062,0
              174.905198,-36.854031,0
              174.905202,-36.853986,0
              174.905204,-36.853979,0
              174.905203,-36.853966,0
              174.905204,-36.853887,0
              174.905205,-36.853885,0
              174.905204,-36.853877,0
              174.905203,-36.853873,0
              174.9052,-36.853864,0
              174.905184,-36.853846,0
              174.905179,-36.853839,0
              174.905166,-36.853823,0
              174.905164,-36.853821,0
              174.905159,-36.853816,0
              174.905152,-36.853806,0
              174.90515,-36.853803,0
              174.905147,-36.8538,0
              174.905119,-36.853769,0
              174.905106,-36.853751,0
              174.905102,-36.853748,0
              174.905093,-36.85373,0
              174.905095,-36.853712,0
              174.905098,-36.8537,0
              174.905101,-36.853694,0
              174.905105,-36.853691,0
              174.905116,-36.853673,0
              174.90513,-36.853654,0
              174.905134,-36.853651,0
              174.905141,-36.853643,0
              174.905154,-36.853631,0
              174.905124,-36.853564,0
              174.90495,-36.853342,0
              174.904975,-36.853216,0
              174.904976,-36.853201,0
              174.904978,-36.853195,0
              174.904981,-36.85319,0
              174.905024,-36.85298,0
              174.90502,-36.852848,0
              174.905011,-36.852839,0
              174.905006,-36.852823,0
              174.905004,-36.852803,0
              174.905006,-36.852791,0
              174.905007,-36.852789,0
              174.905008,-36.852785,0
              174.90501,-36.852782,0
              174.904967,-36.852498,0
              174.904966,-36.852498,0
              174.904961,-36.852495,0
              174.904961,-36.852494,0
              174.904954,-36.85249,0
              174.90495,-36.852485,0
              174.904948,-36.852481,0
              174.904948,-36.852475,0
              174.904954,-36.852455,0
              174.904959,-36.85245,0
              174.904951,-36.852396,0
              174.904909,-36.852231,0
              174.904885,-36.852229,0
              174.904866,-36.852226,0
              174.904854,-36.852221,0
              174.904849,-36.852219,0
              174.904846,-36.852217,0
              174.904841,-36.852213,0
              174.904839,-36.852211,0
              174.904838,-36.852203,0
              174.90484,-36.852172,0
              174.904845,-36.852156,0
              174.904845,-36.852153,0
              174.904846,-36.852149,0
              174.904848,-36.852146,0
              174.90485,-36.852141,0
              174.904858,-36.852122,0
              174.904863,-36.852115,0
              174.904868,-36.852106,0
              174.904726,-36.8518,0
              174.904715,-36.8518,0
              174.904713,-36.851801,0
              174.904708,-36.851799,0
              174.904685,-36.851799,0
              174.904682,-36.851798,0
              174.904678,-36.851798,0
              174.904663,-36.851798,0
              174.904647,-36.851799,0
              174.904643,-36.851798,0
              174.904628,-36.851799,0
              174.904606,-36.851796,0
              174.904603,-36.851797,0
              174.904601,-36.851798,0
              174.904597,-36.851794,0
              174.904595,-36.851795,0
              174.904587,-36.851794,0
              174.904506,-36.851795,0
              174.904499,-36.851794,0
              174.904496,-36.851793,0
              174.904481,-36.85179,0
              174.904478,-36.851789,0
              174.904462,-36.851778,0
              174.90446,-36.851776,0
              174.904457,-36.851774,0
              174.904453,-36.85177,0
              174.90445,-36.851766,0
              174.904445,-36.85176,0
              174.904442,-36.851757,0
              174.904435,-36.851751,0
              174.904426,-36.851739,0
              174.90442,-36.851729,0
              174.90442,-36.851727,0
              174.904411,-36.851709,0
              174.904408,-36.851704,0
              174.904402,-36.851695,0
              174.904397,-36.85168,0
              174.904389,-36.851662,0
              174.904389,-36.851659,0
              174.904386,-36.851653,0
              174.904384,-36.851643,0
              174.904381,-36.851638,0
              174.904379,-36.851633,0
              174.904376,-36.851619,0
              174.904375,-36.851617,0
              174.90437,-36.851601,0
              174.90437,-36.851587,0
              174.904369,-36.851581,0
              174.904367,-36.851579,0
              174.904365,-36.851568,0
              174.904361,-36.851552,0
              174.90436,-36.851543,0
              174.904358,-36.851536,0
              174.904356,-36.851534,0
              174.904343,-36.851484,0
              174.904342,-36.851481,0
              174.904334,-36.851459,0
              174.904331,-36.851449,0
              174.904326,-36.851437,0
              174.904324,-36.851433,0
              174.904314,-36.851409,0
              174.904297,-36.851379,0
              174.904294,-36.851372,0
              174.904293,-36.85137,0
              174.90429,-36.851358,0
              174.904279,-36.851337,0
              174.904276,-36.851335,0
              174.904274,-36.851331,0
              174.904263,-36.851311,0
              174.904259,-36.851296,0
              174.904255,-36.851289,0
              174.90425,-36.851271,0
              174.904242,-36.85125,0
              174.904234,-36.851236,0
              174.904233,-36.851233,0
              174.904231,-36.851229,0
              174.904228,-36.851227,0
              174.90422,-36.851215,0
              174.904216,-36.851211,0
              174.904213,-36.851206,0
              174.904212,-36.851202,0
              174.904209,-36.851199,0
              174.904203,-36.85119,0
              174.904197,-36.851184,0
              174.904196,-36.851182,0
              174.904193,-36.85118,0
              174.904191,-36.851173,0
              174.904181,-36.851158,0
              174.904178,-36.851155,0
              174.904173,-36.851146,0
              174.904169,-36.851141,0
              174.90416,-36.851127,0
              174.904154,-36.851113,0
              174.904153,-36.851109,0
              174.904152,-36.851105,0
              174.904147,-36.851094,0
              174.904145,-36.85109,0
              174.904143,-36.851087,0
              174.904143,-36.851084,0
              174.90414,-36.85108,0
              174.904139,-36.851077,0
              174.904134,-36.851061,0
              174.904133,-36.851057,0
              174.904131,-36.851053,0
              174.904131,-36.851051,0
              174.904041,-36.850947,0
              174.904009,-36.850812,0
              174.903979,-36.850745,0
              174.903774,-36.850456,0
              174.90376,-36.850404,0
              174.90375,-36.850389,0
              174.90375,-36.850367,0
              174.903675,-36.850088,0
              174.90372,-36.84999,0
              174.903822,-36.849913,0
              174.903855,-36.849822,0
              174.903861,-36.849803,0
              174.90387,-36.84977,0
              174.903818,-36.849777,0
              174.903671,-36.849782,0
              174.90364,-36.849776,0
              174.90362,-36.849765,0
              174.903568,-36.849701,0
              174.903549,-36.849644,0
              174.903552,-36.849624,0
              174.903572,-36.84959,0
              174.903575,-36.849562,0
              174.903577,-36.849553,0
              174.903568,-36.849358,0
              174.903453,-36.849171,0
              174.903381,-36.849051,0
              174.903343,-36.849007,0
              174.903232,-36.848912,0
              174.903208,-36.848892,0
              174.90318,-36.848846,0
              174.903176,-36.848833,0
              174.903138,-36.848762,0
              174.903114,-36.848669,0
              174.90309,-36.848635,0
              174.903044,-36.848612,0
              174.903032,-36.84861,0
              174.902986,-36.848578,0
              174.902895,-36.848413,0
              174.902873,-36.848389,0
              174.902801,-36.848332,0
              174.902718,-36.848248,0
              174.902689,-36.848235,0
              174.902661,-36.848216,0
              174.902634,-36.848187,0
              174.90263,-36.848174,0
              174.902589,-36.848093,0
              174.902526,-36.848046,0
              174.902334,-36.847869,0
              174.902267,-36.847623,0
              174.9022,-36.847352,0
              174.902227,-36.847307,0
              174.902336,-36.847215,0
              174.902336,-36.847192,0
              174.902131,-36.847019,0
              174.902038,-36.846914,0
              174.902016,-36.846903,0
              174.901878,-36.846792,0
              174.901849,-36.846764,0
              174.901836,-36.846754,0
              174.901795,-36.846716,0
              174.901795,-36.846708,0
              174.901756,-36.846641,0
              174.901752,-36.84663,0
              174.901746,-36.846622,0
              174.90174,-36.846604,0
              174.901692,-36.846542,0
              174.90168,-36.846516,0
              174.901642,-36.846483,0
              174.901583,-36.846452,0
              174.901556,-36.846452,0
              174.901542,-36.846455,0
              174.901531,-36.846455,0
              174.901453,-36.84648,0
              174.9014,-36.846522,0
              174.901389,-36.846524,0
              174.90136,-36.846518,0
              174.901322,-36.84649,0
              174.901305,-36.846451,0
              174.901292,-36.846438,0
              174.901273,-36.846409,0
              174.90126,-36.8464,0
              174.901251,-36.846389,0
              174.901227,-36.846375,0
              174.901209,-36.84637,0
              174.901186,-36.846374,0
              174.901166,-36.846376,0
              174.901134,-36.846395,0
              174.901105,-36.846439,0
              174.901077,-36.846466,0
              174.901013,-36.846493,0
              174.901007,-36.8465,0
              174.900988,-36.846509,0
              174.900951,-36.846533,0
              174.900939,-36.84656,0
              174.900918,-36.846579,0
              174.900882,-36.8466,0
              174.900863,-36.846605,0
              174.900798,-36.846611,0
              174.900753,-36.846604,0
              174.900709,-36.846584,0
              174.900651,-36.846573,0
              174.900626,-36.846574,0
              174.90056,-36.846586,0
              174.90047,-36.846647,0
              174.900452,-36.846655,0
              174.900442,-36.846663,0
              174.900444,-36.8467,0
              174.900446,-36.846713,0
              174.900523,-36.846857,0
              174.900526,-36.846861,0
              174.900603,-36.84692,0
              174.90062,-36.846941,0
              174.900706,-36.847011,0
              174.900712,-36.84702,0
              174.900723,-36.847026,0
              174.900743,-36.847048,0
              174.900791,-36.84723,0
              174.900781,-36.847246,0
              174.900779,-36.847266,0
              174.900716,-36.84738,0
              174.900672,-36.847418,0
              174.900639,-36.847456,0
              174.900505,-36.847763,0
              174.900488,-36.847813,0
              174.900438,-36.847899,0
              174.900412,-36.847925,0
              174.900378,-36.847944,0
              174.900362,-36.847949,0
              174.900309,-36.847975,0
              174.900184,-36.848095,0
              174.900179,-36.848104,0
              174.900142,-36.848137,0
              174.90008,-36.848226,0
              174.90005,-36.848319,0
              174.900054,-36.848353,0
              174.900085,-36.84841,0
              174.90009,-36.848419,0
              174.900098,-36.848429,0
              174.900143,-36.848507,0
              174.900193,-36.848575,0
              174.900199,-36.84859,0
              174.900205,-36.848597,0
              174.900205,-36.848608,0
              174.900254,-36.848699,0
              174.900268,-36.848754,0
              174.900276,-36.848777,0
              174.900276,-36.848786,0
              174.900292,-36.848836,0
              174.900293,-36.848866,0
              174.900332,-36.848921,0
              174.900334,-36.848929,0
              174.900362,-36.84896,0
              174.900381,-36.848996,0
              174.900382,-36.849036,0
              174.900367,-36.849095,0
              174.900357,-36.849178,0
              174.900355,-36.849196,0
              174.900343,-36.849212,0
              174.900118,-36.849393,0
              174.900071,-36.849466,0
              174.90007,-36.84948,0
              174.900065,-36.849495,0
              174.900032,-36.849535,0
              174.900007,-36.849553,0
              174.899982,-36.849563,0
              174.899938,-36.849585,0
              174.899929,-36.849594,0
              174.899856,-36.849638,0
              174.899835,-36.849659,0
              174.899802,-36.8497,0
              174.89977,-36.849771,0
              174.899739,-36.84981,0
              174.899716,-36.849898,0
              174.899676,-36.849962,0
              174.899634,-36.850066,0
              174.899634,-36.850084,0
              174.899629,-36.850096,0
              174.899628,-36.850114,0
              174.899625,-36.850123,0
              174.899636,-36.850281,0
              174.899655,-36.850312,0
              174.89966,-36.850359,0
              174.89965,-36.850458,0
              174.899659,-36.850485,0
              174.899658,-36.850492,0
              174.899665,-36.850503,0
              174.899673,-36.850533,0
              174.899662,-36.850597,0
              174.899647,-36.850628,0
              174.899631,-36.850649,0
              174.899621,-36.850665,0
              174.899615,-36.850699,0
              174.899626,-36.850777,0
              174.899624,-36.850788,0
              174.899619,-36.850795,0
              174.899613,-36.850825,0
              174.899613,-36.850846,0
              174.899612,-36.850853,0
              174.899611,-36.85102,0
              174.899612,-36.851025,0
              174.899613,-36.851039,0
              174.899614,-36.851044,0
              174.899614,-36.851052,0
              174.899613,-36.851058,0
              174.899613,-36.851062,0
              174.899603,-36.851106,0
              174.899598,-36.851175,0
              174.899596,-36.851183,0
              174.899597,-36.8512,0
              174.8996,-36.851213,0
              174.8996,-36.851216,0
              174.899601,-36.851224,0
              174.899601,-36.851249,0
              174.899602,-36.851252,0
              174.899603,-36.851257,0
              174.899604,-36.85126,0
              174.899606,-36.851272,0
              174.899609,-36.851278,0
              174.899611,-36.85129,0
              174.899619,-36.851311,0
              174.899622,-36.851317,0
              174.899624,-36.851333,0
              174.899626,-36.85137,0
              174.899625,-36.851372,0
              174.899627,-36.851412,0
              174.899627,-36.851419,0
              174.899628,-36.851452,0
              174.899627,-36.851455,0
              174.899626,-36.851466,0
              174.899631,-36.851487,0
              174.899631,-36.851522,0
              174.899629,-36.851527,0
              174.899622,-36.85154,0
              174.899617,-36.851553,0
              174.899604,-36.851574,0
              174.899596,-36.851598,0
              174.899594,-36.851601,0
              174.899592,-36.851605,0
              174.899588,-36.851611,0
              174.899584,-36.851624,0
              174.899581,-36.851628,0
              174.899579,-36.851634,0
              174.899568,-36.851653,0
              174.899567,-36.851655,0
              174.899563,-36.851662,0
              174.899558,-36.851669,0
              174.899557,-36.851672,0
              174.899544,-36.851688,0
              174.899529,-36.851714,0
              174.899521,-36.851742,0
              174.899531,-36.852113,0
              174.899538,-36.852126,0
              174.899543,-36.85214,0
              174.899544,-36.852194,0
              174.899548,-36.852225,0
              174.899548,-36.852228,0
              174.899555,-36.852252,0
              174.899557,-36.852257,0
              174.899557,-36.852259,0
              174.899559,-36.852262,0
              174.899559,-36.852265,0
              174.899561,-36.852267,0
              174.899563,-36.852275,0
              174.899564,-36.852278,0
              174.899566,-36.852289,0
              174.899565,-36.852313,0
              174.899565,-36.852317,0
              174.899566,-36.852338,0
              174.899568,-36.852347,0
              174.899569,-36.852378,0
              174.899569,-36.85238,0
              174.899569,-36.852394,0
              174.899573,-36.852421,0
              174.899575,-36.852429,0
              174.899576,-36.852437,0
              174.899575,-36.852447,0
              174.899573,-36.852456,0
              174.899573,-36.852463,0
              174.899571,-36.85248,0
              174.89957,-36.852499,0
              174.899567,-36.852509,0
              174.899567,-36.852511,0
              174.899564,-36.852525,0
              174.899563,-36.852554,0
              174.899563,-36.852556,0
              174.899563,-36.852569,0
              174.899561,-36.852582,0
              174.89956,-36.852623,0
              174.899559,-36.852629,0
              174.899558,-36.852636,0
              174.899559,-36.85264,0
              174.89955,-36.852674,0
              174.899547,-36.852684,0
              174.899547,-36.852686,0
              174.899545,-36.852689,0
              174.899545,-36.852691,0
              174.899545,-36.852693,0
              174.899541,-36.852707,0
              174.899539,-36.852718,0
              174.899528,-36.852748,0
              174.899523,-36.852771,0
              174.899521,-36.852775,0
              174.89952,-36.852783,0
              174.899519,-36.852793,0
              174.899506,-36.852854,0
              174.899506,-36.85287,0
              174.899506,-36.852882,0
              174.899505,-36.852884,0
              174.899504,-36.852904,0
              174.899502,-36.85291,0
              174.899499,-36.852925,0
              174.899496,-36.852939,0
              174.899495,-36.852942,0
              174.899494,-36.852946,0
              174.899494,-36.852949,0
              174.89949,-36.852963,0
              174.89949,-36.852971,0
              174.899492,-36.852978,0
              174.899493,-36.852981,0
              174.899495,-36.852993,0
              174.899494,-36.853,0
              174.899495,-36.853003,0
              174.899498,-36.853023,0
              174.8995,-36.853024,0
              174.899507,-36.853038,0
              174.899508,-36.853041,0
              174.899515,-36.853055,0
              174.899522,-36.853079,0
              174.899524,-36.853083,0
              174.899537,-36.853102,0
              174.899543,-36.85311,0
              174.899552,-36.853127,0
              174.899555,-36.853133,0
              174.899574,-36.853158,0
              174.899586,-36.853169,0
              174.899587,-36.853171,0
              174.89959,-36.853173,0
              174.899607,-36.853197,0
              174.89963,-36.853239,0
              174.899634,-36.853244,0
              174.899639,-36.853258,0
              174.899642,-36.853262,0
              174.899649,-36.853277,0
              174.899659,-36.853293,0
              174.899664,-36.853303,0
              174.899676,-36.853323,0
              174.899681,-36.853343,0
              174.899682,-36.853347,0
              174.899687,-36.853359,0
              174.899688,-36.853365,0
              174.89969,-36.853369,0
              174.899692,-36.853376,0
              174.899701,-36.853398,0
              174.899707,-36.853424,0
              174.899707,-36.853427,0
              174.899711,-36.853439,0
              174.899712,-36.853451,0
              174.899713,-36.853453,0
              174.899716,-36.85346,0
              174.899725,-36.853525,0
              174.899724,-36.853559,0
              174.899725,-36.853624,0
              174.899732,-36.853656,0
              174.899733,-36.853657,0
              174.899734,-36.853674,0
              174.899738,-36.853694,0
              174.89974,-36.853724,0
              174.899744,-36.853745,0
              174.899752,-36.853771,0
              174.899752,-36.853772,0
              174.899754,-36.853785,0
              174.899755,-36.853787,0
              174.899755,-36.853788,0
              174.899758,-36.853795,0
              174.899777,-36.853849,0
              174.899786,-36.853867,0
              174.899791,-36.853872,0
              174.899793,-36.853873,0
              174.899796,-36.853876,0
              174.899803,-36.853886,0
              174.899807,-36.853892,0
              174.899809,-36.853911,0
              174.899814,-36.853924,0
              174.899816,-36.853932,0
              174.899839,-36.853968,0
              174.899842,-36.853972,0
              174.899871,-36.854012,0
              174.899873,-36.854016,0
              174.899879,-36.854027,0
              174.899881,-36.854029,0
              174.899881,-36.85403,0
              174.899884,-36.854034,0
              174.899886,-36.854039,0
              174.899911,-36.854082,0
              174.899913,-36.854087,0
              174.899915,-36.854091,0
              174.899917,-36.854095,0
              174.899921,-36.854103,0
              174.899928,-36.854113,0
              174.89993,-36.854116,0
              174.899932,-36.854118,0
              174.899936,-36.854126,0
              174.899937,-36.854128,0
              174.899939,-36.854131,0
              174.899943,-36.854136,0
              174.899944,-36.854139,0
              174.899954,-36.854151,0
              174.899956,-36.854156,0
              174.89997,-36.854177,0
              174.899973,-36.854179,0
              174.899981,-36.854191,0
              174.899985,-36.854196,0
              174.899986,-36.854198,0
              174.899988,-36.854201,0
              174.899993,-36.854205,0
              174.899995,-36.854208,0
              174.899997,-36.854209,0
              174.900014,-36.854229,0
              174.900015,-36.854233,0
              174.900021,-36.854241,0
              174.900023,-36.854244,0
              174.900047,-36.854276,0
              174.900048,-36.85428,0
              174.900061,-36.854299,0
              174.900066,-36.854309,0
              174.900069,-36.854312,0
              174.900071,-36.854315,0
              174.900082,-36.85433,0
              174.900085,-36.854337,0
              174.900102,-36.85436,0
              174.900103,-36.854364,0
              174.900106,-36.854369,0
              174.900111,-36.854374,0
              174.90012,-36.854387,0
              174.900127,-36.8544,0
              174.900128,-36.854404,0
              174.900129,-36.854406,0
              174.900132,-36.85442,0
              174.90014,-36.854444,0
              174.900142,-36.854446,0
              174.900144,-36.854455,0
              174.900147,-36.854461,0
              174.90015,-36.854471,0
              174.900152,-36.854475,0
              174.900152,-36.854482,0
              174.900153,-36.854485,0
              174.900154,-36.854491,0
              174.900165,-36.854526,0
              174.900166,-36.854528,0
              174.90017,-36.854538,0
              174.900176,-36.854551,0
              174.90019,-36.854608,0
              174.90019,-36.854618,0
              174.900189,-36.854622,0
              174.900188,-36.85464,0
              174.900189,-36.854649,0
              174.900189,-36.854658,0
              174.900191,-36.85468,0
              174.90019,-36.854686,0
              174.900316,-36.855071,0
              174.90032,-36.855206,0
              174.900219,-36.855585,0
              174.900224,-36.855594,0
              174.900224,-36.855596,0
              174.900226,-36.855598,0
              174.900231,-36.855608,0
              174.90024,-36.855627,0
              174.900253,-36.855652,0
              174.900255,-36.855654,0
              174.900256,-36.855656,0
              174.90026,-36.855661,0
              174.900266,-36.855666,0
              174.900273,-36.855676,0
              174.90028,-36.855693,0
              174.900283,-36.855704,0
              174.900288,-36.855708,0
              174.900298,-36.855726,0
              174.9003,-36.855732,0
              174.900302,-36.855734,0
              174.900302,-36.855738,0
              174.900305,-36.855745,0
              174.900313,-36.855754,0
              174.900315,-36.855757,0
              174.90032,-36.85577,0
              174.900324,-36.855787,0
              174.900326,-36.85579,0
              174.900333,-36.855804,0
              174.900334,-36.855806,0
              174.900335,-36.855809,0
              174.900337,-36.855814,0
              174.900338,-36.85582,0
              174.90034,-36.855824,0
              174.900347,-36.855844,0
              174.900351,-36.855852,0
              174.900356,-36.855873,0
              174.900356,-36.855875,0
              174.900358,-36.855881,0
              174.900361,-36.855887,0
              174.900361,-36.85589,0
              174.900374,-36.855916,0
              174.900376,-36.855927,0
              174.900379,-36.855931,0
              174.900379,-36.855937,0
              174.90038,-36.855942,0
              174.900382,-36.855959,0
              174.900383,-36.855965,0
              174.900386,-36.85597,0
              174.900387,-36.855978,0
              174.900387,-36.855981,0
              174.900392,-36.856006,0
              174.900394,-36.856027,0
              174.900396,-36.856034,0
              174.900396,-36.856036,0
              174.900398,-36.85604,0
              174.900401,-36.856073,0
              174.900411,-36.856097,0
              174.900412,-36.8561,0
              174.900421,-36.856117,0
              174.900423,-36.856122,0
              174.900423,-36.856126,0
              174.900425,-36.85613,0
              174.900426,-36.856149,0
              174.90043,-36.856164,0
              174.900431,-36.856197,0
              174.900431,-36.8562,0
              174.900431,-36.856218,0
              174.900426,-36.856241,0
              174.900426,-36.856248,0
              174.900425,-36.856251,0
              174.900425,-36.85626,0
              174.900424,-36.856261,0
              174.900422,-36.85627,0
              174.900423,-36.856274,0
              174.900421,-36.856307,0
              174.90042,-36.856309,0
              174.900413,-36.856319,0
              174.900406,-36.856332,0
              174.900404,-36.856341,0
              174.900401,-36.856356,0
              174.900396,-36.856365,0
              174.900395,-36.856369,0
              174.900389,-36.856381,0
              174.900389,-36.856384,0
              174.900383,-36.8564,0
              174.90038,-36.856405,0
              174.900377,-36.856409,0
              174.900373,-36.856417,0
              174.900364,-36.856437,0
              174.900359,-36.856446,0
              174.900356,-36.856454,0
              174.900356,-36.856455,0
              174.900351,-36.856471,0
              174.900346,-36.856479,0
              174.900344,-36.85648,0
              174.900339,-36.856488,0
              174.900335,-36.856513,0
              174.900333,-36.856515,0
              174.900331,-36.85653,0
              174.900331,-36.856561,0
              174.900331,-36.856565,0
              174.90033,-36.856588,0
              174.900327,-36.856597,0
              174.900327,-36.856611,0
              174.900326,-36.856614,0
              174.900324,-36.85662,0
              174.900325,-36.85663,0
              174.900327,-36.856659,0
              174.900329,-36.856676,0
              174.900326,-36.85674,0
              174.900323,-36.856753,0
              174.90032,-36.856758,0
              174.900313,-36.856768,0
              174.900311,-36.85677,0
              174.900306,-36.856786,0
              174.900291,-36.856807,0
              174.900286,-36.856821,0
              174.900285,-36.856823,0
              174.900283,-36.856826,0
              174.900281,-36.856829,0
              174.900279,-36.856831,0
              174.900274,-36.856841,0
              174.900266,-36.856869,0
              174.900264,-36.85687,0
              174.900264,-36.856872,0
              174.900253,-36.856889,0
              174.900243,-36.856914,0
              174.900242,-36.856934,0
              174.900241,-36.856939,0
              174.90024,-36.856966,0
              174.90023,-36.85699,0
              174.900228,-36.857001,0
              174.900219,-36.857021,0
              174.900212,-36.857031,0
              174.9002,-36.85705,0
              174.900198,-36.857055,0
              174.900193,-36.857062,0
              174.90018,-36.857087,0
              174.900178,-36.857094,0
              174.900165,-36.857113,0
              174.900162,-36.857121,0
              174.900159,-36.85714,0
              174.900159,-36.857143,0
              174.900159,-36.857151,0
              174.90016,-36.857154,0
              174.90016,-36.857156,0
              174.900163,-36.857168,0
              174.900168,-36.857174,0
              174.900175,-36.857181,0
              174.900191,-36.857204,0
              174.900196,-36.857208,0
              174.900199,-36.85721,0
              174.900201,-36.857212,0
              174.900205,-36.857215,0
              174.900215,-36.857227,0
              174.900224,-36.857241,0
              174.900229,-36.857249,0
              174.900232,-36.857252,0
              174.90024,-36.857259,0
              174.900244,-36.857264,0
              174.900252,-36.85727,0
              174.900254,-36.857272,0
              174.90026,-36.857276,0
              174.900268,-36.857281,0
              174.900275,-36.857288,0
              174.900278,-36.85729,0
              174.900288,-36.857301,0
              174.90029,-36.857303,0
              174.900296,-36.85731,0
              174.900299,-36.857312,0
              174.900313,-36.857333,0
              174.900319,-36.857345,0
              174.900322,-36.857348,0
              174.900326,-36.857352,0
              174.90033,-36.85736,0
              174.900338,-36.857377,0
              174.900343,-36.857396,0
              174.900343,-36.857399,0
              174.900344,-36.857402,0
              174.900346,-36.857433,0
              174.900347,-36.857435,0
              174.900348,-36.857458,0
              174.900352,-36.857469,0
              174.900352,-36.857478,0
              174.900353,-36.857482,0
              174.900353,-36.857485,0
              174.900355,-36.857495,0
              174.900356,-36.857504,0
              174.900356,-36.857508,0
              174.900358,-36.857537,0
              174.900359,-36.857541,0
              174.90036,-36.857545,0
              174.900361,-36.85755,0
              174.900363,-36.857563,0
              174.900364,-36.857565,0
              174.900364,-36.857568,0
              174.900365,-36.85757,0
              174.900368,-36.857579,0
              174.900368,-36.857584,0
              174.900373,-36.857615,0
              174.900376,-36.857622,0
              174.900376,-36.857623,0
              174.900382,-36.857641,0
              174.900384,-36.857643,0
              174.900386,-36.857648,0
              174.900389,-36.857653,0
              174.900392,-36.857663,0
              174.900395,-36.85767,0
              174.900401,-36.857685,0
              174.900402,-36.857688,0
              174.90041,-36.857709,0
              174.900413,-36.857713,0
              174.900416,-36.857724,0
              174.900418,-36.857726,0
              174.900421,-36.857734,0
              174.900426,-36.857743,0
              174.90043,-36.857749,0
              174.900432,-36.857753,0
              174.900432,-36.857756,0
              174.900434,-36.857759,0
              174.900437,-36.857774,0
              174.900438,-36.857812,0
              174.90044,-36.857819,0
              174.90044,-36.857826,0
              174.900441,-36.857828,0
              174.900442,-36.857839,0
              174.900443,-36.857841,0
              174.900444,-36.857843,0
              174.900449,-36.857862,0
              174.900451,-36.85787,0
              174.90045,-36.857878,0
              174.900451,-36.85788,0
              174.900451,-36.857894,0
              174.900447,-36.857909,0
              174.900446,-36.857912,0
              174.900446,-36.857915,0
              174.900445,-36.857917,0
              174.900444,-36.85792,0
              174.90044,-36.85793,0
              174.90044,-36.857932,0
              174.900438,-36.857935,0
              174.900436,-36.857959,0
              174.900436,-36.857962,0
              174.900434,-36.857967,0
              174.900432,-36.85797,0
              174.900418,-36.858005,0
              174.900416,-36.858011,0
              174.900406,-36.858033,0
              174.900398,-36.858046,0
              174.900391,-36.858065,0
              174.900387,-36.85807,0
              174.900382,-36.858084,0
              174.900382,-36.858088,0
              174.90038,-36.858093,0
              174.900377,-36.858103,0
              174.900376,-36.858104,0
              174.900376,-36.858106,0
              174.900375,-36.858109,0
              174.900373,-36.858118,0
              174.900369,-36.858129,0
              174.900348,-36.858204,0
              174.900293,-36.858277,0
              174.900288,-36.858285,0
              174.900287,-36.85829,0
              174.900282,-36.858299,0
              174.900279,-36.858303,0
              174.900273,-36.858314,0
              174.900259,-36.858332,0
              174.900257,-36.858337,0
              174.900247,-36.858354,0
              174.900245,-36.858359,0
              174.900244,-36.85836,0
              174.900241,-36.858369,0
              174.900235,-36.858387,0
              174.900232,-36.858392,0
              174.900223,-36.858409,0
              174.900218,-36.85842,0
              174.900221,-36.858458,0
              174.900224,-36.858469,0
              174.900226,-36.858477,0
              174.900226,-36.85848,0
              174.900227,-36.858484,0
              174.900228,-36.858488,0
              174.900229,-36.858491,0
              174.900235,-36.858521,0
              174.900236,-36.858522,0
              174.900236,-36.858525,0
              174.90025,-36.858561,0
              174.900252,-36.858565,0
              174.900252,-36.858568,0
              174.900254,-36.858572,0
              174.900256,-36.85858,0
              174.900257,-36.858583,0
              174.900257,-36.858586,0
              174.900258,-36.85859,0
              174.900272,-36.858637,0
              174.900271,-36.85864,0
              174.900273,-36.858648,0
              174.900272,-36.858652,0
              174.900278,-36.858694,0
              174.900278,-36.858713,0
              174.900276,-36.858721,0
              174.900273,-36.858738,0
              174.900272,-36.858741,0
              174.90027,-36.858762,0
              174.900272,-36.858778,0
              174.900271,-36.858785,0
              174.900271,-36.858788,0
              174.90027,-36.858791,0
              174.900269,-36.858794,0
              174.900264,-36.858818,0
              174.900265,-36.858822,0
              174.900266,-36.858842,0
              174.900272,-36.858862,0
              174.900273,-36.858881,0
              174.900272,-36.858889,0
              174.900273,-36.858901,0
              174.900274,-36.858906,0
              174.900275,-36.858909,0
              174.900276,-36.858914,0
              174.900278,-36.858917,0
              174.90028,-36.858921,0
              174.900288,-36.858933,0
              174.90029,-36.858935,0
              174.900292,-36.858938,0
              174.900296,-36.858946,0
              174.900297,-36.858948,0
              174.900304,-36.858965,0
              174.900305,-36.858967,0
              174.900311,-36.85898,0
              174.900314,-36.859004,0
              174.900313,-36.859009,0
              174.900313,-36.85902,0
              174.90031,-36.859027,0
              174.90031,-36.85903,0
              174.900308,-36.859037,0
              174.900307,-36.859039,0
              174.900305,-36.859042,0
              174.900304,-36.859044,0
              174.9003,-36.85905,0
              174.900296,-36.859053,0
              174.900282,-36.859064,0
              174.90027,-36.859071,0
              174.900248,-36.859085,0
              174.900245,-36.859087,0
              174.900238,-36.859091,0
              174.900228,-36.859101,0
              174.900222,-36.859107,0
              174.90022,-36.859109,0
              174.900213,-36.859113,0
              174.900211,-36.859114,0
              174.900202,-36.859121,0
              174.900164,-36.859162,0
              174.900159,-36.859169,0
              174.900158,-36.859173,0
              174.900156,-36.859175,0
              174.900155,-36.859177,0
              174.900153,-36.85918,0
              174.90015,-36.859187,0
              174.900144,-36.859196,0
              174.900135,-36.859212,0
              174.900133,-36.859217,0
              174.900132,-36.85922,0
              174.900131,-36.859223,0
              174.900121,-36.859242,0
              174.90012,-36.859247,0
              174.900112,-36.859266,0
              174.90011,-36.859269,0
              174.900094,-36.859306,0
              174.900094,-36.859309,0
              174.900092,-36.859317,0
              174.900092,-36.859322,0
              174.900081,-36.859371,0
              174.90008,-36.859373,0
              174.900079,-36.859375,0
              174.900077,-36.859381,0
              174.900075,-36.859384,0
              174.900069,-36.859402,0
              174.900066,-36.859405,0
              174.900059,-36.859416,0
              174.900057,-36.859418,0
              174.900052,-36.859425,0
              174.90004,-36.859465,0
              174.900039,-36.859473,0
              174.900038,-36.859475,0
              174.900038,-36.859479,0
              174.900035,-36.85949,0
              174.900032,-36.859533,0
              174.900028,-36.859544,0
              174.900028,-36.859548,0
              174.900023,-36.859584,0
              174.900022,-36.859596,0
              174.900018,-36.859615,0
              174.900018,-36.859628,0
              174.900016,-36.859634,0
              174.900014,-36.859648,0
              174.900013,-36.859652,0
              174.900011,-36.859662,0
              174.899992,-36.859719,0
              174.89999,-36.859722,0
              174.899987,-36.85973,0
              174.899973,-36.859764,0
              174.899967,-36.859778,0
              174.899951,-36.859812,0
              174.899939,-36.859838,0
              174.899926,-36.859873,0
              174.899915,-36.859907,0
              174.899914,-36.859909,0
              174.899897,-36.859943,0
              174.899884,-36.859974,0
              174.899876,-36.86001,0
              174.899871,-36.860045,0
              174.899864,-36.860082,0
              174.899859,-36.860107,0
              174.899844,-36.860153,0
              174.899793,-36.860332,0
              174.898984,-36.86124,0
              174.89895,-36.861499,0
              174.899358,-36.862355,0
              174.899814,-36.863212,0
              174.90032,-36.863905,0
              174.900709,-36.864387,0
              174.900768,-36.86446,0
              174.900833,-36.86454,0
              174.901462,-36.865317,0
              174.902482,-36.866998,0
              174.903039,-36.868138,0
              174.903088,-36.868228,0
              174.903129,-36.86829,0
              174.903191,-36.868417,0
              174.903413,-36.868825,0
              174.903633,-36.870005,0
              174.903617,-36.870074,0
              174.903621,-36.870094,0
              174.903582,-36.870243,0
              174.903572,-36.870267,0
              174.903472,-36.870699,0
              174.903548,-36.870933,0
              174.903534,-36.871054,0
              174.903584,-36.871054,0
              174.903612,-36.871059,0
              174.903628,-36.871066,0
              174.90363,-36.871069,0
              174.903629,-36.871078,0
              174.903654,-36.87108,0
              174.90365,-36.871172,0
              174.903877,-36.871098,0
              174.903889,-36.871093,0
              174.903961,-36.87107,0
              174.904002,-36.871055,0
              174.904039,-36.87104,0
              174.904068,-36.871025,0
              174.904077,-36.871018,0
              174.904108,-36.870994,0
              174.904131,-36.870969,0
              174.904135,-36.870962,0
              174.904141,-36.870956,0
              174.904171,-36.870939,0
              174.904191,-36.870927,0
              174.904461,-36.871151,0
              174.904551,-36.871226,0
              174.904604,-36.87127,0
              174.904686,-36.871366,0
              174.904878,-36.871593,0
              174.904934,-36.871689,0
              174.904996,-36.871749,0
              174.905589,-36.872779,0
              174.905696,-36.873228,0
            </coordinates>
          </LinearRing>
        </outerBoundaryIs>
      </Polygon>
    </Placemark>
    <Placemark>
      <name>Bucklands Beach</name>
      <styleUrl>#icon-1899-0288D1-nodesc</styleUrl>
      <Point>
        <coordinates>
          174.908247,-36.875414,100
        </coordinates>
      </Point>
    </Placemark>
    <Placemark>
      <name>Line 3</name>
      <styleUrl>#line-000000-1200-nodesc</styleUrl>
      <LineString>
        <tessellate>1</tessellate>
        <coordinates>
          174.9118833,-36.8789606,0
          174.9116472,-36.8798274,0
          174.9113254,-36.8809516,0
          174.9109928,-36.8821359,0
          174.9107889,-36.8828482,0
          174.910448,-36.883644,0
          174.9099981,-36.8838084,0
          174.9076806,-36.8857307,0
          174.9073159,-36.8894871,0
          174.9104487,-36.8900706,0
          174.9115001,-36.8903281,0
          174.9164783,-36.8900535,0
          174.9185597,-36.8901908,0
          174.9188172,-36.8902766,0
          174.9206196,-36.889367,0
        </coordinates>
      </LineString>
    </Placemark>
  </Document>
</kml>
