<?xml version="1.0" encoding="utf-8"?>
<kml xmlns="http://www.opengis.net/kml/2.2">
<Document>
  <name>Bucklands Beach (polygon: official_shp)</name>
  <open>1</open>

  <Placemark>
    <name>Bucklands Beach (polygon: official_shp)</name>
    <Style>
      <LineStyle><color>ffff0000</color><width>2</width></LineStyle>
      <PolyStyle><color>66ff0000</color><fill>1</fill><outline>1</outline></PolyStyle>
    </Style>
    <Polygon>
      <tessellate>1</tessellate>
      <altitudeMode>relativeToGround</altitudeMode>
      <outerBoundaryIs><LinearRing><coordinates>174.9056955850001,-36.873228420999965,100 174.90558882200003,-36.87277949699995,100 174.90499596400002,-36.87174946999994,100 174.90493385901365,-36.871689040048544,100 174.9048781861717,-36.87159278571563,100 174.90468615207203,-36.87136639337849,100 174.90460437129425,-36.87127008226303,100 174.90455100193665,-36.871225662613384,100 174.90446101377827,-36.87115088484985,100 174.90419064844593,-36.87092703615823,100 174.90417085342895,-36.87093935722598,100 174.90414126237118,-36.87095618777606,100 174.9041349071665,-36.870962014828095,100 174.90413082867647,-36.870968947366,100 174.9041081194483,-36.87099415896746,100 174.90407675548906,-36.87101757142771,100 174.90406765846245,-36.87102488723709,100 174.90403851077394,-36.87104023879763,100 174.90400154207424,-36.87105456740562,100 174.90396101813778,-36.87107038157215,100 174.90388935945916,-36.87109331396968,100 174.90387698930382,-36.87109825711712,100 174.9036495150001,-36.87117190999993,100 174.9036535990001,-36.871079668999975,100 174.903629124282,-36.87107799480432,100 174.90362959555742,-36.87106938758232,100 174.90362773586108,-36.87106646194474,100 174.90361163916106,-36.87105920373201,100 174.9035841113893,-36.871054175572546,100 174.90353426116107,-36.87105398787961,100 174.90354797600003,-36.87093285599998,100 174.90347205000012,-36.870698512999965,100 174.90357237590692,-36.87026675687024,100 174.9035823601672,-36.87024311108414,100 174.90362081686342,-36.870093584779156,100 174.90361712956306,-36.87007415645892,100 174.90363328900003,-36.870004612999935,100 174.90341281100007,-36.86882522499996,100 174.90319066911496,-36.86841655335835,100 174.9031287992741,-36.86829004801202,100 174.9030879335372,-36.86822755030942,100 174.90303918283783,-36.868137863080044,100 174.9024819646708,-36.86699819793027,100 174.90146206995266,-36.865317348599234,100 174.9008331911388,-36.86454002963087,100 174.90076816916326,-36.864459652403525,100 174.9007090298774,-36.864386525916466,100 174.90031981122127,-36.8639054312727,100 174.89981365502695,-36.86321240839724,100 174.89935815381875,-36.86235544284766,100 174.89895018251346,-36.8614985665593,100 174.8989839286471,-36.86124017284661,100 174.89979285420065,-36.8603324037629,100 174.89984430843086,-36.86015319371249,100 174.89985940529704,-36.86010677569154,100 174.89986403966023,-36.86008162044658,100 174.89987070852635,-36.86004549510339,100 174.89987600721395,-36.86000984323136,100 174.89988406576936,-36.859973987696,100 174.89989728214672,-36.859942904220674,100 174.8999137664207,-36.85990939440377,100 174.89991463994903,-36.85990721004794,100 174.8999263828553,-36.859872791796036,100 174.89993909599048,-36.859837829853205,100 174.8999506806274,-36.85981214976269,100 174.89996668195212,-36.85977802754977,100 174.89997266427252,-36.85976423176559,100 174.89998718611272,-36.85972970237406,100 174.89998984952237,-36.85972220673648,100 174.89999165358913,-36.859719325198185,100 174.90001070166667,-36.85966198121804,100 174.9000125112232,-36.85965230090386,100 174.9000138873628,-36.859647629869016,100 174.90001572699003,-36.859634000372985,100 174.90001757181813,-36.85962755614959,100 174.90001806800336,-36.8596153433855,100 174.90002172835258,-36.859595609850544,100 174.90002268371805,-36.85958377641192,100 174.9000275930593,-36.85954839484573,100 174.90002826176843,-36.859543782893034,100 174.90003163820057,-36.85953264982585,100 174.90003530850748,-36.85948985665454,100 174.90003819332946,-36.85947907305012,100 174.90003823025535,-36.859475355398914,100 174.90003918897156,-36.85947312371239,100 174.90003972541845,-36.859464937420384,100 174.90005175451466,-36.8594251859507,100 174.90005692605487,-36.85941778540325,100 174.90005928436142,-36.85941554395459,100 174.90006634475154,-36.859405198320275,100 174.90006869962733,-36.859402229557716,100 174.9000753907431,-36.859384038393294,100 174.900077286862,-36.85938070742362,100 174.90007873477398,-36.859375492643096,100 174.90008014995712,-36.85937289673258,100 174.9000807179185,-36.85937092005972,100 174.90009191739594,-36.85932230921732,100 174.90009217926624,-36.85931671411606,100 174.90009376231993,-36.85930884908393,100 174.90009413928368,-36.85930622561055,100 174.90011003035204,-36.85926933356919,100 174.90011226371257,-36.85926630455759,100 174.90012040327204,-36.8592467256234,100 174.9001211510724,-36.859241865442506,100 174.90013118372804,-36.85922263839599,100 174.90013199996076,-36.85921963565111,100 174.90013332004267,-36.85921736663874,100 174.9001354303236,-36.85921172305092,100 174.9001438935522,-36.859196427439514,100 174.9001500425158,-36.85918687241542,100 174.90015345877978,-36.8591803381648,100 174.90015540073776,-36.85917745441895,100 174.90015639534278,-36.8591752681251,100 174.90015831319735,-36.859172724563834,100 174.90015937197862,-36.85916909873034,100 174.90016419587153,-36.85916224543353,100 174.90020229061744,-36.85912098200456,100 174.9002112537754,-36.85911387143023,100 174.90021310105362,-36.859113188428495,100 174.9002196794713,-36.85910856488809,100 174.90022248130163,-36.859106795847865,100 174.90022773343946,-36.85910106596046,100 174.90023814804067,-36.85909142018202,100 174.9002447009131,-36.85908716929565,100 174.90024845426643,-36.859085414781475,100 174.900269559768,-36.85907053168444,100 174.90028217394425,-36.85906423790166,100 174.90029585716368,-36.85905283093389,100 174.90030008298825,-36.85904999989156,100 174.90030026481364,-36.859049732895706,100 174.90030376396848,-36.859043693043496,100 174.90030527278103,-36.859042024898095,100 174.90030666995963,-36.8590387478718,100 174.90030778188546,-36.85903708697505,100 174.9003101690576,-36.8590302149577,100 174.9003103740925,-36.85902699034607,100 174.90031313177627,-36.85901977080127,100 174.9003132559105,-36.859009113361836,100 174.90031415952294,-36.85900424978654,100 174.90031137623586,-36.85897950427953,100 174.90030535375638,-36.85896712807213,100 174.9003035926862,-36.858964634331514,100 174.90029690424632,-36.858948103755196,100 174.90029633269714,-36.858945542319276,100 174.9002918413871,-36.858937970918426,100 174.9002915743712,-36.85893769667955,100 174.90028969531315,-36.858935330109695,100 174.90028750031468,-36.85893338590563,100 174.9002795358065,-36.85892076494965,100 174.90027837139877,-36.858917363046245,100 174.9002762497073,-36.85891430273159,100 174.9002747647303,-36.85890864543385,100 174.90027351019864,-36.85890635990972,100 174.90027342710238,-36.858900785647286,100 174.90027190179134,-36.85888919738009,100 174.90027333055033,-36.85888144387318,100 174.9002722767376,-36.85886244458869,100 174.90026619246126,-36.85884209264812,100 174.90026523563628,-36.858821619949964,100 174.9002640891702,-36.85881821775942,100 174.90026942847544,-36.858793545148345,100 174.9002704922474,-36.85879138929372,100 174.90027117932496,-36.85878806323528,100 174.90027094923758,-36.85878470587703,100 174.9002718813906,-36.858777688581945,100 174.9002701462483,-36.85876161327305,100 174.90027195842708,-36.85874126213516,100 174.90027315430305,-36.85873760166041,100 174.9002761293844,-36.85872063712755,100 174.900278002022,-36.85871327941363,100 174.9002778810283,-36.85869430937547,100 174.90027236363173,-36.85865169287135,100 174.90027263317214,-36.85864763079912,100 174.90027129555017,-36.858639771012065,100 174.90027150784394,-36.85863679414839,100 174.9002579139472,-36.85859007598987,100 174.90025677436833,-36.85858631766589,100 174.9002569950238,-36.8585829990666,100 174.90025578138003,-36.858580326220114,100 174.90025353384442,-36.85857204834871,100 174.90025196946843,-36.85856789482754,100 174.9002516981443,-36.85856491037548,100 174.90024964104697,-36.85856110633587,100 174.900236262985,-36.85852482295828,100 174.90023598365747,-36.85852219465725,100 174.90023469861106,-36.8585206694368,100 174.9002287993265,-36.85849066585842,100 174.90022756124227,-36.85848836474802,100 174.9002269388086,-36.85848388430465,100 174.90022578089213,-36.85848011004966,100 174.90022597674877,-36.858477148771364,100 174.9002241960198,-36.85846887875655,100 174.90022124517105,-36.858457609820626,100 174.90021817081006,-36.858420293687736,100 174.90022265491973,-36.85840859940173,100 174.9002316500946,-36.85839191534928,100 174.90023477722883,-36.858386842259826,100 174.90024063514596,-36.85836852740824,100 174.9002439581122,-36.858360492139255,100 174.90024546383407,-36.85835869966131,100 174.90024719133274,-36.85835358856603,100 174.90025661207906,-36.858337286176614,100 174.9002592892508,-36.85833220586129,100 174.9002730259162,-36.858313858746314,100 174.9002793359189,-36.85830261205828,100 174.90028234888152,-36.85829904330103,100 174.9002866371209,-36.858290310291295,100 174.90028838033456,-36.85828519984542,100 174.9002931603008,-36.85827675419786,100 174.9003483350001,-36.858203854999935,100 174.9003694907469,-36.8581287722685,100 174.90037338344618,-36.85811792643374,100 174.9003747509879,-36.85810851727009,100 174.9003756248864,-36.858106349128626,100 174.900375651544,-36.858104164793566,100 174.90037745298835,-36.85810308143324,100 174.90037970860627,-36.85809329933924,100 174.90038197010807,-36.858087513622884,100 174.90038243140057,-36.8580835404185,100 174.90038694825748,-36.858070498122764,100 174.9003905589845,-36.85806543261751,100 174.90039824225522,-36.85804623230644,100 174.90040637726466,-36.85803286264733,100 174.90041588250313,-36.85801078140548,100 174.9004177016227,-36.858004615194275,100 174.90043217372465,-36.85797022624665,100 174.9004339784781,-36.8579673293681,100 174.90043623237077,-36.857961916019356,100 174.90043623189376,-36.85795936077263,100 174.90043839530168,-36.85793480654592,100 174.9004397592917,-36.85793227364115,100 174.90043976224752,-36.85793044570823,100 174.90044430248295,-36.857919570721236,100 174.90044476918163,-36.85791703864763,100 174.90044565951476,-36.85791485492027,100 174.90044613379268,-36.857911949577186,100 174.9004474989032,-36.85790941665442,100 174.90045067568698,-36.8578941677154,100 174.90045114382767,-36.85787964800567,100 174.90045026444787,-36.8578778359873,100 174.90045072061272,-36.85786985197153,100 174.90044938836766,-36.85786220931875,100 174.9004435341639,-36.85784331024415,100 174.90044308448975,-36.857840778405595,100 174.9004422062318,-36.85783896636921,100 174.90044129709278,-36.857828435415485,100 174.90044042188265,-36.8578255237147,100 174.90043996060552,-36.85781935341548,100 174.9004381722612,-36.85781208940287,100 174.90043688244356,-36.857774323813075,100 174.90043374544325,-36.85775943363353,100 174.90043239424492,-36.85775614287731,100 174.90043194986188,-36.85775251133839,100 174.90043014827677,-36.85774851664058,100 174.9004256353357,-36.85774269596046,100 174.90042068913885,-36.857734326955054,100 174.90041753134992,-36.857725616586954,100 174.90041573674517,-36.85772380568606,100 174.90041257848145,-36.857712540070935,100 174.9004103364772,-36.85770887779471,100 174.90040177930328,-36.85768781099859,100 174.90040133687648,-36.85768489237574,100 174.90039547748276,-36.85766963202723,100 174.9003923343021,-36.85766273398787,100 174.90038873185577,-36.857652916693496,100 174.90038557953378,-36.85764818558383,100 174.90038378252513,-36.85764310742016,100 174.90038241953712,-36.857641287813095,100 174.90037566126773,-36.857623473065,100 174.9003756799444,-36.857621645781876,100 174.90037297983966,-36.857615111100024,100 174.90036759928785,-36.85758385990716,100 174.90036760941288,-36.857579151226865,100 174.90036536650592,-36.857570425323885,100 174.9003644610761,-36.85756824057309,100 174.90036403353787,-36.85756460966567,100 174.90036312974408,-36.85756317028392,100 174.9003608988952,-36.85755044771581,100 174.90035955832576,-36.85754500442606,100 174.900359093698,-36.85754064584171,100 174.90035819284049,-36.85753737762585,100 174.9003564568339,-36.857507951912616,100 174.90035554568468,-36.85750431341699,100 174.900355107979,-36.85749524498228,100 174.9003533275835,-36.85748508578687,100 174.9003533175541,-36.8574821899921,100 174.90035241250706,-36.857478163829356,100 174.90035152637125,-36.85746910436896,100 174.90034750333567,-36.857457838160464,100 174.90034708691417,-36.857434955688035,100 174.90034618041003,-36.85743277275686,100 174.90034353371578,-36.85740226289299,100 174.9003426252586,-36.857399367045424,100 174.9003426293353,-36.857395727432404,100 174.90033768281958,-36.8573771996008,100 174.9003304784444,-36.85736012025357,100 174.90032597535446,-36.857352114601106,100 174.90032193619223,-36.85734848466948,100 174.90031922133107,-36.85734520310166,100 174.90031336400602,-36.857333194693084,100 174.90029893093993,-36.85731209296868,100 174.90029578677905,-36.85730954743724,100 174.90029036546855,-36.857303369031214,100 174.90028764531792,-36.85730118716297,100 174.9002777375023,-36.85728952924912,100 174.9002750104918,-36.85728770441474,100 174.90026826527006,-36.85728114789327,100 174.9002601338628,-36.857275684312825,100 174.90025379709118,-36.85727203343763,100 174.90025199214267,-36.85726984955109,100 174.90024387486662,-36.8572636430522,100 174.90023981656333,-36.85725928515363,100 174.9002321469323,-36.857252358547576,100 174.90022944162814,-36.85724946259159,100 174.9002244866955,-36.857240738594584,100 174.90021501084382,-36.85722654915762,100 174.90020465459745,-36.8572148993098,100 174.9002010257125,-36.85721234620479,100 174.90019878915535,-36.857210171022125,100 174.9001956197781,-36.85720796569047,100 174.90019109701976,-36.8572043281651,100 174.90017486707293,-36.85718068638468,100 174.90016764628652,-36.857173767017755,100 174.90016314028418,-36.857167590192404,100 174.9001600065047,-36.857155951930345,100 174.90015999955614,-36.857153769033694,100 174.90015909761345,-36.85715050173463,100 174.90015912412588,-36.85714323843841,100 174.90015867173352,-36.85713996214781,100 174.900161862141,-36.857120732747866,100 174.90016549950582,-36.857113482914066,100 174.90017773438476,-36.85709392320759,100 174.90018044849975,-36.85708702973935,100 174.90019270653855,-36.857062019352135,100 174.90019770218544,-36.85705513176055,100 174.90019996524677,-36.85705004364714,100 174.90021219250448,-36.857030856306075,100 174.90021899789218,-36.85702068509025,100 174.90022807835126,-36.85700074769419,100 174.90023034847056,-36.85699023800081,100 174.90024034479399,-36.85696593256042,100 174.90024128775283,-36.856939061617524,100 174.9002421924556,-36.85693360855787,100 174.90024313646398,-36.85691438894132,100 174.900253138447,-36.85688899911591,100 174.9002640081926,-36.8568719732231,100 174.90026445886153,-36.85687015255115,100 174.90026581943226,-36.85686870489749,100 174.90027354171428,-36.85684148127928,100 174.9002785349398,-36.8568313264219,100 174.90028081527757,-36.85682879328551,100 174.90028261889069,-36.85682589642726,100 174.90028488238823,-36.856823362658766,100 174.90028624748635,-36.85682082973783,100 174.90029077840114,-36.85680704362649,100 174.900306204226,-36.85678603492204,100 174.90031119268562,-36.85677007200471,100 174.900312557782,-36.856767539083485,100 174.90032025888445,-36.856758482896744,100 174.90032253679425,-36.856752681595886,100 174.9003257216615,-36.856739616437736,100 174.90032943796152,-36.85667572790971,100 174.9003272192335,-36.85665900957367,100 174.90032499244413,-36.8566299639516,100 174.9003241093757,-36.85661980482474,100 174.9003260175051,-36.856613746250744,100 174.90032682642243,-36.85661108342011,100 174.90032686186024,-36.85659657243055,100 174.90033004529275,-36.85658784266579,100 174.9003314520973,-36.85656534564132,100 174.90033054784527,-36.85656135101136,100 174.90033058647762,-36.85653048363513,100 174.90033333235166,-36.856515227166696,100 174.90033467952662,-36.8565126954331,100 174.90033878256668,-36.85648765681691,100 174.9003437678509,-36.856480398039245,100 174.90034557761953,-36.8564789729445,100 174.9003514678011,-36.85647134186891,100 174.9003555589599,-36.85645537977978,100 174.90035556119972,-36.85645356808174,100 174.90035874735796,-36.85644558276655,100 174.90036418601414,-36.85643724686517,100 174.90037280611088,-36.85641693105326,100 174.90037733262628,-36.85640930916689,100 174.9003796056102,-36.85640462288201,100 174.9003827670363,-36.85639953391737,100 174.9003891217607,-36.85638357798801,100 174.90038913160194,-36.85638139392136,100 174.90039502198576,-36.85636869919937,100 174.900396381308,-36.85636471073044,100 174.90040138713616,-36.85635565528207,100 174.90040365860236,-36.856340763323644,100 174.9004059260638,-36.85633205000869,100 174.9004127293415,-36.8563186268367,100 174.90041998880295,-36.856309221683674,100 174.90042087912008,-36.856307037956476,100 174.90042274921234,-36.856273630198274,100 174.90042184493734,-36.85626963466789,100 174.90042367318685,-36.85626130242669,100 174.90042501576085,-36.8562598532564,100 174.90042504408828,-36.856250762044326,100 174.90042594276534,-36.85624823658136,100 174.9004264084863,-36.856240593111636,100 174.9004314088961,-36.85621809539484,100 174.90043144186683,-36.85620031534006,100 174.90043054754992,-36.85619667657494,100 174.9004296972178,-36.85616361066334,100 174.90042609503564,-36.856148728820294,100 174.90042478381906,-36.856129841805085,100 174.90042343112307,-36.85612585524899,100 174.900422986731,-36.85612222280785,100 174.90042071266015,-36.85611676560473,100 174.9004121699738,-36.856100034842754,100 174.90041126917833,-36.85609676842806,100 174.90040089658697,-36.85607313123887,100 174.90039778270614,-36.85604005916515,100 174.90039599036004,-36.85603643566322,100 174.9003959826421,-36.85603426719981,100 174.90039418751303,-36.85602736111834,100 174.90039152247516,-36.85600629832476,100 174.90038702655,-36.85598087085517,100 174.90038702605528,-36.85597831470663,100 174.900385685401,-36.85597033058299,100 174.9003834281776,-36.85596487401082,100 174.90038162847918,-36.85595905139428,100 174.90038030622537,-36.855941620193526,100 174.90037897450136,-36.85593653278405,100 174.9003785243712,-36.855931445696505,100 174.9003762461166,-36.85592708727383,100 174.90037446993472,-36.85591582839255,100 174.9003609456765,-36.855890018035204,100 174.90036050326466,-36.85588709941102,100 174.90035780513725,-36.85588127583983,100 174.90035600470114,-36.85587546855709,100 174.90035600465384,-36.855872930427836,100 174.90035106804766,-36.85585221672077,100 174.90034654713477,-36.855844212252556,100 174.90033979696312,-36.85582350141011,100 174.90033755580242,-36.855819870663595,100 174.9003366430637,-36.85581367603554,100 174.90033484608426,-36.85580859696735,100 174.90033350795346,-36.85580642093807,100 174.9003330579185,-36.85580387378139,100 174.90032628887744,-36.85579005476755,100 174.90032358288752,-36.85578712907972,100 174.90032043140903,-36.855770426559225,100 174.900314587936,-36.855756979410806,100 174.9003127872175,-36.85575369674192,100 174.90030466388808,-36.85574533707618,100 174.90030196003022,-36.8557380588572,100 174.9003015145481,-36.85573442733403,100 174.90029972528785,-36.85573151672874,100 174.90029789355697,-36.85572643821565,100 174.9002875380961,-36.855707882408346,100 174.90028346303689,-36.85570352387587,100 174.90028031482302,-36.855692614115036,100 174.9002731125874,-36.855676247671404,100 174.9002659063374,-36.8556660598717,100 174.9002600307009,-36.85566096040179,100 174.9002555136849,-36.855656237590246,100 174.90025461523337,-36.85565369940681,100 174.9002528103473,-36.855651516419584,100 174.90023975717853,-36.85562715234936,100 174.90023117936764,-36.855607866878344,100 174.9002257699444,-36.855597679184164,100 174.90022395855632,-36.85559586764619,100 174.90022397073415,-36.855594411812156,100 174.9002191739716,-36.85558459004692,100 174.90032034800004,-36.85520647699997,100 174.90031552200003,-36.85507138299994,100 174.90019009600547,-36.85468585300925,100 174.9001909943863,-36.85467996298796,100 174.90018878398018,-36.854657823943015,100 174.9001892443422,-36.85464874024094,100 174.9001883567503,-36.85463966457427,100 174.9001888290378,-36.85462150524237,100 174.90018974183602,-36.85461823686331,100 174.90018977475287,-36.8546080612816,100 174.90017627922188,-36.85455101232094,100 174.90016951301612,-36.85453793594009,100 174.9001663695334,-36.85452848263871,100 174.90016457230334,-36.85452592818119,100 174.9001537646407,-36.854491411717554,100 174.90015285994235,-36.854484860934605,100 174.9001519759747,-36.85448159334634,100 174.90015153843152,-36.85447506573826,100 174.90014972894028,-36.85447142718278,100 174.90014658118284,-36.854460532730734,100 174.9001443415398,-36.85445505874571,100 174.9001416300616,-36.854445612956646,100 174.90014028397889,-36.854443793976145,100 174.90013217563518,-36.85442017913304,100 174.9001290319979,-36.85440564596626,100 174.90012768663578,-36.854403810750235,100 174.90012679273715,-36.85440018729724,100 174.90011957661855,-36.854387103686136,100 174.90011147166337,-36.85437436056698,100 174.90010649258232,-36.8543685482241,100 174.9001033572608,-36.85436381773216,100 174.90010197979413,-36.85436018759016,100 174.90008530060175,-36.85433653944322,100 174.90008167591182,-36.8543303449123,100 174.90007086815282,-36.85431543586117,100 174.90006905216435,-36.854312168754014,100 174.90006634623867,-36.85430924305784,100 174.90006093731537,-36.85429907066727,100 174.90004830974917,-36.85428015097463,100 174.900046523947,-36.85427615511396,100 174.90002304478176,-36.8542444956523,100 174.9000212521196,-36.854240856825506,100 174.90001539137955,-36.85423250331995,100 174.9000135918781,-36.854229222428344,100 174.89999689137974,-36.85420919613175,100 174.89999508235934,-36.854208112822036,100 174.8999928252536,-36.854205194368916,100 174.899987868765,-36.85420083729907,100 174.89998559484263,-36.854197919114675,100 174.89998515747067,-36.85419647136963,100 174.89998062989284,-36.85419136294715,100 174.89997251087246,-36.85417936363548,100 174.89996982560058,-36.85417718119974,100 174.89995583173868,-36.85415571456644,100 174.89995358832027,-36.85415135557652,100 174.89994409385565,-36.854138978066516,100 174.89994274547786,-36.854136431751115,100 174.89993915140894,-36.85413133724349,100 174.8999373408153,-36.85412769870199,100 174.899935537097,-36.8541255156902,100 174.89993193534914,-36.854118253618786,100 174.89992968820297,-36.85411569192977,100 174.89992832298668,-36.85411314498208,100 174.89992065707156,-36.85410259406158,100 174.8999170529989,-36.85409460375632,100 174.8999147867095,-36.854091314102554,100 174.89991300244168,-36.85408733443893,100 174.89991117726376,-36.85408188356584,100 174.89988639541798,-36.85403860068662,100 174.89988414171842,-36.85403387141505,100 174.89988098428537,-36.85403023998525,100 174.89988052931866,-36.854028760974685,100 174.89987917674372,-36.854027313440625,100 174.89987286717297,-36.85401641364999,100 174.89987059551441,-36.85401168376396,100 174.89984220574416,-36.85397166907839,100 174.89983903152097,-36.85396803881713,100 174.89981648634392,-36.853932010978895,100 174.89981422911114,-36.85392401265685,100 174.89980882778454,-36.853910927951176,100 174.89980659395022,-36.85389241259565,100 174.89980345368062,-36.85388621211314,100 174.89979578780637,-36.85387566118306,100 174.89979306779514,-36.853873479298414,100 174.8997908103533,-36.85387240405595,100 174.89978629958063,-36.85386729355405,100 174.89977682878737,-36.853849481562904,100 174.89975837513074,-36.8537949661184,100 174.899755225295,-36.85378842418521,100 174.8997552374829,-36.85378696835059,100 174.89975433296735,-36.853785497427836,100 174.89975207713087,-36.85377243543844,100 174.8997520961824,-36.853770622569385,100 174.8997440074742,-36.85374516507283,100 174.89973995967117,-36.85372409641965,100 174.89973772708666,-36.85369357899888,100 174.89973416061906,-36.853674329635766,100 174.89973283208988,-36.85365727076703,100 174.89973191075939,-36.853655800112875,100 174.89972473212399,-36.85362383672249,100 174.8997239264425,-36.85355885055223,100 174.89972535528034,-36.85352509472056,100 174.8997159712017,-36.853460446687336,100 174.8997132586794,-36.85345281256591,100 174.89971237286525,-36.853451371988776,100 174.89971057466687,-36.85343867312608,100 174.89970744115516,-36.853427035739834,100 174.89970743764212,-36.85342376759153,100 174.8997006778192,-36.85339762096355,100 174.8996916855544,-36.85337580303552,100 174.89968988293285,-36.853369268404734,100 174.89968808798366,-36.85336490133794,100 174.89968675555525,-36.8533591018821,100 174.89968225730252,-36.85334747279274,100 174.8996813504255,-36.85334273460385,100 174.89967550366737,-36.85332347842806,100 174.89966422923717,-36.85330348160498,100 174.89965927687962,-36.85329294496943,100 174.89964934783066,-36.853277322399066,100 174.8996416994717,-36.85326167598663,100 174.89963899854186,-36.85325768122823,100 174.89963360380403,-36.853244225061054,100 174.8996304418128,-36.85323913895784,100 174.899606996912,-36.853197334441674,100 174.89958985973476,-36.85317333661251,100 174.89958716417826,-36.853170782084355,100 174.89958580820186,-36.85316860723154,100 174.89957405849083,-36.85315840638671,100 174.8995546780529,-36.853132590386465,100 174.8995524373735,-36.85312711640475,100 174.89954295980118,-36.85310965872023,100 174.8995370950419,-36.853102405770066,100 174.89952403349923,-36.85308275025953,100 174.8995222313392,-36.85307877087491,100 174.8995150392833,-36.8530551404322,100 174.89950783789791,-36.8530413282722,100 174.8995069291518,-36.85303841709737,100 174.89949971786208,-36.85302424997304,100 174.89949836493358,-36.85302278711723,100 174.8994952381607,-36.85300317288927,100 174.8994938783087,-36.8529995271347,100 174.89949479832754,-36.852993378009636,100 174.89949346996596,-36.85298139809988,100 174.8994921193021,-36.85297812354432,100 174.89949031400639,-36.85297084535936,100 174.89949032872477,-36.852962513274896,100 174.8994935200916,-36.85294907578069,100 174.89949351122394,-36.852946179964896,100 174.89949532697594,-36.85294182728364,100 174.8994957909588,-36.85293855076075,100 174.8994994227226,-36.85292478084825,100 174.89950172141823,-36.85291025980915,100 174.8995035325231,-36.852904450660695,100 174.89950492393663,-36.85288449471289,100 174.8995058123009,-36.85288159807463,100 174.89950629750822,-36.85286961801719,100 174.8995058617192,-36.85285364268649,100 174.8995190734614,-36.852792684886744,100 174.89951998879303,-36.852782540262034,100 174.8995213434224,-36.85277455630198,100 174.89952272259464,-36.85277127957065,100 174.89952816957182,-36.85274806089172,100 174.8995390630573,-36.85271796276234,100 174.89954089776091,-36.85270671824551,100 174.89954453022713,-36.8526929320963,100 174.89954543084107,-36.85269111955603,100 174.8995454575496,-36.852688936119634,100 174.89954679545693,-36.8526860313936,100 174.89954681453648,-36.852684219425115,100 174.89955042493887,-36.852674073179294,100 174.89955862633482,-36.85264033707027,100 174.89955773741355,-36.85263559859268,100 174.8995586551009,-36.85262872123349,100 174.89956000940592,-36.85262326188974,100 174.89956051187212,-36.85258152971445,100 174.89956325022544,-36.852569184655046,100 174.89956326676037,-36.85255648562084,100 174.89956283469024,-36.852553937270905,100 174.89956422896685,-36.85252526185643,100 174.8995669630727,-36.85251147654717,100 174.8995669717983,-36.85250929159554,100 174.89956970180208,-36.852499146804064,100 174.8995706107954,-36.8524799106132,100 174.89957291973815,-36.852463221721294,100 174.89957337790912,-36.85245594971645,100 174.89957520385536,-36.85244688924962,100 174.89957567117526,-36.85243744941152,100 174.8995752187446,-36.85242909414909,100 174.89957341189108,-36.85242111836394,100 174.8995689466063,-36.852394233812376,100 174.8995685253878,-36.85238007081289,100 174.89956898520305,-36.85237789487417,100 174.89956765838468,-36.85234703668385,100 174.8995658900942,-36.85233794534278,100 174.89956545458102,-36.85231690636192,100 174.8995645679649,-36.85231289521667,100 174.8995663947038,-36.852289321599166,100 174.89956415963704,-36.85227768426538,100 174.89956281929284,-36.85227478089121,100 174.89956102201793,-36.85226714655475,100 174.89955922486396,-36.85226459208506,100 174.89955876528526,-36.852261702572484,100 174.89955741695582,-36.85225915625063,100 174.89955696809363,-36.85225660907032,100 174.89955472363675,-36.85225225008722,100 174.8995479709109,-36.852228286340164,100 174.89954798496564,-36.852225002587836,100 174.89954352535196,-36.852194494616334,100 174.89954312769183,-36.85214004831265,100 174.89953775788268,-36.852126235715716,100 174.89953106773055,-36.85211336458981,100 174.8995205770888,-36.85174170253011,100 174.89952934788568,-36.85171417609608,100 174.89954429959886,-36.85168845211916,100 174.8995569846366,-36.851672152577855,100 174.89955835618292,-36.85166924821506,100 174.89956333169894,-36.85166164892315,100 174.89956650554836,-36.85165511856068,100 174.89956831900554,-36.85165257757836,100 174.89957872566404,-36.85163444510693,100 174.89958146830983,-36.851627938762256,100 174.89958371905342,-36.85162430559385,100 174.89958781674952,-36.851610512906205,100 174.89959234352125,-36.8516054462999,100 174.8995941504083,-36.85160073683364,100 174.8995959638633,-36.85159819585094,100 174.89960413864162,-36.85157426387546,100 174.89961684146394,-36.85155288417435,100 174.89962181646538,-36.85154018969649,100 174.89962906142782,-36.8515271308487,100 174.89963088282624,-36.851521693780384,100 174.89963137626978,-36.851487210200574,100 174.8996259986832,-36.85146614927233,100 174.89962692578314,-36.851454532592854,100 174.89962782295964,-36.851451992737296,100 174.89962743262367,-36.85141932142902,100 174.89962653408142,-36.851411701567805,100 174.8996252559808,-36.85137248009889,100 174.89962614739085,-36.85137029635897,100 174.89962440105379,-36.85133291026265,100 174.89962170984444,-36.85131657259782,100 174.89961899597733,-36.85131146310435,100 174.89961136945394,-36.85128966659119,100 174.8996091248656,-36.85127768870747,100 174.89960641708697,-36.85127151104582,100 174.8996041827866,-36.85125990344223,100 174.89960283177246,-36.85125661356985,100 174.89960237522706,-36.851251897923376,100 174.89960148369718,-36.8512490017956,100 174.89960106873326,-36.85122430670749,100 174.8995997114712,-36.85121632373401,100 174.89959973473535,-36.85121341208135,100 174.8995970455182,-36.851200326365436,100 174.8995961738903,-36.85118291858179,100 174.89959797690742,-36.85117492655033,100 174.89960307441288,-36.851105964880944,100 174.8996126232988,-36.851062061002956,100 174.89961309223392,-36.8510577163292,100 174.89961444306806,-36.851051528768565,100 174.89961401777313,-36.85104354441676,100 174.899613111692,-36.851038836857626,100 174.89961222717344,-36.85102539420993,100 174.8996113286992,-36.85102031428181,100 174.89961204842908,-36.85085296271149,100 174.89961341563304,-36.85084607726323,100 174.89961314669145,-36.85082546915262,100 174.8996189626764,-36.850794825756886,100 174.89962370938602,-36.85078772675011,100 174.8996263182047,-36.850776947557094,100 174.899615399292,-36.850699069128346,100 174.89962103150643,-36.850664898178195,100 174.89963058053863,-36.850648869584674,100 174.89964705155325,-36.850627580163255,100 174.8996615812958,-36.850597232807594,100 174.89967273762485,-36.85053250063586,100 174.89966468896654,-36.850503433569784,100 174.899658289996,-36.850492442350586,100 174.89965852547667,-36.850485236094904,100 174.89965043945634,-36.85045796686765,100 174.8996604690376,-36.85035890409741,100 174.89965526356693,-36.85031185159718,100 174.899636014406,-36.85028070665859,100 174.8996254677563,-36.850123387559606,100 174.8996280399406,-36.85011443683941,100 174.89962863501196,-36.85009638369237,100 174.899633527819,-36.850083860876886,100 174.89963414234896,-36.85006582364255,100 174.8996758670176,-36.84996208285967,100 174.89971630725114,-36.84989802722576,100 174.8997394765576,-36.84981011559343,100 174.8997700627702,-36.849771107575954,100 174.89980173173615,-36.84969963362177,100 174.89983461825855,-36.84965886457716,100 174.89985560160605,-36.84963769496918,100 174.89992913538737,-36.849594258878014,100 174.89993841480276,-36.849585468608645,100 174.8999819758137,-36.849563003326466,100 174.90000709199404,-36.84955275657453,100 174.9000324436587,-36.84953530536294,100 174.90006534792627,-36.84949453597209,100 174.9000703292034,-36.84948020006006,100 174.90007080013405,-36.849465789349,100 174.90011828862598,-36.84939285909908,100 174.90034278012052,-36.84921213094902,100 174.90035457546279,-36.849196157409885,100 174.90035677868445,-36.8491781524507,100 174.90036692311193,-36.84909536481578,100 174.90038237642952,-36.84903616379211,100 174.90038144784864,-36.848996440101864,100 174.90036236241468,-36.848959901828295,100 174.90033412473517,-36.84892854200916,100 174.90033211247712,-36.84892128336586,100 174.90029339758502,-36.84886622758642,100 174.90029214544163,-36.84883553854723,100 174.90027575771492,-36.84878642328562,100 174.90027604698003,-36.84877740540456,100 174.90026783385227,-36.84875374535029,100 174.9002538567883,-36.84869926019549,100 174.90020506362114,-36.848607893401855,100 174.90020542462955,-36.84859706180767,100 174.90019891811343,-36.84858969566199,100 174.90019262875956,-36.84857511003082,100 174.90014307709438,-36.84850718890097,100 174.9000983628547,-36.84842854304195,100 174.90008966250193,-36.84841931107202,100 174.90008545789888,-36.848410201002935,100 174.9000535571418,-36.848353492211906,100 174.90005018299226,-36.84831912363343,100 174.90008029151167,-36.84822596341776,100 174.90014177140256,-36.848137145304904,100 174.90017889984438,-36.84810371993998,100 174.90018370088617,-36.848094792153496,100 174.9003092723121,-36.84797496831978,100 174.90036191343057,-36.84794912104455,100 174.90037784256245,-36.847944070359354,100 174.90041227060755,-36.847925018282986,100 174.90043791047825,-36.847898531997906,100 174.90048800823027,-36.84781304226139,100 174.90050545331826,-36.84776291275035,100 174.90063944781645,-36.847455560150664,100 174.9006722077981,-36.847418431553535,100 174.9007162579918,-36.84737972801744,100 174.9007785838791,-36.84726566524048,100 174.9007814820013,-36.847245882556955,100 174.9007910117816,-36.84722987220471,100 174.90074296941793,-36.84704824926429,100 174.900723413906,-36.847026137060325,100 174.90071234121348,-36.847020462754045,100 174.90070590691494,-36.84701129913609,100 174.90062038500764,-36.84694072854932,100 174.90060305668456,-36.84692046807997,100 174.90052616310584,-36.84686092865478,100 174.90052265131087,-36.846857453088695,100 174.9004460856183,-36.84671330075989,100 174.90044363961664,-36.8467001864157,100 174.9004435963703,-36.84670013750222,100 174.90044239042498,-36.846663053064226,100 174.90045187909118,-36.846655251546935,100 174.9004701815067,-36.8466466432209,100 174.900560038186,-36.8465855726653,100 174.9006257100673,-36.846574456355064,100 174.90065053449294,-36.84657321297865,100 174.9007087244055,-36.846583585819744,100 174.90075308779177,-36.84660447021834,100 174.90079792047922,-36.84661092768402,100 174.90086341113238,-36.84660521939179,100 174.90088160365795,-36.8466002369916,100 174.90091831520064,-36.84657940959038,100 174.9009392257409,-36.846560054427485,100 174.9009513646416,-36.84653324860887,100 174.90098820241053,-36.8465088255816,100 174.90100652080176,-36.84650023224086,100 174.90101349794497,-36.84649318673061,100 174.90107746300532,-36.84646577717051,100 174.90110536661646,-36.84643934376207,100 174.90113384890077,-36.84639488899615,100 174.90116601160824,-36.84637578281553,100 174.90118630862148,-36.84637445042006,100 174.90120899439395,-36.84636954210143,100 174.90122682673606,-36.84637537681363,100 174.901251200964,-36.84638860589159,100 174.90125982840297,-36.84639965241423,100 174.90127305751224,-36.846408989408424,100 174.90129234366648,-36.846438338070875,100 174.901305446184,-36.84645130221864,100 174.9013221956113,-36.846489616388396,100 174.90135956593093,-36.84651757698707,100 174.90138866899417,-36.84652367840365,100 174.90139999339556,-36.84652212990282,100 174.90145322634137,-36.84648002629051,100 174.90153070652917,-36.84645476261427,100 174.90154196035704,-36.84645502869655,100 174.90155560449838,-36.846451736852934,100 174.9015826227214,-36.846452359975835,100 174.9016424458911,-36.84648266608103,100 174.90167961763285,-36.84651605122895,100 174.90169227087148,-36.8465416140416,100 174.90173972283773,-36.84660413585523,100 174.90174585168972,-36.84662233288337,100 174.90175234136,-36.846629699216244,100 174.9017564926468,-36.846640637067715,100 174.90179475807452,-36.84670833796985,100 174.90179450595275,-36.84671554359621,100 174.90183599164862,-36.84675442894477,100 174.90184920447456,-36.84676378235708,100 174.90187753300327,-36.84679153056533,100 174.90201565815025,-36.84690312669453,100 174.90203769932202,-36.84691374327875,100 174.90213129000006,-36.84701919699995,100 174.9023356040001,-36.84719227999995,100 174.90233625400003,-36.847214797999975,100 174.90222654800004,-36.847306848999956,100 174.90219984200007,-36.84735242399994,100 174.90226664700003,-36.84762259799993,100 174.90233350700012,-36.84786936799998,100 174.90252585100006,-36.84804634399995,100 174.90258884279692,-36.848093311978836,100 174.9026304092217,-36.84817420170874,100 174.90263448866867,-36.84818693791713,100 174.90266051734466,-36.84821643075596,100 174.90268918838925,-36.848235160017424,100 174.90271802258823,-36.84824848141184,100 174.90280078416853,-36.8483317041696,100 174.90287319119707,-36.848389370652214,100 174.9028948877943,-36.84841334909528,100 174.90298618095883,-36.8485779924115,100 174.90303241565007,-36.84860977723479,100 174.90304361494157,-36.84861185660885,100 174.9030901396873,-36.84863462170983,100 174.90311374035528,-36.848669485566205,100 174.90313762482242,-36.848762110799946,100 174.90317576717572,-36.848833437406036,100 174.90317982993636,-36.84884617386008,100 174.90320758155914,-36.84889194394798,100 174.9032316702363,-36.84891238056334,100 174.90334335579485,-36.84900709484955,100 174.90338111714604,-36.84905115496071,100 174.90345342000015,-36.84917073199995,100 174.90356791300007,-36.84935807099998,100 174.903577349222,-36.84955345759022,100 174.90357479153363,-36.84956163332157,100 174.9035715887835,-36.84959045041156,100 174.90355240517164,-36.84962431764114,100 174.90354949126794,-36.84964411595269,100 174.90356786065135,-36.849700551992534,100 174.90361979226165,-36.8497649760256,100 174.90363969302152,-36.849776301446106,100 174.903671044047,-36.84978245369985,100 174.90381773876555,-36.8497768903891,100 174.9038702740122,-36.849770399763806,100 174.90386141800002,-36.84980317999998,100 174.90385466100008,-36.84982216699995,100 174.90382229700003,-36.849913106999956,100 174.90371959800007,-36.849990420999966,100 174.90367493600002,-36.85008782399995,100 174.90375016019823,-36.850367311509665,100 174.9037497802868,-36.85038941717629,100 174.90376003274125,-36.8504039917248,100 174.90377400100013,-36.85045588899993,100 174.90397926900008,-36.85074520099994,100 174.90400914100007,-36.85081230899994,100 174.9040408730001,-36.850946971,100 174.9041312061347,-36.851051250302966,100 174.9041313241416,-36.85105343089003,100 174.90413311007137,-36.85105742668742,100 174.90413357177252,-36.851061073259444,100 174.9041393900991,-36.851076705439354,100 174.90413983226063,-36.851079609632926,100 174.90414252573171,-36.85108397575351,100 174.90414340982247,-36.8510872433101,100 174.90414523424374,-36.85109016861809,100 174.9041465606662,-36.851093815755064,100 174.90415195779417,-36.85110544469005,100 174.90415330253475,-36.85110910685592,100 174.90415420540657,-36.85111308615794,100 174.90416048305894,-36.851126573034314,100 174.90416857582153,-36.85114075639124,100 174.9041730866657,-36.85114586492323,100 174.9041784839701,-36.85115496924369,100 174.9041811819453,-36.85115825099755,100 174.90419062645108,-36.851173168903614,100 174.90419332700617,-36.85117971881899,100 174.90419556348985,-36.851181893930324,100 174.9041969188159,-36.851184084062844,100 174.90420323021866,-36.85118993527481,100 174.90420907556538,-36.85119901619026,100 174.90421179148098,-36.851202297655895,100 174.90421315266263,-36.851205944235,100 174.90421628847514,-36.851210689933716,100 174.90422035314847,-36.85121467625366,100 174.90422800761172,-36.85122669804257,100 174.90423070322458,-36.851229251562756,100 174.90423295243136,-36.85123252698681,100 174.9042342956771,-36.851236173853074,100 174.90424194002742,-36.851250364390076,100 174.90424999819876,-36.85127146956692,100 174.90425493217833,-36.85128893027811,100 174.90425851734608,-36.85129619158232,100 174.90426344226228,-36.85131075558096,100 174.90427378721608,-36.85133149692957,100 174.90427648634522,-36.8513347795639,100 174.90427918956973,-36.85133696161517,100 174.90428950968433,-36.851358057580846,100 174.90429312051745,-36.851370059440015,100 174.90429445943576,-36.85137226605806,100 174.90429714281086,-36.85137880092346,100 174.90431423684183,-36.85140938022968,100 174.90432409922732,-36.851432684561786,100 174.90432635191112,-36.851436687297074,100 174.90433127472966,-36.85144867984687,100 174.9043344144835,-36.85145923361453,100 174.90434249150906,-36.85148105142946,100 174.90434294164476,-36.85148359856962,100 174.90435635578478,-36.8515337883737,100 174.90435770041012,-36.8515355920074,100 174.904360377737,-36.85154251543889,100 174.90436080860232,-36.851551969737955,100 174.90436527873896,-36.85156759466795,100 174.9043670473892,-36.85157920963465,100 174.9043688427169,-36.85158105201288,100 174.9043701873155,-36.85158723878818,100 174.90437014267343,-36.85160139480581,100 174.90437507955082,-36.85161702667656,100 174.9043764349125,-36.85161921770748,100 174.90437907575588,-36.85163303234933,100 174.9043808832446,-36.85163848343595,100 174.9043835870822,-36.85164322072986,100 174.90438626459004,-36.85165268228763,100 174.90438896592136,-36.851659216862714,100 174.90438939812228,-36.851661764290036,100 174.90439702308186,-36.851680322944766,100 174.90440242239353,-36.851694522408934,100 174.9044082537146,-36.85170434622932,100 174.9044105007947,-36.8517094333459,100 174.90441995288177,-36.851726550341446,100 174.904420374752,-36.85172872658848,100 174.90442622638486,-36.85173927835256,100 174.90443477618635,-36.85175058725061,100 174.9044424612035,-36.85175678597751,100 174.9044451668173,-36.851759696256565,100 174.90444966327044,-36.851765533277735,100 174.9044532627286,-36.85176952704462,100 174.9044568714208,-36.85177389291044,100 174.90445958191057,-36.85177573414009,100 174.90446227871684,-36.851778289438016,100 174.90447761649082,-36.85178888926215,100 174.90448124900436,-36.85179032814471,100 174.90449570418946,-36.85179329257035,100 174.90449886189572,-36.851794399262694,100 174.9045056270882,-36.8517948063948,100 174.90458749611548,-36.85179401071092,100 174.90459473876112,-36.85179476620863,100 174.90459652548589,-36.851794408588006,100 174.90460059895554,-36.85179806937483,100 174.90460284971078,-36.85179697694783,100 174.90460557753568,-36.8517962626413,100 174.90462773629048,-36.85179853484322,100 174.90464265378293,-36.851798209217165,100 174.90464717419565,-36.851798593734756,100 174.90466345481687,-36.851797563053644,100 174.90467838651503,-36.85179835213382,100 174.90468245353748,-36.851798002127154,100 174.90468470252927,-36.851798736711636,100 174.9047082113071,-36.851799188215935,100 174.90471317492916,-36.85180066524277,100 174.9047149960275,-36.85180029174692,100 174.90472584511716,-36.85180026413211,100 174.90486819601944,-36.85210612179453,100 174.90486278589916,-36.85211506098082,100 174.90485778212633,-36.852121591970324,100 174.90484957538203,-36.8521411894277,100 174.90484820191537,-36.85214590644318,100 174.90484639061884,-36.85214916041691,100 174.9048450136351,-36.852153148317235,100 174.90484502382444,-36.852156044109265,100 174.9048399763011,-36.85217238040632,100 174.90483808911188,-36.852202535623505,100 174.90483939886167,-36.85221124756057,100 174.9048407439132,-36.852213067405316,100 174.90484616767668,-36.85221744742664,100 174.90484932536057,-36.85221855230703,100 174.90485385289662,-36.852221120611226,100 174.90486557587235,-36.85222588456764,100 174.90488501687466,-36.852229226894,100 174.90490897528036,-36.852231009724534,100 174.9049508590001,-36.852395569999935,100 174.90495929026974,-36.8524502215566,100 174.90495438541092,-36.85245543158877,100 174.9049475509697,-36.85247464832575,100 174.90494753052366,-36.85248082813331,100 174.9049497821292,-36.852484829971296,100 174.90495382638863,-36.852489932430835,100 174.90496060531146,-36.85249396263995,100 174.90496149156843,-36.85249541759109,100 174.90496600878967,-36.852497614710366,100 174.90496666941277,-36.85249805314615,100 174.9050104046262,-36.852781543287676,100 174.9050080737184,-36.85278546058615,100 174.90500714432864,-36.85278872926629,100 174.90500577983485,-36.85279127755303,100 174.90500392839917,-36.85280253863621,100 174.9050056869388,-36.85282322918614,100 174.90501149839085,-36.852839248994925,100 174.90502028116254,-36.852848428347706,100 174.90502391100006,-36.85298013999994,100 174.90498090219384,-36.853189717732846,100 174.90497782462654,-36.85319474925713,100 174.90497553160347,-36.853201279156934,100 174.90497548682535,-36.85321610622344,100 174.90494965800008,-36.853341966999956,100 174.90512404800006,-36.85356418599996,100 174.90515439173402,-36.853631429634234,100 174.90514100827747,-36.85364327201579,100 174.90513418488925,-36.85365087321907,100 174.9051296704642,-36.85365448419559,100 174.90511603314363,-36.85367259772594,100 174.90510465930905,-36.85369071732804,100 174.9051014763554,-36.853694334897945,100 174.9050983173476,-36.85370013689365,100 174.9050946463395,-36.85371246727683,100 174.905093233259,-36.85373027215616,100 174.9051022289501,-36.85374773710474,100 174.90510583539992,-36.85375137471393,100 174.90511935052862,-36.85376922507637,100 174.90514727869476,-36.853799845958626,100 174.90514953795395,-36.85380347632316,100 174.90515224442998,-36.85380641721514,100 174.90515899274337,-36.853816256935374,100 174.9051644082797,-36.853820977771875,100 174.90516574686586,-36.85382316815994,100 174.9051788217973,-36.85383882724313,100 174.9051842146905,-36.85384647594252,100 174.9051995414228,-36.853863612243245,100 174.905203124366,-36.85387271765835,100 174.90520401203756,-36.85387671341717,100 174.90520490357025,-36.85388470468393,100 174.90520444502977,-36.85388688062166,100 174.9052032853927,-36.85396571640352,100 174.90520414376968,-36.85397878716316,100 174.90520231339275,-36.853986423685555,100 174.9051976536076,-36.854031434811695,100 174.90519981276492,-36.8540623399461,100 174.90520203565129,-36.85407286241661,100 174.90520338310102,-36.854075409586336,100 174.9052038055349,-36.85408704882204,100 174.90521145797058,-36.85410086780955,100 174.90521190057532,-36.854103787312475,100 174.90521637914023,-36.85411214829437,100 174.90521819123686,-36.854116514997976,100 174.90521908575064,-36.85412015372245,100 174.90522043432298,-36.85412270087394,100 174.9052402637584,-36.854140222846844,100 174.90524836912098,-36.85415294937549,100 174.90525511535247,-36.854164600784,100 174.90526684166423,-36.85417264816546,100 174.90526955537905,-36.8541752022703,100 174.90527585588893,-36.85418322127753,100 174.90527855926723,-36.85418540420235,100 174.90528081654662,-36.85418832164835,100 174.90530696060932,-36.85421311969868,100 174.90531011417727,-36.854217849756765,100 174.90531416499155,-36.854222578947976,100 174.90532045892644,-36.854233494913636,100 174.90532226191974,-36.85423496490589,100 174.9053245077661,-36.85423751209012,100 174.9053281407815,-36.85424334759529,100 174.90533082860406,-36.85424625903813,100 174.9053339911369,-36.85424882036608,100 174.90533802863735,-36.854254278039726,100 174.90533937569228,-36.85425680899023,100 174.90534522542671,-36.85426410875424,100 174.90535200096195,-36.854274319371044,100 174.9053614712444,-36.85428451291664,100 174.90538080377186,-36.8543129164057,100 174.90538396180654,-36.85431656119586,100 174.90538441688037,-36.854318040182186,100 174.90538711054293,-36.854322406266995,100 174.90538934976843,-36.85432784860892,100 174.90540015932444,-36.854342788680285,100 174.90540287264716,-36.85434532656431,100 174.9054080570112,-36.85435281227834,100 174.90549050100006,-36.85461588899993,100 174.90557936800008,-36.85474954499994,100 174.90563218780602,-36.854793543465064,100 174.90563699186922,-36.85481118095605,100 174.9056392090315,-36.85482463100811,100 174.9056401156727,-36.85482681479735,100 174.90564144512845,-36.85483626909534,100 174.90564143331835,-36.854840264853735,100 174.90564231106723,-36.85484390474445,100 174.90564230709944,-36.854850068061126,100 174.9056498946555,-36.85487734662621,100 174.90565034962364,-36.85488135022129,100 174.90565170818348,-36.854884253230004,100 174.9056516816732,-36.85488643756304,100 174.90565348145105,-36.8548897192625,100 174.90565661977948,-36.85489771775521,100 174.90566111201895,-36.85490463818322,100 174.90566470912495,-36.85491299976228,100 174.90566741490048,-36.8549159100075,100 174.9056755099831,-36.854927583922105,100 174.90567686978372,-36.854931214278984,100 174.905679091075,-36.854943565549874,100 174.90568310949857,-36.854955930361534,100 174.90568447293947,-36.854957765222714,100 174.90568716452745,-36.854963942994154,100 174.9056916252025,-36.85497921198906,100 174.90569205390955,-36.85498793894233,100 174.90569474525427,-36.854991577688025,100 174.90569519510242,-36.85499411040432,100 174.9056992283465,-36.855005762030395,100 174.90570323379376,-36.85502903036449,100 174.90570454199164,-36.85503957019624,100 174.90571083274023,-36.85505920469544,100 174.9057139551817,-36.85507229862503,100 174.9057242984006,-36.85508977075029,100 174.90572609306273,-36.855091581569916,100 174.9057283445446,-36.85509304436267,100 174.90574008928002,-36.85510363223042,100 174.905758128973,-36.85511568744161,100 174.9057671678456,-36.85511898102568,100 174.9057843381685,-36.855127056409785,100 174.90579154863474,-36.855131064322606,100 174.90579517111942,-36.855133988704516,100 174.90581547128286,-36.855145338870095,100 174.9058204326287,-36.85514861132055,100 174.9058236004301,-36.8551500729348,100 174.9058398578895,-36.85515449456364,100 174.90584348010452,-36.85515487901771,100 174.9058480016024,-36.85515597641655,100 174.90589223135106,-36.85517867259204,100 174.90590126644136,-36.85518560667336,100 174.90590848105776,-36.85519289713382,100 174.9059147935387,-36.85519692124474,100 174.9059301524848,-36.85520386655818,100 174.90593648499308,-36.855206077784445,100 174.905949569182,-36.85521193292669,100 174.90595273863292,-36.85521413810312,100 174.90596085785765,-36.85521851719577,100 174.90596989139536,-36.85522218219509,100 174.9059978650386,-36.855241186770016,100 174.90599965971072,-36.85524299758517,100 174.9060082340332,-36.85524885565765,100 174.90601682238565,-36.85525396901095,100 174.90602810688134,-36.85526417756357,100 174.90603079624643,-36.855267103385756,100 174.90604253000416,-36.855274762997446,100 174.90605650585653,-36.855288609382974,100 174.90606176558154,-36.85529287353385,100 174.90601648200004,-36.85535026399998,100 174.90587940900002,-36.85546528499997,100 174.90585568400002,-36.85562345499994,100 174.90577472600012,-36.85573757599997,100 174.90566491000004,-36.85578457499996,100 174.905636526901,-36.85589228405399,100 174.9056308384373,-36.85589949931663,100 174.9056267455748,-36.85590274662734,100 174.90562356048804,-36.855908177708585,100 174.90562265474622,-36.85591108908871,100 174.90561811159026,-36.85591869611309,100 174.90561581786707,-36.855929579428086,100 174.9056190387865,-36.85594210128985,100 174.9055800210001,-36.856042039999984,100 174.90558888800012,-36.85607884499995,100 174.90564677300006,-36.85614541199993,100 174.90565106000008,-36.85630313299998,100 174.9055969000001,-36.85637167699997,100 174.90561095981627,-36.85684900937763,100 174.90560835224946,-36.85685950110674,100 174.90560831393233,-36.856865681196275,100 174.9056073947533,-36.85687184566862,100 174.90560784623185,-36.856875121048986,100 174.90560689633458,-36.8568870941436,100 174.90561448850883,-36.856920195177,100 174.90561628795632,-36.85692346155823,100 174.905618519517,-36.85693112037032,100 174.90563245150992,-36.856961662720835,100 174.90564233831003,-36.85697696006047,100 174.90565315037992,-36.85699008659408,100 174.90565722382726,-36.85699373291684,100 174.9056612562877,-36.85700029027081,100 174.9056639458389,-36.85700827973318,100 174.90566574542407,-36.85700902240519,100 174.90567421277785,-36.85701695633126,100 174.90584809200004,-36.85731366599998,100 174.9058493020001,-36.85735870299994,100 174.90565871800004,-36.85756487699996,100 174.90560700200012,-36.85772439699998,100 174.90541855200001,-36.85797559299992,100 174.90513023716434,-36.85821126569566,100 174.90512029217115,-36.85821340716906,100 174.90510645329942,-36.85821345058773,100 174.90510472054,-36.85821264464494,100 174.90509899942904,-36.858211305070014,100 174.905090371936,-36.85820729189825,100 174.9050859328666,-36.85820672042588,100 174.9050801125799,-36.85820680743267,100 174.9050731255088,-36.85820466975165,100 174.90506779717788,-36.85820442259128,100 174.90506565682003,-36.85820323741635,100 174.90506083452684,-36.858201913172714,100 174.90505633899755,-36.85820241067287,100 174.90505064268802,-36.85820071467513,100 174.90503990093168,-36.85820090401833,100 174.90503359866904,-36.85820168195339,100 174.90502856044023,-36.858203225576744,100 174.90501418484604,-36.858210790121575,100 174.905007241468,-36.858214026328625,100 174.9050039547184,-36.8582164071414,100 174.90500197402613,-36.858219168104064,100 174.90499764652256,-36.85822327090643,100 174.9049932679392,-36.858228072152,100 174.90498349017855,-36.85825846020395,100 174.90498181239744,-36.85826912993094,100 174.90497973440637,-36.8582733480907,100 174.90497330110384,-36.85828199487556,100 174.90496070913474,-36.85829539663279,100 174.90494874362253,-36.85831275236656,100 174.9049386483607,-36.85832267284142,100 174.90492450882144,-36.858338843034,100 174.9049023379407,-36.8583614593557,100 174.90489883412198,-36.85836666298566,100 174.90489695298245,-36.858368012680614,100 174.9048953565825,-36.85837152459259,100 174.90489340104094,-36.85837394354865,100 174.9048908716046,-36.85837814010181,100 174.90487525054348,-36.85839639626769,100 174.90486693168324,-36.85841249567415,100 174.90485114870717,-36.85843936567795,100 174.90484871916604,-36.85844211941241,100 174.90483777160546,-36.85846383924896,100 174.90483550858227,-36.858470182989464,100 174.90483392863766,-36.85847368021568,100 174.9048273643139,-36.85850280355916,100 174.9048279743332,-36.858506773123594,100 174.90482770993083,-36.85851035471536,100 174.90482870165002,-36.85851506085141,100 174.90482844018365,-36.85852508595824,100 174.90482532641047,-36.85854324526735,100 174.90482350576355,-36.85854996858375,100 174.90482309298014,-36.85855570581612,100 174.90482110673128,-36.858564568825365,100 174.90481966701424,-36.858584603090556,100 174.90482053589517,-36.858591093112466,100 174.904818073757,-36.858612865295704,100 174.90481648712353,-36.858622463687965,100 174.90481669695566,-36.8586440181807,100 174.90481717673293,-36.858655889032455,100 174.90481853717174,-36.85866202867135,100 174.9048214894333,-36.85868909495896,100 174.90482496754422,-36.85870255364717,100 174.90483278568107,-36.858723074934,100 174.90483301906798,-36.85873098481317,100 174.90483648102565,-36.85874320534133,100 174.9048365250877,-36.85874859454965,100 174.9048376263291,-36.85875224528247,100 174.90484133718576,-36.8587628349314,100 174.90484199716812,-36.85876610607018,100 174.90484473960123,-36.85877161786451,100 174.90484675601246,-36.85877458694676,100 174.90484961724744,-36.858784432202555,100 174.90485211528267,-36.858786695939386,100 174.90485245848254,-36.85878850209779,100 174.90485364969086,-36.85879035505041,100 174.90485350131078,-36.85879251069098,100 174.90485758701192,-36.85880419304349,100 174.90485782145473,-36.858807085237544,100 174.90485895655823,-36.85881002157908,100 174.9048599418474,-36.8588151009656,100 174.90486100907466,-36.85881873692096,100 174.9048772840977,-36.85881717191177,100 174.90515223700004,-36.85935736399995,100 174.90527852800005,-36.85953646999996,100 174.90535872100008,-36.859699180999925,100 174.90540345350163,-36.859740483530906,100 174.90540321226302,-36.85974184517485,100 174.9054036601547,-36.859743710942375,100 174.90540550061095,-36.859747813095105,100 174.90540549207992,-36.85975004400709,100 174.9054068929095,-36.85975451013362,100 174.9054241650969,-36.85977003335519,100 174.90542650597664,-36.85977414190394,100 174.90544040972978,-36.85978532608958,100 174.9054418095353,-36.85978722165805,100 174.90544738444123,-36.85979206339749,100 174.90545758205585,-36.8597991311826,100 174.90546593199218,-36.859806232202196,100 174.9054807885071,-36.85982190591784,100 174.90548819820717,-36.859827505086784,100 174.9054988729783,-36.85983495188396,100 174.90550211012675,-36.85983644303631,100 174.90550396523878,-36.85983792841087,100 174.9055164999659,-36.85984486160795,100 174.90553330500006,-36.85986037799995,100 174.9056756132023,-36.86005880874706,100 174.90567665476223,-36.860061780418654,100 174.90567665579735,-36.86006435097588,100 174.9056766344689,-36.860064847045734,100 174.90568558323875,-36.86008815234813,100 174.90568571697716,-36.860088614384665,100 174.9056998811301,-36.860133895925514,100 174.90570421688963,-36.86014208971797,100 174.90570462955282,-36.86014325932626,100 174.9057665295811,-36.86032287096595,100 174.90580558580888,-36.86038625110005,100 174.90580580207623,-36.860386603653936,100 174.90580942179065,-36.86039319916361,100 174.9058142819154,-36.860400329992785,100 174.9058148890378,-36.860401696575344,100 174.90581590273916,-36.86040398770345,100 174.90592560398179,-36.860549843204915,100 174.90592587487288,-36.86055027239615,100 174.90594144183754,-36.86057358418276,100 174.9059877007901,-36.860629294726564,100 174.90598769792652,-36.86063107578693,100 174.90605623025186,-36.86071965989592,100 174.90606338797346,-36.86072549561007,100 174.90606399494055,-36.86073191230688,100 174.906104762305,-36.86078265537397,100 174.90610524830385,-36.86078339026782,100 174.90611213917094,-36.86079397031766,100 174.90613294846582,-36.86081757743648,100 174.90613381840984,-36.86081904795977,100 174.9061514242401,-36.86084929333438,100 174.90615985076317,-36.86085983071925,100 174.90616028837835,-36.86086191386699,100 174.9061669738888,-36.86087009698451,100 174.90616781751692,-36.86087186266233,100 174.90616972068565,-36.86087573215558,100 174.9061976712804,-36.86091150882946,100 174.9061977266647,-36.86091161609969,100 174.90620786908642,-36.86092489571887,100 174.90633003716803,-36.861077298116186,100 174.90633054265547,-36.86107809488766,100 174.90633514503222,-36.86108527669771,100 174.90634460786356,-36.86109828960003,100 174.90642004652042,-36.861200566437994,100 174.90642078355467,-36.86120224008648,100 174.9064668492415,-36.86130701794559,100 174.90646716953816,-36.861308622569204,100 174.90647093937758,-36.86132703289276,100 174.9064729599106,-36.86133458600691,100 174.9064762134584,-36.86133853928243,100 174.90647618858685,-36.8613414203096,100 174.90647705128788,-36.86134264398383,100 174.90647766019256,-36.861345932154464,100 174.90647855082804,-36.861350717408676,100 174.90648331853046,-36.86136012733385,100 174.90648357134467,-36.861363033649134,100 174.90648375309794,-36.86136529215209,100 174.90649285859024,-36.86138608558641,100 174.90649314150724,-36.86138821718226,100 174.90649320690028,-36.86138872718312,100 174.9065110009438,-36.861422066424,100 174.9065109587224,-36.86142366244301,100 174.90651875409722,-36.861432584841914,100 174.9065192188904,-36.861435038896936,100 174.90653312608953,-36.861452030114215,100 174.90653354063372,-36.86145264267139,100 174.9065388868828,-36.86146046239054,100 174.90655101151307,-36.861472931428715,100 174.90655193038575,-36.86147429390609,100 174.906553191196,-36.86147614572302,100 174.90660947349633,-36.861523687818774,100 174.90665213884364,-36.861553504858165,100 174.90665350888133,-36.861554967352426,100 174.90671228955304,-36.861617231716004,100 174.90680627370116,-36.86175263494605,100 174.90681938038898,-36.86178067281786,100 174.90681972013385,-36.86178175075562,100 174.90682181473457,-36.86178880694655,100 174.90683811097728,-36.861817294013875,100 174.90683857833548,-36.86181858712241,100 174.90684089443224,-36.861824942134426,100 174.9068973877462,-36.8619350640474,100 174.90691385278546,-36.86195328142615,100 174.90691483549944,-36.8619550908333,100 174.9069174000865,-36.861959799645454,100 174.9069225482485,-36.86196542329726,100 174.90692347212794,-36.861966986686106,100 174.90694178303514,-36.86199773076396,100 174.9069423100151,-36.86199930142386,100 174.90694322865775,-36.862001917641585,100 174.90694842473064,-36.86200870142697,100 174.9069489277718,-36.86201129457106,100 174.90699012654272,-36.86207081197225,100 174.90703362197613,-36.86211830039741,100 174.9070339077719,-36.86211865183288,100 174.90708906441128,-36.86218499982603,100 174.90709384646553,-36.86218925122358,100 174.90709463198652,-36.862190166978024,100 174.90711375326393,-36.86221203711629,100 174.90712163594475,-36.86221846411137,100 174.9071230897674,-36.862220453430105,100 174.9071290714201,-36.86222874062263,100 174.90715034424113,-36.86224833344399,100 174.90719648200002,-36.86231480299995,100 174.90723689300012,-36.86235911999995,100 174.90734092900004,-36.862469912999984,100 174.90766155200004,-36.862914073999946,100 174.90778152300004,-36.86315978099997,100 174.9078156930001,-36.863384516999936,100 174.90784557200004,-36.86345162199995,100 174.90799123800002,-36.86365185899995,100 174.9081930220001,-36.86385101499997,100 174.9084221710001,-36.86402729099996,100 174.9086544810001,-36.86427101299995,100 174.90885935000009,-36.86458284999998,100 174.90888923100013,-36.86464995499996,100 174.90890918000002,-36.86471460499996,100 174.9090299190001,-36.86484755899993,100 174.909119077,-36.864932524,100 174.90914692,-36.86502258699994,100 174.90911948600012,-36.86515467999993,100 174.90915818000008,-36.86526925399994,100 174.90921673200012,-36.865358823999934,100 174.90939351500003,-36.86546706399996,100 174.90948850900008,-36.86558073299994,100 174.90949065900008,-36.86566709499993,100 174.90947305300006,-36.86578257399997,100 174.90952699900004,-36.865892787999925,100 174.90965966132808,-36.86601127368791,100 174.90966136366902,-36.86601467184054,100 174.90966176925292,-36.866016229115075,100 174.90966262016076,-36.86601954311886,100 174.9096964406367,-36.866083325062085,100 174.90969685017262,-36.866085671830845,100 174.90969817276977,-36.86609292784502,100 174.90970056882867,-36.86609774835892,100 174.90973139518607,-36.866141201332034,100 174.90973209534027,-36.8661427854178,100 174.90973414375193,-36.86614756465005,100 174.9097444700446,-36.86616303930859,100 174.90974490875058,-36.86616389932863,100 174.9097462600336,-36.86616658517953,100 174.90976531180408,-36.86618960155279,100 174.9097797019877,-36.86620204734041,100 174.90978115024174,-36.866204437801294,100 174.9097812217148,-36.866204560133525,100 174.9098162952574,-36.866237159598086,100 174.90982141508613,-36.8662392368685,100 174.9098231209881,-36.866240306356225,100 174.90983307102576,-36.86624648000581,100 174.9098442707768,-36.866250989555375,100 174.90984619719973,-36.86625253590254,100 174.90991442801982,-36.86627748641668,100 174.90998196696603,-36.86629913470356,100 174.90999307100003,-36.86630905199996,100 174.91004149100002,-36.86640289799992,100 174.90998283600004,-36.86651492199995,100 174.90997485200012,-36.86660556199996,100 174.9100589980001,-36.86669471999994,100 174.91012199419686,-36.866721872688956,100 174.91017317471383,-36.86677693006666,100 174.91022688100009,-36.86685658599998,100 174.91032843000005,-36.867027745999955,100 174.9104901710001,-36.86714856899995,100 174.91059366500008,-36.867192159999945,100 174.91067361600005,-36.86731841199998,100 174.91068534443886,-36.8674404074921,100 174.91066977358687,-36.86746382829617,100 174.91066971566855,-36.86746677204223,100 174.91066640100624,-36.86747443520402,100 174.91066588622013,-36.86747772699666,100 174.91064572437827,-36.86750874933431,100 174.9106438193848,-36.867514234766574,100 174.91054271110718,-36.867634471873444,100 174.91053939399123,-36.86764140680347,100 174.91052341729824,-36.86766877636506,100 174.91052319032212,-36.86768380324125,100 174.91052078894936,-36.86769075318894,100 174.91052014950816,-36.86770210119413,100 174.91051729568738,-36.86770831572834,100 174.9105169272199,-36.86773139818698,100 174.9105096012392,-36.867761046886606,100 174.91051073923686,-36.86777606443211,100 174.91050976838034,-36.86777973670481,100 174.91051018448215,-36.86778230058263,100 174.9105127845003,-36.86779075643266,100 174.910512753382,-36.86779405576959,100 174.9105166913225,-36.86780470375097,100 174.9105198025807,-36.86780913959813,100 174.91053000300775,-36.867830083619516,100 174.9105344820831,-36.86783525458132,100 174.91054159845916,-36.867847765858,100 174.9105469740738,-36.86785474757849,100 174.91055313233397,-36.86786946086721,100 174.9105620860714,-36.867880886248074,100 174.91058817075535,-36.867908936827796,100 174.91059434868032,-36.86791474857227,100 174.9106072930001,-36.867944825999984,100 174.91072051508215,-36.86812547994746,100 174.91070599276844,-36.86813400113146,100 174.91050000687991,-36.86825600319785,100 174.91041600398975,-36.86830500500724,100 174.91006799468477,-36.86828099909522,100 174.90985400771729,-36.86847300363194,100 174.9098170001942,-36.86850599741409,100 174.91017200259503,-36.86909299575233,100 174.91046999910856,-36.86958600496631,100 174.91063400271875,-36.86985600109113,100 174.91059600662052,-36.86986999313469,100 174.9104070007464,-36.86993900643597,100 174.91040199213697,-36.86994099957604,100 174.91001099914922,-36.870083994740604,100 174.90980599859577,-36.87015900474562,100 174.9093949948643,-36.870308994753245,100 174.90935899317202,-36.87032200616306,100 174.90896399706574,-36.870465996923,100 174.90894299617767,-36.87047400369751,100 174.9090300024466,-36.87061700638878,100 174.90908200696487,-36.87070299954722,100 174.9095340081822,-36.8705380062491,100 174.90958600649873,-36.87062499163558,100 174.90965799276233,-36.87074199329304,100 174.90967299730934,-36.870767994083465,100 174.90963200361412,-36.870782999321506,100 174.909462001,-36.87084499897079,100 174.90941499679633,-36.870861999818196,100 174.90924299931453,-36.870924994730245,100 174.90922099548442,-36.87093300415209,100 174.90905700336864,-36.87099299223414,100 174.908870004231,-36.87106099204835,100 174.90867099467022,-36.871134004788146,100 174.90855700769274,-36.87151099831943,100 174.9081669981181,-36.87159000585087,100 174.9081499993954,-36.87159399321182,100 174.90808800420012,-36.87140199526894,100 174.90788899642234,-36.871442993553735,100 174.90768999633033,-36.87148300173296,100 174.90773500634728,-36.87161900404164,100 174.90778200154512,-36.8717649917361,100 174.90782900777216,-36.87191200132772,100 174.9078869945496,-36.8720870035555,100 174.90794399518055,-36.87226199274152,100 174.90793099585073,-36.872264994695,100 174.90798300757197,-36.87242500199368,100 174.9079960069264,-36.87242200003388,100 174.90800899520423,-36.87246400392217,100 174.90802899182978,-36.87252400369864,100 174.9080470055927,-36.87258100417286,100 174.90809499744316,-36.87272799599649,100 174.90809899947388,-36.872740996371434,100 174.9081510014694,-36.87289999785845,100 174.90818799747385,-36.873013994917315,100 174.9082029961926,-36.87306000530727,100 174.90825399650777,-36.87321899398243,100 174.90827899479237,-36.87329499744226,100 174.90830599168984,-36.8733790013657,100 174.90835799460214,-36.873538002721205,100 174.9083610061869,-36.873546993694546,100 174.90841000668536,-36.873697994451895,100 174.90845099935459,-36.87382600043054,100 174.90846100829023,-36.87385699831384,100 174.90846599539566,-36.87386999636836,100 174.90840699992472,-36.874040997175435,100 174.90840300354856,-36.874055998061394,100 174.9084080009806,-36.874086991725605,100 174.90843499583877,-36.87426799398984,100 174.90843600433504,-36.874272003088734,100 174.90844000494593,-36.87429499280966,100 174.90846499612695,-36.87445899408454,100 174.90848999416463,-36.8746220037857,100 174.90849499544154,-36.87464999327864,100 174.90851600531175,-36.87478600217392,100 174.9085240036156,-36.87484200163555,100 174.9085410032361,-36.87494899743433,100 174.90856599488515,-36.87511299775762,100 174.90856800777712,-36.87512400479722,100 174.90859199634087,-36.875276005717154,100 174.9086170050803,-36.875440006645704,100 174.90864100170384,-36.875603004430246,100 174.9086440085203,-36.87562000190037,100 174.9086660001915,-36.87576599782599,100 174.90868299536123,-36.87588099918594,100 174.90869099247314,-36.87592999898729,100 174.9087159912266,-36.87609299325889,100 174.9087180056383,-36.87611099992508,100 174.9087529985026,-36.87617200511742,100 174.9088310040349,-36.87630799588237,100 174.9088349985551,-36.87631500256057,100 174.9089170000892,-36.87645800171895,100 174.90895099403153,-36.87651600257153,100 174.90899900714018,-36.8765999930488,100 174.9091120051167,-36.87655800539329,100 174.9091030024849,-36.876743996035636,100 174.9090930047481,-36.876928997691444,100 174.90908100575075,-36.87715699744535,100 174.90907800606874,-36.8772259975613,100 174.9090549955085,-36.87767700678544,100 174.90900200188733,-36.877685006726246,100 174.90905000684256,-36.877768004935575,100 174.90920800603732,-36.87785700215393,100 174.9092690049011,-36.877891991726536,100 174.90929699626395,-36.87735099213207,100 174.90952899563413,-36.87748399542416,100 174.90959599673675,-36.87752299837607,100 174.90976299307326,-36.87761799904308,100 174.90985900086565,-36.87767299815724,100 174.90992999918652,-36.877714006086016,100 174.91008700638528,-36.87780399510264,100 174.91009700533155,-36.877809997564356,100 174.91026399544918,-36.87790600438116,100 174.91031499623418,-36.877935007172034,100 174.91043099230603,-36.878001004073425,100 174.91054400623614,-36.87806600058218,100 174.91059799968846,-36.878096994806924,100 174.91076500786585,-36.87819300060839,100 174.91077199612326,-36.87819699642579,100 174.91093200709744,-36.87828800043899,100 174.91101900626674,-36.87833899201544,100 174.91109899815538,-36.87838400603255,100 174.9112660083101,-36.87847999575485,100 174.91143300019453,-36.87857600085182,100 174.9114769974432,-36.878600992275345,100 174.91160000104549,-36.878670998788635,100 174.91140199640472,-36.87889399140882,100 174.91127199357416,-36.87904000125914,100 174.91162500078963,-36.879242994966425,100 174.9118779981791,-36.879375002159094,100 174.91197000076858,-36.87942999275781,100 174.91318899443368,-36.88040700426565,100 174.91332000561545,-36.88051100120634,100 174.91356400786742,-36.88112300471757,100 174.91380200818168,-36.881723994655,100 174.91393499744052,-36.882058995001636,100 174.91450900700283,-36.883698994985636,100 174.91526900588372,-36.884359995711634,100 174.91610299854983,-36.884554997886504,100 174.9174940010584,-36.884879006062135,100 174.91935700188986,-36.88550500298954,100 174.91949899564707,-36.88500400500427,100 174.91959100040498,-36.88502099981556,100 174.91971900115664,-36.88504399877507,100 174.9198530008385,-36.88457100371447,100 174.91986100243273,-36.8845440070132,100 174.9199269965157,-36.88457800438842,100 174.9199569927327,-36.88459399566887,100 174.92022399903013,-36.88473199255369,100 174.92026300727437,-36.88475200577065,100 174.9205210020036,-36.884885996173274,100 174.9207259939186,-36.88499199904907,100 174.92055300605327,-36.88520799544011,100 174.9205320040499,-36.88523299413863,100 174.9204649923941,-36.8853169960419,100 174.92064399427542,-36.88541000310155,100 174.92079000493464,-36.88548499693353,100 174.92092400504592,-36.885555000423366,100 174.92113600448968,-36.885664997438234,100 174.92111199535188,-36.885695004819965,100 174.9211050078618,-36.885702997141344,100 174.92095399353218,-36.88589100434157,100 174.9209309935249,-36.88592000391952,100 174.9209040062109,-36.88595300672787,100 174.92099199897464,-36.88601500139137,100 174.9211439936342,-36.88612199300386,100 174.9209689963626,-36.88634100043243,100 174.92119299667428,-36.88645799935191,100 174.92129999137651,-36.88644999388829,100 174.92114000264354,-36.886645997844695,100 174.92095799649505,-36.88655199194514,100 174.92076300504237,-36.88679500361684,100 174.92080399558623,-36.88680599844757,100 174.92076499961925,-36.886961998091,100 174.92075699784027,-36.88699399805821,100 174.92071699175483,-36.88715599425762,100 174.92066700367786,-36.887203004946215,100 174.9207290033992,-36.88725499181149,100 174.92071200292648,-36.88732300429911,100 174.92067199658192,-36.8874849995816,100 174.92066399474152,-36.88751700044353,100 174.92065799819474,-36.88754399270884,100 174.92063200076515,-36.88764800325263,100 174.92062700044949,-36.88777699320081,100 174.9205709964423,-36.88800199771081,100 174.9205640001585,-36.888040994554814,100 174.92034099918675,-36.88795100075987,100 174.92023200543883,-36.88790599697953,100 174.9201580053907,-36.88787700536967,100 174.92011500523176,-36.88785899901277,100 174.9199059965012,-36.88791100608828,100 174.91943600330043,-36.88786199872138,100 174.91942600477492,-36.88787800544351,100 174.91921400802974,-36.887793992198084,100 174.91896599917996,-36.88796499775791,100 174.9189589981531,-36.88797000140556,100 174.91907099699915,-36.88803000530907,100 174.91926499845877,-36.88813400694642,100 174.9192059949919,-36.888229001018296,100 174.91911999219656,-36.88836599732088,100 174.919071002547,-36.888443004188595,100 174.9190139978831,-36.8885339982755,100 174.91936099233962,-36.888719004411946,100 174.91964200299748,-36.888867996566624,100 174.91972699561,-36.88892699414341,100 174.91997400369394,-36.88909900214117,100 174.92030599435247,-36.88921299973154,100 174.92023199327008,-36.889337005886325,100 174.92021399678364,-36.88936699971339,100 174.92015799482922,-36.88945799163937,100 174.92036799336995,-36.88956399960603,100 174.9200940033091,-36.889709993280434,100 174.92006400543193,-36.889725997954514,100 174.92009299410546,-36.88974800100976,100 174.92009100052485,-36.889929005082685,100 174.91999500378745,-36.88997999311833,100 174.92005500210158,-36.890155000956135,100 174.92007000546468,-36.89019699866015,100 174.92011599315052,-36.890328998555624,100 174.9201769951937,-36.89050400541297,100 174.92017900289207,-36.89051100142763,100 174.9200050070697,-36.890600003330654,100 174.9197760051542,-36.89035400289056,100 174.91970100068173,-36.890393992442796,100 174.91955399535203,-36.89047199855693,100 174.91953199297902,-36.89048400543927,100 174.91953100741802,-36.89048399162231,100 174.91941199787203,-36.89054799475237,100 174.91937300053624,-36.89056800141189,100 174.91929100096363,-36.89061200193557,100 174.919214000391,-36.89065300316911,100 174.91916699928512,-36.890677998981836,100 174.9190629980741,-36.8907340061503,100 174.91900999355292,-36.890762004738704,100 174.91922899739214,-36.89099900090525,100 174.91909800805834,-36.89106299990161,100 174.91905000064992,-36.89108600018853,100 174.91886200326263,-36.891177000439676,100 174.91858499894846,-36.8913400012828,100 174.9184079966983,-36.89144299371666,100 174.91830799970296,-36.891501996439665,100 174.91809900612614,-36.89165099544193,100 174.91806499260034,-36.89167500056249,100 174.91796500714716,-36.8917469962028,100 174.9178530040344,-36.89182699570996,100 174.91777199218328,-36.891884994737325,100 174.91760500514152,-36.892004006544056,100 174.9174800010078,-36.892093993981206,100 174.91742400756473,-36.89213400060272,100 174.91737100024108,-36.892074000219935,100 174.91725399918548,-36.891937993559075,100 174.917143995619,-36.89180999380302,100 174.91713699234256,-36.89180299454091,100 174.91696700232526,-36.89190400054463,100 174.91694799679672,-36.89191499328029,100 174.9167920020519,-36.892007001557374,100 174.9166470042051,-36.89210099715374,100 174.9164849996598,-36.892196998401396,100 174.9163200071637,-36.89229500259364,100 174.91621000881315,-36.89236000456231,100 174.91626600581898,-36.89241999960066,100 174.9162790026058,-36.89243499334741,100 174.91625500524458,-36.892496996339986,100 174.9162269976689,-36.892570995659796,100 174.91618600166353,-36.89267799712875,100 174.9161799974169,-36.89269600676829,100 174.9157970075109,-36.892605994138876,100 174.9156779938216,-36.89270900627055,100 174.91565499275507,-36.892729996659824,100 174.91553600567724,-36.89283399877053,100 174.91541500534854,-36.89293899673741,100 174.91527700465758,-36.89306000029823,100 174.9151420033485,-36.893182003574026,100 174.9151389974349,-36.89318399257543,100 174.9150070078919,-36.893303000734896,100 174.915001994457,-36.89330799914968,100 174.91487200572809,-36.89342500372364,100 174.914865999295,-36.893430995169,100 174.91473700313605,-36.89354700656886,100 174.91472900167625,-36.893553993675354,100 174.91460199973315,-36.89366899395433,100 174.91459300602554,-36.893677004718526,100 174.91446699630723,-36.893790997413475,100 174.91445599978508,-36.893800995405606,100 174.91433199240808,-36.89391299892717,100 174.9143200043829,-36.893924006138306,100 174.91419700492892,-36.894035000927126,100 174.9141589936965,-36.89406900279174,100 174.91406200019583,-36.894157003054744,100 174.91399599794678,-36.89421600239923,100 174.91392699501205,-36.89427900413787,100 174.91388300160838,-36.89431800727699,100 174.91379200624831,-36.89440100570732,100 174.913770996452,-36.89441900282776,100 174.91368000087408,-36.89450200207879,100 174.9136579991345,-36.89452099218905,100 174.91364300641683,-36.894534003600484,100 174.91371999743478,-36.89458800582567,100 174.9135940044657,-36.89470399285992,100 174.91355099588708,-36.894742994433706,100 174.91350400457972,-36.89471000343408,100 174.91342399622187,-36.894783994383594,100 174.9133799959739,-36.894824003320565,100 174.91329800288636,-36.89489999733941,100 174.91325600497098,-36.89493800369794,100 174.91317399481363,-36.8950139979078,100 174.91313299881682,-36.89505200160554,100 174.91304999303895,-36.89512700679872,100 174.9130089954166,-36.895164995158275,100 174.9130049915849,-36.89516900020212,100 174.91292600105905,-36.89524100685411,100 174.9128850033148,-36.89527899517366,100 174.91280299278785,-36.8953550035595,100 174.91276099401972,-36.895392995339066,100 174.9126370078539,-36.89550600355595,100 174.9126249946974,-36.89551800155192,100 174.9126720037487,-36.8956800017706,100 174.91270099891403,-36.89577899342968,100 174.9127050056653,-36.89582100240232,100 174.91271700822642,-36.89597099923549,100 174.91272400125746,-36.89607199189464,100 174.9127259993941,-36.896089998682534,100 174.9127280025271,-36.89612200645289,100 174.91273999856017,-36.896272995731245,100 174.91274999809562,-36.89640100742691,100 174.91275199503607,-36.89642400031964,100 174.91276399788097,-36.896573998930215,100 174.91277799452675,-36.896754997779254,100 174.91275800554843,-36.89674599735505,100 174.91264999341283,-36.89678799224069,100 174.91239599331234,-36.896779003987064,100 174.91235800411624,-36.89677800407957,100 174.9122899969278,-36.89683900505666,100 174.91213799536487,-36.89697499673859,100 174.91212200218004,-36.89698999254537,100 174.91210199376783,-36.89700800299985,100 174.91195899907615,-36.89706599637843,100 174.9118790034227,-36.89709900681297,100 174.91178499683275,-36.897137996719785,100 174.91170699390133,-36.89712399920847,100 174.9116640065189,-36.89711599517231,100 174.911467998765,-36.897080996015596,100 174.91137799558618,-36.89706499669747,100 174.91114700792048,-36.897286001368,100 174.9109690083222,-36.89738500341913,100 174.9107910082577,-36.89748400521503,100 174.91075900144614,-36.89750699716822,100 174.91061799372076,-36.897610997181324,100 174.91060199745186,-36.89762399641872,100 174.91054199239835,-36.89775999790662,100 174.91048899939224,-36.89788000175874,100 174.9103279954679,-36.89795900235899,100 174.9101639927951,-36.89803900005754,100 174.91015999203756,-36.898131994730655,100 174.91015499489552,-36.898229001867755,100 174.9101540044086,-36.898254001413825,100 174.90992799528172,-36.89824399986429,100 174.90970299880365,-36.89823500279452,100 174.9096879920043,-36.898551996771396,100 174.9095269948264,-36.89854499609107,100 174.90948099296537,-36.89853300183388,100 174.90940900420063,-36.89887699054917,100 174.90913999591362,-36.89884100427353,100 174.90908599555667,-36.89876995882528,100 174.90914540299175,-36.89850229598648,100 174.9092583277621,-36.8982837103561,100 174.90929074871838,-36.89821214374712,100 174.90929162889736,-36.89821017644332,100 174.9092946513624,-36.89821325092298,100 174.90951241167957,-36.8977926854063,100 174.9094979600426,-36.897774417294436,100 174.90996029818788,-36.89688084696634,100 174.90843012253097,-36.896851125659296,100 174.90841879251406,-36.89685089219436,100 174.90839625704072,-36.896850470128406,100 174.9084117617148,-36.896825834957475,100 174.90843281528961,-36.896804337346474,100 174.90844255710422,-36.89678198767165,100 174.90845258803643,-36.89677016434835,100 174.9084551711223,-36.89676537920872,100 174.90846940538538,-36.896742950138545,100 174.90847407737178,-36.89673304800213,100 174.9084784078491,-36.896726420432636,100 174.90848204648591,-36.89671220136324,100 174.90848724863056,-36.896688847552056,100 174.9084904174452,-36.896673923088954,100 174.908489700014,-36.8966641327848,100 174.90848997269515,-36.896658320311126,100 174.90848757026203,-36.89665328269074,100 174.90848381992708,-36.89664828475443,100 174.90848047411438,-36.896625872265005,100 174.90848069679842,-36.896618232722055,100 174.90847992219489,-36.89660700303042,100 174.9084765248823,-36.89659910258589,100 174.908475311586,-36.89658823686484,100 174.90847565500368,-36.89656863940034,100 174.9084703115248,-36.89655532175936,100 174.90846324141498,-36.89654458980098,100 174.908462216554,-36.896540613429785,100 174.90844825074183,-36.896510427360006,100 174.90843898385256,-36.89650156217454,100 174.9084334493408,-36.89649769521514,100 174.90843110447162,-36.89649411229686,100 174.9084054143619,-36.896480164366274,100 174.9083862996651,-36.8964740279601,100 174.90836684907566,-36.89647265320206,100 174.9083308050046,-36.89647449865882,100 174.90829370405763,-36.896470586340676,100 174.90828088635612,-36.89646396659013,100 174.9082740543073,-36.89646193572364,100 174.90826583509283,-36.8964585030605,100 174.90825215170037,-36.89645371156786,100 174.90822967898563,-36.89644111526061,100 174.90821416904427,-36.89643530307264,100 174.90816739164558,-36.896437214559256,100 174.90815809682044,-36.896437409847934,100 174.90814570358185,-36.89643931694182,100 174.90813557601678,-36.89644194294127,100 174.90812822987814,-36.896441979836574,100 174.90812087326523,-36.89644348875185,100 174.9081121364445,-36.89644387516537,100 174.90809741767765,-36.8964480224339,100 174.90808180125674,-36.89645028143866,100 174.90807075249933,-36.89644957834138,100 174.9080114502139,-36.896452392194156,100 174.90799903868222,-36.89644986958886,100 174.9079852389591,-36.8964484274288,100 174.9079769444212,-36.896444763415374,100 174.90795718484597,-36.89643967741938,100 174.90794934414956,-36.89643490560458,100 174.9079166799118,-36.896421328271664,100 174.90791115757082,-36.896414703960225,100 174.90790792500124,-36.89640399775321,100 174.90790561111967,-36.896400306168246,100 174.9079005406608,-36.896377397696355,100 174.90790144526895,-36.896372580042296,100 174.90790096725394,-36.89636334290198,100 174.90790371799994,-36.89635519496727,100 174.90790877594458,-36.89634483689465,100 174.90791104762897,-36.89634259758373,100 174.907922542165,-36.89632740329947,100 174.90794274014533,-36.89630624669564,100 174.90796932617567,-36.89626140539127,100 174.90797715211525,-36.896245485885075,100 174.90799039587682,-36.89619697782236,100 174.90798936282675,-36.89611452742504,100 174.90797001800988,-36.89607097823182,100 174.90796999171747,-36.89606433413775,100 174.9079681533086,-36.896058420377706,100 174.90796846657267,-36.89603832767097,100 174.90796963682558,-36.89603372296676,100 174.90797129755111,-36.89602997745184,100 174.9079736762846,-36.89602595361316,100 174.90797574068162,-36.89602305155673,100 174.90797915718787,-36.89601969334556,100 174.90798098487326,-36.89601823629897,100 174.90798283909925,-36.89601527632887,100 174.9079938983593,-36.89600310934644,100 174.90799434586887,-36.89600053069758,100 174.90799943090394,-36.89599243359273,100 174.90800220796683,-36.89598651509363,100 174.9080040420898,-36.89598468569894,100 174.9080054296899,-36.89598173412551,100 174.9080072737963,-36.895980260591024,100 174.90800726859106,-36.89597878972362,100 174.90801187748622,-36.89596847130732,100 174.90801234379495,-36.89596403383863,100 174.90801327906172,-36.89596220536294,100 174.90801373778748,-36.89595813935905,100 174.90801467024954,-36.895955567341055,100 174.9080137555316,-36.895951866801916,100 174.90801376807048,-36.895944123377326,100 174.90801193915206,-36.89594043842488,100 174.90801010749726,-36.89593858138931,100 174.90800781083354,-36.89593490485181,100 174.9080073422797,-36.89593231207599,100 174.90800048215138,-36.895924194141976,100 174.9079981774122,-36.89592271694997,100 174.90799635260078,-36.89592050378366,100 174.90799315264127,-36.89591791162045,100 174.90798762786395,-36.89591497374161,100 174.907983966127,-36.89591384642715,100 174.90797293672023,-36.89590941065092,100 174.90797110381024,-36.895909395928975,100 174.90796652473284,-36.89590757220954,100 174.90795825228594,-36.895905333724066,100 174.90795364561433,-36.89590312288064,100 174.90792793725123,-36.89589793955172,100 174.9079122963507,-36.895896822588846,100 174.90790680237686,-36.89589755527978,100 174.90788747550292,-36.895901954099955,100 174.9078778315408,-36.895902682245,100 174.90785022765164,-36.89591223074489,100 174.9078451758899,-36.8959133267718,100 174.90783780859263,-36.895917018833025,100 174.907835070343,-36.89591737557263,100 174.90781391646414,-36.89592510705725,100 174.90781023578515,-36.8959276808536,100 174.90780702337202,-36.895928419255576,100 174.90779735493933,-36.89593393378604,100 174.90778676876164,-36.89593873569269,100 174.90778309970636,-36.89593983835044,100 174.9077628564948,-36.89595493969805,100 174.90774741065155,-36.89596219823333,100 174.90774393448373,-36.89596527888894,100 174.9077405244541,-36.89596826654772,100 174.90773714803188,-36.895971206798094,100 174.90773378803186,-36.89597413056092,100 174.90773039368364,-36.895977072000335,100 174.90772696720808,-36.89598007524529,100 174.90772345745333,-36.8959832042096,100 174.9077198479521,-36.89598647357887,100 174.9077161035711,-36.895989914562136,100 174.90771215938335,-36.895993578676034,100 174.90770825494923,-36.895997442243925,100 174.9077044567886,-36.89600142758537,100 174.90770068117413,-36.8960055522689,100 174.90769683946542,-36.896009816816836,100 174.90769282772138,-36.89601419315506,100 174.9076885947229,-36.8960186974286,100 174.9076840028764,-36.89602334716973,100 174.90767899981864,-36.89602811257459,100 174.9076734636828,-36.896033011824095,100 174.9076672923673,-36.89603804565676,100 174.90766072859552,-36.89604327236504,100 174.9076539458791,-36.896048719807055,100 174.90764687388454,-36.896054357566186,100 174.9076394094335,-36.896060143134875,100 174.90763149747073,-36.89606602872611,100 174.90762305200286,-36.89607198597743,100 174.90761401797494,-36.89607792203581,100 174.90760427461944,-36.89608380909717,100 174.90759376845145,-36.896089617375516,100 174.90758239355566,-36.896095284578074,100 174.90757009956508,-36.89610086108597,100 174.90755687304053,-36.89610643814789,100 174.9075427969466,-36.896111967562575,100 174.9075280302572,-36.89611747922414,100 174.90751270827755,-36.896122953834336,100 174.907496885233,-36.89612840584453,100 174.9074807140628,-36.89613380305499,100 174.9074643177554,-36.8961391723326,100 174.9074477983902,-36.8961444669721,100 174.90743129618562,-36.896149729787645,100 174.90741429336404,-36.89615503308759,100 174.90739641232108,-36.896160490192365,100 174.90737790987092,-36.89616595907589,100 174.9073590615602,-36.896171419089356,100 174.90734010809447,-36.89617680237379,100 174.90732132205983,-36.89618201442012,100 174.9073029265282,-36.89618700027131,100 174.90728523260657,-36.89619168012249,100 174.9072684787801,-36.89619598705226,100 174.90725292377033,-36.89619985561701,100 174.90723833941422,-36.89620322638861,100 174.90722429767362,-36.8962062152999,100 174.90721085207838,-36.89620885393904,100 174.90719800222465,-36.896211171154846,100 174.9071857516115,-36.89621326243109,100 174.90717410131555,-36.89621517101392,100 174.90716306901535,-36.89621693086973,100 174.90715267377982,-36.89621863182436,100 174.9071429007118,-36.89622030656457,100 174.9071337689255,-36.896222001652205,100 174.90712555170202,-36.896223695574484,100 174.90711840339563,-36.896225277695066,100 174.90711211803034,-36.89622676844639,100 174.90710653847142,-36.896228166746255,100 174.90710143897783,-36.89622946540347,100 174.90709663214997,-36.89623066472304,100 174.9070919602695,-36.89623178526365,100 174.90708725240418,-36.896232812644755,100 174.90708224723096,-36.8962337528648,100 174.90707682622536,-36.896234623149105,100 174.9070711407576,-36.89623532823151,100 174.90706541742094,-36.89623590953975,100 174.90705969137082,-36.89623638183179,100 174.90705397907476,-36.89623673042215,100 174.90704826525382,-36.89623701774706,100 174.90704254988557,-36.89623724290561,100 174.9070368333731,-36.89623746718094,100 174.9070311011785,-36.89623769260909,100 174.9070253869537,-36.896237963715656,100 174.90701967315437,-36.8962382970061,100 174.90684257627169,-36.89680955920179,100 174.90667125887614,-36.897520584056046,100 174.90659720776893,-36.8981267148421,100 174.90611199264936,-36.89800099844225,100 174.90632300225175,-36.897439993547785,100 174.90586500206558,-36.89736799857797,100 174.90583900405437,-36.897351004971256,100 174.90583400140602,-36.89734000443612,100 174.90583599493854,-36.89733199307914,100 174.90583800069655,-36.897314998989216,100 174.9058360067304,-36.89731099217682,100 174.90583800723317,-36.89729500494354,100 174.90585600325733,-36.897254002743125,100 174.90587599400567,-36.897228993969904,100 174.90588799973034,-36.89722300494986,100 174.9059100012535,-36.89720200271288,100 174.9059210070671,-36.89719799821316,100 174.9059379918062,-36.897191999596366,100 174.90597500094557,-36.8971729936003,100 174.90599000631568,-36.89716100413052,100 174.90599399267592,-36.89715699959907,100 174.90600200153543,-36.89714200744405,100 174.90600600576377,-36.89712599977151,100 174.90600600186278,-36.897117001073596,100 174.9060089940163,-36.89708300040337,100 174.9060049934569,-36.897071998215694,100 174.90599700152225,-36.897056001879385,100 174.90599600450048,-36.89704799704803,100 174.90598899906422,-36.897026996084776,100 174.90598300747806,-36.897013999682464,100 174.90597399806452,-36.897000002571566,100 174.9059729919402,-36.896997992553224,100 174.90597299981806,-36.8969970009768,100 174.90596699653491,-36.8969880003048,100 174.90595499239134,-36.8969649984076,100 174.90595299636738,-36.89695400641397,100 174.9059509930538,-36.89694899207952,100 174.905949001123,-36.896911006441414,100 174.90595199158028,-36.896898997061385,100 174.90595499801444,-36.89689200596464,100 174.90595900103497,-36.89688100243117,100 174.90598000162262,-36.89679500055571,100 174.90598400720856,-36.89678599520265,100 174.90599000275927,-36.896759994206924,100 174.9059950068929,-36.89674200291117,100 174.90599599751374,-36.89672200659266,100 174.90600099743946,-36.896707004135344,100 174.9060039983335,-36.896696001358805,100 174.90600999652176,-36.896684001396814,100 174.9060159997074,-36.89668099921413,100 174.90601499901672,-36.896670997120175,100 174.90600900363356,-36.896661004872755,100 174.90600300276807,-36.89664700274821,100 174.90599699568708,-36.89664100623154,100 174.90598999548985,-36.89663600358114,100 174.905985998833,-36.896633999189014,100 174.90597899226194,-36.896630003412675,100 174.905949999675,-36.89660400143275,100 174.90594400649707,-36.89659599204654,100 174.90593000395017,-36.89658400477448,100 174.90590700174994,-36.896558996353995,100 174.9058560001868,-36.89650699295856,100 174.90584500612783,-36.896494998863574,100 174.90584300211626,-36.89649000076164,100 174.905842991667,-36.89648899415679,100 174.90584100560378,-36.89648399576683,100 174.9058400011095,-36.89647699782559,100 174.9058360031565,-36.896467992909976,100 174.90583699370174,-36.89645299981048,100 174.90583800490592,-36.89644700333851,100 174.9058390068491,-36.8964109931164,100 174.90583600460798,-36.89640299341764,100 174.9058379985012,-36.89639499737646,100 174.9058409995478,-36.89637899228445,100 174.9058370043866,-36.89636500123112,100 174.90583500801793,-36.896353993917224,100 174.9058349954031,-36.89635100534818,100 174.90583299508722,-36.89634800540926,100 174.90583399203342,-36.89634400738869,100 174.90583000042065,-36.89632199274261,100 174.90581400763162,-36.896295993047815,100 174.9058089962998,-36.89629100173744,100 174.90580899260968,-36.896289003573976,100 174.90577199176994,-36.89625400599495,100 174.90569099580213,-36.8962239982424,100 174.9056630030022,-36.89622000115645,100 174.90564499845016,-36.89621400061922,100 174.9056099912374,-36.89620699839789,100 174.9055619948609,-36.896188997560394,100 174.90554400189043,-36.896184003594406,100 174.90546900057535,-36.89617600525054,100 174.90544800514704,-36.89616999497907,100 174.90543000430245,-36.89616599257217,100 174.90542200504245,-36.896163005037934,100 174.9053869990148,-36.89615600363252,100 174.90536700314559,-36.89614799441163,100 174.90535299523273,-36.89613199358378,100 174.9053409968867,-36.89611300239138,100 174.90531300553525,-36.89607999806868,100 174.90530699181036,-36.89607499397348,100 174.9052850041055,-36.89605800530759,100 174.90528100494257,-36.896054002708226,100 174.90526799645914,-36.896041006156196,100 174.90522300275265,-36.89600199865692,100 174.90519300232148,-36.895984005541244,100 174.90518999592854,-36.89597899466311,100 174.90516699322868,-36.89595900373939,100 174.90516299662826,-36.89595699931774,100 174.90515300057598,-36.89594799143937,100 174.90515099664734,-36.895942994224576,100 174.9051339958016,-36.895925002592286,100 174.9051329976036,-36.89592200098862,100 174.90511700017774,-36.89589900626444,100 174.90511700515896,-36.89589600209012,100 174.90510199435602,-36.89585599988329,100 174.90510299388487,-36.89585400004979,100 174.9050959969164,-36.89582700602326,100 174.90509799962228,-36.89582500361953,100 174.90510200601062,-36.89575599931314,100 174.90511199597478,-36.895737006032924,100 174.90512600270702,-36.89570999689411,100 174.90516199585204,-36.89563999372485,100 174.90521499319385,-36.89555400240887,100 174.90521499960204,-36.89555299643464,100 174.90522400408375,-36.89553900684882,100 174.90522699218624,-36.89553199983922,100 174.90525699740465,-36.89547500407581,100 174.90525799822646,-36.89546800190259,100 174.90526699480316,-36.895455003890675,100 174.90526799562386,-36.89544800171738,100 174.9053060054648,-36.89538600141055,100 174.9053099916395,-36.89537499636389,100 174.9053289972647,-36.89535000528447,100 174.9053440009525,-36.89532599864376,100 174.90535499267904,-36.895312005111435,100 174.90535599604578,-36.895307001119654,100 174.90535900575293,-36.89530199198331,100 174.9053889957872,-36.89523500621614,100 174.9053920080458,-36.895231995261206,100 174.90539500403054,-36.89522399757193,100 174.90539799745835,-36.89521400170043,100 174.90543899859222,-36.8951880034031,100 174.90556599583738,-36.89510699163532,100 174.90572400445816,-36.89487000384214,100 174.90577900167452,-36.89478699690554,100 174.90579499821288,-36.894761996348365,100 174.9058099927001,-36.89473699834712,100 174.90582300630075,-36.894710998315055,100 174.90583499492746,-36.89468800440092,100 174.90584500341188,-36.89466399312264,100 174.90585399226157,-36.89463999910512,100 174.90586199551154,-36.894615992058995,100 174.90587000553776,-36.89459099435452,100 174.90587600393764,-36.89456700685752,100 174.90588100741397,-36.89454199970924,100 174.90592299549675,-36.89432799920747,100 174.90592900645308,-36.89429499832028,100 174.90593400487649,-36.894260991584446,100 174.90593699815076,-36.89422699178579,100 174.90593900507096,-36.89419299339279,100 174.90593999184765,-36.89416399926573,100 174.90593900030757,-36.89413600039201,100 174.90593799944156,-36.89410699489492,100 174.90593600474986,-36.89407899859758,100 174.90593300912744,-36.894051003939744,100 174.90592899990574,-36.894022005253035,100 174.90592399760223,-36.8939940004315,100 174.9059179932272,-36.89396599636609,100 174.9059110036523,-36.893937994588576,100 174.90589899539214,-36.8938940064325,100 174.90608200626508,-36.8938429961557,100 174.90625999805764,-36.89379300261838,100 174.90643800605213,-36.89374299323415,100 174.90661599625994,-36.89369300009462,100 174.90679300330797,-36.89363800483316,100 174.90697299681415,-36.8935810064044,100 174.90715799349178,-36.89352300532549,100 174.90722999892026,-36.893500003923315,100 174.9072570006,-36.893412999624935,100 174.9073049958618,-36.89326000438073,100 174.90763144864297,-36.89332652857049,100 174.90768583950685,-36.89333756956727,100 174.90775351271418,-36.89312244659523,100 174.90778300181245,-36.892830999426415,100 174.90786172528016,-36.89275988372427,100 174.90750458135346,-36.892566800436946,100 174.90743000392453,-36.892588003707516,100 174.9073739937057,-36.89260299433308,100 174.90706700027306,-36.89225100678551,100 174.9071049931102,-36.89223199908399,100 174.9071279975221,-36.89221299226902,100 174.90729600267514,-36.89207500499344,100 174.9074579999245,-36.89194299326341,100 174.90779399325194,-36.891553001027454,100 174.90780899636852,-36.891500002273716,100 174.90782199651488,-36.891453992065685,100 174.90785099949466,-36.89135299855977,100 174.9078799919313,-36.89125099844258,100 174.90789300132735,-36.89120599394922,100 174.90793500455857,-36.89105900642516,100 174.90794200368998,-36.891035000945976,100 174.90797699674096,-36.89091099516445,100 174.90798800617517,-36.890874995412084,100 174.90801700870412,-36.89077400006691,100 174.9080580005111,-36.89062800577162,100 174.9080610009079,-36.89061700294767,100 174.90810300201588,-36.89046999916965,100 174.90814500409618,-36.89032299535988,100 174.9081700023833,-36.89023799240306,100 174.90813900060408,-36.89016700591985,100 174.9080850048073,-36.890040996439765,100 174.90816400007148,-36.89001900166109,100 174.90836593330295,-36.890056486429465,100 174.90845044803424,-36.88976037844388,100 174.90837587687906,-36.88939011237149,100 174.9082419937847,-36.8890650033383,100 174.9083660088475,-36.88900299941943,100 174.908482008631,-36.88894500703237,100 174.9083709931633,-36.88885000518076,100 174.9082290058411,-36.88872799882094,100 174.9082619939701,-36.888610997742795,100 174.90827899609215,-36.888548995976464,100 174.90831699992495,-36.888416992969915,100 174.9083229997575,-36.88839500264255,100 174.90837300385073,-36.88821900543152,100 174.9084710001404,-36.88823700227677,100 174.9086789929227,-36.88827499941771,100 174.9087720027126,-36.888292000862116,100 174.9088870038421,-36.888312995899824,100 174.90896999114298,-36.88801999637508,100 174.90885300129057,-36.88780100096901,100 174.9089070021914,-36.88761199997521,100 174.90895500098023,-36.88744300554783,100 174.90895699661237,-36.8874369923244,100 174.90900299809232,-36.88727399670524,100 174.90900599562383,-36.887260996578256,100 174.90905000353078,-36.887105996131055,100 174.90905599634436,-36.88708499733004,100 174.90909800061252,-36.88693700166838,100 174.90910499274074,-36.88691400390233,100 174.9091459982608,-36.886767992754436,100 174.90915200784974,-36.88674699367854,100 174.90919399495047,-36.88659899825597,100 174.9092070029445,-36.88655399543192,100 174.90924199258816,-36.88643000462257,100 174.90925400491398,-36.88638399660121,100 174.90929000535073,-36.88626099540258,100 174.90933699952578,-36.88609200343487,100 174.90938500289084,-36.885922001971785,100 174.90940100397188,-36.88592500214307,100 174.90940899891154,-36.88589699943733,100 174.90945200716385,-36.88574399870118,100 174.90950000528375,-36.88557700227122,100 174.90954700088832,-36.88540999219207,100 174.90955000763643,-36.88539799867521,100 174.90959399670737,-36.885242998313004,100 174.90964199537152,-36.88507600181215,100 174.9096890072515,-36.88490899231164,100 174.90973700553002,-36.88474199577541,100 174.90978400056412,-36.88457500092601,100 174.90983099543118,-36.8844080069604,100 174.90987899162914,-36.884240995073036,100 174.91026104845966,-36.8843114199126,100 174.91029841399575,-36.88417778521873,100 174.9102467978112,-36.88411201135834,100 174.91029612584987,-36.88393500208969,100 174.91037793671754,-36.88389362732733,100 174.9104476313378,-36.88364441205268,100 174.91021476972887,-36.88360168562505,100 174.91001800060545,-36.883566001786654,100 174.90982100597103,-36.88352900531863,100 174.90962400253215,-36.883492999212635,100 174.90960399286087,-36.88348999319954,100 174.9094019920604,-36.88345200032936,100 174.90920000262503,-36.88341499657879,100 174.9089809930701,-36.883374997808,100 174.90876200050533,-36.8833349965543,100 174.90854300817466,-36.883294995790905,100 174.908325001122,-36.8832549923123,100 174.9081059927496,-36.88321500541502,100 174.9078989991408,-36.88317700543865,100 174.90720699149043,-36.883049995650985,100 174.90676899358718,-36.882970002567056,100 174.90672800271946,-36.882961991612866,100 174.90633400445347,-36.882890001031825,100 174.90591900197134,-36.882813997254694,100 174.90494500676385,-36.882636000135776,100 174.90473800601094,-36.882597003265325,100 174.90476500107061,-36.88249900340257,100 174.90477600732464,-36.882461004821515,100 174.90499000798258,-36.881708001945704,100 174.90500099971229,-36.88167200090103,100 174.90508399592522,-36.88137900356285,100 174.90516899413598,-36.881079002341345,100 174.90522299117836,-36.880890994293225,100 174.90527599650318,-36.88070399357642,100 174.90529400689374,-36.88063900343013,100 174.9053890031147,-36.880303993030594,100 174.90539999986004,-36.88026500308693,100 174.90495000524095,-36.880183001634265,100 174.90486700633173,-36.880166997420126,100 174.90512800652357,-36.87996399699365,100 174.90502099287872,-36.87982199572233,100 174.90491499298403,-36.879680996583446,100 174.9047019926353,-36.87939900412558,100 174.90446600621462,-36.879339998776686,100 174.9043370056974,-36.879169995569626,100 174.9042089987526,-36.878999001055774,100 174.90428900550958,-36.878960001034876,100 174.90437800029247,-36.87891599515564,100 174.90454799576878,-36.878833993379104,100 174.90461599842828,-36.87880099730356,100 174.90471699582324,-36.87875100234959,100 174.9047620025077,-36.87872900596615,100 174.90488700850113,-36.87866899981875,100 174.90490900133784,-36.87865800257261,100 174.90475899836127,-36.87845999994442,100 174.9049049937404,-36.87838899912834,100 174.90505199971304,-36.87831700489776,100 174.90472199288152,-36.87788000559408,100 174.904596003018,-36.87772900105299,100 174.9043540062729,-36.877409001581796,100 174.90434999777995,-36.877403993202286,100 174.90426100433365,-36.87728499691059,100 174.90412699552664,-36.877108004589886,100 174.9040383310148,-36.87689293642836,100 174.90404141949128,-36.8768908517457,100 174.90404954483657,-36.876887796732134,100 174.904054567373,-36.87688502939633,100 174.9040581599031,-36.87688368022466,100 174.90406225897695,-36.87688126928987,100 174.90406679291218,-36.87687956342897,100 174.9040704343139,-36.87687751675237,100 174.90407632381212,-36.87687546108408,100 174.9040831084162,-36.87687204269274,100 174.90414654770962,-36.876844732561956,100 174.9041523625132,-36.87684378040296,100 174.9041577774911,-36.87684208835818,100 174.9041700366598,-36.87683662184132,100 174.9041745526464,-36.87683491626407,100 174.90419272177587,-36.87682564337781,100 174.90419996641913,-36.8768225889505,100 174.90420674386337,-36.87682019276515,100 174.9042139488532,-36.87681820703817,100 174.904254410198,-36.87679686325801,100 174.90429596028494,-36.87676984802487,100 174.9043120192441,-36.87675732993868,100 174.9043179632422,-36.87675353924307,100 174.90434663341745,-36.876737669784625,100 174.9043661112339,-36.876729504348496,100 174.90437735815047,-36.8767268283033,100 174.9043928621973,-36.87671681305724,100 174.90440159722888,-36.87670948770146,100 174.90441029153254,-36.87670323286614,100 174.90442971860966,-36.876684352425826,100 174.9044411079631,-36.87667742886872,100 174.90444433278518,-36.87667464617014,100 174.90445165667933,-36.876669453424824,100 174.90445442417044,-36.876667003434186,100 174.90448322800688,-36.876647212856284,100 174.9044887458475,-36.876642345595876,100 174.9044946909492,-36.87663855487384,100 174.9044997362344,-36.87663471728663,100 174.90452057131958,-36.8766129931248,100 174.9045260746699,-36.87660885255985,100 174.90453069583407,-36.8766046522288,100 174.90454740057547,-36.87658606688055,100 174.9045654236433,-36.87656893045005,100 174.90456952950007,-36.87656616156479,100 174.90457738233258,-36.87655882239838,100 174.90458064517105,-36.876554273398575,100 174.90458485746456,-36.87654969205223,100 174.90461058077705,-36.87652846905794,100 174.90461835280647,-36.87652325199298,100 174.90462335087443,-36.8765208563701,100 174.9046302318529,-36.876515267824246,100 174.90463433925112,-36.87651251603716,100 174.90465280960447,-36.876494689221296,100 174.90465797490978,-36.87648764460528,100 174.90466136621518,-36.87648022824376,100 174.90467692456818,-36.87645700142652,100 174.904678767111,-36.87645489343951,100 174.90468022625905,-36.87645135218934,100 174.90468497351634,-36.876443602230786,100 174.90468596129966,-36.8764411384059,100 174.90469111549294,-36.87643373704344,100 174.90469826205023,-36.87642140686018,100 174.90471104300548,-36.87639336644639,100 174.90471600086457,-36.87638316512184,100 174.9047170123059,-36.876380343994214,100 174.90471982182888,-36.87637755442689,100 174.90472224714853,-36.87637334422795,100 174.90472702468531,-36.876366678071626,100 174.904733321695,-36.87635614432018,100 174.90473660078356,-36.87634272064751,100 174.9047358489528,-36.87633986920422,100 174.90473560848824,-36.876334886049584,100 174.90473332428562,-36.87632594371053,100 174.90473009459407,-36.87631841267681,100 174.9047283613428,-36.87631697131223,100 174.90472644000076,-36.87631053243346,100 174.90472659203482,-36.876306626373946,100 174.9047272685432,-36.87630165826122,100 174.90472923698096,-36.87629779879059,100 174.90473160635375,-36.87629535607794,100 174.90474692201755,-36.87628286607506,100 174.90477675807068,-36.87626733204165,100 174.90479048098683,-36.876259779770514,100 174.9048071070791,-36.876254111579705,100 174.90483925776235,-36.87624612593807,100 174.9048690575251,-36.8762381193966,100 174.9048986872513,-36.876222636411235,100 174.9049262747567,-36.87621084282444,100 174.90493296829996,-36.876207240173336,100 174.9049406477672,-36.87620177670858,100 174.90497737536955,-36.876184200590785,100 174.90498924892634,-36.87617920525576,100 174.90500300836803,-36.876174253587536,100 174.90508120197353,-36.876135425442236,100 174.9050941494929,-36.87612673999139,100 174.90510845201578,-36.876119534411366,100 174.90511605529346,-36.87611633357193,100 174.90517328884104,-36.876086469829154,100 174.90519481869288,-36.876073079742106,100 174.90520243565786,-36.87606912066666,100 174.90520820183917,-36.876065130882964,100 174.90522499636694,-36.876052382759724,100 174.90524550181095,-36.8760419690306,100 174.90526859380503,-36.87602376696162,100 174.9053062621075,-36.876004593838694,100 174.90531960711195,-36.87599398217498,100 174.90532826303564,-36.87598442815261,100 174.9053316054436,-36.87598150383981,100 174.90533353884038,-36.87597889956047,100 174.90535063986127,-36.87596724521473,100 174.90535444487983,-36.87596356899068,100 174.90537437498708,-36.87595045599702,100 174.90538965522674,-36.87593726975967,100 174.9053948777369,-36.87593361496487,100 174.9054001387182,-36.875928844618635,100 174.9054039160317,-36.87592667224101,100 174.90543149129095,-36.87590622154567,100 174.90543672416493,-36.87590293882848,100 174.90545231706867,-36.87589425417406,100 174.90546847315662,-36.87588218323448,100 174.905475637385,-36.8758755824205,100 174.905481341965,-36.875871191622565,100 174.90548463871966,-36.8758697714414,100 174.9054902755823,-36.875867982941905,100 174.9054949578136,-36.875867327391866,100 174.9055145134323,-36.87586767890842,100 174.90552144321873,-36.87586893506282,100 174.90557134565984,-36.87586610216598,100 174.90557743463452,-36.87586508064539,100 174.90558721180867,-36.87586489227372,100 174.90559143434965,-36.87586384210411,100 174.90560263587318,-36.875863319027474,100 174.90560683361443,-36.875862625276945,100 174.90561801033837,-36.87586245861848,100 174.90562082573163,-36.87586175819839,100 174.90567619794888,-36.87586242207466,100 174.90568002165358,-36.87586193621729,100 174.90569351806658,-36.87585940603237,100 174.9057095747055,-36.87585376307504,100 174.90571941587973,-36.87584838566174,100 174.90572918464292,-36.87584158442059,100 174.90573262269257,-36.875839665338134,100 174.90573641211486,-36.875836671652344,100 174.90574411527075,-36.875832074827365,100 174.9057560120772,-36.87582413713171,100 174.90575945124684,-36.87582221803054,100 174.90576453160304,-36.87581844201911,100 174.90577592461594,-36.87580910273693,100 174.90578018862087,-36.875806425912295,100 174.90580704925802,-36.87578259672624,100 174.90581469920795,-36.875777304029086,100 174.90581763437618,-36.875774697191545,100 174.90582340589287,-36.875767719413474,100 174.9058309379562,-36.87576066291843,100 174.9058376789563,-36.87575504590448,100 174.905844924737,-36.87575014815852,100 174.90585542833705,-36.87574118096142,100 174.90586749226267,-36.87572859336238,100 174.90587700681817,-36.87571756899152,100 174.90587940344892,-36.875713562027066,100 174.90588188044563,-36.87571062183877,100 174.9058859277358,-36.87570441711107,100 174.9058941444102,-36.875687034910854,100 174.9058961453179,-36.875683762561884,100 174.90589690810947,-36.875681953090506,100 174.9059026328669,-36.87567390709203,100 174.90591443040836,-36.87566418906153,100 174.90592650799874,-36.87564452406431,100 174.9059316215745,-36.875634367061025,100 174.90593233799981,-36.87563150468895,100 174.9059355406229,-36.87562602735676,100 174.90593771903826,-36.87561847719349,100 174.9059393532761,-36.87561629591686,100 174.90594126384607,-36.87561160092913,100 174.90594325590413,-36.875607972699555,100 174.90594581933075,-36.8755993473926,100 174.9059473613062,-36.87559571106117,100 174.9059504515448,-36.87556720677787,100 174.90595085084183,-36.8755451765912,100 174.90595181367115,-36.87553236779299,100 174.90595256685114,-36.87553021687475,100 174.90595258971888,-36.875523463810296,100 174.9059537107083,-36.87552022270201,100 174.90595427361103,-36.875514885061065,100 174.90595716846767,-36.87550447342618,100 174.90595914219853,-36.87550083016787,100 174.905961337811,-36.87549329505068,100 174.9059645408297,-36.875487833935125,100 174.9059680349388,-36.87547277989569,100 174.905981566668,-36.87543425665692,100 174.90598460112648,-36.875418854870716,100 174.9059850611007,-36.87537696940882,100 174.90598569715496,-36.87537304026027,100 174.9059854685963,-36.875369125884255,100 174.9059865864201,-36.87535880675176,100 174.9059863781992,-36.8753556203169,100 174.90599013906493,-36.87533771292095,100 174.90599097829428,-36.87532986156856,100 174.90599885174527,-36.8752929865877,100 174.9060079079617,-36.87526776834432,100 174.90600874718882,-36.875259916991794,100 174.90600907830571,-36.87525874987661,100 174.90601093602433,-36.87525337343551,100 174.90601231043755,-36.87525116568143,100 174.9060123017734,-36.875248966596914,100 174.90601322449547,-36.875246054045846,100 174.906014106798,-36.87523727274011,100 174.90601681805245,-36.87522520742098,100 174.90601681272813,-36.87522246568756,100 174.90601676945306,-36.87522153711974,100 174.90602326040366,-36.87519918296872,100 174.9060246241438,-36.875190904086644,100 174.90602479515374,-36.87518641005987,100 174.90602609543447,-36.8751777446278,100 174.90602620820763,-36.87517176525681,100 174.90602687250467,-36.87516761843644,100 174.90602643001125,-36.87516091970643,100 174.90602714867023,-36.87515751560384,100 174.90602728213966,-36.87515227858938,100 174.90602765523317,-36.87515076919997,100 174.90602676382665,-36.8751440641523,100 174.90602787922535,-36.87513242912924,100 174.90601645409131,-36.87504207742427,100 174.90597785387322,-36.87442495819322,100 174.90573147007458,-36.87346185367493,100 174.9056955850001,-36.873228420999965,100</coordinates></LinearRing></outerBoundaryIs>
    </Polygon>
  </Placemark>

  <Placemark>
    <name>Bucklands Beach</name>
    <Point>
      <altitudeMode>relativeToGround</altitudeMode>
      <coordinates>174.908246748789,-36.87541393773689,100</coordinates>
    </Point>
  </Placemark>

</Document>
</kml>