<?xml version="1.0" encoding="utf-8"?>
<kml xmlns="http://www.opengis.net/kml/2.2">
<Document>
  <name>Pakuranga (polygon: official_shp)</name>
  <open>1</open>

  <Placemark>
    <name>Pakuranga (polygon: official_shp)</name>
    <Style>
      <LineStyle><color>ffff0000</color><width>2</width></LineStyle>
      <PolyStyle><color>66ff0000</color><fill>1</fill><outline>1</outline></PolyStyle>
    </Style>
    <Polygon>
      <tessellate>1</tessellate>
      <altitudeMode>relativeToGround</altitudeMode>
      <outerBoundaryIs><LinearRing><coordinates>174.88511303511555,-36.90762790318191,100 174.8852129465885,-36.907689017596276,100 174.88497587804252,-36.90809921889142,100 174.8851294696676,-36.90821572281689,100 174.88522479191315,-36.90819359656388,100 174.8854787303784,-36.90813465877715,100 174.88551783850536,-36.908277493739405,100 174.88557397439695,-36.90848273791097,100 174.88559126495002,-36.90854593341975,100 174.88558529470458,-36.90856739398896,100 174.88549766880564,-36.908882322708365,100 174.8854205622131,-36.90886847856924,100 174.88523330521994,-36.90883487654884,100 174.88522148921945,-36.90887734772012,100 174.8851796271521,-36.90902771599768,100 174.8847386218805,-36.908948588918484,100 174.88470862874001,-36.90905592715786,100 174.8847604255326,-36.90912153872944,100 174.88471395885793,-36.90928770705072,100 174.88495102774758,-36.90933021028708,100 174.88488822629523,-36.90955522009146,100 174.88503583883298,-36.90958177084126,100 174.88499484844525,-36.90972859294017,100 174.88495389154878,-36.90987541359074,100 174.88491290124702,-36.9100222509798,100 174.8848719261082,-36.91016907188899,100 174.8848309683985,-36.91031587718369,100 174.88478999448986,-36.9104627142662,100 174.88474903686634,-36.910609534851076,100 174.88470804583713,-36.91075637217438,100 174.88466708754578,-36.910903177416515,100 174.8846260951036,-36.91105001473132,100 174.8846186073158,-36.911076736898536,100 174.88458154006375,-36.911209582016376,100 174.8845780246544,-36.91122212558137,100 174.884616371441,-36.91122966408916,100 174.88457962363552,-36.91136025894846,100 174.88456643861812,-36.91140710514469,100 174.88454287681375,-36.911490852878444,100 174.88465859746645,-36.91151181359035,100 174.8846313149606,-36.91160883643002,100 174.8846133356693,-36.91167272514581,100 174.88450322612877,-36.911652735307165,100 174.88443089071956,-36.91163958097464,100 174.88438772418783,-36.911792975546675,100 174.88434457434795,-36.91194637073807,100 174.88430140711893,-36.91209974996454,100 174.88425823972966,-36.91225312917641,100 174.8843614669866,-36.91227182958462,100 174.88432642289473,-36.91239638642553,100 174.8843225257291,-36.912410160030674,100 174.884309437528,-36.91245675679615,100 174.88422351326818,-36.91244114554397,100 174.8841914810096,-36.91255496130843,100 174.8841820665796,-36.91258847030223,100 174.8841527301501,-36.91269269921484,100 174.88414060369757,-36.91273587281507,100 174.88409913798534,-36.9128831662974,100 174.8836587822239,-36.912803249170274,100 174.883631745915,-36.9128992142353,100 174.883630418872,-36.912905772552314,100 174.88363007956082,-36.912912375591354,100 174.88363072500636,-36.912918993656085,100 174.88363238801048,-36.9129255000415,100 174.8836349795635,-36.91293178980368,100 174.88363853025362,-36.91293778314128,100 174.88364293609422,-36.91294340509143,100 174.88364814131464,-36.91294853305788,100 174.8836540935489,-36.91295313722622,100 174.88366070149866,-36.912957110886175,100 174.88366784695364,-36.9129604396888,100 174.88367545619914,-36.91296304728979,100 174.8836833897648,-36.912964876414186,100 174.8836425622117,-36.913109588158264,100 174.88363442403408,-36.91310852208886,100 174.88362616803062,-36.91310823302229,100 174.88361793556086,-36.91310876378241,100 174.88360982720684,-36.91311009655017,100 174.88360200010843,-36.91311218556995,100 174.8835945383499,-36.91311502680418,100 174.8835875451038,-36.913118570846635,100 174.88358115729176,-36.91312277136112,100 174.8835754256981,-36.91312754822615,100 174.8835704681703,-36.91313285540807,100 174.88356633617175,-36.91313859474826,100 174.88356307763058,-36.913144706900894,100 174.8835607781278,-36.91315106612662,100 174.88348674133456,-36.91341415291878,100 174.883694053819,-36.91345177387837,100 174.88389938526367,-36.91348902571307,100 174.8838911403202,-36.91362186313414,100 174.88388438834642,-36.91364580021948,100 174.88384418426693,-36.913788658929946,100 174.88384292249674,-36.9137931251526,100 174.88380143854684,-36.91394045035703,100 174.8837999236338,-36.913958535020136,100 174.88378509997824,-36.914133860412036,100 174.8837766088272,-36.91423402259466,100 174.8837721461468,-36.91428695935334,100 174.88376378899991,-36.91438568000097,100 174.88322161668788,-36.91435618460622,100 174.8831342594131,-36.9146663203418,100 174.88314577109836,-36.91487561337529,100 174.88306474706604,-36.91491522044499,100 174.88298404211346,-36.91520547743866,100 174.8831647452085,-36.9152378500686,100 174.88340271576465,-36.91528046442534,100 174.88335943423803,-36.91543613804676,100 174.88331616860364,-36.91559177985272,100 174.8832756276184,-36.91573758560236,100 174.8832729020611,-36.91574743697826,100 174.8832395631171,-36.915867377818735,100 174.88322963572438,-36.91590306343842,100 174.88321909439358,-36.91594094268881,100 174.8831863714851,-36.91605878178261,100 174.88315520790636,-36.91617097281079,100 174.8831431235593,-36.91621448542974,100 174.8830998754405,-36.9163701421941,100 174.88309032582114,-36.91640444279277,100 174.88305660808388,-36.916525799246266,100 174.88305426917134,-36.91653389322316,100 174.88302052832447,-36.91665568356628,100 174.8830131897895,-36.916682217584984,100 174.88280397731768,-36.9166443661013,100 174.88271305244362,-36.916971676785295,100 174.88257052993538,-36.91694588628496,100 174.88253333150516,-36.917079847735394,100 174.88245170013522,-36.91712138474423,100 174.88241676703663,-36.9172470523652,100 174.8827889721727,-36.91731439658266,100 174.88274047603423,-36.91748894603389,100 174.8829249463753,-36.91752233720342,100 174.8831084431931,-36.917555527204875,100 174.88329195738837,-36.91758873286854,100 174.88347545452308,-36.917621923194346,100 174.88365895178302,-36.91765511233089,100 174.8838365946721,-36.917687273713,100 174.88384246791952,-36.91768833242818,100 174.88387729077436,-36.91769463183539,100 174.88402596587338,-36.91772153720551,100 174.88420946322074,-36.91775471106165,100 174.88417961077587,-36.918060126012634,100 174.8841604247256,-36.9182563572387,100 174.88415669204716,-36.918294706274416,100 174.8843940075967,-36.91820813841043,100 174.88447116058973,-36.918179981808386,100 174.88476138367784,-36.918461312896824,100 174.88459971103953,-36.91857443716783,100 174.88448657289163,-36.91865363243294,100 174.88444654159667,-36.91868165244222,100 174.88426127042928,-36.918648199782,100 174.88417087372872,-36.91863176725147,100 174.88403658693127,-36.918607569409986,100 174.88401708765576,-36.918603929192024,100 174.88382073191988,-36.91856851737378,100 174.8836646841525,-36.91854017574385,100 174.88352551556218,-36.91851510206131,100 174.88341146841077,-36.918494373431116,100 174.88319121745735,-36.91845451568133,100 174.88313604724448,-36.918444607188256,100 174.88309177242292,-36.918600096325235,100 174.88294975141008,-36.919098022158956,100 174.88297378991328,-36.91910260455886,100 174.88304844263595,-36.9191167729716,100 174.8829466984854,-36.919469966309414,100 174.8826830406554,-36.91941983858466,100 174.88260515702464,-36.91940512269059,100 174.8822333341735,-36.91933437941829,100 174.88222156299523,-36.919360122882715,100 174.88210219115754,-36.91961991097767,100 174.88207916327647,-36.919613063595655,100 174.88193249500324,-36.91993958242976,100 174.88188645922892,-36.920101699385754,100 174.88176491155468,-36.92016299629261,100 174.881776218944,-36.920204458930634,100 174.88184722243582,-36.92046519924018,100 174.88158155849524,-36.92056407443688,100 174.88156948524883,-36.92060101970347,100 174.88147257713354,-36.92073317333656,100 174.88144486764563,-36.920753356646465,100 174.88131554561429,-36.9208475283926,100 174.88125130870094,-36.92089433574754,100 174.88105269627752,-36.92103901157975,100 174.88092835988323,-36.921129579780825,100 174.8808616972482,-36.92117814867188,100 174.88070120551427,-36.92129507241442,100 174.88066095784407,-36.92133884333567,100 174.8806207086299,-36.92138259894557,100 174.88051350348942,-36.92149924365871,100 174.88037673301866,-36.92164802787839,100 174.88026821707297,-36.92176608837201,100 174.88030445928854,-36.92178769595705,100 174.88035811739843,-36.9218196849459,100 174.88039291551632,-36.92198545603423,100 174.88047272855366,-36.92208296405129,100 174.88022208078763,-36.92229038581956,100 174.88007983433417,-36.92254432941667,100 174.8799843885066,-36.922714786373255,100 174.8799799421525,-36.92276905304768,100 174.87997040876706,-36.9228852793766,100 174.87996371866893,-36.922967214193,100 174.8799607541387,-36.92300338056231,100 174.87991288538055,-36.92299560561043,100 174.87984298937766,-36.922993741382385,100 174.87980257733935,-36.92301679420978,100 174.8798112318341,-36.92305164368565,100 174.8798263882248,-36.9230947589745,100 174.87984829271542,-36.92312654331533,100 174.87986833347327,-36.92316421482483,100 174.8798905254236,-36.92321428506145,100 174.87992138393867,-36.92327089415591,100 174.87994519846268,-36.92331508192609,100 174.8799673967697,-36.923356448013514,100 174.8799592711029,-36.92339044459708,100 174.87991269831312,-36.923431243713324,100 174.8798539582256,-36.92346269858006,100 174.87981116068823,-36.923483888295536,100 174.87975565450387,-36.92350769921386,100 174.87972115181813,-36.923519699339685,100 174.87972637271946,-36.92406391655804,100 174.87974963090127,-36.92405623238224,100 174.87977322262896,-36.92404741086599,100 174.8797927634774,-36.924048077656636,100 174.87982371042392,-36.924040119427445,100 174.87984621134882,-36.924037667656535,100 174.87987472054098,-36.92403421223544,100 174.87989330227475,-36.92403006312711,100 174.87991431633307,-36.924021876359426,100 174.8799341067927,-36.92401638857893,100 174.87996065803736,-36.92401151211083,100 174.879977300429,-36.924006653710315,100 174.8799984543999,-36.92400233587498,100 174.8800215580772,-36.92399850993224,100 174.88003567449925,-36.92399360228493,100 174.8800488960108,-36.92398818423738,100 174.88006518973353,-36.92398512767235,100 174.88007638387023,-36.923981494784584,100 174.88010558383624,-36.923974170729174,100 174.88013561936577,-36.923976001646736,100 174.88017131788322,-36.92396921642056,100 174.88019635037188,-36.9239669975994,100 174.88022748919636,-36.92396104977261,100 174.88026083946653,-36.92395628640468,100 174.88029343785806,-36.9239569725863,100 174.8803179748175,-36.92396136193979,100 174.88035325089328,-36.92396644559817,100 174.88039308382676,-36.92397948783211,100 174.88039698363445,-36.923997075691176,100 174.88039961424,-36.924009930095984,100 174.8804026433196,-36.92402026892064,100 174.88040257389488,-36.924029872664704,100 174.8804034191767,-36.92403809642677,100 174.88040052468807,-36.92405448586632,100 174.8804051435321,-36.92406030644464,100 174.88038417310838,-36.92408288035098,100 174.8803831926161,-36.92408628934062,100 174.88039269023076,-36.924097909257235,100 174.88039694055513,-36.92411377094882,100 174.88037440768093,-36.92413996495407,100 174.88036871195703,-36.92414807057045,100 174.88035591877764,-36.92417951644834,100 174.8803317414212,-36.924196075255985,100 174.88032930729955,-36.92422435119928,100 174.8803079944238,-36.924240070582,100 174.88030463258926,-36.92424685035375,100 174.8802863647241,-36.92426514885843,100 174.8802606621766,-36.92429242143695,100 174.88024188913568,-36.924309349818465,100 174.88022338699398,-36.92431898044044,100 174.88020016724133,-36.92432553384767,100 174.88019295119977,-36.924328555757754,100 174.88018229441928,-36.92433286064382,100 174.8801692933805,-36.92433875561833,100 174.88014624817208,-36.924356254564216,100 174.88013492459282,-36.92437107306532,100 174.88012234522404,-36.924381064159,100 174.88011580868073,-36.92438935522814,100 174.88009353999274,-36.92440871570987,100 174.8800853627079,-36.92442223876935,100 174.88007879126687,-36.924431211785624,100 174.88006141322475,-36.924456170429565,100 174.8800516889862,-36.92446622086439,100 174.88004105008858,-36.92449291960803,100 174.88002873245154,-36.92450360416845,100 174.8800159065525,-36.9245211107405,100 174.88000368767445,-36.92452905192469,100 174.8799969029479,-36.92454351103217,100 174.87996894382567,-36.92457051282699,100 174.8799542727599,-36.9245843351739,100 174.87993829882618,-36.92460178882649,100 174.87992972700445,-36.924610951234726,100 174.87990148521132,-36.92463837570077,100 174.8798870356367,-36.92465335543092,100 174.87986885524606,-36.92466914411911,100 174.87985655434542,-36.9246798265944,100 174.87981864632846,-36.92470728058613,100 174.87979795201423,-36.924729866243666,100 174.8797929903235,-36.924741397840656,100 174.87977556945455,-36.92475972792583,100 174.87977220961523,-36.92477358570341,100 174.87976681462575,-36.92478191907088,100 174.87975254655166,-36.92479917174035,100 174.87974546065703,-36.92480699288581,100 174.8797389107745,-36.92481483528928,100 174.87972305779235,-36.92482908100982,100 174.879710724595,-36.92484046160189,100 174.87970285916674,-36.92485397969888,100 174.8796840855122,-36.92487089358252,100 174.87966651579288,-36.9248855873865,100 174.87964622802835,-36.92489698302586,100 174.87963771106047,-36.92490499896963,100 174.87960887481364,-36.92492513930988,100 174.87959022367255,-36.9249388605731,100 174.87958160258017,-36.924949402753505,100 174.87958241873082,-36.924957860423774,100 174.87957581491204,-36.92496753064425,100 174.87958436269417,-36.92497411827662,100 174.8795846678483,-36.9249815619404,100 174.8795878228545,-36.92502212990705,100 174.87959634500606,-36.92504248558017,100 174.87959778864197,-36.925056197917606,100 174.8795969380747,-36.925073357157835,100 174.87960119728808,-36.92509209934931,100 174.87962166460827,-36.92510716808469,100 174.87963986054461,-36.92511239522439,100 174.87966202747282,-36.9251206041557,100 174.87968047633402,-36.925128816056606,100 174.87970152391867,-36.9251365640992,100 174.8797151689068,-36.92514682682687,100 174.87973931436616,-36.925164881969664,100 174.87975950316607,-36.92518497272792,100 174.879781959402,-36.925203909052144,100 174.8797808295403,-36.925222219190914,100 174.87979562199598,-36.92523591489126,100 174.87980870061602,-36.92526676907542,100 174.87981325501835,-36.92527979222772,100 174.87982123064234,-36.92531957903987,100 174.8798280628843,-36.925342659092124,100 174.87982864036158,-36.92535570464237,100 174.87982240557167,-36.925379029411985,100 174.87982354780985,-36.925401448743536,100 174.8798295337328,-36.92542202030509,100 174.87982868878623,-36.92544192036496,100 174.87982784742272,-36.925467085868625,100 174.87983013098517,-36.92548308957544,100 174.8798196314489,-36.925504134826866,100 174.8798216266086,-36.92552288581051,100 174.87981825049008,-36.92556177074644,100 174.87981711241056,-36.925579151755635,100 174.87982053400333,-36.925600170406824,100 174.87982224756405,-36.92562007142344,100 174.87982539919923,-36.92564705656733,100 174.87982937769385,-36.92566693524749,100 174.87982428335116,-36.92567425618398,100 174.87982256949343,-36.925685700312414,100 174.87982627997704,-36.92570330560453,100 174.87982430425728,-36.92571656642917,100 174.8798203158014,-36.925732804624715,100 174.87981435976081,-36.925753630131624,100 174.87981636267276,-36.9257739763249,100 174.8798135508297,-36.925803017143345,100 174.87981356794458,-36.92582542634427,100 174.87981669827133,-36.92584395565848,100 174.87982579899912,-36.92586267617352,100 174.8798243885313,-36.925878931241314,100 174.87983405881374,-36.9259001808507,100 174.87983234488712,-36.92590202323849,100 174.87983037688747,-36.92591687837236,100 174.87982441276702,-36.925939980736715,100 174.8798193239986,-36.925950043394266,100 174.87981734205488,-36.925965610789895,100 174.87980598567577,-36.92598436222974,100 174.87979235428796,-36.926004051902844,100 174.87977787991764,-36.926019404256934,100 174.8797673693885,-36.9260432050065,100 174.8797477921137,-36.926064251547196,100 174.87973443238903,-36.92607479935062,100 174.8797225214524,-36.926086467990764,100 174.87969780962212,-36.92610501803408,100 174.87967223788743,-36.92611419896316,100 174.879661165749,-36.92611787585174,100 174.87963390570195,-36.92612660579933,100 174.87961542946937,-36.92613210067269,100 174.87958389465786,-36.92614267026629,100 174.8795483991932,-36.92615575593123,100 174.87953135073616,-36.926160327775115,100 174.87950578343393,-36.92616196456609,100 174.87948960802373,-36.92616748158763,100 174.87942709904203,-36.92618951044085,100 174.87939471831837,-36.92620074502644,100 174.87936432833956,-36.92620627700205,100 174.87935466387637,-36.92621406502774,100 174.87934414837292,-36.92621979258903,100 174.87933733874132,-36.926221863435224,100 174.87928794072246,-36.926247765878166,100 174.87925837698654,-36.92626472878656,100 174.87924392129634,-36.92627755618914,100 174.87922402429783,-36.92628490316315,100 174.8791964683436,-36.92630252739498,100 174.87916835397837,-36.92631743577295,100 174.8791425247377,-36.92633049182571,100 174.8791175199929,-36.92633693717656,100 174.87909450195392,-36.92634268140352,100 174.87906609680275,-36.92636216314082,100 174.87904735376767,-36.92637636617798,100 174.879024637516,-36.92639262039329,100 174.87899481769787,-36.926414156070976,100 174.87897012029674,-36.92642813785659,100 174.8789428567516,-36.92644190066315,100 174.87890024110118,-36.92646732969044,100 174.8788627450506,-36.926489571753464,100 174.87880963483752,-36.92650356773953,100 174.87878663132628,-36.92652394728179,100 174.87874773957927,-36.92654320910133,100 174.87872983634256,-36.926555817889884,100 174.8786738758797,-36.926575082952006,100 174.87864377079165,-36.92658861664705,100 174.8786170696819,-36.92660718622444,100 174.87860314752206,-36.926612896413104,100 174.8785770158036,-36.92663078909666,100 174.87855033664533,-36.926652083898134,100 174.8785247641271,-36.926666963630204,100 174.87850148470054,-36.926684156816876,100 174.87846370977877,-36.926702501361135,100 174.87843530405902,-36.926712365894026,100 174.87840063560247,-36.92670487005646,100 174.87837166973733,-36.92669849807623,100 174.8783429697241,-36.92668982983129,100 174.87830913776153,-36.926682566794454,100 174.87828866687082,-36.92665651803629,100 174.87827617337746,-36.92663892544019,100 174.87826393808993,-36.92662453474726,100 174.8782480093033,-36.9266110596295,100 174.87821392136226,-36.92658343622994,100 174.87819515697623,-36.926560361851664,100 174.8781638881114,-36.92652313356425,100 174.87815591949982,-36.92651306659573,100 174.87814481816756,-36.92649707614048,100 174.87812834956367,-36.92647834494412,100 174.87809962547328,-36.92645208328709,100 174.87808569973984,-36.92643335422712,100 174.87806295579725,-36.92640319441328,100 174.87805840061245,-36.92638948980891,100 174.87804134572673,-36.92636822976005,100 174.8780132096839,-36.9263458452647,100 174.87799956823667,-36.92632804005547,100 174.8779847724924,-36.92631228467176,100 174.87796516370344,-36.92629445936714,100 174.8779566322063,-36.926281444061125,100 174.8779318965912,-36.92626454526921,100 174.87792979680452,-36.926263017394064,100 174.8779143585808,-36.92625168591769,100 174.8778942888044,-36.92624041957412,100 174.87786401784487,-36.92622225542853,100 174.87783652188253,-36.92621392133291,100 174.87779545233798,-36.92619800367624,100 174.8777810197257,-36.926189954203195,100 174.87777252835383,-36.926184201071905,100 174.87776119325855,-36.92618004678227,100 174.877747317254,-36.92617404711416,100 174.8777385767416,-36.92616417889527,100 174.87773302074442,-36.92614861896636,100 174.8777124445535,-36.92612316032853,100 174.87769634514189,-36.926111004657464,100 174.8776788911122,-36.926090353847265,100 174.87766423061225,-36.92607383737297,100 174.87765182487038,-36.92605825596297,100 174.87761940975108,-36.92602338637259,100 174.8775943192666,-36.925997232072504,100 174.87757366105106,-36.925983436864726,100 174.87755839295218,-36.925972629020144,100 174.87753122507542,-36.92595789390888,100 174.8775108930497,-36.92594206376316,100 174.87748795754942,-36.92593419376163,100 174.87745401488888,-36.92591260667021,100 174.8774328108866,-36.92589651359267,100 174.87740251963788,-36.92588268408651,100 174.87738214786336,-36.925870494971605,100 174.87736838932696,-36.925848959177216,100 174.8773457700525,-36.925834253055406,100 174.87731346189315,-36.925821310764476,100 174.87728748160114,-36.92579997359033,100 174.87725550198076,-36.925783169347454,100 174.87722238818256,-36.92576726721936,100 174.8772022938989,-36.92575577040499,100 174.87716130800376,-36.925728188139345,100 174.8771341676159,-36.92570934879691,100 174.8771169755287,-36.92568938957683,100 174.87708351628396,-36.92567990665228,100 174.87705065600193,-36.92566765531408,100 174.87700577709654,-36.925668188972246,100 174.87696656527484,-36.92566918103677,100 174.87692856432113,-36.92565989964782,100 174.87688852249218,-36.92566092193105,100 174.87683907408686,-36.92565297063388,100 174.87683167486628,-36.92565178337574,100 174.87680931115878,-36.92564524987177,100 174.87678432544547,-36.92564216929579,100 174.87676072781198,-36.92564950224216,100 174.8767300186857,-36.92564641296846,100 174.8767004140792,-36.9256483995816,100 174.87667139293174,-36.92565019039323,100 174.8766464115333,-36.92564664463958,100 174.8766150835293,-36.92565141830568,100 174.87658777501136,-36.92565387514477,100 174.87655187230766,-36.925651232936055,100 174.8765101861773,-36.925656665991944,100 174.87649208635165,-36.9256575541021,100 174.87645816423426,-36.92566229481303,100 174.87643599477738,-36.92566872093288,100 174.876409559479,-36.925669567696914,100 174.87638860287197,-36.925669049811496,100 174.87635207357067,-36.92567588038795,100 174.8763336438695,-36.92568437811177,100 174.87630317518216,-36.92568638008243,100 174.87627932973038,-36.925685850140596,100 174.87624248403273,-36.92569823059509,100 174.876226625745,-36.92570721043709,100 174.87619896497247,-36.925722868959,100 174.87615694518578,-36.92573708871087,100 174.87612844453227,-36.92574600961005,100 174.87609310666784,-36.92574891677062,100 174.87607788473406,-36.92574749343367,100 174.87605424800344,-36.925761067588645,100 174.87602749407222,-36.925767466017064,100 174.8760044302847,-36.925781744053445,100 174.87599232682146,-36.92578887722823,100 174.87596814216988,-36.92579622019364,100 174.87594308627538,-36.925809789707756,100 174.87592639912341,-36.925813673029275,100 174.87591831223153,-36.925819652146934,100 174.8758926488585,-36.92583761436015,100 174.87586414826671,-36.92584910575639,100 174.87583942200408,-36.925851116037585,100 174.8758068163992,-36.925876461542714,100 174.87578114224158,-36.92589467266653,100 174.87575779375481,-36.92590801057109,100 174.87574453709937,-36.92591536473425,100 174.87572953387794,-36.92592781460036,100 174.87570445982624,-36.9259400053341,100 174.87568056834976,-36.92595056492353,100 174.87565863081323,-36.92596623206193,100 174.87563499235432,-36.925981665582405,100 174.8755960948633,-36.9260032807117,100 174.87557271264671,-36.926019871972336,100 174.87553269257288,-36.92603709285753,100 174.87550849901484,-36.92604604742895,100 174.87549529559146,-36.92604508425635,100 174.8754714243684,-36.92605381561005,100 174.8754351796364,-36.92605902985463,100 174.87540783503007,-36.92606913918993,100 174.8753727188618,-36.92608220139963,100 174.87535513582333,-36.92609071534523,100 174.8753277449521,-36.926106818261054,100 174.87529670398735,-36.926110672210235,100 174.8752685741932,-36.92610642238721,100 174.8752442003427,-36.926097802234914,100 174.87523042599406,-36.9260942937119,100 174.87519913266328,-36.92609073376786,100 174.87517416950547,-36.92608720273968,100 174.87515030213032,-36.92608967791521,100 174.87511190282981,-36.926072705874496,100 174.875062276787,-36.926060761097254,100 174.87502637055547,-36.92605926406054,100 174.87498157750386,-36.92605336829607,100 174.8749483286208,-36.92604078271291,100 174.87492083536196,-36.92602938160736,100 174.87488403766764,-36.926032050978826,100 174.87485336231745,-36.92602062799495,100 174.87481350826906,-36.92600549318004,100 174.87477223852437,-36.92599173087862,100 174.87474353924443,-36.9259856323033,100 174.8747191870755,-36.92597330998309,100 174.87468909881446,-36.925961195388794,100 174.87467159591264,-36.925955382407295,100 174.87465157045793,-36.925941915590116,100 174.87464666040935,-36.925945827316895,100 174.87463346843396,-36.92594207608814,100 174.87461774645323,-36.9259272497354,100 174.87458821549052,-36.92591721557398,100 174.87458220441084,-36.92591490484954,100 174.87455814150022,-36.925900502191794,100 174.87453439355113,-36.92588493275693,100 174.87450947721754,-36.925870978898445,100 174.87449202965817,-36.92585821044,100 174.8744742662856,-36.92584845286268,100 174.8744516635841,-36.925832429995026,100 174.87444485944943,-36.925817401554575,100 174.87442592941412,-36.92580992559789,100 174.87442365163446,-36.92580946943346,100 174.87439644252257,-36.925792519706185,100 174.87437923907248,-36.925789442864506,100 174.87436746556227,-36.925785713379724,100 174.87434653187205,-36.92578218977484,100 174.87433334167957,-36.92577915142719,100 174.87432012786263,-36.925775881812015,100 174.87430410726006,-36.925767286440745,100 174.87427509859023,-36.925761889353446,100 174.8742511690951,-36.92573060372404,100 174.87423995886527,-36.92572663279531,100 174.87422022007502,-36.92571546875495,100 174.87419182894226,-36.92570406812908,100 174.87417038381926,-36.92568735905836,100 174.87415412594774,-36.925666733902055,100 174.87413135184687,-36.92563151017527,100 174.87411621869396,-36.92561413274055,100 174.8740979746347,-36.92559235008377,100 174.87408512197348,-36.925576823113225,100 174.87407229028128,-36.925560134911436,100 174.87406983718128,-36.92553908366476,100 174.87404513011305,-36.92553669483187,100 174.87403600979178,-36.925522341955556,100 174.87402375129994,-36.92550957715652,100 174.87400665767038,-36.92548365459697,100 174.87398701859416,-36.92546463755285,100 174.87397098542044,-36.92544337339356,100 174.87395684846817,-36.92542830291461,100 174.87394075535056,-36.925412522420416,100 174.87392695776765,-36.92538375464498,100 174.87391891125029,-36.92536304944166,100 174.87390838822702,-36.925340281443425,100 174.87390610767028,-36.92532879767445,100 174.87389848274302,-36.925314077785195,100 174.87389173190925,-36.925299110659836,100 174.87387612486646,-36.92528722519678,100 174.8738688368442,-36.92527090465413,100 174.87385698315921,-36.925255871137665,100 174.87383134224112,-36.925234913599624,100 174.87382338723845,-36.92519960197089,100 174.87381888735973,-36.92518537084929,100 174.87381027178276,-36.92516535601443,100 174.8737942102517,-36.925147514584886,100 174.8737944171622,-36.92512762641872,100 174.873792058343,-36.92510748761361,100 174.8737920591382,-36.92509467985715,100 174.87379164592835,-36.92507614984964,100 174.8737964137468,-36.925055422689766,100 174.8737989238474,-36.92503372798836,100 174.87378940200617,-36.925003198242635,100 174.87377626386962,-36.92498219391738,100 174.87377192151672,-36.924962244141895,100 174.87374703351398,-36.924945439697915,100 174.87372913749127,-36.92493396528156,100 174.8737029663732,-36.92493564369529,100 174.87367825125415,-36.92493553164234,100 174.87365126461646,-36.924935814150984,100 174.87363152920517,-36.92491771340258,100 174.87361605321854,-36.92491200257522,100 174.87358539246898,-36.92489853573287,100 174.87355742358085,-36.92488097858623,100 174.87352987818983,-36.924868247624154,100 174.87350553246102,-36.924865155353665,100 174.87347759220057,-36.92485766456958,100 174.87345815883643,-36.92485075521233,100 174.87343587747046,-36.92484403319301,100 174.8734164497806,-36.92483735537834,100 174.87340050490292,-36.924827071416004,100 174.87337822788083,-36.92481988423647,100 174.87335078346015,-36.92481535905145,100 174.87332484472878,-36.924807678923536,100 174.87329355605024,-36.92479786233878,100 174.87326434724025,-36.92478371905017,100 174.87323618407189,-36.924773723353645,100 174.87321482251423,-36.924752381805796,100 174.87319585359458,-36.9247377047199,100 174.87317990401422,-36.92472786875698,100 174.87315732496444,-36.92472228343729,100 174.87313386200452,-36.92471668141151,100 174.8731129203632,-36.92471410319337,100 174.87308362507878,-36.92470316721582,100 174.87305658695894,-36.92469386487031,100 174.87302725653808,-36.92468543780427,100 174.87300147018806,-36.92468278906892,100 174.8730020561367,-36.92468209842927,100 174.87298800998033,-36.92467549609381,100 174.8729780270964,-36.92466506034953,100 174.87297031743327,-36.92465489609882,100 174.8729619413644,-36.924636720617414,100 174.8729613212458,-36.92461500229533,100 174.8729749443393,-36.9246033064145,100 174.87298714366713,-36.92459136980412,100 174.87298810616724,-36.9245879458331,100 174.87299536066843,-36.9245812067104,100 174.87299992197026,-36.924568226971154,100 174.872997591541,-36.92455813921028,100 174.87299502492414,-36.924547574771616,100 174.87298750798627,-36.9245291829436,100 174.87296883578628,-36.92452548101078,100 174.87294084902624,-36.92454383976639,100 174.87292545650064,-36.92454635206896,100 174.8729109718738,-36.924546603962135,100 174.87290040840418,-36.92453707688469,100 174.87289696945436,-36.92452628014226,100 174.87289007722154,-36.92450538540553,100 174.87289008400933,-36.92450561693752,100 174.87288933749912,-36.924501030180735,100 174.8728807687191,-36.92449108136933,100 174.8728781888981,-36.92448006827906,100 174.87287472500924,-36.9244708672643,100 174.8728646146084,-36.924453107597685,100 174.87285686135684,-36.9244445555852,100 174.8728503679608,-36.9244314266315,100 174.87283916062478,-36.9244127432859,100 174.87281828802242,-36.92440697235398,100 174.8728022554006,-36.924412687208665,100 174.87279928116334,-36.92441459714382,100 174.87278128284305,-36.92442627728396,100 174.8727781571555,-36.92444058004362,100 174.8727699136694,-36.924467097077766,100 174.87276396136502,-36.9244804421492,100 174.87274487120783,-36.92451320333551,100 174.87271897797385,-36.924532888211786,100 174.87270083235865,-36.92454745127944,100 174.87268086593562,-36.924556052891376,100 174.87265658617517,-36.92455413742885,100 174.8726455493755,-36.924553987007066,100 174.87263234373668,-36.924549709395855,100 174.87262271614563,-36.924551178051026,100 174.8726034225408,-36.92455456392068,100 174.87258945807136,-36.924559374556786,100 174.8725708644986,-36.92456824742967,100 174.87256527078617,-36.924578860345676,100 174.87256351920144,-36.924594083309636,100 174.87256034958617,-36.92460929979296,100 174.87256177996437,-36.92463413201784,100 174.87255768281844,-36.924653422669884,100 174.87254590639685,-36.92467397639106,100 174.87253229842653,-36.924688817589335,100 174.87252035369974,-36.92470437344257,100 174.87250935291462,-36.924715837742326,100 174.87249927895385,-36.92472319904164,100 174.8724833412585,-36.924741425373035,100 174.87247294965115,-36.92475108373407,100 174.87247168115778,-36.924769488847794,100 174.87247100181648,-36.92478793063853,100 174.87247008760087,-36.92480406785417,100 174.87246065824488,-36.9248205709818,100 174.87245049013507,-36.92483340026322,100 174.87244508019555,-36.92484698372807,100 174.8724385446195,-36.92487398215228,100 174.87243680572342,-36.92491537832479,100 174.87242828132364,-36.9249423504246,100 174.87242076591636,-36.924962520580706,100 174.87240850009235,-36.924980326672355,100 174.8724014030824,-36.925019849666604,100 174.87240310472572,-36.925045125570705,100 174.8724042622451,-36.925069497919445,100 174.8723988227968,-36.92508582275922,100 174.872404661057,-36.92510227621792,100 174.87241116975173,-36.92511534276266,100 174.87241116760154,-36.92512810457599,100 174.8724161497828,-36.92514613802574,100 174.87241659310504,-36.925163893333846,100 174.87242204327188,-36.92518582121487,100 174.87242704283818,-36.92520318831486,100 174.87243157055715,-36.92522875584684,100 174.8724356076288,-36.9252508790626,100 174.8724393943434,-36.925271395568444,100 174.87244286702943,-36.9252937602237,100 174.8724380260706,-36.92532009469204,100 174.87244022190305,-36.92533675159766,100 174.87243735280884,-36.92536379585667,100 174.87242989632804,-36.925381006953685,100 174.87241759830601,-36.925400161025905,100 174.87239021433194,-36.92541073356744,100 174.87236505550277,-36.92541084635851,100 174.872349529466,-36.925409055992944,100 174.87232844507284,-36.92540376962253,100 174.87231717504392,-36.92540202931677,100 174.87229702704684,-36.92538463157047,100 174.8722414955254,-36.92535886504967,100 174.87220801482044,-36.92534663926544,100 174.8721676694865,-36.925339564582956,100 174.87214508778072,-36.925314001372605,100 174.87210571048684,-36.92529537271705,100 174.87207002030357,-36.925278136141884,100 174.872046708481,-36.92526526868904,100 174.8720220455091,-36.92524718857127,100 174.8720067308743,-36.92522755501452,100 174.87197930445691,-36.92520444402527,100 174.871957107444,-36.92519318315698,100 174.87193320615725,-36.92518283514802,100 174.87191445440132,-36.92516592366772,100 174.87188891195404,-36.92514984209057,100 174.87186339771978,-36.92513289389513,100 174.87182007389768,-36.92511538640436,100 174.8717854606407,-36.92510155417361,100 174.87174423931737,-36.92509790194287,100 174.87170637686324,-36.92509631395322,100 174.87167450456715,-36.925091137118855,100 174.8716424581598,-36.92507502911482,100 174.8715943112319,-36.92505952638482,100 174.87155963580256,-36.925052974122615,100 174.87152607625592,-36.925045502943526,100 174.87147278907744,-36.92503496813206,100 174.87142930708612,-36.925031510052456,100 174.8713911009087,-36.92503514691954,100 174.87136184928022,-36.92504702222244,100 174.87132663582838,-36.92506226866922,100 174.8712996647567,-36.925072787584305,100 174.87127992537577,-36.92506924371136,100 174.87127860419503,-36.92506130588097,100 174.87128948590336,-36.925048634900236,100 174.871305313981,-36.92502375240662,100 174.8713130929822,-36.92501017311801,100 174.87130954799255,-36.92499925541949,100 174.87129853944822,-36.92497509958723,100 174.87127811178567,-36.924955661877256,100 174.87126965333508,-36.924929280155965,100 174.87125597414678,-36.9249157803429,100 174.87124010861055,-36.92489298001594,100 174.871219741127,-36.924871961333864,100 174.87119932069177,-36.92485277135842,100 174.87117206968568,-36.92483874902204,100 174.87115781179384,-36.92482366388201,100 174.8711396776423,-36.92480334997656,100 174.8711265833354,-36.92478782738371,100 174.87110976977024,-36.92477478433902,100 174.87106811941894,-36.924758394874466,100 174.87103764488828,-36.92475505165883,100 174.8710083589348,-36.92474444039473,100 174.87098445807874,-36.92473474203523,100 174.87096754787004,-36.92473032792306,100 174.8709512080669,-36.92472591834094,100 174.87094465096953,-36.92470589969565,100 174.87095127609746,-36.9246950362594,100 174.87096156993823,-36.92468554991913,100 174.87097755657007,-36.92467110224947,100 174.87098008693403,-36.924648183285626,100 174.87097428566915,-36.9246356634284,100 174.87096097876105,-36.92461286420797,100 174.87095157269928,-36.924596208208186,100 174.8709306443471,-36.924547276332234,100 174.87091657602735,-36.924516748570426,100 174.87090263863084,-36.92447692523786,100 174.87088469221013,-36.92443980503192,100 174.87086927211965,-36.92440403395347,100 174.8708488081184,-36.92436463431099,100 174.87083760978368,-36.92432957996038,100 174.87082266059167,-36.92430292281014,100 174.87081442975224,-36.92428175610554,100 174.8708122072122,-36.92425379343007,100 174.87080759623976,-36.92423604788711,100 174.8707959661021,-36.92421644174205,100 174.87078378487595,-36.92419367073143,100 174.8707598285638,-36.92416263265224,100 174.87074908181594,-36.92413985165697,100 174.87073545970935,-36.92411820475325,100 174.87072414879717,-36.92409631683785,100 174.87071356736894,-36.924082871807315,100 174.8706977306003,-36.9240573300346,100 174.87068212057753,-36.924040193098556,100 174.87066851554988,-36.924017865420986,100 174.87066114636804,-36.92399465355531,100 174.87066304544624,-36.923977182201476,100 174.87068176954978,-36.92394746365088,100 174.8707238749637,-36.92393003758988,100 174.87078283831494,-36.92390864871517,100 174.87084093116806,-36.923887012143396,100 174.8708918415731,-36.9238561915933,100 174.8709628778831,-36.923809195202175,100 174.87104188806646,-36.923758435402526,100 174.87110877550782,-36.923705717825314,100 174.87116806881656,-36.92364971018458,100 174.87122357299447,-36.92358593155922,100 174.87127501397336,-36.923526637009914,100 174.87132583150935,-36.923470543836395,100 174.87134736296318,-36.923453273232575,100 174.871377366234,-36.92345200904569,100 174.87142253871122,-36.92345664557893,100 174.87144670710006,-36.92346536260946,100 174.8714709573465,-36.92348550888034,100 174.8714783121956,-36.92345422082756,100 174.8714758582549,-36.92342603107279,100 174.87148371923413,-36.923357039151796,100 174.8714938082275,-36.92332008287103,100 174.87150406749154,-36.92329266257155,100 174.8715078258925,-36.92326396210335,100 174.87154166363084,-36.923194457118434,100 174.871561314686,-36.92313692261798,100 174.87158612039343,-36.92308456426906,100 174.87161079203295,-36.923024015032325,100 174.87163699397604,-36.92295479801495,100 174.87165326188864,-36.92291482225266,100 174.87166304104775,-36.92287534624383,100 174.87168772915805,-36.92283209575971,100 174.87170512344593,-36.92280825388509,100 174.8717202502165,-36.92280103743888,100 174.87175153944014,-36.922796823602134,100 174.87179722016072,-36.922775386723,100 174.87182563254626,-36.92275163163614,100 174.87184686614867,-36.92272205541463,100 174.8718453681545,-36.92270045997417,100 174.8718285653819,-36.92267563209824,100 174.87180207397856,-36.92264614028767,100 174.87178871506143,-36.92260853779592,100 174.87179747431216,-36.92255816106781,100 174.8718281265263,-36.92250141121591,100 174.87185587632476,-36.92245561397736,100 174.87190047533628,-36.922403034588,100 174.8719370364366,-36.92236146803066,100 174.8720042901699,-36.922296122104584,100 174.87203065928017,-36.92225304424161,100 174.8720549764111,-36.92220501442403,100 174.87208703927917,-36.92214734184914,100 174.87213493864422,-36.922090183915216,100 174.87217498177068,-36.92203604215783,100 174.87220861695863,-36.92198859456945,100 174.87224670723356,-36.9219524676095,100 174.872288082971,-36.92190604714051,100 174.8723280394531,-36.92187691922203,100 174.87236903335673,-36.92182599814721,100 174.87240756182422,-36.92177851120434,100 174.87244416699042,-36.921736061406975,100 174.87249139847032,-36.92168622356618,100 174.87254667747908,-36.92162697070673,100 174.8725928359421,-36.921580311576236,100 174.87262555682733,-36.921541304727924,100 174.87265442768512,-36.92150961240611,100 174.8727011879832,-36.92150068470387,100 174.87276455284868,-36.92149063255538,100 174.87281959544293,-36.921472067068436,100 174.8728483626996,-36.92145059820101,100 174.87288233416996,-36.921437479093214,100 174.87291273791678,-36.921431235630685,100 174.8729592240899,-36.92144230702695,100 174.87301069279573,-36.92146693498044,100 174.8730373687144,-36.92149300130451,100 174.8730619861297,-36.92153316428347,100 174.8731002929187,-36.9215647741205,100 174.87311561696194,-36.92158733579156,100 174.87313144878814,-36.921643495153255,100 174.87314406420015,-36.921691982741216,100 174.87317504188206,-36.92172368833178,100 174.87320752498246,-36.921759890284385,100 174.87323933002622,-36.92179021820808,100 174.87327615820755,-36.92183433638821,100 174.8733030030067,-36.92187243260066,100 174.87334032063518,-36.92191223563199,100 174.87339201182454,-36.92194960636421,100 174.8734281078544,-36.92198191974539,100 174.87346467688994,-36.92201126662057,100 174.8735166123957,-36.92204613858943,100 174.87355684817842,-36.92207293002783,100 174.87359148224732,-36.92210297617038,100 174.87361585442187,-36.92212635671984,100 174.87364757003814,-36.92215077057976,100 174.87366001378888,-36.92218965905622,100 174.87366466891592,-36.92215703986057,100 174.87366754827002,-36.92212850912787,100 174.87366848006698,-36.92209186570283,100 174.87367863483723,-36.92205737061117,100 174.87370138863042,-36.92200018429486,100 174.8737215505271,-36.92194369322927,100 174.87376242944947,-36.921889166418005,100 174.87383040948384,-36.921834769863544,100 174.8739022553325,-36.921798706395315,100 174.87395218660936,-36.921761150023535,100 174.87400473900428,-36.921723362088315,100 174.87402900042818,-36.921659861609456,100 174.87403427024486,-36.921573120179175,100 174.87402027588445,-36.92148442135255,100 174.8740249484929,-36.92139928468073,100 174.87403299525408,-36.921319959645245,100 174.87404950334985,-36.92125688886814,100 174.8740767703641,-36.921208684107285,100 174.87414938921688,-36.92116859562063,100 174.87422279179285,-36.92113383594036,100 174.8742381546459,-36.92112514359732,100 174.87429473271698,-36.921093620163916,100 174.87435371524936,-36.921057051921814,100 174.87441938447068,-36.92101638706145,100 174.87448435322793,-36.92098310691732,100 174.87457048966078,-36.920953747719395,100 174.87462372481545,-36.920931682171364,100 174.8746873164953,-36.92094160317006,100 174.87477714105032,-36.92095989514407,100 174.87488029005112,-36.920972117199646,100 174.87492378369637,-36.92098251131467,100 174.87495913026075,-36.92099086367207,100 174.87503952156786,-36.92101395069007,100 174.87512097760026,-36.921020696142904,100 174.875188231989,-36.92101511222294,100 174.87522924483764,-36.92098994508532,100 174.87523126578236,-36.92094307700942,100 174.8752163741159,-36.92086926156753,100 174.87520403662714,-36.92078500997064,100 174.87517613547618,-36.92067186718243,100 174.8751611923088,-36.92059805254256,100 174.87514596286445,-36.920527077069906,100 174.8751246406419,-36.92044754964146,100 174.87508918079425,-36.92038561477212,100 174.87505872225077,-36.920339822869906,100 174.87502993169707,-36.920276378417256,100 174.87503993498999,-36.92021515336543,100 174.8750706141889,-36.920159501880406,100 174.87510289217136,-36.92012146216343,100 174.87515100358277,-36.92008382767855,100 174.87517870212253,-36.92006895836963,100 174.87524792738085,-36.920041580943305,100 174.8752973923291,-36.9200342778626,100 174.87535998667238,-36.92003673601178,100 174.87540932166988,-36.92003677618429,100 174.87547300690264,-36.920039911962924,100 174.87552795389965,-36.9200357967002,100 174.87557850598208,-36.92003030240598,100 174.87561049133112,-36.92002372142354,100 174.8755751596687,-36.920010784006735,100 174.87550897862258,-36.9199977803966,100 174.87543931828995,-36.91999557001855,100 174.87536595673438,-36.91999266544905,100 174.8753159174735,-36.92000497995097,100 174.87525591949577,-36.92001543995015,100 174.87519448737382,-36.920023353804986,100 174.8751370727875,-36.92002828571663,100 174.87507422462588,-36.92003182613389,100 174.8750194756388,-36.92001955207032,100 174.8749702136067,-36.91999462334705,100 174.87492105211214,-36.91998759502535,100 174.87489166555756,-36.91999564810725,100 174.87484775884047,-36.920036569914686,100 174.8747992069707,-36.92008418523483,100 174.87474694799522,-36.920122525895955,100 174.87465382764603,-36.92016475184124,100 174.87459132932855,-36.92018061382986,100 174.87452550388548,-36.92017310120604,100 174.87446638013873,-36.92013968609094,100 174.87441971614155,-36.92009377306516,100 174.87437591432334,-36.92004692704331,100 174.87433848945886,-36.91999222720029,100 174.8743055814107,-36.9198921647387,100 174.8743044881208,-36.919817614012835,100 174.8743017155463,-36.91973403242909,100 174.87434363244157,-36.919689180927136,100 174.87437019169582,-36.91966606198234,100 174.87440483878302,-36.919642754983094,100 174.87445591741152,-36.91960742368204,100 174.8744662957325,-36.919589603911135,100 174.87447380772022,-36.91956548409314,100 174.87448041638478,-36.91955279374775,100 174.87448791626946,-36.919535286201345,100 174.87448026127524,-36.91950923090734,100 174.87445054455142,-36.91945116016305,100 174.87444342901372,-36.91943352008526,100 174.87443476102473,-36.919405794408036,100 174.87443551246227,-36.919397743676164,100 174.8744251328725,-36.91938025336221,100 174.87442460304933,-36.919352928302324,100 174.87441509660604,-36.91937421790881,100 174.87441552133927,-36.919389960866035,100 174.87441594532572,-36.91940571915744,100 174.874427203493,-36.919424340280365,100 174.874433205334,-36.919443625721755,100 174.8744345212837,-36.919466150562144,100 174.87444446111303,-36.91948268881212,100 174.87444970879105,-36.91951889942127,100 174.87444551111867,-36.91955945566594,100 174.8744137168529,-36.91959813742476,100 174.87436654483852,-36.91963792265798,100 174.87432392036362,-36.91967702590298,100 174.87428097704043,-36.91972163131441,100 174.8742644427712,-36.91978439339236,100 174.87424392008558,-36.91984669835526,100 174.8742199799539,-36.919909217686055,100 174.87420430523835,-36.919972428565835,100 174.87417546165452,-36.920042281801535,100 174.87415953201915,-36.9201178258502,100 174.87413906206217,-36.92016541681926,100 174.87411771374323,-36.92022665230455,100 174.87406939119504,-36.92028209978584,100 174.87402393096855,-36.920331534439526,100 174.87398857750702,-36.92035558074386,100 174.8739398016743,-36.92034679556871,100 174.87388298107112,-36.92033271498059,100 174.87381069953273,-36.92030061218435,100 174.87373870758918,-36.92027222091497,100 174.8736658135337,-36.920253293270946,100 174.87361621885998,-36.92022118300881,100 174.87356372926948,-36.92019393955858,100 174.87345043077252,-36.92015284044648,100 174.8733982783618,-36.9201040951248,100 174.8733567592165,-36.92004311606612,100 174.87332792446392,-36.919972206244005,100 174.8733005050651,-36.91988903776807,100 174.8732782929486,-36.919797553583436,100 174.87326782100266,-36.91972595388536,100 174.8732593301622,-36.91965154686895,100 174.87324685781357,-36.91957948570053,100 174.87324579366958,-36.91952333313213,100 174.8732530318987,-36.91946401575469,100 174.87325110833214,-36.919433710373774,100 174.8732555814137,-36.91939759422699,100 174.8732658079042,-36.91936447524425,100 174.87327744791483,-36.91932673272449,100 174.8732904964792,-36.91928411798132,100 174.8733041362273,-36.91924102882966,100 174.8733171524544,-36.91918823959273,100 174.873333341195,-36.91913449628343,100 174.87334294192607,-36.91909420274372,100 174.873351761141,-36.919066653577374,100 174.8733642758912,-36.91903374274527,100 174.87337020604508,-36.919002263431196,100 174.87337493185404,-36.91895757804811,100 174.87337700974663,-36.918902485434415,100 174.87337312546586,-36.91886104813666,100 174.87337181526857,-36.91881498161123,100 174.87337531333083,-36.918747830365504,100 174.8733753304811,-36.91867724141702,100 174.873373719184,-36.91862515431606,100 174.87337189243894,-36.918597154785424,100 174.87337147989368,-36.91856194491797,100 174.87336698144716,-36.91851311476501,100 174.87336627831482,-36.91847676390343,100 174.87337018315685,-36.918439448943786,100 174.87336950283867,-36.91839944286917,100 174.87337350523842,-36.9183509761398,100 174.8733711253092,-36.91831078236246,100 174.87336200220204,-36.91827062826268,100 174.8733540480765,-36.918233427373195,100 174.87333579080658,-36.918203358923755,100 174.87331842198577,-36.91817739458746,100 174.8733022134439,-36.918152789162356,100 174.87327684016444,-36.91811917359636,100 174.87324813000498,-36.91808942685066,100 174.8731995541572,-36.918050809907186,100 174.87316723221716,-36.91802498136793,100 174.87313979815326,-36.918003435406916,100 174.87311893927262,-36.91798659156695,100 174.8730788971148,-36.91795403654428,100 174.8730658242004,-36.9179482552706,100 174.87306392504055,-36.91795349215195,100 174.8730646110165,-36.91796097580923,100 174.87307915559728,-36.91798607529948,100 174.8730906173107,-36.917996887916935,100 174.87310782179597,-36.91801421302345,100 174.87312874290566,-36.918034013115,100 174.87316787005696,-36.918063393682075,100 174.87319342029159,-36.9180888288039,100 174.8732252646182,-36.9181219286079,100 174.87324811533162,-36.91815626898014,100 174.87327574020608,-36.91818872959476,100 174.8732942340598,-36.918214705032625,100 174.8733190157231,-36.918264236423106,100 174.87332659726718,-36.91829529438697,100 174.87333151762422,-36.91832003461612,100 174.87333601352282,-36.918353393653874,100 174.87332811007275,-36.91838735388548,100 174.87332495626825,-36.918433297050555,100 174.87331743178856,-36.918473616425054,100 174.87330667149968,-36.91850487089251,100 174.87329466104276,-36.918529532996295,100 174.8732833220099,-36.91855920215599,100 174.8732747828734,-36.91858883796328,100 174.87327349301222,-36.918629528573625,100 174.87327200960712,-36.91865978585237,100 174.87327283579373,-36.91870841615936,100 174.87326703585998,-36.91874985210074,100 174.87326056938474,-36.91878515065228,100 174.8732596283257,-36.918813120838074,100 174.87325556167656,-36.918857267646864,100 174.8732422176985,-36.91890239632308,100 174.8732264014136,-36.91893530243936,100 174.87321445785153,-36.91896247275418,100 174.87320909771296,-36.91899775294948,100 174.87319994176966,-36.919023745430074,100 174.87319000899853,-36.919053636655306,100 174.87317860386057,-36.919096253406885,100 174.87316079845235,-36.919129162949474,100 174.87312838750074,-36.919163580941536,100 174.87311179013648,-36.91918420355584,100 174.8730854577836,-36.9192112835508,100 174.87307741127216,-36.919220684149906,100 174.87305882139702,-36.919238600876064,100 174.87304388332402,-36.91925602015639,100 174.87301902221358,-36.919287627695894,100 174.87300500844114,-36.91930914962246,100 174.87297370996913,-36.91934444683999,100 174.87293506846316,-36.9193780283806,100 174.87290557601193,-36.9194033185829,100 174.87287833864872,-36.91942631089909,100 174.8728361569533,-36.919457522789635,100 174.87280721100615,-36.919499236313385,100 174.8727934237717,-36.91955039725382,100 174.87278980570662,-36.91958104691522,100 174.87276988257938,-36.91961366802673,100 174.8727286103494,-36.919654852162395,100 174.87269336094568,-36.919678292558956,100 174.87264577119507,-36.919707739257454,100 174.87259408007873,-36.919749229154114,100 174.87256213432036,-36.91976629285488,100 174.87252219074927,-36.919772081863975,100 174.8724720218006,-36.91974688878453,100 174.87242863515303,-36.91972435038728,100 174.87226061592284,-36.91963987523462,100 174.87224907601757,-36.9196357858188,100 174.87223045836507,-36.91962893908769,100 174.87221847831935,-36.91962392734711,100 174.8722005074376,-36.91961603209366,100 174.8721823185715,-36.919608449426846,100 174.87217404803843,-36.91960566584816,100 174.87215493467255,-36.91959966334515,100 174.87213605348865,-36.9195933318021,100 174.87213577482632,-36.91959322893816,100 174.87213152820078,-36.91958964734312,100 174.87211946745555,-36.91957844299317,100 174.87210937120057,-36.919566321674324,100 174.87210480298538,-36.919557851881486,100 174.8720993575554,-36.91954380683188,100 174.87209389302652,-36.9195296692471,100 174.87209277115835,-36.9195278148913,100 174.87208404841732,-36.919514709307116,100 174.87207677463297,-36.91950145559648,100 174.87207437639603,-36.91948752654788,100 174.87207529748449,-36.919472907036756,100 174.87207802501268,-36.919457976934595,100 174.87208108054807,-36.919443010115224,100 174.87207929110335,-36.91940035901656,100 174.87208497790525,-36.91938677029517,100 174.87208634593347,-36.91936439959572,100 174.87208603132547,-36.91934758592249,100 174.87208426835622,-36.91932130418154,100 174.87207536470805,-36.91930722621958,100 174.87206675598787,-36.91928996825678,100 174.8720512586202,-36.919273139758594,100 174.87203694171396,-36.9192616176484,100 174.8720194575699,-36.91924226882862,100 174.87199938260244,-36.9192281993202,100 174.87198135245802,-36.91921553427845,100 174.8719618662172,-36.91920148522647,100 174.87194210243723,-36.919189949821394,100 174.87192575850716,-36.91917637219265,100 174.87189713669693,-36.91916207956838,100 174.8718759580418,-36.9191519472772,100 174.87184761224486,-36.91914664726771,100 174.8718164203756,-36.919144818931535,100 174.8717949630545,-36.91914229635765,100 174.87176923470517,-36.9191462116307,100 174.87174579637372,-36.919160045884745,100 174.87172409018814,-36.91917273519584,100 174.87169551855558,-36.919187262345424,100 174.87166122361504,-36.919205714811156,100 174.87162921621547,-36.91922301177401,100 174.87159435728805,-36.91923915040749,100 174.8715654811068,-36.91924815543069,100 174.8715377292336,-36.91925208992685,100 174.87150513824957,-36.91925993489597,100 174.87147081721315,-36.91926455696033,100 174.8714287592106,-36.9192682445956,100 174.87139729958417,-36.91927057275154,100 174.87137527714592,-36.91926573540416,100 174.87134523373928,-36.91926735712651,100 174.87131035782073,-36.91927127674701,100 174.87127631280447,-36.91927589440575,100 174.871237127086,-36.919282831037656,100 174.8711976695274,-36.919289990059625,100 174.87116047624343,-36.91928493655434,100 174.87112442608336,-36.91928954340237,100 174.87108898837374,-36.91929762238967,100 174.871062974201,-36.91930569259379,100 174.87103578504144,-36.91930224710991,100 174.87099572618695,-36.91929927208078,100 174.8709679822917,-36.91929834459703,100 174.87093597371742,-36.91930664441462,100 174.87089592099377,-36.91930966213367,100 174.87086272862012,-36.91931127566045,100 174.8708289892597,-36.91931498975959,100 174.8707926791736,-36.91932536094004,100 174.87075608289194,-36.91933412686,100 174.87071690514722,-36.91934589517342,100 174.87067658773321,-36.919349382971056,100 174.87064398612645,-36.919351699173696,100 174.87062023590286,-36.91934754236009,100 174.87057101266944,-36.919344570941604,100 174.87051122138138,-36.91934020397666,100 174.87044683300803,-36.91933467728476,100 174.8703721626052,-36.91932871042056,100 174.8703223751753,-36.91932920254574,100 174.87028435540225,-36.91932873057526,100 174.87024401659477,-36.91933336504245,100 174.87022198384437,-36.919334536745616,100 174.870187954997,-36.91933844179538,100 174.87016019805537,-36.919336383171164,100 174.87013274190895,-36.91933455234411,100 174.87011097872997,-36.91932971067846,100 174.87009210287843,-36.91932418540472,100 174.87006261577497,-36.91931820712194,100 174.8700374320412,-36.91931152022614,100 174.87000825252528,-36.919307380286234,100 174.86996562418747,-36.919304634648135,100 174.86993271915196,-36.91930532855005,100 174.86989897016278,-36.91930809885436,100 174.8698683624357,-36.919313182949026,100 174.86983405980246,-36.9193242631137,100 174.86980378075413,-36.91934478163541,100 174.86978036924378,-36.919364143782985,100 174.8697621179497,-36.919392739824595,100 174.8697484406374,-36.91941718356871,100 174.86969543387755,-36.91951076221639,100 174.86967835255092,-36.91955265593247,100 174.86966446060345,-36.91958325185413,100 174.86964398201408,-36.91961520070543,100 174.86961035739864,-36.91964825964621,100 174.8695710224469,-36.919676726119135,100 174.86951624268931,-36.919700519927446,100 174.86946954708043,-36.91971119481234,100 174.8694016984151,-36.91971907779674,100 174.8693458856384,-36.91972442874663,100 174.8692960423796,-36.91973441493135,100 174.86922790699893,-36.91974320004523,100 174.86917293187963,-36.91974948141134,100 174.86911732767578,-36.919767744893434,100 174.86906313955384,-36.91979361844338,100 174.86900725459898,-36.91980981055224,100 174.86895567818834,-36.9198234823326,100 174.86886489605328,-36.919839568334574,100 174.86880646361098,-36.91985298741971,100 174.8687499939671,-36.919873788949594,100 174.86869579841886,-36.919896193268,100 174.86863819179496,-36.919915854440156,100 174.86858608109793,-36.91992189938256,100 174.868507707615,-36.91992166343223,100 174.86844765752755,-36.91990836291064,100 174.86841979191138,-36.919913817196665,100 174.8684002861948,-36.91991767169311,100 174.86835196428694,-36.919941801405194,100 174.86829880150967,-36.919969825252544,100 174.8682532851065,-36.92000312138116,100 174.8682111314075,-36.92004509387975,100 174.8681965577081,-36.92008508671318,100 174.8681853258269,-36.92013556701408,100 174.86818468474542,-36.92015865541212,100 174.86815902805026,-36.92019998439928,100 174.86811886513678,-36.92024653760455,100 174.86807300824117,-36.920300622572384,100 174.86799360655252,-36.92037088572876,100 174.86792784641045,-36.92042883222397,100 174.86786868768743,-36.920473747207225,100 174.86782143250514,-36.920518936408385,100 174.86776108157565,-36.92056841004272,100 174.86770249637487,-36.920608313595,100 174.86764902935292,-36.92064501534977,100 174.86757825212914,-36.9206739324134,100 174.8675240291034,-36.920678635602414,100 174.86747660385439,-36.92068723102417,100 174.8674384567247,-36.92072261468517,100 174.8674042453991,-36.92076734532742,100 174.86738367725042,-36.92081210297193,100 174.86736280367285,-36.92086417512558,100 174.8673438712342,-36.920889979309536,100 174.86731844911728,-36.9209246616976,100 174.86726856269405,-36.92097940459567,100 174.86722822803048,-36.921021532018244,100 174.867185620645,-36.921056915429595,100 174.8671519914873,-36.92108088213797,100 174.86709319424637,-36.92109619529576,100 174.86704512977465,-36.92109778742323,100 174.86697477441015,-36.921109598547176,100 174.86689915985892,-36.921136787721274,100 174.86683685299684,-36.92116888804428,100 174.86679019660576,-36.921195172144024,100 174.86673600823735,-36.921223088846396,100 174.86667428867003,-36.921254466007156,100 174.866610542067,-36.921292166216844,100 174.86657457936028,-36.92131426855963,100 174.86650127313496,-36.92135916459776,100 174.86642911721938,-36.921394749895875,100 174.8663858082967,-36.92141307754514,100 174.86637217635604,-36.92141545136131,100 174.8663532273206,-36.92141876860308,100 174.8663342382232,-36.921421916121865,100 174.86631518845374,-36.92142473921442,100 174.86629623019087,-36.92142707956058,100 174.86627700297845,-36.921429070812835,100 174.86625773153165,-36.92143072115666,100 174.86623838295498,-36.9214320626552,100 174.86621901038302,-36.92143315666452,100 174.866199632539,-36.92143403443657,100 174.86618023146679,-36.92143474222091,100 174.86616192371216,-36.92143553917633,100 174.8661425555366,-36.921436168923954,100 174.86612318358297,-36.92143664370064,100 174.86610380824666,-36.92143697972393,100 174.86608439583938,-36.92143722258927,100 174.8660649980019,-36.92143737238644,100 174.866045597922,-36.92143747624832,100 174.86602619819539,-36.92143754855526,100 174.86601853985405,-36.92143763554884,100 174.86599914276258,-36.92143781596844,100 174.8659797441775,-36.92143793511852,100 174.86596038000545,-36.92143803840223,100 174.86594097990465,-36.921438095378655,100 174.86592159663593,-36.92143815208744,100 174.86590219503933,-36.921438193758576,100 174.86588281251906,-36.92143823512681,100 174.86586342889848,-36.92143827741049,100 174.86586143863173,-36.92143823387304,100 174.8658164504707,-36.92143524893356,100 174.86581547606312,-36.92143501818307,100 174.8657759726792,-36.92141733483886,100 174.86577314447686,-36.92141506017683,100 174.865751727462,-36.92138961439541,100 174.86571920055064,-36.921364499991526,100 174.86571667087983,-36.92136236034247,100 174.86569263162644,-36.92133198856993,100 174.86567471128018,-36.92129828942355,100 174.86567199718982,-36.9212925437826,100 174.8656567803045,-36.921258395663514,100 174.86565149118897,-36.921248188380495,100 174.8656278588678,-36.92121751456714,100 174.86560118182283,-36.92118807111517,100 174.86559909421194,-36.921185645109084,100 174.86557608947467,-36.92115451166604,100 174.8655541087693,-36.921122880825386,100 174.86554304111124,-36.92110674890228,100 174.86552198081398,-36.9210746060666,100 174.86550931940465,-36.92105839372275,100 174.86548037168848,-36.92103066236952,100 174.86547059528914,-36.92102205060429,100 174.8654425001547,-36.92099323507882,100 174.86542460498111,-36.92097917257215,100 174.865385615806,-36.92096129444176,100 174.86535678279927,-36.92095268728339,100 174.86531346763107,-36.920942425644554,100 174.8653067376162,-36.920940389820096,100 174.86526755618664,-36.920922451577646,100 174.8652543770399,-36.92091461159521,100 174.86521928247706,-36.92089172578604,100 174.86521110844075,-36.92088483559013,100 174.86518440444118,-36.92085565654998,100 174.86518378151513,-36.92085501558044,100 174.86515554924253,-36.92083139194389,100 174.865125501412,-36.9208077986186,100 174.8651045495692,-36.9207816171399,100 174.86509040470162,-36.920753258413335,100 174.8650875311837,-36.92071709838488,100 174.8650876267311,-36.92071613607612,100 174.86509250171238,-36.92067999856143,100 174.86509623984216,-36.92066916996683,100 174.8651150189739,-36.920636306690575,100 174.8651193914663,-36.920629122988196,100 174.8651366267883,-36.92059546555648,100 174.86514025062095,-36.92058358601282,100 174.86514295749157,-36.92056139263468,100 174.8651488492368,-36.920531557407344,100 174.86516699424425,-36.92050022190712,100 174.86517606188488,-36.920479839422555,100 174.86517560049452,-36.92046781313363,100 174.86516331406557,-36.92045910556696,100 174.86513505568556,-36.92046670318851,100 174.86510765437527,-36.92048630375302,100 174.86507323364378,-36.92050977396656,100 174.86507067489066,-36.920511737572596,100 174.86504030409128,-36.9205385610772,100 174.8650382200707,-36.92054079663612,100 174.86501442072515,-36.9205702461261,100 174.8649956442699,-36.92059607814036,100 174.86498323890885,-36.92062483582814,100 174.86497468403493,-36.92066041733227,100 174.8649730733755,-36.92066743056883,100 174.86496135557957,-36.92070243262336,100 174.8649587592102,-36.920710732202636,100 174.8649513649259,-36.92074059462312,100 174.86495660259882,-36.92077662018426,100 174.86495712727356,-36.92077811264367,100 174.864962556069,-36.92079161660082,100 174.86496034453342,-36.92082778618972,100 174.86496012425138,-36.92082984916751,100 174.86496325539073,-36.920865988028105,100 174.86496714773745,-36.92088922874865,100 174.8649740745257,-36.92092505472692,100 174.86497564058558,-36.92093441198122,100 174.86497892808933,-36.92097056370744,100 174.8649795537936,-36.92097776985581,100 174.86498350864872,-36.92101237705267,100 174.86498885845387,-36.92104226736082,100 174.86499375167355,-36.92107829832789,100 174.8649946176416,-36.92108416945172,100 174.8650012171498,-36.921120014988105,100 174.8650017581892,-36.92112277805263,100 174.86500780641984,-36.921158711562555,100 174.8650084236582,-36.92116105431609,100 174.86501968458145,-36.9211901920189,100 174.86502421539478,-36.92122627554405,100 174.86502408857723,-36.92122991706939,100 174.86502031690912,-36.92126015162592,100 174.86500387921606,-36.92129388754623,100 174.86500150596981,-36.9212976148263,100 174.8649937179557,-36.92130961204116,100 174.86496881626303,-36.92133985577287,100 174.86496854776578,-36.921340170044,100 174.86494439943078,-36.921370787704504,100 174.86494292533396,-36.92137253237773,100 174.86491554645022,-36.92140136297434,100 174.86490998611757,-36.92140743686992,100 174.8648875917225,-36.92143508055645,100 174.86486882758973,-36.92145433181337,100 174.86483353495623,-36.92145760623655,100 174.86478938884656,-36.92145121511206,100 174.86478513895628,-36.921450715820704,100 174.8647405502152,-36.921452928427186,100 174.86471183652608,-36.92145650599989,100 174.8646673008992,-36.92146071507191,100 174.86465120980986,-36.92146227916287,100 174.86460667678685,-36.9214665954285,100 174.86458604419622,-36.92146840838132,100 174.86454133134643,-36.92147119520062,100 174.86450552128696,-36.92147382869976,100 174.8644593295519,-36.921476919920494,100 174.86445122484994,-36.92148034330056,100 174.8644285671902,-36.921511105099555,100 174.86442444815145,-36.92154510900886,100 174.8644303522253,-36.92158149366997,100 174.86443301423895,-36.921585288798,100 174.86447080181216,-36.921601577247046,100 174.864496325327,-36.92160736136715,100 174.86453622664826,-36.92162378425255,100 174.86456597069161,-36.92163669643232,100 174.86460549027547,-36.921653714751734,100 174.86461344555866,-36.921656968889515,100 174.8646546739724,-36.921671278029216,100 174.86467993643933,-36.92168086076912,100 174.86471835782552,-36.921699477211575,100 174.86472287558576,-36.92170221658765,100 174.8647459568548,-36.92171815723149,100 174.86478348402852,-36.92172213762568,100 174.86480338661752,-36.92173371891303,100 174.86483820548082,-36.92174564460105,100 174.86487874981654,-36.92176149935368,100 174.86489066871042,-36.92176810723249,100 174.8649213926658,-36.92179308343375,100 174.86494083353256,-36.921815155210716,100 174.86494849968315,-36.92184626017193,100 174.86495479199715,-36.92186617608071,100 174.86495812792577,-36.92186933960251,100 174.86498389017387,-36.92189367265338,100 174.86498690071605,-36.92189698098933,100 174.8649991020695,-36.921920526547055,100 174.86500995175143,-36.921955587875594,100 174.86501079548947,-36.92196257337999,100 174.86500983199252,-36.92199624292779,100 174.86499304855988,-36.92201325936698,100 174.86499190766247,-36.92201845176756,100 174.86499043848698,-36.92202426943252,100 174.86498875632168,-36.922033094544595,100 174.86498700484296,-36.92203935107976,100 174.8649857443886,-36.922043276298346,100 174.864978039277,-36.922066097973286,100 174.86496666739328,-36.92209793456038,100 174.8649385936448,-36.922109864594006,100 174.86489787416468,-36.922111297243724,100 174.8648921635749,-36.92211244958292,100 174.86488878934406,-36.92211236827664,100 174.86488444258703,-36.92211213369625,100 174.86487882528724,-36.92211223092576,100 174.8648739474315,-36.92211217593651,100 174.86486908202355,-36.92211258583308,100 174.86486571105792,-36.922111993426,100 174.86486529700383,-36.92211200082973,100 174.8648208785452,-36.922114813780276,100 174.86482079213906,-36.92211481513719,100 174.86477899098546,-36.9221165450434,100 174.86473443588258,-36.922116836409295,100 174.8647336066302,-36.92211685033249,100 174.86468903456958,-36.92211842723105,100 174.86468099963454,-36.92211927896479,100 174.86463699535153,-36.922126560400656,100 174.8646198269718,-36.92213247856051,100 174.8645883254839,-36.922150060438426,100 174.86457474384014,-36.92217556926372,100 174.86457196794228,-36.92220360156479,100 174.86456377644595,-36.92223019566801,100 174.86453361602537,-36.92225651911535,100 174.86453268105237,-36.92225712416092,100 174.86449706540466,-36.92227863187174,100 174.86449395591958,-36.9222800642217,100 174.86446515967415,-36.922291511564914,100 174.86443188932589,-36.92229795741547,100 174.8643909523029,-36.92230290755784,100 174.86434656585467,-36.922299803559945,100 174.86432759757227,-36.92229598232282,100 174.86428547320588,-36.92228439921442,100 174.86427056069516,-36.92227900458244,100 174.8642308390449,-36.922262872622724,100 174.86421760888854,-36.92225700001106,100 174.8641834995463,-36.92224185520416,100 174.86414222015895,-36.92222822810337,100 174.86413770701517,-36.92222632415748,100 174.86410310668947,-36.922203831355084,100 174.86409733228896,-36.92220001297207,100 174.8640604280041,-36.922179945725524,100 174.864059204799,-36.922179455680464,100 174.86403091373597,-36.92217043590631,100 174.86398844811222,-36.922159632282266,100 174.86398374844435,-36.92215850459155,100 174.86394128287708,-36.92214770275218,100 174.86392896814698,-36.92214438540459,100 174.86388708727375,-36.922132192643105,100 174.86387689115597,-36.922129209775164,100 174.8638350390715,-36.92211681554865,100 174.8638261305973,-36.922114756148964,100 174.86378256876282,-36.92210821487746,100 174.8637396190605,-36.92209873559092,100 174.86372057700783,-36.922094094310076,100 174.86367777164924,-36.92208418010147,100 174.86365905244293,-36.92207998079902,100 174.86361597307956,-36.92207084600416,100 174.8635948140312,-36.92206658132976,100 174.86355215483488,-36.922058242994574,100 174.86351173660688,-36.92205028498575,100 174.86347356317552,-36.922035117221654,100 174.8634358566176,-36.922016070043874,100 174.86343453874085,-36.92201528764727,100 174.86340000453083,-36.92199268543938,100 174.86339865112234,-36.92199187295499,100 174.8633645266538,-36.92197420444718,100 174.8633272546683,-36.92195460691832,100 174.86331160311232,-36.921946792897735,100 174.86327286005186,-36.92192911120833,100 174.863266264483,-36.92192623583203,100 174.86322712280972,-36.921909148944536,100 174.86319177166365,-36.921894118871855,100 174.86315259598524,-36.921877017170374,100 174.86313294937568,-36.92186921082663,100 174.86309127512823,-36.921856317817245,100 174.86307773480104,-36.92185116288747,100 174.86304088142094,-36.92183104765003,100 174.86303869713467,-36.921829536153325,100 174.86301046334302,-36.92180648436877,100 174.86299479679417,-36.92178522823825,100 174.86297600611962,-36.92176291159147,100 174.86295944714092,-36.921737365648426,100 174.86294342166698,-36.92170398876751,100 174.86294338501654,-36.92170391273019,100 174.86292385724178,-36.92167151013784,100 174.86291519252168,-36.92166179643122,100 174.86291001847744,-36.92165778019454,100 174.86290285447944,-36.92165308763827,100 174.86289280374197,-36.92164454215372,100 174.8628832838763,-36.92163645342194,100 174.86287318204816,-36.92162668474308,100 174.86286779002415,-36.92162293691243,100 174.8628575899747,-36.92161397555408,100 174.86284505171758,-36.92160428114643,100 174.86280876793683,-36.92158283916706,100 174.86280741416905,-36.92158201135891,100 174.86277271344042,-36.92155896271652,100 174.8627707225816,-36.921557603207674,100 174.86273620621287,-36.92153433354256,100 174.862725398603,-36.921526606598164,100 174.86269307830116,-36.92150141059915,100 174.86266241702714,-36.921474869935295,100 174.862661991305,-36.92147448994622,100 174.862632688023,-36.921447012231084,100 174.86262033732666,-36.92143588896671,100 174.86258769170607,-36.921410837745235,100 174.86257368056812,-36.921399061824886,100 174.86254796921932,-36.9213694925656,100 174.86252756336,-36.92134297578331,100 174.86250259588928,-36.921312789158335,100 174.86249184128246,-36.92130184003842,100 174.86245996020907,-36.92127628016082,100 174.86245377481782,-36.92127194267108,100 174.86241899056097,-36.92124900338973,100 174.86240530163002,-36.921240225597515,100 174.8623726728095,-36.921218350306816,100 174.86236274056822,-36.92120198125128,100 174.86234051863417,-36.921187744576045,100 174.86231149931305,-36.92117280691351,100 174.862288872904,-36.92115057193746,100 174.86226806984817,-36.921127979380366,100 174.86223951819275,-36.921104669202904,100 174.86220417400244,-36.921085333106376,100 174.8621637868641,-36.92107142722377,100 174.86212703376847,-36.921052455699346,100 174.86209079044244,-36.921033119246474,100 174.8620640040778,-36.92102215288061,100 174.86203275423912,-36.92099881195352,100 174.86200107689893,-36.92097307840372,100 174.86200059730717,-36.92097260642074,100 174.86197727056967,-36.92094164856017,100 174.86197572544432,-36.920939460043456,100 174.86195493451314,-36.92091214431499,100 174.86193459519455,-36.920885580414165,100 174.861914263256,-36.92085862702304,100 174.86189659983083,-36.920825402756535,100 174.86188946916957,-36.920808412886764,100 174.86187650452766,-36.92077369896868,100 174.8618741855249,-36.92076913858901,100 174.86184875143593,-36.92073954859859,100 174.86182713146314,-36.920717420329986,100 174.86180635548493,-36.92068937607107,100 174.86178168102666,-36.92065912340154,100 174.86178148235322,-36.92065880113933,100 174.86176441669718,-36.92062531871432,100 174.8617638943249,-36.92062387217128,100 174.86175379810933,-36.92058847332864,100 174.86175230368465,-36.92057078218689,100 174.86175809520273,-36.92053524782524,100 174.8617681024091,-36.92049959419213,100 174.86176989114279,-36.92049084406113,100 174.86177224798664,-36.9204723119951,100 174.86177057377085,-36.920438873080094,100 174.86176801532335,-36.920402771103106,100 174.86176757363089,-36.920395964037866,100 174.86176513523816,-36.920359813309624,100 174.8617650256318,-36.92034542813517,100 174.8617683656559,-36.92030939411732,100 174.86177071932002,-36.92029202390408,100 174.8617756856116,-36.92025602297524,100 174.86177634284124,-36.92024441266411,100 174.8617751753293,-36.920207944574386,100 174.8617724462268,-36.92019967537449,100 174.8617557507654,-36.920174209803136,100 174.8617362840535,-36.92015563591629,100 174.86171359016856,-36.92015087129212,100 174.86169092382025,-36.92013809889185,100 174.86167187827903,-36.92012170229321,100 174.86166608424918,-36.92009841555084,100 174.86167617536967,-36.920072998718624,100 174.86170635798413,-36.9200461961366,100 174.86170901397844,-36.9200439814116,100 174.8617332242401,-36.92001822695278,100 174.86175800564348,-36.91998798576974,100 174.86176609179273,-36.91997613821223,100 174.86178462721125,-36.919943171106674,100 174.8617857848073,-36.91994054994146,100 174.86179726503448,-36.919908232435034,100 174.86179555671373,-36.91988640757975,100 174.86180566950722,-36.919856622592775,100 174.8618160694231,-36.91982142697695,100 174.86181624851844,-36.919821036600794,100 174.86183499755302,-36.91979343981705,100 174.86185909225966,-36.91978984883795,100 174.8619034122716,-36.91979633117868,100 174.86190407432898,-36.91979650556924,100 174.86194173657324,-36.91980493007665,100 174.86197989628235,-36.91980865359099,100 174.8620148632162,-36.91981199812635,100 174.8620425906502,-36.919814228567915,100 174.8620739221822,-36.91981611857315,100 174.86211709410915,-36.91981656556107,100 174.86216212562613,-36.91981666971298,100 174.86216298964072,-36.919816655262935,100 174.86220250930475,-36.91981564707391,100 174.8622153464658,-36.919816555294496,100 174.86222215647305,-36.919817087539606,100 174.86223148958834,-36.91981691143721,100 174.86223979123332,-36.919817618580595,100 174.86224966109702,-36.91981744938206,100 174.86225847504073,-36.91981729674158,100 174.86226470364718,-36.91981677093713,100 174.86227195222156,-36.91981622733455,100 174.8622801698691,-36.9198131583542,100 174.8622819746671,-36.91981148604083,100 174.86230440948898,-36.919783360894094,100 174.86230816582926,-36.91977640417293,100 174.86232721824766,-36.91974338200856,100 174.86233292555306,-36.91973439375699,100 174.8623549205369,-36.91970664774441,100 174.86237510855173,-36.91967407104243,100 174.86237874287409,-36.919669020724875,100 174.86240639743997,-36.91964020170099,100 174.8624153657863,-36.91963287661549,100 174.86244976714877,-36.91960928398763,100 174.86246292486763,-36.91960149841566,100 174.86249976002875,-36.91958035705257,100 174.86250180503106,-36.919579237985225,100 174.86253956565642,-36.91955904019974,100 174.86254799870034,-36.919553706407356,100 174.86257909087092,-36.91952730575214,100 174.8625864397819,-36.91952082896057,100 174.86261947413018,-36.9194959589213,100 174.86262715230131,-36.91949018900677,100 174.8626592858288,-36.919464559752186,100 174.86266101210276,-36.919463167173156,100 174.86269324998247,-36.919437583141466,100 174.8627044855545,-36.91942775555507,100 174.86273147145445,-36.919398498988606,100 174.8627424704571,-36.91938757639864,100 174.86277570071857,-36.91936291956075,100 174.86278318557416,-36.91935764839548,100 174.86281632677563,-36.919332884784865,100 174.86282069894514,-36.919329557022216,100 174.86285297226414,-36.91930404990567,100 174.86285913836105,-36.91929925008359,100 174.8628928810326,-36.9192749871647,100 174.86290580489666,-36.9192649302777,100 174.86293564405483,-36.91923760640498,100 174.86293691066942,-36.91923646889632,100 174.86296858351253,-36.919210461020995,100 174.8629739840705,-36.91920617073212,100 174.8630060990361,-36.9191805263541,100 174.86303800263968,-36.91915473115751,100 174.86306852473743,-36.91912775165843,100 174.863091565079,-36.91910870669263,100 174.86312601835868,-36.91908514370263,100 174.8631537813543,-36.91906744240916,100 174.86318865878988,-36.919044243189646,100 174.86322307610652,-36.919020634768806,100 174.86323017009425,-36.919015633795716,100 174.86326334616066,-36.918990884837946,100 174.86328964446093,-36.91897144260867,100 174.86332443317178,-36.918948152807296,100 174.86333675083787,-36.91893934470288,100 174.86336283830107,-36.91891852854677,100 174.86339518307696,-36.91889306613161,100 174.86340081400112,-36.91888897230226,100 174.86343579828943,-36.91886588039459,100 174.8634373970679,-36.918864877373295,100 174.86346224440675,-36.918849378622625,100 174.86346062548546,-36.91884641794879,100 174.86346006046014,-36.918838884557616,100 174.86345952058164,-36.91883164640525,100 174.86345935680282,-36.918825563253115,100 174.86346153447417,-36.91881776690136,100 174.86346952292698,-36.91879518782808,100 174.86349493853018,-36.918776380415885,100 174.86352985929764,-36.918764471271196,100 174.86355080389762,-36.91873367703187,100 174.86354991955426,-36.91869748392728,100 174.8635463917656,-36.91868910472177,100 174.86352699447605,-36.918661532144164,100 174.86349825775326,-36.918633223725976,100 174.86348134938183,-36.91862304724546,100 174.8634391536921,-36.91861061227303,100 174.86343426490882,-36.91860885389576,100 174.8633996200292,-36.91858592891827,100 174.86339221431786,-36.91858125640282,100 174.86335828435188,-36.91856561188552,100 174.8633252318447,-36.91855179679275,100 174.8633003876954,-36.91853001770999,100 174.86327278119643,-36.91851548802906,100 174.86325017401688,-36.91850167757142,100 174.86320720106244,-36.91849254002714,100 174.86318314283318,-36.91849036855439,100 174.86313920895256,-36.91848279723607,100 174.8631287914323,-36.91848121211389,100 174.86308440514523,-36.918474792551265,100 174.86304636863315,-36.91847241582823,100 174.86300169148768,-36.91847517084274,100 174.8629715994718,-36.918478850725315,100 174.86292673403904,-36.91848295614116,100 174.86290994851967,-36.918486358763246,100 174.8628795718919,-36.91849684175568,100 174.86283421829987,-36.91849629406078,100 174.86283242920118,-36.918495334277196,100 174.8628211417388,-36.91848516867341,100 174.86280217662676,-36.918463396408036,100 174.86278548582666,-36.91843871955772,100 174.862774176237,-36.91840383735518,100 174.86277336952017,-36.91839956242271,100 174.86276772355913,-36.91836377568311,100 174.8627675863493,-36.91836187334291,100 174.8627676788043,-36.918329225124054,100 174.8627712599151,-36.91829315574591,100 174.86277371947452,-36.918284301338836,100 174.86279154681674,-36.9182513776323,100 174.86280240740217,-36.918234680638236,100 174.86281963623557,-36.918201380550265,100 174.86282791152013,-36.918184356368734,100 174.86284306400708,-36.918150332639094,100 174.86285299988512,-36.91813074067988,100 174.86287547051708,-36.91809950170006,100 174.86289213120926,-36.91807533278979,100 174.8629071728143,-36.91804491968307,100 174.8629122361082,-36.918017729402266,100 174.86291378099784,-36.91800117943588,100 174.86291315673893,-36.91799466906831,100 174.86291400772845,-36.91798641583664,100 174.8629153874124,-36.91797728543723,100 174.86291623360964,-36.91796948113886,100 174.8629175579481,-36.9179647194121,100 174.8629191994284,-36.91795112426515,100 174.8629283060856,-36.91791867623787,100 174.862933501037,-36.91788282669644,100 174.86293287684256,-36.91788084006101,100 174.86291355387743,-36.917856673204305,100 174.86288656866984,-36.9178317720885,100 174.86287216281218,-36.91782201683537,100 174.8628618418101,-36.91780469490136,100 174.86284252381702,-36.917785205813594,100 174.86281911421125,-36.91776211703251,100 174.86281147115912,-36.91775562032154,100 174.8627966984615,-36.917721882137506,100 174.86279488913613,-36.9177163070021,100 174.86277826296464,-36.91768565156697,100 174.86275417822355,-36.91765543489468,100 174.8627441180315,-36.91764523200353,100 174.86271446926406,-36.91761839512615,100 174.86271218443264,-36.91761634440502,100 174.86268429854653,-36.917588190076856,100 174.86266406905227,-36.9175701726924,100 174.86262875662624,-36.91754810969711,100 174.86261815465798,-36.91754092120021,100 174.86258893158038,-36.917513814427295,100 174.8625799315271,-36.91750446016275,100 174.8625623811464,-36.91748642687851,100 174.862551118005,-36.91745265885319,100 174.86255199931185,-36.917415241981786,100 174.8625521768448,-36.91741215757836,100 174.86255137084825,-36.91737630302267,100 174.86255270760446,-36.917340396833374,100 174.8625527985729,-36.91733859907239,100 174.86255491514945,-36.917302771685655,100 174.86255514390376,-36.917299670255034,100 174.8625578652842,-36.91726383338229,100 174.8625593083126,-36.91725315262007,100 174.8625666077146,-36.91721774778374,100 174.86256750038515,-36.91721494419215,100 174.8625813474605,-36.917180648937865,100 174.86258382142515,-36.91717746272001,100 174.8626161845689,-36.91715272759493,100 174.86261631995526,-36.917152617312844,100 174.86263990175664,-36.9171221649262,100 174.86264118093658,-36.91712020702084,100 174.8626613484488,-36.91708820292813,100 174.86266967693516,-36.917074429890256,100 174.86269021135496,-36.91704255884133,100 174.86270222663023,-36.91702506770571,100 174.862725527084,-36.916994450266856,100 174.86274201373138,-36.91697282403068,100 174.8627633706362,-36.91694131141273,100 174.86278000700764,-36.916916243379,100 174.862802955769,-36.91688538357833,100 174.8628234095576,-36.91685500095244,100 174.86284078100144,-36.91682189961609,100 174.86285011125804,-36.91679841443202,100 174.8628581618266,-36.91676270216081,100 174.8628633003024,-36.91675119910513,100 174.86289130726658,-36.91672330280411,100 174.86289447501372,-36.916720212953976,100 174.86291802104645,-36.916689730429184,100 174.8629211272541,-36.91668563386599,100 174.8629452810517,-36.91665521841422,100 174.86295006208536,-36.916651031583044,100 174.8629874821171,-36.916631753849686,100 174.86300105488084,-36.91662656292502,100 174.8630414276226,-36.91661104423416,100 174.86305157487257,-36.91660642259932,100 174.8630864570531,-36.91658406156935,100 174.86309714912713,-36.9165765507589,100 174.86313097469906,-36.91655219364115,100 174.8631454422068,-36.91654557809419,100 174.86318941558466,-36.91653918102306,100 174.86319008766867,-36.91653912270851,100 174.86323246466182,-36.916534471290824,100 174.86327700865976,-36.91654031419707,100 174.86328132547564,-36.91654011577448,100 174.86328521180872,-36.91653994032985,100 174.86331337704928,-36.91653087276287,100 174.8633484058747,-36.9165094683624,100 174.86337795038403,-36.91649568505513,100 174.86342167989432,-36.91650020943503,100 174.86344151932587,-36.91650626326262,100 174.86348446714825,-36.916517088406636,100 174.8634946366477,-36.91651974726201,100 174.86353780954363,-36.916529949646666,100 174.86354501633085,-36.916531760877966,100 174.8635874609964,-36.916543818776155,100 174.86359266937882,-36.916545246756726,100 174.86363605917225,-36.9165551356469,100 174.86364850094188,-36.91655872955357,100 174.86368865973643,-36.91657514873033,100 174.8636988682622,-36.91658056319721,100 174.8637319840654,-36.91660130025796,100 174.86376206516024,-36.916628192291824,100 174.86376281218395,-36.91662895300061,100 174.86379068577432,-36.9166573389114,100 174.86380270541252,-36.916669644391135,100 174.863832261508,-36.916696916891695,100 174.86385664155446,-36.91671947829516,100 174.86388482186177,-36.916747688117596,100 174.8639046817974,-36.916769289342476,100 174.863930104477,-36.91679912695875,100 174.8639345828508,-36.91680491886392,100 174.8639564748094,-36.91683653611902,100 174.86396086716013,-36.91684234469577,100 174.86398741331323,-36.916871528331995,100 174.86400389447317,-36.91688708603322,100 174.86403440058402,-36.91691367568972,100 174.86403609849526,-36.916915086646476,100 174.86406777438478,-36.916940804381085,100 174.8640832442286,-36.91695216787203,100 174.86411804415877,-36.91697512177446,100 174.8641372279383,-36.916986373781874,100 174.86417438218703,-36.91700680756989,100 174.86419122190253,-36.91701509766778,100 174.86423014810208,-36.91703458787949,100 174.86424115652758,-36.91703693696516,100 174.86424428063995,-36.91703671306579,100 174.86427785061525,-36.91703441317241,100 174.86430819640637,-36.91703117783955,100 174.864352963796,-36.917033779282946,100 174.86436254467705,-36.91703448061976,100 174.86440241094695,-36.91703485971697,100 174.86444634460068,-36.91703922458073,100 174.86448395803023,-36.917040711592506,100 174.86451700499256,-36.91704726541212,100 174.8645423747519,-36.917045461930535,100 174.8645482714848,-36.91703966127829,100 174.8645261400799,-36.91703459271594,100 174.86449947396446,-36.91703059401041,100 174.86446783048538,-36.9170305996006,100 174.86442987464338,-36.91702408588145,100 174.86438595239233,-36.91701691591988,100 174.86437294113244,-36.91701464786348,100 174.86432893578285,-36.91700696903726,100 174.86431959201082,-36.917004157586945,100 174.86428177965976,-36.916984957269435,100 174.86427442639908,-36.91698026775952,100 174.8642379197175,-36.916958815258496,100 174.86421527644794,-36.91694046739056,100 174.8641917179453,-36.91690988582657,100 174.86418954434404,-36.91690682571031,100 174.86416790715768,-36.91687825457285,100 174.86414969965793,-36.91684541231036,100 174.8641381515537,-36.916822924445995,100 174.86411938900892,-36.916790013377295,100 174.86410747303452,-36.9167744534339,100 174.8640766128386,-36.91674821095414,100 174.8640686502169,-36.91674080630067,100 174.86404820940007,-36.916709132939275,100 174.86404759232013,-36.91670739316003,100 174.86403592516623,-36.91667401918819,100 174.86403134395024,-36.916654089868764,100 174.8640226606425,-36.91661851129559,100 174.86402158807272,-36.916592713378236,100 174.86403088850997,-36.916557829558634,100 174.8640416186561,-36.91652597427062,100 174.86404494143136,-36.9164899710987,100 174.86404714186096,-36.91648048620231,100 174.86406517882418,-36.91644772756407,100 174.86407342665788,-36.91643609543381,100 174.8640943077643,-36.916404294417184,100 174.8641051271175,-36.91638993688276,100 174.864130600389,-36.916360396397174,100 174.86413997919908,-36.91635100341864,100 174.86415625932153,-36.91633585442565,100 174.86417455277237,-36.91630298358626,100 174.86418392411088,-36.91628752122164,100 174.86421332441424,-36.91626192364568,100 174.86424566493355,-36.91623703431297,100 174.86425626568672,-36.91622803855381,100 174.864281894066,-36.91619851092395,100 174.8642915730965,-36.91618872565237,100 174.86431733386917,-36.91616924657428,100 174.864337559951,-36.916137519792564,100 174.86434587915346,-36.91612020098637,100 174.86436693589349,-36.9160884755804,100 174.8643901639433,-36.916057781444906,100 174.86439073303393,-36.91605708930877,100 174.86441648626257,-36.91602771471767,100 174.86443552516266,-36.91600587332581,100 174.86445880627093,-36.915975193666604,100 174.86447040530695,-36.915958978853176,100 174.86449275802772,-36.91592788203,100 174.86451460276058,-36.915896529992345,100 174.8645306342223,-36.91587278984979,100 174.86455141103767,-36.915840960648005,100 174.8645659605491,-36.91581868588295,100 174.86458811717503,-36.91578737580376,100 174.8645976760712,-36.915771785178514,100 174.86461215338377,-36.915737834919376,100 174.86461902095013,-36.9157205560117,100 174.8646356582641,-36.915687173016636,100 174.86465482474512,-36.91565462819493,100 174.86467339310147,-36.91562748356659,100 174.86469558110682,-36.91559861826063,100 174.864729837992,-36.91557555543099,100 174.8647380874491,-36.91556980525507,100 174.8647607029068,-36.91554853767613,100 174.86476659219917,-36.91553409435672,100 174.86479506843094,-36.915521134159626,100 174.8648256821854,-36.91549505139736,100 174.86483259804646,-36.91548796206189,100 174.86486112483644,-36.91546011843201,100 174.86486833869492,-36.915454434082086,100 174.8649056663504,-36.91543500217653,100 174.8649311318605,-36.915424524597405,100 174.8649695184812,-36.91540589624502,100 174.8649894129332,-36.91539790185475,100 174.86503149503966,-36.915384861326494,100 174.86504495369653,-36.91538315737421,100 174.8650895380325,-36.91538607057991,100 174.86509052504618,-36.91538608482238,100 174.86509166464074,-36.915386049799814,100 174.86511090974813,-36.91538540685212,100 174.8651530753627,-36.91537676341909,100 174.8651807251662,-36.91538006333387,100 174.8652222968215,-36.91539376215213,100 174.86522326222286,-36.915394271558505,100 174.86525639879295,-36.91541840044705,100 174.8652670923614,-36.915427692759586,100 174.86529998331167,-36.915452289673965,100 174.86531592142595,-36.91546440366457,100 174.8653482544759,-36.91548945908746,100 174.86536337850694,-36.915502160000315,100 174.86539264409785,-36.91552953041618,100 174.86539636841013,-36.91553302762947,100 174.86542563665878,-36.915560506153625,100 174.86543251980638,-36.91556571402786,100 174.8654691453027,-36.91558643693694,100 174.8655138139511,-36.91559119276095,100 174.86552532671996,-36.915589785211125,100 174.86556744111854,-36.91557733254866,100 174.86557159197315,-36.915576083907,100 174.8656028788771,-36.91556925431803,100 174.86564212095104,-36.91558633799252,100 174.86564993905003,-36.9155928777404,100 174.8656729897926,-36.91561611221206,100 174.86569215877648,-36.915648736339996,100 174.8656923428825,-36.91564915166083,100 174.86570223484972,-36.915675617687725,100 174.86571335868624,-36.91571058004605,100 174.86571433983605,-36.9157129792721,100 174.86573189437036,-36.91574600370603,100 174.86575885401484,-36.91577510113462,100 174.86577165032216,-36.91578412511921,100 174.8658104173974,-36.91580220855328,100 174.86581872183507,-36.915805580615306,100 174.86585744750656,-36.91582403692995,100 174.86586304980625,-36.91582596876995,100 174.8659068411222,-36.91583409925588,100 174.86591061793172,-36.915834359883526,100 174.8659555154458,-36.91583472791544,100 174.86596318555684,-36.91583445597687,100 174.86600808680947,-36.91583304291897,100 174.86601121727725,-36.915833082059685,100 174.86605587237827,-36.91583667608678,100 174.86608369119327,-36.9158404544383,100 174.8661281716133,-36.91584586193769,100 174.8661520914224,-36.9158499845566,100 174.8661951132251,-36.91586034517979,100 174.86620281035815,-36.91586237928258,100 174.86622024314826,-36.9158670031134,100 174.8662392248258,-36.91586881120871,100 174.8662505278196,-36.91586925008709,100 174.86626949500922,-36.915867930819935,100 174.8662745114548,-36.915867332824696,100 174.86629326022478,-36.91586432881128,100 174.8662984711961,-36.91586392875267,100 174.866316986719,-36.91586507898612,100 174.86631976932992,-36.91586503074932,100 174.86632257078548,-36.915865709582675,100 174.8663415657442,-36.915864746790895,100 174.86634379144166,-36.915864600048586,100 174.86634657405256,-36.91586455181116,100 174.86636559248504,-36.91586510466922,100 174.86636979825923,-36.915865280125665,100 174.86638198451965,-36.91586511474462,100 174.86642406962264,-36.91586251187892,100 174.86646644649008,-36.91586174761495,100 174.86651652199205,-36.915863032717034,100 174.86653343309004,-36.91586435144381,100 174.866568522025,-36.91586715014556,100 174.86659801651683,-36.9158766281329,100 174.8666397992043,-36.91588335321206,100 174.86666471027635,-36.91589281940291,100 174.86669849997816,-36.915909685580964,100 174.86674001147236,-36.91593461436755,100 174.8667652146188,-36.91594915308873,100 174.86678869515293,-36.91596393880544,100 174.86680587675576,-36.91597915972736,100 174.86682905920006,-36.91600409359164,100 174.8668531437495,-36.91603039229156,100 174.86687175996224,-36.91606361527449,100 174.86688207512472,-36.91608716237392,100 174.86688730012634,-36.916116248794545,100 174.86690079092713,-36.91615950293214,100 174.8668909680614,-36.916212220605786,100 174.8668952481482,-36.9162202769296,100 174.8669212212824,-36.916206818387074,100 174.8669508616418,-36.91617862957806,100 174.86696083495778,-36.916170155395506,100 174.86696924304695,-36.91616000502592,100 174.8669829802918,-36.91614937519529,100 174.86699811818968,-36.916133580403894,100 174.86702081205524,-36.91612231493359,100 174.86704689284738,-36.916108992573626,100 174.8670774514238,-36.91609954308909,100 174.86712848340002,-36.916082413321156,100 174.86717024495977,-36.916076113550204,100 174.86722129040893,-36.916072333901106,100 174.86727454294348,-36.9160689792006,100 174.86732838791505,-36.91607219660832,100 174.86737604992558,-36.91607765906393,100 174.86742455170796,-36.91608538232839,100 174.8674750191681,-36.91609739289191,100 174.86749578768084,-36.91611097188227,100 174.86750443622526,-36.91611238615187,100 174.8675306429052,-36.91611665459528,100 174.86756451906936,-36.91612255729464,100 174.86756977622952,-36.91612451070465,100 174.86758958361284,-36.91613191091391,100 174.86761864309813,-36.91614839604693,100 174.8676605545983,-36.91616439603637,100 174.8676984200642,-36.91617397644053,100 174.86773715795587,-36.91618448679464,100 174.86777187947968,-36.91619545418209,100 174.86780978503987,-36.91620847155853,100 174.8678530558916,-36.91621393168126,100 174.8678795400296,-36.916224003796195,100 174.86792709948497,-36.916239750814334,100 174.86797835994523,-36.91625619220108,100 174.86803533568863,-36.91627104837209,100 174.86807439685253,-36.91628652341415,100 174.86808205244742,-36.916289565724114,100 174.86812989695656,-36.91630047619348,100 174.86818175272492,-36.91631462958679,100 174.86822930587093,-36.91632693894285,100 174.86828086476973,-36.916339689099125,100 174.86831531821773,-36.91634582856073,100 174.8683492066056,-36.91635217969942,100 174.8683773134584,-36.91635827387918,100 174.86839567308522,-36.916353029563616,100 174.8684140395706,-36.91634797441475,100 174.86843243355898,-36.916344000415585,100 174.8684509701459,-36.91634209810969,100 174.86845401234268,-36.91634206106089,100 174.86847267598623,-36.91634421540112,100 174.86849147192933,-36.916347467268444,100 174.8685016251465,-36.91634885508638,100 174.86852082936147,-36.91634993194692,100 174.86854003095888,-36.916349567633226,100 174.8685589097553,-36.91634752112261,100 174.86856641132138,-36.916346136733125,100 174.8685842134312,-36.91634136804512,100 174.86859429693644,-36.91633759959321,100 174.86858285834916,-36.916336621378775,100 174.86856427678265,-36.916333644661016,100 174.86854635981626,-36.916329015276375,100 174.86853562042594,-36.91632573219395,100 174.86851840268,-36.91631884481001,100 174.86850279722626,-36.91631013301895,100 174.8684950640718,-36.91630354525846,100 174.86848415784905,-36.91629084959677,100 174.86847439996328,-36.91627714261059,100 174.86846441029041,-36.91626382683844,100 174.86845277500035,-36.91625230354606,100 174.8684386013627,-36.91624541061752,100 174.86842127770868,-36.91623970201064,100 174.8684026928515,-36.916235301231694,100 174.86838351980109,-36.91623154423384,100 174.86836431315552,-36.91622783643275,100 174.86833462268825,-36.91622455585088,100 174.86830514986485,-36.91622104019799,100 174.86827855014343,-36.91621115566925,100 174.86825192190636,-36.91620856687582,100 174.86822242971968,-36.91621009980622,100 174.86819806741246,-36.916211405113806,100 174.86817284862536,-36.9162143201295,100 174.86814675575621,-36.916218813583434,100 174.86811388384444,-36.91622260608731,100 174.8680736402586,-36.916226849832974,100 174.86804415886746,-36.91622813558738,100 174.8680081824526,-36.916229641573274,100 174.86797529313208,-36.91622637156051,100 174.86793847816742,-36.91621986985867,100 174.86791698789665,-36.91620385701572,100 174.86790343939612,-36.91618485665754,100 174.86789441307155,-36.91616427635756,100 174.86788200242626,-36.91614254602422,100 174.8678775083622,-36.91611559960903,100 174.86787077675723,-36.916090937183256,100 174.86786432500983,-36.91606191787539,100 174.86785729629185,-36.916039754077346,100 174.8678491409343,-36.91601231273726,100 174.86782908526976,-36.915989212757545,100 174.86779935614967,-36.91598319263177,100 174.8677659275234,-36.915977872424094,100 174.8677483610822,-36.91597472278141,100 174.86773635488862,-36.91597256096365,100 174.86768714281243,-36.91597248498997,100 174.86764940396498,-36.915974672041486,100 174.8676004833627,-36.915978400431314,100 174.86754961746027,-36.91597853878538,100 174.86750209127365,-36.91597302829554,100 174.86745515671018,-36.9159689010245,100 174.8674118295764,-36.915965222650165,100 174.8673651565535,-36.91596312010483,100 174.86732321314224,-36.915963939164556,100 174.86727736403216,-36.915961606411024,100 174.86723713732087,-36.91595747092429,100 174.86722176385948,-36.91595158906792,100 174.86722009523598,-36.91594097791046,100 174.86721173212837,-36.91592318933514,100 174.8671946977488,-36.91590761013601,100 174.86717096366928,-36.91588661838315,100 174.86714526222573,-36.91587351257213,100 174.86712796614577,-36.9158565909036,100 174.86711260594137,-36.915839651414686,100 174.86709501281697,-36.91582905267353,100 174.86707404446852,-36.91582089820001,100 174.86705030878596,-36.91581590399896,100 174.86702681437194,-36.91581090690133,100 174.86702656376437,-36.91579579568298,100 174.86703862394612,-36.91577872162647,100 174.86705315261275,-36.91576860391465,100 174.8670774817915,-36.915755127020226,100 174.86709426477208,-36.915749074873254,100 174.86711330774338,-36.91573898893064,100 174.86712923705574,-36.915728862708235,100 174.8671301050432,-36.9157135464284,100 174.86711558347722,-36.91570204314242,100 174.86710104106152,-36.915689178285874,100 174.86707898026773,-36.915677651118656,100 174.86705383836704,-36.915669259413,100 174.86703121651936,-36.915657509417834,100 174.86701753954293,-36.9156446435632,100 174.86699601114609,-36.91563041305937,100 174.8669725443584,-36.91562000939043,100 174.86694069883055,-36.91561184202226,100 174.86688144257596,-36.91560475360153,100 174.86684315947565,-36.9155873280859,100 174.86681496273647,-36.91556882916271,100 174.86678648390685,-36.915543087141735,100 174.86675716151834,-36.915523214258656,100 174.86672754870096,-36.915507404583515,100 174.86671087081012,-36.915503170949606,100 174.86668695459554,-36.9154998370419,100 174.86666832051753,-36.915500036204115,100 174.8666615257958,-36.91549942555434,100 174.86664528074544,-36.9155074674143,100 174.86662892863853,-36.91551540009228,100 174.86661249415533,-36.915522808592435,100 174.8665955846317,-36.915529931627475,100 174.86658288026692,-36.91553458113532,100 174.86656507760506,-36.915540015608016,100 174.86654683715415,-36.91554457456532,100 174.86653534038118,-36.91554718973323,100 174.86651706402264,-36.91555170328298,100 174.86649867125067,-36.915555769801514,100 174.86648179224312,-36.91555884991437,100 174.8664629964856,-36.915562087236125,100 174.86644405804287,-36.915564444403785,100 174.86642501308307,-36.91556547108942,100 174.8664161060901,-36.915565377632475,100 174.866397084554,-36.91556404969394,100 174.86639564610064,-36.915563935300014,100 174.8663657749067,-36.91555520677051,100 174.86633998862325,-36.91554468890721,100 174.86631242108254,-36.91552257108344,100 174.86629430096386,-36.91552327135651,100 174.86626988081844,-36.91550695273527,100 174.86626594177037,-36.91550514709952,100 174.8662527908406,-36.91550285079631,100 174.86624139870423,-36.91550681176704,100 174.86624102021457,-36.915506895228575,100 174.86622206593998,-36.915508694691546,100 174.8662207898684,-36.915508794962165,100 174.8662017449179,-36.91550982161169,100 174.86618331426152,-36.91550989311874,100 174.86617684668576,-36.915510500393516,100 174.86615807552002,-36.915513319067415,100 174.866157099796,-36.91551367600089,100 174.8661269805971,-36.91553110855825,100 174.86609679590518,-36.91554999957405,100 174.86606324183722,-36.91557282011012,100 174.8660265916235,-36.91558273188914,100 174.86598834412976,-36.915587854796506,100 174.8659650413916,-36.9155868022631,100 174.8659303768617,-36.91557405243254,100 174.86591843338647,-36.91556713587428,100 174.86588418911958,-36.91554302638111,100 174.86587792265985,-36.915539542085405,100 174.86583896483435,-36.915520811815405,100 174.86582635091668,-36.91551466469394,100 174.86578649577228,-36.91549729688137,100 174.8657762012823,-36.91549383620628,100 174.86573368643934,-36.9154810987898,100 174.8657225731917,-36.915477434655934,100 174.86568193815032,-36.91546127240988,100 174.8656675350732,-36.9154535616452,100 174.86563157501473,-36.915431217681416,100 174.86560837639703,-36.915417897356484,100 174.86557136266703,-36.9153968561124,100 174.8655533551988,-36.915384994586276,100 174.86551607759023,-36.915364454999256,100 174.86548086726137,-36.915353898412086,100 174.86547951996673,-36.91535333281555,100 174.86544248872522,-36.91533226116039,100 174.86542952528507,-36.915324711621764,100 174.8653949343305,-36.915301196893374,100 174.86538539691347,-36.915292456968395,100 174.86535776551187,-36.91526346373797,100 174.8653531975825,-36.915258834194304,100 174.86532212475896,-36.91523237905291,100 174.8652989666006,-36.91522251189467,100 174.86525684061846,-36.91520812598818,100 174.86522517781435,-36.9151899812594,100 174.86520479547033,-36.91517785143098,100 174.8651978916444,-36.91517382009214,100 174.8651663483086,-36.91516011788797,100 174.8651445661258,-36.91515190013867,100 174.86510448291008,-36.91513695211724,100 174.86507915965655,-36.91512501613497,100 174.86504058924268,-36.91510784240417,100 174.8650165595792,-36.91510090284942,100 174.8649744239228,-36.91509003214745,100 174.8649637644623,-36.91508651494085,100 174.8649238794772,-36.915071223044784,100 174.86488545077611,-36.9150535513103,100 174.86486458669816,-36.91504279268666,100 174.86482766565365,-36.915023282897444,100 174.86479248245251,-36.91500668591944,100 174.86475302900362,-36.91499072021051,100 174.86475189419636,-36.91499030629637,100 174.86471079275321,-36.91497737416092,100 174.8646693585258,-36.91496492673943,100 174.8646564645292,-36.91495994659352,100 174.86461603755453,-36.914945762714645,100 174.86460166178568,-36.914942898697184,100 174.86455805919243,-36.91493663770406,100 174.86454035133997,-36.91493139963637,100 174.8644980968055,-36.914921909651746,100 174.8644967485188,-36.914921901977614,100 174.86445314603657,-36.9149279070322,100 174.86445197504315,-36.91492808134506,100 174.86440889126982,-36.914935981831576,100 174.86436842068883,-36.91494591341703,100 174.86435851228205,-36.914950420549836,100 174.86432314379329,-36.914971987403675,100 174.86431725271297,-36.91497538683477,100 174.86427964185083,-36.91499397215367,100 174.86424587668188,-36.915003755171206,100 174.86423893207976,-36.915005284670016,100 174.8641952055834,-36.915010532664354,100 174.86415576041762,-36.91501034786914,100 174.86411976117907,-36.91500130666162,100 174.86410988403054,-36.91499280540655,100 174.86409339622918,-36.91490092658539,100 174.8640901870527,-36.914905675549385,100 174.86408657171063,-36.91491462744322,100 174.86406507451846,-36.91494605056265,100 174.86406283363203,-36.91495276543266,100 174.86404545449855,-36.91497781285437,100 174.8640163017528,-36.91502937809163,100 174.86400554428377,-36.91506406936947,100 174.86397044031253,-36.9151625390561,100 174.86391081030976,-36.91523367983047,100 174.86383191035702,-36.9152845260024,100 174.8638134310155,-36.9152943547136,100 174.86375488282974,-36.9153368569579,100 174.86370782540885,-36.91536810340189,100 174.86369902974482,-36.915371522247355,100 174.8636957694681,-36.91537117592913,100 174.8635996890301,-36.91542292339385,100 174.86353349814388,-36.915450597041016,100 174.86341952201846,-36.91552366924237,100 174.86340479705606,-36.915536809023166,100 174.86325109871362,-36.915632884158875,100 174.8631490727045,-36.91565380740495,100 174.8630322500569,-36.91564396442884,100 174.86302619109304,-36.9156417602083,100 174.86302057744388,-36.91564069638429,100 174.86296842510257,-36.91563219755848,100 174.86294700876215,-36.91563052357234,100 174.86293022640186,-36.91562692557426,100 174.862923248878,-36.915626597888874,100 174.86285101479893,-36.91561268522702,100 174.8628477564425,-36.915610480329626,100 174.86279085354846,-36.91559569801846,100 174.86277642304876,-36.91559469316511,100 174.86276012189768,-36.91559223407618,100 174.8627397108307,-36.91558357255892,100 174.8627243823265,-36.915584551173154,100 174.86269935851988,-36.915586346130745,100 174.86265916375757,-36.91558530642853,100 174.86261716695302,-36.91558604804769,100 174.86257473344745,-36.91558535708998,100 174.86253540839527,-36.91558966116318,100 174.8625332751212,-36.915590054248064,100 174.86249074836832,-36.91560006611871,100 174.862489735189,-36.91560031454969,100 174.8624474288307,-36.91561080425439,100 174.86244553980157,-36.915611316988354,100 174.86240274882692,-36.91562048122218,100 174.86240262764403,-36.91562048312262,100 174.86235853722744,-36.915617296173316,100 174.86235675394835,-36.915617218684226,100 174.8623125126802,-36.915615536587225,100 174.86227499702247,-36.91561056283352,100 174.86227447676643,-36.9156104943795,100 174.86223032698032,-36.915607727428146,100 174.86221671730243,-36.91560830317264,100 174.86217269396977,-36.91561276642486,100 174.8621663721347,-36.91561304491762,100 174.86212221270517,-36.91561565085788,100 174.8621205072767,-36.915615912844245,100 174.86207754788245,-36.915624615421265,100 174.8620373588077,-36.9156289337789,100 174.86200765994775,-36.9156311507046,100 174.86196408370373,-36.91563682906242,100 174.86195095661995,-36.91564058698878,100 174.86191003596247,-36.91565438065537,100 174.8618891879927,-36.91565909244699,100 174.8618461552302,-36.91566764196497,100 174.8618440784504,-36.91566823514663,100 174.86180193802775,-36.91567909156312,100 174.86176484408838,-36.91568019766464,100 174.86176261011516,-36.91568009658725,100 174.86171840509257,-36.91567842902326,100 174.86168132324485,-36.915687742348055,100 174.86164558128934,-36.91569348615198,100 174.86161075553835,-36.915696008678914,100 174.86157008601873,-36.915701760301936,100 174.86154190671402,-36.9157064598685,100 174.86150040484645,-36.91571860587557,100 174.86147271699537,-36.915733270851526,100 174.86146890130925,-36.91573538116888,100 174.8614329569838,-36.91575616573942,100 174.86139766666471,-36.91577619555624,100 174.86136416531292,-36.915789426591125,100 174.861333789049,-36.915774078185095,100 174.86132753433122,-36.9157626654334,100 174.86130653235702,-36.91573837228692,100 174.86128330340307,-36.91571551199076,100 174.86125113636473,-36.91569982208768,100 174.86124096536895,-36.915698387056324,100 174.8612416269091,-36.91572564799242,100 174.86123988903188,-36.915729193090016,100 174.86124166648972,-36.91581099626951,100 174.86124132070623,-36.915812286974244,100 174.86124299127042,-36.915814007554225,100 174.86126053198487,-36.91583430441804,100 174.86127490045538,-36.915860739428716,100 174.86129104772678,-36.91588969910225,100 174.8613072048279,-36.915919016444114,100 174.86132801271853,-36.91595088463815,100 174.86133146078419,-36.9159563232518,100 174.86135028433054,-36.91598898506163,100 174.8613507781933,-36.91598999942024,100 174.86136456107585,-36.91602424994763,100 174.86136554304974,-36.91602798135228,100 174.86137073665492,-36.916063712178925,100 174.86137125009844,-36.916073196855436,100 174.86137252563537,-36.91610918197586,100 174.86137245553215,-36.916110453938785,100 174.86136918849033,-36.91613758086106,100 174.8613539799449,-36.91617143494471,100 174.86135139204688,-36.9161755224428,100 174.86133093273943,-36.91620440240554,100 174.8613154682306,-36.91623257675919,100 174.86129498957996,-36.916264633277976,100 174.86129135558272,-36.916269047225356,100 174.86126250921376,-36.91629660119075,100 174.86126185143692,-36.916297201866044,100 174.86123644875164,-36.9163210100372,100 174.86120696126957,-36.91634338692888,100 174.86117933986972,-36.91635922702226,100 174.8611357100032,-36.916367475590604,100 174.86113407715018,-36.91636781484063,100 174.8611069360147,-36.91637644492601,100 174.86106426327677,-36.91638745003386,100 174.8610594185103,-36.91638864900501,100 174.86102728874832,-36.916396901181464,100 174.86099232266707,-36.916419388211466,100 174.86099149169308,-36.91641997537561,100 174.86095887551897,-36.916439805427856,100 174.86095559969783,-36.91646403743038,100 174.86097131772647,-36.91649117689127,100 174.86098836925513,-36.91652159339042,100 174.86099552400316,-36.91654403415108,100 174.8609889880628,-36.91657956574203,100 174.86098813800837,-36.916582693130735,100 174.86098266354472,-36.916618438825545,100 174.86098163505264,-36.91662392326366,100 174.86097277607635,-36.91665920103127,100 174.86097152853364,-36.91666297008077,100 174.8609582992198,-36.91669582958537,100 174.8609369412866,-36.916722201664214,100 174.86090895642712,-36.91675029816098,100 174.86090698302766,-36.9167521443469,100 174.86087769533503,-36.916779380660266,100 174.86087749228275,-36.91677957041573,100 174.86084982118857,-36.91680519866898,100 174.8608226155284,-36.91682429855779,100 174.8607836858657,-36.91684213101638,100 174.86078322433988,-36.91684230859791,100 174.86074339057538,-36.916856704047674,100 174.86070213022765,-36.916870782038,100 174.860696306734,-36.91687286430288,100 174.86066550088287,-36.916884748698614,100 174.86063473054918,-36.91689407638057,100 174.86059578761885,-36.916908825563326,100 174.86056365177777,-36.91691817822635,100 174.86052743237641,-36.91693257195806,100 174.86050824326492,-36.91693854010355,100 174.86051023961005,-36.916940132108394,100 174.86051064133966,-36.91695643343507,100 174.86051105971515,-36.91696621343567,100 174.86050510696086,-36.916985427342524,100 174.8605072702857,-36.9170151866516,100 174.8605113052052,-36.91702897765912,100 174.86051353943913,-36.9170387886982,100 174.8605116631813,-36.91705073086693,100 174.8605113608621,-36.917133080387146,100 174.86050905346082,-36.91714829840546,100 174.86050618482273,-36.9171838428182,100 174.86050112108416,-36.91721104833891,100 174.86050108758542,-36.917217569027436,100 174.86049140557483,-36.91725890031407,100 174.86049140564572,-36.917264723754684,100 174.86047667811772,-36.9173165497637,100 174.86044015694313,-36.91738685630288,100 174.86043085983596,-36.917447771788495,100 174.860421251111,-36.91747313500101,100 174.86041701783492,-36.917515209235354,100 174.86041426695718,-36.917523541789336,100 174.8603714214601,-36.91758368943812,100 174.86033321011564,-36.91761479688778,100 174.8603245799918,-36.91761987132617,100 174.86029461775382,-36.917627775694946,100 174.86024785653248,-36.91764693482969,100 174.8601516179228,-36.917676861018606,100 174.8601207290833,-36.91768950458815,100 174.8600689913238,-36.9177075419439,100 174.8600326880549,-36.917713650988574,100 174.8600226912698,-36.917716162720765,100 174.86000001304097,-36.917719031709524,100 174.85989530457644,-36.91771484642266,100 174.85986446491262,-36.91771514555017,100 174.85984133364428,-36.91771401342463,100 174.85981324885708,-36.91770743557,100 174.85978696625722,-36.91770485388815,100 174.85977334234354,-36.917705553061005,100 174.85976565398244,-36.91770517503445,100 174.85975115675237,-36.91770296309124,100 174.85972851133556,-36.91769350413203,100 174.85970131440817,-36.91768909534866,100 174.85963022229512,-36.91766684456165,100 174.85959577591748,-36.91765771278156,100 174.85954418539188,-36.91763730891947,100 174.8595251627596,-36.917624953126555,100 174.85951569373438,-36.917612959686934,100 174.85950932822584,-36.917618010323416,100 174.8594569210212,-36.917569061719576,100 174.8594482546069,-36.91755665191468,100 174.8594423587191,-36.91753985705982,100 174.859437382922,-36.91750515925706,100 174.8594337434829,-36.91749128360458,100 174.85943329590322,-36.91748616569485,100 174.85943149102957,-36.91748141063837,100 174.85942979042576,-36.91739525554379,100 174.85942253555388,-36.9173587394048,100 174.859428592916,-36.917273657088685,100 174.85943457341065,-36.917264540311336,100 174.85944369429706,-36.91725064602581,100 174.85944875225414,-36.91723677569824,100 174.85947300184264,-36.91719115142766,100 174.85947621023251,-36.917183119081095,100 174.85948216647614,-36.9171718025536,100 174.85948446872118,-36.9171641287004,100 174.85950643720747,-36.917125063009614,100 174.85950963192698,-36.91711522011987,100 174.8595174369129,-36.917100620869185,100 174.85952018562568,-36.917086372089386,100 174.85952980690814,-36.9170666456178,100 174.8595404022454,-36.917006420104585,100 174.85953949339836,-36.916997654556134,100 174.8595408855344,-36.91698634009119,100 174.8595422502701,-36.91698304872433,100 174.85953410853287,-36.916928273070326,100 174.85953003870517,-36.91691511710461,100 174.85952912752094,-36.91689978455875,100 174.85950640851874,-36.91685012412785,100 174.85950138991686,-36.91683769686427,100 174.85948589301591,-36.91681687110979,100 174.85948045179555,-36.91680737885859,100 174.85947907733984,-36.91680190411679,100 174.8594781755693,-36.91679278243438,100 174.8594741077978,-36.9167719453658,100 174.8594700026823,-36.91676648724213,100 174.85945954721453,-36.916746040416776,100 174.85945772951652,-36.9167343318595,100 174.85944635690012,-36.91671060055386,100 174.85944408805713,-36.91670402668259,100 174.85944319847127,-36.916687595085314,100 174.85943639704976,-36.91665181363078,100 174.85941730549766,-36.916606518269084,100 174.85941547879818,-36.916600308819035,100 174.85941274351438,-36.91659629840029,100 174.85941139802793,-36.91659192371836,100 174.85940411210478,-36.916578761319634,100 174.85940365671848,-36.916574014876005,100 174.85940048170332,-36.91656779769443,100 174.85939499238037,-36.916562332398456,100 174.85938953323725,-36.916552840422995,100 174.85935536339503,-36.916510098433086,100 174.85932391766738,-36.91648708428712,100 174.85928832897312,-36.916469532114505,100 174.85926416030256,-36.9164541842339,100 174.85922401851047,-36.91643444911838,100 174.85918661858807,-36.9164234796869,100 174.85918113714047,-36.91642092642982,100 174.85917385147954,-36.91641872859821,100 174.8591628846084,-36.91641470643564,100 174.85915284604835,-36.91641433631843,100 174.8591387091558,-36.91640813841607,100 174.8591204577596,-36.916405201013504,100 174.859100856149,-36.91639898770824,100 174.8590830512874,-36.91638947627472,100 174.85906570806603,-36.916386911313786,100 174.85905886145727,-36.91638434967822,100 174.85904472212232,-36.916385817549475,100 174.85903923082867,-36.91638544744266,100 174.85899361071088,-36.91636970974598,100 174.85898585913995,-36.916364965749665,100 174.85897535939782,-36.916360949777,100 174.85897126176638,-36.91635838656536,100 174.8589507313584,-36.91635363169253,100 174.8589361331897,-36.91634960866658,100 174.85892839063652,-36.91634523587009,100 174.85891376859246,-36.916341570138755,100 174.8589087640556,-36.9163393798472,100 174.85888870598401,-36.916325136559614,100 174.85886999814596,-36.91631417007224,100 174.85883303729523,-36.91630865927415,100 174.8588143640065,-36.916308686567874,100 174.85879842643547,-36.91631015461531,100 174.85877658565505,-36.9163068614368,100 174.8587693055149,-36.916303595426555,100 174.85875656580902,-36.91629923143204,100 174.8587415340124,-36.91629704305084,100 174.85865549972632,-36.91629343233288,100 174.85864868358138,-36.916291986033734,100 174.8586450304528,-36.91629053169091,100 174.85861591885126,-36.91628689891237,100 174.85860362089448,-36.91628288310865,100 174.8585917876702,-36.916280717655944,100 174.85856721827972,-36.91627234492718,100 174.8585499212009,-36.91626760968496,100 174.8585362557031,-36.91626542963848,100 174.8585298786323,-36.91626362043855,100 174.85848801523713,-36.91623449860101,100 174.85847573654348,-36.916222119111126,100 174.8584602479862,-36.91621193319711,100 174.85845616956507,-36.91621011415906,100 174.8584356754653,-36.91618863098394,100 174.85843342308993,-36.916181343887786,100 174.85843114219242,-36.91615294916655,100 174.8584329630425,-36.91613764776225,100 174.85847988755822,-36.91604767979494,100 174.85851267688668,-36.91596647395443,100 174.8585245382999,-36.91594062226588,100 174.8585336515023,-36.91591804032006,100 174.85853819256357,-36.91591001688417,100 174.85855596501625,-36.915869227903,100 174.85855872383445,-36.915863759666955,100 174.85859106374886,-36.91574249615049,100 174.85859882358307,-36.91571845090204,100 174.8586020048624,-36.91569514969631,100 174.85861977859474,-36.91564017386859,100 174.85862480635066,-36.915610305569906,100 174.85869638366276,-36.91531021933168,100 174.85869636847303,-36.91530510816913,100 174.85870912881805,-36.9152592330311,100 174.85870914338557,-36.91525266576683,100 174.8587127877797,-36.91523702305728,100 174.8587127917766,-36.91523265608684,100 174.8587228207666,-36.91520678979418,100 174.85872373678785,-36.915200966433126,100 174.85872644645954,-36.9151911167319,100 174.85873467159686,-36.915148880909314,100 174.8587374241801,-36.91511864982984,100 174.85873878824017,-36.9151095503591,100 174.85873878320314,-36.91510481128377,100 174.85874835331478,-36.91507604180025,100 174.85875202070707,-36.91504252730491,100 174.85875291710056,-36.91503853123166,100 174.8587520218452,-36.91501996267587,100 174.8587433793587,-36.914974811891696,100 174.85874337712588,-36.9149715293097,100 174.85873247161442,-36.91495296240164,100 174.85873382786477,-36.91494095178097,100 174.85873067293034,-36.9148870497911,100 174.85873340686604,-36.91487029287436,100 174.85874023521308,-36.914855369158026,100 174.85874207122106,-36.91483935456367,100 174.85874524403002,-36.91483387984346,100 174.85875254928737,-36.91479347187662,100 174.85876484124265,-36.91477015335116,100 174.85876666652663,-36.91476470242539,100 174.8587712372349,-36.914755221978915,100 174.8587826177354,-36.91474175295007,100 174.8587921835971,-36.914734820773475,100 174.85881495818265,-36.91471551760215,100 174.8588704815215,-36.91468527442709,100 174.85889324579855,-36.91467724604709,100 174.8589246618325,-36.914662316007934,100 174.85896108750424,-36.91464919040608,100 174.8589897619744,-36.91464298029733,100 174.85904529279023,-36.914623313945434,100 174.8590544246102,-36.914621483719266,100 174.85908764544394,-36.91461200542638,100 174.85910631084502,-36.9146090813673,100 174.85914363473145,-36.91459851041826,100 174.85929562997683,-36.914567886109964,100 174.85929929400316,-36.914567157260066,100 174.85935452664654,-36.9145512575535,100 174.85937898731362,-36.91453682115763,100 174.85946545040431,-36.91451587624013,100 174.8594708704216,-36.91451553540012,100 174.85949350508892,-36.914509755031325,100 174.8595469394397,-36.91449061970435,100 174.85957137268784,-36.91448485532301,100 174.8596229826344,-36.914462793994176,100 174.85962526123885,-36.91446136036248,100 174.85963748473506,-36.914458114373176,100 174.8596566094943,-36.914450397012374,100 174.85969871403455,-36.91443368693108,100 174.85970465551432,-36.91443147758491,100 174.8597481943126,-36.914417299374485,100 174.8597536888901,-36.91441522230816,100 174.85979269378225,-36.91439641378403,100 174.85983185614256,-36.914375031308026,100 174.85984053732813,-36.91436800564545,100 174.85986484437132,-36.91433555862591,100 174.85986819132088,-36.91432690579,100 174.859873187237,-36.91428941815738,100 174.85987354104145,-36.91428646979837,100 174.8598842121667,-36.91424976756861,100 174.85989004187465,-36.914233714748214,100 174.85990130100086,-36.91420347570528,100 174.85993714995917,-36.914179146387134,100 174.85993735451729,-36.91417901880092,100 174.85997004742183,-36.91415308677725,100 174.86000378596444,-36.914126765220374,100 174.86001207846115,-36.914119404933246,100 174.86004021279368,-36.91408916836642,100 174.86005197524833,-36.91407318395413,100 174.86007231565134,-36.91403922621219,100 174.8600799643534,-36.91402523325677,100 174.86009909625992,-36.91399069235513,100 174.8601111658584,-36.913972658926774,100 174.8601366810964,-36.913943380906524,100 174.8601561518553,-36.91390920603321,100 174.86016909281935,-36.913879774345475,100 174.86018629024377,-36.91384466254834,100 174.860199618743,-36.913816167570495,100 174.86021561333956,-36.91378070596882,100 174.86023072073118,-36.91374499507588,100 174.8602313690491,-36.91374340490225,100 174.8602454134762,-36.91370741772775,100 174.86025754180218,-36.91367604919877,100 174.860273481689,-36.91364046316237,100 174.86028062499733,-36.9136205474082,100 174.86028657739678,-36.913583260190656,100 174.86028964645666,-36.91355000378682,100 174.86029694785537,-36.91351275492456,100 174.86030298036303,-36.91348167656356,100 174.86030832238046,-36.9134442150359,100 174.86030925440846,-36.9134389637519,100 174.8603186386357,-36.9134020202574,100 174.860320648419,-36.913393126971215,100 174.86032562724108,-36.913355639585475,100 174.8603268483151,-36.91334699299787,100 174.86033588131346,-36.913309823363704,100 174.86033771551286,-36.91329698323198,100 174.86033123999948,-36.913259833906785,100 174.86032144338358,-36.91322264827507,100 174.8603204012002,-36.9132153719991,100 174.86032410357157,-36.91317801456895,100 174.86033214469393,-36.91314058376562,100 174.86033348502,-36.913134489658006,100 174.86034180138688,-36.913097022996,100 174.86034832030205,-36.913059586292604,100 174.86034941522306,-36.91303073132309,100 174.8603435586645,-36.91299346233973,100 174.86033419430345,-36.91295822039829,100 174.8603259314026,-36.912925995053996,100 174.85651826376386,-36.91122098939396,100 174.85651166886828,-36.9111851269774,100 174.85650960867042,-36.911177279813174,100 174.85649692311748,-36.91114251307427,100 174.8564931539204,-36.911131536190055,100 174.8564874626702,-36.91111007631433,100 174.85648659393956,-36.91110604926122,100 174.8564342347838,-36.911089001690634,100 174.8564357593371,-36.91108202234639,100 174.85643737175573,-36.911075056049846,100 174.8564390013972,-36.91106810570786,100 174.856440647104,-36.91106112356843,100 174.8564422591505,-36.91105414195511,100 174.85644385363784,-36.91104717684007,100 174.85644536170906,-36.911040212174505,100 174.85644678377915,-36.91103326507707,100 174.8564480854237,-36.91102630453957,100 174.8564492475687,-36.911019330860135,100 174.8564502877949,-36.91101232844149,100 174.85645124011995,-36.911005265205524,100 174.8564520881425,-36.91099820540263,100 174.85645286654358,-36.910991098016545,100 174.85645355968626,-36.910984038832005,100 174.85645416682806,-36.91097699721562,100 174.85645468908282,-36.91097001911745,100 174.85645512833705,-36.910963136054356,100 174.85645548230306,-36.91095634625944,100 174.85645577121247,-36.9109496971866,100 174.8564559090645,-36.91094320640399,100 174.85645591150973,-36.91093682499552,100 174.85645581413831,-36.91093058575379,100 174.85645563188004,-36.91092441003028,100 174.85645534676112,-36.910918297204674,100 174.8564550470482,-36.91091223057466,100 174.85645471184637,-36.910906181624554,100 174.85645441215541,-36.9109001158955,100 174.85645412742994,-36.91089401928753,100 174.856453894674,-36.91088789032085,100 174.856457340752,-36.91088095484817,100 174.856460939765,-36.9108739385696,100 174.85646458853273,-36.91086684490068,100 174.85646828928301,-36.91085976574157,100 174.8564719208401,-36.91085270298647,100 174.85647546863174,-36.91084570373196,100 174.85647884627798,-36.910838816197185,100 174.85648198645086,-36.910832087402106,100 174.85648487156985,-36.91082553294405,100 174.85648740028964,-36.91081923192108,100 174.85648946568736,-36.910813079648456,100 174.85649106768378,-36.910807026554636,100 174.85649227515776,-36.91080108958942,100 174.85649326089683,-36.910795266051785,100 174.85649414602494,-36.91078959821321,100 174.85649500272123,-36.91078410026789,100 174.8564959843635,-36.910778802265874,100 174.85649716313085,-36.91077371840135,100 174.8564986926712,-36.91076884356854,100 174.8565006961259,-36.910764256961585,100 174.8565031404901,-36.910759986136114,100 174.8565059065403,-36.91075606720609,100 174.85650892091783,-36.91075243732426,100 174.85651213279155,-36.91074903689655,100 174.85651552120916,-36.910745788736634,100 174.85651898178938,-36.910742646706076,100 174.856522478287,-36.91073955098277,100 174.85652597329096,-36.91073643996021,100 174.85652936394337,-36.91073323773248,100 174.85653264537106,-36.910729882184434,100 174.8565353734288,-36.91072782237671,100 174.8565499765422,-36.910693901722006,100 174.85655008569654,-36.910693450255245,100 174.85655795773584,-36.910658098065596,100 174.8565579835107,-36.91065777228488,100 174.85655939377736,-36.910621910912226,100 174.85655898651376,-36.910604092704965,100 174.86023722259335,-36.912191493361064,100 174.86021723408578,-36.91215919208879,100 174.86019728263798,-36.91212693710109,100 174.86019139343685,-36.91211881468973,100 174.86016514328819,-36.91208962641042,100 174.86015382062232,-36.912077448424796,100 174.86012772153813,-36.91204805497292,100 174.8601162817735,-36.912032811616065,100 174.86009903757994,-36.91199962640452,100 174.8600870569729,-36.91197514754865,100 174.86006589133015,-36.9119434081828,100 174.860057213097,-36.9119305803766,100 174.86003839152235,-36.91189788674552,100 174.86002079701726,-36.91186779043316,100 174.85999954503836,-36.91183605240644,100 174.85997890066946,-36.9118089502775,100 174.8599525826406,-36.911779778333106,100 174.85992602531982,-36.91175073541394,100 174.85992298801938,-36.91174708485334,100 174.85989999531347,-36.9117161825554,100 174.85988641777442,-36.911696656218346,100 174.85986405560004,-36.91166541775943,100 174.859842565139,-36.91163379159562,100 174.85984184398697,-36.911632705979095,100 174.8598217727807,-36.91160049876502,100 174.85980262529202,-36.9115679192566,100 174.85980229798596,-36.91156733671965,100 174.85978350953064,-36.911534611880306,100 174.85978276774316,-36.91153336975634,100 174.85976062855207,-36.9115020655929,100 174.85973783906755,-36.911471021274615,100 174.8597377133995,-36.91147088443876,100 174.85971273515236,-36.911435539927844,100 174.85969859372267,-36.911413033610415,100 174.8596748431626,-36.91138225309364,100 174.85965165767672,-36.91135126092577,100 174.85965007206073,-36.911348872912754,100 174.85963264944388,-36.911315489424496,100 174.85962143709315,-36.911295781807304,100 174.8595979439027,-36.911264919729994,100 174.8595958189762,-36.911262416679556,100 174.8595692918348,-36.9112331704042,100 174.859554857581,-36.91121907889793,100 174.85952411637632,-36.91119258543868,100 174.8595138152247,-36.9111830367761,100 174.8594878838593,-36.91115345487421,100 174.85947468259786,-36.911135687384906,100 174.85945393963618,-36.91110358435804,100 174.85943309460595,-36.91107152979404,100 174.85943207158235,-36.911070122622185,100 174.85940757033117,-36.91103971162632,100 174.85939253754438,-36.91102389532449,100 174.85936215585554,-36.91099731777702,100 174.85935255347505,-36.910988671199796,100 174.85932532985248,-36.91095990175457,100 174.85931844336426,-36.91095128566203,100 174.8593136254639,-36.91094313020757,100 174.8592985688785,-36.91091870392634,100 174.85929065466468,-36.91090982721552,100 174.85925258674226,-36.91089124933676,100 174.85924212343673,-36.910885328309284,100 174.85922220279312,-36.91085421824178,100 174.85920812784113,-36.9108257476665,100 174.85918084085233,-36.91079783092836,100 174.85916081009313,-36.91078067685789,100 174.85912990249278,-36.91075508361358,100 174.85910855808714,-36.91073601585846,100 174.85908249175813,-36.910707195790344,100 174.85907157540535,-36.910693383544384,100 174.85905106877826,-36.91066171027837,100 174.85903291890463,-36.910628913121734,100 174.85901401960638,-36.91059654590679,100 174.85899329766897,-36.91056843893049,100 174.85896476629605,-36.91054117795197,100 174.85896284901793,-36.91053932059184,100 174.85895205278914,-36.9105286980391,100 174.85892616080503,-36.91049928664116,100 174.85891592399426,-36.91048502930551,100 174.8588979294074,-36.91045224411672,100 174.8588874627455,-36.910429395357966,100 174.85887124940027,-36.91039596037143,100 174.85886447901058,-36.91038134863403,100 174.858850150102,-36.910347261334856,100 174.85884515485947,-36.91033762235327,100 174.85882247755774,-36.91030686901914,100 174.8587953916436,-36.91027806664365,100 174.8587927068743,-36.91027529383115,100 174.85876564569168,-36.91024676957026,100 174.85874894363155,-36.910229959910644,100 174.85872062485998,-36.91020224668305,100 174.85870117414217,-36.91018285177587,100 174.8586742495224,-36.910154263164344,100 174.85865331378469,-36.91012848217991,100 174.8586279122923,-36.91009864392052,100 174.85861161456523,-36.9100749976848,100 174.85859462465066,-36.91004160635567,100 174.85859266208018,-36.9100354305567,100 174.85858765256134,-36.91001817109805,100 174.8585818105134,-36.909983348863214,100 174.85858241555525,-36.909955555202295,100 174.85859258028893,-36.90992124589075,100 174.85860205730597,-36.909887088848485,100 174.85860250317845,-36.909881134038194,100 174.85859661403003,-36.90984649821302,100 174.85859350018546,-36.909835432725195,100 174.85858077774822,-36.90980130222104,100 174.85857968459288,-36.909787568739425,100 174.85858482062872,-36.90976887964203,100 174.8585692187399,-36.909736301210394,100 174.85856560149915,-36.909728403638965,100 174.8585633009156,-36.90970575513528,100 174.85843226983783,-36.90977900833882,100 174.8582543448513,-36.90958777802876,100 174.85832445419308,-36.909527068407456,100 174.85832357521195,-36.90949805954722,100 174.8583150841463,-36.90946373301112,100 174.8583089054126,-36.9094473616099,100 174.85829384518573,-36.90941434022494,100 174.8582918989559,-36.90940689329821,100 174.85829093681008,-36.90938319903994,100 174.85830817495344,-36.90935152540477,100 174.85831989181435,-36.909317716397034,100 174.85832241259092,-36.90931243756103,100 174.85834544158757,-36.90928267785352,100 174.8583471560835,-36.90928085198468,100 174.8583734137761,-36.909252878648516,100 174.858391030022,-36.90923600332258,100 174.8584194688658,-36.90920943255602,100 174.85842902904,-36.909200997092434,100 174.8584584998515,-36.909176158735924,100 174.85847983268613,-36.90914569997941,100 174.8584864788033,-36.909133644429225,100 174.8585032524958,-36.909103419250314,100 174.85852523352554,-36.90907779585725,100 174.85853635843154,-36.9090593294062,100 174.85853887944634,-36.909049528622226,100 174.85855881437988,-36.909016553600544,100 174.85856129310739,-36.90901291943154,100 174.85856206243005,-36.90901391056534,100 174.858588978093,-36.908988544329056,100 174.85859487049942,-36.90897873224478,100 174.8586264060822,-36.90895221661978,100 174.85864456027983,-36.90893804221649,100 174.8586625662275,-36.908929275367235,100 174.85867985388407,-36.90891819794743,100 174.85883332162612,-36.90877051444817,100 174.8588381201644,-36.90876442301058,100 174.85884286744806,-36.90875830082869,100 174.85884378541266,-36.908757092207686,100 174.85884817296173,-36.90875113158489,100 174.8588521670367,-36.908744682293836,100 174.8588542003233,-36.90874119389446,100 174.85885814202152,-36.908734713876655,100 174.85886105810377,-36.90872995521518,100 174.85886494632499,-36.90872344538916,100 174.85886880090848,-36.908716936990814,100 174.85887265397577,-36.90871041239227,100 174.85887650890788,-36.908703918409394,100 174.85888023338208,-36.90869773742488,100 174.85888422742983,-36.90869128723186,100 174.85888827423113,-36.90868483711434,100 174.8588923034521,-36.908678402594354,100 174.8588962791747,-36.90867193736526,100 174.8588977699355,-36.90866949578129,100 174.85890165964443,-36.90866300125329,100 174.85890549587688,-36.90865647691717,100 174.8589093321087,-36.90864995258096,100 174.85891032482837,-36.9086482632853,100 174.85891932253892,-36.90864403495127,100 174.85888023057174,-36.90859038173423,100 174.85883788450462,-36.90854175473982,100 174.85893909260201,-36.90849250957115,100 174.8589978673562,-36.90856066072299,100 174.85907883212724,-36.90864976907864,100 174.8592043937801,-36.908591229279466,100 174.85916779620314,-36.908529371120366,100 174.85921329794436,-36.90851046560881,100 174.85928374185343,-36.90862122066319,100 174.85929131233874,-36.90861918503132,100 174.85929999984353,-36.908616928212666,100 174.8593087056929,-36.90861468733001,100 174.85931737638907,-36.90861243167456,100 174.8593260107946,-36.90861011439533,100 174.85933457525056,-36.90860773601924,100 174.85934304882446,-36.908605220261556,100 174.85935137990586,-36.908602567930295,100 174.85935956810746,-36.90859971684023,100 174.85936757713273,-36.90859665133581,100 174.85937539092413,-36.90859335724731,100 174.85938291857173,-36.90858974226042,100 174.8593901283196,-36.90858588528747,100 174.85939731147516,-36.908581672707705,100 174.8594042638503,-36.9085772005542,100 174.8594110355769,-36.908572499588445,100 174.85941761244123,-36.90856758535551,100 174.85942399294953,-36.908562442556324,100 174.85943021371997,-36.90855714632876,100 174.8594362579888,-36.90855169963927,100 174.8594421414197,-36.90854610044002,100 174.85944784979904,-36.90854036427603,100 174.85945341570113,-36.9085345384075,100 174.85945882449673,-36.90852862126084,100 174.85946409343086,-36.9085226296912,100 174.85946925690615,-36.90851659380497,100 174.85947201385684,-36.90851365018167,100 174.85947730300893,-36.90850779800002,100 174.85948241749696,-36.908501871039014,100 174.85948737340664,-36.90849583840182,100 174.8594921370791,-36.90848970061545,100 174.85949674331076,-36.90848350400391,100 174.85950117299086,-36.90847720109634,100 174.85950541196513,-36.9084708561083,100 174.8595094579522,-36.90846442130542,100 174.8595125239143,-36.90845945838524,100 174.85951627445908,-36.90845296691788,100 174.85951985109014,-36.90844638533706,100 174.8595232508135,-36.90843972901219,100 174.85952646093136,-36.9084330296884,100 174.85952954724561,-36.90842627011163,100 174.85953251202207,-36.908419451147715,100 174.85953538854142,-36.90841260292061,100 174.8595381607243,-36.90840571035956,100 174.85954088015276,-36.90839881772309,100 174.8595435648063,-36.90839187966356,100 174.8595462146786,-36.908384942148544,100 174.85954888175178,-36.90837801968664,100 174.85955156679768,-36.908371097844594,100 174.85955428622378,-36.90836420520785,100 174.85959971719686,-36.90839499872802,100 174.85961512578567,-36.908405465185105,100 174.85962558317166,-36.90839308130196,100 174.85963600425785,-36.90838068176246,100 174.85964612953413,-36.90836816427393,100 174.85965574804104,-36.90835543840203,100 174.859657929767,-36.90835233343135,100 174.8596663395359,-36.908339055947586,100 174.85967411946118,-36.90832549359282,100 174.85968162080053,-36.9083118292436,100 174.85968913857292,-36.90829814841276,100 174.8596948706997,-36.908288168434815,100 174.85970333204372,-36.90827488923956,100 174.85971203873112,-36.90826168371576,100 174.85972092042852,-36.90824856738589,100 174.85972988852927,-36.9082354965712,100 174.85973166944504,-36.90823289540592,100 174.85974069064616,-36.90821983908144,100 174.85974972904552,-36.90820679780948,100 174.85975878576508,-36.90819377157247,100 174.85976773777398,-36.90818068568446,100 174.85977127936755,-36.90817543589951,100 174.8597793895013,-36.90816193055845,100 174.85978736088785,-36.90814839674453,100 174.85979562959332,-36.908134997078065,100 174.85980449444872,-36.908121927874596,100 174.85981094214605,-36.90811349958046,100 174.8598220513656,-36.90810156965449,100 174.85983363289407,-36.90808986216877,100 174.85984469762923,-36.90807822676875,100 174.85985398207836,-36.90806533576222,100 174.8598624598348,-36.9080519950088,100 174.85987076253204,-36.90803856325856,100 174.85987950321734,-36.9080253734141,100 174.85988926187605,-36.90801273726382,100 174.85988996595452,-36.90801191955343,100 174.85990137321255,-36.90800015440166,100 174.85990907041688,-36.90799252493637,100 174.85991205990987,-36.90798922163863,100 174.8599285941677,-36.90796751841989,100 174.85994457371154,-36.90794830072271,100 174.85996616113215,-36.90791574574614,100 174.85997717806524,-36.90789909341531,100 174.8600012162406,-36.90786767357463,100 174.86002156241705,-36.90784108676171,100 174.8600428838601,-36.90780830429684,100 174.86005068957735,-36.9077983044452,100 174.86005276558635,-36.90779639357394,100 174.86008089576617,-36.90777125404595,100 174.86009338014614,-36.90776095558484,100 174.86012205215295,-36.90773280164779,100 174.86015031869144,-36.907704359321755,100 174.86015301467586,-36.90770172669306,100 174.8601836056173,-36.90767485501337,100 174.86020376489856,-36.90765550421731,100 174.86022745783373,-36.90762799156808,100 174.86023084578284,-36.90759178732282,100 174.86023119194982,-36.90758792513802,100 174.8602471627569,-36.90755421335612,100 174.86026512402086,-36.9075250509207,100 174.86027834819558,-36.90749013111877,100 174.86029166725868,-36.90746004272518,100 174.8603127241344,-36.90742769789321,100 174.86033263502765,-36.9074055181069,100 174.86036333352305,-36.90737878440232,100 174.86039435629323,-36.90735837830865,100 174.86043117915227,-36.90733694307356,100 174.86047119512597,-36.90731985085768,100 174.86047227360064,-36.90731947613806,100 174.86051510517515,-36.90730809655389,100 174.86055605860247,-36.9072988716973,100 174.86058881426828,-36.90728960219817,100 174.8605621726154,-36.90714050442943,100 174.86056281409162,-36.90713863495009,100 174.86057465441579,-36.90712045003454,100 174.86059049350928,-36.90712956214578,100 174.8605999825115,-36.90714884962971,100 174.86063804210377,-36.90716197513063,100 174.86068190068048,-36.90715475973592,100 174.8606915623417,-36.90715075340942,100 174.86072942669696,-36.907130801568584,100 174.86073422627075,-36.90712605661682,100 174.8607506119332,-36.90709552805259,100 174.8607607860925,-36.90706036665866,100 174.86076432356606,-36.9070504246196,100 174.86078070532665,-36.90702172309486,100 174.86079794789705,-36.90700900476871,100 174.86079122187095,-36.90697991267913,100 174.86077810050173,-36.90696061001441,100 174.86077177095004,-36.90694825289263,100 174.8608012219368,-36.906929825389604,100 174.86084346499078,-36.906921027287176,100 174.8608812395305,-36.906901588758,100 174.86089203289063,-36.90689598195985,100 174.8609298594872,-36.906874621879616,100 174.8609455894951,-36.90687129919296,100 174.86095920636703,-36.90687168340902,100 174.86098882174912,-36.906898134682244,100 174.8609922391125,-36.90690371440596,100 174.86101453103703,-36.906934921339186,100 174.86102523601943,-36.90695246910862,100 174.86104420858936,-36.90698305295717,100 174.86107447931744,-36.90701009692393,100 174.8610849619716,-36.907015445154485,100 174.8611239385598,-36.90702603062221,100 174.86116867634507,-36.90702516461418,100 174.86118015654412,-36.907023897714446,100 174.86122461186747,-36.90701958314207,100 174.86126941233493,-36.90701783281696,100 174.86128990751783,-36.9070174494318,100 174.86133602434396,-36.90701319801012,100 174.86135609468442,-36.9070157000984,100 174.8613913942333,-36.907037499685394,100 174.86139867508754,-36.90704336765788,100 174.86143208235632,-36.90706743036859,100 174.86144576084868,-36.90707722968703,100 174.86148144791028,-36.907099270135426,100 174.86151186790383,-36.90712020968959,100 174.8615410753494,-36.907147551412436,100 174.86155216705208,-36.90715953100464,100 174.8615784006485,-36.90718878236503,100 174.86159195943512,-36.90720575356874,100 174.8616146806398,-36.90723683017376,100 174.86163130208016,-36.907262885574006,100 174.86164936077392,-36.907294183973335,100 174.86165719055737,-36.90732960672679,100 174.8616578828208,-36.90734511215499,100 174.8616569102816,-36.907381106419926,100 174.86165550392442,-36.907404747639426,100 174.86165702196465,-36.90744074342396,100 174.86165987098414,-36.90747673276642,100 174.86166033856358,-36.90748257863004,100 174.86166356790466,-36.907518561109285,100 174.86166475119254,-36.907546602555115,100 174.86166147948822,-36.90758257427239,100 174.86165962486896,-36.90760952226196,100 174.86166195595388,-36.90764553594578,100 174.86166630138484,-36.9076702695411,100 174.86167563084405,-36.90770551285436,100 174.86167936504026,-36.90771645857496,100 174.86169349088394,-36.90775065868117,100 174.86170238419345,-36.907772852261076,100 174.86171297092267,-36.90780791813078,100 174.86171769023974,-36.9078317787896,100 174.86172128050845,-36.907867693415845,100 174.86172165567316,-36.90789070011747,100 174.86172089182418,-36.90792673617451,100 174.8617192505983,-36.90794999530809,100 174.8617160297539,-36.90798593468101,100 174.86171232204413,-36.908017266911116,100 174.86170861800542,-36.90805322918034,100 174.8617035668193,-36.90808345401298,100 174.8616936835501,-36.9081185640501,100 174.86168213227515,-36.90815071324792,100 174.8616693644415,-36.908185268217935,100 174.86165798797356,-36.90821362010292,100 174.86164491238182,-36.90824830517826,100 174.8616393011888,-36.90825761637262,100 174.86162750287625,-36.9082709227712,100 174.86162389501104,-36.90827501094197,100 174.86162166390992,-36.908277558802766,100 174.8616282593656,-36.90831077282888,100 174.86164569896815,-36.908337000166675,100 174.86166021228024,-36.90837083637361,100 174.86167335567993,-36.908396797560584,100 174.86169358900096,-36.908428568400154,100 174.8617135910609,-36.908456919636045,100 174.86173570612618,-36.9084879759648,100 174.86174885029018,-36.908508749114915,100 174.86176442498808,-36.908542196422694,100 174.86177378606132,-36.90856312711757,100 174.86179212091795,-36.908595704639424,100 174.86180138752815,-36.90861247179886,100 174.86181749552514,-36.90864578545454,100 174.86182494882902,-36.90866326424094,100 174.8618401586512,-36.908697304919805,100 174.86184448927233,-36.908716945359075,100 174.86184047968658,-36.908752479783196,100 174.86183922807888,-36.908758060567195,100 174.8618321683196,-36.90879333816021,100 174.86182417987666,-36.90882554958925,100 174.86181451719096,-36.908860454278646,100 174.86180516602627,-36.908895384728645,100 174.86180199419056,-36.90890928418069,100 174.86179642584892,-36.908944737583504,100 174.86179277619337,-36.90896917738612,100 174.86178616665168,-36.90900450830667,100 174.86178759055812,-36.9090402279479,100 174.8617881364936,-36.90904961928698,100 174.86178547882793,-36.90908527041732,100 174.86178295681418,-36.90911311216137,100 174.86178246147682,-36.9091488339476,100 174.8617835745796,-36.90918455755899,100 174.8617836661781,-36.90918666341616,100 174.86178491881827,-36.9092224479325,100 174.86178750460607,-36.90924797161979,100 174.86179434625004,-36.9092832719385,100 174.8618016586282,-36.90931032588413,100 174.8618129250794,-36.90934494573903,100 174.86181484926814,-36.90935285713074,100 174.86181708509363,-36.90938854691628,100 174.8618181796706,-36.90940296173971,100 174.86182810509882,-36.90943782163656,100 174.86183320864959,-36.90945665859509,100 174.86183484316146,-36.909492498412575,100 174.86183745904236,-36.90951399541623,100 174.8618479232748,-36.90954317754281,100 174.86185735139787,-36.90957821738495,100 174.86185888878882,-36.90959039359002,100 174.86185723265692,-36.909626011892726,100 174.86185279985582,-36.909650279200996,100 174.86184560016846,-36.90968552833965,100 174.8618408700723,-36.90970513866606,100 174.86183236965016,-36.90974020900279,100 174.86183199917994,-36.90974122158822,100 174.86181483221114,-36.90977419611125,100 174.86181459034745,-36.90977482001299,100 174.86180750056613,-36.9098051263741,100 174.86181202925246,-36.90984057561267,100 174.86181394772964,-36.90985019059342,100 174.86181784142784,-36.90988583635974,100 174.8618181811823,-36.909901751099156,100 174.861815609294,-36.90993349725179,100 174.86181199869867,-36.90996910202697,100 174.86180994344843,-36.90998724182233,100 174.86180663057567,-36.910022996957366,100 174.86180515946353,-36.91002873711015,100 174.86178687526316,-36.91006128118555,100 174.86177925336747,-36.910074963775465,100 174.86176843382393,-36.91010993526347,100 174.86176773491226,-36.91012513981881,100 174.86177550774482,-36.91015972701032,100 174.86177420929283,-36.91017704825692,100 174.86178647889486,-36.910209111553634,100 174.86179326903206,-36.91024441267368,100 174.86179381833765,-36.9102487709715,100 174.86179965228234,-36.91028453774206,100 174.86179893304342,-36.91029382723422,100 174.86178427469554,-36.91032750060854,100 174.8617779442023,-36.91033645444324,100 174.86175323708554,-36.91036612032915,100 174.86174391966668,-36.91037585195845,100 174.8617170361553,-36.910404317142124,100 174.86171659828955,-36.91040477376613,100 174.86170070885808,-36.91042409844184,100 174.86169298311322,-36.910439051716516,100 174.86169298414882,-36.91045326916612,100 174.86171571273124,-36.91045944205988,100 174.8617544347112,-36.910477899831655,100 174.8617630069706,-36.910481654658554,100 174.86180648237325,-36.910491015655865,100 174.86182209110675,-36.91049472596636,100 174.8618610844972,-36.91051234211901,100 174.86189117328766,-36.910529292077165,100 174.86192862365823,-36.91054932000158,100 174.86193434796056,-36.91055259669803,100 174.86197037522948,-36.9105743369001,100 174.86197526452958,-36.910578078248406,100 174.8620035962494,-36.91060622401477,100 174.86200799486804,-36.91061231198724,100 174.8620258794069,-36.91064545443471,100 174.8620307470929,-36.91065933960541,100 174.86203942528988,-36.910694778751015,100 174.86204076705627,-36.91069904530607,100 174.8620566803781,-36.910732222259384,100 174.862071230304,-36.910751887226446,100 174.8621160368169,-36.91075352813874,100 174.86211758694762,-36.91075330013482,100 174.86216207640248,-36.91074822573898,100 174.86219042797478,-36.91074487082059,100 174.8622356548373,-36.91074408865057,100 174.8622452438593,-36.910744465565045,100 174.8622901282455,-36.910748985817776,100 174.86230096751723,-36.91074958828263,100 174.86234024528113,-36.910748102590354,100 174.8623822600059,-36.91075651465294,100 174.86241330949656,-36.91077188291142,100 174.8624407199078,-36.910776627556515,100 174.86246584468634,-36.91076123373439,100 174.86248365002035,-36.91073083500637,100 174.86250036085855,-36.91069696982815,100 174.86250375300818,-36.910686132305074,100 174.8625078487628,-36.91065059742141,100 174.8625158297393,-36.91061485379001,100 174.86251745736186,-36.91060590517022,100 174.86252027094648,-36.910569617058805,100 174.862519726956,-36.9105590179236,100 174.8625135945694,-36.91052308642598,100 174.8625078702326,-36.91050370222078,100 174.86249660353693,-36.910468447015184,100 174.86248637713462,-36.91044619870545,100 174.862464603252,-36.91041439359469,100 174.86245077343372,-36.910393833184976,100 174.86243595524903,-36.91035958456262,100 174.86242883689238,-36.91034107666759,100 174.86241327675816,-36.91030691809212,100 174.86241194126526,-36.91030226387404,100 174.86240986321897,-36.91026601371535,100 174.86240966810894,-36.910261959921435,100 174.8624010159218,-36.910226210339204,100 174.86239869972346,-36.91021141359278,100 174.8624026248535,-36.910175276598025,100 174.86240371459442,-36.91016562527039,100 174.86240230860918,-36.91012931770292,100 174.86240235637885,-36.91011946639757,100 174.8624076327302,-36.91008346143775,100 174.86241284506065,-36.9100612089627,100 174.86242152056911,-36.910025594148244,100 174.86242562564044,-36.91001102658898,100 174.86243619428285,-36.90997572008161,100 174.8624379651646,-36.909971462403135,100 174.86245630091386,-36.90993828108834,100 174.86245806079694,-36.909935555830735,100 174.862479718467,-36.90990369693496,100 174.8624804490281,-36.909902584061705,100 174.86249784115552,-36.90986900202887,100 174.86250328971664,-36.90986006469146,100 174.86252819028897,-36.90982923381368,100 174.8625507742414,-36.90981132727614,100 174.86259051133973,-36.90979473534422,100 174.86262157258815,-36.9097834656776,100 174.8626574964074,-36.9097614102229,100 174.8626795691328,-36.90974828328186,100 174.86271882369235,-36.90972920581691,100 174.86274351637465,-36.90972222805676,100 174.86278872169348,-36.909719385597356,100 174.86280332586634,-36.909721116008335,100 174.8628357593222,-36.90972879400152,100 174.86286820539,-36.909753694262584,100 174.86289166911826,-36.90978469585611,100 174.8628928530062,-36.90978630056823,100 174.8629092967632,-36.90980570138488,100 174.8629490299866,-36.90980897905373,100 174.8629677565099,-36.90984193600039,100 174.86299561522,-36.90986793659306,100 174.8630126589729,-36.909901295780394,100 174.8630193873208,-36.90992397657314,100 174.86303018704766,-36.90995922373282,100 174.86303353313468,-36.909973073243975,100 174.8630400800967,-36.91000896756686,100 174.86304357134438,-36.910027630567434,100 174.8630523079162,-36.91006328503919,100 174.86305544682799,-36.9100726780549,100 174.86306779008808,-36.91010161156686,100 174.86305409075706,-36.91012139238266,100 174.8630461421824,-36.910157025579586,100 174.86304542451288,-36.910165727390634,100 174.86304190550962,-36.910202167185744,100 174.86303946244593,-36.9102097054158,100 174.86302028418672,-36.91023791301527,100 174.86300435491694,-36.91027187236085,100 174.86300385136545,-36.91027308893357,100 174.86298933358518,-36.910307489415345,100 174.8629878623247,-36.910311928073966,100 174.86298104503442,-36.910347835548656,100 174.86297781401925,-36.910362110004435,100 174.86296310468938,-36.91039643507254,100 174.86296137503172,-36.910400956199226,100 174.8629523882273,-36.91043654618803,100 174.86295133349694,-36.91044491168428,100 174.86295057703018,-36.91048118015401,100 174.86295089157915,-36.91049032724972,100 174.8629513249923,-36.910525862305555,100 174.86295179288143,-36.91055298657919,100 174.8629526950622,-36.910578261736866,100 174.86298133489794,-36.91060627804962,100 174.86298239753575,-36.910607188841425,100 174.86300870739402,-36.91063668741799,100 174.8630097782956,-36.910637937878505,100 174.86302532700432,-36.91065551041112,100 174.86302722590395,-36.91066122204797,100 174.8630362632052,-36.91069004157672,100 174.8630372377753,-36.91069416065522,100 174.86304823823846,-36.910725888599444,100 174.86305843290776,-36.91076048096765,100 174.86306291717386,-36.910774884059414,100 174.86307352043957,-36.91080407920596,100 174.86308992839676,-36.91083371597183,100 174.86311213217692,-36.91084225288495,100 174.86315030486995,-36.910825377954026,100 174.86315640198202,-36.910821276824805,100 174.86319492081518,-36.910803728569455,100 174.86321284453157,-36.91079578432934,100 174.86325179392978,-36.9107788647332,100 174.8632543891807,-36.91077762796159,100 174.86329118841414,-36.9107578650649,100 174.86329418708672,-36.91075623259172,100 174.86333079354205,-36.910737681380986,100 174.8633660546367,-36.91072053209372,100 174.86340241781608,-36.91071417236125,100 174.86344672899173,-36.9107147380545,100 174.86347479354285,-36.910719379360195,100 174.86351663348165,-36.91073093667385,100 174.86352865729128,-36.91073441458626,100 174.86357122618568,-36.9107441469814,100 174.86357187021926,-36.910744275679164,100 174.86361460299582,-36.910754330864435,100 174.8636311390804,-36.91075652297723,100 174.8636752580579,-36.910755047401416,100 174.86369205260988,-36.91075333182211,100 174.8637360780637,-36.910749673787016,100 174.86375748117675,-36.91074767767092,100 174.86379648108095,-36.91074423097444,100 174.86383951387725,-36.91073580516108,100 174.8638432124505,-36.910735121598464,100 174.86388708470855,-36.91073024281722,100 174.8639006151503,-36.91072866135781,100 174.86394357597788,-36.91071949304541,100 174.86397295597416,-36.91071449377299,100 174.8640170848215,-36.910714070660134,100 174.86404855504563,-36.9107154469647,100 174.86409290161765,-36.910715391751154,100 174.86411073218918,-36.91071621419918,100 174.86415457857603,-36.91072134040416,100 174.86416340600104,-36.910722983758724,100 174.8642058142393,-36.91073316820691,100 174.86421773224103,-36.91073658642003,100 174.86425924705534,-36.91074889216474,100 174.8642604169728,-36.91074932175734,100 174.86429016207092,-36.91076116509469,100 174.86429470517018,-36.91078097244384,100 174.86430577984075,-36.9107864949542,100 174.86433453439142,-36.91078074739824,100 174.8643727870009,-36.91076297220458,100 174.8643824225064,-36.9107580195986,100 174.86442258030053,-36.910742937375595,100 174.86443247322265,-36.910738553965516,100 174.86446729295653,-36.910716563971135,100 174.86447643096173,-36.91071109369702,100 174.864515381534,-36.91069423586261,100 174.86452336507747,-36.91069086125744,100 174.8645599576015,-36.91067373397934,100 174.86460395104353,-36.910673374965604,100 174.8646199205874,-36.9106737804012,100 174.8646627024898,-36.91066436767664,100 174.86467922675507,-36.91066160255595,100 174.86471235333292,-36.91066093732159,100 174.8647433923609,-36.91065271842543,100 174.8647815508858,-36.91063468139271,100 174.86478180629186,-36.910634522354954,100 174.86481444365816,-36.91061049438708,100 174.8648190506909,-36.91060627956983,100 174.8648475989829,-36.910578652825926,100 174.86485104967522,-36.91057258411817,100 174.86485699713228,-36.91054358171671,100 174.8648749094372,-36.91051074919368,100 174.8648840197765,-36.910490086633814,100 174.8648836531627,-36.910454519901926,100 174.86488389601104,-36.91045131008501,100 174.86489624494192,-36.91041669918065,100 174.86489580860896,-36.9104152359755,100 174.86486846185642,-36.91039549830209,100 174.8648321936725,-36.910375094925826,100 174.86482730640245,-36.910372732688,100 174.86478843598812,-36.91035585827603,100 174.86478091133472,-36.910353139063304,100 174.86474642757702,-36.91034125307907,100 174.8647150047537,-36.910330661994884,100 174.86467912775947,-36.9103177478256,100 174.86464300242966,-36.91029495634688,100 174.8646315096726,-36.91028738090947,100 174.8645927808858,-36.91026742258719,100 174.8645811442235,-36.910262234303175,100 174.86453995081123,-36.910245786551805,100 174.86453872555657,-36.91024525057326,100 174.86450009889958,-36.910225197780434,100 174.8644925466669,-36.91022083767393,100 174.86445608343712,-36.9101983164303,100 174.86444077425492,-36.910188978413686,100 174.8644021266912,-36.910168848402606,100 174.86438664376772,-36.91016011879498,100 174.86435191100477,-36.91013573886568,100 174.86434882648732,-36.91013416580744,100 174.86430541254447,-36.91012193857234,100 174.86430410844903,-36.91012166791641,100 174.86426408438487,-36.910114013039774,100 174.86421849772228,-36.910108435585364,100 174.86419846933404,-36.91010497342655,100 174.86415842245802,-36.910093198926965,100 174.86411338598134,-36.910085600142814,100 174.86411326406167,-36.910085571411514,100 174.8640778670201,-36.91006216263656,100 174.8640712451412,-36.910057011861376,100 174.86403530069057,-36.91003384600911,100 174.8640343592228,-36.91003293332492,100 174.86401529881454,-36.909999145366825,100 174.86401367410159,-36.90999012879941,100 174.8640160907998,-36.909953243001176,100 174.86401713795198,-36.909949090396815,100 174.8640302585612,-36.909913567944635,100 174.86403543783192,-36.90989717091373,100 174.8640344299848,-36.909860236113374,100 174.86403414835866,-36.90983750557373,100 174.8640441095158,-36.90980152796771,100 174.86405056565042,-36.90978373006893,100 174.864060852112,-36.90974760674927,100 174.8640692835813,-36.909725470424995,100 174.86408807132744,-36.90969175359674,100 174.86410521585205,-36.90966827364068,100 174.8641304043744,-36.90963726666347,100 174.8641513994109,-36.909616213011695,100 174.86418054386843,-36.90959150276117,100 174.8641902476209,-36.90955555982809,100 174.8641905213023,-36.90954706777765,100 174.8641922546094,-36.9095098691267,100 174.86419022850103,-36.909500086428245,100 174.86417129684122,-36.90946660472313,100 174.86416393374284,-36.9094550707029,100 174.8641488706613,-36.90942014474088,100 174.86414602444648,-36.909412636332405,100 174.8641327814522,-36.909377230236835,100 174.86413041400186,-36.9093701622705,100 174.8641185251198,-36.90933431490235,100 174.8641175941383,-36.909327330744986,100 174.8641216705017,-36.909290432411616,100 174.86412339892397,-36.90928591038647,100 174.8641446913481,-36.90925337642868,100 174.86415476069786,-36.90924140023601,100 174.86417867033475,-36.90920978059373,100 174.86420163746115,-36.90917780529738,100 174.86420456074705,-36.909173309581846,100 174.86422637545226,-36.909140286105306,100 174.86423723659823,-36.90911463703153,100 174.8642405544843,-36.90907784433703,100 174.8642411438726,-36.90906761318559,100 174.86424764917462,-36.90903104355871,100 174.8642483518786,-36.909026943227616,100 174.8642538317155,-36.9089901598597,100 174.86425497344408,-36.908967622392,100 174.86425297370155,-36.908930472420685,100 174.86425002911685,-36.908920628428575,100 174.86423311734242,-36.90889085911707,100 174.8642167978176,-36.90886001334048,100 174.86421619662033,-36.9088588771962,100 174.86419418688237,-36.90883306989635,100 174.86417397019025,-36.9088186758378,100 174.86414500240807,-36.908824210377155,100 174.8641210920105,-36.908834536277084,100 174.86407879738823,-36.90884078111184,100 174.86404524317402,-36.90884224423313,100 174.8640162757492,-36.90885807814993,100 174.86397538377278,-36.9088740865939,100 174.86397488716676,-36.90887429628426,100 174.86394362363507,-36.908890881870434,100 174.86392477355858,-36.90889971143311,100 174.8639095763941,-36.90891262614269,100 174.86388106582422,-36.90892809503193,100 174.86385026119137,-36.908945044736925,100 174.86381299456554,-36.90896599226241,100 174.8638111753934,-36.9089671546752,100 174.8637826457434,-36.90898705294033,100 174.86374360756565,-36.909005817300866,100 174.86373574696566,-36.90900990286963,100 174.86370114647582,-36.909033592707495,100 174.86370079010996,-36.909033846163474,100 174.863665604968,-36.90905698814832,100 174.86364973453973,-36.909067376166746,100 174.86361478051657,-36.90909074614999,100 174.8636138621491,-36.90909133560461,100 174.8635769335275,-36.909112664420725,100 174.8635747684095,-36.90911381693584,100 174.86353660602953,-36.90913296857547,100 174.86349467657288,-36.909147725875485,100 174.86348049883082,-36.909150278252206,100 174.86343960399338,-36.90915137237187,100 174.86339529239373,-36.90914304808534,100 174.86338216099782,-36.90913883042207,100 174.86335047118914,-36.90912664871523,100 174.86331483413522,-36.90910395731426,100 174.86331463925777,-36.909103790021724,100 174.863289848237,-36.90907871209475,100 174.8632549538251,-36.90905535736751,100 174.86324252530198,-36.909047735181126,100 174.86320828750578,-36.909023687837035,100 174.86319522772797,-36.90901378528763,100 174.86316286366224,-36.90898804829802,100 174.8631359878506,-36.9089632689335,100 174.8631090413505,-36.90893387589873,100 174.86309512519026,-36.90891718989696,100 174.8630708516216,-36.90888624791019,100 174.86304967925207,-36.90886075083255,100 174.8630203848853,-36.90883279255875,100 174.86300285417494,-36.90881539441708,100 174.862978956876,-36.90878432212528,100 174.86296565852615,-36.90876746958595,100 174.86293724932648,-36.908738984552826,100 174.86292205683262,-36.90872431858524,100 174.86289412182524,-36.9086954854031,100 174.86288029158848,-36.90868006708927,100 174.86285538736615,-36.90864949277257,100 174.86284997778563,-36.90864244635624,100 174.8628279552271,-36.908612952586196,100 174.86280371704103,-36.908582026209686,100 174.86278939247887,-36.90856427940895,100 174.8627638222996,-36.908534009348145,100 174.8627526740141,-36.90851930426212,100 174.8627318297765,-36.90848666169715,100 174.86272193984632,-36.90846471727512,100 174.86271247850183,-36.90842910567996,100 174.86270867129798,-36.9084005826392,100 174.8627048598176,-36.90836417669485,100 174.86270321901955,-36.90834489158498,100 174.8626980081767,-36.908308541837705,100 174.86269501278778,-36.908274863114755,100 174.86269744102086,-36.908238380037204,100 174.86269875442122,-36.908217713734416,100 174.8626971018883,-36.90818123967781,100 174.8626937745326,-36.90815061713885,100 174.86268854837212,-36.908114328920085,100 174.86268344373883,-36.908078053216016,100 174.86268328192972,-36.90807652260339,100 174.86268085154646,-36.90804004632403,100 174.86267935421398,-36.90800353828563,100 174.86267922285754,-36.908000583105036,100 174.86267744915486,-36.90796406407838,100 174.86267562293156,-36.907937892161904,100 174.86267222434225,-36.90790138600028,100 174.86267151760387,-36.90789955478022,100 174.8626480932181,-36.90786931142315,100 174.86264040945514,-36.907833591721534,100 174.86263804236992,-36.90781365462569,100 174.86262501845655,-36.907778631573066,100 174.86261972566086,-36.907762399732384,100 174.86261501262473,-36.90772593220876,100 174.86261332079042,-36.907721484574296,100 174.86260689304774,-36.9077100430377,100 174.86258758680887,-36.90773730889404,100 174.8625669163874,-36.90776986257179,100 174.86256593384562,-36.90777122816254,100 174.86254006225997,-36.907801287422295,100 174.86253739596398,-36.9078043991425,100 174.8625136632746,-36.907835552408685,100 174.86251299621972,-36.90783646058731,100 174.86249052649535,-36.90786827273913,100 174.86248402453205,-36.90787921040836,100 174.86246773723946,-36.90791334655678,100 174.86246604389422,-36.90791792929945,100 174.8624565249521,-36.90795365199074,100 174.86245174394233,-36.90797138929126,100 174.86243636016485,-36.90800571136036,100 174.8624231824712,-36.90803332002926,100 174.86240973367202,-36.90806819671021,100 174.86240520384928,-36.908080478868186,100 174.86239213837834,-36.90811547301725,100 174.86238952618447,-36.90812251816077,100 174.8623766327314,-36.908157524933124,100 174.86237479094802,-36.90816232722097,100 174.86236644550112,-36.9081818761893,100 174.8623600836087,-36.90819672970643,100 174.86235962472583,-36.90819895235412,100 174.8623615571302,-36.908234941623455,100 174.8623617178161,-36.9082364262867,100 174.86236311656177,-36.90827248611538,100 174.8623628912369,-36.90827826712912,100 174.86235568595114,-36.908313918379434,100 174.86235128534497,-36.908339362331255,100 174.8623545303812,-36.90837528234523,100 174.8623560297287,-36.90838995400399,100 174.86235488696167,-36.9084259960006,100 174.86235491159727,-36.908439794869096,100 174.8623583995886,-36.908472551034244,100 174.86235551780553,-36.90850820569135,100 174.86234905575083,-36.908535465686136,100 174.86232672064108,-36.90855943869284,100 174.86230219916126,-36.908563750269444,100 174.86227145849594,-36.90854438065701,100 174.8622582600709,-36.90850998041407,100 174.86225801266576,-36.908503959850606,100 174.86226151150757,-36.908468062077056,100 174.862263645614,-36.908459956365185,100 174.86227477665048,-36.90842502681343,100 174.86227929013754,-36.90841087106621,100 174.86228849806054,-36.90837509197683,100 174.8622885804084,-36.90836139958927,100 174.86227566250793,-36.90832713375201,100 174.8622683725447,-36.908314436655196,100 174.86225050869828,-36.90828138673907,100 174.86223118680857,-36.90824879502089,100 174.86223057109453,-36.908247752831244,100 174.8622223744204,-36.90821221239645,100 174.8622221254639,-36.908208066608815,100 174.862227838251,-36.90817223957517,100 174.86223092346003,-36.90816479854803,100 174.862248748739,-36.90813574701477,100 174.86226834570826,-36.90811285888642,100 174.86229863354635,-36.90808628615545,100 174.8622993088478,-36.90808567077869,100 174.86230367796034,-36.908080995606994,100 174.8623247558794,-36.908058499757416,100 174.86234749009643,-36.90802878988085,100 174.86237445256438,-36.90800006013271,100 174.86237518690024,-36.907999103129676,100 174.86239067452632,-36.907968635299625,100 174.862403448596,-36.90793564395297,100 174.86241010298824,-36.90790009507477,100 174.86241091204417,-36.907872901188625,100 174.86240896468797,-36.907836989666535,100 174.86240703369617,-36.90782173711334,100 174.86240305978953,-36.907785705947475,100 174.86239906212813,-36.9077720072353,100 174.8623947957955,-36.90776443001565,100 174.86238063708876,-36.907739323059324,100 174.86237976998817,-36.907737912565935,100 174.86236060528148,-36.90770536526914,100 174.862350625519,-36.907683917947395,100 174.86234105797067,-36.907648865899475,100 174.86234036879748,-36.907644433183386,100 174.86233565185586,-36.907608399243955,100 174.8623373624809,-36.907594833646,100 174.86235290342853,-36.9075612067476,100 174.86235329858118,-36.9075604713809,100 174.86236702341867,-36.90752619426239,100 174.86237922469118,-36.907501497762176,100 174.86240134819036,-36.90747031207127,100 174.86240507335683,-36.907466066109,100 174.8624333757047,-36.907438350956994,100 174.86244219450012,-36.907430655972156,100 174.86247313844243,-36.9074047227632,100 174.86248746603738,-36.90739163619933,100 174.86251329769252,-36.90736270873731,100 174.8625483520735,-36.90734048308579,100 174.86254859101703,-36.9073403396335,100 174.8625813215485,-36.9073159232466,100 174.86258206790876,-36.907315414912624,100 174.8626119110617,-36.9072980804287,100 174.86262385706513,-36.907293536985065,100 174.86265206104278,-36.907282781718656,100 174.86265601437742,-36.90728127309377,100 174.86269404008556,-36.907262852153174,100 174.86270501111633,-36.90725804728639,100 174.8627460528624,-36.907244390289236,100 174.86275306223723,-36.90724273638708,100 174.86279660696096,-36.907236052409125,100 174.86281813627937,-36.907234300554855,100 174.86286235136205,-36.907231321292215,100 174.86286521817,-36.90723119430578,100 174.86290975197934,-36.907231121299766,100 174.8629262145402,-36.907229953641064,100 174.86296912574096,-36.90722089643907,100 174.8629756084838,-36.907218956051935,100 174.86301632396453,-36.907204762384694,100 174.86302546604338,-36.907200764019926,100 174.86306347139234,-36.90718220357656,100 174.86306817384337,-36.9071789625612,100 174.86309615088837,-36.90715136141715,100 174.86310108817284,-36.907145962554594,100 174.8631296624964,-36.90711869273338,100 174.86313533845652,-36.90711371581799,100 174.8631573926506,-36.90709543171337,100 174.86317091670335,-36.907083970140995,100 174.86319374436218,-36.90708871621951,100 174.86321604955666,-36.907110740740706,100 174.86324915253752,-36.90713440481449,100 174.86326607775726,-36.90714469017286,100 174.86330099615873,-36.90716703775998,100 174.8633134629423,-36.90717287743021,100 174.86335557714926,-36.90718379509516,100 174.86336854300814,-36.90718634340971,100 174.86341120003414,-36.907196182667846,100 174.8634142101957,-36.90719691959039,100 174.86345583599194,-36.90720958173178,100 174.86347912687776,-36.907215466068074,100 174.8635230602593,-36.90722070022928,100 174.8635266399777,-36.90722136602096,100 174.8635678099762,-36.90723443726443,100 174.86360546500012,-36.907236356598325,100 174.8636449264513,-36.90725213605987,100 174.86366095416798,-36.907259897318625,100 174.8637007698717,-36.90727404431447,100 174.86374440101199,-36.907280877576156,100 174.86375140733355,-36.90728103622359,100 174.86379557331307,-36.907277515688776,100 174.8638029884527,-36.90727616360966,100 174.86381694211676,-36.907272996407,100 174.86383391891476,-36.907265887143666,100 174.8638509656645,-36.90725879300395,100 174.8638693909493,-36.90725217115269,100 174.8638876725973,-36.90724531991281,100 174.86390568493664,-36.9072381484204,100 174.86392334037936,-36.90723051654246,100 174.86394054735388,-36.90722230493901,100 174.86394506631405,-36.90721996538801,100 174.8639618214205,-36.907211034406956,100 174.86397809435624,-36.907201522427115,100 174.86399390383949,-36.9071914607012,100 174.86400916426658,-36.90718092898802,100 174.8640111486483,-36.90717950079322,100 174.86401947314485,-36.90717336282513,100 174.86403530661605,-36.90716359544988,100 174.8640523714423,-36.907155216612786,100 174.8640703085049,-36.90714781283456,100 174.86408878120776,-36.90714101985542,100 174.86410743232125,-36.90713445571318,100 174.86412030937643,-36.90712980376923,100 174.8641233388583,-36.907123494729376,100 174.86413153023366,-36.90711949678089,100 174.86414505215558,-36.90711570088396,100 174.86416342462962,-36.90710903294775,100 174.86418090677935,-36.907100785444506,100 174.864197384196,-36.90709114584293,100 174.86421279374417,-36.90708037922203,100 174.86422703709576,-36.90706868812066,100 174.86423307751917,-36.90706314841528,100 174.86424150068055,-36.90705488626776,100 174.86425674798863,-36.90704450975674,100 174.8642738538206,-36.907035742675745,100 174.86427997804032,-36.90703267758667,100 174.86428818774328,-36.90702869556365,100 174.86430678964686,-36.90702933373284,100 174.8643268461741,-36.90702937402136,100 174.86434686553542,-36.90702867129855,100 174.86436683243295,-36.90702733486461,100 174.86438678649984,-36.907025471354835,100 174.86440671096562,-36.907023175671426,100 174.8644266095398,-36.90702055411224,100 174.8644465196998,-36.9070177169517,100 174.86446639128056,-36.90701477043209,100 174.8644862976649,-36.90701177829665,100 174.86450620516283,-36.90700887807534,100 174.86452611981588,-36.907006179634685,100 174.86453444145934,-36.907005136853954,100 174.8645543666601,-36.90700287177929,100 174.8645743113239,-36.90700066858701,100 174.86459427882858,-36.9069986660278,100 174.86461427031156,-36.90699695692004,100 174.86463346309566,-36.90699572633236,100 174.8646535870452,-36.90699443335206,100 174.86467374061743,-36.90699357343958,100 174.864693875995,-36.90699334924195,100 174.86471394681504,-36.90699393093577,100 174.86472404360956,-36.906994576389486,100 174.86474394719875,-36.906996679432844,100 174.86476380078312,-36.90699944843421,100 174.86478086417713,-36.90700198723941,100 174.86482593105043,-36.907007587986435,100 174.86483564514066,-36.90700943279109,100 174.86484051060043,-36.90701035506098,100 174.8648600773276,-36.90701664641323,100 174.86488643500763,-36.90702987857342,100 174.86492187630864,-36.907044644554,100 174.86494959789306,-36.9070597291334,100 174.86497462397114,-36.90706713259826,100 174.86501776629072,-36.907077675701785,100 174.86502420815773,-36.90707936006423,100 174.86506606677062,-36.90709231091236,100 174.86510789123486,-36.90710657821303,100 174.8651174560541,-36.90711187920731,100 174.8651383031466,-36.90712912761592,100 174.8651615112681,-36.90713580338055,100 174.86518968189392,-36.907148307574296,100 174.86522194374643,-36.907166350131064,100 174.8652607347555,-36.907184821016074,100 174.86526374695703,-36.90718624016075,100 174.8653017741806,-36.9072058848325,100 174.86530963856518,-36.907209062862535,100 174.86534923278907,-36.90721945065938,100 174.86537647525515,-36.90723342862701,100 174.86538029271986,-36.907234592665205,100 174.86541864287565,-36.907246296080274,100 174.86541880108538,-36.907246386431574,100 174.8654383016056,-36.90726179830981,100 174.86547013269885,-36.90727215026758,100 174.8655051595868,-36.90728178143526,100 174.86554784906835,-36.907293493261115,100 174.86554840593726,-36.90729363864017,100 174.86558343042418,-36.90730252532967,100 174.8656282470055,-36.90730650371431,100 174.86563947465092,-36.90730675817809,100 174.86566545536226,-36.907307223440036,100 174.86571029992317,-36.90731096791151,100 174.86571691586147,-36.907311411084045,100 174.8657615709357,-36.90731193808695,100 174.86580581065232,-36.90730734757908,100 174.86583580576524,-36.90732208257042,100 174.86587845904228,-36.907333733555184,100 174.86588540245526,-36.90733540999078,100 174.86592833624607,-36.90734719535408,100 174.8659508964879,-36.90735611191465,100 174.8659799639267,-36.90737303182846,100 174.8660145059617,-36.90739035243443,100 174.8660493367121,-36.907413303562635,100 174.86606578649256,-36.90742451082833,100 174.86609666696296,-36.90744328779306,100 174.86611618883796,-36.90745431699129,100 174.86611774818772,-36.907453779637464,100 174.86614344311576,-36.907444908878695,100 174.8661850392788,-36.907431318599606,100 174.86618886209922,-36.90743012196354,100 174.86622885008748,-36.90741782960613,100 174.86627386009877,-36.90741099514478,100 174.86628738679343,-36.90741251042332,100 174.86632270635934,-36.90742788177818,100 174.8663563343419,-36.907451720590295,100 174.8663597712763,-36.90745417135581,100 174.86638465610508,-36.90746986169593,100 174.866390920909,-36.90748808983682,100 174.86637227256278,-36.90750185585984,100 174.86635540423907,-36.90752073234753,100 174.86635261946498,-36.907537445167684,100 174.8663552688044,-36.90755239072552,100 174.86637969013503,-36.907568818420984,100 174.86637881491652,-36.907596739823845,100 174.86642056898458,-36.90762057890426,100 174.8664236932599,-36.9076230030349,100 174.86646218725537,-36.90764584509455,100 174.86651015426466,-36.90767053559589,100 174.86656218259466,-36.90769842593722,100 174.8666277465094,-36.90772363299431,100 174.86669234141905,-36.90774822341775,100 174.86672070736512,-36.90775895938174,100 174.86675669475167,-36.90778500438314,100 174.86678506685772,-36.90779981421197,100 174.86681373936491,-36.90781166027049,100 174.86684448477848,-36.90782861217769,100 174.86688570408083,-36.9078460646136,100 174.86693456041746,-36.907878128198384,100 174.86698371676277,-36.90791043400863,100 174.8670658652472,-36.90794673677208,100 174.86710731975845,-36.907972267589265,100 174.86718617212213,-36.90802492159879,100 174.86724280717897,-36.90805497538966,100 174.8673023121591,-36.90808507326113,100 174.86733861371096,-36.908108015296186,100 174.86740009785598,-36.90814157912965,100 174.86744103593244,-36.90815949997101,100 174.8674713666758,-36.90817384169308,100 174.86750059619158,-36.90818196177046,100 174.8675321692076,-36.908182715437434,100 174.8675746147559,-36.90819046634296,100 174.86760382526526,-36.908200429897555,100 174.8676367986297,-36.90820696693249,100 174.8676514291193,-36.90821033674194,100 174.86768205733935,-36.908223527249426,100 174.86770837491966,-36.908233927445394,100 174.8677218972036,-36.908233367783644,100 174.8677530836743,-36.90824933638167,100 174.86777314026318,-36.908256454166136,100 174.8678149406996,-36.908270426141584,100 174.8678524323732,-36.908288081971875,100 174.86787758410853,-36.908304015655744,100 174.86792481145415,-36.908324988435204,100 174.86800091665106,-36.90836285023454,100 174.86803213981815,-36.90837373832862,100 174.86807735775457,-36.908395844067336,100 174.86811571046763,-36.908408900342046,100 174.86814635988168,-36.90842092858971,100 174.86820693844348,-36.90843045626215,100 174.8682680263832,-36.90844480697713,100 174.86832569356233,-36.908460502166605,100 174.86839568975853,-36.90847884884381,100 174.86844757005838,-36.90850052875675,100 174.86848430685595,-36.90850683058804,100 174.86851553054254,-36.908520955192536,100 174.8685589059098,-36.908523377819655,100 174.86861715592315,-36.90853632097289,100 174.86868714148977,-36.90855491640837,100 174.8687597248761,-36.90856980975544,100 174.86883753192592,-36.90858153112845,100 174.86887857483043,-36.908585326100045,100 174.86891245877806,-36.908589059757524,100 174.86896811377287,-36.90860452581358,100 174.86902068672612,-36.908605642628274,100 174.86907650678535,-36.908595723005604,100 174.86912345100762,-36.90857531826166,100 174.8691648595831,-36.90856825005461,100 174.86921981983485,-36.908555294724735,100 174.86925263374818,-36.908548158959356,100 174.86930214100437,-36.908534956828944,100 174.86935045020263,-36.9085254148761,100 174.86937889934907,-36.90852380618282,100 174.8694277689238,-36.90852094498978,100 174.86947200977022,-36.908520842576664,100 174.8694871926823,-36.90852674428874,100 174.86949978854062,-36.90853609642304,100 174.86949911556223,-36.908551564687684,100 174.86948006337417,-36.908565740441155,100 174.8694446498834,-36.90857838821265,100 174.8693947872706,-36.90860475980288,100 174.86934581826821,-36.90862447276174,100 174.86928252256774,-36.908640577872355,100 174.86921572485772,-36.908660816548846,100 174.86913770932898,-36.90868374281933,100 174.86909941232352,-36.908699150651856,100 174.86904875830922,-36.90871536133239,100 174.86897939311916,-36.90873397193562,100 174.86892299355722,-36.908748067444606,100 174.8688878980882,-36.90875586273755,100 174.86885189105124,-36.90877220608109,100 174.86881015221886,-36.90878432858297,100 174.86877563288692,-36.90879167943873,100 174.86875773828692,-36.90880261373578,100 174.86875155322332,-36.908829127002726,100 174.86875222463618,-36.908860553648175,100 174.8687474396102,-36.908892834076426,100 174.86874059445208,-36.908926978406534,100 174.86873094278164,-36.90895576527331,100 174.8687172721422,-36.90898359958654,100 174.86869128810108,-36.90900556174633,100 174.86867340282652,-36.909018122770526,100 174.86863969167115,-36.909029160798625,100 174.8686114807505,-36.909040955915316,100 174.86859387344646,-36.90905419215098,100 174.86857650855478,-36.90907391408846,100 174.86856200923668,-36.909095986652225,100 174.86855384963332,-36.909115316793724,100 174.86857139168907,-36.90914338467063,100 174.86862510351477,-36.90916048040014,100 174.86865817546652,-36.90917066955224,100 174.86869808329078,-36.90918368403767,100 174.86872843795254,-36.90920146359523,100 174.86874736262897,-36.90922625501591,100 174.86877006532362,-36.909251415113665,100 174.86878474576295,-36.90927462299102,100 174.8688015070092,-36.909291615956896,100 174.86882983651617,-36.909319589758745,100 174.86884659715358,-36.909341708545234,100 174.86885534135516,-36.909367265833126,100 174.86885725459896,-36.90939019960626,100 174.86886387860818,-36.90941216964623,100 174.86886578182097,-36.90943533611792,100 174.86887026998147,-36.909464668415346,100 174.86886820591522,-36.90949654459817,100 174.86887308209745,-36.9095235634052,100 174.8688622794709,-36.9095667733183,100 174.86884840767195,-36.90960260283143,100 174.86882184172975,-36.90965753101125,100 174.86880559629935,-36.90969958183931,100 174.86878379187758,-36.90974256467642,100 174.86876257490798,-36.9097746187514,100 174.86873474375074,-36.909815971281034,100 174.86871997910606,-36.90984686116295,100 174.86870524275443,-36.90986658321991,100 174.86868774211038,-36.90988382957535,100 174.8686561168386,-36.909904975563244,100 174.86862737264946,-36.90992133255478,100 174.86858460468252,-36.909944113083164,100 174.86854977757721,-36.9099599871141,100 174.8684983512829,-36.910003422429064,100 174.86844472503904,-36.910022982066,100 174.86838617934487,-36.910064030874864,100 174.8683375428442,-36.91009360316504,100 174.86831052688393,-36.91012026023941,100 174.8682923954937,-36.91014358776447,100 174.86827154408996,-36.91017449042265,100 174.86824294130278,-36.91022186499239,100 174.86828708339232,-36.91022834781762,100 174.86833003316482,-36.910207856595875,100 174.86838247112942,-36.9101839803452,100 174.8684239621676,-36.91015807887053,100 174.86844710585942,-36.910143662253965,100 174.86846822194227,-36.9101252215844,100 174.86850147871587,-36.91011978345161,100 174.86850345067091,-36.910119778565125,100 174.86851881069745,-36.910116183987036,100 174.8685508802256,-36.91010063636586,100 174.86859642243934,-36.91008846402123,100 174.86862706098543,-36.91007246119394,100 174.86863983666328,-36.91005762000906,100 174.8686714076946,-36.910048600361456,100 174.86869597556537,-36.91004407042083,100 174.86873779018995,-36.91001929400416,100 174.8687424771393,-36.91001868667242,100 174.86878303407565,-36.91001403401346,100 174.86882855702942,-36.91001528887504,100 174.86887094437495,-36.9100143983428,100 174.8689099465546,-36.91001231273524,100 174.8689618450448,-36.91001022065606,100 174.86900133212586,-36.910012045433575,100 174.8690421533638,-36.91000562193615,100 174.86909530776842,-36.910011621929826,100 174.86912445273896,-36.91001463243023,100 174.86915980592835,-36.91002284679,100 174.86919089571663,-36.910029385083746,100 174.8692271516233,-36.91003577175616,100 174.86926740806456,-36.91004244516409,100 174.869295482883,-36.91005513733907,100 174.86932110992115,-36.91009128888085,100 174.8693409484687,-36.910115336644935,100 174.86936452442217,-36.91014015659629,100 174.86938953780947,-36.910177881574334,100 174.86940839324708,-36.91022129077035,100 174.8694326632703,-36.91025325267109,100 174.86944717280124,-36.910273304917155,100 174.86947574229546,-36.910304417684415,100 174.86950030802274,-36.91033708786096,100 174.86952206846988,-36.91036509819391,100 174.86955446938438,-36.910391452038134,100 174.8695718135781,-36.91042559417112,100 174.86961176407158,-36.91046202400185,100 174.8696480128657,-36.91053049819594,100 174.86968674524223,-36.910583968635244,100 174.86968861144473,-36.91059291822153,100 174.86970074638552,-36.910646819996636,100 174.86973763661078,-36.91069733334008,100 174.869785983159,-36.91070586390969,100 174.86983287167348,-36.910669801996285,100 174.86985954082078,-36.91061355514728,100 174.8698832689981,-36.9105488875819,100 174.86990214230812,-36.91051390035934,100 174.86991006885205,-36.91049942200998,100 174.86994028479347,-36.91047089712943,100 174.86997567985227,-36.910437604722695,100 174.87001264918405,-36.910422313048244,100 174.87005477951047,-36.91040734929675,100 174.87009881896526,-36.91040231056538,100 174.870141691466,-36.910398205936346,100 174.87018651866316,-36.91039803181916,100 174.87023708698328,-36.91039978713744,100 174.87027150160893,-36.9104045792029,100 174.87030488734908,-36.91040198671008,100 174.87036662114673,-36.910406165547144,100 174.87040197051903,-36.91040589274883,100 174.87044107643055,-36.910403820324895,100 174.87047793272168,-36.91039847276496,100 174.87051878593056,-36.910393860812924,100 174.87055106153971,-36.910386625001976,100 174.8705701100493,-36.910378768300475,100 174.87057785058911,-36.91035736978691,100 174.87056653799164,-36.91034175410871,100 174.87050667033589,-36.91032464266426,100 174.8704235931585,-36.910302187753054,100 174.87038209301897,-36.910288535565485,100 174.8703115852228,-36.910272445142844,100 174.8702470267857,-36.91026221421819,100 174.8702009723737,-36.91024572962776,100 174.87014574899771,-36.910224510548275,100 174.8700856288293,-36.910205094580384,100 174.87004251633002,-36.91018033633909,100 174.86999841068564,-36.91014308157234,100 174.86996469994835,-36.91010339989887,100 174.86992613198976,-36.910059280873355,100 174.86989502290922,-36.91001734006289,100 174.86987958482152,-36.9099845893491,100 174.869854022883,-36.909934839566134,100 174.8698381513275,-36.90989306803264,100 174.869830516026,-36.90983290874995,100 174.869835020005,-36.9097927659764,100 174.86985411890376,-36.9097571866447,100 174.869883132962,-36.90970969526101,100 174.8699045725203,-36.90967114797029,100 174.86993872357877,-36.909626959253984,100 174.86997645561414,-36.909595066758556,100 174.87000524841986,-36.90956444526265,100 174.87001944092282,-36.90953156780765,100 174.87001116186684,-36.90950144980978,100 174.869984867807,-36.90946625530576,100 174.86995114493863,-36.90942610963097,100 174.86993484686994,-36.909393575258164,100 174.8699318659801,-36.90935473917147,100 174.86994142312633,-36.90932503976166,100 174.86995275788328,-36.90929004323532,100 174.86996437721513,-36.90925346311141,100 174.86996625017917,-36.90921768629835,100 174.86995912808348,-36.90918686687626,100 174.86994440346157,-36.909169126360354,100 174.8699043147254,-36.90915712282278,100 174.86986072289025,-36.90914920603784,100 174.86980798735163,-36.909138181225295,100 174.86975842673328,-36.90912373996796,100 174.869700648246,-36.90910135672656,100 174.86965067280335,-36.909074656766556,100 174.86961731258629,-36.90905183499639,100 174.86959461513308,-36.909027542051795,100 174.86957825335145,-36.90897721473191,100 174.86957241497942,-36.908936260441024,100 174.8695673507639,-36.90890292635655,100 174.86956257124365,-36.90886985187733,100 174.86956114581992,-36.90881876936513,100 174.86957017141677,-36.9087615898343,100 174.86957487514448,-36.9087449368741,100 174.8695757409059,-36.9087404932483,100 174.86959175696407,-36.9087195089186,100 174.86962214613135,-36.908674286206136,100 174.86964897984737,-36.908637673903755,100 174.86966540841584,-36.90859924429421,100 174.86968251931756,-36.908546973155936,100 174.86969285674573,-36.90849296093876,100 174.86968765352262,-36.90845122061366,100 174.86967717363305,-36.908417052440704,100 174.86965302649782,-36.90838256313664,100 174.86963545918277,-36.90834266416368,100 174.869630415618,-36.90829914030905,100 174.8696191237297,-36.90824959213593,100 174.8696120401984,-36.90820480158818,100 174.86960821449486,-36.90815898091914,100 174.86960648759322,-36.908126905719335,100 174.86960463167915,-36.90809326965793,100 174.8695968572287,-36.90806969358409,100 174.86957893970512,-36.90804054837736,100 174.86955339116292,-36.90800924294722,100 174.86954375763278,-36.9079911202899,100 174.86954935275193,-36.90797994955906,100 174.86956788755904,-36.90796711499484,100 174.86958455476568,-36.9079632942049,100 174.8696158470599,-36.907961976894086,100 174.86965254340896,-36.90795844467864,100 174.8696868484129,-36.90795276980016,100 174.869777538761,-36.90793892995319,100 174.86982751295702,-36.90792703618711,100 174.86990156350524,-36.907905866384255,100 174.8699539529614,-36.90789631492968,100 174.86999382774306,-36.90788303343953,100 174.87003272418139,-36.907859746443265,100 174.8700755061108,-36.907836315332275,100 174.87012000269405,-36.907805884580114,100 174.8701792608297,-36.90777214875902,100 174.87022476292753,-36.907755964652964,100 174.8702934006024,-36.90773279779197,100 174.8703387009462,-36.90771750011535,100 174.87040392121196,-36.907697148659196,100 174.8704466961063,-36.907681756417254,100 174.87049548388038,-36.90766049559262,100 174.87053932367223,-36.90764036181671,100 174.87057654883344,-36.907624988435096,100 174.870624772683,-36.90760398610604,100 174.8706607755621,-36.90758686716162,100 174.87069520466824,-36.90757493306293,100 174.8707405649194,-36.90756053290896,100 174.87079087343335,-36.9075334398923,100 174.87082246904163,-36.90750935099837,100 174.87085813413572,-36.90747973958651,100 174.87087695523238,-36.90745506775757,100 174.8709037748205,-36.90742246718351,100 174.87092693623876,-36.90739270120351,100 174.8709485192207,-36.90735630382239,100 174.87095814671272,-36.90733180655271,100 174.8709809182909,-36.90730427837663,100 174.8710054446007,-36.90727447285337,100 174.87102526111198,-36.90724437828988,100 174.87105614154117,-36.907198234439306,100 174.87108559684089,-36.907159500267014,100 174.871113917787,-36.907120368449405,100 174.87113619705545,-36.907089967375434,100 174.87115823249667,-36.907067825346076,100 174.87118628185547,-36.90703274021907,100 174.8712156743719,-36.90698909840522,100 174.8712419788673,-36.906948932965065,100 174.87127289240226,-36.90690723205445,100 174.87129247458662,-36.90687426141566,100 174.87131033308776,-36.90684787144389,100 174.87134315013773,-36.90680943485475,100 174.87134911325313,-36.90680360127927,100 174.8713802024207,-36.90677547869231,100 174.87140898611645,-36.90675419560239,100 174.87144921483767,-36.90672585237321,100 174.871481522898,-36.906705128432954,100 174.87151860701948,-36.90668263113304,100 174.8715603018102,-36.906663121153585,100 174.8716063440829,-36.906637527227126,100 174.8716602983353,-36.90661360763633,100 174.87169463259144,-36.906593636759354,100 174.87171190967072,-36.906580343085096,100 174.87172929349362,-36.90657297932543,100 174.87175899558227,-36.90655883456894,100 174.87177314894265,-36.906550907013155,100 174.8718232030822,-36.90652851075919,100 174.87186643242578,-36.90650759566335,100 174.87189377070416,-36.906493631439304,100 174.8719309777249,-36.90646735463556,100 174.87196682104033,-36.90644695520274,100 174.87199731452998,-36.90642689605814,100 174.87203246810327,-36.9064007786757,100 174.87209456395908,-36.90634151501431,100 174.87213512855686,-36.90630443245345,100 174.87217521720308,-36.90628245542402,100 174.8722086520572,-36.90625031180557,100 174.87224092194882,-36.906217895415296,100 174.87227354301825,-36.906176705421395,100 174.87231009573816,-36.90614796198305,100 174.87234720320777,-36.90611996689851,100 174.87238510607148,-36.90608677035321,100 174.87242414170595,-36.9060616687354,100 174.87245896151694,-36.90603857682042,100 174.87249499236384,-36.90601484389013,100 174.87253694287227,-36.905990760740956,100 174.87257726660638,-36.9059704689487,100 174.87261500162788,-36.90594840990765,100 174.8726605694058,-36.905925750553614,100 174.87271037049055,-36.905884355353336,100 174.87277862405068,-36.90585283067064,100 174.87289788870302,-36.90581329457765,100 174.87303025236278,-36.9057703259583,100 174.87318007402942,-36.90572598404098,100 174.87336774598418,-36.90567156842069,100 174.8735807249131,-36.90561121466689,100 174.8737777835968,-36.90553688884837,100 174.87389680241668,-36.90549661295111,100 174.87409880096766,-36.90545164222669,100 174.87426040223065,-36.90542806430465,100 174.8743911151165,-36.90541690083425,100 174.8745128859449,-36.9054152169459,100 174.87458829116508,-36.90541621341336,100 174.8746556648189,-36.905432201200455,100 174.87475252582544,-36.90543452724674,100 174.87484860872502,-36.9054406456396,100 174.87496434417898,-36.90544210212595,100 174.87501793337094,-36.905436771139556,100 174.87513576226897,-36.90545112206398,100 174.87527765696737,-36.90545453841432,100 174.87540137689027,-36.9054552663212,100 174.87558723706454,-36.90544332896725,100 174.87574823782646,-36.90539240880933,100 174.87588764923055,-36.90532944256951,100 174.87593230129056,-36.90530555982351,100 174.8759523330026,-36.90526432523267,100 174.87596421579025,-36.90522736813463,100 174.87597160172416,-36.90519931591559,100 174.8759669645171,-36.905169723967944,100 174.8759746408577,-36.905138956887924,100 174.87598179578836,-36.90511453343169,100 174.87597811239576,-36.90509015858947,100 174.87598029132528,-36.90508312090498,100 174.87600937082502,-36.905088887011225,100 174.87620599122133,-36.90512786743754,100 174.87665148176794,-36.905216132139856,100 174.87719606521944,-36.90532402625609,100 174.8775208409638,-36.905388370908476,100 174.87778742367357,-36.905441168568025,100 174.87815117088542,-36.90551322712795,100 174.87842037902422,-36.905566550569695,100 174.87878553502378,-36.905638892237974,100 174.8791450082241,-36.90571009328477,100 174.87949959816837,-36.90578035562378,100 174.8798648420822,-36.90585267722912,100 174.88021039436603,-36.90592112821394,100 174.8805500195093,-36.905988365118816,100 174.8806877026689,-36.906015668080116,100 174.8806177130186,-36.906256520431896,100 174.88054832382758,-36.90649528658876,100 174.8810272507344,-36.90657088699382,100 174.88107105854692,-36.9065778345532,100 174.881424467622,-36.906633648075065,100 174.88176049650582,-36.90668668043758,100 174.88169837730905,-36.90700167205859,100 174.8820802069902,-36.907058535803074,100 174.88205992762914,-36.90714927221305,100 174.882403733475,-36.90721740638037,100 174.88241036612825,-36.90719162895004,100 174.88250968322012,-36.906804901682285,100 174.88264730103816,-36.90682845478417,100 174.8828303414537,-36.90685979520061,100 174.88275425848377,-36.90718760643696,100 174.88273434727267,-36.90727338075511,100 174.88275277256596,-36.90727705537701,100 174.88286934144887,-36.9073002478713,100 174.88320708885198,-36.90736741759029,100 174.88351733717798,-36.90742913503141,100 174.8835350672447,-36.907432650206985,100 174.88351752049067,-36.90748953138355,100 174.88373664830533,-36.90753310941714,100 174.8837110498739,-36.90760801944378,100 174.88423042635645,-36.90757771087442,100 174.88423943909893,-36.9076589228247,100 174.88442821980598,-36.907577227976084,100 174.8846423327648,-36.90789636059083,100 174.88472384576272,-36.90786108099374,100 174.88484813925473,-36.90772966903222,100 174.884868512676,-36.90765720495928,100 174.88511303511555,-36.90762790318191,100</coordinates></LinearRing></outerBoundaryIs>
    </Polygon>
  </Placemark>

  <Placemark>
    <name>Pakuranga</name>
    <Point>
      <altitudeMode>relativeToGround</altitudeMode>
      <coordinates>174.87279977088352,-36.914511654126564,100</coordinates>
    </Point>
  </Placemark>

</Document>
</kml>